{"type":"FeatureCollection","features":[{"type":"Feature","properties":{"date":"2019-02-12","label":"12 Feb","yday":43,"tier":"day","major":false},"geometry":{"type":"MultiLineString","coordinates":[[[-82.025,26.794],[-81.975,26.796],[-81.925,26.798],[-81.875,26.802],[-81.825,26.806],[-81.791,26.809]],[[-81.541,26.841],[-81.525,26.843],[-81.475,26.851],[-81.444,26.856]]]}},{"type":"Feature","properties":{"date":"2019-02-13","label":"13 Feb","yday":44,"tier":"day","major":false},"geometry":{"type":"MultiLineString","coordinates":[[[-82.425,27.111],[-82.375,27.113],[-82.325,27.115],[-82.275,27.116],[-82.225,27.118],[-82.175,27.12],[-82.125,27.122],[-82.075,27.125],[-82.075,27.125],[-82.025,27.128],[-81.975,27.133],[-81.925,27.137],[-81.875,27.143],[-81.825,27.149],[-81.775,27.156],[-81.725,27.164],[-81.675,27.171],[-81.653,27.175],[-81.625,27.18],[-81.575,27.189],[-81.525,27.198],[-81.475,27.207],[-81.425,27.217],[-81.386,27.225],[-81.375,27.227],[-81.325,27.238],[-81.275,27.249],[-81.225,27.261],[-81.179,27.271]]]}},{"type":"Feature","properties":{"date":"2019-02-14","label":"14 Feb","yday":45,"tier":"index","major":true},"geometry":{"type":"MultiLineString","coordinates":[[[-82.585,27.435],[-82.575,27.436],[-82.525,27.444],[-82.475,27.452],[-82.425,27.46],[-82.375,27.468],[-82.328,27.475],[-82.325,27.476],[-82.275,27.483],[-82.225,27.491],[-82.175,27.499],[-82.125,27.507],[-82.075,27.516],[-82.025,27.525],[-82.023,27.525],[-81.975,27.534],[-81.925,27.544],[-81.875,27.554],[-81.825,27.565],[-81.783,27.575],[-81.775,27.577],[-81.725,27.589],[-81.675,27.603],[-81.625,27.617],[-81.598,27.625],[-81.575,27.632],[-81.525,27.648],[-81.475,27.665],[-81.448,27.675],[-81.425,27.683],[-81.375,27.703],[-81.325,27.723],[-81.32,27.725],[-81.275,27.744],[-81.225,27.767],[-81.207,27.775],[-81.175,27.79],[-81.125,27.814],[-81.103,27.825],[-81.075,27.839],[-81.025,27.864],[-81.005,27.875],[-80.975,27.89],[-80.925,27.917],[-80.919,27.919]]]}},{"type":"Feature","properties":{"date":"2019-02-15","label":"15 Feb","yday":46,"tier":"day","major":false},"geometry":{"type":"MultiLineString","coordinates":[[[-82.667,27.725],[-82.625,27.736]],[[-82.375,27.8],[-82.325,27.812],[-82.275,27.824],[-82.27,27.825],[-82.225,27.836],[-82.175,27.849],[-82.125,27.862],[-82.078,27.875],[-82.075,27.876],[-82.025,27.89],[-81.975,27.904],[-81.925,27.918],[-81.902,27.925],[-81.875,27.933],[-81.825,27.949],[-81.775,27.966],[-81.751,27.975],[-81.725,27.985],[-81.675,28.004],[-81.625,28.025],[-81.624,28.025],[-81.575,28.045],[-81.525,28.066],[-81.504,28.075],[-81.475,28.087],[-81.425,28.108],[-81.387,28.125],[-81.375,28.13],[-81.325,28.151],[-81.275,28.172],[-81.269,28.175],[-81.225,28.193],[-81.175,28.214],[-81.149,28.225],[-81.125,28.235],[-81.075,28.255],[-81.029,28.275],[-81.025,28.277],[-80.975,28.297]]]}},{"type":"Feature","properties":{"date":"2019-02-16","label":"16 Feb","yday":47,"tier":"day","major":false},"geometry":{"type":"MultiLineString","coordinates":[[[-82.803,27.953],[-82.775,27.961],[-82.725,27.975]],[[-82.607,28.007],[-82.575,28.016],[-82.544,28.025],[-82.525,28.03],[-82.475,28.044],[-82.425,28.057],[-82.375,28.071],[-82.362,28.075],[-82.325,28.085],[-82.275,28.1],[-82.225,28.115],[-82.191,28.125],[-82.175,28.13],[-82.125,28.146],[-82.075,28.162],[-82.036,28.175],[-82.025,28.179],[-81.975,28.195],[-81.925,28.213],[-81.892,28.225],[-81.875,28.231],[-81.825,28.249],[-81.775,28.268],[-81.758,28.275],[-81.725,28.287],[-81.675,28.307],[-81.629,28.325],[-81.625,28.327],[-81.575,28.346],[-81.525,28.365],[-81.499,28.375],[-81.475,28.384],[-81.425,28.402],[-81.375,28.42],[-81.361,28.425],[-81.325,28.438],[-81.275,28.456],[-81.225,28.474],[-81.222,28.475],[-81.175,28.492],[-81.125,28.51],[-81.083,28.525],[-81.075,28.528],[-81.025,28.545]]]}},{"type":"Feature","properties":{"date":"2019-02-17","label":"17 Feb","yday":48,"tier":"day","major":false},"geometry":{"type":"MultiLineString","coordinates":[[[-82.74,28.21],[-82.725,28.214],[-82.683,28.225],[-82.675,28.227],[-82.625,28.24],[-82.575,28.253],[-82.525,28.266],[-82.493,28.275],[-82.475,28.28],[-82.425,28.294],[-82.375,28.309],[-82.325,28.324],[-82.32,28.325],[-82.275,28.339],[-82.225,28.355],[-82.175,28.372],[-82.165,28.375],[-82.125,28.389],[-82.075,28.406],[-82.025,28.424],[-82.021,28.425],[-81.975,28.441],[-81.925,28.46],[-81.883,28.475],[-81.875,28.478],[-81.825,28.496],[-81.775,28.515],[-81.748,28.525],[-81.725,28.533],[-81.675,28.552],[-81.625,28.57],[-81.611,28.575],[-81.575,28.588],[-81.525,28.606],[-81.475,28.623],[-81.47,28.625],[-81.425,28.641],[-81.375,28.658],[-81.325,28.675],[-81.324,28.675],[-81.275,28.691],[-81.225,28.708],[-81.175,28.724],[-81.171,28.725],[-81.125,28.74],[-81.075,28.755]]]}},{"type":"Feature","properties":{"date":"2019-02-18","label":"18 Feb","yday":49,"tier":"day","major":false},"geometry":{"type":"MultiLineString","coordinates":[[[-82.625,28.471],[-82.61,28.475],[-82.575,28.484],[-82.525,28.497],[-82.475,28.51],[-82.425,28.525],[-82.424,28.525],[-82.375,28.54],[-82.325,28.556],[-82.275,28.572],[-82.266,28.575],[-82.225,28.589],[-82.175,28.606],[-82.125,28.624],[-82.121,28.625],[-82.075,28.642],[-82.025,28.66],[-81.982,28.675],[-81.975,28.678],[-81.925,28.696],[-81.875,28.714],[-81.844,28.725],[-81.825,28.732],[-81.775,28.75],[-81.725,28.768],[-81.704,28.775],[-81.675,28.785],[-81.625,28.803],[-81.575,28.82],[-81.561,28.825],[-81.525,28.837],[-81.475,28.854],[-81.425,28.869],[-81.407,28.875],[-81.375,28.885],[-81.325,28.9],[-81.275,28.915],[-81.239,28.925],[-81.225,28.929],[-81.175,28.943],[-81.125,28.956],[-81.075,28.969],[-81.049,28.975],[-81.025,28.981]]]}},{"type":"Feature","properties":{"date":"2019-02-19","label":"19 Feb","yday":50,"tier":"five","major":false},"geometry":{"type":"MultiLineString","coordinates":[[[-82.625,28.715],[-82.588,28.725],[-82.575,28.728],[-82.525,28.742],[-82.475,28.757],[-82.425,28.771],[-82.412,28.775],[-82.375,28.786],[-82.325,28.802],[-82.275,28.819],[-82.259,28.825],[-82.225,28.837],[-82.175,28.856],[-82.125,28.874],[-82.122,28.875],[-82.075,28.892],[-82.025,28.91],[-81.983,28.925],[-81.975,28.928],[-81.925,28.945],[-81.875,28.963],[-81.838,28.975],[-81.825,28.98],[-81.775,28.996],[-81.725,29.013],[-81.686,29.025],[-81.675,29.029],[-81.625,29.044],[-81.575,29.059],[-81.525,29.073],[-81.519,29.075],[-81.475,29.087],[-81.425,29.101],[-81.375,29.114],[-81.33,29.125],[-81.325,29.126],[-81.275,29.138],[-81.225,29.15],[-81.175,29.161],[-81.125,29.172],[-81.111,29.175],[-81.075,29.183],[-81.025,29.193],[-80.998,29.198]]]}},{"type":"Feature","properties":{"date":"2019-02-20","label":"20 Feb","yday":51,"tier":"day","major":false},"geometry":{"type":"MultiLineString","coordinates":[[[-82.708,28.958],[-82.675,28.968],[-82.65,28.975],[-82.625,28.983],[-82.575,28.999],[-82.525,29.015],[-82.494,29.025],[-82.475,29.031],[-82.425,29.048],[-82.375,29.066],[-82.348,29.075],[-82.325,29.083],[-82.275,29.101],[-82.225,29.118],[-82.205,29.125],[-82.175,29.135],[-82.125,29.152],[-82.075,29.168],[-82.053,29.175],[-82.025,29.184],[-81.975,29.199],[-81.925,29.214],[-81.886,29.225],[-81.875,29.228],[-81.825,29.242],[-81.775,29.255],[-81.725,29.268],[-81.698,29.275],[-81.675,29.281],[-81.625,29.293],[-81.575,29.304],[-81.525,29.315],[-81.48,29.325],[-81.475,29.326],[-81.425,29.336],[-81.375,29.346],[-81.325,29.356],[-81.275,29.365],[-81.225,29.374],[-81.221,29.375],[-81.175,29.383],[-81.125,29.392],[-81.097,29.397]]]}},{"type":"Feature","properties":{"date":"2019-02-21","label":"21 Feb","yday":52,"tier":"day","major":false},"geometry":{"type":"MultiLineString","coordinates":[[[-82.882,29.182],[-82.875,29.185],[-82.825,29.202],[-82.775,29.219],[-82.756,29.225],[-82.725,29.236],[-82.675,29.253],[-82.625,29.271],[-82.613,29.275],[-82.575,29.288],[-82.525,29.306],[-82.475,29.323],[-82.471,29.325],[-82.425,29.341],[-82.375,29.358],[-82.325,29.374],[-82.323,29.375],[-82.275,29.391],[-82.225,29.406],[-82.175,29.421],[-82.161,29.425],[-82.125,29.435],[-82.075,29.449],[-82.025,29.462],[-81.975,29.474],[-81.97,29.475],[-81.925,29.485],[-81.875,29.496],[-81.825,29.507],[-81.775,29.517],[-81.73,29.525],[-81.725,29.526],[-81.675,29.535],[-81.625,29.543],[-81.575,29.551],[-81.525,29.559],[-81.475,29.566],[-81.425,29.573],[-81.411,29.575],[-81.375,29.58],[-81.325,29.586],[-81.275,29.593],[-81.225,29.599],[-81.202,29.602]]]}},{"type":"Feature","properties":{"date":"2019-02-22","label":"22 Feb","yday":53,"tier":"day","major":false},"geometry":{"type":"MultiLineString","coordinates":[[[-83.164,29.364],[-83.134,29.375],[-83.125,29.378],[-83.075,29.396],[-83.025,29.414],[-82.995,29.425],[-82.975,29.432],[-82.925,29.451],[-82.875,29.469],[-82.859,29.475],[-82.825,29.487],[-82.775,29.506],[-82.725,29.524],[-82.723,29.525],[-82.675,29.543],[-82.625,29.561],[-82.585,29.575],[-82.575,29.579],[-82.525,29.596],[-82.475,29.613],[-82.439,29.625],[-82.425,29.63],[-82.375,29.646],[-82.325,29.661],[-82.277,29.675],[-82.275,29.676],[-82.225,29.689],[-82.175,29.701],[-82.125,29.713],[-82.075,29.724],[-82.07,29.725],[-82.025,29.734],[-81.975,29.743],[-81.925,29.752],[-81.875,29.76],[-81.825,29.768],[-81.775,29.774],[-81.769,29.775],[-81.725,29.78],[-81.675,29.786],[-81.625,29.791],[-81.575,29.795],[-81.525,29.799],[-81.475,29.803],[-81.425,29.807],[-81.375,29.81],[-81.325,29.814],[-81.275,29.818]]]}},{"type":"Feature","properties":{"date":"2019-02-23","label":"23 Feb","yday":54,"tier":"day","major":false},"geometry":{"type":"MultiLineString","coordinates":[[[-83.375,29.561],[-83.337,29.575],[-83.325,29.579],[-83.275,29.598],[-83.225,29.617],[-83.203,29.625],[-83.175,29.636],[-83.125,29.655],[-83.075,29.674],[-83.071,29.675],[-83.025,29.693],[-82.975,29.712],[-82.94,29.725],[-82.925,29.731],[-82.875,29.75],[-82.825,29.768],[-82.807,29.775],[-82.775,29.787],[-82.725,29.805],[-82.675,29.823],[-82.668,29.825],[-82.625,29.84],[-82.575,29.857],[-82.525,29.873],[-82.518,29.875],[-82.475,29.888],[-82.425,29.903],[-82.375,29.918],[-82.347,29.925],[-82.325,29.931],[-82.275,29.943],[-82.225,29.955],[-82.175,29.966],[-82.132,29.975],[-82.125,29.976],[-82.075,29.986],[-82.025,29.994],[-81.975,30.002],[-81.925,30.009],[-81.875,30.015],[-81.825,30.021],[-81.78,30.025],[-81.775,30.025],[-81.725,30.029],[-81.675,30.032],[-81.625,30.034],[-81.575,30.036],[-81.525,30.037],[-81.475,30.037],[-81.425,30.038],[-81.375,30.038],[-81.339,30.039]]]}},{"type":"Feature","properties":{"date":"2019-02-24","label":"24 Feb","yday":55,"tier":"five","major":false},"geometry":{"type":"MultiLineString","coordinates":[[[-83.561,29.761],[-83.525,29.774],[-83.521,29.775],[-83.475,29.792],[-83.425,29.811],[-83.387,29.825],[-83.375,29.829],[-83.325,29.848],[-83.275,29.867],[-83.255,29.875],[-83.225,29.886],[-83.175,29.905],[-83.125,29.924],[-83.124,29.925],[-83.075,29.943],[-83.025,29.962],[-82.991,29.975],[-82.975,29.981],[-82.925,29.999],[-82.875,30.018],[-82.854,30.025],[-82.825,30.035],[-82.775,30.053],[-82.725,30.07],[-82.709,30.075],[-82.675,30.086],[-82.625,30.102],[-82.575,30.117],[-82.549,30.125],[-82.525,30.132],[-82.475,30.146],[-82.425,30.159],[-82.375,30.172],[-82.361,30.175],[-82.325,30.183],[-82.275,30.194],[-82.225,30.205],[-82.175,30.214],[-82.125,30.223],[-82.111,30.225],[-82.075,30.231],[-82.025,30.238],[-81.975,30.244],[-81.925,30.25],[-81.875,30.255],[-81.825,30.259],[-81.775,30.262],[-81.725,30.265],[-81.675,30.266],[-81.625,30.266],[-81.575,30.266],[-81.525,30.264],[-81.475,30.263],[-81.425,30.261],[-81.411,30.261]]]}},{"type":"Feature","properties":{"date":"2019-02-25","label":"25 Feb","yday":56,"tier":"day","major":false},"geometry":{"type":"MultiLineString","coordinates":[[[-83.717,29.967],[-83.696,29.975],[-83.675,29.982],[-83.625,29.999],[-83.575,30.017],[-83.552,30.025],[-83.525,30.035],[-83.475,30.053],[-83.425,30.071],[-83.413,30.075],[-83.375,30.089],[-83.325,30.107],[-83.277,30.125],[-83.275,30.126],[-83.225,30.144],[-83.175,30.163],[-83.141,30.175],[-83.125,30.181],[-83.075,30.199],[-83.025,30.217],[-83.002,30.225],[-82.975,30.234],[-82.925,30.252],[-82.875,30.269],[-82.856,30.275],[-82.825,30.285],[-82.775,30.301],[-82.725,30.316],[-82.697,30.325],[-82.675,30.331],[-82.625,30.346],[-82.575,30.359],[-82.525,30.372],[-82.514,30.375],[-82.475,30.385],[-82.425,30.396],[-82.375,30.407],[-82.325,30.417],[-82.282,30.425],[-82.275,30.426],[-82.225,30.435],[-82.175,30.442],[-82.125,30.449],[-82.075,30.455],[-82.025,30.461],[-81.975,30.465],[-81.925,30.469],[-81.875,30.472],[-81.825,30.474],[-81.804,30.475],[-81.775,30.476],[-81.725,30.477],[-81.675,30.477],[-81.625,30.476],[-81.605,30.475],[-81.575,30.474],[-81.525,30.472],[-81.475,30.47],[-81.47,30.47]]]}},{"type":"Feature","properties":{"date":"2019-02-26","label":"26 Feb","yday":57,"tier":"day","major":false},"geometry":{"type":"MultiLineString","coordinates":[[[-85.419,29.969],[-85.375,29.966],[-85.325,29.962],[-85.275,29.959],[-85.225,29.956],[-85.175,29.953],[-85.125,29.952],[-85.075,29.951],[-85.025,29.952],[-84.975,29.954],[-84.925,29.958],[-84.875,29.963],[-84.825,29.969],[-84.777,29.975],[-84.775,29.975],[-84.725,29.983],[-84.675,29.991],[-84.625,30.0],[-84.575,30.009],[-84.525,30.018],[-84.491,30.025],[-84.475,30.028],[-84.425,30.038],[-84.375,30.049],[-84.344,30.056]],[[-84.191,30.091],[-84.175,30.095],[-84.149,30.101]],[[-84.055,30.125],[-84.025,30.133],[-83.975,30.146],[-83.925,30.16],[-83.875,30.174],[-83.871,30.175],[-83.825,30.188],[-83.775,30.203],[-83.725,30.218],[-83.704,30.225],[-83.675,30.234],[-83.625,30.25],[-83.575,30.266],[-83.548,30.275],[-83.525,30.282],[-83.475,30.299],[-83.425,30.316],[-83.399,30.325],[-83.375,30.333],[-83.325,30.35],[-83.275,30.368],[-83.254,30.375],[-83.225,30.385],[-83.175,30.402],[-83.125,30.419],[-83.108,30.425],[-83.075,30.436],[-83.025,30.453],[-82.975,30.469],[-82.956,30.475],[-82.925,30.485],[-82.875,30.5],[-82.825,30.515],[-82.792,30.525],[-82.775,30.53],[-82.725,30.544],[-82.675,30.557],[-82.625,30.57],[-82.605,30.575],[-82.575,30.582],[-82.525,30.594],[-82.475,30.604],[-82.425,30.615],[-82.375,30.624],[-82.369,30.625],[-82.325,30.632],[-82.275,30.64],[-82.225,30.647],[-82.175,30.653],[-82.125,30.658],[-82.075,30.663],[-82.025,30.666],[-81.975,30.669],[-81.925,30.671],[-81.875,30.672],[-81.825,30.673],[-81.775,30.673],[-81.725,30.672],[-81.675,30.671],[-81.625,30.67],[-81.575,30.668],[-81.525,30.666],[-81.475,30.663]]]}},{"type":"Feature","properties":{"date":"2019-02-27","label":"27 Feb","yday":58,"tier":"day","major":false},"geometry":{"type":"MultiLineString","coordinates":[[[-85.905,30.255],[-85.875,30.259],[-85.861,30.261]],[[-85.679,30.279],[-85.675,30.279],[-85.625,30.283],[-85.575,30.287],[-85.525,30.289],[-85.475,30.291],[-85.425,30.292],[-85.375,30.293],[-85.325,30.293],[-85.275,30.293],[-85.225,30.293],[-85.175,30.293],[-85.125,30.292],[-85.075,30.292],[-85.025,30.293],[-84.975,30.293],[-84.925,30.294],[-84.875,30.295],[-84.825,30.297],[-84.775,30.299],[-84.725,30.302],[-84.675,30.305],[-84.625,30.308],[-84.575,30.312],[-84.525,30.316],[-84.475,30.321],[-84.433,30.325],[-84.425,30.326],[-84.375,30.331],[-84.325,30.337],[-84.275,30.344],[-84.225,30.351],[-84.175,30.359],[-84.125,30.368],[-84.084,30.375],[-84.075,30.377],[-84.025,30.386],[-83.975,30.396],[-83.925,30.406],[-83.875,30.418],[-83.844,30.425],[-83.825,30.429],[-83.775,30.442],[-83.725,30.454],[-83.675,30.468],[-83.65,30.475],[-83.625,30.482],[-83.575,30.496],[-83.525,30.512],[-83.481,30.525],[-83.475,30.527],[-83.425,30.543],[-83.375,30.558],[-83.325,30.575],[-83.324,30.575],[-83.275,30.591],[-83.225,30.607],[-83.175,30.623],[-83.167,30.625],[-83.125,30.638],[-83.075,30.654],[-83.025,30.669],[-83.004,30.675],[-82.975,30.683],[-82.925,30.698],[-82.875,30.711],[-82.826,30.725],[-82.825,30.725],[-82.775,30.738],[-82.725,30.751],[-82.675,30.763],[-82.625,30.775],[-82.625,30.775],[-82.575,30.786],[-82.525,30.797],[-82.475,30.807],[-82.425,30.816],[-82.375,30.824],[-82.371,30.825],[-82.325,30.832],[-82.275,30.839],[-82.225,30.845],[-82.175,30.849],[-82.125,30.854],[-82.075,30.857],[-82.025,30.859],[-81.975,30.86],[-81.925,30.861],[-81.875,30.861],[-81.825,30.861],[-81.775,30.86],[-81.725,30.858],[-81.675,30.856],[-81.625,30.854],[-81.575,30.851],[-81.525,30.848],[-81.475,30.846]]]}},{"type":"Feature","properties":{"date":"2019-02-28","label":"28 Feb","yday":59,"tier":"day","major":false},"geometry":{"type":"MultiLineString","coordinates":[[[-86.186,30.486],[-86.175,30.489],[-86.125,30.503],[-86.075,30.515],[-86.033,30.525],[-86.025,30.527],[-85.975,30.538],[-85.925,30.548],[-85.875,30.558],[-85.825,30.566],[-85.775,30.575],[-85.772,30.575],[-85.725,30.582],[-85.675,30.588],[-85.625,30.594],[-85.575,30.598],[-85.525,30.602],[-85.475,30.606],[-85.425,30.608],[-85.375,30.61],[-85.325,30.611],[-85.275,30.612],[-85.225,30.612],[-85.175,30.612],[-85.125,30.612],[-85.075,30.611],[-85.025,30.611],[-84.975,30.61],[-84.925,30.609],[-84.875,30.607],[-84.825,30.606],[-84.775,30.605],[-84.725,30.603],[-84.675,30.602],[-84.625,30.601],[-84.575,30.6],[-84.525,30.599],[-84.475,30.599],[-84.425,30.599],[-84.375,30.599],[-84.325,30.6],[-84.275,30.601],[-84.225,30.603],[-84.175,30.606],[-84.125,30.61],[-84.075,30.614],[-84.025,30.619],[-83.977,30.625],[-83.975,30.625],[-83.925,30.632],[-83.875,30.64],[-83.825,30.649],[-83.775,30.659],[-83.725,30.67],[-83.703,30.675],[-83.675,30.681],[-83.625,30.694],[-83.575,30.707],[-83.525,30.721],[-83.511,30.725],[-83.475,30.735],[-83.425,30.749],[-83.375,30.764],[-83.338,30.775],[-83.325,30.779],[-83.275,30.793],[-83.225,30.808],[-83.175,30.822],[-83.166,30.825],[-83.125,30.836],[-83.075,30.85],[-83.025,30.863],[-82.979,30.875],[-82.975,30.876],[-82.925,30.888],[-82.875,30.901],[-82.825,30.913],[-82.777,30.925],[-82.775,30.926],[-82.725,30.937],[-82.675,30.949],[-82.625,30.961],[-82.575,30.972],[-82.559,30.975],[-82.525,30.982],[-82.475,30.992],[-82.425,31.001],[-82.375,31.01],[-82.325,31.017],[-82.275,31.024],[-82.266,31.025],[-82.225,31.029],[-82.175,31.034],[-82.125,31.038],[-82.075,31.04],[-82.025,31.042],[-81.975,31.043],[-81.925,31.043],[-81.875,31.042],[-81.825,31.041],[-81.775,31.039],[-81.725,31.037],[-81.675,31.034],[-81.625,31.031],[-81.575,31.027],[-81.537,31.025],[-81.525,31.024],[-81.479,31.021]]]}},{"type":"Feature","properties":{"date":"2019-03-01","label":"1 Mar","yday":60,"tier":"index","major":true},"geometry":{"type":"MultiLineString","coordinates":[[[-87.81,30.36],[-87.775,30.365],[-87.725,30.373],[-87.711,30.375],[-87.675,30.38],[-87.625,30.388],[-87.575,30.395],[-87.525,30.402],[-87.475,30.409],[-87.435,30.415]],[[-87.33,30.43],[-87.325,30.431],[-87.275,30.438],[-87.225,30.445],[-87.202,30.448]],[[-86.945,30.495],[-86.925,30.5],[-86.875,30.513],[-86.833,30.525],[-86.825,30.527],[-86.775,30.543],[-86.725,30.56],[-86.681,30.575],[-86.675,30.577],[-86.625,30.596],[-86.575,30.615],[-86.55,30.625],[-86.525,30.635],[-86.475,30.655],[-86.425,30.675],[-86.425,30.675],[-86.375,30.695],[-86.325,30.714],[-86.296,30.725],[-86.275,30.733],[-86.225,30.751],[-86.175,30.768],[-86.151,30.775],[-86.125,30.783],[-86.075,30.797],[-86.025,30.81],[-85.975,30.822],[-85.962,30.825],[-85.925,30.833],[-85.875,30.842],[-85.825,30.85],[-85.775,30.857],[-85.725,30.864],[-85.675,30.869],[-85.625,30.873],[-85.604,30.875],[-85.575,30.877],[-85.525,30.88],[-85.475,30.882],[-85.425,30.883],[-85.375,30.884],[-85.325,30.884],[-85.275,30.884],[-85.225,30.883],[-85.175,30.882],[-85.125,30.881],[-85.075,30.88],[-85.025,30.878],[-84.975,30.876],[-84.944,30.875],[-84.925,30.874],[-84.875,30.872],[-84.825,30.869],[-84.775,30.867],[-84.725,30.864],[-84.675,30.861],[-84.625,30.857],[-84.575,30.853],[-84.525,30.849],[-84.475,30.846],[-84.425,30.842],[-84.375,30.839],[-84.325,30.836],[-84.275,30.833],[-84.225,30.831],[-84.175,30.83],[-84.125,30.829],[-84.075,30.83],[-84.025,30.831],[-83.975,30.833],[-83.925,30.837],[-83.875,30.842],[-83.825,30.849],[-83.775,30.857],[-83.725,30.867],[-83.685,30.875],[-83.675,30.877],[-83.625,30.888],[-83.575,30.9],[-83.525,30.912],[-83.475,30.924],[-83.473,30.925],[-83.425,30.937],[-83.375,30.95],[-83.325,30.962],[-83.277,30.975],[-83.275,30.975],[-83.225,30.988],[-83.175,31.0],[-83.125,31.012],[-83.075,31.023],[-83.068,31.025],[-83.025,31.035],[-82.975,31.046],[-82.925,31.058],[-82.875,31.069],[-82.851,31.075],[-82.825,31.081],[-82.775,31.093],[-82.725,31.104],[-82.675,31.116],[-82.638,31.125],[-82.625,31.128],[-82.575,31.139],[-82.525,31.151],[-82.475,31.161],[-82.425,31.172],[-82.406,31.175],[-82.375,31.181],[-82.325,31.188],[-82.275,31.195],[-82.225,31.201],[-82.175,31.206],[-82.125,31.21],[-82.075,31.213],[-82.025,31.216],[-81.975,31.217],[-81.925,31.218],[-81.875,31.218],[-81.825,31.217],[-81.775,31.215],[-81.725,31.212],[-81.675,31.209],[-81.625,31.206],[-81.575,31.202],[-81.525,31.198],[-81.475,31.194],[-81.457,31.193]],[[-81.39,31.19],[-81.375,31.189],[-81.361,31.189]]]}},{"type":"Feature","properties":{"date":"2019-03-02","label":"2 Mar","yday":61,"tier":"day","major":false},"geometry":{"type":"MultiLineString","coordinates":[[[-88.521,30.371],[-88.502,30.375],[-88.475,30.381],[-88.425,30.393],[-88.402,30.398]],[[-88.282,30.425],[-88.275,30.427],[-88.225,30.437],[-88.175,30.448],[-88.125,30.459]],[[-87.896,30.504],[-87.875,30.508],[-87.825,30.517],[-87.784,30.525],[-87.775,30.527],[-87.725,30.536],[-87.675,30.545],[-87.625,30.553],[-87.575,30.562],[-87.525,30.571],[-87.501,30.575],[-87.475,30.579],[-87.425,30.588],[-87.375,30.597],[-87.325,30.605],[-87.275,30.614],[-87.225,30.623],[-87.217,30.625],[-87.175,30.633],[-87.125,30.643],[-87.075,30.655],[-87.025,30.668],[-87.0,30.675],[-86.975,30.683],[-86.925,30.701],[-86.875,30.72],[-86.863,30.725],[-86.825,30.741],[-86.775,30.764],[-86.75,30.775],[-86.725,30.787],[-86.675,30.81],[-86.644,30.825],[-86.625,30.834],[-86.575,30.858],[-86.539,30.875],[-86.525,30.882],[-86.475,30.905],[-86.431,30.925],[-86.425,30.928],[-86.375,30.949],[-86.325,30.969],[-86.308,30.975],[-86.275,30.986],[-86.225,31.002],[-86.175,31.017],[-86.143,31.025],[-86.125,31.03],[-86.075,31.041],[-86.025,31.051],[-85.975,31.06],[-85.925,31.069],[-85.883,31.075],[-85.875,31.076],[-85.825,31.082],[-85.775,31.088],[-85.725,31.093],[-85.675,31.096],[-85.625,31.099],[-85.575,31.101],[-85.525,31.103],[-85.475,31.104],[-85.425,31.104],[-85.375,31.104],[-85.325,31.103],[-85.275,31.102],[-85.225,31.101],[-85.175,31.099],[-85.125,31.097],[-85.075,31.095],[-85.025,31.093],[-84.975,31.091],[-84.925,31.088],[-84.875,31.085],[-84.825,31.083],[-84.775,31.079],[-84.725,31.076],[-84.708,31.075],[-84.675,31.073],[-84.625,31.069],[-84.575,31.064],[-84.525,31.06],[-84.475,31.055],[-84.425,31.05],[-84.375,31.046],[-84.325,31.042],[-84.275,31.038],[-84.225,31.035],[-84.175,31.032],[-84.125,31.03],[-84.075,31.029],[-84.025,31.028],[-83.975,31.029],[-83.925,31.03],[-83.875,31.034],[-83.825,31.038],[-83.775,31.044],[-83.725,31.051],[-83.675,31.059],[-83.625,31.067],[-83.582,31.075],[-83.575,31.076],[-83.525,31.085],[-83.475,31.095],[-83.425,31.105],[-83.375,31.115],[-83.327,31.125],[-83.325,31.125],[-83.275,31.136],[-83.225,31.146],[-83.175,31.156],[-83.125,31.166],[-83.084,31.175],[-83.075,31.177],[-83.025,31.187],[-82.975,31.198],[-82.925,31.208],[-82.875,31.22],[-82.852,31.225],[-82.825,31.231],[-82.775,31.243],[-82.725,31.254],[-82.675,31.267],[-82.64,31.275],[-82.625,31.279],[-82.575,31.291],[-82.525,31.302],[-82.475,31.313],[-82.425,31.324],[-82.421,31.325],[-82.375,31.334],[-82.325,31.342],[-82.275,31.35],[-82.225,31.357],[-82.175,31.364],[-82.125,31.37],[-82.075,31.375],[-82.071,31.375],[-82.025,31.379],[-81.975,31.382],[-81.925,31.385],[-81.875,31.387],[-81.825,31.388],[-81.775,31.388],[-81.725,31.387],[-81.675,31.386],[-81.625,31.384],[-81.575,31.382],[-81.525,31.379],[-81.475,31.376],[-81.458,31.375],[-81.425,31.373],[-81.379,31.371]]]}},{"type":"Feature","properties":{"date":"2019-03-03","label":"3 Mar","yday":62,"tier":"day","major":false},"geometry":{"type":"MultiLineString","coordinates":[[[-89.76,30.26],[-89.725,30.265],[-89.675,30.272],[-89.651,30.275],[-89.625,30.279],[-89.575,30.285],[-89.525,30.293],[-89.475,30.3],[-89.425,30.307],[-89.387,30.313]],[[-89.311,30.325],[-89.275,30.331],[-89.225,30.339],[-89.207,30.343]],[[-89.043,30.375],[-89.025,30.379]],[[-88.828,30.428],[-88.825,30.428],[-88.775,30.441],[-88.725,30.454],[-88.675,30.467],[-88.646,30.475],[-88.625,30.481],[-88.575,30.494],[-88.525,30.507],[-88.475,30.52],[-88.454,30.525],[-88.425,30.532],[-88.375,30.545],[-88.325,30.557],[-88.275,30.57],[-88.254,30.575],[-88.225,30.582],[-88.175,30.594],[-88.125,30.606],[-88.084,30.616]],[[-87.925,30.651],[-87.875,30.662],[-87.825,30.673],[-87.816,30.675],[-87.775,30.684],[-87.725,30.695],[-87.675,30.705],[-87.625,30.716],[-87.585,30.725],[-87.575,30.727],[-87.525,30.738],[-87.475,30.749],[-87.425,30.76],[-87.375,30.772],[-87.362,30.775],[-87.325,30.784],[-87.275,30.796],[-87.225,30.809],[-87.175,30.824],[-87.17,30.825],[-87.125,30.839],[-87.075,30.856],[-87.027,30.875],[-87.025,30.876],[-86.975,30.896],[-86.925,30.919],[-86.912,30.925],[-86.875,30.942],[-86.825,30.966],[-86.807,30.975],[-86.775,30.991],[-86.725,31.015],[-86.705,31.025],[-86.675,31.039],[-86.625,31.063],[-86.598,31.075],[-86.575,31.085],[-86.525,31.107],[-86.482,31.125],[-86.475,31.128],[-86.425,31.146],[-86.375,31.164],[-86.339,31.175],[-86.325,31.179],[-86.275,31.192],[-86.225,31.204],[-86.175,31.215],[-86.125,31.225],[-86.125,31.225],[-86.075,31.233],[-86.025,31.241],[-85.975,31.248],[-85.925,31.255],[-85.875,31.261],[-85.825,31.266],[-85.775,31.271],[-85.729,31.275],[-85.725,31.275],[-85.675,31.278],[-85.625,31.28],[-85.575,31.281],[-85.525,31.282],[-85.475,31.283],[-85.425,31.283],[-85.375,31.282],[-85.325,31.282],[-85.275,31.28],[-85.225,31.279],[-85.175,31.277],[-85.125,31.276],[-85.113,31.275],[-85.075,31.273],[-85.025,31.271],[-84.975,31.268],[-84.925,31.265],[-84.875,31.262],[-84.825,31.259],[-84.775,31.256],[-84.725,31.252],[-84.675,31.248],[-84.625,31.245],[-84.575,31.241],[-84.525,31.237],[-84.475,31.233],[-84.425,31.229],[-84.377,31.225],[-84.375,31.225],[-84.325,31.221],[-84.275,31.217],[-84.225,31.214],[-84.175,31.211],[-84.125,31.209],[-84.075,31.207],[-84.025,31.206],[-83.975,31.206],[-83.925,31.207],[-83.875,31.208],[-83.825,31.211],[-83.775,31.214],[-83.725,31.218],[-83.675,31.223],[-83.66,31.225],[-83.625,31.229],[-83.575,31.235],[-83.525,31.242],[-83.475,31.249],[-83.425,31.256],[-83.375,31.264],[-83.325,31.273],[-83.311,31.275],[-83.275,31.281],[-83.225,31.289],[-83.175,31.298],[-83.125,31.307],[-83.075,31.316],[-83.031,31.325],[-83.025,31.326],[-82.975,31.336],[-82.925,31.346],[-82.875,31.357],[-82.825,31.368],[-82.794,31.375],[-82.775,31.379],[-82.725,31.391],[-82.675,31.404],[-82.625,31.416],[-82.588,31.425],[-82.575,31.428],[-82.525,31.44],[-82.475,31.452],[-82.425,31.463],[-82.375,31.473],[-82.366,31.475],[-82.325,31.483],[-82.275,31.492],[-82.225,31.501],[-82.175,31.51],[-82.125,31.517],[-82.075,31.525],[-82.073,31.525],[-82.025,31.531],[-81.975,31.537],[-81.925,31.543],[-81.875,31.547],[-81.825,31.551],[-81.775,31.554],[-81.725,31.556],[-81.675,31.558],[-81.625,31.558],[-81.575,31.558],[-81.525,31.557],[-81.475,31.556],[-81.425,31.554],[-81.375,31.551],[-81.325,31.548],[-81.275,31.545],[-81.225,31.541],[-81.175,31.536]]]}},{"type":"Feature","properties":{"date":"2019-03-04","label":"4 Mar","yday":63,"tier":"day","major":false},"geometry":{"type":"MultiLineString","coordinates":[[[-89.989,30.339],[-89.975,30.341],[-89.925,30.348],[-89.875,30.355],[-89.825,30.362],[-89.775,30.37],[-89.738,30.375],[-89.725,30.377],[-89.675,30.384],[-89.625,30.392],[-89.575,30.399],[-89.525,30.407],[-89.475,30.415],[-89.425,30.423],[-89.413,30.425],[-89.375,30.431],[-89.325,30.44],[-89.275,30.449],[-89.225,30.459],[-89.175,30.469],[-89.145,30.475],[-89.125,30.479],[-89.075,30.491],[-89.025,30.503],[-88.975,30.515],[-88.939,30.525],[-88.925,30.529],[-88.875,30.542],[-88.825,30.555],[-88.775,30.569],[-88.754,30.575],[-88.725,30.583],[-88.675,30.597],[-88.625,30.611],[-88.575,30.625],[-88.575,30.625],[-88.525,30.639],[-88.475,30.653],[-88.425,30.667],[-88.395,30.675],[-88.375,30.68],[-88.325,30.694],[-88.275,30.708],[-88.225,30.721],[-88.211,30.725],[-88.175,30.735],[-88.125,30.748],[-88.075,30.761],[-88.025,30.773],[-88.019,30.775],[-87.975,30.786],[-87.925,30.799],[-87.875,30.812],[-87.825,30.824],[-87.823,30.825],[-87.775,30.837],[-87.725,30.85],[-87.675,30.863],[-87.631,30.875],[-87.625,30.877],[-87.575,30.89],[-87.525,30.904],[-87.475,30.919],[-87.453,30.925],[-87.425,30.933],[-87.375,30.949],[-87.325,30.965],[-87.295,30.975],[-87.275,30.982],[-87.225,31.0],[-87.175,31.019],[-87.159,31.025],[-87.125,31.039],[-87.075,31.059],[-87.039,31.075],[-87.025,31.081],[-86.975,31.103],[-86.927,31.125],[-86.925,31.126],[-86.875,31.148],[-86.825,31.171],[-86.816,31.175],[-86.775,31.193],[-86.725,31.214],[-86.699,31.225],[-86.675,31.235],[-86.625,31.254],[-86.575,31.273],[-86.571,31.275],[-86.525,31.291],[-86.475,31.307],[-86.425,31.322],[-86.416,31.325],[-86.375,31.336],[-86.325,31.347],[-86.275,31.357],[-86.225,31.367],[-86.176,31.375],[-86.175,31.375],[-86.125,31.383],[-86.075,31.389],[-86.025,31.396],[-85.975,31.402],[-85.925,31.407],[-85.875,31.412],[-85.825,31.417],[-85.775,31.421],[-85.725,31.424],[-85.71,31.425],[-85.675,31.427],[-85.625,31.429],[-85.575,31.431],[-85.525,31.432],[-85.475,31.433],[-85.425,31.433],[-85.375,31.433],[-85.325,31.432],[-85.275,31.432],[-85.225,31.431],[-85.175,31.429],[-85.125,31.427],[-85.075,31.425],[-85.065,31.425],[-85.025,31.423],[-84.975,31.421],[-84.925,31.418],[-84.875,31.415],[-84.825,31.412],[-84.775,31.408],[-84.725,31.405],[-84.675,31.401],[-84.625,31.398],[-84.575,31.394],[-84.525,31.391],[-84.475,31.387],[-84.425,31.384],[-84.375,31.38],[-84.325,31.377],[-84.291,31.375],[-84.275,31.374],[-84.225,31.371],[-84.175,31.368],[-84.125,31.366],[-84.075,31.364],[-84.025,31.362],[-83.975,31.361],[-83.925,31.361],[-83.875,31.362],[-83.825,31.363],[-83.775,31.364],[-83.725,31.367],[-83.675,31.37],[-83.625,31.374],[-83.615,31.375],[-83.575,31.378],[-83.525,31.383],[-83.475,31.389],[-83.425,31.395],[-83.375,31.401],[-83.325,31.408],[-83.275,31.415],[-83.225,31.422],[-83.207,31.425],[-83.175,31.43],[-83.125,31.438],[-83.075,31.446],[-83.025,31.455],[-82.975,31.464],[-82.925,31.474],[-82.921,31.475],[-82.875,31.484],[-82.825,31.495],[-82.775,31.507],[-82.725,31.519],[-82.703,31.525],[-82.675,31.532],[-82.625,31.544],[-82.575,31.557],[-82.525,31.569],[-82.499,31.575],[-82.475,31.581],[-82.425,31.592],[-82.375,31.604],[-82.325,31.615],[-82.276,31.625],[-82.275,31.625],[-82.225,31.635],[-82.175,31.645],[-82.125,31.655],[-82.075,31.664],[-82.025,31.672],[-82.009,31.675],[-81.975,31.68],[-81.925,31.688],[-81.875,31.695],[-81.825,31.701],[-81.775,31.706],[-81.725,31.711],[-81.675,31.715],[-81.625,31.718],[-81.575,31.72],[-81.525,31.721],[-81.475,31.721],[-81.425,31.72],[-81.375,31.718],[-81.325,31.715],[-81.275,31.711],[-81.225,31.706]]]}},{"type":"Feature","properties":{"date":"2019-03-05","label":"5 Mar","yday":64,"tier":"day","major":false},"geometry":{"type":"MultiLineString","coordinates":[[[-90.126,30.426],[-90.125,30.426],[-90.075,30.434],[-90.025,30.442],[-89.975,30.449],[-89.925,30.457],[-89.875,30.465],[-89.825,30.472],[-89.807,30.475],[-89.775,30.48],[-89.725,30.488],[-89.675,30.496],[-89.625,30.504],[-89.575,30.512],[-89.525,30.52],[-89.498,30.525],[-89.475,30.529],[-89.425,30.538],[-89.375,30.547],[-89.325,30.557],[-89.275,30.567],[-89.237,30.575],[-89.225,30.578],[-89.175,30.589],[-89.125,30.6],[-89.075,30.612],[-89.026,30.625],[-89.025,30.625],[-88.975,30.638],[-88.925,30.652],[-88.875,30.666],[-88.842,30.675],[-88.825,30.68],[-88.775,30.694],[-88.725,30.709],[-88.675,30.723],[-88.669,30.725],[-88.625,30.738],[-88.575,30.753],[-88.525,30.768],[-88.5,30.775],[-88.475,30.782],[-88.425,30.797],[-88.375,30.812],[-88.33,30.825],[-88.325,30.827],[-88.275,30.841],[-88.225,30.856],[-88.175,30.87],[-88.158,30.875],[-88.125,30.885],[-88.075,30.899],[-88.025,30.913],[-87.985,30.925],[-87.975,30.928],[-87.925,30.942],[-87.875,30.957],[-87.825,30.972],[-87.814,30.975],[-87.775,30.987],[-87.725,31.002],[-87.675,31.017],[-87.651,31.025],[-87.625,31.033],[-87.575,31.049],[-87.525,31.066],[-87.499,31.075],[-87.475,31.083],[-87.425,31.101],[-87.375,31.119],[-87.36,31.125],[-87.325,31.138],[-87.275,31.158],[-87.233,31.175],[-87.225,31.178],[-87.175,31.199],[-87.125,31.22],[-87.114,31.225],[-87.075,31.241],[-87.025,31.262],[-86.995,31.275],[-86.975,31.283],[-86.925,31.304],[-86.875,31.324],[-86.872,31.325],[-86.825,31.343],[-86.775,31.361],[-86.738,31.375],[-86.725,31.379],[-86.675,31.396],[-86.625,31.412],[-86.585,31.425],[-86.575,31.428],[-86.525,31.442],[-86.475,31.455],[-86.425,31.467],[-86.387,31.475],[-86.375,31.478],[-86.325,31.487],[-86.275,31.496],[-86.225,31.504],[-86.175,31.511],[-86.125,31.518],[-86.075,31.524],[-86.065,31.525],[-86.025,31.529],[-85.975,31.534],[-85.925,31.539],[-85.875,31.543],[-85.825,31.547],[-85.775,31.551],[-85.725,31.554],[-85.675,31.557],[-85.625,31.559],[-85.575,31.561],[-85.525,31.563],[-85.475,31.564],[-85.425,31.565],[-85.375,31.565],[-85.325,31.565],[-85.275,31.565],[-85.225,31.564],[-85.175,31.563],[-85.125,31.562],[-85.075,31.56],[-85.025,31.558],[-84.975,31.555],[-84.925,31.553],[-84.875,31.55],[-84.825,31.547],[-84.775,31.544],[-84.725,31.54],[-84.675,31.537],[-84.625,31.534],[-84.575,31.53],[-84.525,31.527],[-84.491,31.525],[-84.475,31.524],[-84.425,31.521],[-84.375,31.518],[-84.325,31.515],[-84.275,31.512],[-84.225,31.509],[-84.175,31.507],[-84.125,31.504],[-84.075,31.502],[-84.025,31.5],[-83.975,31.499],[-83.925,31.498],[-83.875,31.498],[-83.825,31.498],[-83.775,31.499],[-83.725,31.5],[-83.675,31.503],[-83.625,31.505],[-83.575,31.509],[-83.525,31.512],[-83.475,31.517],[-83.425,31.522],[-83.394,31.525],[-83.375,31.527],[-83.325,31.533],[-83.275,31.539],[-83.225,31.546],[-83.175,31.553],[-83.125,31.56],[-83.075,31.569],[-83.038,31.575],[-83.025,31.577],[-82.975,31.586],[-82.925,31.596],[-82.875,31.606],[-82.825,31.617],[-82.792,31.625],[-82.775,31.629],[-82.725,31.641],[-82.675,31.653],[-82.625,31.665],[-82.585,31.675],[-82.575,31.678],[-82.525,31.69],[-82.475,31.702],[-82.425,31.714],[-82.38,31.725],[-82.375,31.726],[-82.325,31.738],[-82.275,31.749],[-82.225,31.761],[-82.175,31.772],[-82.16,31.775],[-82.125,31.782],[-82.075,31.793],[-82.025,31.803],[-81.975,31.812],[-81.925,31.821],[-81.903,31.825],[-81.875,31.83],[-81.825,31.837],[-81.775,31.845],[-81.725,31.851],[-81.675,31.857],[-81.625,31.861],[-81.575,31.865],[-81.525,31.867],[-81.475,31.868],[-81.425,31.867],[-81.375,31.866],[-81.325,31.863],[-81.275,31.86],[-81.225,31.855],[-81.175,31.85],[-81.125,31.843],[-81.088,31.838]]]}},{"type":"Feature","properties":{"date":"2019-03-06","label":"6 Mar","yday":65,"tier":"five","major":false},"geometry":{"type":"MultiLineString","coordinates":[[[-90.881,30.431],[-90.875,30.432],[-90.825,30.438],[-90.775,30.445],[-90.725,30.451],[-90.675,30.457],[-90.625,30.463],[-90.575,30.469],[-90.529,30.475],[-90.525,30.476],[-90.475,30.482],[-90.425,30.489],[-90.375,30.496],[-90.325,30.503],[-90.275,30.511],[-90.225,30.518],[-90.182,30.525],[-90.175,30.526],[-90.125,30.534],[-90.075,30.542],[-90.025,30.55],[-89.975,30.557],[-89.925,30.565],[-89.875,30.573],[-89.865,30.575],[-89.825,30.581],[-89.775,30.59],[-89.725,30.598],[-89.675,30.606],[-89.625,30.615],[-89.575,30.624],[-89.569,30.625],[-89.525,30.633],[-89.475,30.642],[-89.425,30.652],[-89.375,30.662],[-89.325,30.673],[-89.314,30.675],[-89.275,30.684],[-89.225,30.695],[-89.175,30.707],[-89.125,30.719],[-89.102,30.725],[-89.075,30.732],[-89.025,30.745],[-88.975,30.759],[-88.925,30.773],[-88.918,30.775],[-88.875,30.787],[-88.825,30.802],[-88.775,30.817],[-88.748,30.825],[-88.725,30.832],[-88.675,30.847],[-88.625,30.862],[-88.584,30.875],[-88.575,30.878],[-88.525,30.893],[-88.475,30.909],[-88.425,30.924],[-88.423,30.925],[-88.375,30.94],[-88.325,30.956],[-88.275,30.971],[-88.263,30.975],[-88.225,30.987],[-88.175,31.002],[-88.125,31.018],[-88.103,31.025],[-88.075,31.034],[-88.025,31.05],[-87.975,31.066],[-87.946,31.075],[-87.925,31.082],[-87.875,31.098],[-87.825,31.114],[-87.793,31.125],[-87.775,31.131],[-87.725,31.148],[-87.675,31.166],[-87.648,31.175],[-87.625,31.183],[-87.575,31.201],[-87.525,31.22],[-87.511,31.225],[-87.475,31.239],[-87.425,31.258],[-87.382,31.275],[-87.375,31.278],[-87.325,31.298],[-87.275,31.318],[-87.258,31.325],[-87.225,31.339],[-87.175,31.359],[-87.137,31.375],[-87.125,31.38],[-87.075,31.4],[-87.025,31.419],[-87.01,31.425],[-86.975,31.438],[-86.925,31.455],[-86.875,31.473],[-86.869,31.475],[-86.825,31.489],[-86.775,31.505],[-86.725,31.521],[-86.711,31.525],[-86.675,31.535],[-86.625,31.549],[-86.575,31.562],[-86.525,31.574],[-86.521,31.575],[-86.475,31.585],[-86.425,31.595],[-86.375,31.604],[-86.325,31.613],[-86.275,31.62],[-86.241,31.625],[-86.225,31.627],[-86.175,31.633],[-86.125,31.639],[-86.075,31.644],[-86.025,31.649],[-85.975,31.654],[-85.925,31.658],[-85.875,31.662],[-85.825,31.666],[-85.775,31.67],[-85.725,31.673],[-85.686,31.675],[-85.675,31.676],[-85.625,31.678],[-85.575,31.68],[-85.525,31.682],[-85.475,31.683],[-85.425,31.684],[-85.375,31.685],[-85.325,31.686],[-85.275,31.686],[-85.225,31.685],[-85.175,31.684],[-85.125,31.683],[-85.075,31.682],[-85.025,31.68],[-84.975,31.677],[-84.925,31.675],[-84.925,31.675],[-84.875,31.672],[-84.825,31.669],[-84.775,31.666],[-84.725,31.663],[-84.675,31.659],[-84.625,31.656],[-84.575,31.653],[-84.525,31.65],[-84.475,31.646],[-84.425,31.643],[-84.375,31.64],[-84.325,31.638],[-84.275,31.635],[-84.225,31.632],[-84.175,31.63],[-84.125,31.628],[-84.075,31.625],[-84.062,31.625],[-84.025,31.624],[-83.975,31.622],[-83.925,31.621],[-83.875,31.621],[-83.825,31.62],[-83.775,31.621],[-83.725,31.622],[-83.675,31.624],[-83.642,31.625],[-83.625,31.626],[-83.575,31.628],[-83.525,31.631],[-83.475,31.635],[-83.425,31.639],[-83.375,31.644],[-83.325,31.649],[-83.275,31.655],[-83.225,31.662],[-83.175,31.668],[-83.131,31.675],[-83.125,31.676],[-83.075,31.684],[-83.025,31.692],[-82.975,31.701],[-82.925,31.711],[-82.875,31.721],[-82.858,31.725],[-82.825,31.732],[-82.775,31.743],[-82.725,31.755],[-82.675,31.767],[-82.642,31.775],[-82.625,31.779],[-82.575,31.791],[-82.525,31.804],[-82.475,31.816],[-82.441,31.825],[-82.425,31.829],[-82.375,31.841],[-82.325,31.854],[-82.275,31.866],[-82.238,31.875],[-82.225,31.878],[-82.175,31.89],[-82.125,31.901],[-82.075,31.912],[-82.025,31.923],[-82.017,31.925],[-81.975,31.934],[-81.925,31.944],[-81.875,31.953],[-81.825,31.962],[-81.775,31.97],[-81.738,31.975],[-81.725,31.977],[-81.675,31.983],[-81.625,31.988],[-81.575,31.992],[-81.525,31.995],[-81.475,31.997],[-81.425,31.997],[-81.375,31.996],[-81.325,31.995],[-81.275,31.992],[-81.225,31.988],[-81.175,31.984],[-81.125,31.977],[-81.108,31.975],[-81.075,31.97],[-81.025,31.962],[-80.975,31.953],[-80.952,31.948]]]}},{"type":"Feature","properties":{"date":"2019-03-07","label":"7 Mar","yday":66,"tier":"day","major":false},"geometry":{"type":"MultiLineString","coordinates":[[[-94.636,29.636],[-94.625,29.639],[-94.575,29.654],[-94.525,29.67],[-94.509,29.675],[-94.475,29.686],[-94.459,29.691]],[[-91.017,30.525],[-90.975,30.53],[-90.925,30.536],[-90.875,30.542],[-90.825,30.548],[-90.775,30.554],[-90.725,30.56],[-90.675,30.566],[-90.625,30.572],[-90.596,30.575],[-90.575,30.577],[-90.525,30.583],[-90.475,30.59],[-90.425,30.596],[-90.375,30.603],[-90.325,30.611],[-90.275,30.618],[-90.23,30.625],[-90.225,30.626],[-90.175,30.634],[-90.125,30.641],[-90.075,30.649],[-90.025,30.657],[-89.975,30.666],[-89.925,30.674],[-89.917,30.675],[-89.875,30.682],[-89.825,30.69],[-89.775,30.699],[-89.725,30.708],[-89.675,30.717],[-89.63,30.725],[-89.625,30.726],[-89.575,30.735],[-89.525,30.745],[-89.475,30.755],[-89.425,30.765],[-89.38,30.775],[-89.375,30.776],[-89.325,30.787],[-89.275,30.799],[-89.225,30.811],[-89.175,30.823],[-89.168,30.825],[-89.125,30.836],[-89.075,30.85],[-89.025,30.863],[-88.984,30.875],[-88.975,30.877],[-88.925,30.892],[-88.875,30.907],[-88.825,30.922],[-88.815,30.925],[-88.775,30.937],[-88.725,30.953],[-88.675,30.969],[-88.655,30.975],[-88.625,30.985],[-88.575,31.001],[-88.525,31.017],[-88.499,31.025],[-88.475,31.033],[-88.425,31.049],[-88.375,31.066],[-88.346,31.075],[-88.325,31.082],[-88.275,31.099],[-88.225,31.115],[-88.195,31.125],[-88.175,31.132],[-88.125,31.148],[-88.075,31.165],[-88.047,31.175],[-88.025,31.182],[-87.975,31.199],[-87.925,31.217],[-87.901,31.225],[-87.875,31.234],[-87.825,31.252],[-87.775,31.27],[-87.761,31.275],[-87.725,31.288],[-87.675,31.306],[-87.626,31.325],[-87.625,31.325],[-87.575,31.344],[-87.525,31.363],[-87.495,31.375],[-87.475,31.383],[-87.425,31.402],[-87.375,31.422],[-87.368,31.425],[-87.325,31.442],[-87.275,31.462],[-87.241,31.475],[-87.225,31.481],[-87.175,31.5],[-87.125,31.519],[-87.11,31.525],[-87.075,31.538],[-87.025,31.555],[-86.975,31.572],[-86.967,31.575],[-86.925,31.588],[-86.875,31.604],[-86.825,31.619],[-86.806,31.625],[-86.775,31.634],[-86.725,31.647],[-86.675,31.66],[-86.625,31.673],[-86.615,31.675],[-86.575,31.684],[-86.525,31.694],[-86.475,31.704],[-86.425,31.713],[-86.375,31.721],[-86.35,31.725],[-86.325,31.729],[-86.275,31.735],[-86.225,31.741],[-86.175,31.746],[-86.125,31.751],[-86.075,31.756],[-86.025,31.76],[-85.975,31.764],[-85.925,31.768],[-85.875,31.772],[-85.84,31.775],[-85.825,31.776],[-85.775,31.779],[-85.725,31.783],[-85.675,31.785],[-85.625,31.788],[-85.575,31.79],[-85.525,31.792],[-85.475,31.793],[-85.425,31.795],[-85.375,31.796],[-85.325,31.796],[-85.275,31.796],[-85.225,31.796],[-85.175,31.796],[-85.125,31.795],[-85.075,31.793],[-85.025,31.791],[-84.975,31.789],[-84.925,31.787],[-84.875,31.784],[-84.825,31.781],[-84.775,31.778],[-84.725,31.775],[-84.725,31.775],[-84.675,31.772],[-84.625,31.768],[-84.575,31.765],[-84.525,31.762],[-84.475,31.758],[-84.425,31.755],[-84.375,31.752],[-84.325,31.749],[-84.275,31.747],[-84.225,31.744],[-84.175,31.742],[-84.125,31.74],[-84.075,31.738],[-84.025,31.736],[-83.975,31.735],[-83.925,31.734],[-83.875,31.733],[-83.825,31.733],[-83.775,31.733],[-83.725,31.734],[-83.675,31.735],[-83.625,31.737],[-83.575,31.739],[-83.525,31.742],[-83.475,31.745],[-83.425,31.749],[-83.375,31.754],[-83.325,31.759],[-83.275,31.764],[-83.225,31.77],[-83.191,31.775],[-83.175,31.777],[-83.125,31.784],[-83.075,31.792],[-83.025,31.8],[-82.975,31.809],[-82.925,31.819],[-82.896,31.825],[-82.875,31.829],[-82.825,31.84],[-82.775,31.851],[-82.725,31.862],[-82.675,31.874],[-82.673,31.875],[-82.625,31.887],[-82.575,31.899],[-82.525,31.912],[-82.475,31.925],[-82.473,31.925],[-82.425,31.937],[-82.375,31.95],[-82.325,31.963],[-82.278,31.975],[-82.275,31.976],[-82.225,31.988],[-82.175,32.0],[-82.125,32.013],[-82.075,32.024],[-82.072,32.025],[-82.025,32.036],[-81.975,32.047],[-81.925,32.057],[-81.875,32.067],[-81.831,32.075],[-81.825,32.076],[-81.775,32.084],[-81.725,32.092],[-81.675,32.098],[-81.625,32.104],[-81.575,32.108],[-81.525,32.111],[-81.475,32.113],[-81.425,32.114],[-81.375,32.114],[-81.325,32.113],[-81.275,32.11],[-81.225,32.107],[-81.175,32.102],[-81.125,32.097],[-81.075,32.09],[-81.025,32.083],[-80.979,32.075],[-80.975,32.074],[-80.925,32.065]]]}},{"type":"Feature","properties":{"date":"2019-03-08","label":"8 Mar","yday":67,"tier":"day","major":false},"geometry":{"type":"MultiLineString","coordinates":[[[-94.629,29.771],[-94.625,29.772],[-94.615,29.775]],[[-93.164,30.225],[-93.125,30.234],[-93.075,30.246],[-93.047,30.253]],[[-92.956,30.275],[-92.925,30.282],[-92.915,30.285]],[[-92.739,30.325],[-92.725,30.328],[-92.675,30.339],[-92.625,30.35],[-92.594,30.356]],[[-91.125,30.62],[-91.087,30.625],[-91.075,30.627],[-91.025,30.633],[-90.975,30.639],[-90.925,30.645],[-90.875,30.651],[-90.825,30.656],[-90.775,30.662],[-90.725,30.668],[-90.675,30.674],[-90.663,30.675],[-90.625,30.679],[-90.575,30.685],[-90.525,30.692],[-90.475,30.698],[-90.425,30.705],[-90.375,30.711],[-90.325,30.719],[-90.282,30.725],[-90.275,30.726],[-90.225,30.734],[-90.175,30.741],[-90.125,30.749],[-90.075,30.757],[-90.025,30.765],[-89.975,30.773],[-89.966,30.775],[-89.925,30.782],[-89.875,30.79],[-89.825,30.799],[-89.775,30.808],[-89.725,30.817],[-89.682,30.825],[-89.675,30.826],[-89.625,30.836],[-89.575,30.846],[-89.525,30.856],[-89.475,30.866],[-89.436,30.875],[-89.425,30.877],[-89.375,30.889],[-89.325,30.9],[-89.275,30.912],[-89.225,30.925],[-89.225,30.925],[-89.175,30.938],[-89.125,30.951],[-89.075,30.965],[-89.041,30.975],[-89.025,30.979],[-88.975,30.994],[-88.925,31.009],[-88.875,31.024],[-88.873,31.025],[-88.825,31.04],[-88.775,31.056],[-88.725,31.072],[-88.716,31.075],[-88.675,31.088],[-88.625,31.105],[-88.575,31.121],[-88.564,31.125],[-88.525,31.138],[-88.475,31.155],[-88.425,31.172],[-88.416,31.175],[-88.375,31.189],[-88.325,31.206],[-88.275,31.223],[-88.271,31.225],[-88.225,31.241],[-88.175,31.258],[-88.127,31.275],[-88.125,31.276],[-88.075,31.293],[-88.025,31.311],[-87.986,31.325],[-87.975,31.329],[-87.925,31.347],[-87.875,31.365],[-87.849,31.375],[-87.825,31.384],[-87.775,31.402],[-87.725,31.421],[-87.715,31.425],[-87.675,31.44],[-87.625,31.459],[-87.583,31.475],[-87.575,31.478],[-87.525,31.497],[-87.475,31.516],[-87.453,31.525],[-87.425,31.535],[-87.375,31.554],[-87.325,31.573],[-87.321,31.575],[-87.275,31.592],[-87.225,31.61],[-87.184,31.625],[-87.175,31.628],[-87.125,31.646],[-87.075,31.662],[-87.037,31.675],[-87.025,31.679],[-86.975,31.694],[-86.925,31.71],[-86.875,31.724],[-86.873,31.725],[-86.825,31.738],[-86.775,31.751],[-86.725,31.764],[-86.68,31.775],[-86.675,31.776],[-86.625,31.787],[-86.575,31.797],[-86.525,31.807],[-86.475,31.816],[-86.425,31.824],[-86.418,31.825],[-86.375,31.831],[-86.325,31.838],[-86.275,31.844],[-86.225,31.849],[-86.175,31.854],[-86.125,31.858],[-86.075,31.862],[-86.025,31.865],[-85.975,31.869],[-85.925,31.873],[-85.898,31.875],[-85.875,31.877],[-85.825,31.88],[-85.775,31.883],[-85.725,31.886],[-85.675,31.888],[-85.625,31.891],[-85.575,31.893],[-85.525,31.895],[-85.475,31.896],[-85.425,31.898],[-85.375,31.899],[-85.325,31.899],[-85.275,31.9],[-85.225,31.9],[-85.175,31.899],[-85.125,31.898],[-85.075,31.897],[-85.025,31.895],[-84.975,31.893],[-84.925,31.891],[-84.875,31.888],[-84.825,31.885],[-84.775,31.882],[-84.725,31.879],[-84.675,31.875],[-84.667,31.875],[-84.625,31.872],[-84.575,31.869],[-84.525,31.866],[-84.475,31.862],[-84.425,31.859],[-84.375,31.856],[-84.325,31.853],[-84.275,31.851],[-84.225,31.848],[-84.175,31.846],[-84.125,31.844],[-84.075,31.842],[-84.025,31.84],[-83.975,31.839],[-83.925,31.838],[-83.875,31.837],[-83.825,31.837],[-83.775,31.837],[-83.725,31.838],[-83.675,31.839],[-83.625,31.841],[-83.575,31.843],[-83.525,31.846],[-83.475,31.849],[-83.425,31.853],[-83.375,31.857],[-83.325,31.862],[-83.275,31.867],[-83.225,31.873],[-83.21,31.875],[-83.175,31.879],[-83.125,31.886],[-83.075,31.894],[-83.025,31.902],[-82.975,31.911],[-82.925,31.921],[-82.905,31.925],[-82.875,31.931],[-82.825,31.941],[-82.775,31.952],[-82.725,31.964],[-82.679,31.975],[-82.675,31.976],[-82.625,31.988],[-82.575,32.001],[-82.525,32.014],[-82.482,32.025],[-82.475,32.027],[-82.425,32.04],[-82.375,32.053],[-82.325,32.066],[-82.292,32.075],[-82.275,32.079],[-82.225,32.092],[-82.175,32.105],[-82.125,32.117],[-82.093,32.125],[-82.075,32.129],[-82.025,32.141],[-81.975,32.152],[-81.925,32.163],[-81.875,32.173],[-81.866,32.175],[-81.825,32.183],[-81.775,32.191],[-81.725,32.199],[-81.675,32.206],[-81.625,32.211],[-81.575,32.216],[-81.525,32.22],[-81.475,32.222],[-81.425,32.223],[-81.375,32.223],[-81.325,32.222],[-81.275,32.22],[-81.225,32.216],[-81.175,32.212],[-81.125,32.207],[-81.075,32.201],[-81.025,32.194],[-80.975,32.186],[-80.925,32.178],[-80.907,32.175],[-80.875,32.169],[-80.838,32.162]]]}},{"type":"Feature","properties":{"date":"2019-03-09","label":"9 Mar","yday":68,"tier":"day","major":false},"geometry":{"type":"MultiLineString","coordinates":[[[-94.206,30.025],[-94.175,30.035],[-94.16,30.04]],[[-94.056,30.075],[-94.025,30.085],[-94.01,30.09]],[[-93.542,30.242],[-93.525,30.247],[-93.475,30.262],[-93.429,30.275],[-93.425,30.276],[-93.375,30.29],[-93.325,30.303],[-93.275,30.316],[-93.238,30.325],[-93.225,30.328],[-93.175,30.341],[-93.125,30.353],[-93.075,30.366],[-93.037,30.375],[-93.025,30.378],[-92.975,30.39],[-92.925,30.402],[-92.875,30.413],[-92.825,30.425],[-92.825,30.425],[-92.775,30.436],[-92.725,30.447],[-92.675,30.458],[-92.625,30.468],[-92.591,30.475],[-92.575,30.478],[-92.525,30.488],[-92.475,30.498]],[[-91.214,30.714],[-91.175,30.72],[-91.136,30.725],[-91.125,30.726],[-91.075,30.733],[-91.025,30.739],[-90.975,30.745],[-90.925,30.751],[-90.875,30.757],[-90.825,30.763],[-90.775,30.769],[-90.725,30.775],[-90.722,30.775],[-90.675,30.781],[-90.625,30.787],[-90.575,30.793],[-90.525,30.799],[-90.475,30.806],[-90.425,30.812],[-90.375,30.819],[-90.334,30.825],[-90.325,30.826],[-90.275,30.834],[-90.225,30.841],[-90.175,30.849],[-90.125,30.857],[-90.075,30.865],[-90.025,30.873],[-90.012,30.875],[-89.975,30.881],[-89.925,30.89],[-89.875,30.898],[-89.825,30.907],[-89.775,30.917],[-89.73,30.925],[-89.725,30.926],[-89.675,30.936],[-89.625,30.945],[-89.575,30.956],[-89.525,30.966],[-89.484,30.975],[-89.475,30.977],[-89.425,30.988],[-89.375,31.0],[-89.325,31.012],[-89.275,31.025],[-89.274,31.025],[-89.225,31.038],[-89.175,31.051],[-89.125,31.065],[-89.09,31.075],[-89.075,31.079],[-89.025,31.094],[-88.975,31.109],[-88.925,31.125],[-88.925,31.125],[-88.875,31.141],[-88.825,31.157],[-88.775,31.173],[-88.77,31.175],[-88.725,31.19],[-88.675,31.207],[-88.625,31.224],[-88.621,31.225],[-88.575,31.241],[-88.525,31.258],[-88.476,31.275],[-88.475,31.275],[-88.425,31.293],[-88.375,31.31],[-88.334,31.325],[-88.325,31.328],[-88.275,31.346],[-88.225,31.364],[-88.193,31.375],[-88.175,31.382],[-88.125,31.4],[-88.075,31.418],[-88.055,31.425],[-88.025,31.436],[-87.975,31.454],[-87.925,31.473],[-87.919,31.475],[-87.875,31.491],[-87.825,31.51],[-87.785,31.525],[-87.775,31.529],[-87.725,31.547],[-87.675,31.566],[-87.651,31.575],[-87.625,31.585],[-87.575,31.603],[-87.525,31.622],[-87.517,31.625],[-87.475,31.641],[-87.425,31.659],[-87.381,31.675],[-87.375,31.677],[-87.325,31.695],[-87.275,31.713],[-87.239,31.725],[-87.225,31.73],[-87.175,31.746],[-87.125,31.763],[-87.086,31.775],[-87.075,31.779],[-87.025,31.794],[-86.975,31.808],[-86.925,31.823],[-86.917,31.825],[-86.875,31.836],[-86.825,31.849],[-86.775,31.862],[-86.725,31.874],[-86.718,31.875]],[[-86.141,31.959],[-86.125,31.96],[-86.075,31.963],[-86.025,31.967],[-85.975,31.97],[-85.925,31.973],[-85.895,31.975],[-85.875,31.976],[-85.825,31.979],[-85.775,31.982],[-85.725,31.984],[-85.675,31.986],[-85.625,31.988],[-85.575,31.99],[-85.525,31.992],[-85.475,31.993],[-85.425,31.994],[-85.375,31.995],[-85.325,31.996],[-85.275,31.996],[-85.225,31.996],[-85.175,31.996],[-85.125,31.995],[-85.075,31.994],[-85.025,31.992],[-84.975,31.99],[-84.925,31.988],[-84.875,31.985],[-84.825,31.982],[-84.775,31.979],[-84.725,31.976],[-84.712,31.975],[-84.675,31.973],[-84.625,31.969],[-84.575,31.966],[-84.525,31.963],[-84.475,31.959],[-84.425,31.956],[-84.375,31.953],[-84.325,31.951],[-84.275,31.948],[-84.225,31.945],[-84.175,31.943],[-84.125,31.941],[-84.075,31.939],[-84.025,31.938],[-83.975,31.937],[-83.925,31.936],[-83.875,31.935],[-83.825,31.935],[-83.775,31.936],[-83.725,31.936],[-83.675,31.937],[-83.625,31.939],[-83.575,31.941],[-83.525,31.944],[-83.475,31.947],[-83.425,31.95],[-83.375,31.954],[-83.325,31.959],[-83.275,31.964],[-83.225,31.97],[-83.186,31.975],[-83.175,31.976],[-83.125,31.983],[-83.075,31.991],[-83.025,31.999],[-82.975,32.008],[-82.925,32.017],[-82.886,32.025],[-82.875,32.027],[-82.825,32.038],[-82.775,32.049],[-82.725,32.06],[-82.675,32.072],[-82.664,32.075],[-82.625,32.085],[-82.575,32.097],[-82.525,32.11],[-82.475,32.124],[-82.471,32.125],[-82.425,32.137],[-82.375,32.151],[-82.325,32.164],[-82.284,32.175],[-82.275,32.177],[-82.225,32.19],[-82.175,32.203],[-82.125,32.216],[-82.089,32.225],[-82.075,32.228],[-82.025,32.24],[-81.975,32.252],[-81.925,32.263],[-81.875,32.274],[-81.868,32.275],[-81.825,32.283],[-81.775,32.292],[-81.725,32.3],[-81.675,32.307],[-81.625,32.313],[-81.575,32.318],[-81.525,32.322],[-81.475,32.324],[-81.446,32.325],[-81.425,32.326],[-81.375,32.326],[-81.342,32.325],[-81.325,32.325],[-81.275,32.323],[-81.225,32.32],[-81.175,32.316],[-81.125,32.311],[-81.075,32.306],[-81.025,32.299],[-80.975,32.292],[-80.925,32.285],[-80.875,32.277],[-80.863,32.275],[-80.825,32.269],[-80.788,32.262]]]}},{"type":"Feature","properties":{"date":"2019-03-10","label":"10 Mar","yday":69,"tier":"day","major":false},"geometry":{"type":"MultiLineString","coordinates":[[[-94.375,30.089],[-94.325,30.104],[-94.275,30.119],[-94.256,30.125],[-94.225,30.134],[-94.175,30.15],[-94.125,30.166],[-94.097,30.175],[-94.075,30.182],[-94.025,30.198],[-93.975,30.215],[-93.944,30.225],[-93.925,30.231],[-93.916,30.234]],[[-93.634,30.325],[-93.625,30.328],[-93.575,30.344],[-93.525,30.359],[-93.475,30.374],[-93.471,30.375],[-93.425,30.388],[-93.375,30.403],[-93.325,30.417],[-93.295,30.425],[-93.275,30.43],[-93.225,30.444],[-93.175,30.457],[-93.125,30.47],[-93.105,30.475],[-93.075,30.483],[-93.025,30.495],[-92.975,30.507],[-92.925,30.519],[-92.9,30.525],[-92.875,30.531],[-92.825,30.542],[-92.775,30.553],[-92.725,30.564],[-92.675,30.574],[-92.67,30.575],[-92.625,30.584],[-92.575,30.594],[-92.525,30.603],[-92.475,30.612],[-92.425,30.622]],[[-91.263,30.813],[-91.225,30.818],[-91.175,30.825],[-91.173,30.825],[-91.125,30.831],[-91.075,30.838],[-91.025,30.844],[-90.975,30.85],[-90.925,30.856],[-90.875,30.862],[-90.825,30.868],[-90.775,30.874],[-90.77,30.875],[-90.725,30.88],[-90.675,30.887],[-90.625,30.893],[-90.575,30.899],[-90.525,30.906],[-90.475,30.912],[-90.425,30.919],[-90.383,30.925],[-90.375,30.926],[-90.325,30.933],[-90.275,30.941],[-90.225,30.948],[-90.175,30.956],[-90.125,30.964],[-90.075,30.972],[-90.056,30.975],[-90.025,30.98],[-89.975,30.989],[-89.925,30.997],[-89.875,31.006],[-89.825,31.015],[-89.775,31.025],[-89.773,31.025],[-89.725,31.034],[-89.675,31.044],[-89.625,31.054],[-89.575,31.065],[-89.528,31.075],[-89.525,31.076],[-89.475,31.087],[-89.425,31.098],[-89.375,31.11],[-89.325,31.123],[-89.317,31.125],[-89.275,31.136],[-89.225,31.149],[-89.175,31.163],[-89.134,31.175],[-89.125,31.178],[-89.075,31.192],[-89.025,31.208],[-88.975,31.223],[-88.97,31.225],[-88.925,31.239],[-88.875,31.256],[-88.825,31.272],[-88.817,31.275],[-88.775,31.289],[-88.725,31.306],[-88.675,31.323],[-88.67,31.325],[-88.625,31.341],[-88.575,31.358],[-88.528,31.375],[-88.525,31.376],[-88.475,31.394],[-88.425,31.411],[-88.387,31.425],[-88.375,31.429],[-88.325,31.447],[-88.275,31.465],[-88.249,31.475],[-88.225,31.484],[-88.175,31.502],[-88.125,31.52],[-88.112,31.525],[-88.075,31.538],[-88.025,31.557],[-87.975,31.575],[-87.975,31.575],[-87.925,31.594],[-87.875,31.612],[-87.84,31.625],[-87.825,31.63],[-87.775,31.649],[-87.725,31.667],[-87.704,31.675],[-87.675,31.686],[-87.625,31.704],[-87.575,31.722],[-87.567,31.725],[-87.525,31.74],[-87.475,31.758],[-87.426,31.775],[-87.425,31.775],[-87.375,31.792],[-87.325,31.809],[-87.278,31.825],[-87.275,31.826],[-87.225,31.842],[-87.175,31.858],[-87.125,31.873],[-87.118,31.875],[-87.075,31.888],[-87.025,31.902],[-86.975,31.916],[-86.941,31.925]],[[-86.037,32.063],[-86.025,32.064],[-85.975,32.066],[-85.925,32.069],[-85.875,32.071],[-85.825,32.073],[-85.788,32.075]],[[-85.671,32.079],[-85.625,32.081],[-85.575,32.082],[-85.525,32.083],[-85.475,32.085],[-85.425,32.086],[-85.375,32.086],[-85.325,32.087],[-85.275,32.087],[-85.225,32.087],[-85.175,32.087],[-85.125,32.086],[-85.075,32.085],[-85.025,32.083],[-84.975,32.081],[-84.925,32.079],[-84.875,32.076],[-84.851,32.075],[-84.825,32.073],[-84.775,32.07],[-84.725,32.067],[-84.675,32.064],[-84.625,32.061],[-84.575,32.057],[-84.525,32.054],[-84.475,32.051],[-84.425,32.048],[-84.375,32.045],[-84.325,32.043],[-84.275,32.04],[-84.225,32.038],[-84.175,32.035],[-84.125,32.034],[-84.075,32.032],[-84.025,32.031],[-83.975,32.03],[-83.925,32.029],[-83.875,32.028],[-83.825,32.028],[-83.775,32.029],[-83.725,32.029],[-83.675,32.031],[-83.625,32.032],[-83.575,32.034],[-83.525,32.037],[-83.475,32.04],[-83.425,32.043],[-83.375,32.047],[-83.325,32.051],[-83.275,32.056],[-83.225,32.062],[-83.175,32.068],[-83.127,32.075],[-83.125,32.075],[-83.075,32.083],[-83.025,32.091],[-82.975,32.099],[-82.925,32.109],[-82.875,32.119],[-82.845,32.125],[-82.825,32.129],[-82.775,32.14],[-82.725,32.152],[-82.675,32.164],[-82.631,32.175],[-82.625,32.177],[-82.575,32.189],[-82.525,32.203],[-82.475,32.216],[-82.443,32.225],[-82.425,32.23],[-82.375,32.243],[-82.325,32.257],[-82.275,32.27],[-82.258,32.275],[-82.225,32.284],[-82.175,32.297],[-82.125,32.31],[-82.075,32.323],[-82.065,32.325],[-82.025,32.335],[-81.975,32.347],[-81.925,32.358],[-81.875,32.369],[-81.845,32.375],[-81.825,32.379],[-81.775,32.388],[-81.725,32.397],[-81.675,32.404],[-81.625,32.41],[-81.575,32.415],[-81.525,32.419],[-81.475,32.422],[-81.425,32.423],[-81.375,32.423],[-81.325,32.422],[-81.275,32.421],[-81.225,32.418],[-81.175,32.414],[-81.125,32.41],[-81.075,32.405],[-81.025,32.4],[-80.975,32.394],[-80.925,32.387],[-80.875,32.38],[-80.841,32.375],[-80.825,32.373]],[[-80.654,32.346],[-80.625,32.341],[-80.575,32.333],[-80.525,32.325],[-80.524,32.325]]]}},{"type":"Feature","properties":{"date":"2019-03-11","label":"11 Mar","yday":70,"tier":"five","major":false},"geometry":{"type":"MultiLineString","coordinates":[[[-94.375,30.202],[-94.325,30.216],[-94.294,30.225],[-94.275,30.231],[-94.225,30.245],[-94.175,30.261],[-94.128,30.275],[-94.125,30.276],[-94.075,30.291],[-94.025,30.307],[-93.975,30.323],[-93.97,30.325],[-93.925,30.339],[-93.875,30.355],[-93.825,30.372],[-93.815,30.375],[-93.775,30.388],[-93.725,30.404],[-93.675,30.421],[-93.661,30.425],[-93.625,30.437],[-93.575,30.453],[-93.525,30.469],[-93.505,30.475],[-93.475,30.484],[-93.425,30.5],[-93.375,30.515],[-93.34,30.525],[-93.325,30.529],[-93.275,30.544],[-93.225,30.558],[-93.175,30.572],[-93.162,30.575],[-93.125,30.585],[-93.075,30.598],[-93.025,30.61],[-92.975,30.622],[-92.964,30.625],[-92.925,30.634],[-92.875,30.646],[-92.825,30.657],[-92.775,30.667],[-92.738,30.675],[-92.725,30.678],[-92.675,30.688],[-92.625,30.697],[-92.575,30.706],[-92.525,30.715],[-92.475,30.724],[-92.47,30.725],[-92.425,30.733],[-92.375,30.741],[-92.325,30.75],[-92.275,30.758],[-92.225,30.766],[-92.175,30.775],[-92.173,30.775],[-92.125,30.783]],[[-91.325,30.908],[-91.275,30.915],[-91.225,30.922],[-91.202,30.925],[-91.175,30.929],[-91.125,30.935],[-91.075,30.942],[-91.025,30.948],[-90.975,30.954],[-90.925,30.96],[-90.875,30.967],[-90.825,30.973],[-90.808,30.975],[-90.775,30.979],[-90.725,30.985],[-90.675,30.992],[-90.625,30.998],[-90.575,31.005],[-90.525,31.011],[-90.475,31.018],[-90.426,31.025],[-90.425,31.025],[-90.375,31.032],[-90.325,31.04],[-90.275,31.047],[-90.225,31.055],[-90.175,31.062],[-90.125,31.07],[-90.097,31.075],[-90.075,31.079],[-90.025,31.087],[-89.975,31.096],[-89.925,31.104],[-89.875,31.113],[-89.825,31.123],[-89.813,31.125],[-89.775,31.132],[-89.725,31.142],[-89.675,31.152],[-89.625,31.163],[-89.575,31.173],[-89.568,31.175],[-89.525,31.185],[-89.475,31.196],[-89.425,31.208],[-89.375,31.22],[-89.356,31.225],[-89.325,31.233],[-89.275,31.246],[-89.225,31.26],[-89.175,31.275],[-89.174,31.275],[-89.125,31.29],[-89.075,31.305],[-89.025,31.321],[-89.012,31.325],[-88.975,31.337],[-88.925,31.353],[-88.875,31.37],[-88.86,31.375],[-88.825,31.387],[-88.775,31.404],[-88.725,31.422],[-88.715,31.425],[-88.675,31.439],[-88.625,31.457],[-88.575,31.474],[-88.573,31.475],[-88.525,31.492],[-88.475,31.51],[-88.434,31.525],[-88.425,31.528],[-88.375,31.546],[-88.325,31.564],[-88.296,31.575],[-88.275,31.582],[-88.225,31.601],[-88.175,31.619],[-88.158,31.625],[-88.125,31.637],[-88.075,31.655],[-88.025,31.674],[-88.021,31.675],[-87.975,31.692],[-87.925,31.71],[-87.884,31.725],[-87.875,31.728],[-87.825,31.746],[-87.775,31.764],[-87.745,31.775],[-87.725,31.782],[-87.675,31.8],[-87.625,31.817],[-87.603,31.825],[-87.575,31.835],[-87.525,31.852],[-87.475,31.869],[-87.456,31.875],[-87.425,31.885],[-87.375,31.902],[-87.325,31.918],[-87.302,31.925]],[[-85.58,32.17],[-85.575,32.17],[-85.525,32.171],[-85.475,32.172],[-85.425,32.172],[-85.375,32.173],[-85.325,32.173],[-85.275,32.173],[-85.225,32.173],[-85.175,32.173],[-85.125,32.172],[-85.075,32.171],[-85.025,32.17],[-84.975,32.168],[-84.925,32.165],[-84.875,32.163],[-84.825,32.16],[-84.775,32.157],[-84.725,32.154],[-84.675,32.151],[-84.625,32.148],[-84.575,32.144],[-84.525,32.141],[-84.475,32.138],[-84.425,32.135],[-84.375,32.133],[-84.325,32.13],[-84.275,32.128],[-84.225,32.125],[-84.214,32.125],[-84.175,32.123],[-84.125,32.122],[-84.075,32.12],[-84.025,32.119],[-83.975,32.118],[-83.925,32.117],[-83.875,32.117],[-83.825,32.117],[-83.775,32.118],[-83.725,32.118],[-83.675,32.12],[-83.625,32.121],[-83.575,32.123],[-83.536,32.125],[-83.525,32.126],[-83.475,32.128],[-83.425,32.132],[-83.375,32.135],[-83.325,32.14],[-83.275,32.145],[-83.225,32.15],[-83.175,32.156],[-83.125,32.163],[-83.075,32.17],[-83.046,32.175],[-83.025,32.178],[-82.975,32.187],[-82.925,32.196],[-82.875,32.206],[-82.825,32.217],[-82.788,32.225],[-82.775,32.228],[-82.725,32.239],[-82.675,32.252],[-82.625,32.264],[-82.585,32.275],[-82.575,32.278],[-82.525,32.291],[-82.475,32.304],[-82.425,32.318],[-82.4,32.325],[-82.375,32.332],[-82.325,32.346],[-82.275,32.359],[-82.225,32.373],[-82.217,32.375],[-82.175,32.386],[-82.125,32.399],[-82.075,32.412],[-82.025,32.425],[-82.025,32.425],[-81.975,32.437],[-81.925,32.449],[-81.875,32.46],[-81.825,32.47],[-81.8,32.475],[-81.775,32.48],[-81.725,32.488],[-81.675,32.496],[-81.625,32.503],[-81.575,32.508],[-81.525,32.512],[-81.475,32.514],[-81.425,32.516],[-81.375,32.516],[-81.325,32.515],[-81.275,32.514],[-81.225,32.511],[-81.175,32.508],[-81.125,32.505],[-81.075,32.5],[-81.025,32.495],[-80.975,32.49],[-80.925,32.484],[-80.875,32.478],[-80.849,32.475],[-80.825,32.472],[-80.775,32.465],[-80.725,32.458],[-80.696,32.454]],[[-80.647,32.447],[-80.625,32.444],[-80.575,32.437],[-80.525,32.429],[-80.496,32.425],[-80.478,32.422]]]}},{"type":"Feature","properties":{"date":"2019-03-12","label":"12 Mar","yday":71,"tier":"day","major":false},"geometry":{"type":"MultiLineString","coordinates":[[[-94.726,30.226],[-94.725,30.227],[-94.675,30.237]],[[-94.403,30.303],[-94.375,30.311],[-94.325,30.325],[-94.324,30.325],[-94.275,30.339],[-94.225,30.353],[-94.175,30.368],[-94.15,30.375],[-94.125,30.383],[-94.075,30.398],[-94.025,30.413],[-93.988,30.425],[-93.975,30.429],[-93.925,30.445],[-93.875,30.461],[-93.833,30.475],[-93.825,30.478],[-93.775,30.494],[-93.725,30.511],[-93.683,30.525],[-93.675,30.528],[-93.625,30.544],[-93.575,30.561],[-93.533,30.575],[-93.525,30.578],[-93.475,30.594],[-93.425,30.61],[-93.379,30.625],[-93.375,30.626],[-93.325,30.642],[-93.275,30.657],[-93.225,30.671],[-93.211,30.675],[-93.175,30.685],[-93.125,30.698],[-93.075,30.711],[-93.025,30.724],[-93.019,30.725],[-92.975,30.735],[-92.925,30.747],[-92.875,30.758],[-92.825,30.769],[-92.794,30.775],[-92.775,30.779],[-92.725,30.789],[-92.675,30.798],[-92.625,30.807],[-92.575,30.816],[-92.525,30.825],[-92.523,30.825],[-92.475,30.833],[-92.425,30.841],[-92.375,30.85],[-92.325,30.858],[-92.275,30.866],[-92.225,30.874],[-92.219,30.875],[-92.175,30.882],[-92.125,30.89]],[[-91.357,31.007],[-91.325,31.011],[-91.275,31.018],[-91.225,31.025],[-91.224,31.025],[-91.175,31.032],[-91.125,31.038],[-91.075,31.045],[-91.025,31.051],[-90.975,31.057],[-90.925,31.064],[-90.875,31.07],[-90.837,31.075],[-90.825,31.076],[-90.775,31.083],[-90.725,31.089],[-90.675,31.096],[-90.625,31.103],[-90.575,31.109],[-90.525,31.116],[-90.475,31.123],[-90.464,31.125],[-90.425,31.13],[-90.375,31.138],[-90.325,31.145],[-90.275,31.153],[-90.225,31.16],[-90.175,31.168],[-90.134,31.175],[-90.125,31.176],[-90.075,31.185],[-90.025,31.193],[-89.975,31.202],[-89.925,31.211],[-89.875,31.22],[-89.851,31.225],[-89.825,31.23],[-89.775,31.24],[-89.725,31.25],[-89.675,31.26],[-89.625,31.271],[-89.606,31.275],[-89.575,31.282],[-89.525,31.293],[-89.475,31.305],[-89.425,31.317],[-89.394,31.325],[-89.375,31.33],[-89.325,31.343],[-89.275,31.357],[-89.225,31.371],[-89.212,31.375],[-89.175,31.386],[-89.125,31.402],[-89.075,31.417],[-89.051,31.425],[-89.025,31.433],[-88.975,31.45],[-88.925,31.467],[-88.901,31.475],[-88.875,31.484],[-88.825,31.501],[-88.775,31.518],[-88.756,31.525],[-88.725,31.536],[-88.675,31.553],[-88.625,31.571],[-88.614,31.575],[-88.575,31.589],[-88.525,31.607],[-88.475,31.625],[-88.474,31.625],[-88.425,31.643],[-88.375,31.661],[-88.335,31.675],[-88.325,31.679],[-88.275,31.697],[-88.225,31.715],[-88.197,31.725],[-88.175,31.733],[-88.125,31.751],[-88.075,31.769],[-88.058,31.775],[-88.025,31.787],[-87.975,31.804],[-87.925,31.822],[-87.917,31.825],[-87.875,31.84],[-87.825,31.857],[-87.775,31.875],[-87.774,31.875],[-87.725,31.892],[-87.675,31.909],[-87.628,31.925]],[[-87.088,32.088],[-87.075,32.091],[-87.054,32.096]],[[-85.575,32.254],[-85.525,32.255],[-85.475,32.255],[-85.425,32.255],[-85.375,32.256],[-85.325,32.256],[-85.275,32.256],[-85.225,32.256],[-85.175,32.255],[-85.125,32.255],[-85.075,32.254],[-85.025,32.252],[-84.975,32.25],[-84.925,32.248],[-84.875,32.246],[-84.825,32.243],[-84.775,32.24],[-84.725,32.237],[-84.675,32.234],[-84.625,32.231],[-84.575,32.228],[-84.53,32.225],[-84.525,32.225],[-84.475,32.222],[-84.425,32.219],[-84.375,32.216],[-84.325,32.214],[-84.275,32.211],[-84.225,32.209],[-84.175,32.207],[-84.125,32.206],[-84.075,32.204],[-84.025,32.203],[-83.975,32.203],[-83.925,32.202],[-83.875,32.202],[-83.825,32.202],[-83.775,32.203],[-83.725,32.204],[-83.675,32.205],[-83.625,32.206],[-83.575,32.208],[-83.525,32.211],[-83.475,32.214],[-83.425,32.217],[-83.375,32.221],[-83.325,32.225],[-83.324,32.225],[-83.275,32.23],[-83.225,32.235],[-83.175,32.241],[-83.125,32.247],[-83.075,32.254],[-83.025,32.262],[-82.975,32.271],[-82.953,32.275],[-82.925,32.28],[-82.875,32.29],[-82.825,32.301],[-82.775,32.312],[-82.725,32.324],[-82.721,32.325],[-82.675,32.336],[-82.625,32.349],[-82.575,32.362],[-82.528,32.375],[-82.525,32.376],[-82.475,32.389],[-82.425,32.403],[-82.375,32.417],[-82.347,32.425],[-82.325,32.431],[-82.275,32.445],[-82.225,32.459],[-82.175,32.472],[-82.165,32.475],[-82.125,32.485],[-82.075,32.498],[-82.025,32.511],[-81.975,32.523],[-81.969,32.525],[-81.925,32.535],[-81.875,32.546],[-81.825,32.557],[-81.775,32.567],[-81.73,32.575],[-81.725,32.576],[-81.675,32.584],[-81.625,32.591],[-81.575,32.596],[-81.525,32.6],[-81.475,32.602],[-81.425,32.604],[-81.375,32.604],[-81.325,32.604],[-81.275,32.603],[-81.225,32.601],[-81.175,32.598],[-81.125,32.595],[-81.075,32.591],[-81.025,32.587],[-80.975,32.583],[-80.925,32.578],[-80.9,32.575],[-80.875,32.572],[-80.825,32.567],[-80.775,32.561],[-80.725,32.555],[-80.675,32.548],[-80.625,32.542],[-80.575,32.536],[-80.565,32.535]]]}},{"type":"Feature","properties":{"date":"2019-03-13","label":"13 Mar","yday":72,"tier":"day","major":false},"geometry":{"type":"MultiLineString","coordinates":[[[-94.818,30.318],[-94.78,30.325],[-94.775,30.326],[-94.725,30.336],[-94.675,30.346]],[[-94.475,30.392],[-94.425,30.405],[-94.375,30.418],[-94.347,30.425],[-94.325,30.431],[-94.275,30.444],[-94.225,30.458],[-94.175,30.472],[-94.166,30.475],[-94.125,30.487],[-94.075,30.502],[-94.025,30.518],[-94.001,30.525],[-93.975,30.533],[-93.925,30.549],[-93.875,30.566],[-93.848,30.575],[-93.825,30.583],[-93.775,30.6],[-93.725,30.617],[-93.702,30.625],[-93.675,30.634],[-93.625,30.652],[-93.575,30.669],[-93.559,30.675],[-93.525,30.687],[-93.475,30.704],[-93.425,30.721],[-93.412,30.725],[-93.375,30.737],[-93.325,30.753],[-93.275,30.769],[-93.253,30.775],[-93.225,30.783],[-93.175,30.797],[-93.125,30.81],[-93.075,30.823],[-93.066,30.825],[-93.025,30.835],[-92.975,30.846],[-92.925,30.857],[-92.875,30.868],[-92.84,30.875],[-92.825,30.878],[-92.775,30.888],[-92.725,30.897],[-92.675,30.906],[-92.625,30.915],[-92.575,30.923],[-92.565,30.925],[-92.525,30.932],[-92.475,30.94],[-92.425,30.948],[-92.375,30.956],[-92.325,30.964],[-92.275,30.972],[-92.255,30.975],[-92.229,30.979]],[[-91.375,31.107],[-91.325,31.114],[-91.275,31.121],[-91.241,31.125],[-91.225,31.127],[-91.175,31.134],[-91.125,31.14],[-91.075,31.147],[-91.025,31.153],[-90.975,31.16],[-90.925,31.166],[-90.875,31.173],[-90.858,31.175],[-90.825,31.179],[-90.775,31.186],[-90.725,31.193],[-90.675,31.199],[-90.625,31.206],[-90.575,31.213],[-90.525,31.22],[-90.493,31.225],[-90.475,31.228],[-90.425,31.235],[-90.375,31.242],[-90.325,31.25],[-90.275,31.258],[-90.225,31.266],[-90.175,31.274],[-90.168,31.275],[-90.125,31.282],[-90.075,31.291],[-90.025,31.299],[-89.975,31.308],[-89.925,31.318],[-89.887,31.325],[-89.875,31.327],[-89.825,31.337],[-89.775,31.347],[-89.725,31.357],[-89.675,31.368],[-89.643,31.375],[-89.625,31.379],[-89.575,31.39],[-89.525,31.402],[-89.475,31.414],[-89.432,31.425],[-89.425,31.427],[-89.375,31.44],[-89.325,31.453],[-89.275,31.468],[-89.25,31.475],[-89.225,31.482],[-89.175,31.498],[-89.125,31.513],[-89.089,31.525],[-89.075,31.53],[-89.025,31.546],[-88.975,31.563],[-88.938,31.575],[-88.925,31.579],[-88.875,31.597],[-88.825,31.614],[-88.793,31.625],[-88.775,31.631],[-88.725,31.649],[-88.675,31.666],[-88.65,31.675],[-88.625,31.684],[-88.575,31.702],[-88.525,31.719],[-88.51,31.725],[-88.475,31.737],[-88.425,31.755],[-88.375,31.773],[-88.369,31.775],[-88.325,31.791],[-88.275,31.808],[-88.228,31.825],[-88.225,31.826],[-88.175,31.844],[-88.125,31.861],[-88.086,31.875],[-88.075,31.879],[-88.025,31.896],[-87.975,31.914],[-87.942,31.925],[-87.925,31.931],[-87.875,31.948],[-87.825,31.965],[-87.795,31.975]],[[-87.164,32.164],[-87.125,32.174],[-87.121,32.175],[-87.075,32.186],[-87.025,32.198],[-86.975,32.21],[-86.931,32.219]],[[-85.684,32.334],[-85.675,32.334],[-85.625,32.334],[-85.575,32.335],[-85.525,32.335],[-85.475,32.335],[-85.425,32.335],[-85.375,32.336],[-85.325,32.335],[-85.275,32.335],[-85.225,32.335],[-85.175,32.334],[-85.125,32.334],[-85.075,32.333],[-85.025,32.332],[-84.975,32.33],[-84.925,32.328],[-84.875,32.325],[-84.871,32.325],[-84.825,32.322],[-84.775,32.32],[-84.725,32.316],[-84.675,32.313],[-84.625,32.31],[-84.575,32.307],[-84.525,32.304],[-84.475,32.302],[-84.425,32.299],[-84.375,32.296],[-84.325,32.294],[-84.275,32.292],[-84.225,32.29],[-84.175,32.288],[-84.125,32.287],[-84.075,32.286],[-84.025,32.285],[-83.975,32.284],[-83.925,32.284],[-83.875,32.284],[-83.825,32.284],[-83.775,32.285],[-83.725,32.286],[-83.675,32.287],[-83.625,32.289],[-83.575,32.291],[-83.525,32.293],[-83.475,32.296],[-83.425,32.299],[-83.375,32.303],[-83.325,32.307],[-83.275,32.311],[-83.225,32.316],[-83.175,32.322],[-83.154,32.325],[-83.125,32.329],[-83.075,32.336],[-83.025,32.343],[-82.975,32.352],[-82.925,32.361],[-82.875,32.371],[-82.858,32.375],[-82.825,32.382],[-82.775,32.393],[-82.725,32.406],[-82.675,32.418],[-82.649,32.425],[-82.625,32.431],[-82.575,32.444],[-82.525,32.458],[-82.475,32.472],[-82.464,32.475],[-82.425,32.486],[-82.375,32.5],[-82.325,32.514],[-82.285,32.525],[-82.275,32.528],[-82.225,32.541],[-82.175,32.555],[-82.125,32.568],[-82.1,32.575],[-82.075,32.581],[-82.025,32.594],[-81.975,32.606],[-81.925,32.618],[-81.894,32.625],[-81.875,32.629],[-81.825,32.64],[-81.775,32.65],[-81.725,32.659],[-81.675,32.667],[-81.625,32.674],[-81.613,32.675],[-81.575,32.679],[-81.525,32.683],[-81.475,32.685],[-81.425,32.687],[-81.375,32.688],[-81.325,32.688],[-81.275,32.688],[-81.225,32.686],[-81.175,32.684],[-81.125,32.682],[-81.075,32.679],[-81.025,32.675],[-81.019,32.675],[-80.975,32.672],[-80.925,32.667],[-80.875,32.663],[-80.825,32.658],[-80.775,32.653],[-80.725,32.647],[-80.675,32.642],[-80.625,32.636],[-80.575,32.631],[-80.525,32.625],[-80.523,32.625],[-80.475,32.619],[-80.425,32.613],[-80.375,32.607],[-80.325,32.601],[-80.275,32.594],[-80.225,32.588],[-80.175,32.58],[-80.17,32.58]]]}},{"type":"Feature","properties":{"date":"2019-03-14","label":"14 Mar","yday":73,"tier":"day","major":false},"geometry":{"type":"MultiLineString","coordinates":[[[-94.825,30.424],[-94.82,30.425],[-94.775,30.433],[-94.725,30.443],[-94.699,30.449]],[[-94.494,30.494],[-94.475,30.498],[-94.425,30.51],[-94.375,30.522],[-94.365,30.525],[-94.325,30.535],[-94.275,30.548],[-94.225,30.562],[-94.179,30.575],[-94.175,30.576],[-94.125,30.591],[-94.075,30.605],[-94.025,30.621],[-94.012,30.625],[-93.975,30.637],[-93.925,30.653],[-93.875,30.67],[-93.861,30.675],[-93.825,30.688],[-93.775,30.705],[-93.725,30.723],[-93.721,30.725],[-93.675,30.742],[-93.625,30.76],[-93.584,30.775],[-93.575,30.778],[-93.525,30.796],[-93.475,30.814],[-93.443,30.825],[-93.425,30.831],[-93.375,30.848],[-93.325,30.864],[-93.289,30.875],[-93.275,30.879],[-93.225,30.894],[-93.175,30.907],[-93.125,30.92],[-93.107,30.925],[-93.075,30.933],[-93.025,30.944],[-92.975,30.955],[-92.925,30.966],[-92.88,30.975],[-92.875,30.976],[-92.825,30.986],[-92.775,30.995],[-92.725,31.004],[-92.675,31.012],[-92.625,31.021],[-92.599,31.025],[-92.575,31.029],[-92.535,31.035]],[[-91.375,31.209],[-91.325,31.216],[-91.275,31.222],[-91.255,31.225],[-91.225,31.229],[-91.175,31.236],[-91.125,31.242],[-91.075,31.249],[-91.025,31.255],[-90.975,31.262],[-90.925,31.268],[-90.875,31.275],[-90.875,31.275],[-90.825,31.282],[-90.775,31.289],[-90.725,31.295],[-90.675,31.302],[-90.625,31.309],[-90.575,31.317],[-90.525,31.324],[-90.517,31.325],[-90.475,31.331],[-90.425,31.339],[-90.375,31.346],[-90.325,31.354],[-90.275,31.362],[-90.225,31.37],[-90.198,31.375],[-90.175,31.379],[-90.125,31.387],[-90.075,31.396],[-90.025,31.405],[-89.975,31.415],[-89.925,31.424],[-89.921,31.425],[-89.875,31.434],[-89.825,31.444],[-89.775,31.454],[-89.725,31.465],[-89.68,31.475],[-89.675,31.476],[-89.625,31.487],[-89.575,31.499],[-89.525,31.511],[-89.475,31.524],[-89.47,31.525],[-89.425,31.537],[-89.375,31.55],[-89.325,31.564],[-89.289,31.575],[-89.275,31.579],[-89.225,31.594],[-89.175,31.61],[-89.126,31.625],[-89.125,31.625],[-89.075,31.642],[-89.025,31.658],[-88.975,31.675],[-88.974,31.675],[-88.925,31.692],[-88.875,31.709],[-88.827,31.725],[-88.825,31.726],[-88.775,31.743],[-88.725,31.76],[-88.683,31.775],[-88.675,31.778],[-88.625,31.795],[-88.575,31.813],[-88.54,31.825],[-88.525,31.83],[-88.475,31.848],[-88.425,31.865],[-88.397,31.875],[-88.375,31.883],[-88.325,31.9],[-88.275,31.917],[-88.253,31.925],[-88.225,31.935],[-88.175,31.952],[-88.125,31.969],[-88.107,31.975],[-88.075,31.986],[-88.025,32.003],[-87.975,32.02],[-87.959,32.025],[-87.933,32.033]],[[-87.175,32.255],[-87.125,32.267],[-87.089,32.275],[-87.075,32.278],[-87.025,32.289],[-86.975,32.3],[-86.925,32.31],[-86.875,32.32]],[[-85.96,32.41],[-85.925,32.411],[-85.875,32.411],[-85.825,32.412],[-85.775,32.412],[-85.725,32.412],[-85.675,32.413],[-85.625,32.413],[-85.575,32.413],[-85.525,32.413],[-85.475,32.413],[-85.425,32.413],[-85.375,32.412],[-85.325,32.412],[-85.275,32.412],[-85.225,32.411],[-85.175,32.411],[-85.125,32.41],[-85.075,32.409],[-85.025,32.408],[-84.975,32.406],[-84.925,32.404],[-84.875,32.401],[-84.825,32.399],[-84.775,32.396],[-84.725,32.393],[-84.675,32.39],[-84.625,32.387],[-84.575,32.384],[-84.525,32.381],[-84.475,32.379],[-84.425,32.376],[-84.4,32.375],[-84.375,32.374],[-84.325,32.372],[-84.275,32.37],[-84.225,32.368],[-84.175,32.366],[-84.125,32.365],[-84.075,32.364],[-84.025,32.363],[-83.975,32.363],[-83.925,32.363],[-83.875,32.363],[-83.825,32.364],[-83.775,32.364],[-83.725,32.366],[-83.675,32.367],[-83.625,32.369],[-83.575,32.371],[-83.525,32.373],[-83.492,32.375],[-83.475,32.376],[-83.425,32.379],[-83.375,32.382],[-83.325,32.386],[-83.275,32.391],[-83.225,32.396],[-83.175,32.401],[-83.125,32.407],[-83.075,32.414],[-83.025,32.422],[-83.008,32.425],[-82.975,32.431],[-82.925,32.44],[-82.875,32.45],[-82.825,32.461],[-82.775,32.473],[-82.767,32.475],[-82.725,32.485],[-82.675,32.498],[-82.625,32.511],[-82.575,32.525],[-82.574,32.525],[-82.525,32.538],[-82.475,32.552],[-82.425,32.566],[-82.394,32.575],[-82.375,32.58],[-82.325,32.594],[-82.275,32.608],[-82.225,32.622],[-82.213,32.625],[-82.175,32.635],[-82.125,32.649],[-82.075,32.661],[-82.025,32.674],[-82.021,32.675],[-81.975,32.686],[-81.925,32.698],[-81.875,32.709],[-81.825,32.719],[-81.794,32.725],[-81.775,32.729],[-81.725,32.737],[-81.675,32.745],[-81.625,32.752],[-81.575,32.757],[-81.525,32.761],[-81.475,32.765],[-81.425,32.767],[-81.375,32.769],[-81.325,32.769],[-81.275,32.769],[-81.225,32.769],[-81.175,32.768],[-81.125,32.766],[-81.075,32.764],[-81.025,32.761],[-80.975,32.758],[-80.925,32.754],[-80.875,32.75],[-80.825,32.746],[-80.775,32.741],[-80.725,32.737],[-80.675,32.732],[-80.625,32.727],[-80.599,32.725],[-80.575,32.723],[-80.525,32.718],[-80.475,32.713],[-80.425,32.708],[-80.375,32.703],[-80.325,32.697],[-80.275,32.691],[-80.225,32.685],[-80.175,32.679],[-80.148,32.675],[-80.125,32.672],[-80.075,32.664],[-80.025,32.656],[-79.999,32.651]]]}},{"type":"Feature","properties":{"date":"2019-03-15","label":"15 Mar","yday":74,"tier":"day","major":false},"geometry":{"type":"MultiLineString","coordinates":[[[-94.579,30.579],[-94.575,30.58],[-94.525,30.591],[-94.475,30.603],[-94.425,30.614],[-94.382,30.625],[-94.375,30.627],[-94.325,30.639],[-94.275,30.652],[-94.225,30.666],[-94.191,30.675],[-94.175,30.68],[-94.125,30.694],[-94.075,30.709],[-94.025,30.724],[-94.023,30.725],[-93.975,30.741],[-93.925,30.758],[-93.876,30.775],[-93.875,30.775],[-93.825,30.794],[-93.775,30.812],[-93.741,30.825],[-93.725,30.831],[-93.675,30.85],[-93.625,30.869],[-93.609,30.875],[-93.575,30.888],[-93.525,30.906],[-93.475,30.924],[-93.472,30.925],[-93.425,30.941],[-93.375,30.958],[-93.325,30.974],[-93.321,30.975],[-93.275,30.989],[-93.225,31.003],[-93.175,31.017],[-93.143,31.025],[-93.125,31.03],[-93.075,31.041],[-93.025,31.053],[-92.975,31.063],[-92.925,31.073],[-92.916,31.075],[-92.875,31.083],[-92.825,31.092],[-92.775,31.101],[-92.725,31.109],[-92.675,31.117],[-92.669,31.119]],[[-91.375,31.311],[-91.325,31.317],[-91.275,31.324],[-91.266,31.325],[-91.225,31.33],[-91.175,31.337],[-91.125,31.344],[-91.075,31.35],[-91.025,31.357],[-90.975,31.363],[-90.925,31.37],[-90.889,31.375],[-90.875,31.377],[-90.825,31.384],[-90.775,31.391],[-90.725,31.398],[-90.675,31.405],[-90.625,31.412],[-90.575,31.419],[-90.537,31.425],[-90.525,31.427],[-90.475,31.434],[-90.425,31.442],[-90.375,31.45],[-90.325,31.458],[-90.275,31.467],[-90.225,31.475],[-90.225,31.475],[-90.175,31.484],[-90.125,31.493],[-90.075,31.502],[-90.025,31.511],[-89.975,31.521],[-89.953,31.525],[-89.925,31.531],[-89.875,31.541],[-89.825,31.551],[-89.775,31.562],[-89.725,31.573],[-89.716,31.575],[-89.675,31.584],[-89.625,31.596],[-89.575,31.608],[-89.525,31.621],[-89.509,31.625],[-89.475,31.634],[-89.425,31.647],[-89.375,31.661],[-89.327,31.675],[-89.325,31.675],[-89.275,31.69],[-89.225,31.705],[-89.175,31.721],[-89.162,31.725],[-89.125,31.737],[-89.075,31.753],[-89.025,31.769],[-89.008,31.775],[-88.975,31.786],[-88.925,31.803],[-88.875,31.819],[-88.859,31.825],[-88.825,31.836],[-88.775,31.853],[-88.725,31.871],[-88.712,31.875],[-88.675,31.888],[-88.625,31.905],[-88.575,31.922],[-88.567,31.925],[-88.525,31.939],[-88.475,31.956],[-88.425,31.973],[-88.42,31.975],[-88.375,31.99],[-88.325,32.007],[-88.275,32.024],[-88.272,32.025],[-88.225,32.041],[-88.175,32.057],[-88.125,32.074],[-88.122,32.075],[-88.075,32.09],[-88.025,32.107],[-88.011,32.111]],[[-87.232,32.332],[-87.225,32.334],[-87.175,32.346],[-87.125,32.357],[-87.075,32.367],[-87.038,32.375],[-87.025,32.378],[-86.975,32.388],[-86.925,32.397],[-86.902,32.402]],[[-86.037,32.487],[-86.025,32.487],[-85.975,32.488],[-85.925,32.488],[-85.875,32.489],[-85.825,32.489],[-85.775,32.489],[-85.725,32.489],[-85.675,32.489],[-85.625,32.489],[-85.575,32.489],[-85.525,32.488],[-85.475,32.488],[-85.425,32.488],[-85.375,32.487],[-85.325,32.487],[-85.275,32.486],[-85.225,32.485],[-85.175,32.485],[-85.125,32.484],[-85.075,32.483],[-85.025,32.481],[-84.975,32.479],[-84.925,32.477],[-84.875,32.475],[-84.872,32.475],[-84.825,32.473],[-84.775,32.47],[-84.725,32.467],[-84.675,32.464],[-84.625,32.461],[-84.575,32.459],[-84.525,32.456],[-84.475,32.453],[-84.425,32.451],[-84.375,32.449],[-84.325,32.447],[-84.275,32.445],[-84.225,32.443],[-84.175,32.442],[-84.125,32.441],[-84.075,32.44],[-84.025,32.439],[-83.975,32.439],[-83.925,32.439],[-83.875,32.44],[-83.825,32.44],[-83.775,32.441],[-83.725,32.443],[-83.675,32.444],[-83.625,32.446],[-83.575,32.448],[-83.525,32.451],[-83.475,32.453],[-83.425,32.457],[-83.375,32.46],[-83.325,32.464],[-83.275,32.468],[-83.225,32.473],[-83.207,32.475],[-83.175,32.478],[-83.125,32.485],[-83.075,32.491],[-83.025,32.499],[-82.975,32.507],[-82.925,32.517],[-82.888,32.525],[-82.875,32.528],[-82.825,32.539],[-82.775,32.551],[-82.725,32.563],[-82.68,32.575],[-82.675,32.576],[-82.625,32.589],[-82.575,32.603],[-82.525,32.617],[-82.495,32.625],[-82.475,32.631],[-82.425,32.645],[-82.375,32.659],[-82.325,32.673],[-82.316,32.675],[-82.275,32.686],[-82.225,32.7],[-82.175,32.713],[-82.131,32.725],[-82.125,32.726],[-82.075,32.739],[-82.025,32.751],[-81.975,32.763],[-81.925,32.775],[-81.924,32.775],[-81.875,32.785],[-81.825,32.795],[-81.775,32.805],[-81.725,32.813],[-81.675,32.821],[-81.641,32.825],[-81.625,32.827],[-81.575,32.833],[-81.525,32.837],[-81.475,32.841],[-81.425,32.844],[-81.375,32.846],[-81.325,32.848],[-81.275,32.849],[-81.225,32.849],[-81.175,32.848],[-81.125,32.847],[-81.075,32.846],[-81.025,32.844],[-80.975,32.842],[-80.925,32.839],[-80.875,32.835],[-80.825,32.832],[-80.775,32.828],[-80.736,32.825],[-80.725,32.824],[-80.675,32.82],[-80.625,32.816],[-80.575,32.812],[-80.525,32.808],[-80.475,32.804],[-80.425,32.8],[-80.375,32.796],[-80.325,32.791],[-80.275,32.786],[-80.225,32.78],[-80.18,32.775],[-80.175,32.774],[-80.125,32.768],[-80.075,32.761],[-80.025,32.753],[-79.975,32.745],[-79.938,32.738]]]}},{"type":"Feature","properties":{"date":"2019-03-16","label":"16 Mar","yday":75,"tier":"index","major":true},"geometry":{"type":"MultiLineString","coordinates":[[[-94.708,30.658],[-94.675,30.665],[-94.625,30.675],[-94.624,30.675],[-94.575,30.685],[-94.525,30.696],[-94.475,30.708],[-94.425,30.72],[-94.402,30.725],[-94.375,30.732],[-94.325,30.744],[-94.275,30.757],[-94.225,30.77],[-94.209,30.775],[-94.175,30.784],[-94.125,30.799],[-94.075,30.814],[-94.04,30.825],[-94.025,30.83],[-93.975,30.847],[-93.925,30.865],[-93.898,30.875],[-93.875,30.884],[-93.825,30.903],[-93.775,30.922],[-93.768,30.925],[-93.725,30.942],[-93.675,30.961],[-93.638,30.975],[-93.625,30.98],[-93.575,30.999],[-93.525,31.017],[-93.502,31.025],[-93.475,31.035],[-93.425,31.052],[-93.375,31.068],[-93.352,31.075],[-93.325,31.084],[-93.275,31.098],[-93.225,31.112],[-93.176,31.125],[-93.175,31.125],[-93.125,31.138],[-93.075,31.149],[-93.025,31.16],[-92.975,31.17],[-92.95,31.175],[-92.925,31.18],[-92.875,31.189],[-92.825,31.198],[-92.775,31.206],[-92.725,31.214]],[[-91.325,31.419],[-91.276,31.425],[-91.275,31.425],[-91.225,31.432],[-91.175,31.438],[-91.125,31.445],[-91.075,31.451],[-91.025,31.458],[-90.975,31.465],[-90.925,31.472],[-90.9,31.475],[-90.875,31.478],[-90.825,31.485],[-90.775,31.492],[-90.725,31.5],[-90.675,31.507],[-90.625,31.514],[-90.575,31.522],[-90.555,31.525],[-90.525,31.53],[-90.475,31.538],[-90.425,31.546],[-90.375,31.554],[-90.325,31.562],[-90.275,31.571],[-90.251,31.575],[-90.225,31.58],[-90.175,31.589],[-90.125,31.598],[-90.075,31.607],[-90.025,31.617],[-89.984,31.625],[-89.975,31.627],[-89.925,31.637],[-89.875,31.648],[-89.825,31.658],[-89.775,31.67],[-89.751,31.675],[-89.725,31.681],[-89.675,31.693],[-89.625,31.705],[-89.575,31.717],[-89.546,31.725],[-89.525,31.73],[-89.475,31.744],[-89.425,31.757],[-89.375,31.772],[-89.363,31.775],[-89.325,31.786],[-89.275,31.801],[-89.225,31.816],[-89.196,31.825],[-89.175,31.832],[-89.125,31.847],[-89.075,31.863],[-89.039,31.875],[-89.025,31.88],[-88.975,31.896],[-88.925,31.913],[-88.888,31.925],[-88.875,31.929],[-88.825,31.946],[-88.775,31.963],[-88.738,31.975],[-88.725,31.979],[-88.675,31.996],[-88.625,32.013],[-88.589,32.025],[-88.575,32.03],[-88.525,32.046],[-88.475,32.063],[-88.438,32.075],[-88.425,32.079],[-88.375,32.096],[-88.325,32.112],[-88.285,32.125],[-88.275,32.128],[-88.225,32.144],[-88.175,32.16],[-88.13,32.175],[-88.125,32.176],[-88.088,32.188]],[[-87.227,32.423],[-87.225,32.423],[-87.218,32.425]],[[-86.633,32.525],[-86.625,32.526],[-86.575,32.532],[-86.525,32.537],[-86.475,32.542],[-86.456,32.544]],[[-86.209,32.559],[-86.175,32.56],[-86.125,32.561],[-86.075,32.562],[-86.025,32.563],[-85.975,32.564],[-85.925,32.564],[-85.875,32.564],[-85.825,32.564],[-85.775,32.564],[-85.725,32.564],[-85.675,32.564],[-85.625,32.563],[-85.575,32.563],[-85.525,32.562],[-85.475,32.561],[-85.425,32.561],[-85.375,32.56],[-85.325,32.559],[-85.275,32.559],[-85.225,32.558],[-85.175,32.557],[-85.125,32.556],[-85.075,32.554],[-85.025,32.553],[-84.975,32.551],[-84.925,32.549],[-84.875,32.547],[-84.825,32.544],[-84.775,32.542],[-84.725,32.539],[-84.675,32.536],[-84.625,32.534],[-84.575,32.531],[-84.525,32.528],[-84.475,32.526],[-84.453,32.525],[-84.425,32.524],[-84.375,32.522],[-84.325,32.52],[-84.275,32.518],[-84.225,32.517],[-84.175,32.515],[-84.125,32.514],[-84.075,32.514],[-84.025,32.513],[-83.975,32.513],[-83.925,32.514],[-83.875,32.514],[-83.825,32.515],[-83.775,32.516],[-83.725,32.518],[-83.675,32.52],[-83.625,32.522],[-83.575,32.524],[-83.56,32.525],[-83.525,32.527],[-83.475,32.529],[-83.425,32.532],[-83.375,32.536],[-83.325,32.539],[-83.275,32.544],[-83.225,32.549],[-83.175,32.554],[-83.125,32.56],[-83.075,32.567],[-83.025,32.575],[-83.024,32.575],[-82.975,32.584],[-82.925,32.593],[-82.875,32.604],[-82.825,32.616],[-82.786,32.625],[-82.775,32.628],[-82.725,32.64],[-82.675,32.653],[-82.625,32.666],[-82.593,32.675],[-82.575,32.68],[-82.525,32.694],[-82.475,32.707],[-82.425,32.721],[-82.412,32.725],[-82.375,32.735],[-82.325,32.749],[-82.275,32.763],[-82.229,32.775],[-82.225,32.776],[-82.175,32.789],[-82.125,32.802],[-82.075,32.815],[-82.033,32.825],[-82.025,32.827],[-81.975,32.838],[-81.925,32.849],[-81.875,32.86],[-81.825,32.869],[-81.794,32.875],[-81.775,32.878],[-81.725,32.887],[-81.675,32.894],[-81.625,32.901],[-81.575,32.906],[-81.525,32.911],[-81.475,32.916],[-81.425,32.919],[-81.375,32.922],[-81.325,32.924],[-81.305,32.925],[-81.275,32.926],[-81.225,32.927],[-81.175,32.927],[-81.125,32.927],[-81.075,32.927],[-81.025,32.926],[-81.002,32.925],[-80.975,32.924],[-80.925,32.922],[-80.875,32.92],[-80.825,32.917],[-80.775,32.914],[-80.725,32.91],[-80.675,32.907],[-80.625,32.903],[-80.575,32.9],[-80.525,32.897],[-80.475,32.894],[-80.425,32.89],[-80.375,32.886],[-80.325,32.882],[-80.275,32.878],[-80.247,32.875],[-80.225,32.873],[-80.175,32.867],[-80.125,32.861],[-80.075,32.855],[-80.025,32.847],[-79.975,32.839],[-79.963,32.837]],[[-79.87,32.82],[-79.825,32.811],[-79.795,32.805]]]}},{"type":"Feature","properties":{"date":"2019-03-17","label":"17 Mar","yday":76,"tier":"day","major":false},"geometry":{"type":"MultiLineString","coordinates":[[[-94.755,30.755],[-94.725,30.761],[-94.675,30.771],[-94.655,30.775],[-94.625,30.781],[-94.575,30.792],[-94.525,30.803],[-94.475,30.815],[-94.431,30.825],[-94.425,30.826],[-94.375,30.839],[-94.325,30.852],[-94.275,30.865],[-94.237,30.875],[-94.225,30.878],[-94.175,30.893],[-94.125,30.908],[-94.075,30.923],[-94.07,30.925],[-94.025,30.94],[-93.975,30.959],[-93.931,30.975],[-93.925,30.977],[-93.875,30.997],[-93.825,31.016],[-93.802,31.025],[-93.775,31.036],[-93.725,31.055],[-93.675,31.074],[-93.673,31.075],[-93.625,31.093],[-93.575,31.111],[-93.537,31.125],[-93.525,31.129],[-93.475,31.146],[-93.425,31.163],[-93.387,31.175],[-93.375,31.179],[-93.325,31.194],[-93.275,31.208],[-93.225,31.221],[-93.21,31.225],[-93.175,31.234],[-93.125,31.246],[-93.075,31.257],[-93.025,31.268],[-92.988,31.275],[-92.975,31.278],[-92.925,31.287],[-92.875,31.296],[-92.825,31.305],[-92.775,31.313],[-92.725,31.321]],[[-92.418,31.368],[-92.375,31.375],[-92.372,31.375],[-92.325,31.382],[-92.275,31.39]],[[-91.273,31.527],[-91.225,31.533],[-91.175,31.539],[-91.125,31.546],[-91.075,31.553],[-91.025,31.559],[-90.975,31.566],[-90.925,31.573],[-90.91,31.575],[-90.875,31.58],[-90.825,31.587],[-90.775,31.594],[-90.725,31.602],[-90.675,31.609],[-90.625,31.617],[-90.575,31.624],[-90.572,31.625],[-90.525,31.632],[-90.475,31.641],[-90.425,31.649],[-90.375,31.657],[-90.325,31.666],[-90.275,31.675],[-90.275,31.675],[-90.225,31.684],[-90.175,31.693],[-90.125,31.703],[-90.075,31.713],[-90.025,31.723],[-90.014,31.725],[-89.975,31.733],[-89.925,31.744],[-89.875,31.755],[-89.825,31.766],[-89.785,31.775],[-89.775,31.777],[-89.725,31.789],[-89.675,31.801],[-89.625,31.814],[-89.581,31.825],[-89.575,31.826],[-89.525,31.84],[-89.475,31.853],[-89.425,31.867],[-89.397,31.875],[-89.375,31.881],[-89.325,31.896],[-89.275,31.911],[-89.228,31.925],[-89.225,31.926],[-89.175,31.941],[-89.125,31.957],[-89.075,31.973],[-89.068,31.975],[-89.025,31.989],[-88.975,32.005],[-88.925,32.021],[-88.913,32.025],[-88.875,32.037],[-88.825,32.054],[-88.775,32.07],[-88.76,32.075],[-88.725,32.086],[-88.675,32.103],[-88.625,32.119],[-88.606,32.125],[-88.575,32.135],[-88.525,32.151],[-88.475,32.167],[-88.451,32.175],[-88.425,32.183],[-88.375,32.199],[-88.325,32.215],[-88.292,32.225],[-88.275,32.23],[-88.225,32.246],[-88.175,32.261],[-88.165,32.265]],[[-86.784,32.584],[-86.775,32.586],[-86.725,32.592],[-86.675,32.598],[-86.625,32.604],[-86.575,32.609],[-86.525,32.614],[-86.475,32.619],[-86.425,32.622],[-86.387,32.625],[-86.375,32.626],[-86.325,32.629],[-86.275,32.631],[-86.225,32.633],[-86.175,32.635],[-86.125,32.636],[-86.075,32.637],[-86.025,32.638],[-85.975,32.638],[-85.925,32.638],[-85.875,32.638],[-85.825,32.638],[-85.775,32.638],[-85.725,32.637],[-85.675,32.637],[-85.625,32.636],[-85.575,32.635],[-85.525,32.634],[-85.475,32.633],[-85.425,32.632],[-85.375,32.632],[-85.325,32.631],[-85.275,32.63],[-85.225,32.629],[-85.175,32.627],[-85.125,32.626],[-85.092,32.625],[-85.075,32.624],[-85.025,32.623],[-84.975,32.621],[-84.925,32.619],[-84.875,32.617],[-84.825,32.614],[-84.775,32.612],[-84.725,32.609],[-84.675,32.607],[-84.625,32.604],[-84.575,32.601],[-84.525,32.599],[-84.475,32.597],[-84.425,32.595],[-84.375,32.593],[-84.325,32.591],[-84.275,32.589],[-84.225,32.588],[-84.175,32.587],[-84.125,32.586],[-84.075,32.586],[-84.025,32.586],[-83.975,32.586],[-83.925,32.586],[-83.875,32.587],[-83.825,32.588],[-83.775,32.589],[-83.725,32.591],[-83.675,32.593],[-83.625,32.596],[-83.575,32.598],[-83.525,32.6],[-83.475,32.603],[-83.425,32.606],[-83.375,32.61],[-83.325,32.614],[-83.275,32.618],[-83.225,32.623],[-83.208,32.625],[-83.175,32.629],[-83.125,32.635],[-83.075,32.642],[-83.025,32.65],[-82.975,32.659],[-82.925,32.669],[-82.898,32.675],[-82.875,32.68],[-82.825,32.691],[-82.775,32.703],[-82.725,32.716],[-82.69,32.725],[-82.675,32.729],[-82.625,32.742],[-82.575,32.756],[-82.525,32.769],[-82.504,32.775],[-82.475,32.783],[-82.425,32.797],[-82.375,32.81],[-82.325,32.824],[-82.322,32.825],[-82.275,32.837],[-82.225,32.851],[-82.175,32.864],[-82.131,32.875],[-82.125,32.876],[-82.075,32.889],[-82.025,32.9],[-81.975,32.912],[-81.925,32.922],[-81.912,32.925],[-81.875,32.933],[-81.825,32.942],[-81.775,32.951],[-81.725,32.959],[-81.675,32.966],[-81.625,32.973],[-81.608,32.975],[-81.575,32.979],[-81.525,32.984],[-81.475,32.989],[-81.425,32.993],[-81.375,32.997],[-81.325,33.0],[-81.275,33.002],[-81.225,33.004],[-81.175,33.005],[-81.125,33.006],[-81.075,33.006],[-81.025,33.006],[-80.975,33.006],[-80.925,33.005],[-80.875,33.003],[-80.825,33.001],[-80.775,32.999],[-80.725,32.996],[-80.675,32.994],[-80.625,32.991],[-80.575,32.988],[-80.525,32.985],[-80.475,32.983],[-80.425,32.979],[-80.375,32.976],[-80.363,32.975],[-80.325,32.972],[-80.275,32.968],[-80.225,32.963],[-80.175,32.958],[-80.125,32.952],[-80.075,32.946],[-80.025,32.938],[-79.975,32.93],[-79.943,32.925],[-79.925,32.922],[-79.875,32.913],[-79.825,32.903],[-79.775,32.893],[-79.725,32.883],[-79.683,32.875],[-79.676,32.874]]]}},{"type":"Feature","properties":{"date":"2019-03-18","label":"18 Mar","yday":77,"tier":"day","major":false},"geometry":{"type":"MultiLineString","coordinates":[[[-94.97,30.825],[-94.925,30.833],[-94.916,30.834]],[[-94.846,30.846],[-94.825,30.85],[-94.775,30.859],[-94.725,30.869],[-94.696,30.875],[-94.675,30.879],[-94.625,30.89],[-94.575,30.901],[-94.525,30.912],[-94.475,30.924],[-94.472,30.925],[-94.425,30.937],[-94.375,30.95],[-94.325,30.963],[-94.282,30.975],[-94.275,30.977],[-94.225,30.992],[-94.175,31.007],[-94.125,31.023],[-94.119,31.025],[-94.075,31.04],[-94.025,31.058],[-93.978,31.075],[-93.975,31.076],[-93.925,31.095],[-93.875,31.114],[-93.847,31.125],[-93.825,31.134],[-93.775,31.153],[-93.725,31.172],[-93.717,31.175],[-93.675,31.191],[-93.625,31.209],[-93.579,31.225],[-93.575,31.227],[-93.525,31.244],[-93.475,31.26],[-93.428,31.275],[-93.425,31.276],[-93.375,31.291],[-93.325,31.305],[-93.275,31.319],[-93.252,31.325],[-93.225,31.332],[-93.175,31.344],[-93.125,31.356],[-93.075,31.366],[-93.033,31.375],[-93.025,31.377],[-92.975,31.386],[-92.925,31.395],[-92.875,31.404],[-92.825,31.413],[-92.775,31.421],[-92.771,31.421]],[[-92.511,31.461],[-92.475,31.466],[-92.425,31.474],[-92.417,31.475],[-92.375,31.481],[-92.325,31.489],[-92.275,31.496],[-92.25,31.5]],[[-91.214,31.636],[-91.175,31.641],[-91.125,31.647],[-91.075,31.654],[-91.025,31.661],[-90.975,31.667],[-90.925,31.674],[-90.921,31.675],[-90.875,31.681],[-90.825,31.689],[-90.775,31.696],[-90.725,31.704],[-90.675,31.711],[-90.625,31.719],[-90.588,31.725],[-90.575,31.727],[-90.525,31.735],[-90.475,31.744],[-90.425,31.752],[-90.375,31.761],[-90.325,31.77],[-90.298,31.775],[-90.275,31.779],[-90.225,31.789],[-90.175,31.798],[-90.125,31.808],[-90.075,31.818],[-90.043,31.825],[-90.025,31.829],[-89.975,31.839],[-89.925,31.85],[-89.875,31.861],[-89.825,31.873],[-89.816,31.875],[-89.775,31.885],[-89.725,31.897],[-89.675,31.909],[-89.625,31.922],[-89.613,31.925],[-89.575,31.935],[-89.525,31.948],[-89.475,31.962],[-89.429,31.975],[-89.425,31.976],[-89.375,31.99],[-89.325,32.005],[-89.275,32.02],[-89.257,32.025],[-89.225,32.035],[-89.175,32.05],[-89.125,32.065],[-89.094,32.075],[-89.075,32.081],[-89.025,32.097],[-88.975,32.112],[-88.936,32.125],[-88.925,32.128],[-88.875,32.144],[-88.825,32.16],[-88.778,32.175],[-88.775,32.176],[-88.725,32.192],[-88.675,32.208],[-88.625,32.223],[-88.62,32.225],[-88.575,32.239],[-88.525,32.254],[-88.475,32.27],[-88.458,32.275],[-88.425,32.285],[-88.375,32.3],[-88.325,32.316],[-88.294,32.325],[-88.275,32.331],[-88.225,32.346],[-88.175,32.361]],[[-86.986,32.636],[-86.975,32.637],[-86.925,32.645],[-86.875,32.652],[-86.825,32.658],[-86.775,32.664],[-86.725,32.67],[-86.68,32.675],[-86.675,32.676],[-86.625,32.681],[-86.575,32.685],[-86.525,32.69],[-86.475,32.694],[-86.425,32.697],[-86.375,32.7],[-86.325,32.703],[-86.275,32.705],[-86.225,32.707],[-86.175,32.708],[-86.125,32.709],[-86.075,32.71],[-86.025,32.711],[-85.975,32.711],[-85.925,32.711],[-85.875,32.711],[-85.825,32.711],[-85.775,32.71],[-85.725,32.709],[-85.675,32.709],[-85.625,32.708],[-85.575,32.707],[-85.525,32.706],[-85.475,32.704],[-85.425,32.703],[-85.375,32.702],[-85.325,32.701],[-85.275,32.7],[-85.225,32.698],[-85.175,32.697],[-85.125,32.695],[-85.075,32.693],[-85.025,32.692],[-84.975,32.69],[-84.925,32.688],[-84.875,32.685],[-84.825,32.683],[-84.775,32.68],[-84.725,32.678],[-84.675,32.676],[-84.664,32.675],[-84.625,32.673],[-84.575,32.671],[-84.525,32.668],[-84.475,32.666],[-84.425,32.664],[-84.375,32.662],[-84.325,32.661],[-84.275,32.659],[-84.225,32.658],[-84.175,32.657],[-84.125,32.657],[-84.075,32.656],[-84.025,32.656],[-83.975,32.656],[-83.925,32.657],[-83.875,32.658],[-83.825,32.659],[-83.775,32.661],[-83.725,32.663],[-83.675,32.665],[-83.625,32.667],[-83.575,32.67],[-83.525,32.673],[-83.482,32.675],[-83.475,32.675],[-83.425,32.679],[-83.375,32.682],[-83.325,32.686],[-83.275,32.691],[-83.225,32.696],[-83.175,32.702],[-83.125,32.709],[-83.075,32.717],[-83.025,32.725],[-83.025,32.725],[-82.975,32.734],[-82.925,32.744],[-82.875,32.755],[-82.825,32.766],[-82.789,32.775],[-82.775,32.778],[-82.725,32.791],[-82.675,32.804],[-82.625,32.817],[-82.594,32.825],[-82.575,32.83],[-82.525,32.844],[-82.475,32.857],[-82.425,32.871],[-82.409,32.875],[-82.375,32.884],[-82.325,32.898],[-82.275,32.911],[-82.225,32.924],[-82.221,32.925],[-82.175,32.937],[-82.125,32.949],[-82.075,32.961],[-82.025,32.973],[-82.015,32.975],[-81.975,32.984],[-81.925,32.994],[-81.875,33.004],[-81.825,33.013],[-81.775,33.022],[-81.756,33.025],[-81.725,33.03],[-81.675,33.037],[-81.625,33.044],[-81.575,33.05],[-81.525,33.056],[-81.475,33.061],[-81.425,33.066],[-81.375,33.07],[-81.325,33.074],[-81.305,33.075],[-81.275,33.077],[-81.225,33.08],[-81.175,33.082],[-81.125,33.084],[-81.075,33.085],[-81.025,33.086],[-80.975,33.086],[-80.925,33.086],[-80.875,33.086],[-80.825,33.085],[-80.775,33.084],[-80.725,33.082],[-80.675,33.08],[-80.625,33.078],[-80.575,33.076],[-80.555,33.075],[-80.525,33.074],[-80.475,33.071],[-80.425,33.068],[-80.375,33.064],[-80.325,33.061],[-80.275,33.056],[-80.225,33.052],[-80.175,33.046],[-80.125,33.041],[-80.075,33.034],[-80.025,33.027],[-80.011,33.025],[-79.975,33.019],[-79.925,33.011],[-79.875,33.002],[-79.825,32.993],[-79.775,32.983],[-79.733,32.975],[-79.725,32.973],[-79.675,32.964],[-79.625,32.954]]]}},{"type":"Feature","properties":{"date":"2019-03-19","label":"19 Mar","yday":78,"tier":"day","major":false},"geometry":{"type":"MultiLineString","coordinates":[[[-95.156,30.906],[-95.125,30.911],[-95.075,30.918],[-95.032,30.925],[-95.025,30.926],[-94.975,30.934],[-94.925,30.943],[-94.875,30.951],[-94.825,30.96],[-94.775,30.97],[-94.75,30.975],[-94.725,30.98],[-94.675,30.991],[-94.625,31.002],[-94.575,31.013],[-94.526,31.025],[-94.525,31.025],[-94.475,31.038],[-94.425,31.051],[-94.375,31.065],[-94.341,31.075],[-94.325,31.08],[-94.275,31.095],[-94.225,31.11],[-94.18,31.125],[-94.175,31.127],[-94.125,31.144],[-94.075,31.161],[-94.038,31.175],[-94.025,31.18],[-93.975,31.198],[-93.925,31.217],[-93.904,31.225],[-93.875,31.236],[-93.825,31.255],[-93.775,31.273],[-93.771,31.275],[-93.725,31.292],[-93.675,31.31],[-93.631,31.325],[-93.625,31.327],[-93.575,31.344],[-93.525,31.36],[-93.479,31.375],[-93.475,31.376],[-93.425,31.391],[-93.375,31.406],[-93.325,31.419],[-93.303,31.425],[-93.275,31.432],[-93.225,31.444],[-93.175,31.456],[-93.125,31.467],[-93.087,31.475],[-93.077,31.477]],[[-92.606,31.556],[-92.575,31.56],[-92.525,31.568],[-92.475,31.575],[-92.474,31.575],[-92.425,31.582],[-92.375,31.589],[-92.325,31.596],[-92.275,31.603],[-92.225,31.61],[-92.175,31.617],[-92.127,31.623]],[[-92.114,31.625],[-92.075,31.63],[-92.025,31.637],[-91.975,31.643],[-91.954,31.646]],[[-91.125,31.749],[-91.075,31.755],[-91.025,31.762],[-90.975,31.769],[-90.932,31.775],[-90.925,31.776],[-90.875,31.783],[-90.825,31.791],[-90.775,31.798],[-90.725,31.806],[-90.675,31.814],[-90.625,31.822],[-90.605,31.825],[-90.575,31.83],[-90.525,31.838],[-90.475,31.847],[-90.425,31.856],[-90.375,31.865],[-90.325,31.874],[-90.321,31.875],[-90.275,31.884],[-90.225,31.894],[-90.175,31.904],[-90.125,31.914],[-90.075,31.924],[-90.071,31.925],[-90.025,31.935],[-89.975,31.946],[-89.925,31.957],[-89.875,31.968],[-89.847,31.975],[-89.825,31.98],[-89.775,31.992],[-89.725,32.004],[-89.675,32.017],[-89.644,32.025],[-89.625,32.03],[-89.575,32.043],[-89.525,32.057],[-89.475,32.07],[-89.458,32.075],[-89.425,32.084],[-89.375,32.098],[-89.325,32.113],[-89.284,32.125],[-89.275,32.128],[-89.225,32.142],[-89.175,32.157],[-89.125,32.172],[-89.117,32.175],[-89.075,32.188],[-89.025,32.203],[-88.975,32.219],[-88.954,32.225],[-88.925,32.234],[-88.875,32.25],[-88.825,32.265],[-88.793,32.275],[-88.775,32.28],[-88.725,32.296],[-88.675,32.311],[-88.628,32.325],[-88.625,32.326],[-88.575,32.341],[-88.525,32.355],[-88.475,32.37],[-88.459,32.375],[-88.425,32.385],[-88.375,32.4],[-88.325,32.415],[-88.29,32.425],[-88.275,32.429],[-88.225,32.444],[-88.175,32.458]],[[-87.259,32.675],[-87.225,32.681],[-87.175,32.689],[-87.125,32.697],[-87.075,32.704],[-87.025,32.711],[-86.975,32.718],[-86.925,32.724],[-86.919,32.725],[-86.875,32.73],[-86.825,32.736],[-86.775,32.742],[-86.725,32.747],[-86.675,32.752],[-86.625,32.756],[-86.575,32.761],[-86.525,32.764],[-86.475,32.768],[-86.425,32.771],[-86.375,32.774],[-86.351,32.775],[-86.325,32.776],[-86.275,32.778],[-86.225,32.78],[-86.175,32.781],[-86.125,32.782],[-86.075,32.783],[-86.025,32.783],[-85.975,32.783],[-85.925,32.783],[-85.875,32.783],[-85.825,32.782],[-85.775,32.782],[-85.725,32.781],[-85.675,32.78],[-85.625,32.779],[-85.575,32.777],[-85.525,32.776],[-85.485,32.775],[-85.475,32.775],[-85.425,32.773],[-85.375,32.772],[-85.325,32.77],[-85.275,32.769],[-85.225,32.767],[-85.175,32.765],[-85.125,32.764],[-85.075,32.762],[-85.025,32.76],[-84.975,32.758],[-84.925,32.755],[-84.875,32.753],[-84.825,32.751],[-84.775,32.748],[-84.725,32.746],[-84.675,32.743],[-84.625,32.741],[-84.575,32.739],[-84.525,32.736],[-84.475,32.734],[-84.425,32.733],[-84.375,32.731],[-84.325,32.729],[-84.275,32.728],[-84.225,32.727],[-84.175,32.726],[-84.125,32.726],[-84.075,32.726],[-84.025,32.726],[-83.975,32.726],[-83.925,32.727],[-83.875,32.728],[-83.825,32.729],[-83.775,32.731],[-83.725,32.732],[-83.675,32.735],[-83.625,32.737],[-83.575,32.74],[-83.525,32.743],[-83.475,32.746],[-83.425,32.749],[-83.375,32.753],[-83.325,32.758],[-83.275,32.763],[-83.225,32.769],[-83.175,32.775],[-83.174,32.775],[-83.125,32.782],[-83.075,32.79],[-83.025,32.798],[-82.975,32.808],[-82.925,32.818],[-82.893,32.825],[-82.875,32.829],[-82.825,32.84],[-82.775,32.852],[-82.725,32.865],[-82.684,32.875],[-82.675,32.877],[-82.625,32.89],[-82.575,32.903],[-82.525,32.917],[-82.495,32.925],[-82.475,32.93],[-82.425,32.944],[-82.375,32.957],[-82.325,32.97],[-82.307,32.975],[-82.275,32.983],[-82.225,32.996],[-82.175,33.009],[-82.125,33.021],[-82.107,33.025],[-82.075,33.033],[-82.025,33.044],[-81.975,33.055],[-81.925,33.065],[-81.875,33.074],[-81.872,33.075],[-81.825,33.083],[-81.775,33.092],[-81.725,33.1],[-81.675,33.107],[-81.625,33.114],[-81.575,33.121],[-81.541,33.125],[-81.525,33.127],[-81.475,33.133],[-81.425,33.138],[-81.375,33.143],[-81.325,33.147],[-81.275,33.151],[-81.225,33.155],[-81.175,33.158],[-81.125,33.161],[-81.075,33.163],[-81.025,33.165],[-80.975,33.167],[-80.925,33.168],[-80.875,33.168],[-80.825,33.169],[-80.775,33.168],[-80.725,33.168],[-80.675,33.166],[-80.625,33.165],[-80.575,33.163],[-80.525,33.161],[-80.475,33.158],[-80.425,33.156],[-80.375,33.152],[-80.325,33.148],[-80.275,33.144],[-80.225,33.139],[-80.175,33.134],[-80.125,33.128],[-80.101,33.125],[-80.075,33.122],[-80.025,33.114],[-79.975,33.107],[-79.925,33.098],[-79.875,33.09],[-79.825,33.081],[-79.795,33.075],[-79.775,33.071],[-79.725,33.062],[-79.675,33.052],[-79.625,33.043],[-79.575,33.033],[-79.568,33.032]]]}},{"type":"Feature","properties":{"date":"2019-03-20","label":"20 Mar","yday":79,"tier":"day","major":false},"geometry":{"type":"MultiLineString","coordinates":[[[-95.175,31.017],[-95.125,31.024],[-95.118,31.025],[-95.075,31.032],[-95.025,31.039],[-94.975,31.048],[-94.925,31.056],[-94.875,31.065],[-94.825,31.074],[-94.821,31.075]],[[-94.764,31.086],[-94.725,31.095],[-94.675,31.106],[-94.625,31.118],[-94.595,31.125],[-94.575,31.13],[-94.525,31.143],[-94.475,31.157],[-94.425,31.171],[-94.413,31.175],[-94.375,31.186],[-94.325,31.202],[-94.275,31.218],[-94.254,31.225],[-94.225,31.235],[-94.175,31.252],[-94.125,31.269],[-94.109,31.275],[-94.075,31.287],[-94.025,31.306],[-93.975,31.324],[-93.972,31.325],[-93.925,31.343],[-93.875,31.361],[-93.836,31.375],[-93.825,31.379],[-93.775,31.397],[-93.725,31.415],[-93.695,31.425],[-93.675,31.432],[-93.625,31.448],[-93.575,31.464],[-93.541,31.475],[-93.525,31.48],[-93.475,31.495],[-93.425,31.509],[-93.375,31.523],[-93.366,31.525]],[[-92.703,31.653],[-92.675,31.657],[-92.625,31.664],[-92.575,31.671],[-92.545,31.675],[-92.525,31.678],[-92.475,31.685],[-92.425,31.691],[-92.375,31.698],[-92.325,31.705],[-92.275,31.711],[-92.225,31.718],[-92.175,31.724],[-92.167,31.725],[-92.125,31.73],[-92.075,31.736],[-92.025,31.743],[-91.975,31.749],[-91.925,31.755],[-91.875,31.761]],[[-91.038,31.862],[-91.025,31.864],[-90.975,31.871],[-90.946,31.875],[-90.925,31.878],[-90.875,31.885],[-90.825,31.893],[-90.775,31.9],[-90.725,31.908],[-90.675,31.916],[-90.625,31.925],[-90.624,31.925],[-90.575,31.933],[-90.525,31.942],[-90.475,31.951],[-90.425,31.96],[-90.375,31.969],[-90.346,31.975],[-90.325,31.979],[-90.275,31.989],[-90.225,31.999],[-90.175,32.009],[-90.125,32.019],[-90.099,32.025],[-90.075,32.03],[-90.025,32.041],[-89.975,32.052],[-89.925,32.064],[-89.876,32.075],[-89.875,32.075],[-89.825,32.087],[-89.775,32.099],[-89.725,32.112],[-89.675,32.125],[-89.673,32.125],[-89.625,32.138],[-89.575,32.151],[-89.525,32.164],[-89.516,32.166]],[[-89.402,32.198],[-89.375,32.206],[-89.325,32.22],[-89.308,32.225],[-89.275,32.234],[-89.225,32.249],[-89.175,32.264],[-89.137,32.275],[-89.125,32.278],[-89.075,32.293],[-89.025,32.308],[-88.975,32.323],[-88.969,32.325],[-88.925,32.338],[-88.875,32.353],[-88.825,32.368],[-88.802,32.375],[-88.775,32.383],[-88.725,32.397],[-88.675,32.412],[-88.63,32.425],[-88.625,32.426],[-88.575,32.441],[-88.525,32.455],[-88.475,32.469],[-88.456,32.475],[-88.425,32.484],[-88.375,32.498],[-88.325,32.512],[-88.28,32.525],[-88.275,32.527],[-88.237,32.537]],[[-87.514,32.714],[-87.475,32.722],[-87.458,32.725],[-87.425,32.731],[-87.375,32.74],[-87.325,32.748],[-87.275,32.757],[-87.225,32.764],[-87.175,32.772],[-87.15,32.775],[-87.125,32.778],[-87.075,32.785],[-87.025,32.791],[-86.975,32.797],[-86.925,32.803],[-86.875,32.808],[-86.825,32.814],[-86.775,32.818],[-86.725,32.823],[-86.703,32.825],[-86.675,32.827],[-86.625,32.831],[-86.575,32.835],[-86.525,32.839],[-86.475,32.842],[-86.425,32.845],[-86.375,32.847],[-86.325,32.849],[-86.275,32.851],[-86.225,32.852],[-86.175,32.853],[-86.125,32.854],[-86.075,32.855],[-86.025,32.855],[-85.975,32.855],[-85.925,32.855],[-85.875,32.854],[-85.825,32.853],[-85.775,32.852],[-85.725,32.851],[-85.675,32.85],[-85.625,32.849],[-85.575,32.847],[-85.525,32.846],[-85.475,32.844],[-85.425,32.843],[-85.375,32.841],[-85.325,32.839],[-85.275,32.837],[-85.225,32.835],[-85.175,32.834],[-85.125,32.831],[-85.075,32.829],[-85.025,32.827],[-84.978,32.825],[-84.975,32.825],[-84.925,32.823],[-84.875,32.82],[-84.825,32.818],[-84.775,32.815],[-84.725,32.813],[-84.675,32.81],[-84.625,32.808],[-84.575,32.806],[-84.525,32.804],[-84.475,32.802],[-84.425,32.8],[-84.375,32.798],[-84.325,32.797],[-84.275,32.796],[-84.225,32.795],[-84.175,32.794],[-84.125,32.794],[-84.075,32.794],[-84.025,32.794],[-83.975,32.794],[-83.925,32.795],[-83.875,32.796],[-83.825,32.797],[-83.775,32.799],[-83.725,32.801],[-83.675,32.803],[-83.625,32.806],[-83.575,32.809],[-83.525,32.812],[-83.475,32.815],[-83.425,32.819],[-83.375,32.824],[-83.361,32.825],[-83.325,32.828],[-83.275,32.834],[-83.225,32.84],[-83.175,32.846],[-83.125,32.854],[-83.075,32.862],[-83.025,32.871],[-83.004,32.875],[-82.975,32.881],[-82.925,32.891],[-82.875,32.902],[-82.825,32.913],[-82.775,32.925],[-82.775,32.925],[-82.725,32.937],[-82.675,32.95],[-82.625,32.963],[-82.579,32.975],[-82.575,32.976],[-82.525,32.989],[-82.475,33.002],[-82.425,33.016],[-82.39,33.025],[-82.375,33.029],[-82.325,33.042],[-82.275,33.055],[-82.225,33.067],[-82.194,33.075],[-82.175,33.08],[-82.125,33.091],[-82.075,33.103],[-82.025,33.114],[-81.975,33.125],[-81.973,33.125],[-81.925,33.135],[-81.875,33.144],[-81.825,33.153],[-81.775,33.161],[-81.725,33.169],[-81.687,33.175],[-81.675,33.177],[-81.625,33.184],[-81.575,33.191],[-81.525,33.197],[-81.475,33.203],[-81.425,33.209],[-81.375,33.215],[-81.325,33.22],[-81.275,33.225],[-81.273,33.225],[-81.225,33.229],[-81.175,33.234],[-81.125,33.238],[-81.075,33.241],[-81.025,33.244],[-80.975,33.247],[-80.925,33.249],[-80.875,33.25],[-80.825,33.252],[-80.775,33.252],[-80.725,33.252],[-80.675,33.252],[-80.625,33.251],[-80.575,33.25],[-80.525,33.248],[-80.475,33.246],[-80.425,33.243],[-80.375,33.239],[-80.325,33.235],[-80.275,33.231],[-80.225,33.226],[-80.215,33.225],[-80.175,33.221],[-80.125,33.215],[-80.075,33.208],[-80.025,33.201],[-79.975,33.193],[-79.925,33.185],[-79.875,33.176],[-79.868,33.175],[-79.825,33.167],[-79.775,33.158],[-79.725,33.149],[-79.675,33.139],[-79.625,33.13],[-79.597,33.125],[-79.575,33.121],[-79.525,33.112],[-79.475,33.103],[-79.425,33.095],[-79.375,33.087],[-79.365,33.085]]]}},{"type":"Feature","properties":{"date":"2019-03-21","label":"21 Mar","yday":80,"tier":"five","major":false},"geometry":{"type":"MultiLineString","coordinates":[[[-94.525,31.267],[-94.499,31.275],[-94.475,31.282],[-94.425,31.298],[-94.375,31.314],[-94.34,31.325],[-94.325,31.33],[-94.275,31.347],[-94.225,31.364],[-94.194,31.375],[-94.175,31.382],[-94.125,31.399],[-94.075,31.417],[-94.054,31.425],[-94.025,31.435],[-93.975,31.454],[-93.925,31.471],[-93.915,31.475],[-93.875,31.489],[-93.825,31.507],[-93.775,31.524],[-93.771,31.525],[-93.725,31.541],[-93.675,31.557],[-93.661,31.561]],[[-92.825,31.748],[-92.775,31.755],[-92.725,31.762],[-92.675,31.769],[-92.63,31.775],[-92.625,31.776],[-92.575,31.782],[-92.525,31.789],[-92.475,31.795],[-92.425,31.801],[-92.375,31.808],[-92.325,31.814],[-92.275,31.82],[-92.232,31.825],[-92.225,31.826],[-92.175,31.832],[-92.125,31.838],[-92.075,31.843],[-92.025,31.849],[-91.975,31.855],[-91.925,31.86],[-91.875,31.866]],[[-90.86,31.99],[-90.825,31.995],[-90.775,32.003],[-90.725,32.011],[-90.675,32.02],[-90.644,32.025],[-90.625,32.028],[-90.575,32.037],[-90.525,32.046],[-90.475,32.055],[-90.425,32.065],[-90.375,32.074],[-90.371,32.075],[-90.325,32.084],[-90.275,32.094],[-90.225,32.104],[-90.175,32.115],[-90.127,32.125],[-90.125,32.125],[-90.075,32.136],[-90.025,32.148],[-89.975,32.159],[-89.925,32.17],[-89.906,32.175],[-89.875,32.182],[-89.825,32.194],[-89.775,32.207],[-89.725,32.219],[-89.702,32.225],[-89.675,32.232],[-89.625,32.245],[-89.575,32.258]],[[-89.254,32.346],[-89.225,32.354],[-89.175,32.369],[-89.153,32.375],[-89.125,32.383],[-89.075,32.398],[-89.025,32.412],[-88.98,32.425],[-88.975,32.426],[-88.925,32.441],[-88.875,32.455],[-88.825,32.469],[-88.806,32.475],[-88.775,32.484],[-88.725,32.498],[-88.675,32.512],[-88.627,32.525],[-88.625,32.526],[-88.575,32.54],[-88.525,32.553],[-88.475,32.567],[-88.448,32.575],[-88.425,32.581],[-88.375,32.595],[-88.325,32.609],[-88.275,32.623]],[[-87.546,32.796],[-87.525,32.8],[-87.475,32.809],[-87.425,32.817],[-87.377,32.825],[-87.375,32.825],[-87.325,32.833],[-87.275,32.84],[-87.225,32.847],[-87.175,32.854],[-87.125,32.86],[-87.075,32.866],[-87.025,32.871],[-86.988,32.875],[-86.975,32.876],[-86.925,32.881],[-86.875,32.886],[-86.825,32.891],[-86.775,32.895],[-86.725,32.899],[-86.675,32.903],[-86.625,32.906],[-86.575,32.91],[-86.525,32.913],[-86.475,32.916],[-86.425,32.918],[-86.375,32.92],[-86.325,32.922],[-86.275,32.924],[-86.225,32.925],[-86.212,32.925],[-86.175,32.926],[-86.125,32.926],[-86.075,32.926],[-86.025,32.926],[-85.975,32.926],[-85.925,32.926],[-85.875,32.925],[-85.874,32.925],[-85.825,32.924],[-85.775,32.923],[-85.725,32.922],[-85.675,32.92],[-85.625,32.919],[-85.575,32.917],[-85.525,32.915],[-85.475,32.914],[-85.425,32.912],[-85.375,32.91],[-85.325,32.908],[-85.275,32.906],[-85.225,32.903],[-85.175,32.901],[-85.125,32.899],[-85.075,32.897],[-85.025,32.894],[-84.975,32.892],[-84.925,32.889],[-84.875,32.887],[-84.825,32.884],[-84.775,32.882],[-84.725,32.879],[-84.675,32.877],[-84.634,32.875],[-84.625,32.875],[-84.575,32.872],[-84.525,32.87],[-84.475,32.868],[-84.425,32.867],[-84.375,32.865],[-84.325,32.864],[-84.275,32.863],[-84.225,32.862],[-84.175,32.861],[-84.125,32.861],[-84.075,32.861],[-84.025,32.861],[-83.975,32.862],[-83.925,32.863],[-83.875,32.864],[-83.825,32.865],[-83.775,32.867],[-83.725,32.869],[-83.675,32.872],[-83.625,32.874],[-83.613,32.875],[-83.575,32.877],[-83.525,32.881],[-83.475,32.884],[-83.425,32.888],[-83.375,32.893],[-83.325,32.898],[-83.275,32.904],[-83.225,32.91],[-83.175,32.917],[-83.125,32.925],[-83.125,32.925],[-83.075,32.933],[-83.025,32.943],[-82.975,32.952],[-82.925,32.963],[-82.875,32.974],[-82.87,32.975],[-82.825,32.985],[-82.775,32.997],[-82.725,33.01],[-82.675,33.022],[-82.664,33.025],[-82.625,33.035],[-82.575,33.048],[-82.525,33.061],[-82.475,33.074],[-82.471,33.075],[-82.425,33.087],[-82.375,33.1],[-82.325,33.113],[-82.276,33.125],[-82.275,33.125],[-82.225,33.138],[-82.175,33.15],[-82.125,33.161],[-82.075,33.173],[-82.064,33.175],[-82.025,33.183],[-81.975,33.194],[-81.925,33.204],[-81.875,33.213],[-81.825,33.222],[-81.804,33.225],[-81.775,33.23],[-81.725,33.238],[-81.675,33.245],[-81.625,33.253],[-81.575,33.26],[-81.525,33.267],[-81.475,33.273],[-81.462,33.275],[-81.425,33.28],[-81.375,33.286],[-81.325,33.292],[-81.275,33.298],[-81.225,33.304],[-81.175,33.309],[-81.125,33.314],[-81.075,33.319],[-81.025,33.323],[-80.995,33.325],[-80.975,33.327],[-80.925,33.33],[-80.875,33.332],[-80.825,33.334],[-80.775,33.336],[-80.725,33.337],[-80.675,33.337],[-80.625,33.337],[-80.575,33.336],[-80.525,33.335],[-80.475,33.332],[-80.425,33.33],[-80.375,33.326],[-80.36,33.325],[-80.325,33.322],[-80.275,33.318],[-80.225,33.312],[-80.175,33.307],[-80.125,33.301],[-80.075,33.294],[-80.025,33.287],[-79.975,33.279],[-79.952,33.275],[-79.925,33.271],[-79.875,33.262],[-79.825,33.253],[-79.775,33.244],[-79.725,33.235],[-79.675,33.226],[-79.669,33.225],[-79.625,33.217],[-79.575,33.208],[-79.525,33.199],[-79.475,33.191],[-79.425,33.182],[-79.377,33.175],[-79.375,33.175],[-79.325,33.168],[-79.287,33.163]]]}},{"type":"Feature","properties":{"date":"2019-03-22","label":"22 Mar","yday":81,"tier":"day","major":false},"geometry":{"type":"MultiLineString","coordinates":[[[-94.475,31.414],[-94.441,31.425],[-94.425,31.43],[-94.375,31.447],[-94.325,31.464],[-94.292,31.475],[-94.275,31.481],[-94.225,31.498],[-94.175,31.516],[-94.149,31.525],[-94.125,31.533],[-94.075,31.551],[-94.025,31.569],[-94.007,31.575],[-93.975,31.586],[-93.925,31.604],[-93.875,31.621],[-93.862,31.625]],[[-92.858,31.858],[-92.825,31.862],[-92.775,31.869],[-92.73,31.875],[-92.725,31.876],[-92.675,31.882],[-92.625,31.888],[-92.575,31.895],[-92.525,31.901],[-92.475,31.906],[-92.425,31.912],[-92.375,31.918],[-92.325,31.924],[-92.313,31.925],[-92.275,31.929],[-92.225,31.935],[-92.175,31.94],[-92.125,31.946],[-92.075,31.951],[-92.025,31.956],[-91.975,31.962],[-91.963,31.963]],[[-90.431,32.169],[-90.425,32.17],[-90.4,32.175],[-90.375,32.18],[-90.325,32.19],[-90.275,32.2],[-90.225,32.211],[-90.175,32.221],[-90.157,32.225]],[[-90.116,32.234],[-90.075,32.243],[-90.025,32.254],[-89.975,32.266],[-89.935,32.275],[-89.925,32.277],[-89.875,32.289],[-89.825,32.301],[-89.775,32.314],[-89.729,32.325],[-89.725,32.326],[-89.675,32.339],[-89.625,32.352],[-89.575,32.365]],[[-89.039,32.511],[-89.025,32.515],[-88.988,32.525],[-88.975,32.528],[-88.925,32.542],[-88.875,32.556],[-88.825,32.57],[-88.806,32.575],[-88.775,32.584],[-88.725,32.597],[-88.675,32.611],[-88.625,32.624],[-88.622,32.625],[-88.575,32.638],[-88.525,32.651],[-88.475,32.665],[-88.437,32.675],[-88.425,32.678],[-88.388,32.688]],[[-87.575,32.878],[-87.525,32.887],[-87.475,32.895],[-87.425,32.903],[-87.375,32.91],[-87.325,32.917],[-87.275,32.924],[-87.263,32.925],[-87.225,32.93],[-87.175,32.935],[-87.125,32.941],[-87.075,32.946],[-87.025,32.951],[-86.975,32.955],[-86.925,32.959],[-86.875,32.963],[-86.825,32.967],[-86.775,32.971],[-86.725,32.975],[-86.719,32.975],[-86.675,32.978],[-86.625,32.981],[-86.575,32.984],[-86.525,32.987],[-86.475,32.989],[-86.425,32.992],[-86.375,32.994],[-86.325,32.995],[-86.275,32.996],[-86.225,32.997],[-86.175,32.998],[-86.125,32.998],[-86.075,32.998],[-86.025,32.998],[-85.975,32.998],[-85.925,32.997],[-85.875,32.996],[-85.825,32.995],[-85.775,32.993],[-85.725,32.992],[-85.675,32.99],[-85.625,32.989],[-85.575,32.987],[-85.525,32.985],[-85.475,32.983],[-85.425,32.981],[-85.375,32.978],[-85.325,32.976],[-85.305,32.975],[-85.275,32.974],[-85.225,32.971],[-85.175,32.969],[-85.125,32.966],[-85.075,32.964],[-85.025,32.961],[-84.975,32.958],[-84.925,32.956],[-84.875,32.953],[-84.825,32.95],[-84.775,32.948],[-84.725,32.945],[-84.675,32.943],[-84.625,32.941],[-84.575,32.938],[-84.525,32.936],[-84.475,32.934],[-84.425,32.933],[-84.375,32.931],[-84.325,32.93],[-84.275,32.929],[-84.225,32.928],[-84.178,32.928]],[[-84.122,32.928],[-84.075,32.928],[-84.025,32.928],[-83.975,32.929],[-83.925,32.93],[-83.875,32.931],[-83.825,32.933],[-83.784,32.934]],[[-83.553,32.947],[-83.525,32.949],[-83.475,32.953],[-83.425,32.957],[-83.375,32.962],[-83.325,32.967],[-83.275,32.973],[-83.262,32.975],[-83.225,32.98],[-83.175,32.987],[-83.125,32.995],[-83.075,33.004],[-83.025,33.014],[-82.975,33.024],[-82.968,33.025],[-82.925,33.034],[-82.875,33.045],[-82.825,33.057],[-82.775,33.069],[-82.75,33.075],[-82.725,33.081],[-82.675,33.094],[-82.625,33.106],[-82.575,33.119],[-82.552,33.125],[-82.525,33.132],[-82.475,33.145],[-82.425,33.158],[-82.375,33.17],[-82.356,33.175],[-82.325,33.183],[-82.275,33.195],[-82.225,33.207],[-82.175,33.219],[-82.149,33.225],[-82.125,33.231],[-82.075,33.242],[-82.025,33.252],[-81.975,33.262],[-81.925,33.272],[-81.908,33.275],[-81.875,33.281],[-81.825,33.289],[-81.775,33.298],[-81.725,33.305],[-81.675,33.313],[-81.625,33.321],[-81.596,33.325],[-81.575,33.328],[-81.525,33.336],[-81.475,33.343],[-81.425,33.35],[-81.375,33.357],[-81.325,33.364],[-81.275,33.371],[-81.247,33.375],[-81.225,33.378],[-81.175,33.384],[-81.125,33.39],[-81.075,33.396],[-81.025,33.401],[-80.975,33.406],[-80.925,33.41],[-80.875,33.414],[-80.825,33.417],[-80.775,33.42],[-80.725,33.421],[-80.675,33.422],[-80.625,33.423],[-80.575,33.422],[-80.525,33.421],[-80.475,33.419],[-80.425,33.416],[-80.375,33.413],[-80.325,33.409],[-80.275,33.404],[-80.225,33.399],[-80.175,33.393],[-80.125,33.386],[-80.075,33.379],[-80.045,33.375],[-80.025,33.372],[-79.975,33.364],[-79.925,33.356],[-79.875,33.348],[-79.825,33.339],[-79.775,33.33],[-79.745,33.325],[-79.725,33.321],[-79.675,33.313],[-79.625,33.304],[-79.575,33.295],[-79.525,33.286],[-79.475,33.278],[-79.456,33.275],[-79.425,33.27],[-79.375,33.263],[-79.325,33.256],[-79.303,33.253]]]}},{"type":"Feature","properties":{"date":"2019-03-23","label":"23 Mar","yday":82,"tier":"day","major":false},"geometry":{"type":"MultiLineString","coordinates":[[[-94.175,31.654],[-94.125,31.671],[-94.122,31.672]],[[-92.975,31.958],[-92.925,31.964],[-92.875,31.971],[-92.846,31.975],[-92.825,31.978],[-92.775,31.984],[-92.725,31.99],[-92.675,31.996],[-92.625,32.002],[-92.575,32.007],[-92.525,32.013],[-92.475,32.018],[-92.425,32.024],[-92.411,32.025],[-92.375,32.029],[-92.325,32.034],[-92.275,32.039],[-92.225,32.044],[-92.175,32.049],[-92.125,32.054],[-92.075,32.059],[-92.025,32.064]],[[-89.781,32.419],[-89.775,32.421],[-89.758,32.425]],[[-88.629,32.721],[-88.625,32.722],[-88.615,32.725]],[[-87.575,32.966],[-87.525,32.974],[-87.517,32.975],[-87.475,32.981],[-87.425,32.988],[-87.375,32.995],[-87.325,33.001],[-87.275,33.007],[-87.225,33.012],[-87.175,33.017],[-87.125,33.022],[-87.087,33.025],[-87.075,33.026],[-87.025,33.03],[-86.975,33.034],[-86.925,33.038],[-86.875,33.041],[-86.825,33.044],[-86.775,33.047],[-86.725,33.051],[-86.675,33.054],[-86.625,33.057],[-86.575,33.059],[-86.525,33.062],[-86.475,33.064],[-86.425,33.066],[-86.375,33.067],[-86.325,33.069],[-86.275,33.07],[-86.225,33.07],[-86.175,33.071],[-86.125,33.071],[-86.075,33.07],[-86.025,33.07],[-85.975,33.069],[-85.925,33.068],[-85.875,33.067],[-85.825,33.066],[-85.775,33.064],[-85.725,33.062],[-85.675,33.06],[-85.625,33.058],[-85.575,33.056],[-85.525,33.054],[-85.475,33.052],[-85.425,33.049],[-85.375,33.047],[-85.325,33.044],[-85.275,33.042],[-85.225,33.039],[-85.175,33.036],[-85.125,33.033],[-85.075,33.031],[-85.025,33.028],[-84.977,33.025],[-84.975,33.025],[-84.925,33.022],[-84.875,33.019],[-84.825,33.017],[-84.775,33.014],[-84.725,33.011],[-84.675,33.009],[-84.625,33.006],[-84.575,33.004],[-84.525,33.002],[-84.475,33.0],[-84.425,32.999],[-84.375,32.997],[-84.325,32.996],[-84.275,32.995],[-84.245,32.995]],[[-84.056,32.994],[-84.025,32.994],[-83.975,32.995],[-83.925,32.996],[-83.875,32.998],[-83.849,32.999]],[[-83.425,33.025],[-83.375,33.03],[-83.325,33.036],[-83.275,33.042],[-83.225,33.049],[-83.175,33.057],[-83.125,33.065],[-83.075,33.075],[-83.072,33.075],[-83.025,33.084],[-82.975,33.094],[-82.925,33.105],[-82.875,33.116],[-82.838,33.125],[-82.825,33.128],[-82.775,33.14],[-82.725,33.152],[-82.675,33.164],[-82.633,33.175],[-82.625,33.177],[-82.575,33.19],[-82.525,33.202],[-82.475,33.215],[-82.435,33.225],[-82.425,33.228],[-82.375,33.24],[-82.325,33.252],[-82.275,33.264],[-82.23,33.275],[-82.225,33.276],[-82.175,33.288],[-82.125,33.299],[-82.075,33.31],[-82.025,33.32],[-82.001,33.325],[-81.975,33.33],[-81.925,33.339],[-81.875,33.348],[-81.825,33.356],[-81.775,33.364],[-81.725,33.372],[-81.709,33.375],[-81.675,33.38],[-81.625,33.388],[-81.575,33.396],[-81.525,33.404],[-81.475,33.412],[-81.425,33.42],[-81.396,33.425],[-81.375,33.428],[-81.325,33.436],[-81.275,33.444],[-81.225,33.452],[-81.175,33.46],[-81.125,33.467],[-81.075,33.474],[-81.064,33.475],[-81.025,33.48],[-80.975,33.486],[-80.925,33.491],[-80.875,33.496],[-80.825,33.5],[-80.775,33.503],[-80.725,33.506],[-80.675,33.507],[-80.625,33.508],[-80.575,33.508],[-80.525,33.507],[-80.475,33.506],[-80.425,33.503],[-80.375,33.5],[-80.325,33.495],[-80.275,33.491],[-80.225,33.485],[-80.175,33.479],[-80.144,33.475],[-80.125,33.472],[-80.075,33.465],[-80.025,33.458],[-79.975,33.45],[-79.925,33.442],[-79.875,33.434],[-79.825,33.425],[-79.824,33.425],[-79.775,33.417],[-79.725,33.408],[-79.675,33.399],[-79.625,33.391],[-79.575,33.382],[-79.53,33.375],[-79.525,33.374],[-79.475,33.366],[-79.425,33.359],[-79.375,33.351],[-79.325,33.345],[-79.307,33.343]],[[-79.235,33.335],[-79.225,33.334],[-79.175,33.33]]]}},{"type":"Feature","properties":{"date":"2019-03-24","label":"24 Mar","yday":83,"tier":"day","major":false},"geometry":{"type":"MultiLineString","coordinates":[[[-93.025,32.069],[-92.979,32.075],[-92.975,32.075],[-92.925,32.082],[-92.875,32.088],[-92.825,32.094],[-92.775,32.099],[-92.725,32.105],[-92.675,32.11],[-92.625,32.115],[-92.575,32.12],[-92.53,32.125],[-92.525,32.125],[-92.475,32.13],[-92.425,32.135],[-92.375,32.14],[-92.325,32.145],[-92.275,32.15],[-92.225,32.154],[-92.175,32.159],[-92.125,32.164],[-92.075,32.168],[-92.069,32.169]],[[-87.542,33.058],[-87.525,33.061],[-87.475,33.067],[-87.425,33.074],[-87.414,33.075],[-87.375,33.08],[-87.325,33.085],[-87.275,33.09],[-87.225,33.095],[-87.175,33.099],[-87.125,33.103],[-87.075,33.107],[-87.025,33.11],[-86.975,33.113],[-86.925,33.116],[-86.875,33.119],[-86.825,33.122],[-86.775,33.125],[-86.767,33.125],[-86.725,33.127],[-86.675,33.13],[-86.625,33.133],[-86.575,33.135],[-86.525,33.137],[-86.475,33.139],[-86.425,33.141],[-86.375,33.142],[-86.325,33.143],[-86.275,33.143],[-86.225,33.144],[-86.175,33.144],[-86.125,33.143],[-86.075,33.143],[-86.025,33.142],[-85.975,33.141],[-85.925,33.14],[-85.875,33.138],[-85.825,33.137],[-85.775,33.135],[-85.725,33.133],[-85.675,33.131],[-85.625,33.129],[-85.575,33.126],[-85.552,33.125],[-85.525,33.124],[-85.475,33.121],[-85.425,33.118],[-85.375,33.116],[-85.325,33.113],[-85.275,33.11],[-85.225,33.107],[-85.175,33.104],[-85.125,33.101],[-85.075,33.098],[-85.025,33.095],[-84.975,33.092],[-84.925,33.088],[-84.875,33.086],[-84.825,33.083],[-84.775,33.08],[-84.725,33.077],[-84.685,33.075],[-84.675,33.074],[-84.625,33.072],[-84.575,33.07],[-84.525,33.068],[-84.475,33.066],[-84.425,33.064],[-84.375,33.063],[-84.362,33.062]],[[-83.425,33.094],[-83.375,33.099],[-83.325,33.105],[-83.275,33.111],[-83.225,33.119],[-83.186,33.125],[-83.175,33.127],[-83.125,33.135],[-83.075,33.145],[-83.025,33.155],[-82.975,33.165],[-82.929,33.175],[-82.925,33.176],[-82.875,33.187],[-82.825,33.199],[-82.775,33.211],[-82.725,33.223],[-82.716,33.225],[-82.675,33.235],[-82.625,33.247],[-82.575,33.26],[-82.525,33.272],[-82.515,33.275],[-82.475,33.285],[-82.425,33.297],[-82.375,33.309],[-82.325,33.321],[-82.309,33.325],[-82.275,33.333],[-82.225,33.344],[-82.175,33.356],[-82.125,33.367],[-82.085,33.375],[-82.075,33.377],[-82.025,33.387],[-81.975,33.397],[-81.925,33.406],[-81.875,33.414],[-81.825,33.423],[-81.81,33.425],[-81.775,33.431],[-81.725,33.439],[-81.675,33.447],[-81.625,33.455],[-81.575,33.464],[-81.525,33.473],[-81.511,33.475],[-81.475,33.481],[-81.425,33.49],[-81.375,33.499],[-81.325,33.509],[-81.275,33.517],[-81.232,33.525],[-81.225,33.526],[-81.175,33.535],[-81.125,33.543],[-81.075,33.551],[-81.025,33.559],[-80.975,33.566],[-80.925,33.572],[-80.9,33.575],[-80.875,33.578],[-80.825,33.583],[-80.775,33.587],[-80.725,33.59],[-80.675,33.593],[-80.625,33.594],[-80.575,33.594],[-80.525,33.594],[-80.475,33.592],[-80.425,33.59],[-80.375,33.586],[-80.325,33.582],[-80.275,33.577],[-80.253,33.575],[-80.225,33.572],[-80.175,33.566],[-80.125,33.559],[-80.075,33.552],[-80.025,33.544],[-79.975,33.536],[-79.925,33.528],[-79.905,33.525],[-79.875,33.52],[-79.825,33.512],[-79.775,33.503],[-79.725,33.495],[-79.675,33.487],[-79.625,33.479],[-79.602,33.475],[-79.575,33.471],[-79.525,33.463],[-79.475,33.455],[-79.425,33.448],[-79.375,33.442],[-79.325,33.436],[-79.275,33.431],[-79.225,33.426],[-79.212,33.425],[-79.175,33.422]]]}},{"type":"Feature","properties":{"date":"2019-03-25","label":"25 Mar","yday":84,"tier":"day","major":false},"geometry":{"type":"MultiLineString","coordinates":[[[-93.025,32.188],[-92.975,32.194],[-92.925,32.199],[-92.875,32.204],[-92.825,32.21],[-92.775,32.215],[-92.725,32.22],[-92.675,32.224],[-92.669,32.225],[-92.625,32.229],[-92.575,32.234],[-92.525,32.238],[-92.475,32.243],[-92.425,32.247],[-92.375,32.252],[-92.325,32.256],[-92.275,32.26],[-92.225,32.265],[-92.175,32.269],[-92.17,32.27]],[[-87.825,33.099],[-87.775,33.109],[-87.725,33.117],[-87.68,33.125],[-87.675,33.126],[-87.625,33.134],[-87.615,33.135]],[[-87.545,33.145],[-87.525,33.148],[-87.475,33.154],[-87.425,33.159],[-87.375,33.164],[-87.325,33.169],[-87.275,33.174],[-87.26,33.175],[-87.225,33.178],[-87.175,33.182],[-87.125,33.185],[-87.075,33.188],[-87.025,33.191],[-86.975,33.194],[-86.925,33.196],[-86.875,33.199],[-86.825,33.201],[-86.775,33.203],[-86.725,33.206],[-86.675,33.208],[-86.625,33.21],[-86.575,33.212],[-86.525,33.214],[-86.475,33.215],[-86.425,33.216],[-86.375,33.217],[-86.325,33.218],[-86.275,33.218],[-86.225,33.218],[-86.175,33.218],[-86.125,33.217],[-86.075,33.216],[-86.025,33.215],[-85.975,33.214],[-85.925,33.212],[-85.875,33.211],[-85.825,33.209],[-85.775,33.206],[-85.725,33.204],[-85.675,33.202],[-85.625,33.199],[-85.575,33.197],[-85.525,33.194],[-85.475,33.191],[-85.425,33.188],[-85.375,33.185],[-85.325,33.182],[-85.275,33.178],[-85.225,33.175],[-85.225,33.175],[-85.175,33.172],[-85.125,33.168],[-85.075,33.165],[-85.025,33.162],[-84.975,33.158],[-84.925,33.155],[-84.875,33.152],[-84.825,33.149],[-84.797,33.147]],[[-83.425,33.162],[-83.375,33.168],[-83.325,33.174],[-83.318,33.175],[-83.275,33.181],[-83.225,33.188],[-83.175,33.197],[-83.125,33.206],[-83.075,33.215],[-83.026,33.225],[-83.025,33.225],[-82.975,33.236],[-82.925,33.247],[-82.875,33.258],[-82.825,33.27],[-82.802,33.275],[-82.775,33.281],[-82.725,33.293],[-82.675,33.306],[-82.625,33.318],[-82.595,33.325],[-82.575,33.33],[-82.525,33.342],[-82.475,33.354],[-82.425,33.366],[-82.388,33.375],[-82.375,33.378],[-82.325,33.39],[-82.275,33.401],[-82.225,33.412],[-82.175,33.423],[-82.165,33.425],[-82.125,33.433],[-82.075,33.444],[-82.025,33.453],[-81.975,33.463],[-81.925,33.472],[-81.905,33.475],[-81.875,33.48],[-81.825,33.488],[-81.775,33.497],[-81.725,33.505],[-81.675,33.513],[-81.625,33.522],[-81.61,33.525],[-81.575,33.531],[-81.525,33.541],[-81.475,33.551],[-81.425,33.561],[-81.375,33.571],[-81.354,33.575],[-81.325,33.581],[-81.275,33.591],[-81.225,33.601],[-81.175,33.61],[-81.125,33.62],[-81.096,33.625],[-81.075,33.629],[-81.025,33.638],[-80.975,33.646],[-80.925,33.653],[-80.875,33.66],[-80.825,33.666],[-80.775,33.67],[-80.725,33.674],[-80.714,33.675],[-80.675,33.677],[-80.625,33.679],[-80.575,33.68],[-80.525,33.68],[-80.475,33.679],[-80.425,33.676],[-80.403,33.675],[-80.375,33.673],[-80.325,33.669],[-80.275,33.665],[-80.225,33.659],[-80.175,33.653],[-80.125,33.646],[-80.075,33.639],[-80.025,33.631],[-79.984,33.625],[-79.975,33.624],[-79.925,33.616],[-79.875,33.607],[-79.825,33.599],[-79.775,33.591],[-79.725,33.583],[-79.675,33.575],[-79.672,33.575],[-79.625,33.568],[-79.575,33.56],[-79.525,33.553],[-79.475,33.546],[-79.425,33.539],[-79.375,33.533],[-79.325,33.527],[-79.299,33.525],[-79.275,33.523],[-79.225,33.519],[-79.175,33.515],[-79.125,33.513],[-79.089,33.511]]]}},{"type":"Feature","properties":{"date":"2019-03-26","label":"26 Mar","yday":85,"tier":"five","major":false},"geometry":{"type":"MultiLineString","coordinates":[[[-93.075,32.301],[-93.025,32.306],[-92.975,32.311],[-92.925,32.316],[-92.875,32.321],[-92.871,32.321]],[[-89.627,32.777],[-89.625,32.777],[-89.575,32.789],[-89.556,32.794]],[[-87.747,33.203],[-87.725,33.206],[-87.675,33.214],[-87.625,33.222],[-87.599,33.225],[-87.575,33.228],[-87.525,33.234],[-87.475,33.24],[-87.425,33.245],[-87.375,33.25],[-87.325,33.254],[-87.275,33.258],[-87.225,33.262],[-87.175,33.265],[-87.125,33.268],[-87.075,33.271],[-87.025,33.273],[-86.988,33.275],[-86.975,33.276],[-86.925,33.278],[-86.875,33.28],[-86.825,33.282],[-86.775,33.284],[-86.725,33.286],[-86.675,33.287],[-86.625,33.289],[-86.575,33.291],[-86.525,33.292],[-86.475,33.293],[-86.425,33.294],[-86.375,33.294],[-86.325,33.294],[-86.275,33.294],[-86.225,33.294],[-86.175,33.293],[-86.125,33.292],[-86.075,33.291],[-86.025,33.289],[-85.975,33.287],[-85.925,33.285],[-85.875,33.283],[-85.825,33.281],[-85.775,33.279],[-85.725,33.276],[-85.706,33.275],[-85.675,33.273],[-85.625,33.27],[-85.575,33.267],[-85.525,33.264],[-85.475,33.261],[-85.425,33.258],[-85.375,33.254],[-85.325,33.251],[-85.275,33.247],[-85.225,33.244],[-85.175,33.24],[-85.125,33.237],[-85.075,33.233],[-85.025,33.229],[-84.976,33.226]],[[-83.418,33.232],[-83.375,33.237],[-83.325,33.244],[-83.275,33.251],[-83.225,33.259],[-83.175,33.267],[-83.133,33.275],[-83.125,33.276],[-83.075,33.286],[-83.025,33.296],[-82.975,33.307],[-82.925,33.318],[-82.892,33.325],[-82.875,33.329],[-82.825,33.34],[-82.775,33.352],[-82.725,33.364],[-82.679,33.375]],[[-82.542,33.408],[-82.525,33.412],[-82.475,33.424],[-82.469,33.425],[-82.425,33.435],[-82.375,33.447],[-82.325,33.458],[-82.275,33.469],[-82.246,33.475],[-82.225,33.479],[-82.175,33.49],[-82.125,33.5],[-82.075,33.51],[-82.025,33.519],[-81.993,33.525],[-81.975,33.528],[-81.925,33.537],[-81.875,33.546],[-81.825,33.554],[-81.775,33.562],[-81.725,33.571],[-81.702,33.575],[-81.675,33.58],[-81.625,33.59],[-81.575,33.6],[-81.525,33.61],[-81.475,33.621],[-81.455,33.625],[-81.425,33.631],[-81.375,33.642],[-81.325,33.653],[-81.275,33.664],[-81.226,33.675],[-81.225,33.675],[-81.175,33.686],[-81.125,33.696],[-81.075,33.707],[-81.025,33.716],[-80.976,33.725],[-80.975,33.725],[-80.925,33.734],[-80.875,33.741],[-80.825,33.748],[-80.775,33.753],[-80.725,33.758],[-80.675,33.761],[-80.625,33.763],[-80.575,33.765],[-80.525,33.765],[-80.475,33.764],[-80.425,33.762],[-80.375,33.76],[-80.325,33.756],[-80.275,33.751],[-80.225,33.746],[-80.175,33.74],[-80.125,33.734],[-80.075,33.727],[-80.061,33.725],[-80.025,33.72],[-79.975,33.712],[-79.925,33.704],[-79.875,33.696],[-79.825,33.688],[-79.775,33.681],[-79.737,33.675],[-79.725,33.673],[-79.675,33.666],[-79.625,33.658],[-79.575,33.651],[-79.525,33.644],[-79.475,33.637],[-79.425,33.631],[-79.375,33.625],[-79.372,33.625],[-79.325,33.62],[-79.275,33.616],[-79.225,33.612],[-79.175,33.609],[-79.125,33.607],[-79.075,33.606],[-79.025,33.606],[-78.994,33.606]]]}},{"type":"Feature","properties":{"date":"2019-03-27","label":"27 Mar","yday":86,"tier":"day","major":false},"geometry":{"type":"MultiLineString","coordinates":[[[-89.675,32.873],[-89.665,32.875],[-89.625,32.884],[-89.575,32.895],[-89.525,32.907]],[[-87.644,33.306],[-87.625,33.309],[-87.575,33.315],[-87.525,33.321],[-87.484,33.325],[-87.475,33.326],[-87.425,33.331],[-87.375,33.335],[-87.325,33.339],[-87.275,33.343],[-87.225,33.346],[-87.175,33.349],[-87.125,33.352],[-87.075,33.354],[-87.025,33.357],[-86.975,33.359],[-86.925,33.361],[-86.875,33.362],[-86.825,33.364],[-86.775,33.366],[-86.725,33.367],[-86.675,33.368],[-86.625,33.37],[-86.575,33.371],[-86.525,33.371],[-86.475,33.372],[-86.425,33.372],[-86.375,33.372],[-86.325,33.372],[-86.275,33.371],[-86.225,33.37],[-86.175,33.369],[-86.125,33.368],[-86.075,33.366],[-86.025,33.364],[-85.975,33.362],[-85.925,33.36],[-85.875,33.357],[-85.825,33.355],[-85.775,33.352],[-85.725,33.349],[-85.675,33.346],[-85.625,33.343],[-85.575,33.339],[-85.525,33.336],[-85.475,33.332],[-85.425,33.329],[-85.375,33.325],[-85.375,33.325],[-85.325,33.321],[-85.275,33.317],[-85.225,33.313],[-85.175,33.309],[-85.125,33.305],[-85.075,33.302],[-85.05,33.3]],[[-83.338,33.312],[-83.325,33.314],[-83.275,33.321],[-83.253,33.325]],[[-83.159,33.341],[-83.125,33.347],[-83.075,33.357],[-83.025,33.367],[-82.988,33.375]],[[-82.452,33.498],[-82.425,33.504],[-82.375,33.515],[-82.329,33.525],[-82.325,33.526],[-82.275,33.536],[-82.225,33.547],[-82.175,33.557],[-82.125,33.567],[-82.081,33.575],[-82.075,33.576],[-82.025,33.585],[-81.975,33.594],[-81.925,33.603],[-81.875,33.612],[-81.825,33.62],[-81.797,33.625],[-81.775,33.629],[-81.725,33.638],[-81.675,33.647],[-81.625,33.658],[-81.575,33.669],[-81.546,33.675],[-81.525,33.68],[-81.475,33.691],[-81.425,33.703],[-81.375,33.715],[-81.331,33.725],[-81.325,33.726],[-81.275,33.738],[-81.225,33.75],[-81.175,33.762],[-81.125,33.773],[-81.115,33.775],[-81.075,33.784],[-81.025,33.794],[-80.975,33.804],[-80.925,33.813],[-80.875,33.821],[-80.851,33.825],[-80.825,33.829],[-80.775,33.835],[-80.725,33.84],[-80.675,33.843],[-80.625,33.846],[-80.575,33.848],[-80.525,33.849],[-80.475,33.849],[-80.425,33.847],[-80.375,33.845],[-80.325,33.842],[-80.275,33.838],[-80.225,33.833],[-80.175,33.828],[-80.15,33.825],[-80.125,33.822],[-80.075,33.816],[-80.025,33.809],[-79.975,33.802],[-79.925,33.795],[-79.875,33.787],[-79.825,33.78],[-79.791,33.775],[-79.775,33.773],[-79.725,33.766],[-79.675,33.758],[-79.625,33.751],[-79.575,33.745],[-79.525,33.738],[-79.475,33.731],[-79.425,33.725],[-79.424,33.725],[-79.375,33.719],[-79.325,33.714],[-79.275,33.71],[-79.225,33.706],[-79.175,33.704],[-79.125,33.702],[-79.075,33.702],[-79.025,33.702],[-78.975,33.703],[-78.925,33.705],[-78.895,33.705]]]}},{"type":"Feature","properties":{"date":"2019-03-28","label":"28 Mar","yday":87,"tier":"day","major":false},"geometry":{"type":"MultiLineString","coordinates":[[[-89.668,32.982],[-89.625,32.991],[-89.575,33.002],[-89.525,33.013]],[[-87.625,33.397],[-87.575,33.402],[-87.525,33.408],[-87.475,33.412],[-87.425,33.417],[-87.418,33.418]],[[-87.175,33.434],[-87.125,33.437],[-87.075,33.439],[-87.025,33.441],[-86.975,33.443],[-86.925,33.445],[-86.875,33.447],[-86.825,33.448],[-86.775,33.449],[-86.725,33.45],[-86.675,33.451],[-86.625,33.452],[-86.575,33.452],[-86.525,33.453],[-86.475,33.453],[-86.425,33.452],[-86.375,33.452],[-86.325,33.451],[-86.275,33.45],[-86.225,33.449],[-86.175,33.447],[-86.125,33.445],[-86.075,33.443],[-86.025,33.441],[-85.975,33.438],[-85.925,33.435],[-85.875,33.433],[-85.825,33.43],[-85.775,33.426],[-85.755,33.425],[-85.725,33.423],[-85.675,33.42],[-85.625,33.416],[-85.575,33.413],[-85.525,33.409],[-85.475,33.405],[-85.425,33.401],[-85.375,33.397],[-85.325,33.393],[-85.275,33.388],[-85.225,33.384],[-85.175,33.38],[-85.125,33.375],[-85.122,33.375],[-85.075,33.371]],[[-82.375,33.584],[-82.325,33.594],[-82.275,33.604],[-82.225,33.614],[-82.175,33.624],[-82.17,33.625],[-82.125,33.634],[-82.075,33.643],[-82.025,33.652],[-81.975,33.661],[-81.925,33.67],[-81.896,33.675],[-81.875,33.679],[-81.825,33.688],[-81.775,33.697],[-81.725,33.706],[-81.675,33.717],[-81.636,33.725],[-81.625,33.727],[-81.575,33.739],[-81.525,33.751],[-81.475,33.763],[-81.425,33.775],[-81.424,33.775],[-81.375,33.787],[-81.325,33.8],[-81.275,33.812],[-81.225,33.825],[-81.223,33.825],[-81.175,33.837],[-81.125,33.849],[-81.075,33.86],[-81.025,33.872],[-81.008,33.875],[-80.975,33.882],[-80.925,33.891],[-80.875,33.9],[-80.825,33.908],[-80.775,33.914],[-80.725,33.919],[-80.675,33.923],[-80.649,33.925],[-80.625,33.927],[-80.575,33.929],[-80.525,33.931],[-80.475,33.931],[-80.425,33.93],[-80.375,33.929],[-80.325,33.926],[-80.307,33.925],[-80.275,33.923],[-80.225,33.919],[-80.175,33.915],[-80.125,33.91],[-80.075,33.905],[-80.025,33.899],[-79.975,33.893],[-79.925,33.887],[-79.875,33.88],[-79.834,33.875],[-79.825,33.874],[-79.775,33.867],[-79.725,33.861],[-79.675,33.854],[-79.625,33.847],[-79.575,33.841],[-79.525,33.834],[-79.475,33.828],[-79.452,33.825],[-79.425,33.822],[-79.375,33.816],[-79.325,33.811],[-79.275,33.807],[-79.225,33.803],[-79.175,33.801],[-79.125,33.799],[-79.075,33.799],[-79.025,33.801],[-78.975,33.802],[-78.925,33.805],[-78.875,33.807],[-78.825,33.809],[-78.775,33.812],[-78.736,33.814]]]}},{"type":"Feature","properties":{"date":"2019-03-29","label":"29 Mar","yday":88,"tier":"day","major":false},"geometry":{"type":"MultiLineString","coordinates":[[[-87.679,33.479],[-87.675,33.479],[-87.625,33.485],[-87.575,33.49],[-87.525,33.495],[-87.498,33.498]],[[-87.175,33.521],[-87.125,33.523],[-87.081,33.525],[-87.075,33.525],[-87.025,33.527],[-86.975,33.529],[-86.925,33.531],[-86.875,33.532],[-86.825,33.533],[-86.775,33.534],[-86.725,33.535],[-86.675,33.535],[-86.625,33.536],[-86.575,33.536],[-86.525,33.535],[-86.475,33.535],[-86.425,33.534],[-86.375,33.533],[-86.325,33.532],[-86.275,33.531],[-86.225,33.529],[-86.175,33.527],[-86.139,33.525],[-86.125,33.524],[-86.075,33.522],[-86.025,33.519],[-85.975,33.516],[-85.925,33.513],[-85.875,33.509],[-85.825,33.506],[-85.775,33.502],[-85.725,33.499],[-85.675,33.495],[-85.625,33.491],[-85.575,33.487],[-85.525,33.483],[-85.475,33.479],[-85.435,33.475],[-85.425,33.474],[-85.375,33.47],[-85.325,33.465],[-85.275,33.46],[-85.225,33.456],[-85.175,33.451],[-85.125,33.446],[-85.075,33.442]],[[-82.398,33.648],[-82.375,33.653],[-82.325,33.663],[-82.275,33.673],[-82.263,33.675],[-82.225,33.682],[-82.175,33.692],[-82.125,33.701],[-82.075,33.711],[-82.025,33.72],[-81.995,33.725],[-81.975,33.729],[-81.925,33.738],[-81.875,33.747],[-81.825,33.756],[-81.775,33.766],[-81.731,33.775],[-81.725,33.776],[-81.675,33.787],[-81.625,33.798],[-81.575,33.81],[-81.525,33.822],[-81.514,33.825],[-81.475,33.835],[-81.425,33.847],[-81.375,33.86],[-81.325,33.873],[-81.318,33.875],[-81.275,33.886],[-81.225,33.899],[-81.175,33.912],[-81.125,33.924],[-81.121,33.925],[-81.075,33.936],[-81.025,33.947],[-80.975,33.958],[-80.925,33.967],[-80.88,33.975],[-80.875,33.976],[-80.825,33.983],[-80.775,33.99],[-80.725,33.995],[-80.675,34.0],[-80.625,34.004],[-80.575,34.007],[-80.525,34.009],[-80.475,34.01],[-80.425,34.01],[-80.375,34.01],[-80.325,34.008],[-80.275,34.006],[-80.225,34.003],[-80.175,34.0],[-80.125,33.997],[-80.075,33.993],[-80.025,33.989],[-79.975,33.984],[-79.925,33.979],[-79.882,33.975],[-79.875,33.974],[-79.825,33.969],[-79.775,33.963],[-79.725,33.958],[-79.675,33.952],[-79.625,33.946],[-79.575,33.939],[-79.525,33.933],[-79.475,33.928],[-79.451,33.925],[-79.425,33.922],[-79.375,33.917],[-79.325,33.913],[-79.275,33.909],[-79.225,33.906],[-79.175,33.904],[-79.125,33.903],[-79.075,33.903],[-79.025,33.905],[-78.975,33.907],[-78.925,33.91],[-78.875,33.913],[-78.825,33.917],[-78.775,33.921],[-78.725,33.925],[-78.722,33.925],[-78.675,33.929],[-78.625,33.934],[-78.575,33.94],[-78.525,33.945],[-78.475,33.951],[-78.425,33.957],[-78.389,33.961]],[[-78.364,33.964],[-78.325,33.97],[-78.287,33.975],[-78.275,33.977],[-78.225,33.984],[-78.175,33.992],[-78.125,34.001],[-78.075,34.01],[-78.025,34.02],[-78.002,34.025],[-77.975,34.031]]]}},{"type":"Feature","properties":{"date":"2019-03-30","label":"30 Mar","yday":89,"tier":"day","major":false},"geometry":{"type":"MultiLineString","coordinates":[[[-87.759,33.559],[-87.725,33.563],[-87.675,33.569],[-87.625,33.574],[-87.616,33.575],[-87.575,33.579],[-87.533,33.583]],[[-87.125,33.611],[-87.075,33.613],[-87.025,33.615],[-86.975,33.616],[-86.925,33.618],[-86.875,33.619],[-86.825,33.62],[-86.775,33.62],[-86.725,33.621],[-86.675,33.621],[-86.625,33.621],[-86.575,33.621],[-86.525,33.62],[-86.475,33.619],[-86.425,33.618],[-86.375,33.617],[-86.325,33.615],[-86.275,33.613],[-86.225,33.611],[-86.175,33.609],[-86.125,33.606],[-86.075,33.603],[-86.025,33.599],[-85.975,33.596],[-85.925,33.592],[-85.875,33.588],[-85.825,33.584],[-85.775,33.581],[-85.725,33.576],[-85.708,33.575],[-85.675,33.572],[-85.625,33.568],[-85.575,33.564],[-85.525,33.559],[-85.475,33.554],[-85.425,33.549],[-85.375,33.544],[-85.325,33.539],[-85.275,33.534],[-85.225,33.529],[-85.186,33.525],[-85.175,33.524],[-85.125,33.519],[-85.075,33.514],[-85.04,33.51]],[[-82.425,33.712],[-82.375,33.722],[-82.36,33.725],[-82.325,33.732],[-82.275,33.742],[-82.225,33.751],[-82.175,33.761],[-82.125,33.77],[-82.098,33.775],[-82.075,33.779],[-82.025,33.788],[-81.975,33.798],[-81.925,33.807],[-81.875,33.817],[-81.832,33.825],[-81.825,33.826],[-81.775,33.837],[-81.725,33.847],[-81.675,33.858],[-81.625,33.87],[-81.604,33.875],[-81.575,33.882],[-81.525,33.895],[-81.475,33.907],[-81.425,33.92],[-81.407,33.925],[-81.375,33.933],[-81.325,33.947],[-81.275,33.96],[-81.225,33.973],[-81.216,33.975],[-81.175,33.986],[-81.125,33.998],[-81.075,34.01],[-81.025,34.021],[-81.007,34.025],[-80.975,34.032],[-80.925,34.041],[-80.875,34.049],[-80.825,34.057],[-80.775,34.064],[-80.725,34.069],[-80.675,34.074],[-80.668,34.075],[-80.625,34.079],[-80.575,34.082],[-80.525,34.085],[-80.475,34.087],[-80.425,34.088],[-80.375,34.088],[-80.325,34.088],[-80.275,34.087],[-80.225,34.086],[-80.175,34.084],[-80.125,34.082],[-80.075,34.08],[-80.025,34.078],[-79.978,34.075],[-79.975,34.075],[-79.925,34.072],[-79.875,34.068],[-79.825,34.065],[-79.775,34.061],[-79.725,34.056],[-79.675,34.051],[-79.625,34.046],[-79.575,34.041],[-79.525,34.036],[-79.475,34.031],[-79.425,34.026],[-79.416,34.025],[-79.375,34.022],[-79.325,34.018],[-79.275,34.015],[-79.225,34.013],[-79.175,34.012],[-79.125,34.013],[-79.075,34.014],[-79.025,34.016],[-78.975,34.019],[-78.925,34.022],[-78.893,34.025],[-78.875,34.026],[-78.825,34.031],[-78.775,34.036],[-78.725,34.041],[-78.675,34.047],[-78.625,34.053],[-78.575,34.059],[-78.525,34.065],[-78.475,34.071],[-78.449,34.075],[-78.425,34.078],[-78.375,34.086],[-78.325,34.093],[-78.275,34.102],[-78.225,34.11],[-78.175,34.119],[-78.146,34.125],[-78.125,34.129],[-78.075,34.14],[-78.025,34.151],[-77.975,34.162],[-77.925,34.174],[-77.921,34.175],[-77.875,34.186],[-77.825,34.198]]]}},{"type":"Feature","properties":{"date":"2019-03-31","label":"31 Mar","yday":90,"tier":"index","major":true},"geometry":{"type":"MultiLineString","coordinates":[[[-87.749,33.651],[-87.725,33.654],[-87.675,33.659],[-87.625,33.665],[-87.615,33.665]],[[-87.149,33.699],[-87.125,33.7],[-87.075,33.702],[-87.025,33.704],[-86.975,33.705],[-86.925,33.706],[-86.875,33.707],[-86.825,33.708],[-86.775,33.709],[-86.725,33.709],[-86.675,33.709],[-86.625,33.709],[-86.575,33.708],[-86.525,33.707],[-86.475,33.706],[-86.425,33.704],[-86.375,33.703],[-86.325,33.701],[-86.275,33.698],[-86.225,33.696],[-86.175,33.693],[-86.125,33.689],[-86.075,33.686],[-86.025,33.682],[-85.975,33.678],[-85.935,33.675],[-85.925,33.674],[-85.875,33.67],[-85.825,33.666],[-85.775,33.661],[-85.725,33.657],[-85.675,33.652],[-85.625,33.647],[-85.575,33.642],[-85.525,33.637],[-85.475,33.632],[-85.425,33.626],[-85.413,33.625],[-85.375,33.621],[-85.325,33.615],[-85.275,33.61],[-85.225,33.604],[-85.175,33.599],[-85.125,33.593],[-85.075,33.587],[-85.025,33.582],[-85.019,33.581]],[[-82.353,33.797],[-82.325,33.802],[-82.275,33.812],[-82.225,33.821],[-82.205,33.825],[-82.175,33.831],[-82.125,33.84],[-82.075,33.849],[-82.025,33.858],[-81.975,33.868],[-81.938,33.875],[-81.925,33.877],[-81.875,33.887],[-81.825,33.898],[-81.775,33.908],[-81.725,33.919],[-81.699,33.925],[-81.675,33.931],[-81.625,33.942],[-81.575,33.955],[-81.525,33.967],[-81.495,33.975],[-81.475,33.98],[-81.425,33.993],[-81.375,34.007],[-81.325,34.02],[-81.306,34.025],[-81.275,34.033],[-81.225,34.046],[-81.175,34.059],[-81.125,34.071],[-81.108,34.075],[-81.075,34.083],[-81.025,34.094],[-80.975,34.104],[-80.925,34.113],[-80.875,34.122],[-80.854,34.125],[-80.825,34.129],[-80.775,34.136],[-80.725,34.142],[-80.675,34.148],[-80.625,34.152],[-80.575,34.156],[-80.525,34.16],[-80.475,34.162],[-80.425,34.164],[-80.375,34.166],[-80.325,34.167],[-80.275,34.167],[-80.225,34.168],[-80.175,34.168],[-80.125,34.167],[-80.075,34.167],[-80.025,34.166],[-79.975,34.165],[-79.925,34.164],[-79.875,34.162],[-79.825,34.16],[-79.775,34.158],[-79.725,34.156],[-79.675,34.152],[-79.625,34.148],[-79.575,34.144],[-79.525,34.14],[-79.475,34.136],[-79.425,34.132],[-79.375,34.129],[-79.325,34.127],[-79.275,34.125],[-79.25,34.125],[-79.225,34.125],[-79.207,34.125],[-79.175,34.125],[-79.125,34.127],[-79.075,34.129],[-79.025,34.132],[-78.975,34.136],[-78.925,34.141],[-78.875,34.146],[-78.825,34.151],[-78.775,34.157],[-78.725,34.163],[-78.675,34.169],[-78.628,34.175],[-78.625,34.175],[-78.575,34.182],[-78.525,34.189],[-78.475,34.196],[-78.425,34.204],[-78.375,34.212],[-78.325,34.22],[-78.298,34.225],[-78.275,34.229],[-78.225,34.239],[-78.175,34.249],[-78.125,34.259],[-78.075,34.271],[-78.056,34.275],[-78.025,34.282],[-77.975,34.294],[-77.925,34.306],[-77.875,34.319],[-77.849,34.325],[-77.825,34.331],[-77.775,34.343],[-77.725,34.356],[-77.684,34.366]],[[-77.647,34.375],[-77.625,34.38]]]}},{"type":"Feature","properties":{"date":"2019-04-01","label":"1 Apr","yday":91,"tier":"day","major":false},"geometry":{"type":"MultiLineString","coordinates":[[[-87.282,33.782],[-87.275,33.783],[-87.225,33.786],[-87.175,33.788],[-87.125,33.79],[-87.075,33.793],[-87.025,33.794],[-86.975,33.796],[-86.925,33.797],[-86.875,33.798],[-86.825,33.798],[-86.775,33.799],[-86.725,33.799],[-86.675,33.799],[-86.625,33.798],[-86.575,33.797],[-86.525,33.796],[-86.475,33.795],[-86.425,33.793],[-86.375,33.791],[-86.325,33.788],[-86.275,33.786],[-86.225,33.783],[-86.175,33.779],[-86.125,33.776],[-86.116,33.775],[-86.075,33.772],[-86.025,33.768],[-85.975,33.764],[-85.925,33.759],[-85.875,33.754],[-85.825,33.75],[-85.775,33.745],[-85.725,33.739],[-85.675,33.734],[-85.625,33.729],[-85.591,33.725],[-85.575,33.723],[-85.525,33.718],[-85.475,33.712],[-85.425,33.706],[-85.375,33.7],[-85.325,33.694],[-85.275,33.688],[-85.225,33.682],[-85.175,33.675],[-85.173,33.675],[-85.125,33.669],[-85.075,33.663],[-85.025,33.657],[-84.975,33.651]],[[-82.325,33.874],[-82.32,33.875],[-82.275,33.883],[-82.225,33.893],[-82.175,33.902],[-82.125,33.911],[-82.075,33.92],[-82.05,33.925],[-82.025,33.93],[-81.975,33.939],[-81.925,33.949],[-81.875,33.959],[-81.825,33.97],[-81.801,33.975],[-81.775,33.981],[-81.725,33.992],[-81.675,34.004],[-81.625,34.016],[-81.587,34.025],[-81.575,34.028],[-81.525,34.041],[-81.475,34.054],[-81.425,34.067],[-81.395,34.075],[-81.375,34.08],[-81.325,34.093],[-81.275,34.107],[-81.225,34.119],[-81.203,34.125],[-81.175,34.132],[-81.125,34.144],[-81.075,34.155],[-81.025,34.166],[-80.981,34.175],[-80.975,34.176],[-80.925,34.186],[-80.875,34.194],[-80.825,34.202],[-80.775,34.209],[-80.725,34.215],[-80.675,34.221],[-80.633,34.225],[-80.625,34.226],[-80.575,34.23],[-80.525,34.234],[-80.475,34.238],[-80.425,34.241],[-80.375,34.244],[-80.325,34.246],[-80.275,34.248],[-80.225,34.249],[-80.175,34.25],[-80.125,34.251],[-80.075,34.252],[-80.025,34.253],[-79.975,34.254],[-79.925,34.255],[-79.875,34.255],[-79.825,34.255],[-79.775,34.255],[-79.725,34.254],[-79.675,34.252],[-79.625,34.25],[-79.575,34.248],[-79.525,34.245],[-79.475,34.243],[-79.425,34.241],[-79.375,34.239],[-79.325,34.239],[-79.275,34.239],[-79.225,34.24],[-79.175,34.242],[-79.125,34.245],[-79.075,34.248],[-79.025,34.252],[-78.975,34.257],[-78.925,34.262],[-78.875,34.268],[-78.825,34.274],[-78.817,34.275],[-78.775,34.28],[-78.725,34.287],[-78.675,34.294],[-78.625,34.3],[-78.575,34.307],[-78.525,34.314],[-78.475,34.322],[-78.456,34.325],[-78.425,34.33],[-78.375,34.338],[-78.325,34.347],[-78.275,34.357],[-78.225,34.367],[-78.186,34.375],[-78.175,34.377],[-78.125,34.388],[-78.075,34.4],[-78.025,34.411],[-77.975,34.424],[-77.969,34.425],[-77.925,34.436],[-77.875,34.448],[-77.825,34.461],[-77.775,34.474],[-77.771,34.475],[-77.725,34.487],[-77.675,34.499],[-77.625,34.512],[-77.575,34.524],[-77.573,34.525],[-77.525,34.536],[-77.475,34.548],[-77.425,34.559],[-77.412,34.562]],[[-77.325,34.579],[-77.32,34.58]]]}},{"type":"Feature","properties":{"date":"2019-04-02","label":"2 Apr","yday":92,"tier":"day","major":false},"geometry":{"type":"MultiLineString","coordinates":[[[-87.37,33.87],[-87.325,33.873],[-87.284,33.875],[-87.275,33.876],[-87.225,33.878],[-87.175,33.881],[-87.125,33.883],[-87.075,33.885],[-87.025,33.887],[-86.975,33.888],[-86.925,33.89],[-86.875,33.89],[-86.841,33.891]],[[-86.66,33.89],[-86.625,33.89],[-86.575,33.889],[-86.525,33.888],[-86.475,33.886],[-86.425,33.884],[-86.375,33.881],[-86.325,33.879],[-86.275,33.876],[-86.264,33.875],[-86.225,33.872],[-86.175,33.869],[-86.125,33.865],[-86.075,33.861],[-86.025,33.856],[-85.975,33.852],[-85.925,33.847],[-85.875,33.842],[-85.825,33.836],[-85.775,33.831],[-85.725,33.825],[-85.724,33.825],[-85.675,33.819],[-85.625,33.813],[-85.575,33.807],[-85.525,33.801],[-85.475,33.795],[-85.425,33.788],[-85.375,33.782],[-85.326,33.775],[-85.325,33.775],[-85.275,33.768],[-85.225,33.762],[-85.175,33.755],[-85.125,33.748],[-85.075,33.741],[-85.025,33.735],[-84.975,33.728],[-84.95,33.725],[-84.928,33.722]],[[-82.236,33.964],[-82.225,33.966],[-82.175,33.975],[-82.174,33.975],[-82.125,33.984],[-82.075,33.993],[-82.025,34.003],[-81.975,34.013],[-81.925,34.022],[-81.913,34.025],[-81.875,34.033],[-81.825,34.043],[-81.775,34.054],[-81.725,34.066],[-81.686,34.075]],[[-81.605,34.095],[-81.575,34.102],[-81.525,34.115],[-81.486,34.125],[-81.475,34.128],[-81.425,34.141],[-81.375,34.154],[-81.325,34.168],[-81.296,34.175]],[[-80.945,34.255],[-80.925,34.258],[-80.875,34.267],[-80.825,34.275],[-80.824,34.275],[-80.775,34.282],[-80.725,34.289],[-80.675,34.295],[-80.625,34.3],[-80.575,34.305],[-80.525,34.31],[-80.475,34.314],[-80.425,34.318],[-80.375,34.322],[-80.328,34.325],[-80.325,34.325],[-80.275,34.328],[-80.225,34.331],[-80.175,34.333],[-80.125,34.336],[-80.075,34.338],[-80.025,34.341],[-79.975,34.344],[-79.925,34.346],[-79.875,34.348],[-79.825,34.35],[-79.775,34.351],[-79.725,34.351],[-79.675,34.352],[-79.625,34.352],[-79.575,34.351],[-79.525,34.351],[-79.475,34.351],[-79.425,34.351],[-79.375,34.352],[-79.325,34.353],[-79.275,34.355],[-79.225,34.357],[-79.175,34.361],[-79.125,34.364],[-79.075,34.369],[-79.025,34.374],[-79.012,34.375],[-78.975,34.379],[-78.925,34.385],[-78.875,34.391],[-78.825,34.397],[-78.775,34.404],[-78.725,34.41],[-78.675,34.417],[-78.625,34.424],[-78.619,34.425],[-78.575,34.431],[-78.525,34.439],[-78.475,34.447],[-78.425,34.455],[-78.375,34.464],[-78.325,34.473],[-78.314,34.475],[-78.275,34.483],[-78.225,34.493],[-78.175,34.503],[-78.125,34.514],[-78.078,34.525],[-78.075,34.526],[-78.025,34.538],[-77.975,34.55],[-77.925,34.562],[-77.875,34.575],[-77.875,34.575],[-77.825,34.588],[-77.775,34.601],[-77.725,34.614],[-77.683,34.625],[-77.675,34.627],[-77.625,34.64],[-77.575,34.653],[-77.525,34.665],[-77.481,34.675],[-77.475,34.676],[-77.435,34.685]],[[-77.325,34.706],[-77.275,34.715],[-77.225,34.723],[-77.214,34.725],[-77.175,34.731],[-77.167,34.733]],[[-77.094,34.744],[-77.075,34.747],[-77.025,34.755],[-76.975,34.762],[-76.925,34.77],[-76.888,34.775],[-76.875,34.777],[-76.825,34.784],[-76.775,34.79],[-76.758,34.792]],[[-76.656,34.806],[-76.625,34.81],[-76.585,34.815]],[[-76.567,34.817],[-76.525,34.823],[-76.513,34.825],[-76.475,34.83],[-76.469,34.831]]]}},{"type":"Feature","properties":{"date":"2019-04-03","label":"3 Apr","yday":93,"tier":"day","major":false},"geometry":{"type":"MultiLineString","coordinates":[[[-87.411,33.961],[-87.375,33.964],[-87.325,33.967],[-87.275,33.97],[-87.225,33.973],[-87.188,33.975],[-87.175,33.976],[-87.125,33.978],[-87.075,33.98],[-87.025,33.982],[-86.983,33.983]],[[-86.635,33.985],[-86.625,33.985],[-86.575,33.983],[-86.525,33.982],[-86.475,33.98],[-86.425,33.978],[-86.375,33.975],[-86.375,33.975],[-86.325,33.972],[-86.275,33.969],[-86.225,33.965],[-86.175,33.961],[-86.125,33.957],[-86.075,33.953],[-86.025,33.948],[-85.975,33.943],[-85.925,33.938],[-85.875,33.932],[-85.825,33.926],[-85.815,33.925],[-85.775,33.92],[-85.725,33.914],[-85.675,33.908],[-85.625,33.901],[-85.575,33.895],[-85.525,33.888],[-85.475,33.881],[-85.435,33.875],[-85.425,33.874],[-85.375,33.867],[-85.325,33.859],[-85.275,33.852],[-85.225,33.845],[-85.175,33.837],[-85.125,33.83],[-85.093,33.825],[-85.075,33.822],[-85.025,33.815],[-84.975,33.808],[-84.925,33.801],[-84.875,33.795],[-84.825,33.788],[-84.775,33.782],[-84.768,33.782]],[[-82.145,34.055],[-82.125,34.059],[-82.075,34.068],[-82.039,34.075],[-82.025,34.078],[-81.975,34.087],[-81.925,34.098],[-81.875,34.108],[-81.861,34.111]],[[-80.856,34.344],[-80.825,34.349],[-80.775,34.357],[-80.725,34.364],[-80.675,34.37],[-80.637,34.375],[-80.625,34.376],[-80.575,34.382],[-80.525,34.388],[-80.475,34.393],[-80.425,34.398],[-80.375,34.402],[-80.325,34.406],[-80.275,34.41],[-80.225,34.414],[-80.175,34.418],[-80.125,34.421],[-80.079,34.425],[-80.075,34.425],[-80.025,34.43],[-79.975,34.434],[-79.925,34.438],[-79.875,34.441],[-79.825,34.444],[-79.775,34.447],[-79.725,34.449],[-79.675,34.451],[-79.625,34.453],[-79.575,34.455],[-79.525,34.457],[-79.475,34.459],[-79.425,34.461],[-79.375,34.464],[-79.325,34.467],[-79.275,34.471],[-79.225,34.475],[-79.223,34.475],[-79.175,34.479],[-79.125,34.484],[-79.075,34.49],[-79.025,34.495],[-78.975,34.501],[-78.925,34.507],[-78.875,34.514],[-78.825,34.52],[-78.786,34.525],[-78.775,34.526],[-78.725,34.533],[-78.675,34.54],[-78.625,34.547],[-78.575,34.554],[-78.525,34.562],[-78.475,34.57],[-78.443,34.575],[-78.425,34.578],[-78.375,34.587],[-78.325,34.596],[-78.275,34.605],[-78.225,34.615],[-78.179,34.625],[-78.175,34.626],[-78.125,34.637],[-78.075,34.648],[-78.025,34.66],[-77.975,34.672],[-77.963,34.675],[-77.925,34.684],[-77.875,34.697],[-77.825,34.71],[-77.775,34.723],[-77.769,34.725],[-77.725,34.737],[-77.675,34.75],[-77.625,34.763],[-77.575,34.775],[-77.575,34.775],[-77.525,34.786],[-77.475,34.797],[-77.425,34.808],[-77.375,34.817],[-77.333,34.825],[-77.325,34.826],[-77.275,34.835],[-77.225,34.844],[-77.175,34.852],[-77.125,34.861],[-77.075,34.869],[-77.038,34.875],[-77.025,34.877],[-76.975,34.885],[-76.925,34.893],[-76.875,34.901],[-76.825,34.908],[-76.81,34.91]],[[-76.671,34.929],[-76.625,34.935],[-76.59,34.94]],[[-76.555,34.945],[-76.525,34.949],[-76.475,34.956],[-76.425,34.963],[-76.415,34.965]]]}},{"type":"Feature","properties":{"date":"2019-04-04","label":"4 Apr","yday":94,"tier":"day","major":false},"geometry":{"type":"MultiLineString","coordinates":[[[-87.425,34.057],[-87.375,34.061],[-87.325,34.064],[-87.275,34.067],[-87.225,34.07],[-87.175,34.073],[-87.132,34.075],[-87.125,34.075]],[[-85.919,34.031],[-85.875,34.026],[-85.869,34.025],[-85.825,34.02],[-85.775,34.013],[-85.725,34.007],[-85.675,34.0],[-85.625,33.993],[-85.575,33.986],[-85.525,33.978],[-85.505,33.975],[-85.475,33.971],[-85.425,33.963],[-85.375,33.955],[-85.325,33.947],[-85.275,33.939],[-85.225,33.931],[-85.188,33.925],[-85.175,33.923],[-85.125,33.915],[-85.075,33.907],[-85.025,33.899],[-84.975,33.892],[-84.925,33.884],[-84.875,33.877],[-84.862,33.875],[-84.825,33.87],[-84.775,33.864],[-84.725,33.857],[-84.675,33.852],[-84.651,33.849]],[[-86.775,34.084],[-86.725,34.083],[-86.675,34.083],[-86.625,34.082],[-86.575,34.081],[-86.525,34.079],[-86.475,34.077],[-86.437,34.075],[-86.425,34.074],[-86.375,34.072],[-86.325,34.069],[-86.275,34.065],[-86.225,34.061],[-86.175,34.057],[-86.125,34.053],[-86.075,34.048],[-86.045,34.045]],[[-80.706,34.444],[-80.675,34.448],[-80.625,34.455],[-80.575,34.461],[-80.525,34.467],[-80.475,34.473],[-80.458,34.475],[-80.425,34.479],[-80.375,34.484],[-80.325,34.489],[-80.275,34.494],[-80.225,34.499],[-80.175,34.504],[-80.125,34.509],[-80.075,34.514],[-80.025,34.519],[-79.975,34.524],[-79.969,34.525],[-79.925,34.529],[-79.875,34.534],[-79.825,34.538],[-79.775,34.543],[-79.725,34.546],[-79.675,34.55],[-79.625,34.554],[-79.575,34.558],[-79.525,34.562],[-79.475,34.566],[-79.425,34.571],[-79.38,34.575],[-79.375,34.575],[-79.325,34.58],[-79.275,34.586],[-79.225,34.591],[-79.175,34.597],[-79.125,34.603],[-79.075,34.61],[-79.025,34.616],[-78.975,34.622],[-78.955,34.625],[-78.925,34.629],[-78.875,34.635],[-78.825,34.642],[-78.775,34.648],[-78.725,34.655],[-78.675,34.662],[-78.625,34.669],[-78.579,34.675],[-78.575,34.676],[-78.525,34.683],[-78.475,34.691],[-78.425,34.699],[-78.375,34.707],[-78.325,34.716],[-78.276,34.725],[-78.275,34.725],[-78.225,34.735],[-78.175,34.745],[-78.125,34.756],[-78.075,34.767],[-78.039,34.775],[-78.025,34.778],[-77.975,34.79],[-77.925,34.802],[-77.875,34.815],[-77.836,34.825],[-77.825,34.828],[-77.775,34.841],[-77.725,34.854],[-77.675,34.867],[-77.641,34.875],[-77.625,34.879],[-77.575,34.891],[-77.525,34.902],[-77.475,34.913],[-77.425,34.923],[-77.415,34.925],[-77.375,34.933],[-77.325,34.942],[-77.275,34.952],[-77.225,34.961],[-77.175,34.97],[-77.144,34.975],[-77.125,34.978],[-77.075,34.987],[-77.025,34.996],[-77.0,35.0]],[[-76.848,35.025],[-76.825,35.029],[-76.775,35.036]]]}},{"type":"Feature","properties":{"date":"2019-04-05","label":"5 Apr","yday":95,"tier":"five","major":false},"geometry":{"type":"MultiLineString","coordinates":[[[-85.832,34.118],[-85.825,34.117],[-85.775,34.11],[-85.725,34.103],[-85.675,34.096],[-85.625,34.088],[-85.575,34.08],[-85.541,34.075],[-85.525,34.073],[-85.475,34.064],[-85.425,34.056],[-85.375,34.048],[-85.325,34.039],[-85.275,34.031],[-85.243,34.025],[-85.225,34.022],[-85.175,34.013],[-85.125,34.005],[-85.075,33.996],[-85.025,33.987],[-84.975,33.979],[-84.951,33.975],[-84.925,33.971],[-84.875,33.963],[-84.825,33.956],[-84.775,33.949],[-84.725,33.942],[-84.675,33.936],[-84.625,33.93],[-84.576,33.925],[-84.575,33.925]],[[-80.675,34.528],[-80.625,34.535],[-80.575,34.543],[-80.525,34.549],[-80.475,34.556],[-80.425,34.562],[-80.375,34.568],[-80.325,34.574],[-80.319,34.575],[-80.275,34.58],[-80.225,34.586],[-80.175,34.592],[-80.125,34.598],[-80.075,34.604],[-80.025,34.61],[-79.975,34.616],[-79.925,34.622],[-79.895,34.625],[-79.875,34.627],[-79.825,34.633],[-79.775,34.639],[-79.725,34.644],[-79.675,34.65],[-79.625,34.656],[-79.575,34.661],[-79.525,34.667],[-79.475,34.673],[-79.462,34.675],[-79.425,34.68],[-79.375,34.686],[-79.325,34.693],[-79.275,34.7],[-79.225,34.707],[-79.175,34.714],[-79.125,34.721],[-79.098,34.725],[-79.075,34.728],[-79.025,34.735],[-78.975,34.742],[-78.925,34.749],[-78.875,34.756],[-78.825,34.762],[-78.775,34.769],[-78.729,34.775],[-78.725,34.775],[-78.675,34.782],[-78.625,34.788],[-78.575,34.795],[-78.525,34.802],[-78.475,34.809],[-78.425,34.817],[-78.375,34.825],[-78.374,34.825],[-78.325,34.833],[-78.275,34.842],[-78.225,34.851],[-78.175,34.861],[-78.125,34.871],[-78.108,34.875],[-78.075,34.882],[-78.025,34.893],[-77.975,34.905],[-77.925,34.917],[-77.892,34.925],[-77.875,34.929],[-77.825,34.942],[-77.775,34.954],[-77.725,34.967],[-77.692,34.975],[-77.675,34.979],[-77.625,34.991],[-77.575,35.003],[-77.525,35.014],[-77.477,35.025],[-77.475,35.025],[-77.425,35.036],[-77.375,35.046],[-77.325,35.056],[-77.275,35.066],[-77.23,35.075],[-77.225,35.076],[-77.175,35.085],[-77.125,35.095],[-77.075,35.104],[-77.025,35.113],[-76.975,35.122],[-76.959,35.125],[-76.925,35.131],[-76.875,35.14],[-76.825,35.149],[-76.797,35.153]]]}},{"type":"Feature","properties":{"date":"2019-04-06","label":"6 Apr","yday":96,"tier":"day","major":false},"geometry":{"type":"MultiLineString","coordinates":[[[-85.7,34.2],[-85.675,34.196],[-85.625,34.188],[-85.575,34.18],[-85.547,34.175],[-85.525,34.171],[-85.475,34.163],[-85.425,34.154],[-85.375,34.145],[-85.325,34.136],[-85.275,34.127],[-85.265,34.125],[-85.225,34.118],[-85.175,34.108],[-85.125,34.099],[-85.075,34.09],[-85.025,34.08],[-84.995,34.075],[-84.975,34.071],[-84.925,34.063],[-84.875,34.054],[-84.825,34.046],[-84.775,34.039],[-84.725,34.032],[-84.675,34.025],[-84.672,34.025],[-84.625,34.019],[-84.575,34.014],[-84.539,34.011]],[[-80.632,34.618],[-80.625,34.619],[-80.585,34.625],[-80.575,34.627],[-80.525,34.634],[-80.475,34.641],[-80.425,34.648],[-80.375,34.655],[-80.325,34.662],[-80.275,34.669],[-80.227,34.675],[-80.225,34.675],[-80.175,34.682],[-80.125,34.689],[-80.075,34.695],[-80.025,34.702],[-79.975,34.709],[-79.925,34.715],[-79.875,34.722],[-79.854,34.725],[-79.825,34.729],[-79.775,34.736],[-79.725,34.743],[-79.675,34.75],[-79.625,34.757],[-79.575,34.765],[-79.525,34.773],[-79.509,34.775],[-79.475,34.78],[-79.425,34.788],[-79.375,34.796],[-79.325,34.805],[-79.275,34.813],[-79.225,34.821],[-79.201,34.825],[-79.175,34.829],[-79.125,34.838],[-79.075,34.846],[-79.025,34.853],[-78.975,34.861],[-78.925,34.868],[-78.875,34.875],[-78.874,34.875],[-78.825,34.882],[-78.775,34.888],[-78.725,34.894],[-78.675,34.9],[-78.625,34.906],[-78.575,34.913],[-78.525,34.919],[-78.48,34.925],[-78.475,34.926],[-78.425,34.933],[-78.375,34.94],[-78.325,34.948],[-78.275,34.957],[-78.225,34.966],[-78.175,34.975],[-78.175,34.975],[-78.125,34.985],[-78.075,34.995],[-78.025,35.006],[-77.975,35.017],[-77.942,35.025],[-77.925,35.029],[-77.875,35.041],[-77.825,35.054],[-77.775,35.066],[-77.739,35.075],[-77.725,35.078],[-77.675,35.091],[-77.625,35.103],[-77.575,35.115],[-77.531,35.125],[-77.525,35.126],[-77.475,35.138],[-77.425,35.149],[-77.375,35.16],[-77.325,35.171],[-77.305,35.175],[-77.275,35.181],[-77.225,35.192],[-77.175,35.202],[-77.125,35.212],[-77.075,35.222],[-77.06,35.225],[-77.025,35.232],[-76.975,35.242],[-76.925,35.251],[-76.875,35.261],[-76.825,35.27],[-76.795,35.275],[-76.778,35.278]]]}},{"type":"Feature","properties":{"date":"2019-04-07","label":"7 Apr","yday":97,"tier":"day","major":false},"geometry":{"type":"MultiLineString","coordinates":[[[-85.524,34.275],[-85.475,34.266],[-85.425,34.257],[-85.375,34.248],[-85.325,34.239],[-85.275,34.229],[-85.255,34.225],[-85.225,34.219],[-85.175,34.209],[-85.125,34.2],[-85.075,34.19],[-85.025,34.18],[-85.001,34.175],[-84.975,34.17],[-84.925,34.161],[-84.875,34.152],[-84.825,34.143],[-84.775,34.135],[-84.725,34.128],[-84.705,34.125],[-84.675,34.121],[-84.625,34.115],[-84.575,34.109],[-84.557,34.107]],[[-80.588,34.712],[-80.575,34.714],[-80.525,34.722],[-80.506,34.725]],[[-80.351,34.749],[-80.325,34.752],[-80.275,34.76],[-80.225,34.767],[-80.175,34.774],[-80.168,34.775],[-80.125,34.781],[-80.075,34.789],[-80.025,34.796],[-79.975,34.803],[-79.925,34.811],[-79.875,34.819],[-79.835,34.825],[-79.825,34.827],[-79.775,34.835],[-79.725,34.843],[-79.675,34.851],[-79.625,34.86],[-79.575,34.869],[-79.543,34.875],[-79.525,34.878],[-79.475,34.887],[-79.425,34.897],[-79.375,34.906],[-79.325,34.915],[-79.275,34.925],[-79.274,34.925],[-79.225,34.934],[-79.175,34.943],[-79.125,34.952],[-79.075,34.961],[-79.025,34.97],[-78.992,34.975],[-78.975,34.978],[-78.925,34.985],[-78.875,34.992],[-78.825,34.998],[-78.775,35.004],[-78.725,35.01],[-78.675,35.016],[-78.625,35.022],[-78.598,35.025],[-78.575,35.028],[-78.525,35.034],[-78.475,35.04],[-78.425,35.047],[-78.375,35.054],[-78.325,35.062],[-78.275,35.07],[-78.246,35.075],[-78.225,35.079],[-78.175,35.088],[-78.125,35.098],[-78.075,35.108],[-78.025,35.118],[-77.996,35.125],[-77.975,35.13],[-77.925,35.141],[-77.875,35.153],[-77.825,35.165],[-77.786,35.175],[-77.775,35.178],[-77.725,35.19],[-77.675,35.203],[-77.625,35.215],[-77.584,35.225],[-77.575,35.227],[-77.525,35.239],[-77.475,35.252],[-77.425,35.263],[-77.375,35.275],[-77.375,35.275],[-77.325,35.287],[-77.275,35.298],[-77.225,35.309],[-77.175,35.32],[-77.154,35.325],[-77.125,35.331],[-77.075,35.342],[-77.025,35.353],[-76.975,35.363],[-76.925,35.373],[-76.917,35.375]]]}},{"type":"Feature","properties":{"date":"2019-04-08","label":"8 Apr","yday":98,"tier":"day","major":false},"geometry":{"type":"MultiLineString","coordinates":[[[-84.685,34.225],[-84.675,34.224],[-84.673,34.223]],[[-85.217,34.325],[-85.175,34.317],[-85.125,34.306],[-85.075,34.296],[-85.025,34.286],[-84.975,34.276],[-84.971,34.275],[-84.925,34.266],[-84.875,34.257],[-84.825,34.248],[-84.775,34.239],[-84.732,34.232]],[[-80.183,34.867],[-80.175,34.869],[-80.134,34.875],[-80.125,34.876],[-80.075,34.884],[-80.025,34.892],[-79.975,34.9],[-79.925,34.909],[-79.875,34.917],[-79.831,34.925],[-79.825,34.926],[-79.775,34.935],[-79.725,34.944],[-79.675,34.954],[-79.625,34.964],[-79.575,34.974],[-79.57,34.975],[-79.525,34.984],[-79.475,34.994],[-79.425,35.005],[-79.375,35.015],[-79.326,35.025],[-79.325,35.025],[-79.275,35.035],[-79.225,35.045],[-79.175,35.055],[-79.125,35.065],[-79.075,35.074],[-79.071,35.075],[-79.025,35.083],[-78.975,35.091],[-78.925,35.099],[-78.875,35.106],[-78.825,35.112],[-78.775,35.118],[-78.725,35.123],[-78.709,35.125],[-78.675,35.129],[-78.625,35.134],[-78.575,35.14],[-78.525,35.146],[-78.475,35.153],[-78.425,35.159],[-78.375,35.167],[-78.325,35.174],[-78.32,35.175],[-78.275,35.182],[-78.225,35.191],[-78.175,35.2],[-78.125,35.21],[-78.075,35.22],[-78.051,35.225],[-78.025,35.231],[-77.975,35.242],[-77.925,35.253],[-77.875,35.265],[-77.836,35.275],[-77.825,35.278],[-77.775,35.29],[-77.725,35.303],[-77.675,35.316],[-77.64,35.325],[-77.625,35.329],[-77.575,35.342],[-77.525,35.355],[-77.475,35.368],[-77.446,35.375],[-77.425,35.38],[-77.375,35.393],[-77.325,35.406],[-77.275,35.418],[-77.246,35.425],[-77.225,35.43],[-77.175,35.442],[-77.125,35.454],[-77.075,35.466],[-77.034,35.475],[-77.025,35.477],[-77.022,35.478]]]}},{"type":"Feature","properties":{"date":"2019-04-09","label":"9 Apr","yday":99,"tier":"day","major":false},"geometry":{"type":"MultiLineString","coordinates":[[[-80.125,34.974],[-80.118,34.975],[-80.075,34.982],[-80.025,34.991],[-79.975,35.0],[-79.925,35.009],[-79.875,35.018],[-79.837,35.025],[-79.825,35.027],[-79.775,35.037],[-79.725,35.047],[-79.675,35.058],[-79.625,35.068],[-79.593,35.075],[-79.575,35.079],[-79.525,35.09],[-79.475,35.101],[-79.425,35.111],[-79.375,35.122],[-79.362,35.125],[-79.325,35.133],[-79.275,35.143],[-79.225,35.153],[-79.175,35.164],[-79.125,35.173],[-79.117,35.175],[-79.075,35.183],[-79.025,35.192],[-78.975,35.2],[-78.925,35.207],[-78.875,35.214],[-78.825,35.22],[-78.787,35.225],[-78.775,35.226],[-78.725,35.232],[-78.675,35.238],[-78.625,35.244],[-78.575,35.25],[-78.525,35.257],[-78.475,35.263],[-78.425,35.27],[-78.392,35.275],[-78.375,35.278],[-78.325,35.285],[-78.275,35.294],[-78.225,35.303],[-78.175,35.312],[-78.125,35.322],[-78.109,35.325],[-78.075,35.332],[-78.025,35.343],[-77.975,35.355],[-77.925,35.367],[-77.891,35.375],[-77.875,35.379],[-77.825,35.392],[-77.775,35.405],[-77.725,35.419],[-77.702,35.425],[-77.675,35.432],[-77.625,35.446],[-77.575,35.46],[-77.525,35.474],[-77.521,35.475],[-77.475,35.488],[-77.425,35.502],[-77.375,35.515],[-77.339,35.525],[-77.325,35.529],[-77.275,35.542],[-77.225,35.556],[-77.175,35.569],[-77.15,35.575],[-77.125,35.582],[-77.075,35.594],[-77.025,35.607],[-76.975,35.619],[-76.947,35.625],[-76.925,35.63],[-76.875,35.641],[-76.825,35.652],[-76.775,35.663],[-76.725,35.672]],[[-75.975,35.757],[-75.925,35.761],[-75.875,35.764],[-75.834,35.766]]]}},{"type":"Feature","properties":{"date":"2019-04-10","label":"10 Apr","yday":100,"tier":"five","major":false},"geometry":{"type":"MultiLineString","coordinates":[[[-80.075,35.083],[-80.025,35.092],[-79.975,35.101],[-79.925,35.11],[-79.875,35.12],[-79.85,35.125],[-79.825,35.13],[-79.775,35.14],[-79.725,35.151],[-79.675,35.162],[-79.625,35.173],[-79.614,35.175],[-79.575,35.184],[-79.525,35.195],[-79.475,35.206],[-79.425,35.217],[-79.387,35.225],[-79.375,35.228],[-79.325,35.238],[-79.275,35.248],[-79.225,35.258],[-79.175,35.268],[-79.138,35.275],[-79.125,35.277],[-79.075,35.287],[-79.025,35.295],[-78.975,35.303],[-78.925,35.311],[-78.875,35.318],[-78.827,35.325],[-78.825,35.325],[-78.775,35.332],[-78.725,35.339],[-78.675,35.345],[-78.625,35.352],[-78.575,35.358],[-78.525,35.365],[-78.475,35.372],[-78.457,35.375],[-78.425,35.38],[-78.375,35.388],[-78.325,35.396],[-78.275,35.405],[-78.225,35.414],[-78.175,35.424],[-78.172,35.425],[-78.125,35.435],[-78.075,35.446],[-78.025,35.457],[-77.975,35.469],[-77.953,35.475],[-77.925,35.482],[-77.875,35.496],[-77.825,35.51],[-77.775,35.524],[-77.771,35.525],[-77.725,35.538],[-77.675,35.553],[-77.625,35.568],[-77.601,35.575],[-77.575,35.583],[-77.525,35.598],[-77.475,35.613],[-77.435,35.625],[-77.425,35.628],[-77.375,35.643],[-77.325,35.658],[-77.275,35.673],[-77.267,35.675],[-77.225,35.687],[-77.175,35.702],[-77.125,35.716],[-77.091,35.725],[-77.075,35.73],[-77.025,35.743],[-76.975,35.756],[-76.925,35.769],[-76.898,35.775],[-76.875,35.781],[-76.825,35.792],[-76.775,35.803],[-76.725,35.813],[-76.675,35.823],[-76.663,35.825],[-76.625,35.832],[-76.575,35.84]]]}},{"type":"Feature","properties":{"date":"2019-04-11","label":"11 Apr","yday":101,"tier":"day","major":false},"geometry":{"type":"MultiLineString","coordinates":[[[-80.125,35.176],[-80.075,35.185],[-80.025,35.194],[-79.975,35.204],[-79.925,35.213],[-79.875,35.223],[-79.867,35.225],[-79.825,35.234],[-79.775,35.244],[-79.725,35.255],[-79.675,35.266],[-79.633,35.275],[-79.625,35.277],[-79.575,35.288],[-79.525,35.299],[-79.475,35.31],[-79.425,35.32],[-79.403,35.325],[-79.375,35.331],[-79.325,35.341],[-79.275,35.351],[-79.225,35.361],[-79.175,35.37],[-79.148,35.375],[-79.125,35.379],[-79.075,35.388],[-79.025,35.397],[-78.975,35.405],[-78.925,35.413],[-78.875,35.421],[-78.849,35.425],[-78.825,35.429],[-78.775,35.436],[-78.725,35.444],[-78.675,35.451],[-78.625,35.458],[-78.575,35.466],[-78.525,35.473],[-78.514,35.475],[-78.475,35.481],[-78.425,35.49],[-78.375,35.498],[-78.325,35.508],[-78.275,35.517],[-78.238,35.525],[-78.225,35.528],[-78.175,35.539],[-78.125,35.55],[-78.075,35.562],[-78.025,35.575],[-78.025,35.575],[-77.975,35.588],[-77.925,35.602],[-77.875,35.617],[-77.848,35.625],[-77.825,35.632],[-77.775,35.648],[-77.725,35.663],[-77.689,35.675],[-77.675,35.68],[-77.625,35.696],[-77.575,35.712],[-77.537,35.725],[-77.525,35.729],[-77.475,35.746],[-77.425,35.762],[-77.387,35.775],[-77.375,35.779],[-77.325,35.796],[-77.275,35.812],[-77.234,35.825],[-77.225,35.828],[-77.175,35.844],[-77.125,35.86],[-77.075,35.875],[-77.073,35.875],[-77.025,35.889],[-76.975,35.904],[-76.925,35.917],[-76.895,35.925],[-76.875,35.93],[-76.825,35.943],[-76.775,35.954],[-76.725,35.965],[-76.717,35.967]]]}},{"type":"Feature","properties":{"date":"2019-04-12","label":"12 Apr","yday":102,"tier":"day","major":false},"geometry":{"type":"MultiLineString","coordinates":[[[-80.125,35.281],[-80.075,35.29],[-80.025,35.299],[-79.975,35.309],[-79.925,35.318],[-79.919,35.319]],[[-79.808,35.342],[-79.775,35.349],[-79.725,35.36],[-79.675,35.37],[-79.653,35.375],[-79.625,35.381],[-79.575,35.392],[-79.525,35.402],[-79.506,35.406]],[[-79.325,35.443],[-79.275,35.453],[-79.225,35.462],[-79.175,35.472],[-79.156,35.475],[-79.125,35.481],[-79.075,35.489],[-79.045,35.495]],[[-78.936,35.514],[-78.925,35.515],[-78.875,35.524],[-78.868,35.525],[-78.825,35.532],[-78.775,35.54],[-78.725,35.549],[-78.675,35.557],[-78.625,35.565],[-78.575,35.573],[-78.566,35.575],[-78.525,35.582],[-78.475,35.591],[-78.425,35.601],[-78.375,35.611],[-78.325,35.621],[-78.307,35.625],[-78.275,35.632],[-78.225,35.644],[-78.175,35.656],[-78.125,35.669],[-78.104,35.675],[-78.075,35.683],[-78.025,35.697],[-77.975,35.712],[-77.934,35.725],[-77.925,35.728],[-77.875,35.744],[-77.825,35.761],[-77.784,35.775],[-77.775,35.778],[-77.725,35.796],[-77.675,35.814],[-77.644,35.825],[-77.625,35.832],[-77.575,35.851],[-77.525,35.869],[-77.51,35.875],[-77.475,35.888],[-77.425,35.907],[-77.377,35.925],[-77.375,35.926],[-77.325,35.945],[-77.275,35.963],[-77.241,35.975],[-77.225,35.981],[-77.175,35.999],[-77.125,36.016],[-77.098,36.025],[-77.075,36.033],[-77.025,36.049],[-76.975,36.065],[-76.94,36.075],[-76.925,36.08],[-76.875,36.094],[-76.825,36.107],[-76.775,36.119]],[[-76.687,36.137],[-76.675,36.14],[-76.625,36.149],[-76.575,36.157]]]}},{"type":"Feature","properties":{"date":"2019-04-13","label":"13 Apr","yday":103,"tier":"day","major":false},"geometry":{"type":"MultiLineString","coordinates":[[[-78.875,35.629],[-78.825,35.638],[-78.775,35.647],[-78.725,35.656],[-78.675,35.665],[-78.625,35.674],[-78.62,35.675]],[[-78.098,35.802],[-78.075,35.809],[-78.026,35.825],[-78.025,35.825],[-77.975,35.843],[-77.925,35.861],[-77.886,35.875],[-77.875,35.879],[-77.825,35.899],[-77.775,35.918],[-77.758,35.925],[-77.725,35.938],[-77.675,35.959],[-77.637,35.975],[-77.625,35.98],[-77.575,36.002],[-77.525,36.023],[-77.521,36.025],[-77.475,36.045],[-77.425,36.067],[-77.407,36.075],[-77.375,36.089],[-77.325,36.111],[-77.291,36.125],[-77.275,36.132],[-77.225,36.153],[-77.175,36.173],[-77.169,36.175],[-77.125,36.192],[-77.075,36.211],[-77.035,36.225],[-77.025,36.229],[-76.975,36.246],[-76.925,36.262],[-76.878,36.275],[-76.875,36.276],[-76.825,36.289],[-76.775,36.301],[-76.725,36.312],[-76.679,36.321]],[[-76.672,36.322],[-76.655,36.325],[-76.625,36.33],[-76.575,36.338],[-76.525,36.344],[-76.475,36.35]]]}},{"type":"Feature","properties":{"date":"2019-04-14","label":"14 Apr","yday":104,"tier":"day","major":false},"geometry":{"type":"MultiLineString","coordinates":[[[-77.873,36.027],[-77.825,36.049],[-77.775,36.072],[-77.769,36.075],[-77.725,36.096],[-77.675,36.121],[-77.667,36.125],[-77.625,36.146],[-77.575,36.172],[-77.57,36.175],[-77.525,36.199],[-77.478,36.225],[-77.475,36.227],[-77.425,36.254],[-77.386,36.275],[-77.375,36.282],[-77.325,36.308],[-77.291,36.325],[-77.275,36.333],[-77.225,36.357],[-77.186,36.375],[-77.175,36.38],[-77.125,36.401],[-77.075,36.42],[-77.062,36.425],[-77.025,36.438],[-76.975,36.454],[-76.925,36.468],[-76.899,36.475],[-76.875,36.481],[-76.825,36.493],[-76.775,36.503],[-76.725,36.512],[-76.675,36.52],[-76.643,36.525],[-76.625,36.528],[-76.575,36.534],[-76.525,36.539],[-76.475,36.544],[-76.425,36.548],[-76.375,36.552],[-76.346,36.554]]]}},{"type":"Feature","properties":{"date":"2019-04-15","label":"15 Apr","yday":105,"tier":"index","major":true},"geometry":{"type":"MultiLineString","coordinates":[[[-77.625,36.346],[-77.586,36.375],[-77.575,36.384],[-77.525,36.422],[-77.521,36.425],[-77.475,36.46],[-77.454,36.475],[-77.425,36.496],[-77.38,36.525],[-77.375,36.528],[-77.325,36.557],[-77.287,36.575],[-77.275,36.581],[-77.225,36.601],[-77.175,36.62],[-77.158,36.625],[-77.125,36.636],[-77.075,36.65],[-77.025,36.663],[-76.975,36.675],[-76.973,36.675],[-76.925,36.685],[-76.875,36.694],[-76.825,36.703],[-76.775,36.711],[-76.725,36.718],[-76.675,36.724],[-76.664,36.725],[-76.625,36.729],[-76.583,36.733]]]}},{"type":"Feature","properties":{"date":"2019-04-16","label":"16 Apr","yday":106,"tier":"day","major":false},"geometry":{"type":"MultiLineString","coordinates":[[[-77.719,36.519],[-77.713,36.525],[-77.675,36.56],[-77.659,36.575],[-77.625,36.607],[-77.605,36.625]]]}},{"type":"Feature","properties":{"date":"2019-04-17","label":"17 Apr","yday":107,"tier":"day","major":false},"geometry":{"type":"MultiLineString","coordinates":[[[-77.875,36.624],[-77.874,36.625],[-77.825,36.671],[-77.821,36.675],[-77.775,36.717],[-77.771,36.721]]]}}]}