{"type":"FeatureCollection","features":[{"type":"Feature","properties":{"date":"2015-02-14","label":"14 Feb","yday":45,"tier":"index","major":true},"geometry":{"type":"MultiLineString","coordinates":[[[-82.075,26.681],[-82.025,26.69],[-81.975,26.699],[-81.946,26.704]]]}},{"type":"Feature","properties":{"date":"2015-02-15","label":"15 Feb","yday":46,"tier":"day","major":false},"geometry":{"type":"MultiLineString","coordinates":[[[-82.025,26.834],[-81.975,26.843],[-81.925,26.852],[-81.875,26.86],[-81.825,26.869],[-81.79,26.875],[-81.775,26.878],[-81.725,26.886],[-81.675,26.895],[-81.625,26.903],[-81.575,26.912],[-81.525,26.921],[-81.499,26.925],[-81.475,26.929],[-81.425,26.937],[-81.375,26.946],[-81.35,26.95]]]}},{"type":"Feature","properties":{"date":"2015-02-16","label":"16 Feb","yday":47,"tier":"day","major":false},"geometry":{"type":"MultiLineString","coordinates":[[[-82.325,26.925],[-82.325,26.925],[-82.275,26.934],[-82.225,26.943],[-82.204,26.946]],[[-82.07,26.97],[-82.041,26.975],[-82.025,26.978],[-81.975,26.987],[-81.925,26.995],[-81.875,27.004],[-81.825,27.013],[-81.775,27.021],[-81.754,27.025],[-81.725,27.03],[-81.675,27.039],[-81.625,27.047],[-81.575,27.056],[-81.525,27.064],[-81.475,27.073],[-81.462,27.075],[-81.425,27.081],[-81.375,27.09],[-81.325,27.098],[-81.297,27.103]]]}},{"type":"Feature","properties":{"date":"2015-02-17","label":"17 Feb","yday":48,"tier":"day","major":false},"geometry":{"type":"MultiLineString","coordinates":[[[-82.425,27.051],[-82.375,27.06],[-82.325,27.069],[-82.289,27.075],[-82.275,27.077],[-82.225,27.086],[-82.175,27.095],[-82.125,27.104],[-82.075,27.113],[-82.025,27.121],[-82.004,27.125],[-81.975,27.13],[-81.925,27.139],[-81.875,27.147],[-81.825,27.156],[-81.775,27.165],[-81.725,27.173],[-81.716,27.175],[-81.675,27.182],[-81.625,27.191],[-81.575,27.199],[-81.525,27.208],[-81.475,27.216],[-81.425,27.225],[-81.425,27.225],[-81.375,27.234],[-81.325,27.242],[-81.275,27.25],[-81.225,27.259],[-81.184,27.266]]]}},{"type":"Feature","properties":{"date":"2015-02-18","label":"18 Feb","yday":49,"tier":"day","major":false},"geometry":{"type":"MultiLineString","coordinates":[[[-82.484,27.184],[-82.475,27.186],[-82.425,27.195],[-82.375,27.203],[-82.325,27.212],[-82.275,27.221],[-82.251,27.225],[-82.225,27.23],[-82.175,27.238],[-82.125,27.247],[-82.075,27.256],[-82.025,27.265],[-81.975,27.273],[-81.965,27.275],[-81.925,27.282],[-81.875,27.291],[-81.825,27.299],[-81.775,27.308],[-81.725,27.317],[-81.677,27.325],[-81.675,27.325],[-81.625,27.334],[-81.575,27.343],[-81.525,27.351],[-81.475,27.36],[-81.425,27.368],[-81.387,27.375],[-81.375,27.377],[-81.325,27.385],[-81.275,27.394],[-81.225,27.402],[-81.175,27.411],[-81.125,27.419],[-81.091,27.425],[-81.075,27.428],[-81.025,27.436],[-80.975,27.444],[-80.925,27.453],[-80.875,27.461],[-80.825,27.469],[-80.79,27.475],[-80.775,27.478]]]}},{"type":"Feature","properties":{"date":"2015-02-19","label":"19 Feb","yday":50,"tier":"five","major":false},"geometry":{"type":"MultiLineString","coordinates":[[[-82.525,27.32],[-82.497,27.325],[-82.475,27.329],[-82.425,27.338],[-82.375,27.346],[-82.325,27.355],[-82.275,27.364],[-82.225,27.373],[-82.211,27.375],[-82.175,27.381],[-82.125,27.39],[-82.075,27.399],[-82.025,27.408],[-81.975,27.416],[-81.925,27.425],[-81.925,27.425],[-81.875,27.434],[-81.825,27.442],[-81.775,27.451],[-81.725,27.46],[-81.675,27.468],[-81.637,27.475],[-81.625,27.477],[-81.575,27.486],[-81.525,27.494],[-81.475,27.503],[-81.425,27.512],[-81.375,27.52],[-81.347,27.525],[-81.325,27.529],[-81.275,27.537],[-81.225,27.546],[-81.175,27.554],[-81.125,27.563],[-81.075,27.571],[-81.053,27.575],[-81.025,27.58],[-80.975,27.588],[-80.925,27.596],[-80.875,27.605],[-80.825,27.613],[-80.775,27.621]]]}},{"type":"Feature","properties":{"date":"2015-02-20","label":"20 Feb","yday":51,"tier":"day","major":false},"geometry":{"type":"MultiLineString","coordinates":[[[-82.6,27.45],[-82.575,27.455],[-82.525,27.463],[-82.475,27.472],[-82.457,27.475],[-82.425,27.481],[-82.375,27.489],[-82.325,27.498],[-82.275,27.507],[-82.225,27.515],[-82.175,27.524],[-82.17,27.525],[-82.125,27.533],[-82.075,27.542],[-82.025,27.55],[-81.975,27.559],[-81.925,27.568],[-81.883,27.575],[-81.875,27.576],[-81.825,27.585],[-81.775,27.594],[-81.725,27.603],[-81.675,27.611],[-81.625,27.62],[-81.596,27.625],[-81.575,27.629],[-81.525,27.637],[-81.475,27.646],[-81.425,27.655],[-81.375,27.663],[-81.325,27.672],[-81.307,27.675],[-81.275,27.68],[-81.225,27.689],[-81.175,27.697],[-81.125,27.706],[-81.075,27.714],[-81.025,27.723],[-81.012,27.725],[-80.975,27.731],[-80.925,27.739],[-80.875,27.748],[-80.825,27.756],[-80.809,27.759]]]}},{"type":"Feature","properties":{"date":"2015-02-21","label":"21 Feb","yday":52,"tier":"day","major":false},"geometry":{"type":"MultiLineString","coordinates":[[[-82.548,27.602],[-82.525,27.606],[-82.475,27.615],[-82.425,27.623],[-82.416,27.625],[-82.375,27.632],[-82.325,27.641],[-82.275,27.649],[-82.225,27.658],[-82.175,27.667],[-82.127,27.675],[-82.125,27.675],[-82.075,27.684],[-82.025,27.693],[-81.975,27.701],[-81.925,27.71],[-81.875,27.719],[-81.84,27.725],[-81.825,27.728],[-81.775,27.736],[-81.725,27.745],[-81.675,27.754],[-81.625,27.763],[-81.575,27.771],[-81.554,27.775],[-81.525,27.78],[-81.475,27.789],[-81.425,27.797],[-81.375,27.806],[-81.325,27.815],[-81.275,27.823],[-81.265,27.825],[-81.225,27.832],[-81.175,27.84],[-81.125,27.849],[-81.075,27.857],[-81.025,27.866],[-80.975,27.874],[-80.969,27.875],[-80.925,27.882],[-80.888,27.888]]]}},{"type":"Feature","properties":{"date":"2015-02-22","label":"22 Feb","yday":53,"tier":"day","major":false},"geometry":{"type":"MultiLineString","coordinates":[[[-82.663,27.725],[-82.625,27.731]],[[-82.376,27.774],[-82.375,27.774],[-82.372,27.775],[-82.325,27.783],[-82.275,27.792],[-82.225,27.8],[-82.175,27.809],[-82.125,27.818],[-82.083,27.825],[-82.075,27.826],[-82.025,27.835],[-81.975,27.844],[-81.925,27.852],[-81.875,27.861],[-81.825,27.87],[-81.795,27.875],[-81.775,27.879],[-81.725,27.887],[-81.675,27.896],[-81.625,27.905],[-81.575,27.914],[-81.525,27.922],[-81.51,27.925],[-81.475,27.931],[-81.425,27.94],[-81.375,27.948],[-81.325,27.957],[-81.275,27.966],[-81.225,27.974],[-81.22,27.975],[-81.175,27.983],[-81.125,27.991],[-81.075,27.999],[-81.025,28.008],[-80.975,28.016],[-80.925,28.024]]]}},{"type":"Feature","properties":{"date":"2015-02-23","label":"23 Feb","yday":54,"tier":"day","major":false},"geometry":{"type":"MultiLineString","coordinates":[[[-82.825,27.84],[-82.775,27.848],[-82.725,27.857],[-82.675,27.865],[-82.625,27.874],[-82.618,27.875]],[[-82.566,27.884],[-82.525,27.891],[-82.506,27.894]],[[-82.41,27.91],[-82.375,27.917],[-82.326,27.925],[-82.325,27.925],[-82.275,27.934],[-82.225,27.942],[-82.175,27.951],[-82.125,27.96],[-82.075,27.968],[-82.036,27.975],[-82.025,27.977],[-81.975,27.986],[-81.925,27.994],[-81.875,28.003],[-81.825,28.012],[-81.775,28.021],[-81.75,28.025],[-81.725,28.029],[-81.675,28.038],[-81.625,28.047],[-81.575,28.056],[-81.525,28.064],[-81.475,28.073],[-81.464,28.075],[-81.425,28.082],[-81.375,28.09],[-81.325,28.099],[-81.275,28.108],[-81.225,28.116],[-81.175,28.124],[-81.172,28.125],[-81.125,28.133],[-81.075,28.141],[-81.025,28.15],[-80.975,28.158],[-80.925,28.166]]]}},{"type":"Feature","properties":{"date":"2015-02-24","label":"24 Feb","yday":55,"tier":"five","major":false},"geometry":{"type":"MultiLineString","coordinates":[[[-82.817,27.983],[-82.775,27.99],[-82.725,27.999],[-82.696,28.004]],[[-82.617,28.017],[-82.575,28.024],[-82.571,28.025],[-82.525,28.033],[-82.475,28.041],[-82.425,28.05],[-82.375,28.058],[-82.325,28.067],[-82.278,28.075],[-82.275,28.075],[-82.225,28.084],[-82.175,28.093],[-82.125,28.101],[-82.075,28.11],[-82.025,28.119],[-81.989,28.125],[-81.975,28.127],[-81.925,28.136],[-81.875,28.145],[-81.825,28.154],[-81.775,28.162],[-81.725,28.171],[-81.703,28.175],[-81.675,28.18],[-81.625,28.189],[-81.575,28.197],[-81.525,28.206],[-81.475,28.215],[-81.425,28.223],[-81.415,28.225],[-81.375,28.232],[-81.325,28.24],[-81.275,28.249],[-81.225,28.257],[-81.175,28.266],[-81.125,28.274],[-81.119,28.275],[-81.075,28.282],[-81.025,28.29],[-80.975,28.299]]]}},{"type":"Feature","properties":{"date":"2015-02-25","label":"25 Feb","yday":56,"tier":"day","major":false},"geometry":{"type":"MultiLineString","coordinates":[[[-82.775,28.132],[-82.725,28.141],[-82.675,28.149],[-82.625,28.158],[-82.575,28.166],[-82.525,28.174],[-82.521,28.175],[-82.475,28.183],[-82.425,28.191],[-82.375,28.2],[-82.325,28.208],[-82.275,28.217],[-82.228,28.225],[-82.225,28.225],[-82.175,28.234],[-82.125,28.243],[-82.075,28.251],[-82.025,28.26],[-81.975,28.269],[-81.939,28.275],[-81.925,28.277],[-81.875,28.286],[-81.825,28.295],[-81.775,28.304],[-81.725,28.312],[-81.675,28.321],[-81.652,28.325],[-81.625,28.33],[-81.575,28.338],[-81.525,28.347],[-81.475,28.356],[-81.425,28.364],[-81.375,28.373],[-81.362,28.375],[-81.325,28.381],[-81.275,28.39],[-81.225,28.398],[-81.175,28.406],[-81.125,28.414],[-81.075,28.423],[-81.06,28.425],[-81.025,28.431],[-80.975,28.439]]]}},{"type":"Feature","properties":{"date":"2015-02-26","label":"26 Feb","yday":57,"tier":"day","major":false},"geometry":{"type":"MultiLineString","coordinates":[[[-82.716,28.284],[-82.675,28.291],[-82.625,28.299],[-82.575,28.307],[-82.525,28.316],[-82.475,28.324],[-82.47,28.325],[-82.425,28.333],[-82.375,28.341],[-82.325,28.349],[-82.275,28.358],[-82.225,28.367],[-82.176,28.375],[-82.175,28.375],[-82.125,28.384],[-82.075,28.392],[-82.025,28.401],[-81.975,28.41],[-81.925,28.418],[-81.886,28.425],[-81.875,28.427],[-81.825,28.436],[-81.775,28.444],[-81.725,28.453],[-81.675,28.462],[-81.625,28.47],[-81.597,28.475],[-81.575,28.479],[-81.525,28.487],[-81.475,28.496],[-81.425,28.504],[-81.375,28.513],[-81.325,28.521],[-81.303,28.525],[-81.275,28.53],[-81.225,28.538],[-81.175,28.546],[-81.125,28.554],[-81.075,28.562],[-81.025,28.57]]]}},{"type":"Feature","properties":{"date":"2015-02-27","label":"27 Feb","yday":58,"tier":"day","major":false},"geometry":{"type":"MultiLineString","coordinates":[[[-82.625,28.44],[-82.575,28.449],[-82.525,28.457],[-82.475,28.465],[-82.425,28.474],[-82.416,28.475],[-82.375,28.482],[-82.325,28.49],[-82.275,28.499],[-82.225,28.507],[-82.175,28.516],[-82.125,28.524],[-82.121,28.525],[-82.075,28.533],[-82.025,28.541],[-81.975,28.55],[-81.925,28.559],[-81.875,28.567],[-81.83,28.575],[-81.825,28.576],[-81.775,28.584],[-81.725,28.593],[-81.675,28.602],[-81.625,28.61],[-81.575,28.619],[-81.538,28.625],[-81.525,28.627],[-81.475,28.636],[-81.425,28.644],[-81.375,28.652],[-81.325,28.661],[-81.275,28.669],[-81.237,28.675],[-81.225,28.677],[-81.175,28.685],[-81.125,28.693],[-81.075,28.701]]]}},{"type":"Feature","properties":{"date":"2015-02-28","label":"28 Feb","yday":59,"tier":"day","major":false},"geometry":{"type":"MultiLineString","coordinates":[[[-82.625,28.581],[-82.575,28.59],[-82.525,28.598],[-82.475,28.606],[-82.425,28.614],[-82.375,28.623],[-82.361,28.625],[-82.325,28.631],[-82.275,28.639],[-82.225,28.648],[-82.175,28.656],[-82.125,28.665],[-82.075,28.673],[-82.064,28.675],[-82.025,28.682],[-81.975,28.69],[-81.925,28.699],[-81.875,28.707],[-81.825,28.716],[-81.775,28.724],[-81.77,28.725],[-81.725,28.733],[-81.675,28.741],[-81.625,28.75],[-81.575,28.758],[-81.525,28.766],[-81.475,28.775],[-81.473,28.775],[-81.425,28.783],[-81.375,28.791],[-81.325,28.799],[-81.275,28.807],[-81.225,28.815],[-81.175,28.823],[-81.165,28.825],[-81.125,28.831],[-81.075,28.839],[-81.058,28.842]]]}},{"type":"Feature","properties":{"date":"2015-03-01","label":"1 Mar","yday":60,"tier":"index","major":true},"geometry":{"type":"MultiLineString","coordinates":[[[-82.625,28.723],[-82.61,28.725],[-82.575,28.731],[-82.525,28.739],[-82.475,28.747],[-82.425,28.755],[-82.375,28.763],[-82.325,28.772],[-82.304,28.775],[-82.275,28.78],[-82.225,28.788],[-82.175,28.796],[-82.125,28.805],[-82.075,28.813],[-82.025,28.822],[-82.005,28.825],[-81.975,28.83],[-81.925,28.838],[-81.875,28.847],[-81.825,28.855],[-81.775,28.863],[-81.725,28.872],[-81.706,28.875],[-81.675,28.88],[-81.625,28.888],[-81.575,28.897],[-81.525,28.905],[-81.475,28.913],[-81.425,28.921],[-81.403,28.925],[-81.375,28.93],[-81.325,28.938],[-81.275,28.946],[-81.225,28.954],[-81.175,28.961],[-81.125,28.969],[-81.088,28.975],[-81.075,28.977],[-81.025,28.985]]]}},{"type":"Feature","properties":{"date":"2015-03-02","label":"2 Mar","yday":61,"tier":"day","major":false},"geometry":{"type":"MultiLineString","coordinates":[[[-82.625,28.864],[-82.575,28.872],[-82.554,28.875],[-82.525,28.88],[-82.475,28.888],[-82.425,28.896],[-82.375,28.904],[-82.325,28.912],[-82.275,28.92],[-82.245,28.925],[-82.225,28.928],[-82.175,28.937],[-82.125,28.945],[-82.075,28.953],[-82.025,28.961],[-81.975,28.97],[-81.942,28.975],[-81.925,28.978],[-81.875,28.986],[-81.825,28.994],[-81.775,29.003],[-81.725,29.011],[-81.675,29.019],[-81.638,29.025],[-81.625,29.027],[-81.575,29.035],[-81.525,29.043],[-81.475,29.052],[-81.425,29.06],[-81.375,29.068],[-81.328,29.075],[-81.325,29.075],[-81.275,29.083],[-81.225,29.091],[-81.175,29.099],[-81.125,29.107],[-81.075,29.114],[-81.025,29.122],[-81.005,29.125],[-80.975,29.13]]]}},{"type":"Feature","properties":{"date":"2015-03-03","label":"3 Mar","yday":62,"tier":"day","major":false},"geometry":{"type":"MultiLineString","coordinates":[[[-82.725,28.989],[-82.675,28.997],[-82.625,29.005],[-82.575,29.013],[-82.525,29.021],[-82.497,29.025],[-82.475,29.028],[-82.425,29.036],[-82.375,29.044],[-82.325,29.052],[-82.275,29.06],[-82.225,29.068],[-82.185,29.075],[-82.175,29.077],[-82.125,29.085],[-82.075,29.093],[-82.025,29.101],[-81.975,29.109],[-81.925,29.117],[-81.877,29.125],[-81.875,29.125],[-81.825,29.133],[-81.775,29.142],[-81.725,29.15],[-81.675,29.158],[-81.625,29.166],[-81.575,29.174],[-81.567,29.175],[-81.525,29.182],[-81.475,29.19],[-81.425,29.198],[-81.375,29.205],[-81.325,29.213],[-81.275,29.221],[-81.249,29.225],[-81.225,29.229],[-81.175,29.236],[-81.125,29.244],[-81.075,29.252],[-81.055,29.255]]]}},{"type":"Feature","properties":{"date":"2015-03-04","label":"4 Mar","yday":63,"tier":"day","major":false},"geometry":{"type":"MultiLineString","coordinates":[[[-82.773,29.123],[-82.759,29.125],[-82.725,29.13],[-82.675,29.138],[-82.625,29.146],[-82.575,29.154],[-82.525,29.161],[-82.475,29.169],[-82.438,29.175],[-82.425,29.177],[-82.375,29.185],[-82.325,29.193],[-82.275,29.201],[-82.225,29.209],[-82.175,29.217],[-82.125,29.224],[-82.122,29.225],[-82.075,29.232],[-82.025,29.24],[-81.975,29.248],[-81.925,29.256],[-81.875,29.264],[-81.825,29.272],[-81.809,29.275],[-81.775,29.28],[-81.725,29.288],[-81.675,29.296],[-81.625,29.304],[-81.575,29.312],[-81.525,29.32],[-81.492,29.325],[-81.475,29.328],[-81.425,29.335],[-81.375,29.343],[-81.325,29.351],[-81.275,29.359],[-81.225,29.366],[-81.175,29.374],[-81.167,29.375],[-81.125,29.381],[-81.087,29.387]]]}},{"type":"Feature","properties":{"date":"2015-03-05","label":"5 Mar","yday":64,"tier":"day","major":false},"geometry":{"type":"MultiLineString","coordinates":[[[-83.026,29.226],[-83.025,29.226],[-82.975,29.234],[-82.925,29.241],[-82.875,29.249],[-82.825,29.256],[-82.775,29.264],[-82.725,29.272],[-82.703,29.275],[-82.675,29.279],[-82.625,29.287],[-82.575,29.295],[-82.525,29.302],[-82.475,29.31],[-82.425,29.318],[-82.377,29.325],[-82.375,29.325],[-82.325,29.333],[-82.275,29.341],[-82.225,29.349],[-82.175,29.357],[-82.125,29.364],[-82.075,29.372],[-82.057,29.375],[-82.025,29.38],[-81.975,29.388],[-81.925,29.396],[-81.875,29.404],[-81.825,29.411],[-81.775,29.419],[-81.738,29.425],[-81.725,29.427],[-81.675,29.435],[-81.625,29.443],[-81.575,29.45],[-81.525,29.458],[-81.475,29.466],[-81.425,29.473],[-81.415,29.475],[-81.375,29.481],[-81.325,29.489],[-81.275,29.496],[-81.225,29.504],[-81.175,29.511],[-81.163,29.513]]]}},{"type":"Feature","properties":{"date":"2015-03-06","label":"6 Mar","yday":65,"tier":"five","major":false},"geometry":{"type":"MultiLineString","coordinates":[[[-83.15,29.35],[-83.125,29.353],[-83.075,29.361],[-83.025,29.368],[-82.979,29.375],[-82.975,29.376],[-82.925,29.383],[-82.875,29.391],[-82.825,29.398],[-82.775,29.406],[-82.725,29.413],[-82.675,29.421],[-82.645,29.425],[-82.625,29.428],[-82.575,29.436],[-82.525,29.443],[-82.475,29.451],[-82.425,29.458],[-82.375,29.466],[-82.325,29.474],[-82.316,29.475],[-82.275,29.481],[-82.225,29.489],[-82.175,29.497],[-82.125,29.504],[-82.075,29.512],[-82.025,29.52],[-81.991,29.525],[-81.975,29.527],[-81.925,29.535],[-81.875,29.543],[-81.825,29.551],[-81.775,29.558],[-81.725,29.566],[-81.675,29.574],[-81.666,29.575],[-81.625,29.581],[-81.575,29.589],[-81.525,29.596],[-81.475,29.604],[-81.425,29.611],[-81.375,29.619],[-81.335,29.625],[-81.325,29.626],[-81.275,29.634],[-81.225,29.641]]]}},{"type":"Feature","properties":{"date":"2015-03-07","label":"7 Mar","yday":66,"tier":"day","major":false},"geometry":{"type":"MultiLineString","coordinates":[[[-83.274,29.474],[-83.267,29.475],[-83.225,29.481],[-83.175,29.488],[-83.125,29.496],[-83.075,29.503],[-83.025,29.51],[-82.975,29.518],[-82.925,29.525],[-82.925,29.525],[-82.875,29.532],[-82.825,29.54],[-82.775,29.547],[-82.725,29.555],[-82.675,29.562],[-82.625,29.569],[-82.587,29.575],[-82.575,29.577],[-82.525,29.584],[-82.475,29.592],[-82.425,29.599],[-82.375,29.607],[-82.325,29.614],[-82.275,29.622],[-82.253,29.625],[-82.225,29.629],[-82.175,29.637],[-82.125,29.644],[-82.075,29.652],[-82.025,29.66],[-81.975,29.667],[-81.925,29.675],[-81.923,29.675],[-81.875,29.682],[-81.825,29.69],[-81.775,29.697],[-81.725,29.705],[-81.675,29.712],[-81.625,29.72],[-81.591,29.725],[-81.575,29.727],[-81.525,29.735],[-81.475,29.742],[-81.425,29.75],[-81.375,29.757],[-81.325,29.764],[-81.275,29.772]]]}},{"type":"Feature","properties":{"date":"2015-03-08","label":"8 Mar","yday":67,"tier":"day","major":false},"geometry":{"type":"MultiLineString","coordinates":[[[-83.375,29.602],[-83.325,29.609],[-83.275,29.617],[-83.225,29.624],[-83.216,29.625],[-83.175,29.631],[-83.125,29.638],[-83.075,29.645],[-83.025,29.653],[-82.975,29.66],[-82.925,29.667],[-82.875,29.674],[-82.871,29.675],[-82.825,29.682],[-82.775,29.689],[-82.725,29.696],[-82.675,29.703],[-82.625,29.711],[-82.575,29.718],[-82.528,29.725],[-82.525,29.725],[-82.475,29.733],[-82.425,29.74],[-82.375,29.747],[-82.325,29.755],[-82.275,29.762],[-82.225,29.77],[-82.189,29.775],[-82.175,29.777],[-82.125,29.785],[-82.075,29.792],[-82.025,29.8],[-81.975,29.807],[-81.925,29.814],[-81.875,29.822],[-81.854,29.825],[-81.825,29.829],[-81.775,29.837],[-81.725,29.844],[-81.675,29.852],[-81.625,29.859],[-81.575,29.866],[-81.525,29.874],[-81.515,29.875],[-81.475,29.881],[-81.425,29.888],[-81.375,29.895],[-81.325,29.903]]]}},{"type":"Feature","properties":{"date":"2015-03-09","label":"9 Mar","yday":68,"tier":"day","major":false},"geometry":{"type":"MultiLineString","coordinates":[[[-83.518,29.725],[-83.475,29.731],[-83.425,29.738],[-83.375,29.745],[-83.325,29.752],[-83.275,29.759],[-83.225,29.767],[-83.175,29.774],[-83.166,29.775],[-83.125,29.781],[-83.075,29.788],[-83.025,29.795],[-82.975,29.802],[-82.925,29.809],[-82.875,29.816],[-82.825,29.824],[-82.815,29.825],[-82.775,29.831],[-82.725,29.838],[-82.675,29.845],[-82.625,29.852],[-82.575,29.86],[-82.525,29.867],[-82.475,29.874],[-82.468,29.875],[-82.425,29.881],[-82.375,29.889],[-82.325,29.896],[-82.275,29.903],[-82.225,29.91],[-82.175,29.918],[-82.126,29.925],[-82.125,29.925],[-82.075,29.932],[-82.025,29.94],[-81.975,29.947],[-81.925,29.954],[-81.875,29.962],[-81.825,29.969],[-81.784,29.975],[-81.775,29.976],[-81.725,29.984],[-81.675,29.991],[-81.625,29.998],[-81.575,30.005],[-81.525,30.012],[-81.475,30.02],[-81.438,30.025],[-81.425,30.027],[-81.375,30.034],[-81.339,30.039]]]}},{"type":"Feature","properties":{"date":"2015-03-10","label":"10 Mar","yday":69,"tier":"day","major":false},"geometry":{"type":"MultiLineString","coordinates":[[[-83.606,29.856],[-83.575,29.861],[-83.525,29.868],[-83.475,29.875],[-83.472,29.875],[-83.425,29.882],[-83.375,29.888],[-83.325,29.895],[-83.275,29.902],[-83.225,29.909],[-83.175,29.916],[-83.125,29.923],[-83.114,29.925],[-83.075,29.931],[-83.025,29.938],[-82.975,29.945],[-82.925,29.952],[-82.875,29.959],[-82.825,29.966],[-82.775,29.973],[-82.76,29.975],[-82.725,29.98],[-82.675,29.987],[-82.625,29.994],[-82.575,30.001],[-82.525,30.008],[-82.475,30.016],[-82.425,30.023],[-82.409,30.025],[-82.375,30.03],[-82.325,30.037],[-82.275,30.044],[-82.225,30.051],[-82.175,30.059],[-82.125,30.066],[-82.075,30.073],[-82.061,30.075],[-82.025,30.08],[-81.975,30.087],[-81.925,30.095],[-81.875,30.102],[-81.825,30.109],[-81.775,30.116],[-81.725,30.123],[-81.713,30.125],[-81.675,30.13],[-81.625,30.138],[-81.575,30.145],[-81.525,30.152],[-81.475,30.159],[-81.425,30.166],[-81.375,30.173]]]}},{"type":"Feature","properties":{"date":"2015-03-11","label":"11 Mar","yday":70,"tier":"five","major":false},"geometry":{"type":"MultiLineString","coordinates":[[[-85.275,29.773],[-85.257,29.775],[-85.225,29.779],[-85.175,29.786],[-85.125,29.793],[-85.075,29.8],[-85.025,29.807],[-84.975,29.813],[-84.925,29.82],[-84.89,29.825],[-84.875,29.827],[-84.825,29.834],[-84.775,29.841],[-84.725,29.847],[-84.699,29.851]],[[-83.777,29.977],[-83.775,29.977],[-83.725,29.984],[-83.675,29.991],[-83.625,29.997],[-83.575,30.004],[-83.525,30.011],[-83.475,30.018],[-83.425,30.025],[-83.424,30.025],[-83.375,30.032],[-83.325,30.039],[-83.275,30.046],[-83.225,30.052],[-83.175,30.059],[-83.125,30.066],[-83.075,30.073],[-83.062,30.075],[-83.025,30.08],[-82.975,30.087],[-82.925,30.094],[-82.875,30.101],[-82.825,30.108],[-82.775,30.115],[-82.725,30.122],[-82.704,30.125],[-82.675,30.129],[-82.625,30.136],[-82.575,30.143],[-82.525,30.15],[-82.475,30.157],[-82.425,30.164],[-82.375,30.171],[-82.349,30.175],[-82.325,30.178],[-82.275,30.185],[-82.225,30.192],[-82.175,30.2],[-82.125,30.207],[-82.075,30.214],[-82.025,30.221],[-81.995,30.225],[-81.975,30.228],[-81.925,30.235],[-81.875,30.242],[-81.825,30.249],[-81.775,30.256],[-81.725,30.263],[-81.675,30.27],[-81.641,30.275],[-81.625,30.277],[-81.575,30.284],[-81.525,30.291],[-81.475,30.298],[-81.425,30.305]]]}},{"type":"Feature","properties":{"date":"2015-03-12","label":"12 Mar","yday":71,"tier":"day","major":false},"geometry":{"type":"MultiLineString","coordinates":[[[-85.359,29.909],[-85.325,29.913],[-85.275,29.92],[-85.239,29.925],[-85.225,29.927],[-85.175,29.934],[-85.125,29.94],[-85.075,29.947],[-85.025,29.954],[-84.975,29.96],[-84.925,29.967],[-84.875,29.974],[-84.866,29.975],[-84.825,29.98],[-84.775,29.987],[-84.725,29.994],[-84.675,30.001],[-84.625,30.007],[-84.575,30.014],[-84.525,30.021],[-84.493,30.025],[-84.475,30.027],[-84.425,30.034],[-84.375,30.041],[-84.357,30.043]],[[-83.992,30.092],[-83.975,30.094],[-83.925,30.101],[-83.875,30.108],[-83.825,30.114],[-83.775,30.121],[-83.747,30.125],[-83.725,30.128],[-83.675,30.135],[-83.625,30.141],[-83.575,30.148],[-83.525,30.155],[-83.475,30.162],[-83.425,30.168],[-83.376,30.175],[-83.375,30.175],[-83.325,30.182],[-83.275,30.189],[-83.225,30.196],[-83.175,30.202],[-83.125,30.209],[-83.075,30.216],[-83.025,30.223],[-83.01,30.225],[-82.975,30.23],[-82.925,30.237],[-82.875,30.244],[-82.825,30.25],[-82.775,30.257],[-82.725,30.264],[-82.675,30.271],[-82.647,30.275],[-82.625,30.278],[-82.575,30.285],[-82.525,30.292],[-82.475,30.299],[-82.425,30.306],[-82.375,30.313],[-82.325,30.32],[-82.288,30.325],[-82.275,30.327],[-82.225,30.334],[-82.175,30.341],[-82.125,30.348],[-82.075,30.355],[-82.025,30.362],[-81.975,30.369],[-81.928,30.375],[-81.925,30.375],[-81.875,30.382],[-81.825,30.389],[-81.775,30.396],[-81.725,30.403],[-81.675,30.41],[-81.625,30.417],[-81.575,30.424],[-81.566,30.425],[-81.525,30.431],[-81.475,30.437],[-81.442,30.442]]]}},{"type":"Feature","properties":{"date":"2015-03-13","label":"13 Mar","yday":72,"tier":"day","major":false},"geometry":{"type":"MultiLineString","coordinates":[[[-85.446,30.046],[-85.425,30.048],[-85.375,30.055],[-85.325,30.061],[-85.275,30.068],[-85.225,30.075],[-85.222,30.075],[-85.175,30.081],[-85.125,30.088],[-85.075,30.094],[-85.025,30.101],[-84.975,30.108],[-84.925,30.114],[-84.875,30.121],[-84.842,30.125],[-84.825,30.127],[-84.775,30.134],[-84.725,30.14],[-84.675,30.147],[-84.625,30.154],[-84.575,30.16],[-84.525,30.167],[-84.475,30.173],[-84.462,30.175],[-84.425,30.18],[-84.375,30.187],[-84.325,30.193],[-84.275,30.2],[-84.225,30.206],[-84.175,30.213],[-84.125,30.219],[-84.082,30.225],[-84.075,30.226],[-84.025,30.232],[-83.975,30.239],[-83.925,30.246],[-83.875,30.252],[-83.825,30.259],[-83.775,30.265],[-83.725,30.272],[-83.703,30.275],[-83.675,30.279],[-83.625,30.285],[-83.575,30.292],[-83.525,30.299],[-83.475,30.305],[-83.425,30.312],[-83.375,30.319],[-83.327,30.325],[-83.325,30.325],[-83.275,30.332],[-83.225,30.339],[-83.175,30.345],[-83.125,30.352],[-83.075,30.359],[-83.025,30.366],[-82.975,30.372],[-82.957,30.375],[-82.925,30.379],[-82.875,30.386],[-82.825,30.393],[-82.775,30.4],[-82.725,30.407],[-82.675,30.413],[-82.625,30.42],[-82.591,30.425],[-82.575,30.427],[-82.525,30.434],[-82.475,30.441],[-82.425,30.448],[-82.375,30.455],[-82.325,30.461],[-82.275,30.468],[-82.226,30.475],[-82.225,30.475],[-82.175,30.482],[-82.125,30.489],[-82.075,30.496],[-82.025,30.503],[-81.975,30.509],[-81.925,30.516],[-81.875,30.523],[-81.861,30.525],[-81.825,30.53],[-81.775,30.537],[-81.725,30.543],[-81.675,30.55],[-81.625,30.557],[-81.575,30.564],[-81.525,30.57],[-81.521,30.571]]]}},{"type":"Feature","properties":{"date":"2015-03-14","label":"14 Mar","yday":73,"tier":"day","major":false},"geometry":{"type":"MultiLineString","coordinates":[[[-85.675,30.165],[-85.625,30.171],[-85.596,30.175],[-85.575,30.178],[-85.525,30.184],[-85.475,30.19],[-85.425,30.197],[-85.375,30.203],[-85.325,30.21],[-85.275,30.216],[-85.225,30.223],[-85.207,30.225],[-85.175,30.229],[-85.125,30.236],[-85.075,30.242],[-85.025,30.248],[-84.975,30.255],[-84.925,30.261],[-84.875,30.268],[-84.825,30.274],[-84.819,30.275],[-84.775,30.281],[-84.725,30.287],[-84.675,30.294],[-84.625,30.3],[-84.575,30.307],[-84.525,30.313],[-84.475,30.319],[-84.432,30.325],[-84.425,30.326],[-84.375,30.332],[-84.325,30.339],[-84.275,30.345],[-84.225,30.352],[-84.175,30.358],[-84.125,30.364],[-84.075,30.371],[-84.043,30.375],[-84.025,30.377],[-83.975,30.384],[-83.925,30.39],[-83.875,30.397],[-83.825,30.403],[-83.775,30.41],[-83.725,30.416],[-83.675,30.423],[-83.657,30.425],[-83.625,30.429],[-83.575,30.436],[-83.525,30.442],[-83.475,30.449],[-83.425,30.455],[-83.375,30.462],[-83.325,30.469],[-83.277,30.475],[-83.275,30.475],[-83.225,30.482],[-83.175,30.489],[-83.125,30.495],[-83.075,30.502],[-83.025,30.509],[-82.975,30.515],[-82.925,30.522],[-82.903,30.525],[-82.875,30.529],[-82.825,30.535],[-82.775,30.542],[-82.725,30.549],[-82.675,30.556],[-82.625,30.563],[-82.575,30.569],[-82.533,30.575],[-82.525,30.576],[-82.475,30.583],[-82.425,30.59],[-82.375,30.596],[-82.325,30.603],[-82.275,30.61],[-82.225,30.617],[-82.175,30.624],[-82.164,30.625],[-82.125,30.63],[-82.075,30.637],[-82.025,30.644],[-81.975,30.651],[-81.925,30.657],[-81.875,30.664],[-81.825,30.671],[-81.792,30.675],[-81.775,30.677],[-81.725,30.684],[-81.675,30.691],[-81.625,30.697],[-81.575,30.704],[-81.525,30.711],[-81.512,30.712]]]}},{"type":"Feature","properties":{"date":"2015-03-15","label":"15 Mar","yday":74,"tier":"day","major":false},"geometry":{"type":"MultiLineString","coordinates":[[[-85.977,30.277],[-85.975,30.278],[-85.925,30.284],[-85.875,30.29],[-85.858,30.292]],[[-85.71,30.31],[-85.675,30.314],[-85.625,30.321],[-85.591,30.325],[-85.575,30.327],[-85.525,30.333],[-85.475,30.339],[-85.425,30.346],[-85.375,30.352],[-85.325,30.358],[-85.275,30.365],[-85.225,30.371],[-85.193,30.375],[-85.175,30.377],[-85.125,30.384],[-85.075,30.39],[-85.025,30.396],[-84.975,30.402],[-84.925,30.409],[-84.875,30.415],[-84.825,30.421],[-84.797,30.425],[-84.775,30.428],[-84.725,30.434],[-84.675,30.44],[-84.625,30.447],[-84.575,30.453],[-84.525,30.459],[-84.475,30.466],[-84.425,30.472],[-84.4,30.475],[-84.375,30.478],[-84.325,30.484],[-84.275,30.491],[-84.225,30.497],[-84.175,30.503],[-84.125,30.51],[-84.075,30.516],[-84.025,30.522],[-84.003,30.525],[-83.975,30.529],[-83.925,30.535],[-83.875,30.541],[-83.825,30.548],[-83.775,30.554],[-83.725,30.56],[-83.675,30.567],[-83.625,30.573],[-83.61,30.575],[-83.575,30.58],[-83.525,30.586],[-83.475,30.592],[-83.425,30.599],[-83.375,30.605],[-83.325,30.612],[-83.275,30.618],[-83.225,30.625],[-83.225,30.625],[-83.175,30.632],[-83.125,30.638],[-83.075,30.645],[-83.025,30.651],[-82.975,30.658],[-82.925,30.665],[-82.875,30.671],[-82.848,30.675],[-82.825,30.678],[-82.775,30.685],[-82.725,30.691],[-82.675,30.698],[-82.625,30.705],[-82.575,30.712],[-82.525,30.718],[-82.476,30.725],[-82.475,30.725],[-82.425,30.732],[-82.375,30.738],[-82.325,30.745],[-82.275,30.752],[-82.225,30.759],[-82.175,30.765],[-82.125,30.772],[-82.102,30.775],[-82.075,30.779],[-82.025,30.785],[-81.975,30.792],[-81.925,30.798],[-81.875,30.805],[-81.825,30.812],[-81.775,30.818],[-81.725,30.825],[-81.724,30.825],[-81.675,30.831],[-81.625,30.838],[-81.575,30.845],[-81.525,30.851],[-81.475,30.858]]]}},{"type":"Feature","properties":{"date":"2015-03-16","label":"16 Mar","yday":75,"tier":"index","major":true},"geometry":{"type":"MultiLineString","coordinates":[[[-86.255,30.395],[-86.225,30.399],[-86.202,30.402]],[[-86.085,30.415],[-86.075,30.417],[-86.025,30.422],[-86.004,30.425],[-85.975,30.428],[-85.925,30.434],[-85.875,30.44],[-85.825,30.446],[-85.775,30.452],[-85.725,30.458],[-85.675,30.465],[-85.625,30.471],[-85.589,30.475],[-85.575,30.477],[-85.525,30.483],[-85.475,30.489],[-85.425,30.495],[-85.375,30.501],[-85.325,30.507],[-85.275,30.513],[-85.225,30.519],[-85.18,30.525],[-85.175,30.526],[-85.125,30.532],[-85.075,30.538],[-85.025,30.544],[-84.975,30.55],[-84.925,30.556],[-84.875,30.562],[-84.825,30.569],[-84.775,30.575],[-84.773,30.575],[-84.725,30.581],[-84.675,30.587],[-84.625,30.593],[-84.575,30.599],[-84.525,30.606],[-84.475,30.612],[-84.425,30.618],[-84.375,30.624],[-84.366,30.625],[-84.325,30.63],[-84.275,30.636],[-84.225,30.642],[-84.175,30.649],[-84.125,30.655],[-84.075,30.661],[-84.025,30.667],[-83.975,30.673],[-83.961,30.675],[-83.925,30.679],[-83.875,30.686],[-83.825,30.692],[-83.775,30.698],[-83.725,30.704],[-83.675,30.711],[-83.625,30.717],[-83.575,30.723],[-83.561,30.725],[-83.525,30.73],[-83.475,30.736],[-83.425,30.742],[-83.375,30.749],[-83.325,30.755],[-83.275,30.762],[-83.225,30.768],[-83.175,30.775],[-83.172,30.775],[-83.125,30.781],[-83.075,30.788],[-83.025,30.794],[-82.975,30.801],[-82.925,30.807],[-82.875,30.814],[-82.825,30.821],[-82.793,30.825],[-82.775,30.827],[-82.725,30.834],[-82.675,30.841],[-82.625,30.847],[-82.575,30.854],[-82.525,30.861],[-82.475,30.867],[-82.425,30.874],[-82.418,30.875],[-82.375,30.881],[-82.325,30.887],[-82.275,30.894],[-82.225,30.901],[-82.175,30.907],[-82.125,30.914],[-82.075,30.92],[-82.039,30.925],[-82.025,30.927],[-81.975,30.933],[-81.925,30.94],[-81.875,30.946],[-81.825,30.953],[-81.775,30.959],[-81.725,30.966],[-81.675,30.972],[-81.655,30.975],[-81.625,30.979],[-81.575,30.985],[-81.525,30.992],[-81.506,30.994]]]}},{"type":"Feature","properties":{"date":"2015-03-17","label":"17 Mar","yday":76,"tier":"day","major":false},"geometry":{"type":"MultiLineString","coordinates":[[[-89.636,30.186],[-89.625,30.187],[-89.575,30.192],[-89.556,30.194]],[[-87.824,30.374],[-87.813,30.375],[-87.775,30.379],[-87.725,30.384],[-87.675,30.39],[-87.625,30.395],[-87.575,30.4],[-87.525,30.406],[-87.475,30.411],[-87.434,30.416]],[[-87.327,30.427],[-87.325,30.428],[-87.275,30.433],[-87.225,30.439],[-87.21,30.44]],[[-86.925,30.472],[-86.896,30.475],[-86.875,30.477],[-86.825,30.483],[-86.775,30.488],[-86.725,30.494],[-86.675,30.5],[-86.625,30.505],[-86.575,30.511],[-86.525,30.516],[-86.478,30.522]],[[-86.472,30.522],[-86.45,30.525],[-86.425,30.528],[-86.375,30.534],[-86.325,30.539],[-86.275,30.545],[-86.225,30.551],[-86.175,30.557],[-86.125,30.562],[-86.075,30.568],[-86.025,30.574],[-86.017,30.575],[-85.975,30.58],[-85.925,30.586],[-85.875,30.591],[-85.825,30.597],[-85.775,30.603],[-85.725,30.609],[-85.675,30.615],[-85.625,30.621],[-85.589,30.625],[-85.575,30.627],[-85.525,30.632],[-85.475,30.638],[-85.425,30.644],[-85.375,30.65],[-85.325,30.656],[-85.275,30.662],[-85.225,30.668],[-85.175,30.674],[-85.166,30.675],[-85.125,30.68],[-85.075,30.686],[-85.025,30.692],[-84.975,30.698],[-84.925,30.704],[-84.875,30.71],[-84.825,30.716],[-84.775,30.722],[-84.749,30.725],[-84.725,30.728],[-84.675,30.734],[-84.625,30.74],[-84.575,30.746],[-84.525,30.752],[-84.475,30.758],[-84.425,30.764],[-84.375,30.77],[-84.33,30.775],[-84.325,30.776],[-84.275,30.782],[-84.225,30.788],[-84.175,30.794],[-84.125,30.8],[-84.075,30.806],[-84.025,30.812],[-83.975,30.818],[-83.925,30.824],[-83.915,30.825],[-83.875,30.83],[-83.825,30.836],[-83.775,30.842],[-83.725,30.848],[-83.675,30.854],[-83.625,30.861],[-83.575,30.867],[-83.525,30.873],[-83.51,30.875],[-83.475,30.879],[-83.425,30.886],[-83.375,30.892],[-83.325,30.898],[-83.275,30.905],[-83.225,30.911],[-83.175,30.918],[-83.125,30.924],[-83.118,30.925],[-83.075,30.931],[-83.025,30.937],[-82.975,30.944],[-82.925,30.95],[-82.875,30.957],[-82.825,30.963],[-82.775,30.97],[-82.737,30.975],[-82.725,30.977],[-82.675,30.983],[-82.625,30.99],[-82.575,30.996],[-82.525,31.003],[-82.475,31.01],[-82.425,31.016],[-82.375,31.023],[-82.359,31.025],[-82.325,31.03],[-82.275,31.036],[-82.225,31.043],[-82.175,31.049],[-82.125,31.056],[-82.075,31.062],[-82.025,31.069],[-81.976,31.075],[-81.975,31.075],[-81.925,31.082],[-81.875,31.088],[-81.825,31.094],[-81.775,31.101],[-81.725,31.107],[-81.675,31.114],[-81.625,31.12],[-81.586,31.125],[-81.575,31.126],[-81.525,31.133],[-81.516,31.134]]]}},{"type":"Feature","properties":{"date":"2015-03-18","label":"18 Mar","yday":77,"tier":"day","major":false},"geometry":{"type":"MultiLineString","coordinates":[[[-94.628,29.628],[-94.625,29.629],[-94.575,29.637],[-94.525,29.646],[-94.475,29.655]],[[-89.975,30.31],[-89.925,30.315],[-89.875,30.321],[-89.837,30.325],[-89.825,30.326],[-89.775,30.332],[-89.725,30.337],[-89.675,30.342],[-89.625,30.348],[-89.575,30.353],[-89.525,30.358],[-89.475,30.363],[-89.425,30.368],[-89.375,30.373],[-89.36,30.375],[-89.325,30.379],[-89.275,30.384],[-89.225,30.389],[-89.175,30.394],[-89.125,30.399],[-89.075,30.404],[-89.025,30.409]],[[-88.829,30.429],[-88.825,30.429],[-88.775,30.434],[-88.725,30.439],[-88.675,30.444],[-88.625,30.449],[-88.575,30.454],[-88.525,30.459],[-88.475,30.464],[-88.425,30.469],[-88.375,30.474],[-88.365,30.475],[-88.325,30.479],[-88.275,30.484],[-88.225,30.489],[-88.175,30.494],[-88.125,30.499]],[[-87.875,30.525],[-87.825,30.53],[-87.775,30.535],[-87.725,30.541],[-87.675,30.546],[-87.625,30.551],[-87.575,30.557],[-87.525,30.562],[-87.475,30.567],[-87.425,30.573],[-87.402,30.575],[-87.375,30.578],[-87.325,30.583],[-87.275,30.589],[-87.225,30.594],[-87.204,30.596]],[[-87.152,30.602],[-87.125,30.605],[-87.075,30.61],[-87.025,30.616],[-86.975,30.621],[-86.939,30.625],[-86.925,30.627],[-86.875,30.632],[-86.825,30.637],[-86.775,30.643],[-86.725,30.648],[-86.675,30.654],[-86.625,30.659],[-86.575,30.665],[-86.525,30.67],[-86.481,30.675],[-86.475,30.676],[-86.425,30.681],[-86.375,30.687],[-86.325,30.692],[-86.275,30.698],[-86.225,30.704],[-86.175,30.709],[-86.125,30.715],[-86.075,30.72],[-86.034,30.725],[-86.025,30.726],[-85.975,30.732],[-85.925,30.737],[-85.875,30.743],[-85.825,30.748],[-85.775,30.754],[-85.725,30.76],[-85.675,30.765],[-85.625,30.771],[-85.59,30.775],[-85.575,30.777],[-85.525,30.782],[-85.475,30.788],[-85.425,30.794],[-85.375,30.799],[-85.325,30.805],[-85.275,30.811],[-85.225,30.817],[-85.175,30.822],[-85.152,30.825],[-85.125,30.828],[-85.075,30.834],[-85.025,30.84],[-84.975,30.845],[-84.925,30.851],[-84.875,30.857],[-84.825,30.863],[-84.775,30.869],[-84.725,30.875],[-84.721,30.875],[-84.675,30.88],[-84.625,30.886],[-84.575,30.892],[-84.525,30.898],[-84.475,30.904],[-84.425,30.909],[-84.375,30.915],[-84.325,30.921],[-84.29,30.925],[-84.275,30.927],[-84.225,30.933],[-84.175,30.938],[-84.125,30.944],[-84.075,30.95],[-84.025,30.956],[-83.975,30.962],[-83.925,30.968],[-83.875,30.974],[-83.866,30.975],[-83.825,30.98],[-83.775,30.986],[-83.725,30.992],[-83.675,30.998],[-83.625,31.004],[-83.575,31.01],[-83.525,31.016],[-83.475,31.023],[-83.456,31.025],[-83.425,31.029],[-83.375,31.035],[-83.325,31.041],[-83.275,31.048],[-83.225,31.054],[-83.175,31.061],[-83.125,31.067],[-83.075,31.073],[-83.062,31.075],[-83.025,31.08],[-82.975,31.086],[-82.925,31.093],[-82.875,31.099],[-82.825,31.106],[-82.775,31.113],[-82.725,31.119],[-82.68,31.125],[-82.675,31.126],[-82.625,31.132],[-82.575,31.139],[-82.525,31.146],[-82.475,31.152],[-82.425,31.159],[-82.375,31.165],[-82.325,31.172],[-82.3,31.175],[-82.275,31.178],[-82.225,31.185],[-82.175,31.191],[-82.125,31.198],[-82.075,31.204],[-82.025,31.211],[-81.975,31.217],[-81.925,31.223],[-81.913,31.225],[-81.875,31.23],[-81.825,31.236],[-81.775,31.243],[-81.725,31.249],[-81.675,31.255],[-81.625,31.262],[-81.575,31.268],[-81.525,31.274],[-81.519,31.275],[-81.475,31.281],[-81.425,31.287],[-81.391,31.291]]]}},{"type":"Feature","properties":{"date":"2015-03-19","label":"19 Mar","yday":78,"tier":"day","major":false},"geometry":{"type":"MultiLineString","coordinates":[[[-90.735,30.385],[-90.725,30.386],[-90.675,30.392],[-90.625,30.398],[-90.575,30.404],[-90.525,30.41],[-90.486,30.414]],[[-90.392,30.425],[-90.375,30.427],[-90.373,30.427]],[[-90.152,30.452],[-90.125,30.455],[-90.075,30.461],[-90.025,30.466],[-89.975,30.471],[-89.942,30.475],[-89.925,30.477],[-89.875,30.482],[-89.825,30.487],[-89.775,30.493],[-89.725,30.498],[-89.675,30.503],[-89.625,30.508],[-89.575,30.513],[-89.525,30.519],[-89.475,30.524],[-89.461,30.525],[-89.425,30.529],[-89.375,30.534],[-89.325,30.539],[-89.275,30.544],[-89.225,30.549],[-89.175,30.554],[-89.125,30.558],[-89.075,30.563],[-89.025,30.568],[-88.975,30.573],[-88.956,30.575],[-88.925,30.578],[-88.875,30.583],[-88.825,30.588],[-88.775,30.593],[-88.725,30.598],[-88.675,30.603],[-88.625,30.607],[-88.575,30.612],[-88.525,30.617],[-88.475,30.622],[-88.446,30.625],[-88.425,30.627],[-88.375,30.632],[-88.325,30.637],[-88.275,30.642],[-88.225,30.647],[-88.175,30.652],[-88.125,30.657],[-88.075,30.662]],[[-87.927,30.677],[-87.925,30.677],[-87.875,30.682],[-87.825,30.687],[-87.775,30.692],[-87.725,30.697],[-87.675,30.703],[-87.625,30.708],[-87.575,30.713],[-87.525,30.718],[-87.475,30.723],[-87.461,30.725],[-87.425,30.729],[-87.375,30.734],[-87.325,30.739],[-87.275,30.745],[-87.225,30.75],[-87.175,30.755],[-87.125,30.761],[-87.075,30.766],[-87.025,30.771],[-86.989,30.775],[-86.975,30.776],[-86.925,30.782],[-86.875,30.787],[-86.825,30.792],[-86.775,30.798],[-86.725,30.803],[-86.675,30.808],[-86.625,30.814],[-86.575,30.819],[-86.525,30.824],[-86.518,30.825],[-86.475,30.83],[-86.425,30.835],[-86.375,30.84],[-86.325,30.846],[-86.275,30.851],[-86.225,30.857],[-86.175,30.862],[-86.125,30.867],[-86.075,30.873],[-86.053,30.875],[-86.025,30.878],[-85.975,30.883],[-85.925,30.889],[-85.875,30.894],[-85.825,30.9],[-85.775,30.905],[-85.725,30.91],[-85.675,30.916],[-85.625,30.921],[-85.591,30.925],[-85.575,30.927],[-85.525,30.932],[-85.475,30.938],[-85.425,30.943],[-85.375,30.949],[-85.325,30.954],[-85.275,30.96],[-85.225,30.965],[-85.175,30.971],[-85.136,30.975],[-85.125,30.976],[-85.075,30.982],[-85.025,30.987],[-84.975,30.993],[-84.925,30.999],[-84.875,31.004],[-84.825,31.01],[-84.775,31.015],[-84.725,31.021],[-84.689,31.025],[-84.675,31.027],[-84.625,31.032],[-84.575,31.038],[-84.525,31.043],[-84.475,31.049],[-84.425,31.055],[-84.375,31.06],[-84.325,31.066],[-84.275,31.072],[-84.246,31.075],[-84.225,31.077],[-84.175,31.083],[-84.125,31.089],[-84.075,31.095],[-84.025,31.1],[-83.975,31.106],[-83.925,31.112],[-83.875,31.118],[-83.825,31.124],[-83.814,31.125],[-83.775,31.13],[-83.725,31.136],[-83.675,31.142],[-83.625,31.148],[-83.575,31.154],[-83.525,31.16],[-83.475,31.166],[-83.425,31.172],[-83.401,31.175],[-83.375,31.178],[-83.325,31.184],[-83.275,31.191],[-83.225,31.197],[-83.175,31.203],[-83.125,31.21],[-83.075,31.216],[-83.025,31.223],[-83.006,31.225],[-82.975,31.229],[-82.925,31.235],[-82.875,31.242],[-82.825,31.248],[-82.775,31.255],[-82.725,31.262],[-82.675,31.268],[-82.625,31.275],[-82.622,31.275],[-82.575,31.281],[-82.525,31.288],[-82.475,31.294],[-82.425,31.301],[-82.375,31.307],[-82.325,31.314],[-82.275,31.32],[-82.239,31.325],[-82.225,31.327],[-82.175,31.333],[-82.125,31.34],[-82.075,31.346],[-82.025,31.353],[-81.975,31.359],[-81.925,31.365],[-81.875,31.372],[-81.85,31.375],[-81.825,31.378],[-81.775,31.385],[-81.725,31.391],[-81.675,31.397],[-81.625,31.403],[-81.575,31.41],[-81.525,31.416],[-81.475,31.422],[-81.453,31.425],[-81.425,31.429],[-81.375,31.435],[-81.364,31.436]],[[-81.295,31.445],[-81.275,31.447],[-81.25,31.45]]]}},{"type":"Feature","properties":{"date":"2015-03-20","label":"20 Mar","yday":79,"tier":"day","major":false},"geometry":{"type":"MultiLineString","coordinates":[[[-94.285,30.025],[-94.275,30.027],[-94.225,30.035],[-94.175,30.044],[-94.153,30.047]],[[-90.97,30.52],[-90.925,30.525],[-90.924,30.525],[-90.875,30.531],[-90.825,30.537],[-90.775,30.543],[-90.725,30.549],[-90.675,30.555],[-90.625,30.561],[-90.575,30.566],[-90.525,30.572],[-90.5,30.575],[-90.475,30.578],[-90.425,30.584],[-90.375,30.589],[-90.325,30.595],[-90.275,30.6],[-90.225,30.606],[-90.175,30.611],[-90.125,30.617],[-90.075,30.622],[-90.049,30.625],[-90.025,30.628],[-89.975,30.633],[-89.925,30.638],[-89.875,30.643],[-89.825,30.649],[-89.775,30.654],[-89.725,30.659],[-89.675,30.664],[-89.625,30.669],[-89.575,30.674],[-89.567,30.675],[-89.525,30.679],[-89.475,30.684],[-89.425,30.689],[-89.375,30.694],[-89.325,30.699],[-89.275,30.704],[-89.225,30.709],[-89.175,30.714],[-89.125,30.718],[-89.075,30.723],[-89.056,30.725],[-89.025,30.728],[-88.975,30.733],[-88.925,30.738],[-88.875,30.742],[-88.825,30.747],[-88.775,30.752],[-88.725,30.757],[-88.675,30.762],[-88.625,30.766],[-88.575,30.771],[-88.534,30.775],[-88.525,30.776],[-88.475,30.781],[-88.425,30.785],[-88.375,30.79],[-88.325,30.795],[-88.275,30.8],[-88.225,30.805],[-88.175,30.81],[-88.125,30.815],[-88.075,30.82],[-88.025,30.824],[-88.019,30.825],[-87.975,30.829],[-87.925,30.834],[-87.875,30.839],[-87.825,30.844],[-87.775,30.849],[-87.725,30.854],[-87.675,30.86],[-87.625,30.865],[-87.575,30.87],[-87.525,30.875],[-87.524,30.875],[-87.475,30.88],[-87.425,30.885],[-87.375,30.89],[-87.325,30.896],[-87.275,30.901],[-87.225,30.906],[-87.175,30.911],[-87.125,30.916],[-87.075,30.921],[-87.041,30.925],[-87.025,30.927],[-86.975,30.932],[-86.925,30.937],[-86.875,30.942],[-86.825,30.947],[-86.775,30.953],[-86.725,30.958],[-86.675,30.963],[-86.625,30.968],[-86.575,30.973],[-86.559,30.975],[-86.525,30.979],[-86.475,30.984],[-86.425,30.989],[-86.375,30.994],[-86.325,30.999],[-86.275,31.004],[-86.225,31.01],[-86.175,31.015],[-86.125,31.02],[-86.075,31.025],[-86.075,31.025],[-86.025,31.03],[-85.975,31.035],[-85.925,31.04],[-85.875,31.046],[-85.825,31.051],[-85.775,31.056],[-85.725,31.061],[-85.675,31.066],[-85.625,31.071],[-85.59,31.075],[-85.575,31.077],[-85.525,31.082],[-85.475,31.087],[-85.425,31.092],[-85.375,31.097],[-85.325,31.103],[-85.275,31.108],[-85.225,31.113],[-85.175,31.119],[-85.125,31.124],[-85.115,31.125],[-85.075,31.129],[-85.025,31.135],[-84.975,31.14],[-84.925,31.145],[-84.875,31.151],[-84.825,31.156],[-84.775,31.162],[-84.725,31.167],[-84.675,31.172],[-84.652,31.175],[-84.625,31.178],[-84.575,31.183],[-84.525,31.189],[-84.475,31.194],[-84.425,31.2],[-84.375,31.205],[-84.325,31.211],[-84.275,31.216],[-84.225,31.222],[-84.196,31.225],[-84.175,31.227],[-84.125,31.233],[-84.075,31.239],[-84.025,31.244],[-83.975,31.25],[-83.925,31.256],[-83.875,31.261],[-83.825,31.267],[-83.775,31.273],[-83.758,31.275],[-83.725,31.279],[-83.675,31.285],[-83.625,31.291],[-83.575,31.297],[-83.525,31.303],[-83.475,31.309],[-83.425,31.315],[-83.375,31.321],[-83.343,31.325],[-83.325,31.327],[-83.275,31.333],[-83.225,31.34],[-83.175,31.346],[-83.125,31.352],[-83.075,31.359],[-83.025,31.365],[-82.975,31.371],[-82.948,31.375],[-82.925,31.378],[-82.875,31.384],[-82.825,31.391],[-82.775,31.397],[-82.725,31.404],[-82.675,31.41],[-82.625,31.417],[-82.575,31.423],[-82.562,31.425],[-82.525,31.43],[-82.475,31.436],[-82.425,31.443],[-82.375,31.449],[-82.325,31.456],[-82.275,31.462],[-82.225,31.469],[-82.178,31.475],[-82.175,31.475],[-82.125,31.482],[-82.075,31.488],[-82.025,31.495],[-81.975,31.501],[-81.925,31.508],[-81.875,31.514],[-81.825,31.52],[-81.788,31.525],[-81.775,31.527],[-81.725,31.533],[-81.675,31.539],[-81.625,31.546],[-81.575,31.552],[-81.525,31.558],[-81.475,31.564],[-81.425,31.57],[-81.388,31.575],[-81.375,31.577],[-81.325,31.583],[-81.275,31.589],[-81.243,31.593]],[[-81.202,31.598],[-81.175,31.601]]]}},{"type":"Feature","properties":{"date":"2015-03-21","label":"21 Mar","yday":80,"tier":"five","major":false},"geometry":{"type":"MultiLineString","coordinates":[[[-94.375,30.179],[-94.325,30.188],[-94.275,30.196],[-94.225,30.205],[-94.175,30.213],[-94.125,30.221],[-94.104,30.225],[-94.075,30.23],[-94.025,30.238],[-93.975,30.246],[-93.925,30.255],[-93.889,30.261]],[[-93.607,30.307],[-93.575,30.312],[-93.525,30.32],[-93.496,30.325],[-93.475,30.328],[-93.425,30.336],[-93.375,30.344],[-93.325,30.352],[-93.275,30.36],[-93.225,30.368],[-93.181,30.375],[-93.175,30.376],[-93.125,30.384],[-93.075,30.392],[-93.025,30.399],[-92.975,30.407],[-92.925,30.415],[-92.875,30.422],[-92.858,30.425],[-92.825,30.43],[-92.775,30.438],[-92.725,30.445],[-92.675,30.453],[-92.625,30.46],[-92.575,30.467],[-92.525,30.475],[-92.523,30.475],[-92.475,30.482]],[[-91.16,30.66],[-91.125,30.664],[-91.075,30.67],[-91.033,30.675],[-91.025,30.676],[-90.975,30.682],[-90.925,30.688],[-90.875,30.694],[-90.825,30.7],[-90.775,30.706],[-90.725,30.712],[-90.675,30.717],[-90.625,30.723],[-90.609,30.725],[-90.575,30.729],[-90.525,30.735],[-90.475,30.74],[-90.425,30.746],[-90.375,30.751],[-90.325,30.757],[-90.275,30.762],[-90.225,30.768],[-90.175,30.773],[-90.158,30.775],[-90.125,30.778],[-90.075,30.784],[-90.025,30.789],[-89.975,30.794],[-89.925,30.799],[-89.875,30.805],[-89.825,30.81],[-89.775,30.815],[-89.725,30.82],[-89.675,30.825],[-89.675,30.825],[-89.625,30.83],[-89.575,30.835],[-89.525,30.84],[-89.475,30.845],[-89.425,30.85],[-89.375,30.855],[-89.325,30.859],[-89.275,30.864],[-89.225,30.869],[-89.175,30.874],[-89.161,30.875],[-89.125,30.878],[-89.075,30.883],[-89.025,30.888],[-88.975,30.893],[-88.925,30.897],[-88.875,30.902],[-88.825,30.907],[-88.775,30.911],[-88.725,30.916],[-88.675,30.921],[-88.628,30.925],[-88.625,30.925],[-88.575,30.93],[-88.525,30.935],[-88.475,30.939],[-88.425,30.944],[-88.375,30.949],[-88.325,30.953],[-88.275,30.958],[-88.225,30.963],[-88.175,30.968],[-88.125,30.973],[-88.099,30.975],[-88.075,30.977],[-88.025,30.982],[-87.975,30.987],[-87.925,30.992],[-87.875,30.997],[-87.825,31.002],[-87.775,31.007],[-87.725,31.012],[-87.675,31.017],[-87.625,31.022],[-87.59,31.025],[-87.575,31.027],[-87.525,31.032],[-87.475,31.037],[-87.425,31.042],[-87.375,31.047],[-87.325,31.052],[-87.275,31.057],[-87.225,31.062],[-87.175,31.067],[-87.125,31.072],[-87.095,31.075],[-87.075,31.077],[-87.025,31.082],[-86.975,31.087],[-86.925,31.092],[-86.875,31.097],[-86.825,31.102],[-86.775,31.107],[-86.725,31.112],[-86.675,31.117],[-86.625,31.123],[-86.6,31.125],[-86.575,31.128],[-86.525,31.133],[-86.475,31.138],[-86.425,31.143],[-86.375,31.148],[-86.325,31.152],[-86.275,31.157],[-86.225,31.162],[-86.175,31.167],[-86.125,31.172],[-86.095,31.175],[-86.075,31.177],[-86.025,31.182],[-85.975,31.187],[-85.925,31.192],[-85.875,31.196],[-85.825,31.201],[-85.775,31.206],[-85.725,31.211],[-85.675,31.216],[-85.625,31.221],[-85.586,31.225],[-85.575,31.226],[-85.525,31.231],[-85.475,31.236],[-85.425,31.241],[-85.375,31.246],[-85.325,31.251],[-85.275,31.256],[-85.225,31.261],[-85.175,31.266],[-85.125,31.271],[-85.089,31.275],[-85.075,31.276],[-85.025,31.282],[-84.975,31.287],[-84.925,31.292],[-84.875,31.297],[-84.825,31.302],[-84.775,31.308],[-84.725,31.313],[-84.675,31.318],[-84.625,31.323],[-84.608,31.325],[-84.575,31.329],[-84.525,31.334],[-84.475,31.339],[-84.425,31.344],[-84.375,31.35],[-84.325,31.355],[-84.275,31.361],[-84.225,31.366],[-84.175,31.371],[-84.143,31.375],[-84.125,31.377],[-84.075,31.382],[-84.025,31.388],[-83.975,31.394],[-83.925,31.399],[-83.875,31.405],[-83.825,31.411],[-83.775,31.416],[-83.725,31.422],[-83.7,31.425],[-83.675,31.428],[-83.625,31.434],[-83.575,31.44],[-83.525,31.446],[-83.475,31.452],[-83.425,31.458],[-83.375,31.464],[-83.325,31.47],[-83.283,31.475],[-83.275,31.476],[-83.225,31.482],[-83.175,31.488],[-83.125,31.495],[-83.075,31.501],[-83.025,31.507],[-82.975,31.514],[-82.925,31.52],[-82.887,31.525],[-82.875,31.527],[-82.825,31.533],[-82.775,31.539],[-82.725,31.546],[-82.675,31.552],[-82.625,31.559],[-82.575,31.565],[-82.525,31.572],[-82.501,31.575],[-82.475,31.578],[-82.425,31.585],[-82.375,31.591],[-82.325,31.598],[-82.275,31.604],[-82.225,31.611],[-82.175,31.617],[-82.125,31.624],[-82.117,31.625],[-82.075,31.63],[-82.025,31.637],[-81.975,31.643],[-81.925,31.65],[-81.875,31.656],[-81.825,31.662],[-81.775,31.669],[-81.726,31.675],[-81.725,31.675],[-81.675,31.681],[-81.625,31.688],[-81.575,31.694],[-81.525,31.7],[-81.475,31.706],[-81.425,31.713],[-81.375,31.719],[-81.325,31.725],[-81.325,31.725],[-81.275,31.731],[-81.225,31.737],[-81.211,31.739]]]}},{"type":"Feature","properties":{"date":"2015-03-22","label":"22 Mar","yday":81,"tier":"day","major":false},"geometry":{"type":"MultiLineString","coordinates":[[[-94.781,30.281],[-94.775,30.282],[-94.725,30.291],[-94.675,30.299]],[[-94.439,30.339],[-94.425,30.341],[-94.375,30.35],[-94.325,30.358],[-94.275,30.366],[-94.225,30.375],[-94.223,30.375],[-94.175,30.383],[-94.125,30.391],[-94.075,30.399],[-94.025,30.408],[-93.975,30.416],[-93.925,30.424],[-93.92,30.425],[-93.875,30.432],[-93.825,30.441],[-93.775,30.449],[-93.725,30.457],[-93.675,30.465],[-93.625,30.473],[-93.612,30.475],[-93.575,30.481],[-93.525,30.489],[-93.475,30.497],[-93.425,30.505],[-93.375,30.513],[-93.325,30.521],[-93.297,30.525],[-93.275,30.528],[-93.225,30.536],[-93.175,30.544],[-93.125,30.552],[-93.075,30.559],[-93.025,30.567],[-92.975,30.575],[-92.973,30.575],[-92.925,30.582],[-92.875,30.59],[-92.825,30.597],[-92.775,30.605],[-92.725,30.612],[-92.675,30.619],[-92.637,30.625],[-92.625,30.627],[-92.575,30.634],[-92.525,30.641],[-92.475,30.648],[-92.425,30.655],[-92.389,30.661]],[[-92.287,30.675],[-92.275,30.677],[-92.225,30.684],[-92.175,30.691],[-92.157,30.693]],[[-91.26,30.81],[-91.225,30.815],[-91.175,30.821],[-91.14,30.825],[-91.125,30.827],[-91.075,30.833],[-91.025,30.839],[-90.975,30.845],[-90.925,30.851],[-90.875,30.857],[-90.825,30.862],[-90.775,30.868],[-90.725,30.874],[-90.716,30.875],[-90.675,30.88],[-90.625,30.885],[-90.575,30.891],[-90.525,30.897],[-90.475,30.902],[-90.425,30.908],[-90.375,30.913],[-90.325,30.919],[-90.275,30.924],[-90.265,30.925],[-90.225,30.929],[-90.175,30.935],[-90.125,30.94],[-90.075,30.945],[-90.025,30.95],[-89.975,30.955],[-89.925,30.961],[-89.875,30.966],[-89.825,30.971],[-89.783,30.975],[-89.775,30.976],[-89.725,30.981],[-89.675,30.986],[-89.625,30.991],[-89.575,30.996],[-89.525,31.0],[-89.475,31.005],[-89.425,31.01],[-89.375,31.015],[-89.325,31.02],[-89.275,31.024],[-89.268,31.025],[-89.225,31.029],[-89.175,31.034],[-89.125,31.038],[-89.075,31.043],[-89.025,31.048],[-88.975,31.052],[-88.925,31.057],[-88.875,31.061],[-88.825,31.066],[-88.775,31.07],[-88.725,31.075],[-88.725,31.075],[-88.675,31.08],[-88.625,31.084],[-88.575,31.089],[-88.525,31.093],[-88.475,31.098],[-88.425,31.102],[-88.375,31.107],[-88.325,31.112],[-88.275,31.116],[-88.225,31.121],[-88.182,31.125],[-88.175,31.126],[-88.125,31.13],[-88.075,31.135],[-88.025,31.14],[-87.975,31.145],[-87.925,31.149],[-87.875,31.154],[-87.825,31.159],[-87.775,31.164],[-87.725,31.169],[-87.675,31.173],[-87.658,31.175],[-87.625,31.178],[-87.575,31.183],[-87.525,31.188],[-87.475,31.193],[-87.425,31.198],[-87.375,31.203],[-87.325,31.208],[-87.275,31.213],[-87.225,31.218],[-87.175,31.222],[-87.149,31.225],[-87.125,31.227],[-87.075,31.232],[-87.025,31.237],[-86.975,31.242],[-86.925,31.247],[-86.875,31.252],[-86.825,31.257],[-86.775,31.262],[-86.725,31.267],[-86.675,31.272],[-86.639,31.275],[-86.625,31.276],[-86.575,31.281],[-86.525,31.286],[-86.475,31.291],[-86.425,31.296],[-86.375,31.3],[-86.325,31.305],[-86.275,31.31],[-86.225,31.314],[-86.175,31.319],[-86.125,31.324],[-86.112,31.325],[-86.075,31.328],[-86.025,31.333],[-85.975,31.338],[-85.925,31.342],[-85.875,31.347],[-85.825,31.352],[-85.775,31.356],[-85.725,31.361],[-85.675,31.366],[-85.625,31.37],[-85.576,31.375],[-85.575,31.375],[-85.525,31.38],[-85.475,31.385],[-85.425,31.389],[-85.375,31.394],[-85.325,31.399],[-85.275,31.404],[-85.225,31.409],[-85.175,31.413],[-85.125,31.418],[-85.075,31.423],[-85.057,31.425],[-85.025,31.428],[-84.975,31.433],[-84.925,31.438],[-84.875,31.443],[-84.825,31.448],[-84.775,31.453],[-84.725,31.458],[-84.675,31.463],[-84.625,31.468],[-84.575,31.473],[-84.559,31.475],[-84.525,31.479],[-84.475,31.484],[-84.425,31.489],[-84.375,31.494],[-84.325,31.499],[-84.275,31.505],[-84.225,31.51],[-84.175,31.515],[-84.125,31.521],[-84.084,31.525],[-84.075,31.526],[-84.025,31.531],[-83.975,31.537],[-83.925,31.542],[-83.875,31.548],[-83.825,31.554],[-83.775,31.559],[-83.725,31.565],[-83.675,31.571],[-83.638,31.575],[-83.625,31.577],[-83.575,31.582],[-83.525,31.588],[-83.475,31.594],[-83.425,31.6],[-83.375,31.606],[-83.325,31.612],[-83.275,31.618],[-83.225,31.625],[-83.221,31.625],[-83.175,31.631],[-83.125,31.637],[-83.075,31.643],[-83.025,31.65],[-82.975,31.656],[-82.925,31.662],[-82.875,31.669],[-82.826,31.675],[-82.825,31.675],[-82.775,31.682],[-82.725,31.688],[-82.675,31.694],[-82.625,31.701],[-82.575,31.707],[-82.525,31.714],[-82.475,31.72],[-82.44,31.725],[-82.425,31.727],[-82.375,31.733],[-82.325,31.74],[-82.275,31.747],[-82.225,31.753],[-82.175,31.76],[-82.125,31.766],[-82.075,31.773],[-82.056,31.775],[-82.025,31.779],[-81.975,31.786],[-81.925,31.792],[-81.875,31.798],[-81.825,31.805],[-81.775,31.811],[-81.725,31.818],[-81.675,31.824],[-81.666,31.825],[-81.625,31.83],[-81.575,31.836],[-81.525,31.843],[-81.475,31.849],[-81.425,31.855],[-81.375,31.861],[-81.325,31.867],[-81.275,31.874],[-81.264,31.875],[-81.225,31.88],[-81.175,31.886],[-81.125,31.892],[-81.106,31.894]],[[-81.051,31.901],[-81.025,31.904],[-80.975,31.91]]]}},{"type":"Feature","properties":{"date":"2015-03-23","label":"23 Mar","yday":82,"tier":"day","major":false},"geometry":{"type":"MultiLineString","coordinates":[[[-94.825,30.445],[-94.775,30.453],[-94.725,30.461],[-94.713,30.463]],[[-94.499,30.499],[-94.475,30.503],[-94.425,30.512],[-94.375,30.52],[-94.344,30.525],[-94.325,30.528],[-94.275,30.536],[-94.225,30.545],[-94.175,30.553],[-94.125,30.561],[-94.075,30.569],[-94.04,30.575],[-94.025,30.577],[-93.975,30.586],[-93.925,30.594],[-93.875,30.602],[-93.825,30.61],[-93.775,30.618],[-93.73,30.625],[-93.725,30.626],[-93.675,30.634],[-93.625,30.642],[-93.575,30.65],[-93.525,30.658],[-93.475,30.666],[-93.425,30.673],[-93.415,30.675],[-93.375,30.681],[-93.325,30.689],[-93.275,30.697],[-93.225,30.704],[-93.175,30.712],[-93.125,30.72],[-93.09,30.725],[-93.075,30.727],[-93.025,30.735],[-92.975,30.742],[-92.925,30.75],[-92.875,30.757],[-92.825,30.764],[-92.775,30.772],[-92.752,30.775],[-92.725,30.779],[-92.675,30.786],[-92.625,30.793],[-92.575,30.8],[-92.525,30.807],[-92.475,30.814],[-92.425,30.821],[-92.399,30.825],[-92.375,30.828],[-92.325,30.835],[-92.275,30.842],[-92.225,30.849],[-92.175,30.856],[-92.125,30.862]],[[-91.325,30.965],[-91.275,30.971],[-91.246,30.975],[-91.225,30.978],[-91.175,30.984],[-91.125,30.99],[-91.075,30.995],[-91.025,31.001],[-90.975,31.007],[-90.925,31.013],[-90.875,31.019],[-90.825,31.025],[-90.822,31.025],[-90.775,31.03],[-90.725,31.036],[-90.675,31.042],[-90.625,31.047],[-90.575,31.053],[-90.525,31.058],[-90.475,31.064],[-90.425,31.069],[-90.375,31.075],[-90.372,31.075],[-90.325,31.08],[-90.275,31.085],[-90.225,31.091],[-90.175,31.096],[-90.125,31.101],[-90.075,31.106],[-90.025,31.111],[-89.975,31.116],[-89.925,31.121],[-89.889,31.125],[-89.875,31.126],[-89.825,31.131],[-89.775,31.136],[-89.725,31.141],[-89.675,31.146],[-89.625,31.151],[-89.575,31.156],[-89.525,31.161],[-89.475,31.166],[-89.425,31.17],[-89.375,31.175],[-89.375,31.175],[-89.325,31.18],[-89.275,31.184],[-89.225,31.189],[-89.175,31.194],[-89.125,31.198],[-89.075,31.203],[-89.025,31.207],[-88.975,31.212],[-88.925,31.216],[-88.875,31.22],[-88.825,31.225],[-88.824,31.225],[-88.775,31.229],[-88.725,31.234],[-88.675,31.238],[-88.625,31.243],[-88.575,31.247],[-88.525,31.252],[-88.475,31.256],[-88.425,31.261],[-88.375,31.265],[-88.325,31.27],[-88.275,31.274],[-88.267,31.275],[-88.225,31.279],[-88.175,31.283],[-88.125,31.288],[-88.075,31.293],[-88.025,31.297],[-87.975,31.302],[-87.925,31.306],[-87.875,31.311],[-87.825,31.316],[-87.775,31.32],[-87.727,31.325],[-87.725,31.325],[-87.675,31.33],[-87.625,31.335],[-87.575,31.339],[-87.525,31.344],[-87.475,31.349],[-87.425,31.354],[-87.375,31.358],[-87.325,31.363],[-87.275,31.368],[-87.225,31.373],[-87.202,31.375],[-87.175,31.378],[-87.125,31.382],[-87.075,31.387],[-87.025,31.392],[-86.975,31.397],[-86.925,31.401],[-86.875,31.406],[-86.825,31.411],[-86.775,31.416],[-86.725,31.42],[-86.675,31.425],[-86.674,31.425],[-86.625,31.43],[-86.575,31.434],[-86.525,31.439],[-86.475,31.443],[-86.425,31.448],[-86.375,31.452],[-86.325,31.457],[-86.275,31.461],[-86.225,31.466],[-86.175,31.47],[-86.125,31.475],[-86.122,31.475],[-86.075,31.479],[-86.025,31.484],[-85.975,31.488],[-85.925,31.492],[-85.875,31.497],[-85.825,31.501],[-85.775,31.506],[-85.725,31.51],[-85.675,31.515],[-85.625,31.519],[-85.575,31.524],[-85.56,31.525],[-85.525,31.528],[-85.475,31.533],[-85.425,31.537],[-85.375,31.542],[-85.325,31.546],[-85.275,31.551],[-85.225,31.556],[-85.175,31.56],[-85.125,31.565],[-85.075,31.57],[-85.025,31.574],[-85.019,31.575],[-84.975,31.579],[-84.925,31.584],[-84.875,31.589],[-84.825,31.594],[-84.775,31.598],[-84.725,31.603],[-84.675,31.608],[-84.625,31.613],[-84.575,31.618],[-84.525,31.623],[-84.505,31.625],[-84.475,31.628],[-84.425,31.633],[-84.375,31.638],[-84.325,31.643],[-84.275,31.648],[-84.225,31.654],[-84.175,31.659],[-84.125,31.664],[-84.075,31.669],[-84.025,31.675],[-84.023,31.675],[-83.975,31.68],[-83.925,31.686],[-83.875,31.691],[-83.825,31.697],[-83.775,31.702],[-83.725,31.708],[-83.675,31.713],[-83.625,31.719],[-83.575,31.725],[-83.575,31.725],[-83.525,31.731],[-83.475,31.737],[-83.425,31.743],[-83.375,31.749],[-83.325,31.755],[-83.275,31.761],[-83.225,31.767],[-83.175,31.773],[-83.159,31.775],[-83.125,31.779],[-83.075,31.785],[-83.025,31.792],[-82.975,31.798],[-82.925,31.804],[-82.875,31.811],[-82.825,31.817],[-82.775,31.824],[-82.765,31.825],[-82.725,31.83],[-82.675,31.837],[-82.625,31.843],[-82.575,31.85],[-82.525,31.856],[-82.475,31.863],[-82.425,31.869],[-82.381,31.875],[-82.375,31.876],[-82.325,31.882],[-82.275,31.889],[-82.225,31.895],[-82.175,31.902],[-82.125,31.909],[-82.075,31.915],[-82.025,31.922],[-81.998,31.925],[-81.975,31.928],[-81.925,31.935],[-81.875,31.941],[-81.825,31.947],[-81.775,31.954],[-81.725,31.96],[-81.675,31.967],[-81.625,31.973],[-81.608,31.975],[-81.575,31.979],[-81.525,31.985],[-81.475,31.992],[-81.425,31.998],[-81.375,32.004],[-81.325,32.01],[-81.275,32.016],[-81.225,32.023],[-81.205,32.025],[-81.175,32.029],[-81.125,32.035],[-81.075,32.041],[-81.025,32.047],[-80.975,32.052],[-80.925,32.058]]]}},{"type":"Feature","properties":{"date":"2015-03-24","label":"24 Mar","yday":83,"tier":"day","major":false},"geometry":{"type":"MultiLineString","coordinates":[[[-94.689,30.639],[-94.675,30.641],[-94.625,30.649],[-94.575,30.657],[-94.525,30.666],[-94.475,30.674],[-94.469,30.675],[-94.425,30.682],[-94.375,30.69],[-94.325,30.699],[-94.275,30.707],[-94.225,30.715],[-94.175,30.723],[-94.162,30.725],[-94.125,30.731],[-94.075,30.739],[-94.025,30.747],[-93.975,30.755],[-93.925,30.763],[-93.875,30.771],[-93.85,30.775],[-93.825,30.779],[-93.775,30.787],[-93.725,30.795],[-93.675,30.803],[-93.625,30.811],[-93.575,30.818],[-93.533,30.825],[-93.525,30.826],[-93.475,30.834],[-93.425,30.842],[-93.375,30.849],[-93.325,30.857],[-93.275,30.865],[-93.225,30.872],[-93.207,30.875],[-93.175,30.88],[-93.125,30.887],[-93.075,30.895],[-93.025,30.902],[-92.975,30.91],[-92.925,30.917],[-92.875,30.924],[-92.868,30.925],[-92.825,30.931],[-92.775,30.938],[-92.725,30.945],[-92.675,30.952],[-92.625,30.959],[-92.575,30.966],[-92.525,30.973],[-92.512,30.975],[-92.475,30.98],[-92.425,30.987],[-92.375,30.994],[-92.325,31.0],[-92.275,31.007],[-92.259,31.009]],[[-91.375,31.122],[-91.35,31.125],[-91.325,31.128],[-91.275,31.134],[-91.225,31.14],[-91.175,31.146],[-91.125,31.152],[-91.075,31.158],[-91.025,31.164],[-90.975,31.169],[-90.926,31.175],[-90.925,31.175],[-90.875,31.181],[-90.825,31.186],[-90.775,31.192],[-90.725,31.198],[-90.675,31.203],[-90.625,31.209],[-90.575,31.214],[-90.525,31.22],[-90.476,31.225],[-90.475,31.225],[-90.425,31.23],[-90.375,31.236],[-90.325,31.241],[-90.275,31.246],[-90.225,31.251],[-90.175,31.257],[-90.125,31.262],[-90.075,31.267],[-90.025,31.272],[-89.993,31.275],[-89.975,31.277],[-89.925,31.282],[-89.875,31.287],[-89.825,31.292],[-89.775,31.297],[-89.725,31.301],[-89.675,31.306],[-89.625,31.311],[-89.575,31.316],[-89.525,31.321],[-89.478,31.325],[-89.475,31.325],[-89.425,31.33],[-89.375,31.335],[-89.325,31.339],[-89.275,31.344],[-89.225,31.348],[-89.175,31.353],[-89.125,31.357],[-89.075,31.362],[-89.025,31.366],[-88.975,31.37],[-88.925,31.375],[-88.923,31.375],[-88.875,31.379],[-88.825,31.384],[-88.775,31.388],[-88.725,31.392],[-88.675,31.397],[-88.625,31.401],[-88.575,31.405],[-88.525,31.41],[-88.475,31.414],[-88.425,31.419],[-88.375,31.423],[-88.353,31.425],[-88.325,31.427],[-88.275,31.432],[-88.225,31.436],[-88.175,31.441],[-88.125,31.445],[-88.075,31.45],[-88.025,31.454],[-87.975,31.459],[-87.925,31.463],[-87.875,31.468],[-87.825,31.472],[-87.796,31.475],[-87.775,31.477],[-87.725,31.481],[-87.675,31.486],[-87.625,31.491],[-87.575,31.495],[-87.525,31.5],[-87.475,31.504],[-87.425,31.509],[-87.375,31.514],[-87.325,31.518],[-87.275,31.523],[-87.253,31.525],[-87.225,31.528],[-87.175,31.532],[-87.125,31.537],[-87.075,31.541],[-87.025,31.546],[-86.975,31.551],[-86.925,31.555],[-86.875,31.56],[-86.825,31.564],[-86.775,31.569],[-86.725,31.573],[-86.704,31.575],[-86.675,31.578],[-86.625,31.582],[-86.575,31.586],[-86.525,31.591],[-86.475,31.595],[-86.425,31.6],[-86.375,31.604],[-86.325,31.608],[-86.275,31.612],[-86.225,31.617],[-86.175,31.621],[-86.126,31.625],[-86.125,31.625],[-86.075,31.629],[-86.025,31.634],[-85.975,31.638],[-85.925,31.642],[-85.875,31.646],[-85.825,31.65],[-85.775,31.655],[-85.725,31.659],[-85.675,31.663],[-85.625,31.667],[-85.575,31.672],[-85.537,31.675],[-85.525,31.676],[-85.475,31.68],[-85.425,31.685],[-85.375,31.689],[-85.325,31.693],[-85.275,31.698],[-85.225,31.702],[-85.175,31.707],[-85.125,31.711],[-85.075,31.716],[-85.025,31.72],[-84.975,31.725],[-84.974,31.725],[-84.925,31.73],[-84.875,31.734],[-84.825,31.739],[-84.775,31.743],[-84.725,31.748],[-84.675,31.753],[-84.625,31.758],[-84.575,31.762],[-84.525,31.767],[-84.475,31.772],[-84.446,31.775],[-84.425,31.777],[-84.375,31.782],[-84.325,31.787],[-84.275,31.792],[-84.225,31.797],[-84.175,31.802],[-84.125,31.807],[-84.075,31.813],[-84.025,31.818],[-83.975,31.823],[-83.958,31.825],[-83.925,31.829],[-83.875,31.834],[-83.825,31.839],[-83.775,31.845],[-83.725,31.851],[-83.675,31.856],[-83.625,31.862],[-83.575,31.868],[-83.525,31.873],[-83.511,31.875],[-83.475,31.879],[-83.425,31.885],[-83.375,31.891],[-83.325,31.897],[-83.275,31.903],[-83.225,31.909],[-83.175,31.915],[-83.125,31.922],[-83.097,31.925],[-83.075,31.928],[-83.025,31.934],[-82.975,31.94],[-82.925,31.947],[-82.875,31.953],[-82.825,31.96],[-82.775,31.966],[-82.725,31.972],[-82.705,31.975],[-82.675,31.979],[-82.625,31.985],[-82.575,31.992],[-82.525,31.999],[-82.475,32.005],[-82.425,32.012],[-82.375,32.018],[-82.325,32.025],[-82.325,32.025],[-82.275,32.032],[-82.225,32.038],[-82.175,32.045],[-82.125,32.051],[-82.075,32.058],[-82.025,32.064],[-81.975,32.071],[-81.944,32.075],[-81.925,32.077],[-81.875,32.084],[-81.825,32.09],[-81.775,32.097],[-81.725,32.103],[-81.675,32.11],[-81.625,32.116],[-81.575,32.122],[-81.554,32.125],[-81.525,32.129],[-81.475,32.135],[-81.425,32.141],[-81.375,32.147],[-81.325,32.154],[-81.275,32.16],[-81.225,32.166],[-81.175,32.172],[-81.148,32.175],[-81.125,32.178],[-81.075,32.184],[-81.025,32.19],[-80.975,32.196],[-80.925,32.201],[-80.875,32.207],[-80.825,32.213],[-80.814,32.214]],[[-80.725,32.225],[-80.725,32.225],[-80.723,32.225]]]}},{"type":"Feature","properties":{"date":"2015-03-25","label":"25 Mar","yday":84,"tier":"day","major":false},"geometry":{"type":"MultiLineString","coordinates":[[[-94.792,30.792],[-94.775,30.795],[-94.725,30.804],[-94.675,30.812],[-94.625,30.82],[-94.595,30.825],[-94.575,30.828],[-94.525,30.836],[-94.475,30.845],[-94.425,30.853],[-94.375,30.861],[-94.325,30.869],[-94.286,30.875],[-94.275,30.877],[-94.225,30.885],[-94.175,30.893],[-94.125,30.901],[-94.075,30.909],[-94.025,30.917],[-93.975,30.924],[-93.971,30.925],[-93.925,30.932],[-93.875,30.94],[-93.825,30.948],[-93.775,30.956],[-93.725,30.964],[-93.675,30.971],[-93.652,30.975],[-93.625,30.979],[-93.575,30.987],[-93.525,30.994],[-93.475,31.002],[-93.425,31.01],[-93.375,31.017],[-93.325,31.025],[-93.324,31.025],[-93.275,31.032],[-93.225,31.04],[-93.175,31.047],[-93.125,31.055],[-93.075,31.062],[-93.025,31.069],[-92.984,31.075],[-92.975,31.076],[-92.925,31.083],[-92.875,31.09],[-92.825,31.097],[-92.775,31.104],[-92.725,31.111],[-92.675,31.118],[-92.669,31.119]],[[-91.375,31.284],[-91.325,31.29],[-91.275,31.296],[-91.225,31.302],[-91.175,31.308],[-91.125,31.314],[-91.075,31.319],[-91.027,31.325],[-91.025,31.325],[-90.975,31.331],[-90.925,31.337],[-90.875,31.342],[-90.825,31.348],[-90.775,31.353],[-90.725,31.359],[-90.675,31.364],[-90.625,31.37],[-90.577,31.375],[-90.575,31.375],[-90.525,31.381],[-90.475,31.386],[-90.425,31.391],[-90.375,31.396],[-90.325,31.402],[-90.275,31.407],[-90.225,31.412],[-90.175,31.417],[-90.125,31.422],[-90.095,31.425],[-90.075,31.427],[-90.025,31.432],[-89.975,31.437],[-89.925,31.442],[-89.875,31.447],[-89.825,31.452],[-89.775,31.456],[-89.725,31.461],[-89.675,31.466],[-89.625,31.471],[-89.578,31.475],[-89.575,31.475],[-89.525,31.48],[-89.475,31.485],[-89.425,31.489],[-89.375,31.494],[-89.325,31.498],[-89.275,31.503],[-89.225,31.507],[-89.175,31.512],[-89.125,31.516],[-89.075,31.52],[-89.025,31.525],[-89.02,31.525],[-88.975,31.529],[-88.925,31.533],[-88.875,31.537],[-88.825,31.542],[-88.775,31.546],[-88.725,31.55],[-88.675,31.555],[-88.625,31.559],[-88.575,31.563],[-88.525,31.567],[-88.475,31.572],[-88.438,31.575],[-88.425,31.576],[-88.375,31.58],[-88.325,31.585],[-88.275,31.589],[-88.225,31.593],[-88.175,31.598],[-88.125,31.602],[-88.075,31.606],[-88.025,31.611],[-87.975,31.615],[-87.925,31.62],[-87.875,31.624],[-87.864,31.625],[-87.825,31.628],[-87.775,31.633],[-87.725,31.637],[-87.675,31.642],[-87.625,31.646],[-87.575,31.651],[-87.525,31.655],[-87.475,31.66],[-87.425,31.664],[-87.375,31.668],[-87.325,31.673],[-87.301,31.675],[-87.275,31.677],[-87.225,31.682],[-87.175,31.686],[-87.125,31.691],[-87.075,31.695],[-87.025,31.699],[-86.975,31.704],[-86.925,31.708],[-86.875,31.712],[-86.825,31.717],[-86.775,31.721],[-86.729,31.725],[-86.725,31.725],[-86.675,31.73],[-86.625,31.734],[-86.575,31.738],[-86.525,31.742],[-86.475,31.746],[-86.425,31.751],[-86.375,31.755],[-86.325,31.759],[-86.275,31.763],[-86.225,31.767],[-86.175,31.771],[-86.125,31.775],[-86.124,31.775],[-86.075,31.779],[-86.025,31.783],[-85.975,31.787],[-85.925,31.791],[-85.875,31.795],[-85.825,31.799],[-85.775,31.803],[-85.725,31.807],[-85.675,31.811],[-85.625,31.815],[-85.575,31.819],[-85.525,31.823],[-85.505,31.825],[-85.475,31.828],[-85.425,31.832],[-85.375,31.836],[-85.325,31.84],[-85.275,31.844],[-85.225,31.849],[-85.175,31.853],[-85.125,31.857],[-85.075,31.862],[-85.025,31.866],[-84.975,31.87],[-84.925,31.875],[-84.923,31.875],[-84.875,31.879],[-84.825,31.884],[-84.775,31.888],[-84.725,31.893],[-84.675,31.897],[-84.625,31.902],[-84.575,31.907],[-84.525,31.911],[-84.475,31.916],[-84.425,31.921],[-84.383,31.925],[-84.375,31.926],[-84.325,31.931],[-84.275,31.936],[-84.225,31.941],[-84.175,31.946],[-84.125,31.951],[-84.075,31.956],[-84.025,31.961],[-83.975,31.966],[-83.925,31.972],[-83.893,31.975],[-83.875,31.977],[-83.825,31.982],[-83.775,31.988],[-83.725,31.993],[-83.675,31.999],[-83.625,32.005],[-83.575,32.01],[-83.525,32.016],[-83.475,32.022],[-83.448,32.025],[-83.425,32.028],[-83.375,32.034],[-83.325,32.04],[-83.275,32.046],[-83.225,32.052],[-83.175,32.058],[-83.125,32.064],[-83.075,32.07],[-83.037,32.075],[-83.025,32.077],[-82.975,32.083],[-82.925,32.089],[-82.875,32.096],[-82.825,32.102],[-82.775,32.109],[-82.725,32.115],[-82.675,32.122],[-82.65,32.125],[-82.625,32.128],[-82.575,32.135],[-82.525,32.142],[-82.475,32.148],[-82.425,32.155],[-82.375,32.161],[-82.325,32.168],[-82.275,32.175],[-82.273,32.175],[-82.225,32.181],[-82.175,32.188],[-82.125,32.195],[-82.075,32.201],[-82.025,32.208],[-81.975,32.214],[-81.925,32.221],[-81.894,32.225],[-81.875,32.227],[-81.825,32.234],[-81.775,32.24],[-81.725,32.247],[-81.675,32.253],[-81.625,32.26],[-81.575,32.266],[-81.525,32.272],[-81.504,32.275],[-81.475,32.279],[-81.425,32.285],[-81.375,32.291],[-81.325,32.297],[-81.275,32.303],[-81.225,32.31],[-81.175,32.316],[-81.125,32.322],[-81.096,32.325],[-81.075,32.327],[-81.025,32.333],[-80.975,32.339],[-80.925,32.345],[-80.875,32.351],[-80.825,32.357]],[[-80.625,32.38],[-80.575,32.386],[-80.525,32.391],[-80.506,32.394]]]}},{"type":"Feature","properties":{"date":"2015-03-26","label":"26 Mar","yday":85,"tier":"five","major":false},"geometry":{"type":"MultiLineString","coordinates":[[[-95.153,30.903],[-95.125,30.908],[-95.075,30.917],[-95.025,30.925],[-95.025,30.925],[-94.975,30.933],[-94.925,30.942],[-94.875,30.95],[-94.825,30.958],[-94.775,30.966],[-94.725,30.974],[-94.722,30.975],[-94.675,30.983],[-94.625,30.991],[-94.575,30.999],[-94.525,31.007],[-94.475,31.015],[-94.425,31.023],[-94.412,31.025],[-94.375,31.031],[-94.325,31.039],[-94.275,31.047],[-94.225,31.054],[-94.175,31.062],[-94.125,31.07],[-94.094,31.075],[-94.075,31.078],[-94.025,31.086],[-93.975,31.093],[-93.925,31.101],[-93.875,31.109],[-93.825,31.117],[-93.775,31.124],[-93.77,31.125],[-93.725,31.132],[-93.675,31.14],[-93.625,31.147],[-93.575,31.155],[-93.525,31.162],[-93.475,31.17],[-93.439,31.175],[-93.425,31.177],[-93.375,31.185],[-93.325,31.192],[-93.275,31.199],[-93.225,31.207],[-93.175,31.214],[-93.125,31.221],[-93.097,31.225],[-93.075,31.228],[-93.025,31.235],[-92.975,31.242],[-92.925,31.249],[-92.875,31.256],[-92.825,31.263],[-92.775,31.27],[-92.736,31.275],[-92.725,31.276]],[[-92.357,31.325],[-92.325,31.329],[-92.32,31.33]],[[-91.325,31.452],[-91.275,31.458],[-91.225,31.464],[-91.175,31.469],[-91.126,31.475],[-91.125,31.475],[-91.075,31.481],[-91.025,31.486],[-90.975,31.492],[-90.925,31.498],[-90.875,31.503],[-90.825,31.509],[-90.775,31.514],[-90.725,31.52],[-90.675,31.525],[-90.675,31.525],[-90.625,31.53],[-90.575,31.536],[-90.525,31.541],[-90.475,31.546],[-90.425,31.551],[-90.375,31.557],[-90.325,31.562],[-90.275,31.567],[-90.225,31.572],[-90.193,31.575],[-90.175,31.577],[-90.125,31.582],[-90.075,31.587],[-90.025,31.592],[-89.975,31.596],[-89.925,31.601],[-89.875,31.606],[-89.825,31.611],[-89.775,31.616],[-89.725,31.62],[-89.675,31.625],[-89.675,31.625],[-89.625,31.63],[-89.575,31.634],[-89.525,31.639],[-89.475,31.643],[-89.425,31.648],[-89.375,31.652],[-89.325,31.657],[-89.275,31.661],[-89.225,31.665],[-89.175,31.67],[-89.125,31.674],[-89.114,31.675],[-89.075,31.678],[-89.025,31.683],[-88.975,31.687],[-88.925,31.691],[-88.875,31.695],[-88.825,31.7],[-88.775,31.704],[-88.725,31.708],[-88.675,31.712],[-88.625,31.716],[-88.575,31.721],[-88.525,31.725],[-88.522,31.725],[-88.475,31.729],[-88.425,31.733],[-88.375,31.737],[-88.325,31.742],[-88.275,31.746],[-88.225,31.75],[-88.175,31.754],[-88.125,31.759],[-88.075,31.763],[-88.025,31.767],[-87.975,31.771],[-87.931,31.775],[-87.925,31.776],[-87.875,31.78],[-87.825,31.784],[-87.775,31.788],[-87.725,31.793],[-87.675,31.797],[-87.625,31.801],[-87.575,31.806],[-87.525,31.81],[-87.475,31.814],[-87.425,31.818],[-87.375,31.823],[-87.347,31.825],[-87.325,31.827],[-87.275,31.831],[-87.225,31.835],[-87.175,31.84],[-87.125,31.844],[-87.075,31.848],[-87.025,31.852],[-86.975,31.856],[-86.925,31.861],[-86.875,31.865],[-86.825,31.869],[-86.775,31.873],[-86.751,31.875],[-86.727,31.877]],[[-86.343,31.907],[-86.325,31.909],[-86.275,31.913],[-86.225,31.917],[-86.175,31.92],[-86.125,31.924],[-86.115,31.925],[-86.075,31.928],[-86.025,31.932],[-85.975,31.936],[-85.925,31.939],[-85.875,31.943],[-85.825,31.947],[-85.775,31.951],[-85.725,31.955],[-85.675,31.959],[-85.625,31.962],[-85.575,31.966],[-85.525,31.97],[-85.475,31.974],[-85.466,31.975],[-85.425,31.978],[-85.375,31.982],[-85.325,31.986],[-85.275,31.99],[-85.225,31.995],[-85.175,31.999],[-85.125,32.003],[-85.075,32.007],[-85.025,32.011],[-84.975,32.016],[-84.925,32.02],[-84.875,32.024],[-84.865,32.025],[-84.825,32.028],[-84.775,32.033],[-84.725,32.037],[-84.675,32.042],[-84.625,32.046],[-84.575,32.051],[-84.525,32.055],[-84.475,32.06],[-84.425,32.065],[-84.375,32.07],[-84.325,32.074],[-84.318,32.075],[-84.275,32.079],[-84.225,32.084],[-84.175,32.089],[-84.125,32.094],[-84.075,32.099],[-84.025,32.104],[-83.975,32.109],[-83.925,32.115],[-83.875,32.12],[-83.829,32.125],[-83.825,32.125],[-83.775,32.131],[-83.725,32.136],[-83.675,32.142],[-83.625,32.147],[-83.575,32.153],[-83.525,32.159],[-83.475,32.165],[-83.425,32.171],[-83.387,32.175],[-83.375,32.176],[-83.325,32.182],[-83.275,32.188],[-83.225,32.195],[-83.175,32.201],[-83.125,32.207],[-83.075,32.213],[-83.025,32.219],[-82.982,32.225],[-82.975,32.226],[-82.925,32.232],[-82.875,32.239],[-82.825,32.245],[-82.775,32.252],[-82.725,32.258],[-82.675,32.265],[-82.625,32.272],[-82.6,32.275],[-82.575,32.278],[-82.525,32.285],[-82.475,32.292],[-82.425,32.298],[-82.375,32.305],[-82.325,32.312],[-82.275,32.318],[-82.226,32.325],[-82.225,32.325],[-82.175,32.332],[-82.125,32.338],[-82.075,32.345],[-82.025,32.352],[-81.975,32.358],[-81.925,32.365],[-81.875,32.372],[-81.849,32.375],[-81.825,32.378],[-81.775,32.385],[-81.725,32.391],[-81.675,32.398],[-81.625,32.404],[-81.575,32.41],[-81.525,32.417],[-81.475,32.423],[-81.459,32.425],[-81.425,32.429],[-81.375,32.436],[-81.325,32.442],[-81.275,32.448],[-81.225,32.454],[-81.175,32.46],[-81.125,32.466],[-81.075,32.472],[-81.049,32.475],[-81.025,32.478],[-80.975,32.484],[-80.925,32.49],[-80.875,32.495],[-80.825,32.501],[-80.775,32.507],[-80.725,32.513],[-80.675,32.519],[-80.625,32.524],[-80.619,32.525],[-80.575,32.53],[-80.569,32.531]],[[-80.49,32.54],[-80.475,32.541],[-80.425,32.547],[-80.375,32.553],[-80.325,32.558],[-80.275,32.564],[-80.231,32.569]]]}},{"type":"Feature","properties":{"date":"2015-03-27","label":"27 Mar","yday":86,"tier":"day","major":false},"geometry":{"type":"MultiLineString","coordinates":[[[-95.175,31.071],[-95.15,31.075]],[[-94.582,31.168],[-94.575,31.169],[-94.537,31.175],[-94.525,31.177],[-94.475,31.185],[-94.425,31.193],[-94.375,31.2],[-94.325,31.208],[-94.275,31.216],[-94.225,31.224],[-94.216,31.225],[-94.175,31.231],[-94.125,31.239],[-94.075,31.247],[-94.025,31.254],[-93.975,31.262],[-93.925,31.27],[-93.889,31.275],[-93.875,31.277],[-93.825,31.285],[-93.775,31.292],[-93.725,31.3],[-93.675,31.307],[-93.625,31.314],[-93.575,31.322],[-93.554,31.325],[-93.525,31.329],[-93.475,31.337],[-93.425,31.344],[-93.375,31.351],[-93.325,31.358],[-93.275,31.365],[-93.225,31.373],[-93.207,31.375],[-93.175,31.38],[-93.125,31.387],[-93.075,31.394],[-93.025,31.4],[-92.975,31.407],[-92.925,31.414],[-92.875,31.421],[-92.844,31.425]],[[-92.518,31.468],[-92.475,31.474],[-92.463,31.475],[-92.425,31.48],[-92.375,31.486],[-92.325,31.493],[-92.275,31.499],[-92.248,31.502]],[[-91.225,31.625],[-91.223,31.625],[-91.175,31.63],[-91.125,31.636],[-91.075,31.642],[-91.025,31.647],[-90.975,31.653],[-90.925,31.658],[-90.875,31.664],[-90.825,31.669],[-90.775,31.674],[-90.77,31.675],[-90.725,31.68],[-90.675,31.685],[-90.625,31.69],[-90.575,31.696],[-90.525,31.701],[-90.475,31.706],[-90.425,31.711],[-90.375,31.716],[-90.325,31.721],[-90.289,31.725],[-90.275,31.726],[-90.225,31.731],[-90.175,31.736],[-90.125,31.741],[-90.075,31.746],[-90.025,31.751],[-89.975,31.756],[-89.925,31.76],[-89.875,31.765],[-89.825,31.77],[-89.775,31.774],[-89.769,31.775],[-89.725,31.779],[-89.675,31.784],[-89.625,31.788],[-89.575,31.793],[-89.525,31.797],[-89.475,31.802],[-89.425,31.806],[-89.375,31.81],[-89.325,31.815],[-89.275,31.819],[-89.225,31.823],[-89.205,31.825],[-89.175,31.828],[-89.125,31.832],[-89.075,31.836],[-89.025,31.84],[-88.975,31.844],[-88.925,31.848],[-88.875,31.853],[-88.825,31.857],[-88.775,31.861],[-88.725,31.865],[-88.675,31.869],[-88.625,31.873],[-88.604,31.875],[-88.575,31.877],[-88.525,31.882],[-88.475,31.886],[-88.425,31.89],[-88.375,31.894],[-88.325,31.898],[-88.275,31.902],[-88.225,31.906],[-88.175,31.91],[-88.125,31.915],[-88.075,31.919],[-88.025,31.923],[-87.999,31.925],[-87.975,31.927],[-87.925,31.931],[-87.875,31.935],[-87.825,31.939],[-87.775,31.943],[-87.746,31.946]],[[-85.642,32.108],[-85.625,32.109],[-85.575,32.113],[-85.525,32.117],[-85.475,32.121],[-85.425,32.125],[-85.42,32.125],[-85.375,32.128],[-85.325,32.132],[-85.275,32.136],[-85.225,32.14],[-85.175,32.144],[-85.125,32.148],[-85.075,32.152],[-85.025,32.156],[-84.975,32.161],[-84.925,32.165],[-84.875,32.169],[-84.825,32.173],[-84.803,32.175],[-84.775,32.177],[-84.725,32.182],[-84.675,32.186],[-84.625,32.191],[-84.575,32.195],[-84.525,32.2],[-84.475,32.204],[-84.425,32.209],[-84.375,32.213],[-84.325,32.218],[-84.275,32.223],[-84.254,32.225],[-84.225,32.228],[-84.175,32.233],[-84.125,32.238],[-84.075,32.243],[-84.025,32.248],[-83.975,32.253],[-83.925,32.258],[-83.875,32.263],[-83.825,32.269],[-83.775,32.274],[-83.767,32.275],[-83.725,32.28],[-83.675,32.285],[-83.625,32.291],[-83.575,32.296],[-83.525,32.302],[-83.475,32.308],[-83.425,32.314],[-83.375,32.32],[-83.331,32.325],[-83.325,32.326],[-83.275,32.332],[-83.225,32.338],[-83.175,32.344],[-83.125,32.35],[-83.075,32.357],[-83.025,32.363],[-82.975,32.369],[-82.932,32.375],[-82.925,32.376],[-82.875,32.382],[-82.825,32.389],[-82.775,32.396],[-82.725,32.402],[-82.675,32.409],[-82.625,32.416],[-82.575,32.422],[-82.556,32.425],[-82.525,32.429],[-82.475,32.436],[-82.425,32.443],[-82.375,32.449],[-82.325,32.456],[-82.275,32.463],[-82.225,32.47],[-82.185,32.475],[-82.175,32.476],[-82.125,32.483],[-82.075,32.49],[-82.025,32.497],[-81.975,32.503],[-81.925,32.51],[-81.875,32.516],[-81.825,32.523],[-81.81,32.525],[-81.775,32.53],[-81.725,32.536],[-81.675,32.543],[-81.625,32.549],[-81.575,32.555],[-81.525,32.562],[-81.475,32.568],[-81.425,32.574],[-81.421,32.575],[-81.375,32.581],[-81.325,32.587],[-81.275,32.593],[-81.225,32.599],[-81.175,32.605],[-81.125,32.611],[-81.075,32.617],[-81.025,32.623],[-81.009,32.625],[-80.975,32.629],[-80.925,32.635],[-80.875,32.641],[-80.825,32.647],[-80.775,32.652],[-80.725,32.658],[-80.675,32.664],[-80.625,32.669],[-80.576,32.675],[-80.575,32.675],[-80.525,32.681],[-80.475,32.686],[-80.425,32.692],[-80.375,32.697],[-80.325,32.703],[-80.275,32.708],[-80.225,32.714],[-80.175,32.719],[-80.125,32.725],[-80.123,32.725],[-80.075,32.73],[-80.025,32.736],[-79.975,32.741],[-79.944,32.744]]]}},{"type":"Feature","properties":{"date":"2015-03-28","label":"28 Mar","yday":87,"tier":"day","major":false},"geometry":{"type":"MultiLineString","coordinates":[[[-94.475,31.354],[-94.425,31.361],[-94.375,31.369],[-94.337,31.375],[-94.325,31.377],[-94.275,31.384],[-94.225,31.392],[-94.175,31.4],[-94.125,31.407],[-94.075,31.415],[-94.025,31.422],[-94.006,31.425],[-93.975,31.43],[-93.925,31.437],[-93.875,31.445],[-93.825,31.452],[-93.775,31.459],[-93.725,31.467],[-93.675,31.474],[-93.667,31.475],[-93.625,31.481],[-93.575,31.488],[-93.525,31.495],[-93.475,31.503],[-93.425,31.51],[-93.375,31.517],[-93.325,31.524],[-93.317,31.525]],[[-92.663,31.613],[-92.625,31.618],[-92.575,31.624],[-92.568,31.625],[-92.525,31.63],[-92.475,31.637],[-92.425,31.643],[-92.375,31.649],[-92.325,31.656],[-92.275,31.662],[-92.225,31.668],[-92.175,31.674],[-92.168,31.675],[-92.125,31.68],[-92.075,31.686],[-92.025,31.692],[-91.975,31.698],[-91.925,31.705],[-91.891,31.709]],[[-91.101,31.799],[-91.075,31.802],[-91.025,31.808],[-90.975,31.813],[-90.925,31.818],[-90.875,31.824],[-90.864,31.825],[-90.825,31.829],[-90.775,31.834],[-90.725,31.84],[-90.675,31.845],[-90.625,31.85],[-90.575,31.855],[-90.525,31.86],[-90.475,31.866],[-90.425,31.871],[-90.382,31.875],[-90.375,31.876],[-90.325,31.881],[-90.275,31.886],[-90.225,31.891],[-90.175,31.895],[-90.125,31.9],[-90.075,31.905],[-90.025,31.91],[-89.975,31.914],[-89.925,31.919],[-89.875,31.924],[-89.862,31.925],[-89.825,31.928],[-89.775,31.933],[-89.725,31.937],[-89.675,31.942],[-89.625,31.946],[-89.575,31.951],[-89.525,31.955],[-89.475,31.959],[-89.425,31.964],[-89.375,31.968],[-89.325,31.972],[-89.294,31.975],[-89.275,31.977],[-89.225,31.981],[-89.175,31.985],[-89.125,31.989],[-89.075,31.993],[-89.025,31.997],[-88.975,32.001],[-88.925,32.006],[-88.875,32.01],[-88.825,32.014],[-88.775,32.018],[-88.725,32.022],[-88.686,32.025],[-88.675,32.026],[-88.625,32.03],[-88.575,32.034],[-88.525,32.038],[-88.475,32.042],[-88.425,32.046],[-88.375,32.05],[-88.325,32.054],[-88.275,32.058],[-88.225,32.062],[-88.175,32.066],[-88.125,32.07],[-88.075,32.074],[-88.066,32.075],[-88.025,32.078],[-87.982,32.082]],[[-87.148,32.148],[-87.125,32.149],[-87.075,32.153],[-87.025,32.157],[-86.99,32.16]],[[-85.575,32.26],[-85.525,32.263],[-85.475,32.267],[-85.425,32.271],[-85.375,32.274],[-85.367,32.275],[-85.325,32.278],[-85.275,32.282],[-85.225,32.286],[-85.175,32.29],[-85.125,32.294],[-85.075,32.298],[-85.025,32.302],[-84.975,32.306],[-84.925,32.31],[-84.875,32.314],[-84.825,32.318],[-84.775,32.322],[-84.741,32.325],[-84.725,32.326],[-84.675,32.331],[-84.625,32.335],[-84.575,32.339],[-84.525,32.344],[-84.475,32.348],[-84.425,32.353],[-84.375,32.358],[-84.325,32.362],[-84.275,32.367],[-84.225,32.372],[-84.192,32.375],[-84.175,32.377],[-84.125,32.382],[-84.075,32.387],[-84.025,32.392],[-83.975,32.397],[-83.925,32.402],[-83.875,32.407],[-83.825,32.413],[-83.775,32.418],[-83.725,32.423],[-83.711,32.425],[-83.675,32.429],[-83.625,32.435],[-83.575,32.44],[-83.525,32.446],[-83.475,32.452],[-83.425,32.458],[-83.375,32.464],[-83.325,32.47],[-83.282,32.475],[-83.275,32.476],[-83.225,32.482],[-83.175,32.488],[-83.125,32.495],[-83.075,32.501],[-83.025,32.507],[-82.975,32.514],[-82.925,32.52],[-82.889,32.525],[-82.875,32.527],[-82.825,32.534],[-82.775,32.54],[-82.725,32.547],[-82.675,32.554],[-82.625,32.561],[-82.575,32.567],[-82.525,32.574],[-82.519,32.575],[-82.475,32.581],[-82.425,32.588],[-82.375,32.595],[-82.325,32.601],[-82.275,32.608],[-82.225,32.615],[-82.175,32.622],[-82.152,32.625],[-82.125,32.629],[-82.075,32.635],[-82.025,32.642],[-81.975,32.649],[-81.925,32.656],[-81.875,32.662],[-81.825,32.669],[-81.778,32.675],[-81.775,32.675],[-81.725,32.682],[-81.675,32.688],[-81.625,32.695],[-81.575,32.701],[-81.525,32.708],[-81.475,32.714],[-81.425,32.72],[-81.389,32.725],[-81.375,32.727],[-81.325,32.733],[-81.275,32.739],[-81.225,32.745],[-81.175,32.751],[-81.125,32.757],[-81.075,32.763],[-81.025,32.769],[-80.976,32.775],[-80.975,32.775],[-80.925,32.781],[-80.875,32.787],[-80.825,32.793],[-80.775,32.798],[-80.725,32.804],[-80.675,32.81],[-80.625,32.815],[-80.575,32.821],[-80.539,32.825],[-80.525,32.827],[-80.475,32.832],[-80.425,32.838],[-80.375,32.843],[-80.325,32.849],[-80.275,32.854],[-80.225,32.859],[-80.175,32.865],[-80.125,32.87],[-80.078,32.875],[-80.075,32.875],[-80.025,32.881],[-79.975,32.886],[-79.925,32.891],[-79.875,32.896],[-79.825,32.901],[-79.775,32.907],[-79.725,32.912],[-79.675,32.917],[-79.628,32.922]]]}},{"type":"Feature","properties":{"date":"2015-03-29","label":"29 Mar","yday":88,"tier":"day","major":false},"geometry":{"type":"MultiLineString","coordinates":[[[-94.302,31.548],[-94.275,31.552],[-94.225,31.56],[-94.175,31.567],[-94.125,31.574],[-94.121,31.575],[-94.075,31.582],[-94.025,31.589],[-93.975,31.597],[-93.925,31.604],[-93.875,31.611],[-93.825,31.618],[-93.779,31.625]],[[-92.825,31.755],[-92.775,31.762],[-92.725,31.768],[-92.675,31.774],[-92.67,31.775],[-92.625,31.781],[-92.575,31.787],[-92.525,31.793],[-92.475,31.799],[-92.425,31.806],[-92.375,31.812],[-92.325,31.818],[-92.275,31.824],[-92.268,31.825],[-92.225,31.83],[-92.175,31.836],[-92.125,31.842],[-92.075,31.848],[-92.025,31.854],[-91.975,31.86],[-91.925,31.866],[-91.875,31.872]],[[-90.866,31.984],[-90.825,31.989],[-90.775,31.994],[-90.725,31.999],[-90.675,32.004],[-90.625,32.01],[-90.575,32.015],[-90.525,32.02],[-90.475,32.025],[-90.472,32.025],[-90.425,32.03],[-90.375,32.035],[-90.325,32.04],[-90.275,32.044],[-90.225,32.049],[-90.175,32.054],[-90.125,32.059],[-90.075,32.064],[-90.025,32.068],[-89.975,32.073],[-89.952,32.075],[-89.925,32.077],[-89.875,32.082],[-89.825,32.087],[-89.775,32.091],[-89.725,32.095],[-89.675,32.1],[-89.625,32.104],[-89.575,32.109],[-89.525,32.113],[-89.475,32.117],[-89.425,32.121],[-89.381,32.125],[-89.375,32.126],[-89.325,32.13],[-89.275,32.134],[-89.225,32.138],[-89.175,32.142],[-89.125,32.146],[-89.075,32.15],[-89.025,32.154],[-88.975,32.158],[-88.925,32.162],[-88.875,32.166],[-88.825,32.17],[-88.775,32.174],[-88.766,32.175],[-88.725,32.178],[-88.675,32.182],[-88.625,32.186],[-88.575,32.19],[-88.525,32.194],[-88.475,32.198],[-88.425,32.202],[-88.375,32.206],[-88.325,32.21],[-88.275,32.214],[-88.225,32.218],[-88.175,32.222],[-88.133,32.225],[-88.126,32.226]],[[-87.196,32.296],[-87.175,32.298],[-87.125,32.302],[-87.075,32.305],[-87.025,32.309],[-86.975,32.313],[-86.925,32.316],[-86.875,32.32]],[[-85.933,32.383],[-85.925,32.383],[-85.875,32.387],[-85.825,32.39],[-85.775,32.393],[-85.725,32.396],[-85.675,32.4],[-85.625,32.403],[-85.575,32.406],[-85.525,32.41],[-85.475,32.413],[-85.425,32.417],[-85.375,32.42],[-85.325,32.424],[-85.312,32.425],[-85.275,32.428],[-85.225,32.431],[-85.175,32.435],[-85.125,32.439],[-85.075,32.443],[-85.025,32.447],[-84.975,32.451],[-84.925,32.455],[-84.875,32.459],[-84.825,32.463],[-84.775,32.467],[-84.725,32.471],[-84.681,32.475],[-84.675,32.475],[-84.625,32.48],[-84.575,32.484],[-84.525,32.489],[-84.475,32.493],[-84.425,32.498],[-84.375,32.502],[-84.325,32.507],[-84.275,32.512],[-84.225,32.516],[-84.175,32.521],[-84.136,32.525],[-84.125,32.526],[-84.075,32.531],[-84.025,32.536],[-83.975,32.541],[-83.925,32.546],[-83.875,32.552],[-83.825,32.557],[-83.775,32.562],[-83.725,32.568],[-83.675,32.573],[-83.662,32.575],[-83.625,32.579],[-83.575,32.585],[-83.525,32.591],[-83.475,32.597],[-83.425,32.603],[-83.375,32.609],[-83.325,32.615],[-83.275,32.621],[-83.242,32.625],[-83.225,32.627],[-83.175,32.633],[-83.125,32.64],[-83.075,32.646],[-83.025,32.653],[-82.975,32.659],[-82.925,32.666],[-82.875,32.673],[-82.857,32.675],[-82.825,32.679],[-82.775,32.686],[-82.725,32.693],[-82.675,32.7],[-82.625,32.707],[-82.575,32.713],[-82.525,32.72],[-82.491,32.725],[-82.475,32.727],[-82.425,32.734],[-82.375,32.741],[-82.325,32.748],[-82.275,32.755],[-82.225,32.761],[-82.175,32.768],[-82.126,32.775],[-82.125,32.775],[-82.075,32.782],[-82.025,32.789],[-81.975,32.795],[-81.925,32.802],[-81.875,32.809],[-81.825,32.816],[-81.775,32.822],[-81.753,32.825],[-81.725,32.829],[-81.675,32.835],[-81.625,32.842],[-81.575,32.848],[-81.525,32.855],[-81.475,32.861],[-81.425,32.867],[-81.375,32.874],[-81.364,32.875],[-81.325,32.88],[-81.275,32.886],[-81.225,32.892],[-81.175,32.898],[-81.125,32.904],[-81.075,32.91],[-81.025,32.916],[-80.975,32.922],[-80.95,32.925],[-80.925,32.928],[-80.875,32.934],[-80.825,32.94],[-80.775,32.945],[-80.725,32.951],[-80.675,32.957],[-80.625,32.962],[-80.575,32.968],[-80.525,32.973],[-80.509,32.975],[-80.475,32.979],[-80.425,32.984],[-80.375,32.99],[-80.325,32.995],[-80.275,33.0],[-80.225,33.006],[-80.175,33.011],[-80.125,33.016],[-80.075,33.021],[-80.039,33.025],[-80.025,33.026],[-79.975,33.032],[-79.925,33.037],[-79.875,33.042],[-79.825,33.047],[-79.775,33.052],[-79.725,33.057],[-79.675,33.062],[-79.625,33.067],[-79.575,33.072],[-79.544,33.075],[-79.525,33.077],[-79.475,33.082],[-79.425,33.087],[-79.375,33.092],[-79.356,33.094]]]}},{"type":"Feature","properties":{"date":"2015-03-30","label":"30 Mar","yday":89,"tier":"day","major":false},"geometry":{"type":"MultiLineString","coordinates":[[[-92.952,31.902],[-92.925,31.905],[-92.875,31.912],[-92.825,31.918],[-92.775,31.924],[-92.77,31.925],[-92.725,31.931],[-92.675,31.937],[-92.625,31.943],[-92.575,31.949],[-92.525,31.955],[-92.475,31.962],[-92.425,31.968],[-92.375,31.974],[-92.365,31.975],[-92.325,31.98],[-92.275,31.986],[-92.225,31.992],[-92.175,31.998],[-92.125,32.004],[-92.075,32.01],[-92.025,32.015],[-92.016,32.016]],[[-90.41,32.19],[-90.375,32.193],[-90.325,32.198],[-90.275,32.203],[-90.225,32.208],[-90.175,32.213],[-90.125,32.217],[-90.075,32.222],[-90.041,32.225],[-90.025,32.226],[-89.975,32.231],[-89.925,32.235],[-89.875,32.24],[-89.825,32.244],[-89.775,32.249],[-89.725,32.253],[-89.675,32.257],[-89.625,32.262],[-89.575,32.266]],[[-89.312,32.288],[-89.275,32.291],[-89.225,32.295],[-89.175,32.299],[-89.125,32.303],[-89.075,32.307],[-89.025,32.311],[-88.975,32.315],[-88.925,32.319],[-88.875,32.323],[-88.847,32.325],[-88.825,32.327],[-88.775,32.331],[-88.725,32.335],[-88.675,32.338],[-88.625,32.342],[-88.575,32.346],[-88.525,32.35],[-88.475,32.354],[-88.425,32.358],[-88.375,32.362],[-88.325,32.366],[-88.275,32.369],[-88.225,32.373],[-88.201,32.375],[-88.175,32.377]],[[-86.072,32.522],[-86.028,32.525],[-86.025,32.525],[-85.975,32.528],[-85.925,32.531],[-85.875,32.534],[-85.825,32.538],[-85.775,32.541],[-85.725,32.544],[-85.675,32.547],[-85.625,32.55],[-85.575,32.553],[-85.525,32.557],[-85.475,32.56],[-85.425,32.563],[-85.375,32.567],[-85.325,32.57],[-85.275,32.574],[-85.26,32.575],[-85.225,32.578],[-85.175,32.581],[-85.125,32.585],[-85.075,32.589],[-85.025,32.593],[-84.975,32.596],[-84.925,32.6],[-84.875,32.604],[-84.825,32.608],[-84.775,32.612],[-84.725,32.617],[-84.675,32.621],[-84.626,32.625],[-84.625,32.625],[-84.575,32.629],[-84.525,32.634],[-84.475,32.638],[-84.425,32.643],[-84.375,32.647],[-84.325,32.652],[-84.275,32.657],[-84.225,32.662],[-84.175,32.666],[-84.125,32.671],[-84.088,32.675],[-84.075,32.676],[-84.025,32.681],[-83.975,32.687],[-83.925,32.692],[-83.875,32.697],[-83.825,32.702],[-83.775,32.708],[-83.725,32.713],[-83.675,32.719],[-83.625,32.725],[-83.623,32.725],[-83.575,32.731],[-83.525,32.736],[-83.475,32.742],[-83.425,32.749],[-83.375,32.755],[-83.325,32.761],[-83.275,32.767],[-83.225,32.773],[-83.213,32.775],[-83.175,32.78],[-83.125,32.786],[-83.075,32.793],[-83.025,32.799],[-82.975,32.806],[-82.925,32.813],[-82.875,32.819],[-82.834,32.825],[-82.825,32.826],[-82.775,32.833],[-82.725,32.84],[-82.675,32.847],[-82.625,32.854],[-82.575,32.861],[-82.525,32.867],[-82.475,32.874],[-82.47,32.875],[-82.425,32.881],[-82.375,32.888],[-82.325,32.895],[-82.275,32.902],[-82.225,32.909],[-82.175,32.916],[-82.125,32.923],[-82.107,32.925],[-82.075,32.929],[-82.025,32.936],[-81.975,32.943],[-81.925,32.95],[-81.875,32.956],[-81.825,32.963],[-81.775,32.97],[-81.736,32.975],[-81.725,32.976],[-81.675,32.983],[-81.625,32.99],[-81.575,32.996],[-81.525,33.003],[-81.475,33.009],[-81.425,33.015],[-81.375,33.022],[-81.348,33.025],[-81.325,33.028],[-81.275,33.034],[-81.225,33.04],[-81.175,33.046],[-81.125,33.052],[-81.075,33.058],[-81.025,33.064],[-80.975,33.07],[-80.933,33.075],[-80.925,33.076],[-80.875,33.082],[-80.825,33.087],[-80.775,33.093],[-80.725,33.099],[-80.675,33.104],[-80.625,33.11],[-80.575,33.115],[-80.525,33.121],[-80.486,33.125],[-80.475,33.126],[-80.425,33.132],[-80.375,33.137],[-80.325,33.142],[-80.275,33.147],[-80.225,33.153],[-80.175,33.158],[-80.125,33.163],[-80.075,33.168],[-80.025,33.173],[-80.006,33.175],[-79.975,33.178],[-79.925,33.183],[-79.875,33.188],[-79.825,33.193],[-79.775,33.198],[-79.725,33.203],[-79.675,33.207],[-79.625,33.212],[-79.575,33.217],[-79.525,33.222],[-79.497,33.225],[-79.475,33.227],[-79.425,33.232],[-79.375,33.237],[-79.325,33.242],[-79.296,33.246]]]}},{"type":"Feature","properties":{"date":"2015-03-31","label":"31 Mar","yday":90,"tier":"index","major":true},"geometry":{"type":"MultiLineString","coordinates":[[[-93.025,32.055],[-92.975,32.061],[-92.925,32.068],[-92.875,32.074],[-92.867,32.075],[-92.825,32.08],[-92.775,32.086],[-92.725,32.093],[-92.675,32.099],[-92.625,32.105],[-92.575,32.111],[-92.525,32.117],[-92.475,32.123],[-92.46,32.125],[-92.425,32.129],[-92.375,32.135],[-92.325,32.141],[-92.275,32.147],[-92.225,32.153],[-92.175,32.159],[-92.125,32.165],[-92.075,32.17],[-92.071,32.171]],[[-89.796,32.404],[-89.775,32.406],[-89.725,32.411],[-89.675,32.415],[-89.625,32.419],[-89.619,32.419]],[[-89.142,32.458],[-89.125,32.46],[-89.075,32.464],[-89.025,32.467],[-88.975,32.471],[-88.928,32.475],[-88.925,32.475],[-88.875,32.479],[-88.825,32.483],[-88.775,32.487],[-88.725,32.491],[-88.675,32.494],[-88.625,32.498],[-88.575,32.502],[-88.525,32.506],[-88.475,32.51],[-88.425,32.513],[-88.375,32.517],[-88.325,32.521],[-88.275,32.525],[-88.271,32.525],[-88.228,32.528]],[[-86.834,32.625],[-86.825,32.626],[-86.775,32.629],[-86.725,32.632],[-86.675,32.635],[-86.625,32.638],[-86.575,32.641],[-86.525,32.644],[-86.475,32.647],[-86.425,32.65],[-86.375,32.653],[-86.325,32.656],[-86.275,32.659],[-86.225,32.662],[-86.175,32.665],[-86.125,32.668],[-86.075,32.671],[-86.025,32.674],[-86.006,32.675],[-85.975,32.677],[-85.925,32.68],[-85.875,32.683],[-85.825,32.686],[-85.775,32.689],[-85.725,32.692],[-85.675,32.695],[-85.625,32.698],[-85.575,32.701],[-85.525,32.704],[-85.475,32.707],[-85.425,32.711],[-85.375,32.714],[-85.325,32.717],[-85.275,32.721],[-85.225,32.724],[-85.215,32.725],[-85.175,32.728],[-85.125,32.731],[-85.075,32.735],[-85.025,32.739],[-84.975,32.743],[-84.925,32.747],[-84.875,32.75],[-84.825,32.754],[-84.775,32.758],[-84.725,32.763],[-84.675,32.767],[-84.625,32.771],[-84.578,32.775],[-84.575,32.775],[-84.525,32.78],[-84.475,32.784],[-84.425,32.789],[-84.375,32.793],[-84.325,32.798],[-84.275,32.803],[-84.225,32.807],[-84.175,32.812],[-84.125,32.817],[-84.075,32.822],[-84.05,32.825],[-84.025,32.828],[-83.975,32.833],[-83.925,32.838],[-83.875,32.843],[-83.825,32.849],[-83.775,32.854],[-83.725,32.86],[-83.675,32.866],[-83.625,32.872],[-83.596,32.875],[-83.575,32.877],[-83.525,32.883],[-83.475,32.89],[-83.425,32.896],[-83.375,32.902],[-83.325,32.908],[-83.275,32.914],[-83.225,32.921],[-83.193,32.925],[-83.175,32.927],[-83.125,32.934],[-83.075,32.941],[-83.025,32.947],[-82.975,32.954],[-82.925,32.961],[-82.875,32.967],[-82.825,32.974],[-82.82,32.975],[-82.775,32.981],[-82.725,32.988],[-82.675,32.995],[-82.625,33.002],[-82.575,33.009],[-82.525,33.016],[-82.475,33.023],[-82.459,33.025],[-82.425,33.03],[-82.375,33.037],[-82.325,33.044],[-82.275,33.05],[-82.225,33.057],[-82.175,33.064],[-82.125,33.071],[-82.097,33.075],[-82.075,33.078],[-82.025,33.085],[-81.975,33.092],[-81.925,33.098],[-81.875,33.105],[-81.825,33.112],[-81.775,33.119],[-81.726,33.125],[-81.725,33.125],[-81.675,33.132],[-81.625,33.138],[-81.575,33.145],[-81.525,33.151],[-81.475,33.158],[-81.425,33.164],[-81.375,33.17],[-81.339,33.175],[-81.325,33.177],[-81.275,33.183],[-81.225,33.189],[-81.175,33.195],[-81.125,33.201],[-81.075,33.207],[-81.025,33.213],[-80.975,33.219],[-80.925,33.225],[-80.923,33.225],[-80.875,33.23],[-80.825,33.236],[-80.775,33.242],[-80.725,33.247],[-80.675,33.253],[-80.625,33.258],[-80.575,33.264],[-80.525,33.269],[-80.475,33.275],[-80.471,33.275],[-80.425,33.28],[-80.375,33.285],[-80.325,33.29],[-80.275,33.295],[-80.225,33.301],[-80.175,33.306],[-80.125,33.311],[-80.075,33.316],[-80.025,33.32],[-79.979,33.325],[-79.975,33.325],[-79.925,33.33],[-79.875,33.335],[-79.825,33.34],[-79.775,33.345],[-79.725,33.349],[-79.675,33.354],[-79.625,33.359],[-79.575,33.364],[-79.525,33.369],[-79.475,33.374],[-79.46,33.375],[-79.425,33.378],[-79.375,33.383],[-79.325,33.389],[-79.275,33.394],[-79.225,33.399],[-79.175,33.404]]]}},{"type":"Feature","properties":{"date":"2015-04-01","label":"1 Apr","yday":91,"tier":"day","major":false},"geometry":{"type":"MultiLineString","coordinates":[[[-93.025,32.217],[-92.975,32.223],[-92.962,32.225],[-92.925,32.23],[-92.875,32.236],[-92.825,32.242],[-92.775,32.248],[-92.725,32.254],[-92.675,32.26],[-92.625,32.266],[-92.575,32.272],[-92.552,32.275],[-92.525,32.278],[-92.475,32.284],[-92.425,32.29],[-92.375,32.296],[-92.349,32.299]],[[-88.81,32.64],[-88.775,32.643],[-88.725,32.647],[-88.675,32.65],[-88.625,32.654],[-88.575,32.658],[-88.525,32.662],[-88.475,32.665],[-88.425,32.669],[-88.375,32.673],[-88.342,32.675]],[[-87.525,32.732],[-87.475,32.736],[-87.425,32.739],[-87.375,32.742],[-87.325,32.746],[-87.275,32.749],[-87.225,32.752],[-87.175,32.755],[-87.125,32.758],[-87.075,32.762],[-87.025,32.765],[-86.975,32.768],[-86.925,32.771],[-86.875,32.774],[-86.857,32.775],[-86.825,32.777],[-86.775,32.78],[-86.725,32.783],[-86.675,32.786],[-86.625,32.789],[-86.575,32.792],[-86.525,32.795],[-86.475,32.798],[-86.425,32.8],[-86.375,32.803],[-86.325,32.806],[-86.275,32.809],[-86.225,32.812],[-86.175,32.815],[-86.125,32.817],[-86.075,32.82],[-86.025,32.823],[-85.99,32.825],[-85.975,32.826],[-85.925,32.829],[-85.875,32.832],[-85.825,32.834],[-85.775,32.837],[-85.725,32.84],[-85.675,32.843],[-85.625,32.846],[-85.575,32.849],[-85.525,32.852],[-85.475,32.855],[-85.425,32.859],[-85.375,32.862],[-85.325,32.865],[-85.275,32.868],[-85.225,32.872],[-85.179,32.875],[-85.175,32.875],[-85.125,32.879],[-85.075,32.882],[-85.025,32.886],[-84.975,32.89],[-84.925,32.894],[-84.875,32.897],[-84.825,32.901],[-84.775,32.905],[-84.725,32.909],[-84.675,32.913],[-84.625,32.918],[-84.575,32.922],[-84.541,32.925],[-84.525,32.926],[-84.475,32.931],[-84.425,32.935],[-84.375,32.94],[-84.325,32.945],[-84.275,32.949],[-84.225,32.954],[-84.206,32.956]],[[-84.081,32.969],[-84.075,32.969],[-84.025,32.975],[-84.022,32.975],[-83.975,32.98],[-83.925,32.985],[-83.875,32.991],[-83.844,32.994]],[[-83.425,33.044],[-83.375,33.05],[-83.325,33.057],[-83.275,33.063],[-83.225,33.07],[-83.184,33.075],[-83.175,33.076],[-83.125,33.083],[-83.075,33.089],[-83.025,33.096],[-82.975,33.103],[-82.925,33.11],[-82.875,33.117],[-82.825,33.124],[-82.815,33.125],[-82.775,33.13],[-82.725,33.137],[-82.675,33.144],[-82.625,33.151],[-82.575,33.158],[-82.525,33.165],[-82.475,33.172],[-82.455,33.175],[-82.425,33.179],[-82.375,33.186],[-82.325,33.193],[-82.275,33.2],[-82.225,33.207],[-82.175,33.214],[-82.125,33.221],[-82.094,33.225],[-82.075,33.228],[-82.025,33.234],[-81.975,33.241],[-81.925,33.248],[-81.875,33.255],[-81.825,33.262],[-81.775,33.268],[-81.725,33.275],[-81.724,33.275],[-81.675,33.281],[-81.625,33.288],[-81.575,33.295],[-81.525,33.301],[-81.475,33.308],[-81.425,33.314],[-81.375,33.32],[-81.338,33.325],[-81.325,33.327],[-81.275,33.333],[-81.225,33.339],[-81.175,33.345],[-81.125,33.351],[-81.075,33.357],[-81.025,33.363],[-80.975,33.369],[-80.925,33.375],[-80.921,33.375],[-80.875,33.38],[-80.825,33.386],[-80.775,33.391],[-80.725,33.397],[-80.675,33.402],[-80.625,33.408],[-80.575,33.413],[-80.525,33.419],[-80.475,33.424],[-80.463,33.425],[-80.425,33.429],[-80.375,33.434],[-80.325,33.439],[-80.275,33.444],[-80.225,33.449],[-80.175,33.454],[-80.125,33.459],[-80.075,33.464],[-80.025,33.469],[-79.975,33.474],[-79.961,33.475],[-79.925,33.478],[-79.875,33.483],[-79.825,33.488],[-79.775,33.493],[-79.725,33.497],[-79.675,33.502],[-79.625,33.507],[-79.575,33.512],[-79.525,33.516],[-79.475,33.521],[-79.435,33.525],[-79.425,33.526],[-79.375,33.531],[-79.325,33.536],[-79.275,33.541],[-79.225,33.546],[-79.175,33.551],[-79.125,33.557],[-79.075,33.562],[-79.033,33.567]]]}},{"type":"Feature","properties":{"date":"2015-04-02","label":"2 Apr","yday":92,"tier":"day","major":false},"geometry":{"type":"MultiLineString","coordinates":[[[-87.575,32.883],[-87.525,32.886],[-87.475,32.889],[-87.425,32.892],[-87.375,32.895],[-87.325,32.899],[-87.275,32.902],[-87.225,32.905],[-87.175,32.908],[-87.125,32.911],[-87.075,32.914],[-87.025,32.917],[-86.975,32.92],[-86.925,32.923],[-86.887,32.925],[-86.875,32.926],[-86.825,32.929],[-86.775,32.931],[-86.725,32.934],[-86.675,32.937],[-86.625,32.94],[-86.575,32.943],[-86.525,32.946],[-86.475,32.948],[-86.425,32.951],[-86.375,32.954],[-86.325,32.956],[-86.275,32.959],[-86.225,32.962],[-86.175,32.965],[-86.125,32.967],[-86.075,32.97],[-86.025,32.973],[-85.983,32.975],[-85.975,32.975],[-85.925,32.978],[-85.875,32.981],[-85.825,32.984],[-85.775,32.987],[-85.725,32.989],[-85.675,32.992],[-85.625,32.995],[-85.575,32.998],[-85.525,33.001],[-85.475,33.004],[-85.425,33.007],[-85.375,33.01],[-85.325,33.014],[-85.275,33.017],[-85.225,33.02],[-85.175,33.023],[-85.153,33.025],[-85.125,33.027],[-85.075,33.03],[-85.025,33.034],[-84.975,33.038],[-84.925,33.041],[-84.875,33.045],[-84.825,33.049],[-84.775,33.053],[-84.725,33.057],[-84.675,33.061],[-84.625,33.065],[-84.575,33.07],[-84.525,33.074],[-84.513,33.075],[-84.475,33.078],[-84.425,33.083],[-84.387,33.087]],[[-83.425,33.193],[-83.375,33.2],[-83.325,33.206],[-83.275,33.213],[-83.225,33.219],[-83.183,33.225],[-83.175,33.226],[-83.125,33.233],[-83.075,33.24],[-83.025,33.246],[-82.975,33.253],[-82.925,33.26],[-82.875,33.267],[-82.825,33.274],[-82.818,33.275],[-82.775,33.281],[-82.725,33.288],[-82.675,33.295],[-82.625,33.302],[-82.575,33.309],[-82.525,33.316],[-82.475,33.323],[-82.46,33.325],[-82.425,33.33],[-82.375,33.337],[-82.325,33.344],[-82.275,33.351],[-82.225,33.358],[-82.175,33.365],[-82.125,33.371],[-82.099,33.375],[-82.075,33.378],[-82.025,33.385],[-81.975,33.392],[-81.925,33.399],[-81.875,33.406],[-81.825,33.412],[-81.775,33.419],[-81.729,33.425],[-81.725,33.426],[-81.675,33.432],[-81.625,33.439],[-81.575,33.445],[-81.525,33.452],[-81.475,33.458],[-81.425,33.465],[-81.375,33.471],[-81.344,33.475],[-81.325,33.477],[-81.275,33.484],[-81.225,33.49],[-81.175,33.496],[-81.125,33.502],[-81.075,33.508],[-81.025,33.514],[-80.975,33.52],[-80.927,33.525],[-80.925,33.525],[-80.875,33.531],[-80.825,33.537],[-80.775,33.542],[-80.725,33.548],[-80.675,33.553],[-80.625,33.558],[-80.575,33.564],[-80.525,33.569],[-80.475,33.574],[-80.464,33.575],[-80.425,33.579],[-80.375,33.584],[-80.325,33.589],[-80.275,33.594],[-80.225,33.599],[-80.175,33.604],[-80.125,33.609],[-80.075,33.613],[-80.025,33.618],[-79.975,33.623],[-79.954,33.625],[-79.925,33.628],[-79.875,33.632],[-79.825,33.637],[-79.775,33.642],[-79.725,33.646],[-79.675,33.651],[-79.625,33.656],[-79.575,33.66],[-79.525,33.665],[-79.475,33.67],[-79.425,33.675],[-79.422,33.675],[-79.375,33.68],[-79.325,33.685],[-79.275,33.69],[-79.225,33.695],[-79.175,33.7],[-79.125,33.705],[-79.075,33.71],[-79.025,33.716],[-78.975,33.721],[-78.941,33.725],[-78.925,33.727],[-78.875,33.733],[-78.866,33.734]]]}},{"type":"Feature","properties":{"date":"2015-04-03","label":"3 Apr","yday":93,"tier":"day","major":false},"geometry":{"type":"MultiLineString","coordinates":[[[-89.675,32.885],[-89.625,32.889],[-89.575,32.893],[-89.525,32.897]],[[-87.563,33.037],[-87.525,33.04],[-87.475,33.043],[-87.425,33.046],[-87.375,33.049],[-87.325,33.052],[-87.275,33.055],[-87.225,33.058],[-87.175,33.061],[-87.125,33.064],[-87.075,33.067],[-87.025,33.069],[-86.975,33.072],[-86.926,33.075],[-86.925,33.075],[-86.875,33.078],[-86.825,33.081],[-86.775,33.083],[-86.725,33.086],[-86.675,33.089],[-86.625,33.092],[-86.575,33.094],[-86.525,33.097],[-86.475,33.1],[-86.425,33.102],[-86.375,33.105],[-86.325,33.107],[-86.275,33.11],[-86.225,33.113],[-86.175,33.115],[-86.125,33.118],[-86.075,33.12],[-86.025,33.123],[-85.989,33.125],[-85.975,33.126],[-85.925,33.128],[-85.875,33.131],[-85.825,33.134],[-85.775,33.137],[-85.725,33.139],[-85.675,33.142],[-85.625,33.145],[-85.575,33.148],[-85.525,33.151],[-85.475,33.154],[-85.425,33.157],[-85.375,33.16],[-85.325,33.163],[-85.275,33.166],[-85.225,33.169],[-85.175,33.173],[-85.139,33.175],[-85.125,33.176],[-85.075,33.179],[-85.025,33.183],[-84.975,33.186],[-84.939,33.189]],[[-82.475,33.475],[-82.475,33.475],[-82.473,33.475],[-82.425,33.482],[-82.375,33.489],[-82.325,33.496],[-82.275,33.503],[-82.225,33.51],[-82.175,33.516],[-82.125,33.523],[-82.113,33.525],[-82.075,33.53],[-82.025,33.537],[-81.975,33.544],[-81.925,33.551],[-81.875,33.557],[-81.825,33.564],[-81.775,33.571],[-81.743,33.575],[-81.725,33.577],[-81.675,33.584],[-81.625,33.591],[-81.575,33.597],[-81.525,33.604],[-81.475,33.61],[-81.425,33.617],[-81.375,33.623],[-81.358,33.625],[-81.325,33.629],[-81.275,33.635],[-81.225,33.642],[-81.175,33.648],[-81.125,33.654],[-81.075,33.66],[-81.025,33.665],[-80.975,33.671],[-80.942,33.675],[-80.925,33.677],[-80.875,33.683],[-80.825,33.688],[-80.775,33.694],[-80.725,33.699],[-80.675,33.704],[-80.625,33.71],[-80.575,33.715],[-80.525,33.72],[-80.475,33.725],[-80.474,33.725],[-80.425,33.73],[-80.375,33.735],[-80.325,33.74],[-80.275,33.745],[-80.225,33.75],[-80.175,33.754],[-80.125,33.759],[-80.075,33.764],[-80.025,33.769],[-79.975,33.773],[-79.957,33.775],[-79.925,33.778],[-79.875,33.783],[-79.825,33.787],[-79.775,33.792],[-79.725,33.797],[-79.675,33.801],[-79.625,33.806],[-79.575,33.811],[-79.525,33.815],[-79.475,33.82],[-79.425,33.825],[-79.422,33.825],[-79.375,33.83],[-79.325,33.834],[-79.275,33.839],[-79.225,33.844],[-79.175,33.85],[-79.125,33.855],[-79.075,33.86],[-79.025,33.865],[-78.975,33.871],[-78.938,33.875],[-78.925,33.876],[-78.875,33.882],[-78.825,33.888],[-78.775,33.894],[-78.725,33.9],[-78.675,33.906],[-78.625,33.912],[-78.582,33.918]],[[-78.526,33.925],[-78.525,33.925],[-78.475,33.932],[-78.425,33.938],[-78.409,33.941]],[[-78.349,33.949],[-78.325,33.952],[-78.275,33.959],[-78.225,33.966],[-78.175,33.974],[-78.165,33.975],[-78.125,33.981],[-78.075,33.989],[-78.025,33.996],[-77.975,34.004],[-77.957,34.007]]]}},{"type":"Feature","properties":{"date":"2015-04-04","label":"4 Apr","yday":94,"tier":"day","major":false},"geometry":{"type":"MultiLineString","coordinates":[[[-89.625,33.046],[-89.575,33.05],[-89.552,33.052]],[[-87.825,33.175],[-87.821,33.175]],[[-87.772,33.178],[-87.725,33.181],[-87.675,33.184],[-87.625,33.187],[-87.575,33.19],[-87.525,33.193],[-87.475,33.196],[-87.425,33.199],[-87.375,33.202],[-87.325,33.205],[-87.275,33.208],[-87.225,33.211],[-87.175,33.214],[-87.125,33.217],[-87.075,33.219],[-87.025,33.222],[-86.975,33.225],[-86.975,33.225],[-86.925,33.228],[-86.875,33.23],[-86.825,33.233],[-86.775,33.236],[-86.725,33.238],[-86.675,33.241],[-86.625,33.244],[-86.575,33.246],[-86.525,33.249],[-86.475,33.251],[-86.425,33.254],[-86.375,33.256],[-86.325,33.259],[-86.275,33.262],[-86.225,33.264],[-86.175,33.267],[-86.125,33.269],[-86.075,33.272],[-86.025,33.274],[-86.01,33.275],[-85.975,33.277],[-85.925,33.279],[-85.875,33.282],[-85.825,33.285],[-85.775,33.287],[-85.725,33.29],[-85.675,33.293],[-85.625,33.296],[-85.575,33.298],[-85.525,33.301],[-85.475,33.304],[-85.425,33.307],[-85.375,33.31],[-85.325,33.313],[-85.275,33.316],[-85.225,33.319],[-85.175,33.323],[-85.139,33.325],[-85.125,33.326],[-85.075,33.329]],[[-82.39,33.64],[-82.375,33.642],[-82.325,33.649],[-82.275,33.656],[-82.225,33.662],[-82.175,33.669],[-82.134,33.675],[-82.125,33.676],[-82.075,33.683],[-82.025,33.69],[-81.975,33.697],[-81.925,33.704],[-81.875,33.71],[-81.825,33.717],[-81.775,33.724],[-81.765,33.725],[-81.725,33.73],[-81.675,33.737],[-81.625,33.743],[-81.575,33.75],[-81.525,33.757],[-81.475,33.763],[-81.425,33.769],[-81.381,33.775],[-81.375,33.776],[-81.325,33.782],[-81.275,33.788],[-81.225,33.794],[-81.175,33.8],[-81.125,33.806],[-81.075,33.812],[-81.025,33.818],[-80.975,33.824],[-80.964,33.825],[-80.925,33.829],[-80.875,33.835],[-80.825,33.84],[-80.775,33.846],[-80.725,33.851],[-80.675,33.856],[-80.625,33.862],[-80.575,33.867],[-80.525,33.872],[-80.492,33.875],[-80.475,33.877],[-80.425,33.882],[-80.375,33.887],[-80.325,33.891],[-80.275,33.896],[-80.225,33.901],[-80.175,33.906],[-80.125,33.911],[-80.075,33.915],[-80.025,33.92],[-79.975,33.925],[-79.971,33.925],[-79.925,33.929],[-79.875,33.934],[-79.825,33.939],[-79.775,33.943],[-79.725,33.948],[-79.675,33.952],[-79.625,33.957],[-79.575,33.962],[-79.525,33.966],[-79.475,33.971],[-79.435,33.975],[-79.425,33.976],[-79.375,33.981],[-79.325,33.986],[-79.275,33.991],[-79.225,33.996],[-79.175,34.001],[-79.125,34.006],[-79.075,34.011],[-79.025,34.017],[-78.975,34.022],[-78.95,34.025],[-78.925,34.028],[-78.875,34.033],[-78.825,34.039],[-78.775,34.045],[-78.725,34.051],[-78.675,34.057],[-78.625,34.063],[-78.575,34.07],[-78.535,34.075],[-78.525,34.076],[-78.475,34.083],[-78.425,34.089],[-78.375,34.096],[-78.325,34.103],[-78.275,34.11],[-78.225,34.117],[-78.175,34.125],[-78.173,34.125],[-78.125,34.132],[-78.075,34.14],[-78.025,34.147],[-77.975,34.155],[-77.925,34.163],[-77.875,34.171],[-77.852,34.175],[-77.825,34.18]]]}},{"type":"Feature","properties":{"date":"2015-04-05","label":"5 Apr","yday":95,"tier":"five","major":false},"geometry":{"type":"MultiLineString","coordinates":[[[-87.625,33.341],[-87.575,33.344],[-87.525,33.347],[-87.475,33.35],[-87.425,33.353],[-87.375,33.356],[-87.325,33.359],[-87.275,33.362],[-87.225,33.365],[-87.175,33.367],[-87.125,33.37],[-87.075,33.373],[-87.034,33.375],[-87.025,33.375],[-86.975,33.378],[-86.925,33.381],[-86.875,33.383],[-86.825,33.386],[-86.775,33.389],[-86.725,33.391],[-86.675,33.394],[-86.625,33.396],[-86.575,33.399],[-86.525,33.401],[-86.475,33.404],[-86.425,33.406],[-86.375,33.409],[-86.325,33.411],[-86.275,33.414],[-86.225,33.416],[-86.175,33.419],[-86.125,33.421],[-86.075,33.424],[-86.048,33.425],[-86.025,33.426],[-85.975,33.429],[-85.925,33.431],[-85.875,33.434],[-85.825,33.436],[-85.775,33.439],[-85.725,33.442],[-85.675,33.444],[-85.625,33.447],[-85.575,33.45],[-85.525,33.453],[-85.475,33.455],[-85.425,33.458],[-85.375,33.461],[-85.325,33.464],[-85.275,33.467],[-85.225,33.471],[-85.175,33.474],[-85.155,33.475],[-85.125,33.477],[-85.075,33.48],[-85.069,33.481]],[[-82.351,33.799],[-82.325,33.803],[-82.275,33.81],[-82.225,33.816],[-82.175,33.823],[-82.163,33.825],[-82.125,33.83],[-82.075,33.837],[-82.025,33.844],[-81.975,33.851],[-81.925,33.858],[-81.875,33.864],[-81.825,33.871],[-81.794,33.875],[-81.775,33.878],[-81.725,33.884],[-81.675,33.891],[-81.625,33.897],[-81.575,33.904],[-81.525,33.91],[-81.475,33.917],[-81.425,33.923],[-81.41,33.925],[-81.375,33.929],[-81.325,33.936],[-81.275,33.942],[-81.225,33.948],[-81.175,33.954],[-81.125,33.96],[-81.075,33.966],[-81.025,33.971],[-80.994,33.975],[-80.975,33.977],[-80.925,33.983],[-80.875,33.988],[-80.825,33.994],[-80.775,33.999],[-80.725,34.004],[-80.675,34.009],[-80.625,34.014],[-80.575,34.019],[-80.525,34.024],[-80.519,34.025],[-80.475,34.029],[-80.425,34.034],[-80.375,34.039],[-80.325,34.044],[-80.275,34.049],[-80.225,34.054],[-80.175,34.058],[-80.125,34.063],[-80.075,34.068],[-80.025,34.072],[-79.996,34.075],[-79.975,34.077],[-79.925,34.082],[-79.875,34.086],[-79.825,34.091],[-79.775,34.096],[-79.725,34.1],[-79.675,34.105],[-79.625,34.109],[-79.575,34.114],[-79.525,34.119],[-79.475,34.124],[-79.461,34.125],[-79.425,34.128],[-79.375,34.133],[-79.325,34.138],[-79.275,34.143],[-79.225,34.148],[-79.175,34.153],[-79.125,34.159],[-79.075,34.164],[-79.025,34.169],[-78.975,34.175],[-78.974,34.175],[-78.925,34.18],[-78.875,34.186],[-78.825,34.192],[-78.775,34.198],[-78.725,34.204],[-78.675,34.21],[-78.625,34.216],[-78.575,34.222],[-78.555,34.225],[-78.525,34.229],[-78.475,34.235],[-78.425,34.242],[-78.375,34.249],[-78.325,34.256],[-78.275,34.263],[-78.225,34.27],[-78.191,34.275],[-78.175,34.277],[-78.125,34.285],[-78.075,34.292],[-78.025,34.3],[-77.975,34.308],[-77.925,34.316],[-77.875,34.324],[-77.868,34.325],[-77.825,34.332],[-77.775,34.341],[-77.725,34.349],[-77.696,34.354]]]}},{"type":"Feature","properties":{"date":"2015-04-06","label":"6 Apr","yday":96,"tier":"day","major":false},"geometry":{"type":"MultiLineString","coordinates":[[[-87.692,33.492],[-87.675,33.493],[-87.625,33.496],[-87.575,33.499],[-87.525,33.502],[-87.503,33.503]],[[-87.175,33.521],[-87.125,33.524],[-87.105,33.525],[-87.075,33.527],[-87.025,33.529],[-86.975,33.532],[-86.925,33.534],[-86.875,33.537],[-86.825,33.54],[-86.775,33.542],[-86.725,33.545],[-86.675,33.547],[-86.625,33.55],[-86.575,33.552],[-86.525,33.554],[-86.475,33.557],[-86.425,33.559],[-86.375,33.562],[-86.325,33.564],[-86.275,33.567],[-86.225,33.569],[-86.175,33.572],[-86.125,33.574],[-86.105,33.575],[-86.075,33.576],[-86.025,33.579],[-85.975,33.581],[-85.925,33.584],[-85.875,33.586],[-85.825,33.589],[-85.775,33.592],[-85.725,33.594],[-85.675,33.597],[-85.625,33.6],[-85.575,33.602],[-85.525,33.605],[-85.475,33.608],[-85.425,33.611],[-85.375,33.614],[-85.325,33.617],[-85.275,33.62],[-85.225,33.623],[-85.19,33.625],[-85.175,33.626],[-85.125,33.629],[-85.075,33.633],[-85.025,33.636],[-84.975,33.639]],[[-82.229,33.971],[-82.225,33.972],[-82.2,33.975],[-82.175,33.978],[-82.125,33.985],[-82.075,33.992],[-82.025,33.999],[-81.975,34.006],[-81.925,34.012],[-81.875,34.019],[-81.831,34.025],[-81.825,34.026],[-81.775,34.032],[-81.725,34.039],[-81.675,34.046],[-81.625,34.052],[-81.575,34.059],[-81.525,34.065],[-81.475,34.071],[-81.446,34.075],[-81.425,34.078],[-81.375,34.084],[-81.325,34.09],[-81.275,34.096],[-81.225,34.102],[-81.175,34.108],[-81.125,34.114],[-81.075,34.12],[-81.028,34.125],[-81.025,34.125],[-80.975,34.131],[-80.925,34.136],[-80.875,34.142],[-80.825,34.147],[-80.775,34.152],[-80.725,34.158],[-80.675,34.163],[-80.625,34.168],[-80.575,34.173],[-80.553,34.175],[-80.525,34.178],[-80.475,34.183],[-80.425,34.188],[-80.375,34.192],[-80.325,34.197],[-80.275,34.202],[-80.225,34.207],[-80.175,34.211],[-80.125,34.216],[-80.075,34.221],[-80.03,34.225],[-80.025,34.226],[-79.975,34.23],[-79.925,34.235],[-79.875,34.24],[-79.825,34.244],[-79.775,34.249],[-79.725,34.254],[-79.675,34.258],[-79.625,34.263],[-79.575,34.268],[-79.525,34.272],[-79.498,34.275],[-79.475,34.277],[-79.425,34.282],[-79.375,34.287],[-79.325,34.292],[-79.275,34.297],[-79.225,34.302],[-79.175,34.307],[-79.125,34.313],[-79.075,34.318],[-79.025,34.323],[-79.01,34.325],[-78.975,34.329],[-78.925,34.334],[-78.875,34.34],[-78.825,34.346],[-78.775,34.352],[-78.725,34.358],[-78.675,34.364],[-78.625,34.37],[-78.586,34.375],[-78.575,34.376],[-78.525,34.383],[-78.475,34.389],[-78.425,34.396],[-78.375,34.403],[-78.325,34.41],[-78.275,34.417],[-78.225,34.424],[-78.218,34.425],[-78.175,34.431],[-78.125,34.439],[-78.075,34.446],[-78.025,34.454],[-77.975,34.462],[-77.925,34.47],[-77.892,34.475],[-77.875,34.478],[-77.825,34.486],[-77.775,34.494],[-77.725,34.503],[-77.675,34.512],[-77.625,34.52],[-77.6,34.525],[-77.575,34.529],[-77.525,34.539],[-77.475,34.548],[-77.425,34.557],[-77.41,34.56]],[[-77.325,34.576],[-77.324,34.576]]]}},{"type":"Feature","properties":{"date":"2015-04-07","label":"7 Apr","yday":97,"tier":"day","major":false},"geometry":{"type":"MultiLineString","coordinates":[[[-87.757,33.643],[-87.725,33.645],[-87.675,33.648],[-87.625,33.651],[-87.602,33.652]],[[-87.128,33.678],[-87.125,33.678],[-87.075,33.681],[-87.025,33.683],[-86.975,33.686],[-86.925,33.689],[-86.875,33.691],[-86.825,33.694],[-86.775,33.696],[-86.725,33.699],[-86.675,33.701],[-86.625,33.704],[-86.575,33.706],[-86.525,33.708],[-86.475,33.711],[-86.425,33.713],[-86.375,33.716],[-86.325,33.718],[-86.275,33.721],[-86.225,33.723],[-86.182,33.725],[-86.175,33.725],[-86.125,33.728],[-86.075,33.73],[-86.025,33.733],[-85.975,33.735],[-85.925,33.738],[-85.875,33.74],[-85.825,33.743],[-85.775,33.745],[-85.725,33.748],[-85.675,33.75],[-85.625,33.753],[-85.575,33.756],[-85.525,33.759],[-85.475,33.761],[-85.425,33.764],[-85.375,33.767],[-85.325,33.77],[-85.275,33.773],[-85.245,33.775],[-85.225,33.776],[-85.175,33.779],[-85.125,33.783],[-85.075,33.786],[-85.025,33.789],[-84.975,33.793],[-84.925,33.796],[-84.875,33.8],[-84.825,33.804],[-84.775,33.808],[-84.739,33.811]],[[-80.907,34.293],[-80.875,34.296],[-80.825,34.302],[-80.775,34.307],[-80.725,34.312],[-80.675,34.317],[-80.625,34.322],[-80.596,34.325],[-80.575,34.327],[-80.525,34.332],[-80.475,34.337],[-80.425,34.342],[-80.375,34.347],[-80.325,34.351],[-80.275,34.356],[-80.225,34.361],[-80.175,34.366],[-80.125,34.37],[-80.075,34.375],[-80.074,34.375],[-80.025,34.38],[-79.975,34.384],[-79.925,34.389],[-79.875,34.394],[-79.825,34.398],[-79.775,34.403],[-79.725,34.408],[-79.675,34.413],[-79.625,34.417],[-79.575,34.422],[-79.545,34.425],[-79.525,34.427],[-79.475,34.432],[-79.425,34.437],[-79.375,34.442],[-79.325,34.447],[-79.275,34.452],[-79.225,34.457],[-79.175,34.462],[-79.125,34.468],[-79.075,34.473],[-79.056,34.475],[-79.025,34.478],[-78.975,34.484],[-78.925,34.49],[-78.875,34.495],[-78.825,34.501],[-78.775,34.507],[-78.725,34.513],[-78.675,34.519],[-78.627,34.525],[-78.625,34.525],[-78.575,34.532],[-78.525,34.538],[-78.475,34.545],[-78.425,34.551],[-78.375,34.558],[-78.325,34.565],[-78.275,34.572],[-78.253,34.575],[-78.225,34.579],[-78.175,34.586],[-78.125,34.594],[-78.075,34.601],[-78.025,34.609],[-77.975,34.617],[-77.925,34.625],[-77.924,34.625],[-77.875,34.633],[-77.825,34.641],[-77.775,34.65],[-77.725,34.658],[-77.675,34.667],[-77.629,34.675],[-77.625,34.676],[-77.575,34.685],[-77.525,34.694],[-77.475,34.703],[-77.457,34.707]],[[-77.331,34.731],[-77.325,34.732],[-77.275,34.742],[-77.225,34.751],[-77.175,34.762],[-77.129,34.771]],[[-77.122,34.772],[-77.109,34.775],[-77.075,34.782],[-77.025,34.792],[-76.975,34.803],[-76.925,34.814],[-76.875,34.824],[-76.873,34.825],[-76.825,34.835],[-76.775,34.846],[-76.725,34.858],[-76.675,34.869],[-76.648,34.875],[-76.625,34.88],[-76.575,34.892],[-76.525,34.904],[-76.475,34.915],[-76.434,34.925],[-76.425,34.927],[-76.386,34.936]]]}},{"type":"Feature","properties":{"date":"2015-04-08","label":"8 Apr","yday":98,"tier":"day","major":false},"geometry":{"type":"MultiLineString","coordinates":[[[-87.323,33.823],[-87.277,33.825],[-87.275,33.825],[-87.225,33.828],[-87.175,33.83],[-87.125,33.833],[-87.075,33.836],[-87.025,33.838],[-86.975,33.841],[-86.925,33.843],[-86.875,33.846],[-86.825,33.848],[-86.8,33.85]],[[-86.695,33.855],[-86.675,33.856],[-86.625,33.858],[-86.575,33.861],[-86.525,33.863],[-86.475,33.866],[-86.425,33.868],[-86.375,33.87],[-86.325,33.873],[-86.278,33.875],[-86.275,33.875],[-86.225,33.878],[-86.175,33.88],[-86.125,33.882],[-86.075,33.885],[-86.025,33.887],[-85.975,33.89],[-85.925,33.892],[-85.875,33.895],[-85.825,33.897],[-85.775,33.9],[-85.725,33.902],[-85.675,33.905],[-85.625,33.908],[-85.575,33.91],[-85.525,33.913],[-85.475,33.916],[-85.425,33.919],[-85.375,33.922],[-85.325,33.925],[-85.321,33.925],[-85.275,33.928],[-85.225,33.931],[-85.175,33.934],[-85.125,33.937],[-85.075,33.941],[-85.025,33.944],[-84.975,33.948],[-84.925,33.951],[-84.875,33.955],[-84.825,33.959],[-84.775,33.963],[-84.725,33.967],[-84.675,33.971],[-84.632,33.975],[-84.625,33.976],[-84.575,33.98],[-84.569,33.981]],[[-80.678,34.472],[-80.675,34.472],[-80.646,34.475],[-80.625,34.477],[-80.575,34.482],[-80.525,34.487],[-80.475,34.492],[-80.425,34.497],[-80.375,34.502],[-80.325,34.506],[-80.275,34.511],[-80.225,34.516],[-80.175,34.521],[-80.127,34.525],[-80.125,34.525],[-80.075,34.53],[-80.025,34.535],[-79.975,34.539],[-79.925,34.544],[-79.875,34.549],[-79.825,34.554],[-79.775,34.558],[-79.725,34.563],[-79.675,34.568],[-79.625,34.573],[-79.601,34.575],[-79.575,34.578],[-79.525,34.582],[-79.475,34.587],[-79.425,34.592],[-79.375,34.597],[-79.325,34.602],[-79.275,34.608],[-79.225,34.613],[-79.175,34.618],[-79.125,34.623],[-79.111,34.625],[-79.075,34.629],[-79.025,34.634],[-78.975,34.64],[-78.925,34.646],[-78.875,34.651],[-78.825,34.657],[-78.775,34.663],[-78.725,34.669],[-78.676,34.675],[-78.675,34.675],[-78.625,34.681],[-78.575,34.688],[-78.525,34.694],[-78.475,34.701],[-78.425,34.707],[-78.375,34.714],[-78.325,34.721],[-78.296,34.725],[-78.275,34.728],[-78.225,34.735],[-78.175,34.742],[-78.125,34.75],[-78.075,34.757],[-78.025,34.765],[-77.975,34.773],[-77.962,34.775],[-77.925,34.781],[-77.875,34.789],[-77.825,34.797],[-77.775,34.806],[-77.725,34.814],[-77.675,34.823],[-77.664,34.825],[-77.625,34.832],[-77.575,34.841],[-77.525,34.85],[-77.475,34.86],[-77.425,34.869],[-77.394,34.875],[-77.375,34.879],[-77.325,34.888],[-77.275,34.898],[-77.225,34.908],[-77.175,34.919],[-77.144,34.925],[-77.125,34.929],[-77.075,34.939],[-77.025,34.95],[-76.975,34.961],[-76.963,34.963]]]}},{"type":"Feature","properties":{"date":"2015-04-09","label":"9 Apr","yday":99,"tier":"day","major":false},"geometry":{"type":"MultiLineString","coordinates":[[[-87.422,33.972],[-87.375,33.975],[-87.375,33.975],[-87.325,33.978],[-87.275,33.98],[-87.225,33.983],[-87.175,33.986],[-87.125,33.988],[-87.075,33.991],[-87.025,33.994],[-86.995,33.995]],[[-86.662,34.012],[-86.625,34.014],[-86.575,34.016],[-86.525,34.019],[-86.475,34.021],[-86.425,34.023],[-86.391,34.025],[-86.375,34.026],[-86.325,34.028],[-86.275,34.031],[-86.225,34.033],[-86.175,34.035],[-86.125,34.038],[-86.075,34.04],[-86.042,34.042]],[[-85.901,34.049],[-85.875,34.05],[-85.825,34.053],[-85.775,34.055],[-85.725,34.058],[-85.675,34.061],[-85.625,34.063],[-85.575,34.066],[-85.525,34.069],[-85.475,34.072],[-85.425,34.075],[-85.42,34.075],[-85.375,34.078],[-85.325,34.081],[-85.275,34.084],[-85.225,34.087],[-85.175,34.09],[-85.125,34.093],[-85.075,34.097],[-85.025,34.1],[-84.975,34.104],[-84.925,34.108],[-84.875,34.111],[-84.825,34.115],[-84.775,34.119],[-84.725,34.124],[-84.709,34.125],[-84.675,34.128],[-84.625,34.132],[-84.586,34.136]],[[-80.625,34.633],[-80.575,34.638],[-80.525,34.643],[-80.475,34.648],[-80.425,34.652],[-80.375,34.657],[-80.325,34.662],[-80.275,34.667],[-80.225,34.671],[-80.188,34.675],[-80.175,34.676],[-80.125,34.681],[-80.075,34.686],[-80.025,34.69],[-79.975,34.695],[-79.925,34.7],[-79.875,34.705],[-79.825,34.709],[-79.775,34.714],[-79.725,34.719],[-79.675,34.724],[-79.664,34.725],[-79.625,34.729],[-79.575,34.734],[-79.525,34.739],[-79.475,34.744],[-79.425,34.749],[-79.375,34.754],[-79.325,34.759],[-79.275,34.764],[-79.225,34.769],[-79.175,34.775],[-79.173,34.775],[-79.125,34.78],[-79.075,34.786],[-79.025,34.791],[-78.975,34.797],[-78.925,34.803],[-78.875,34.808],[-78.825,34.814],[-78.775,34.82],[-78.734,34.825],[-78.725,34.826],[-78.675,34.832],[-78.625,34.838],[-78.575,34.845],[-78.525,34.851],[-78.475,34.858],[-78.425,34.864],[-78.375,34.871],[-78.347,34.875],[-78.325,34.878],[-78.275,34.885],[-78.225,34.892],[-78.175,34.899],[-78.125,34.907],[-78.075,34.914],[-78.025,34.922],[-78.007,34.925],[-77.975,34.93],[-77.925,34.938],[-77.875,34.946],[-77.825,34.954],[-77.775,34.963],[-77.725,34.972],[-77.706,34.975],[-77.675,34.98],[-77.625,34.989],[-77.575,34.998],[-77.525,35.008],[-77.475,35.017],[-77.434,35.025],[-77.425,35.027],[-77.375,35.036],[-77.325,35.046],[-77.275,35.056],[-77.225,35.067],[-77.184,35.075],[-77.175,35.077],[-77.125,35.087],[-77.075,35.098],[-77.025,35.109],[-76.975,35.12],[-76.95,35.125],[-76.925,35.131],[-76.875,35.142],[-76.825,35.153],[-76.789,35.161]]]}},{"type":"Feature","properties":{"date":"2015-04-10","label":"10 Apr","yday":100,"tier":"five","major":false},"geometry":{"type":"MultiLineString","coordinates":[[[-86.736,34.164],[-86.725,34.165],[-86.675,34.167],[-86.625,34.17],[-86.62,34.17]],[[-85.683,34.217],[-85.675,34.217],[-85.625,34.22],[-85.575,34.223],[-85.538,34.225],[-85.525,34.226],[-85.475,34.229],[-85.425,34.232],[-85.375,34.235],[-85.325,34.238],[-85.275,34.241],[-85.225,34.244],[-85.175,34.247],[-85.125,34.251],[-85.075,34.254],[-85.025,34.258],[-84.975,34.262],[-84.925,34.265],[-84.875,34.269],[-84.825,34.273],[-84.805,34.275],[-84.777,34.277]],[[-80.222,34.828],[-80.175,34.832],[-80.125,34.837],[-80.075,34.842],[-80.025,34.847],[-79.975,34.852],[-79.925,34.856],[-79.875,34.861],[-79.825,34.866],[-79.775,34.871],[-79.732,34.875],[-79.725,34.876],[-79.675,34.881],[-79.625,34.886],[-79.575,34.89],[-79.525,34.896],[-79.475,34.901],[-79.425,34.906],[-79.375,34.911],[-79.325,34.916],[-79.275,34.921],[-79.241,34.925],[-79.225,34.927],[-79.175,34.932],[-79.125,34.938],[-79.075,34.943],[-79.025,34.949],[-78.975,34.954],[-78.925,34.96],[-78.875,34.966],[-78.825,34.972],[-78.798,34.975],[-78.775,34.978],[-78.725,34.984],[-78.675,34.99],[-78.625,34.996],[-78.575,35.002],[-78.525,35.009],[-78.475,35.015],[-78.425,35.022],[-78.403,35.025],[-78.375,35.029],[-78.325,35.036],[-78.275,35.043],[-78.225,35.05],[-78.175,35.057],[-78.125,35.065],[-78.075,35.072],[-78.057,35.075],[-78.025,35.08],[-77.975,35.088],[-77.925,35.096],[-77.875,35.104],[-77.825,35.112],[-77.775,35.121],[-77.752,35.125],[-77.725,35.13],[-77.675,35.139],[-77.625,35.148],[-77.575,35.157],[-77.525,35.166],[-77.478,35.175],[-77.475,35.176],[-77.425,35.185],[-77.375,35.195],[-77.325,35.205],[-77.275,35.215],[-77.227,35.225],[-77.225,35.225],[-77.175,35.236],[-77.125,35.246],[-77.075,35.257],[-77.025,35.268],[-76.993,35.275],[-76.975,35.279],[-76.925,35.29],[-76.875,35.302],[-76.825,35.313],[-76.815,35.315]]]}},{"type":"Feature","properties":{"date":"2015-04-11","label":"11 Apr","yday":101,"tier":"day","major":false},"geometry":{"type":"MultiLineString","coordinates":[[[-80.125,34.994],[-80.075,34.999],[-80.025,35.004],[-79.975,35.008],[-79.925,35.013],[-79.875,35.018],[-79.825,35.023],[-79.804,35.025],[-79.775,35.028],[-79.725,35.033],[-79.675,35.038],[-79.625,35.043],[-79.575,35.048],[-79.525,35.053],[-79.475,35.058],[-79.425,35.063],[-79.375,35.068],[-79.325,35.074],[-79.312,35.075],[-79.275,35.079],[-79.225,35.084],[-79.175,35.09],[-79.125,35.095],[-79.075,35.101],[-79.025,35.107],[-78.975,35.112],[-78.925,35.118],[-78.875,35.124],[-78.866,35.125],[-78.825,35.13],[-78.775,35.136],[-78.725,35.142],[-78.675,35.148],[-78.625,35.154],[-78.575,35.161],[-78.525,35.167],[-78.475,35.174],[-78.464,35.175],[-78.425,35.18],[-78.375,35.187],[-78.325,35.194],[-78.275,35.201],[-78.225,35.208],[-78.175,35.215],[-78.125,35.223],[-78.111,35.225],[-78.075,35.231],[-78.025,35.238],[-77.975,35.246],[-77.925,35.254],[-77.875,35.263],[-77.825,35.271],[-77.802,35.275],[-77.775,35.28],[-77.725,35.288],[-77.675,35.297],[-77.625,35.306],[-77.575,35.316],[-77.525,35.325],[-77.525,35.325],[-77.475,35.335],[-77.425,35.344],[-77.375,35.354],[-77.325,35.364],[-77.275,35.375],[-77.273,35.375],[-77.225,35.385],[-77.175,35.395],[-77.125,35.406],[-77.075,35.417],[-77.039,35.425],[-77.025,35.428],[-76.987,35.437]],[[-75.975,35.688],[-75.925,35.701],[-75.89,35.71]]]}},{"type":"Feature","properties":{"date":"2015-04-12","label":"12 Apr","yday":102,"tier":"day","major":false},"geometry":{"type":"MultiLineString","coordinates":[[[-80.103,35.153],[-80.075,35.156],[-80.025,35.161],[-79.975,35.166],[-79.925,35.17],[-79.878,35.175],[-79.875,35.175],[-79.825,35.18],[-79.775,35.185],[-79.725,35.19],[-79.675,35.195],[-79.625,35.2],[-79.575,35.205],[-79.525,35.21],[-79.475,35.216],[-79.425,35.221],[-79.386,35.225],[-79.375,35.226],[-79.325,35.232],[-79.275,35.237],[-79.225,35.242],[-79.175,35.248],[-79.125,35.253],[-79.075,35.259],[-79.025,35.265],[-78.975,35.27],[-78.936,35.275],[-78.925,35.276],[-78.875,35.282],[-78.825,35.288],[-78.775,35.294],[-78.725,35.3],[-78.675,35.306],[-78.625,35.313],[-78.575,35.319],[-78.529,35.325],[-78.525,35.325],[-78.475,35.332],[-78.425,35.339],[-78.375,35.346],[-78.325,35.353],[-78.275,35.36],[-78.225,35.367],[-78.175,35.374],[-78.17,35.375],[-78.125,35.382],[-78.075,35.389],[-78.025,35.397],[-77.975,35.405],[-77.925,35.413],[-77.875,35.422],[-77.856,35.425],[-77.825,35.43],[-77.775,35.439],[-77.725,35.448],[-77.675,35.457],[-77.625,35.466],[-77.576,35.475],[-77.575,35.475],[-77.525,35.485],[-77.475,35.494],[-77.425,35.504],[-77.375,35.514],[-77.325,35.524],[-77.321,35.525],[-77.275,35.534],[-77.225,35.545],[-77.175,35.556],[-77.125,35.566],[-77.085,35.575],[-77.075,35.577],[-77.025,35.588],[-76.975,35.6],[-76.925,35.611],[-76.875,35.623],[-76.865,35.625],[-76.825,35.634],[-76.775,35.646],[-76.725,35.658]]]}},{"type":"Feature","properties":{"date":"2015-04-13","label":"13 Apr","yday":103,"tier":"day","major":false},"geometry":{"type":"MultiLineString","coordinates":[[[-80.125,35.308],[-80.075,35.313],[-80.025,35.318],[-79.975,35.323],[-79.954,35.325],[-79.928,35.328]],[[-79.811,35.339],[-79.775,35.343],[-79.725,35.348],[-79.675,35.353],[-79.625,35.358],[-79.575,35.363],[-79.525,35.368],[-79.475,35.374],[-79.462,35.375]],[[-79.365,35.385],[-79.325,35.39],[-79.275,35.395],[-79.225,35.401],[-79.175,35.406],[-79.125,35.412],[-79.075,35.417],[-79.025,35.423],[-79.009,35.425],[-78.975,35.429],[-78.925,35.435],[-78.875,35.441],[-78.825,35.447],[-78.775,35.453],[-78.725,35.459],[-78.675,35.465],[-78.625,35.471],[-78.597,35.475],[-78.575,35.478],[-78.525,35.484],[-78.475,35.491],[-78.425,35.498],[-78.375,35.505],[-78.325,35.512],[-78.275,35.519],[-78.232,35.525],[-78.225,35.526],[-78.175,35.533],[-78.125,35.541],[-78.075,35.549],[-78.025,35.557],[-77.975,35.565],[-77.925,35.573],[-77.913,35.575],[-77.875,35.581],[-77.825,35.59],[-77.775,35.599],[-77.725,35.607],[-77.675,35.617],[-77.629,35.625],[-77.625,35.626],[-77.575,35.635],[-77.525,35.645],[-77.475,35.654],[-77.425,35.664],[-77.375,35.674],[-77.371,35.675],[-77.325,35.684],[-77.275,35.695],[-77.225,35.705],[-77.175,35.716],[-77.134,35.725],[-77.125,35.727],[-77.075,35.738],[-77.025,35.749],[-76.975,35.761],[-76.925,35.772],[-76.913,35.775],[-76.875,35.784],[-76.825,35.796],[-76.775,35.808],[-76.725,35.82],[-76.703,35.825],[-76.675,35.832],[-76.625,35.844],[-76.575,35.857]]]}},{"type":"Feature","properties":{"date":"2015-04-14","label":"14 Apr","yday":104,"tier":"day","major":false},"geometry":{"type":"MultiLineString","coordinates":[[[-78.904,35.596],[-78.875,35.599],[-78.825,35.605],[-78.775,35.612],[-78.725,35.618],[-78.675,35.624],[-78.668,35.625],[-78.625,35.63],[-78.575,35.637],[-78.525,35.644],[-78.475,35.65],[-78.453,35.653]],[[-78.33,35.67],[-78.325,35.671],[-78.297,35.675]],[[-78.271,35.679],[-78.225,35.686],[-78.175,35.693],[-78.125,35.701],[-78.075,35.709],[-78.025,35.717],[-77.975,35.725],[-77.973,35.725],[-77.925,35.733],[-77.875,35.741],[-77.825,35.75],[-77.775,35.759],[-77.725,35.768],[-77.685,35.775],[-77.675,35.777],[-77.625,35.786],[-77.575,35.795],[-77.525,35.805],[-77.475,35.815],[-77.425,35.825],[-77.424,35.825],[-77.375,35.835],[-77.325,35.845],[-77.275,35.856],[-77.225,35.866],[-77.184,35.875],[-77.175,35.877],[-77.125,35.888],[-77.075,35.899],[-77.025,35.91],[-76.975,35.922],[-76.961,35.925],[-76.925,35.933],[-76.875,35.945],[-76.825,35.957],[-76.775,35.969],[-76.75,35.975],[-76.725,35.981]]]}},{"type":"Feature","properties":{"date":"2015-04-15","label":"15 Apr","yday":105,"tier":"index","major":true},"geometry":{"type":"MultiLineString","coordinates":[[[-78.023,35.877],[-77.975,35.885],[-77.925,35.893],[-77.875,35.902],[-77.825,35.911],[-77.775,35.919],[-77.744,35.925],[-77.725,35.928],[-77.675,35.938],[-77.625,35.947],[-77.575,35.956],[-77.525,35.966],[-77.479,35.975],[-77.475,35.976],[-77.425,35.986],[-77.375,35.996],[-77.325,36.006],[-77.275,36.017],[-77.236,36.025],[-77.225,36.027],[-77.175,36.038],[-77.125,36.049],[-77.075,36.06],[-77.025,36.072],[-77.01,36.075],[-76.975,36.083],[-76.925,36.095],[-76.875,36.106],[-76.825,36.118],[-76.797,36.125],[-76.775,36.13],[-76.768,36.132]],[[-76.699,36.149],[-76.675,36.155],[-76.625,36.167],[-76.593,36.175],[-76.575,36.18],[-76.569,36.181]]]}},{"type":"Feature","properties":{"date":"2015-04-16","label":"16 Apr","yday":106,"tier":"day","major":false},"geometry":{"type":"MultiLineString","coordinates":[[[-77.829,36.071],[-77.825,36.072],[-77.807,36.075],[-77.775,36.081],[-77.725,36.09],[-77.675,36.099],[-77.625,36.108],[-77.575,36.118],[-77.537,36.125],[-77.525,36.127],[-77.475,36.137],[-77.425,36.147],[-77.375,36.157],[-77.325,36.168],[-77.29,36.175],[-77.275,36.178],[-77.225,36.189],[-77.175,36.2],[-77.125,36.211],[-77.075,36.222],[-77.061,36.225],[-77.025,36.233],[-76.975,36.245],[-76.925,36.256],[-76.875,36.268],[-76.845,36.275],[-76.825,36.28],[-76.775,36.292],[-76.725,36.304],[-76.687,36.313]],[[-76.668,36.318],[-76.638,36.325],[-76.625,36.328],[-76.575,36.341],[-76.525,36.353],[-76.475,36.366]]]}},{"type":"Feature","properties":{"date":"2015-04-17","label":"17 Apr","yday":107,"tier":"day","major":false},"geometry":{"type":"MultiLineString","coordinates":[[[-77.693,36.257],[-77.675,36.261],[-77.625,36.27],[-77.599,36.275],[-77.575,36.28],[-77.525,36.289],[-77.475,36.299],[-77.425,36.309],[-77.375,36.319],[-77.347,36.325],[-77.325,36.33],[-77.275,36.34],[-77.225,36.351],[-77.175,36.362],[-77.125,36.373],[-77.114,36.375],[-77.075,36.384],[-77.025,36.395],[-76.975,36.406],[-76.925,36.418],[-76.895,36.425],[-76.875,36.43],[-76.825,36.441],[-76.775,36.453],[-76.725,36.465],[-76.685,36.475],[-76.675,36.477],[-76.625,36.49],[-76.575,36.502],[-76.525,36.514],[-76.481,36.525],[-76.475,36.527],[-76.425,36.539],[-76.375,36.551],[-76.34,36.56]]]}},{"type":"Feature","properties":{"date":"2015-04-18","label":"18 Apr","yday":108,"tier":"day","major":false},"geometry":{"type":"MultiLineString","coordinates":[[[-77.632,36.432],[-77.625,36.433],[-77.575,36.442],[-77.525,36.452],[-77.475,36.462],[-77.425,36.472],[-77.41,36.475],[-77.375,36.482],[-77.325,36.492],[-77.275,36.503],[-77.225,36.514],[-77.175,36.524],[-77.173,36.525],[-77.125,36.535],[-77.075,36.547],[-77.025,36.558],[-76.975,36.569],[-76.949,36.575],[-76.925,36.58],[-76.875,36.592],[-76.825,36.604],[-76.775,36.615],[-76.734,36.625],[-76.725,36.627],[-76.675,36.639],[-76.625,36.651],[-76.575,36.663],[-76.525,36.675],[-76.525,36.675],[-76.475,36.687],[-76.445,36.695]]]}},{"type":"Feature","properties":{"date":"2015-04-19","label":"19 Apr","yday":109,"tier":"day","major":false},"geometry":{"type":"MultiLineString","coordinates":[[[-77.812,36.562],[-77.775,36.569],[-77.74,36.575],[-77.725,36.578],[-77.675,36.587],[-77.625,36.596],[-77.575,36.606],[-77.525,36.616],[-77.478,36.625]],[[-77.094,36.706],[-77.075,36.71],[-77.025,36.721],[-77.007,36.725],[-76.975,36.732],[-76.925,36.743],[-76.875,36.755],[-76.825,36.766],[-76.787,36.775],[-76.775,36.778],[-76.725,36.789],[-76.675,36.801],[-76.656,36.806]]]}}]}