{"type":"FeatureCollection","features":[{"type":"Feature","properties":{"date":"2001-02-18","label":"18 Feb","yday":49,"tier":"day","major":false},"geometry":{"type":"MultiLineString","coordinates":[[[-82.065,26.735],[-82.025,26.742],[-81.975,26.753],[-81.925,26.764],[-81.883,26.775],[-81.875,26.777],[-81.825,26.791],[-81.801,26.799]],[[-81.575,26.875],[-81.574,26.875],[-81.525,26.893],[-81.475,26.911],[-81.437,26.925],[-81.425,26.929],[-81.375,26.947],[-81.34,26.96]]]}},{"type":"Feature","properties":{"date":"2001-02-19","label":"19 Feb","yday":50,"tier":"five","major":false},"geometry":{"type":"MultiLineString","coordinates":[[[-82.383,26.983],[-82.375,26.985],[-82.325,26.994],[-82.275,27.005],[-82.225,27.016],[-82.189,27.025],[-82.175,27.029],[-82.125,27.043],[-82.075,27.059],[-82.032,27.075],[-82.025,27.078],[-81.975,27.099],[-81.925,27.121],[-81.917,27.125],[-81.875,27.146],[-81.825,27.172],[-81.82,27.175],[-81.775,27.2],[-81.73,27.225],[-81.725,27.228],[-81.675,27.257],[-81.643,27.275],[-81.625,27.286],[-81.575,27.314],[-81.556,27.325],[-81.525,27.343],[-81.475,27.37],[-81.466,27.375],[-81.425,27.397],[-81.375,27.422],[-81.368,27.425],[-81.325,27.445],[-81.275,27.467],[-81.256,27.475],[-81.225,27.487],[-81.175,27.505],[-81.125,27.522],[-81.113,27.525],[-81.075,27.535],[-81.025,27.547],[-80.975,27.557],[-80.925,27.564],[-80.875,27.568],[-80.825,27.571],[-80.775,27.571]]]}},{"type":"Feature","properties":{"date":"2001-02-20","label":"20 Feb","yday":51,"tier":"day","major":false},"geometry":{"type":"MultiLineString","coordinates":[[[-82.525,27.277],[-82.475,27.293],[-82.425,27.31],[-82.387,27.325],[-82.375,27.33],[-82.325,27.351],[-82.275,27.375],[-82.274,27.375],[-82.225,27.4],[-82.179,27.425],[-82.175,27.427],[-82.125,27.456],[-82.093,27.475],[-82.075,27.486],[-82.025,27.518],[-82.014,27.525],[-81.975,27.55],[-81.937,27.575],[-81.925,27.583],[-81.875,27.616],[-81.862,27.625],[-81.825,27.65],[-81.786,27.675],[-81.775,27.682],[-81.725,27.714],[-81.707,27.725],[-81.675,27.745],[-81.625,27.774],[-81.623,27.775],[-81.575,27.801],[-81.529,27.825],[-81.525,27.827],[-81.475,27.851],[-81.425,27.874],[-81.424,27.875],[-81.375,27.895],[-81.325,27.915],[-81.3,27.925],[-81.275,27.934],[-81.225,27.95],[-81.175,27.966],[-81.142,27.975],[-81.125,27.98],[-81.075,27.991],[-81.025,28.002],[-80.975,28.01],[-80.925,28.017]]]}},{"type":"Feature","properties":{"date":"2001-02-21","label":"21 Feb","yday":52,"tier":"day","major":false},"geometry":{"type":"MultiLineString","coordinates":[[[-82.525,27.625],[-82.475,27.65],[-82.429,27.675],[-82.425,27.677],[-82.375,27.704],[-82.338,27.725],[-82.325,27.732],[-82.275,27.76],[-82.25,27.775],[-82.225,27.789],[-82.175,27.819],[-82.165,27.825],[-82.125,27.849],[-82.082,27.875],[-82.075,27.879],[-82.025,27.909],[-81.999,27.925],[-81.975,27.939],[-81.925,27.968],[-81.913,27.975],[-81.875,27.996],[-81.825,28.024],[-81.823,28.025],[-81.775,28.05],[-81.725,28.075],[-81.725,28.075],[-81.675,28.098],[-81.625,28.121],[-81.617,28.125],[-81.575,28.143],[-81.525,28.164],[-81.497,28.175],[-81.475,28.184],[-81.425,28.202],[-81.375,28.219],[-81.356,28.225],[-81.325,28.234],[-81.275,28.249],[-81.225,28.262],[-81.175,28.274],[-81.17,28.275],[-81.125,28.284],[-81.075,28.293],[-81.025,28.302],[-80.975,28.309]]]}},{"type":"Feature","properties":{"date":"2001-02-22","label":"22 Feb","yday":53,"tier":"day","major":false},"geometry":{"type":"MultiLineString","coordinates":[[[-82.772,27.822],[-82.765,27.825],[-82.725,27.842],[-82.675,27.865],[-82.653,27.875]],[[-82.531,27.931],[-82.525,27.934],[-82.475,27.958],[-82.441,27.975],[-82.425,27.983],[-82.375,28.008],[-82.342,28.025],[-82.325,28.034],[-82.275,28.06],[-82.247,28.075],[-82.225,28.086],[-82.175,28.113],[-82.152,28.125],[-82.125,28.139],[-82.075,28.166],[-82.057,28.175],[-82.025,28.192],[-81.975,28.217],[-81.96,28.225],[-81.925,28.242],[-81.875,28.266],[-81.857,28.275],[-81.825,28.29],[-81.775,28.313],[-81.747,28.325],[-81.725,28.335],[-81.675,28.355],[-81.626,28.375],[-81.625,28.375],[-81.575,28.394],[-81.525,28.411],[-81.484,28.425],[-81.475,28.428],[-81.425,28.443],[-81.375,28.456],[-81.325,28.469],[-81.3,28.475],[-81.275,28.48],[-81.225,28.49],[-81.175,28.499],[-81.125,28.507],[-81.075,28.514],[-81.025,28.519],[-81.02,28.52]]]}},{"type":"Feature","properties":{"date":"2001-02-23","label":"23 Feb","yday":54,"tier":"day","major":false},"geometry":{"type":"MultiLineString","coordinates":[[[-82.775,28.082],[-82.725,28.102],[-82.675,28.123],[-82.67,28.125],[-82.625,28.144],[-82.575,28.166],[-82.555,28.175],[-82.525,28.188],[-82.475,28.211],[-82.444,28.225],[-82.425,28.234],[-82.375,28.257],[-82.339,28.275],[-82.325,28.281],[-82.275,28.306],[-82.236,28.325],[-82.225,28.33],[-82.175,28.355],[-82.133,28.375],[-82.125,28.379],[-82.075,28.403],[-82.029,28.425],[-82.025,28.427],[-81.975,28.45],[-81.925,28.472],[-81.919,28.475],[-81.875,28.494],[-81.825,28.514],[-81.798,28.525],[-81.775,28.534],[-81.725,28.553],[-81.675,28.571],[-81.662,28.575],[-81.625,28.587],[-81.575,28.602],[-81.525,28.617],[-81.495,28.625],[-81.475,28.63],[-81.425,28.642],[-81.375,28.653],[-81.325,28.663],[-81.275,28.672],[-81.255,28.675],[-81.225,28.68],[-81.175,28.686],[-81.125,28.691],[-81.075,28.696]]]}},{"type":"Feature","properties":{"date":"2001-02-24","label":"24 Feb","yday":55,"tier":"five","major":false},"geometry":{"type":"MultiLineString","coordinates":[[[-82.675,28.359],[-82.635,28.375],[-82.625,28.379],[-82.575,28.399],[-82.525,28.42],[-82.512,28.425],[-82.475,28.441],[-82.425,28.462],[-82.397,28.475],[-82.375,28.485],[-82.325,28.508],[-82.288,28.525],[-82.275,28.531],[-82.225,28.554],[-82.177,28.575],[-82.175,28.576],[-82.125,28.598],[-82.075,28.619],[-82.062,28.625],[-82.025,28.64],[-81.975,28.66],[-81.938,28.675],[-81.925,28.68],[-81.875,28.698],[-81.825,28.716],[-81.797,28.725],[-81.775,28.732],[-81.725,28.747],[-81.675,28.762],[-81.625,28.775],[-81.625,28.775],[-81.575,28.787],[-81.525,28.798],[-81.475,28.808],[-81.425,28.818],[-81.383,28.825],[-81.375,28.826],[-81.325,28.834],[-81.275,28.84],[-81.225,28.846],[-81.175,28.851],[-81.125,28.854],[-81.075,28.858],[-81.041,28.859]]]}},{"type":"Feature","properties":{"date":"2001-02-25","label":"25 Feb","yday":56,"tier":"day","major":false},"geometry":{"type":"MultiLineString","coordinates":[[[-82.625,28.608],[-82.581,28.625],[-82.575,28.627],[-82.525,28.647],[-82.475,28.667],[-82.456,28.675],[-82.425,28.687],[-82.375,28.707],[-82.331,28.725],[-82.325,28.727],[-82.275,28.747],[-82.225,28.767],[-82.203,28.775],[-82.175,28.786],[-82.125,28.804],[-82.075,28.822],[-82.068,28.825],[-82.025,28.84],[-81.975,28.856],[-81.925,28.873],[-81.917,28.875],[-81.875,28.888],[-81.825,28.902],[-81.775,28.915],[-81.732,28.925],[-81.725,28.927],[-81.675,28.938],[-81.625,28.948],[-81.575,28.957],[-81.525,28.966],[-81.475,28.973],[-81.464,28.975],[-81.425,28.98],[-81.375,28.986],[-81.325,28.992],[-81.275,28.996],[-81.225,29.0],[-81.175,29.004],[-81.125,29.006],[-81.075,29.008],[-81.025,29.01]]]}},{"type":"Feature","properties":{"date":"2001-02-26","label":"26 Feb","yday":57,"tier":"day","major":false},"geometry":{"type":"MultiLineString","coordinates":[[[-82.625,28.837],[-82.575,28.855],[-82.525,28.872],[-82.517,28.875],[-82.475,28.89],[-82.425,28.907],[-82.375,28.924],[-82.371,28.925],[-82.325,28.94],[-82.275,28.956],[-82.225,28.972],[-82.215,28.975],[-82.175,28.987],[-82.125,29.002],[-82.075,29.017],[-82.046,29.025],[-82.025,29.031],[-81.975,29.044],[-81.925,29.057],[-81.875,29.069],[-81.847,29.075],[-81.825,29.08],[-81.775,29.09],[-81.725,29.099],[-81.675,29.107],[-81.625,29.115],[-81.575,29.122],[-81.548,29.125],[-81.525,29.128],[-81.475,29.133],[-81.425,29.138],[-81.375,29.142],[-81.325,29.145],[-81.275,29.148],[-81.225,29.151],[-81.175,29.153],[-81.125,29.154],[-81.075,29.156],[-81.025,29.157],[-80.975,29.158]]]}},{"type":"Feature","properties":{"date":"2001-02-27","label":"27 Feb","yday":58,"tier":"day","major":false},"geometry":{"type":"MultiLineString","coordinates":[[[-82.725,29.035],[-82.675,29.052],[-82.625,29.068],[-82.602,29.075],[-82.575,29.084],[-82.525,29.099],[-82.475,29.113],[-82.433,29.125],[-82.425,29.127],[-82.375,29.141],[-82.325,29.154],[-82.275,29.166],[-82.238,29.175],[-82.225,29.178],[-82.175,29.191],[-82.125,29.203],[-82.075,29.214],[-82.025,29.225],[-82.023,29.225],[-81.975,29.235],[-81.925,29.244],[-81.875,29.252],[-81.825,29.259],[-81.775,29.266],[-81.725,29.272],[-81.697,29.275],[-81.675,29.277],[-81.625,29.282],[-81.575,29.286],[-81.525,29.29],[-81.475,29.293],[-81.425,29.296],[-81.375,29.298],[-81.325,29.3],[-81.275,29.301],[-81.225,29.303],[-81.175,29.304],[-81.125,29.304],[-81.075,29.305]]]}},{"type":"Feature","properties":{"date":"2001-02-28","label":"28 Feb","yday":59,"tier":"day","major":false},"geometry":{"type":"MultiLineString","coordinates":[[[-82.913,29.213],[-82.88,29.225],[-82.875,29.227],[-82.825,29.245],[-82.775,29.263],[-82.739,29.275],[-82.725,29.28],[-82.675,29.296],[-82.625,29.311],[-82.576,29.325],[-82.575,29.325],[-82.525,29.339],[-82.475,29.351],[-82.425,29.363],[-82.375,29.374],[-82.37,29.375],[-82.325,29.384],[-82.275,29.394],[-82.225,29.402],[-82.175,29.41],[-82.125,29.417],[-82.075,29.423],[-82.06,29.425],[-82.025,29.429],[-81.975,29.434],[-81.925,29.438],[-81.875,29.442],[-81.825,29.445],[-81.775,29.447],[-81.725,29.449],[-81.675,29.451],[-81.625,29.452],[-81.575,29.454],[-81.525,29.455],[-81.475,29.455],[-81.425,29.456],[-81.375,29.456],[-81.325,29.457],[-81.275,29.457],[-81.225,29.457],[-81.175,29.457],[-81.125,29.457]]]}},{"type":"Feature","properties":{"date":"2001-03-01","label":"1 Mar","yday":60,"tier":"index","major":true},"geometry":{"type":"MultiLineString","coordinates":[[[-83.162,29.362],[-83.133,29.375],[-83.125,29.379],[-83.075,29.402],[-83.025,29.424],[-83.024,29.425],[-82.975,29.446],[-82.925,29.467],[-82.906,29.475],[-82.875,29.488],[-82.825,29.507],[-82.776,29.525],[-82.775,29.525],[-82.725,29.543],[-82.675,29.559],[-82.625,29.573],[-82.618,29.575],[-82.575,29.587],[-82.525,29.598],[-82.475,29.609],[-82.425,29.618],[-82.38,29.625],[-82.375,29.626],[-82.325,29.632],[-82.275,29.637],[-82.225,29.64],[-82.175,29.643],[-82.125,29.644],[-82.075,29.644],[-82.025,29.644],[-81.975,29.643],[-81.925,29.641],[-81.875,29.639],[-81.825,29.637],[-81.775,29.635],[-81.725,29.632],[-81.675,29.63],[-81.625,29.627],[-81.575,29.625],[-81.575,29.625],[-81.525,29.623],[-81.475,29.621],[-81.425,29.619],[-81.375,29.618],[-81.325,29.617],[-81.275,29.615],[-81.225,29.615],[-81.214,29.614]]]}},{"type":"Feature","properties":{"date":"2001-03-02","label":"2 Mar","yday":61,"tier":"day","major":false},"geometry":{"type":"MultiLineString","coordinates":[[[-83.34,29.525],[-83.325,29.533],[-83.275,29.561],[-83.25,29.575],[-83.225,29.589],[-83.175,29.616],[-83.159,29.625],[-83.125,29.643],[-83.075,29.67],[-83.064,29.675],[-83.025,29.695],[-82.975,29.72],[-82.964,29.725],[-82.925,29.743],[-82.875,29.765],[-82.852,29.775],[-82.825,29.786],[-82.775,29.805],[-82.725,29.823],[-82.718,29.825],[-82.675,29.838],[-82.625,29.852],[-82.575,29.864],[-82.525,29.874],[-82.517,29.875],[-82.475,29.881],[-82.425,29.887],[-82.375,29.891],[-82.325,29.893],[-82.275,29.893],[-82.225,29.892],[-82.175,29.888],[-82.125,29.884],[-82.075,29.878],[-82.056,29.875],[-82.025,29.871],[-81.975,29.863],[-81.925,29.855],[-81.875,29.846],[-81.825,29.838],[-81.775,29.829],[-81.748,29.825],[-81.725,29.821],[-81.675,29.814],[-81.625,29.807],[-81.575,29.801],[-81.525,29.796],[-81.475,29.791],[-81.425,29.787],[-81.375,29.783],[-81.325,29.781],[-81.275,29.778]]]}},{"type":"Feature","properties":{"date":"2001-03-03","label":"3 Mar","yday":62,"tier":"day","major":false},"geometry":{"type":"MultiLineString","coordinates":[[[-83.456,29.706],[-83.427,29.725],[-83.425,29.726],[-83.375,29.759],[-83.35,29.775],[-83.325,29.791],[-83.275,29.823],[-83.272,29.825],[-83.225,29.855],[-83.194,29.875],[-83.175,29.887],[-83.125,29.918],[-83.112,29.925],[-83.075,29.947],[-83.027,29.975],[-83.025,29.976],[-82.975,30.003],[-82.932,30.025],[-82.925,30.028],[-82.875,30.052],[-82.825,30.073],[-82.821,30.075],[-82.775,30.093],[-82.725,30.11],[-82.675,30.125],[-82.674,30.125],[-82.625,30.137],[-82.575,30.147],[-82.525,30.155],[-82.475,30.16],[-82.425,30.163],[-82.375,30.164],[-82.325,30.163],[-82.275,30.16],[-82.225,30.154],[-82.175,30.147],[-82.125,30.138],[-82.075,30.127],[-82.066,30.125],[-82.025,30.115],[-81.975,30.1],[-81.925,30.084],[-81.898,30.075],[-81.875,30.067],[-81.825,30.05],[-81.775,30.034],[-81.746,30.025],[-81.725,30.019],[-81.675,30.006],[-81.625,29.994],[-81.575,29.984],[-81.525,29.976],[-81.52,29.975],[-81.475,29.968],[-81.425,29.962],[-81.375,29.956],[-81.325,29.952]]]}},{"type":"Feature","properties":{"date":"2001-03-04","label":"4 Mar","yday":63,"tier":"day","major":false},"geometry":{"type":"MultiLineString","coordinates":[[[-83.6,29.85],[-83.575,29.869],[-83.566,29.875],[-83.525,29.905],[-83.497,29.925],[-83.475,29.941],[-83.429,29.975],[-83.425,29.978],[-83.375,30.014],[-83.36,30.025],[-83.325,30.051],[-83.292,30.075],[-83.275,30.087],[-83.225,30.122],[-83.221,30.125],[-83.175,30.157],[-83.147,30.175],[-83.125,30.19],[-83.075,30.221],[-83.069,30.225],[-83.025,30.251],[-82.982,30.275],[-82.975,30.279],[-82.925,30.304],[-82.88,30.325],[-82.875,30.328],[-82.825,30.348],[-82.775,30.367],[-82.749,30.375],[-82.725,30.383],[-82.675,30.396],[-82.625,30.407],[-82.575,30.416],[-82.525,30.422],[-82.486,30.425],[-82.475,30.426],[-82.425,30.427],[-82.375,30.426],[-82.355,30.425],[-82.325,30.423],[-82.275,30.418],[-82.225,30.41],[-82.175,30.4],[-82.125,30.388],[-82.076,30.375],[-82.075,30.375],[-82.025,30.359],[-81.975,30.342],[-81.93,30.325],[-81.925,30.323],[-81.875,30.302],[-81.825,30.278],[-81.819,30.275],[-81.775,30.253],[-81.725,30.227],[-81.72,30.225],[-81.675,30.207],[-81.625,30.192],[-81.575,30.18],[-81.549,30.175],[-81.525,30.171],[-81.475,30.162],[-81.425,30.155],[-81.375,30.148]]]}},{"type":"Feature","properties":{"date":"2001-03-05","label":"5 Mar","yday":64,"tier":"day","major":false},"geometry":{"type":"MultiLineString","coordinates":[[[-83.742,29.975],[-83.725,29.988],[-83.676,30.025],[-83.675,30.026],[-83.625,30.064],[-83.611,30.075],[-83.575,30.104],[-83.548,30.125],[-83.525,30.143],[-83.485,30.175],[-83.475,30.183],[-83.425,30.223],[-83.422,30.225],[-83.375,30.262],[-83.358,30.275],[-83.325,30.3],[-83.292,30.325],[-83.275,30.337],[-83.225,30.374],[-83.223,30.375],[-83.175,30.408],[-83.149,30.425],[-83.125,30.44],[-83.075,30.471],[-83.068,30.475],[-83.025,30.499],[-82.975,30.525],[-82.975,30.525],[-82.925,30.548],[-82.875,30.57],[-82.861,30.575],[-82.825,30.588],[-82.775,30.605],[-82.725,30.619],[-82.703,30.625],[-82.675,30.632],[-82.625,30.642],[-82.575,30.65],[-82.525,30.656],[-82.475,30.661],[-82.425,30.663],[-82.375,30.662],[-82.325,30.66],[-82.275,30.655],[-82.225,30.648],[-82.175,30.639],[-82.125,30.628],[-82.115,30.625],[-82.075,30.614],[-82.025,30.599],[-81.975,30.581],[-81.959,30.575],[-81.925,30.562],[-81.875,30.541],[-81.837,30.525],[-81.825,30.52],[-81.775,30.497],[-81.726,30.475],[-81.725,30.475],[-81.675,30.454],[-81.625,30.434],[-81.597,30.425],[-81.575,30.418],[-81.525,30.403],[-81.475,30.39],[-81.425,30.379]]]}},{"type":"Feature","properties":{"date":"2001-03-06","label":"6 Mar","yday":65,"tier":"five","major":false},"geometry":{"type":"MultiLineString","coordinates":[[[-83.91,30.06],[-83.891,30.075],[-83.875,30.087],[-83.825,30.125],[-83.825,30.125],[-83.775,30.164],[-83.761,30.175],[-83.725,30.204],[-83.699,30.225],[-83.675,30.245],[-83.638,30.275],[-83.625,30.286],[-83.577,30.325],[-83.575,30.327],[-83.525,30.368],[-83.516,30.375],[-83.475,30.408],[-83.454,30.425],[-83.425,30.448],[-83.39,30.475],[-83.375,30.486],[-83.325,30.524],[-83.323,30.525],[-83.275,30.559],[-83.252,30.575],[-83.225,30.593],[-83.176,30.625],[-83.175,30.625],[-83.125,30.655],[-83.088,30.675],[-83.075,30.682],[-83.025,30.707],[-82.985,30.725],[-82.975,30.73],[-82.925,30.75],[-82.875,30.768],[-82.855,30.775],[-82.825,30.785],[-82.775,30.799],[-82.725,30.813],[-82.676,30.825],[-82.675,30.825],[-82.625,30.836],[-82.575,30.845],[-82.525,30.852],[-82.475,30.858],[-82.425,30.862],[-82.375,30.865],[-82.325,30.865],[-82.275,30.863],[-82.225,30.86],[-82.175,30.854],[-82.125,30.846],[-82.075,30.836],[-82.029,30.825],[-82.025,30.824],[-81.975,30.81],[-81.925,30.794],[-81.875,30.777],[-81.869,30.775],[-81.825,30.759],[-81.775,30.739],[-81.739,30.725],[-81.725,30.719],[-81.675,30.699],[-81.625,30.679],[-81.614,30.675],[-81.575,30.66],[-81.525,30.642],[-81.476,30.625],[-81.475,30.625]]]}},{"type":"Feature","properties":{"date":"2001-03-07","label":"7 Mar","yday":66,"tier":"day","major":false},"geometry":{"type":"MultiLineString","coordinates":[[[-85.197,29.697],[-85.175,29.699],[-85.125,29.703],[-85.093,29.707]],[[-84.428,29.925],[-84.426,29.926]],[[-84.422,29.928],[-84.375,29.952]],[[-84.091,30.125],[-84.075,30.136],[-84.025,30.171],[-84.02,30.175],[-83.975,30.208],[-83.953,30.225],[-83.925,30.246],[-83.889,30.275],[-83.875,30.286],[-83.826,30.325],[-83.825,30.326],[-83.775,30.366],[-83.764,30.375],[-83.725,30.407],[-83.703,30.425],[-83.675,30.448],[-83.642,30.475],[-83.625,30.489],[-83.58,30.525],[-83.575,30.529],[-83.525,30.568],[-83.517,30.575],[-83.475,30.607],[-83.451,30.625],[-83.425,30.644],[-83.382,30.675],[-83.375,30.68],[-83.325,30.714],[-83.309,30.725],[-83.275,30.747],[-83.229,30.775],[-83.225,30.777],[-83.175,30.805],[-83.137,30.825],[-83.125,30.831],[-83.075,30.854],[-83.025,30.875],[-83.025,30.875],[-82.975,30.894],[-82.925,30.911],[-82.883,30.925],[-82.875,30.927],[-82.825,30.942],[-82.775,30.956],[-82.725,30.97],[-82.704,30.975],[-82.675,30.982],[-82.625,30.994],[-82.575,31.004],[-82.525,31.014],[-82.475,31.022],[-82.455,31.025],[-82.425,31.029],[-82.375,31.034],[-82.325,31.037],[-82.275,31.038],[-82.225,31.038],[-82.175,31.036],[-82.125,31.031],[-82.075,31.026],[-82.069,31.025],[-82.025,31.018],[-81.975,31.009],[-81.925,30.998],[-81.875,30.986],[-81.836,30.975],[-81.825,30.972],[-81.775,30.956],[-81.725,30.939],[-81.687,30.925],[-81.675,30.921],[-81.625,30.902],[-81.575,30.883],[-81.555,30.875],[-81.525,30.864],[-81.475,30.845]]]}},{"type":"Feature","properties":{"date":"2001-03-08","label":"8 Mar","yday":67,"tier":"day","major":false},"geometry":{"type":"MultiLineString","coordinates":[[[-85.296,29.846],[-85.275,29.847],[-85.225,29.85],[-85.175,29.855],[-85.125,29.86],[-85.075,29.868],[-85.034,29.875],[-85.025,29.877],[-84.975,29.887],[-84.925,29.9],[-84.875,29.914],[-84.838,29.925],[-84.825,29.929],[-84.775,29.946],[-84.725,29.964],[-84.696,29.975],[-84.675,29.983],[-84.625,30.003],[-84.575,30.025],[-84.575,30.025],[-84.525,30.048],[-84.475,30.072],[-84.469,30.075],[-84.425,30.098],[-84.375,30.124],[-84.374,30.125],[-84.325,30.153],[-84.287,30.175],[-84.275,30.182],[-84.225,30.214],[-84.208,30.225],[-84.175,30.247],[-84.134,30.275],[-84.125,30.281],[-84.075,30.317],[-84.065,30.325],[-84.025,30.355],[-83.999,30.375],[-83.975,30.393],[-83.934,30.425],[-83.925,30.432],[-83.875,30.472],[-83.871,30.475],[-83.825,30.512],[-83.808,30.525],[-83.775,30.551],[-83.745,30.575],[-83.725,30.591],[-83.681,30.625],[-83.675,30.63],[-83.625,30.668],[-83.616,30.675],[-83.575,30.705],[-83.548,30.725],[-83.525,30.741],[-83.477,30.775],[-83.475,30.776],[-83.425,30.81],[-83.402,30.825],[-83.375,30.842],[-83.325,30.872],[-83.321,30.875],[-83.275,30.901],[-83.231,30.925],[-83.225,30.928],[-83.175,30.952],[-83.125,30.973],[-83.12,30.975],[-83.075,30.992],[-83.025,31.01],[-82.981,31.025],[-82.975,31.027],[-82.925,31.043],[-82.875,31.058],[-82.825,31.073],[-82.816,31.075],[-82.775,31.086],[-82.725,31.1],[-82.675,31.113],[-82.627,31.125],[-82.625,31.125],[-82.575,31.137],[-82.525,31.148],[-82.475,31.159],[-82.425,31.168],[-82.378,31.175],[-82.375,31.175],[-82.325,31.18],[-82.275,31.184],[-82.225,31.186],[-82.175,31.186],[-82.125,31.185],[-82.075,31.184],[-82.025,31.181],[-81.975,31.176],[-81.961,31.175],[-81.925,31.171],[-81.875,31.164],[-81.825,31.155],[-81.775,31.145],[-81.725,31.134],[-81.692,31.125],[-81.675,31.12],[-81.625,31.105],[-81.575,31.087],[-81.543,31.075],[-81.525,31.068],[-81.475,31.049],[-81.425,31.03]]]}},{"type":"Feature","properties":{"date":"2001-03-09","label":"9 Mar","yday":68,"tier":"day","major":false},"geometry":{"type":"MultiLineString","coordinates":[[[-85.46,29.99],[-85.425,29.991],[-85.375,29.993],[-85.325,29.995],[-85.275,29.999],[-85.225,30.004],[-85.175,30.01],[-85.125,30.017],[-85.081,30.025],[-85.075,30.026],[-85.025,30.036],[-84.975,30.048],[-84.925,30.061],[-84.875,30.075],[-84.875,30.075],[-84.825,30.091],[-84.775,30.108],[-84.728,30.125],[-84.725,30.126],[-84.675,30.146],[-84.625,30.166],[-84.605,30.175],[-84.575,30.188],[-84.525,30.212],[-84.498,30.225],[-84.475,30.236],[-84.425,30.262],[-84.401,30.275],[-84.375,30.289],[-84.325,30.319],[-84.315,30.325],[-84.275,30.35],[-84.237,30.375],[-84.225,30.383],[-84.175,30.417],[-84.165,30.425],[-84.125,30.453],[-84.096,30.475],[-84.075,30.49],[-84.029,30.525],[-84.025,30.528],[-83.975,30.566],[-83.963,30.575],[-83.925,30.603],[-83.897,30.625],[-83.875,30.641],[-83.83,30.675],[-83.825,30.679],[-83.775,30.716],[-83.763,30.725],[-83.725,30.752],[-83.693,30.775],[-83.675,30.787],[-83.625,30.822],[-83.621,30.825],[-83.575,30.855],[-83.545,30.875],[-83.525,30.887],[-83.475,30.918],[-83.464,30.925],[-83.425,30.948],[-83.377,30.975],[-83.375,30.976],[-83.325,31.002],[-83.279,31.025],[-83.275,31.027],[-83.225,31.049],[-83.175,31.07],[-83.162,31.075],[-83.125,31.089],[-83.075,31.107],[-83.025,31.124],[-83.021,31.125],[-82.975,31.14],[-82.925,31.155],[-82.875,31.17],[-82.858,31.175],[-82.825,31.184],[-82.775,31.198],[-82.725,31.212],[-82.675,31.225],[-82.675,31.225],[-82.625,31.238],[-82.575,31.25],[-82.525,31.262],[-82.475,31.273],[-82.467,31.275],[-82.425,31.283],[-82.375,31.292],[-82.325,31.298],[-82.275,31.304],[-82.225,31.309],[-82.175,31.312],[-82.125,31.315],[-82.075,31.317],[-82.025,31.318],[-81.975,31.318],[-81.925,31.317],[-81.875,31.315],[-81.825,31.312],[-81.775,31.308],[-81.725,31.302],[-81.675,31.296],[-81.625,31.288],[-81.575,31.278],[-81.559,31.275],[-81.525,31.267],[-81.475,31.253],[-81.425,31.235],[-81.399,31.225],[-81.375,31.215],[-81.346,31.204]]]}},{"type":"Feature","properties":{"date":"2001-03-10","label":"10 Mar","yday":69,"tier":"day","major":false},"geometry":{"type":"MultiLineString","coordinates":[[[-85.675,30.127],[-85.625,30.127],[-85.575,30.127],[-85.572,30.128]],[[-85.48,30.13],[-85.475,30.13],[-85.425,30.133],[-85.375,30.136],[-85.325,30.14],[-85.275,30.145],[-85.225,30.152],[-85.175,30.159],[-85.125,30.168],[-85.087,30.175],[-85.075,30.177],[-85.025,30.188],[-84.975,30.201],[-84.925,30.214],[-84.89,30.225],[-84.875,30.229],[-84.825,30.246],[-84.775,30.263],[-84.743,30.275],[-84.725,30.282],[-84.675,30.301],[-84.625,30.323],[-84.62,30.325],[-84.575,30.345],[-84.525,30.369],[-84.512,30.375],[-84.475,30.394],[-84.425,30.421],[-84.417,30.425],[-84.375,30.449],[-84.333,30.475],[-84.325,30.48],[-84.275,30.512],[-84.256,30.525],[-84.225,30.546],[-84.183,30.575],[-84.175,30.58],[-84.125,30.615],[-84.111,30.625],[-84.075,30.651],[-84.041,30.675],[-84.025,30.686],[-83.975,30.722],[-83.971,30.725],[-83.925,30.757],[-83.9,30.775],[-83.875,30.792],[-83.827,30.825],[-83.825,30.826],[-83.775,30.86],[-83.752,30.875],[-83.725,30.892],[-83.675,30.924],[-83.674,30.925],[-83.625,30.955],[-83.591,30.975],[-83.575,30.984],[-83.525,31.012],[-83.503,31.025],[-83.475,31.04],[-83.425,31.065],[-83.406,31.075],[-83.375,31.09],[-83.325,31.113],[-83.297,31.125],[-83.275,31.134],[-83.225,31.154],[-83.175,31.174],[-83.171,31.175],[-83.125,31.191],[-83.075,31.208],[-83.025,31.225],[-83.025,31.225],[-82.975,31.24],[-82.925,31.256],[-82.875,31.27],[-82.859,31.275],[-82.825,31.284],[-82.775,31.298],[-82.725,31.311],[-82.675,31.325],[-82.673,31.325],[-82.625,31.337],[-82.575,31.349],[-82.525,31.361],[-82.475,31.372],[-82.461,31.375],[-82.425,31.383],[-82.375,31.392],[-82.325,31.401],[-82.275,31.41],[-82.225,31.417],[-82.175,31.424],[-82.163,31.425],[-82.125,31.429],[-82.075,31.434],[-82.025,31.438],[-81.975,31.442],[-81.925,31.444],[-81.875,31.446],[-81.825,31.446],[-81.775,31.446],[-81.725,31.445],[-81.675,31.442],[-81.625,31.439],[-81.575,31.434],[-81.525,31.428],[-81.503,31.425],[-81.475,31.42],[-81.425,31.411],[-81.375,31.399],[-81.341,31.391]],[[-89.631,30.181],[-89.625,30.18],[-89.602,30.175]]]}},{"type":"Feature","properties":{"date":"2001-03-11","label":"11 Mar","yday":70,"tier":"five","major":false},"geometry":{"type":"MultiLineString","coordinates":[[[-85.91,30.26],[-85.875,30.259],[-85.858,30.258]],[[-85.655,30.255],[-85.625,30.256],[-85.575,30.257],[-85.525,30.259],[-85.475,30.262],[-85.425,30.266],[-85.375,30.27],[-85.335,30.275],[-85.325,30.276],[-85.275,30.283],[-85.225,30.29],[-85.175,30.299],[-85.125,30.309],[-85.075,30.32],[-85.053,30.325],[-85.025,30.332],[-84.975,30.345],[-84.925,30.36],[-84.876,30.375],[-84.875,30.375],[-84.825,30.392],[-84.775,30.41],[-84.737,30.425],[-84.725,30.43],[-84.675,30.45],[-84.625,30.472],[-84.618,30.475],[-84.575,30.495],[-84.525,30.52],[-84.515,30.525],[-84.475,30.546],[-84.425,30.574],[-84.423,30.575],[-84.375,30.603],[-84.339,30.625],[-84.325,30.633],[-84.275,30.665],[-84.259,30.675],[-84.225,30.697],[-84.182,30.725],[-84.175,30.73],[-84.125,30.763],[-84.107,30.775],[-84.075,30.796],[-84.031,30.825],[-84.025,30.829],[-83.975,30.862],[-83.955,30.875],[-83.925,30.894],[-83.877,30.925],[-83.875,30.926],[-83.825,30.957],[-83.795,30.975],[-83.775,30.987],[-83.725,31.016],[-83.709,31.025],[-83.675,31.044],[-83.625,31.071],[-83.618,31.075],[-83.575,31.097],[-83.525,31.123],[-83.52,31.125],[-83.475,31.146],[-83.425,31.169],[-83.413,31.175],[-83.375,31.191],[-83.325,31.212],[-83.292,31.225],[-83.275,31.232],[-83.225,31.25],[-83.175,31.268],[-83.156,31.275],[-83.125,31.286],[-83.075,31.302],[-83.025,31.318],[-83.003,31.325],[-82.975,31.333],[-82.925,31.348],[-82.875,31.363],[-82.832,31.375],[-82.825,31.377],[-82.775,31.39],[-82.725,31.403],[-82.675,31.416],[-82.64,31.425],[-82.625,31.429],[-82.575,31.44],[-82.525,31.452],[-82.475,31.464],[-82.428,31.475],[-82.425,31.476],[-82.375,31.487],[-82.325,31.498],[-82.275,31.509],[-82.225,31.518],[-82.187,31.525],[-82.175,31.527],[-82.125,31.535],[-82.075,31.542],[-82.025,31.549],[-81.975,31.554],[-81.925,31.559],[-81.875,31.563],[-81.825,31.566],[-81.775,31.568],[-81.725,31.569],[-81.675,31.57],[-81.625,31.569],[-81.575,31.567],[-81.525,31.565],[-81.475,31.56],[-81.425,31.555],[-81.375,31.548],[-81.325,31.54],[-81.275,31.531],[-81.248,31.525],[-81.225,31.52],[-81.189,31.511]],[[-89.975,30.305],[-89.925,30.301],[-89.875,30.296],[-89.825,30.289],[-89.775,30.282],[-89.732,30.275],[-89.725,30.274],[-89.675,30.265],[-89.625,30.256],[-89.575,30.246],[-89.525,30.236],[-89.475,30.226],[-89.468,30.225]]]}},{"type":"Feature","properties":{"date":"2001-03-12","label":"12 Mar","yday":71,"tier":"day","major":false},"geometry":{"type":"MultiLineString","coordinates":[[[-87.764,30.314],[-87.725,30.317],[-87.675,30.322],[-87.633,30.325],[-87.625,30.326],[-87.575,30.33],[-87.525,30.334],[-87.475,30.339],[-87.442,30.342]],[[-87.405,30.345],[-87.375,30.348],[-87.325,30.354],[-87.275,30.36],[-87.261,30.361]],[[-90.125,30.385],[-90.075,30.383],[-90.025,30.381],[-89.975,30.378],[-89.941,30.375],[-89.925,30.374],[-89.875,30.369],[-89.825,30.363],[-89.775,30.356],[-89.725,30.349],[-89.675,30.341],[-89.625,30.332],[-89.587,30.325],[-89.575,30.323],[-89.525,30.313],[-89.475,30.304],[-89.425,30.294],[-89.409,30.291]],[[-86.925,30.412],[-86.883,30.417]],[[-86.239,30.411],[-86.225,30.41],[-86.208,30.408]],[[-86.104,30.396],[-86.075,30.394],[-86.025,30.389],[-85.975,30.385],[-85.925,30.382],[-85.875,30.379],[-85.825,30.377],[-85.775,30.376],[-85.725,30.375],[-85.675,30.375],[-85.625,30.376],[-85.575,30.378],[-85.525,30.381],[-85.475,30.385],[-85.425,30.39],[-85.375,30.396],[-85.325,30.403],[-85.275,30.411],[-85.225,30.42],[-85.199,30.425],[-85.175,30.43],[-85.125,30.441],[-85.075,30.453],[-85.025,30.466],[-84.995,30.475],[-84.975,30.481],[-84.925,30.496],[-84.875,30.512],[-84.839,30.525],[-84.825,30.53],[-84.775,30.549],[-84.725,30.569],[-84.71,30.575],[-84.675,30.59],[-84.625,30.612],[-84.599,30.625],[-84.575,30.636],[-84.525,30.661],[-84.499,30.675],[-84.475,30.688],[-84.425,30.715],[-84.409,30.725],[-84.375,30.744],[-84.325,30.774],[-84.323,30.775],[-84.275,30.804],[-84.241,30.825],[-84.225,30.834],[-84.175,30.865],[-84.16,30.875],[-84.125,30.896],[-84.079,30.925],[-84.075,30.927],[-84.025,30.957],[-83.996,30.975],[-83.975,30.988],[-83.925,31.017],[-83.911,31.025],[-83.875,31.045],[-83.825,31.074],[-83.822,31.075],[-83.775,31.1],[-83.728,31.125],[-83.725,31.127],[-83.675,31.152],[-83.627,31.175],[-83.625,31.176],[-83.575,31.199],[-83.525,31.222],[-83.518,31.225],[-83.475,31.244],[-83.425,31.264],[-83.399,31.275],[-83.375,31.284],[-83.325,31.304],[-83.275,31.322],[-83.268,31.325],[-83.225,31.34],[-83.175,31.357],[-83.125,31.374],[-83.122,31.375],[-83.075,31.39],[-83.025,31.406],[-82.975,31.421],[-82.962,31.425],[-82.925,31.436],[-82.875,31.45],[-82.825,31.464],[-82.786,31.475],[-82.775,31.478],[-82.725,31.491],[-82.675,31.504],[-82.625,31.516],[-82.59,31.525],[-82.575,31.529],[-82.525,31.541],[-82.475,31.554],[-82.425,31.567],[-82.395,31.575],[-82.375,31.58],[-82.325,31.593],[-82.275,31.605],[-82.225,31.616],[-82.182,31.625],[-82.175,31.626],[-82.125,31.636],[-82.075,31.644],[-82.025,31.652],[-81.975,31.659],[-81.925,31.665],[-81.875,31.671],[-81.83,31.675],[-81.825,31.675],[-81.775,31.679],[-81.725,31.682],[-81.675,31.684],[-81.625,31.685],[-81.575,31.686],[-81.525,31.685],[-81.475,31.684],[-81.425,31.681],[-81.375,31.678],[-81.346,31.675],[-81.325,31.673],[-81.275,31.666],[-81.239,31.661]],[[-86.807,30.425],[-86.775,30.428],[-86.725,30.432],[-86.675,30.434],[-86.625,30.437],[-86.613,30.437]]]}},{"type":"Feature","properties":{"date":"2001-03-13","label":"13 Mar","yday":72,"tier":"day","major":false},"geometry":{"type":"MultiLineString","coordinates":[[[-88.501,30.351],[-88.475,30.354],[-88.443,30.357]],[[-90.766,30.416],[-90.725,30.421],[-90.697,30.425],[-90.675,30.428],[-90.625,30.433],[-90.575,30.438],[-90.525,30.443],[-90.475,30.447],[-90.425,30.45],[-90.375,30.453],[-90.346,30.454]],[[-88.229,30.379],[-88.225,30.38],[-88.175,30.385],[-88.125,30.39]],[[-87.865,30.415],[-87.825,30.419],[-87.775,30.424],[-87.764,30.425],[-87.725,30.429],[-87.675,30.434],[-87.625,30.439],[-87.575,30.445],[-87.525,30.45],[-87.475,30.456],[-87.425,30.462],[-87.382,30.468]],[[-90.157,30.457],[-90.125,30.457],[-90.075,30.455],[-90.025,30.453],[-89.975,30.45],[-89.925,30.446],[-89.875,30.442],[-89.825,30.436],[-89.775,30.43],[-89.739,30.425],[-89.725,30.423],[-89.675,30.416],[-89.625,30.408],[-89.575,30.399],[-89.525,30.39],[-89.475,30.381],[-89.44,30.375],[-89.425,30.372],[-89.375,30.363],[-89.325,30.354],[-89.275,30.346],[-89.225,30.337],[-89.214,30.336]],[[-87.369,30.469],[-87.328,30.475],[-87.325,30.475],[-87.275,30.483],[-87.225,30.491],[-87.175,30.499]],[[-86.985,30.535],[-86.975,30.536],[-86.925,30.544],[-86.875,30.551],[-86.825,30.557],[-86.775,30.562],[-86.725,30.566],[-86.675,30.57],[-86.625,30.573],[-86.575,30.574],[-86.525,30.573],[-86.475,30.568],[-86.425,30.561],[-86.375,30.553],[-86.325,30.545],[-86.275,30.537],[-86.225,30.529],[-86.199,30.525],[-86.175,30.521],[-86.125,30.514],[-86.075,30.508],[-86.025,30.502],[-85.975,30.497],[-85.925,30.493],[-85.875,30.49],[-85.825,30.488],[-85.775,30.486],[-85.725,30.486],[-85.675,30.487],[-85.625,30.488],[-85.575,30.491],[-85.525,30.495],[-85.475,30.5],[-85.425,30.506],[-85.375,30.513],[-85.325,30.521],[-85.305,30.525],[-85.275,30.53],[-85.225,30.541],[-85.175,30.552],[-85.125,30.564],[-85.085,30.575],[-85.075,30.578],[-85.025,30.592],[-84.975,30.607],[-84.925,30.623],[-84.92,30.625],[-84.875,30.64],[-84.825,30.659],[-84.783,30.675],[-84.775,30.678],[-84.725,30.698],[-84.675,30.72],[-84.665,30.725],[-84.625,30.743],[-84.575,30.767],[-84.56,30.775],[-84.525,30.792],[-84.475,30.819],[-84.463,30.825],[-84.425,30.846],[-84.375,30.874],[-84.373,30.875],[-84.325,30.902],[-84.285,30.925],[-84.275,30.931],[-84.225,30.96],[-84.199,30.975],[-84.175,30.989],[-84.125,31.018],[-84.113,31.025],[-84.075,31.046],[-84.025,31.074],[-84.024,31.075],[-83.975,31.102],[-83.932,31.125],[-83.925,31.129],[-83.875,31.154],[-83.834,31.175],[-83.825,31.18],[-83.775,31.204],[-83.73,31.225],[-83.725,31.227],[-83.675,31.25],[-83.625,31.272],[-83.618,31.275],[-83.575,31.293],[-83.525,31.314],[-83.498,31.325],[-83.475,31.334],[-83.425,31.353],[-83.375,31.372],[-83.367,31.375],[-83.325,31.39],[-83.275,31.408],[-83.225,31.425],[-83.225,31.425],[-83.175,31.442],[-83.125,31.458],[-83.075,31.474],[-83.071,31.475],[-83.025,31.489],[-82.975,31.505],[-82.925,31.52],[-82.907,31.525],[-82.875,31.534],[-82.825,31.549],[-82.775,31.563],[-82.73,31.575],[-82.725,31.576],[-82.675,31.59],[-82.625,31.604],[-82.575,31.617],[-82.546,31.625],[-82.525,31.631],[-82.475,31.645],[-82.425,31.659],[-82.375,31.673],[-82.367,31.675],[-82.325,31.686],[-82.275,31.699],[-82.225,31.711],[-82.175,31.722],[-82.161,31.725],[-82.125,31.732],[-82.075,31.742],[-82.025,31.75],[-81.975,31.758],[-81.925,31.765],[-81.875,31.771],[-81.842,31.775],[-81.825,31.777],[-81.775,31.781],[-81.725,31.785],[-81.675,31.789],[-81.625,31.791],[-81.575,31.793],[-81.525,31.794],[-81.475,31.794],[-81.425,31.794],[-81.375,31.792],[-81.325,31.79],[-81.275,31.786],[-81.225,31.781],[-81.182,31.775],[-81.176,31.774]]]}},{"type":"Feature","properties":{"date":"2001-03-14","label":"14 Mar","yday":73,"tier":"day","major":false},"geometry":{"type":"MultiLineString","coordinates":[[[-94.675,29.701],[-94.625,29.703],[-94.575,29.705],[-94.525,29.708],[-94.475,29.71],[-94.438,29.712]],[[-88.811,30.411],[-88.775,30.414],[-88.725,30.42],[-88.678,30.425],[-88.675,30.425],[-88.625,30.432],[-88.575,30.438],[-88.525,30.445],[-88.475,30.451],[-88.425,30.457],[-88.375,30.463],[-88.325,30.469],[-88.279,30.475],[-88.275,30.475],[-88.225,30.481],[-88.175,30.487],[-88.125,30.493]],[[-90.921,30.471],[-90.892,30.475],[-90.875,30.478],[-90.825,30.485],[-90.775,30.492],[-90.725,30.498],[-90.675,30.503],[-90.625,30.508],[-90.575,30.513],[-90.525,30.517],[-90.475,30.521],[-90.425,30.524],[-90.396,30.525],[-90.375,30.526],[-90.325,30.528],[-90.275,30.529],[-90.225,30.53],[-90.175,30.53],[-90.125,30.529],[-90.075,30.527],[-90.025,30.525],[-90.02,30.525],[-89.975,30.522],[-89.925,30.519],[-89.875,30.515],[-89.825,30.51],[-89.775,30.504],[-89.725,30.498],[-89.675,30.491],[-89.625,30.484],[-89.575,30.476],[-89.567,30.475],[-89.525,30.468],[-89.475,30.46],[-89.425,30.452],[-89.375,30.443],[-89.325,30.435],[-89.275,30.426],[-89.266,30.425],[-89.225,30.419],[-89.175,30.412],[-89.125,30.406],[-89.075,30.402],[-89.025,30.401]],[[-87.879,30.521],[-87.875,30.521],[-87.843,30.525],[-87.825,30.527],[-87.775,30.533],[-87.725,30.539],[-87.675,30.545],[-87.625,30.551],[-87.575,30.558],[-87.525,30.565],[-87.475,30.572],[-87.456,30.575],[-87.425,30.58],[-87.375,30.588],[-87.325,30.596],[-87.275,30.605],[-87.225,30.615],[-87.176,30.624]],[[-87.175,30.625],[-87.172,30.625],[-87.125,30.634],[-87.075,30.644],[-87.025,30.652],[-86.975,30.66],[-86.925,30.666],[-86.875,30.671],[-86.831,30.675],[-86.825,30.676],[-86.775,30.679],[-86.725,30.682],[-86.675,30.684],[-86.625,30.685],[-86.575,30.685],[-86.525,30.683],[-86.475,30.678],[-86.453,30.675],[-86.425,30.671],[-86.375,30.662],[-86.325,30.653],[-86.275,30.644],[-86.225,30.635],[-86.175,30.627],[-86.16,30.625],[-86.125,30.62],[-86.075,30.612],[-86.025,30.606],[-85.975,30.601],[-85.925,30.596],[-85.875,30.593],[-85.825,30.591],[-85.775,30.589],[-85.725,30.589],[-85.675,30.59],[-85.625,30.593],[-85.575,30.596],[-85.525,30.601],[-85.475,30.607],[-85.425,30.614],[-85.375,30.622],[-85.361,30.625],[-85.325,30.632],[-85.275,30.642],[-85.225,30.654],[-85.175,30.667],[-85.144,30.675],[-85.125,30.68],[-85.075,30.694],[-85.025,30.709],[-84.975,30.725],[-84.975,30.725],[-84.925,30.742],[-84.875,30.759],[-84.834,30.775],[-84.825,30.778],[-84.775,30.798],[-84.725,30.819],[-84.712,30.825],[-84.675,30.841],[-84.625,30.864],[-84.603,30.875],[-84.575,30.888],[-84.525,30.914],[-84.503,30.925],[-84.475,30.939],[-84.425,30.966],[-84.409,30.975],[-84.375,30.993],[-84.325,31.021],[-84.317,31.025],[-84.275,31.048],[-84.226,31.075],[-84.225,31.076],[-84.175,31.103],[-84.134,31.125],[-84.125,31.13],[-84.075,31.156],[-84.038,31.175],[-84.025,31.182],[-83.975,31.207],[-83.938,31.225],[-83.925,31.231],[-83.875,31.254],[-83.83,31.275],[-83.825,31.277],[-83.775,31.299],[-83.725,31.321],[-83.715,31.325],[-83.675,31.341],[-83.625,31.361],[-83.591,31.375],[-83.575,31.381],[-83.525,31.4],[-83.475,31.419],[-83.458,31.425],[-83.425,31.437],[-83.375,31.455],[-83.325,31.472],[-83.317,31.475],[-83.275,31.489],[-83.225,31.506],[-83.175,31.522],[-83.167,31.525],[-83.125,31.538],[-83.075,31.554],[-83.025,31.57],[-83.009,31.575],[-82.975,31.586],[-82.925,31.601],[-82.875,31.616],[-82.845,31.625],[-82.825,31.631],[-82.775,31.646],[-82.725,31.66],[-82.675,31.675],[-82.675,31.675],[-82.625,31.69],[-82.575,31.705],[-82.525,31.72],[-82.507,31.725],[-82.475,31.735],[-82.425,31.749],[-82.375,31.764],[-82.335,31.775],[-82.325,31.778],[-82.275,31.791],[-82.225,31.803],[-82.175,31.815],[-82.127,31.825],[-82.125,31.825],[-82.075,31.835],[-82.025,31.844],[-81.975,31.852],[-81.925,31.859],[-81.875,31.866],[-81.825,31.872],[-81.792,31.875],[-81.775,31.877],[-81.725,31.881],[-81.675,31.885],[-81.625,31.888],[-81.575,31.891],[-81.525,31.893],[-81.475,31.894],[-81.425,31.895],[-81.375,31.895],[-81.325,31.894],[-81.275,31.892],[-81.225,31.889],[-81.175,31.885],[-81.125,31.878],[-81.123,31.877]]]}},{"type":"Feature","properties":{"date":"2001-03-15","label":"15 Mar","yday":74,"tier":"day","major":false},"geometry":{"type":"MultiLineString","coordinates":[[[-91.03,30.53],[-91.025,30.531],[-90.975,30.54],[-90.925,30.547],[-90.875,30.555],[-90.825,30.561],[-90.775,30.567],[-90.725,30.573],[-90.706,30.575],[-90.675,30.578],[-90.625,30.583],[-90.575,30.587],[-90.525,30.591],[-90.475,30.594],[-90.425,30.596],[-90.375,30.598],[-90.325,30.6],[-90.275,30.601],[-90.225,30.602],[-90.175,30.602],[-90.125,30.601],[-90.075,30.6],[-90.025,30.598],[-89.975,30.595],[-89.925,30.592],[-89.875,30.588],[-89.825,30.584],[-89.775,30.579],[-89.739,30.575],[-89.725,30.573],[-89.675,30.568],[-89.625,30.561],[-89.575,30.554],[-89.525,30.547],[-89.475,30.54],[-89.425,30.532],[-89.377,30.525],[-89.375,30.525],[-89.325,30.517],[-89.275,30.51],[-89.225,30.504],[-89.175,30.498],[-89.125,30.493],[-89.075,30.49],[-89.025,30.489],[-88.975,30.49],[-88.925,30.493],[-88.875,30.496],[-88.825,30.501],[-88.775,30.506],[-88.725,30.513],[-88.675,30.519],[-88.632,30.525],[-88.625,30.526],[-88.575,30.533],[-88.525,30.54],[-88.475,30.547],[-88.425,30.555],[-88.375,30.562],[-88.325,30.569],[-88.278,30.575],[-88.275,30.575],[-88.225,30.582],[-88.175,30.589],[-88.125,30.595],[-88.102,30.598]],[[-87.921,30.621],[-87.888,30.625],[-87.875,30.627],[-87.825,30.633],[-87.775,30.64],[-87.725,30.647],[-87.675,30.654],[-87.625,30.661],[-87.575,30.669],[-87.536,30.675],[-87.525,30.677],[-87.475,30.685],[-87.425,30.693],[-87.375,30.702],[-87.325,30.711],[-87.275,30.72],[-87.252,30.725],[-87.225,30.73],[-87.175,30.739],[-87.125,30.748],[-87.075,30.756],[-87.025,30.763],[-86.975,30.769],[-86.925,30.773],[-86.9,30.775],[-86.875,30.777],[-86.825,30.779],[-86.775,30.78],[-86.725,30.781],[-86.675,30.781],[-86.625,30.78],[-86.575,30.777],[-86.549,30.775],[-86.525,30.773],[-86.475,30.769],[-86.425,30.763],[-86.375,30.756],[-86.325,30.748],[-86.275,30.74],[-86.225,30.731],[-86.185,30.725],[-86.175,30.723],[-86.125,30.715],[-86.075,30.708],[-86.025,30.702],[-85.975,30.697],[-85.925,30.692],[-85.875,30.689],[-85.825,30.687],[-85.775,30.686],[-85.725,30.686],[-85.675,30.687],[-85.625,30.69],[-85.575,30.694],[-85.525,30.7],[-85.475,30.707],[-85.425,30.715],[-85.375,30.725],[-85.373,30.725],[-85.325,30.735],[-85.275,30.747],[-85.225,30.76],[-85.175,30.774],[-85.172,30.775],[-85.125,30.788],[-85.075,30.803],[-85.025,30.818],[-85.005,30.825],[-84.975,30.835],[-84.925,30.852],[-84.875,30.87],[-84.863,30.875],[-84.825,30.89],[-84.775,30.91],[-84.74,30.925],[-84.725,30.932],[-84.675,30.954],[-84.63,30.975],[-84.625,30.978],[-84.575,31.002],[-84.529,31.025],[-84.525,31.027],[-84.475,31.052],[-84.431,31.075],[-84.425,31.078],[-84.375,31.104],[-84.336,31.125],[-84.325,31.131],[-84.275,31.157],[-84.241,31.175],[-84.225,31.183],[-84.175,31.209],[-84.143,31.225],[-84.125,31.234],[-84.075,31.258],[-84.039,31.275],[-84.025,31.282],[-83.975,31.304],[-83.928,31.325],[-83.925,31.326],[-83.875,31.348],[-83.825,31.368],[-83.809,31.375],[-83.775,31.388],[-83.725,31.408],[-83.681,31.425],[-83.675,31.427],[-83.625,31.446],[-83.575,31.464],[-83.545,31.475],[-83.525,31.482],[-83.475,31.499],[-83.425,31.517],[-83.402,31.525],[-83.375,31.534],[-83.325,31.551],[-83.275,31.568],[-83.252,31.575],[-83.225,31.584],[-83.175,31.6],[-83.125,31.616],[-83.098,31.625],[-83.075,31.632],[-83.025,31.648],[-82.975,31.664],[-82.941,31.675],[-82.925,31.68],[-82.875,31.696],[-82.825,31.711],[-82.782,31.725],[-82.775,31.727],[-82.725,31.743],[-82.675,31.759],[-82.625,31.775],[-82.624,31.775],[-82.575,31.79],[-82.525,31.806],[-82.475,31.822],[-82.465,31.825],[-82.425,31.837],[-82.375,31.852],[-82.325,31.866],[-82.293,31.875],[-82.275,31.88],[-82.225,31.892],[-82.175,31.904],[-82.125,31.914],[-82.075,31.924],[-82.07,31.925],[-82.025,31.933],[-81.975,31.941],[-81.925,31.948],[-81.875,31.955],[-81.825,31.961],[-81.775,31.966],[-81.725,31.971],[-81.675,31.975],[-81.671,31.975],[-81.625,31.978],[-81.575,31.981],[-81.525,31.984],[-81.475,31.985],[-81.425,31.987],[-81.375,31.987],[-81.325,31.988],[-81.275,31.987],[-81.225,31.985],[-81.175,31.983],[-81.125,31.978],[-81.105,31.975],[-81.075,31.97],[-81.025,31.961],[-80.975,31.95],[-80.955,31.945]]]}},{"type":"Feature","properties":{"date":"2001-03-16","label":"16 Mar","yday":75,"tier":"index","major":true},"geometry":{"type":"MultiLineString","coordinates":[[[-91.125,30.592],[-91.075,30.601],[-91.025,30.609],[-90.975,30.617],[-90.925,30.624],[-90.918,30.625],[-90.875,30.631],[-90.825,30.637],[-90.775,30.642],[-90.725,30.648],[-90.675,30.652],[-90.625,30.657],[-90.575,30.66],[-90.525,30.664],[-90.475,30.666],[-90.425,30.669],[-90.375,30.671],[-90.325,30.672],[-90.275,30.673],[-90.225,30.674],[-90.175,30.674],[-90.125,30.673],[-90.075,30.672],[-90.025,30.67],[-89.975,30.668],[-89.925,30.666],[-89.875,30.662],[-89.825,30.659],[-89.775,30.655],[-89.725,30.65],[-89.675,30.645],[-89.625,30.639],[-89.575,30.633],[-89.525,30.627],[-89.507,30.625],[-89.475,30.621],[-89.425,30.615],[-89.375,30.608],[-89.325,30.602],[-89.275,30.597],[-89.225,30.592],[-89.175,30.587],[-89.125,30.584],[-89.075,30.582],[-89.025,30.582],[-88.975,30.583],[-88.925,30.586],[-88.875,30.59],[-88.825,30.595],[-88.775,30.6],[-88.725,30.607],[-88.675,30.613],[-88.625,30.621],[-88.596,30.625],[-88.575,30.628],[-88.525,30.636],[-88.475,30.643],[-88.425,30.651],[-88.375,30.659],[-88.325,30.666],[-88.275,30.674],[-88.268,30.675],[-88.225,30.681],[-88.175,30.688],[-88.125,30.695],[-88.075,30.702],[-88.044,30.706]],[[-87.967,30.717],[-87.925,30.722],[-87.907,30.725],[-87.875,30.73],[-87.825,30.737],[-87.775,30.744],[-87.725,30.752],[-87.675,30.759],[-87.625,30.767],[-87.578,30.775],[-87.575,30.775],[-87.525,30.784],[-87.475,30.792],[-87.425,30.801],[-87.375,30.809],[-87.325,30.818],[-87.287,30.825],[-87.275,30.827],[-87.225,30.835],[-87.175,30.843],[-87.125,30.85],[-87.075,30.857],[-87.025,30.862],[-86.975,30.867],[-86.925,30.87],[-86.875,30.872],[-86.825,30.873],[-86.775,30.873],[-86.725,30.873],[-86.675,30.871],[-86.625,30.868],[-86.575,30.865],[-86.525,30.86],[-86.475,30.855],[-86.425,30.849],[-86.375,30.843],[-86.325,30.836],[-86.275,30.828],[-86.256,30.825],[-86.225,30.82],[-86.175,30.812],[-86.125,30.805],[-86.075,30.798],[-86.025,30.792],[-85.975,30.786],[-85.925,30.782],[-85.875,30.779],[-85.825,30.777],[-85.775,30.776],[-85.725,30.776],[-85.675,30.778],[-85.625,30.782],[-85.575,30.786],[-85.525,30.793],[-85.475,30.8],[-85.425,30.81],[-85.375,30.82],[-85.355,30.825],[-85.325,30.832],[-85.275,30.845],[-85.225,30.859],[-85.175,30.874],[-85.17,30.875],[-85.125,30.888],[-85.075,30.904],[-85.025,30.92],[-85.01,30.925],[-84.975,30.937],[-84.925,30.955],[-84.875,30.975],[-84.874,30.975],[-84.825,30.995],[-84.775,31.016],[-84.754,31.025],[-84.725,31.038],[-84.675,31.061],[-84.645,31.075],[-84.625,31.084],[-84.575,31.109],[-84.542,31.125],[-84.525,31.133],[-84.475,31.158],[-84.442,31.175],[-84.425,31.184],[-84.375,31.209],[-84.344,31.225],[-84.325,31.234],[-84.275,31.259],[-84.243,31.275],[-84.225,31.284],[-84.175,31.308],[-84.138,31.325],[-84.125,31.331],[-84.075,31.353],[-84.025,31.375],[-84.025,31.375],[-83.975,31.395],[-83.925,31.416],[-83.901,31.425],[-83.875,31.435],[-83.825,31.454],[-83.775,31.472],[-83.768,31.475],[-83.725,31.49],[-83.675,31.508],[-83.627,31.525],[-83.625,31.526],[-83.575,31.543],[-83.525,31.56],[-83.481,31.575],[-83.475,31.577],[-83.425,31.594],[-83.375,31.61],[-83.331,31.625],[-83.325,31.627],[-83.275,31.643],[-83.225,31.66],[-83.178,31.675],[-83.175,31.676],[-83.125,31.692],[-83.075,31.708],[-83.025,31.725],[-83.024,31.725],[-82.975,31.741],[-82.925,31.757],[-82.875,31.774],[-82.871,31.775],[-82.825,31.79],[-82.775,31.807],[-82.725,31.824],[-82.721,31.825],[-82.675,31.84],[-82.625,31.857],[-82.575,31.874],[-82.572,31.875],[-82.525,31.891],[-82.475,31.907],[-82.425,31.923],[-82.418,31.925],[-82.375,31.938],[-82.325,31.952],[-82.275,31.966],[-82.237,31.975],[-82.225,31.978],[-82.175,31.989],[-82.125,31.999],[-82.075,32.009],[-82.025,32.018],[-81.978,32.025],[-81.975,32.025],[-81.925,32.033],[-81.875,32.039],[-81.825,32.045],[-81.775,32.05],[-81.725,32.055],[-81.675,32.059],[-81.625,32.063],[-81.575,32.066],[-81.525,32.068],[-81.475,32.07],[-81.425,32.072],[-81.375,32.072],[-81.325,32.072],[-81.275,32.072],[-81.225,32.07],[-81.175,32.068],[-81.125,32.064],[-81.075,32.059],[-81.025,32.051],[-80.975,32.042],[-80.925,32.033]]]}},{"type":"Feature","properties":{"date":"2001-03-17","label":"17 Mar","yday":76,"tier":"day","major":false},"geometry":{"type":"MultiLineString","coordinates":[[[-94.362,30.062],[-94.325,30.063],[-94.275,30.064],[-94.225,30.066],[-94.175,30.067],[-94.132,30.068]],[[-91.162,30.662],[-91.125,30.669],[-91.092,30.675],[-91.075,30.678],[-91.025,30.686],[-90.975,30.693],[-90.925,30.7],[-90.875,30.706],[-90.825,30.712],[-90.775,30.717],[-90.725,30.722],[-90.688,30.725],[-90.675,30.726],[-90.625,30.73],[-90.575,30.733],[-90.525,30.737],[-90.475,30.739],[-90.425,30.741],[-90.375,30.743],[-90.325,30.745],[-90.275,30.746],[-90.225,30.746],[-90.175,30.746],[-90.125,30.746],[-90.075,30.745],[-90.025,30.744],[-89.975,30.742],[-89.925,30.74],[-89.875,30.737],[-89.825,30.734],[-89.775,30.731],[-89.725,30.727],[-89.702,30.725],[-89.675,30.723],[-89.625,30.718],[-89.575,30.713],[-89.525,30.709],[-89.475,30.704],[-89.425,30.698],[-89.375,30.694],[-89.325,30.689],[-89.275,30.685],[-89.225,30.681],[-89.175,30.678],[-89.125,30.676],[-89.075,30.676],[-89.025,30.676],[-88.975,30.678],[-88.925,30.681],[-88.875,30.685],[-88.825,30.689],[-88.775,30.695],[-88.725,30.701],[-88.675,30.708],[-88.625,30.715],[-88.575,30.723],[-88.562,30.725],[-88.525,30.731],[-88.475,30.739],[-88.425,30.746],[-88.375,30.754],[-88.325,30.762],[-88.275,30.77],[-88.244,30.775],[-88.225,30.778],[-88.175,30.785],[-88.125,30.793],[-88.075,30.8],[-88.025,30.807],[-87.975,30.815],[-87.925,30.822],[-87.907,30.825],[-87.875,30.83],[-87.825,30.837],[-87.775,30.845],[-87.725,30.853],[-87.675,30.861],[-87.625,30.87],[-87.592,30.875],[-87.575,30.878],[-87.525,30.886],[-87.475,30.894],[-87.425,30.903],[-87.375,30.911],[-87.325,30.919],[-87.287,30.925],[-87.275,30.927],[-87.225,30.934],[-87.175,30.941],[-87.125,30.946],[-87.075,30.952],[-87.025,30.956],[-86.975,30.959],[-86.925,30.961],[-86.875,30.963],[-86.825,30.963],[-86.775,30.962],[-86.725,30.961],[-86.675,30.958],[-86.625,30.955],[-86.575,30.951],[-86.525,30.946],[-86.475,30.94],[-86.425,30.934],[-86.375,30.927],[-86.358,30.925],[-86.325,30.92],[-86.275,30.913],[-86.225,30.905],[-86.175,30.898],[-86.125,30.89],[-86.075,30.883],[-86.025,30.877],[-86.004,30.875],[-85.975,30.872],[-85.925,30.867],[-85.875,30.864],[-85.825,30.862],[-85.775,30.862],[-85.725,30.862],[-85.675,30.865],[-85.625,30.869],[-85.575,30.874],[-85.568,30.875],[-85.525,30.881],[-85.475,30.889],[-85.425,30.899],[-85.375,30.911],[-85.325,30.923],[-85.319,30.925],[-85.275,30.937],[-85.225,30.951],[-85.175,30.967],[-85.148,30.975],[-85.125,30.982],[-85.075,30.999],[-85.025,31.017],[-85.002,31.025],[-84.975,31.035],[-84.925,31.054],[-84.875,31.074],[-84.873,31.075],[-84.825,31.095],[-84.775,31.117],[-84.757,31.125],[-84.725,31.139],[-84.675,31.163],[-84.649,31.175],[-84.625,31.186],[-84.575,31.21],[-84.545,31.225],[-84.525,31.235],[-84.475,31.259],[-84.443,31.275],[-84.425,31.284],[-84.375,31.308],[-84.34,31.325],[-84.325,31.332],[-84.275,31.356],[-84.234,31.375],[-84.225,31.379],[-84.175,31.401],[-84.125,31.423],[-84.12,31.425],[-84.075,31.443],[-84.025,31.462],[-83.992,31.475],[-83.975,31.481],[-83.925,31.499],[-83.875,31.517],[-83.853,31.525],[-83.825,31.535],[-83.775,31.552],[-83.725,31.569],[-83.707,31.575],[-83.675,31.586],[-83.625,31.602],[-83.575,31.619],[-83.557,31.625],[-83.525,31.635],[-83.475,31.652],[-83.425,31.668],[-83.403,31.675],[-83.375,31.684],[-83.325,31.7],[-83.275,31.717],[-83.25,31.725],[-83.225,31.733],[-83.175,31.749],[-83.125,31.766],[-83.098,31.775],[-83.075,31.783],[-83.025,31.799],[-82.975,31.816],[-82.949,31.825],[-82.925,31.833],[-82.875,31.85],[-82.825,31.867],[-82.803,31.875],[-82.775,31.885],[-82.725,31.902],[-82.675,31.92],[-82.66,31.925],[-82.625,31.937],[-82.575,31.955],[-82.525,31.972],[-82.517,31.975],[-82.475,31.989],[-82.425,32.005],[-82.375,32.021],[-82.36,32.025],[-82.325,32.035],[-82.275,32.048],[-82.225,32.06],[-82.175,32.071],[-82.156,32.075],[-82.125,32.081],[-82.075,32.09],[-82.025,32.098],[-81.975,32.106],[-81.925,32.113],[-81.875,32.119],[-81.827,32.125],[-81.825,32.125],[-81.775,32.13],[-81.725,32.135],[-81.675,32.139],[-81.625,32.143],[-81.575,32.146],[-81.525,32.148],[-81.475,32.15],[-81.425,32.151],[-81.375,32.152],[-81.325,32.152],[-81.275,32.151],[-81.225,32.149],[-81.175,32.147],[-81.125,32.144],[-81.075,32.14],[-81.025,32.134],[-80.975,32.127],[-80.96,32.125],[-80.925,32.119],[-80.887,32.113]]]}},{"type":"Feature","properties":{"date":"2001-03-18","label":"18 Mar","yday":77,"tier":"day","major":false},"geometry":{"type":"MultiLineString","coordinates":[[[-94.375,30.167],[-94.325,30.168],[-94.275,30.169],[-94.225,30.17],[-94.175,30.171],[-94.125,30.171],[-94.075,30.172],[-94.025,30.172],[-93.975,30.172],[-93.928,30.172]],[[-91.225,30.728],[-91.175,30.738],[-91.125,30.747],[-91.075,30.755],[-91.025,30.762],[-90.975,30.769],[-90.929,30.775],[-90.925,30.776],[-90.875,30.781],[-90.825,30.787],[-90.775,30.792],[-90.725,30.796],[-90.675,30.8],[-90.625,30.804],[-90.575,30.807],[-90.525,30.81],[-90.475,30.812],[-90.425,30.814],[-90.375,30.816],[-90.325,30.817],[-90.275,30.819],[-90.225,30.819],[-90.175,30.82],[-90.125,30.819],[-90.075,30.819],[-90.025,30.818],[-89.975,30.817],[-89.925,30.815],[-89.875,30.813],[-89.825,30.811],[-89.775,30.808],[-89.725,30.805],[-89.675,30.802],[-89.625,30.798],[-89.575,30.795],[-89.525,30.791],[-89.475,30.787],[-89.425,30.783],[-89.375,30.78],[-89.325,30.776],[-89.299,30.775],[-89.275,30.774],[-89.225,30.771],[-89.175,30.77],[-89.125,30.769],[-89.075,30.769],[-89.025,30.77],[-88.975,30.772],[-88.934,30.775],[-88.925,30.776],[-88.875,30.78],[-88.825,30.784],[-88.775,30.79],[-88.725,30.796],[-88.675,30.803],[-88.625,30.81],[-88.575,30.817],[-88.526,30.825],[-88.525,30.825],[-88.475,30.833],[-88.425,30.841],[-88.375,30.849],[-88.325,30.857],[-88.275,30.865],[-88.225,30.873],[-88.21,30.875],[-88.175,30.881],[-88.125,30.888],[-88.075,30.896],[-88.025,30.904],[-87.975,30.912],[-87.925,30.92],[-87.892,30.925],[-87.875,30.928],[-87.825,30.936],[-87.775,30.944],[-87.725,30.952],[-87.675,30.96],[-87.625,30.968],[-87.586,30.975],[-87.575,30.977],[-87.525,30.985],[-87.475,30.993],[-87.425,31.001],[-87.375,31.008],[-87.325,31.016],[-87.275,31.022],[-87.254,31.025],[-87.225,31.029],[-87.175,31.034],[-87.125,31.039],[-87.075,31.043],[-87.025,31.047],[-86.975,31.049],[-86.925,31.05],[-86.875,31.051],[-86.825,31.051],[-86.775,31.049],[-86.725,31.047],[-86.675,31.044],[-86.625,31.04],[-86.575,31.036],[-86.525,31.031],[-86.478,31.025],[-86.475,31.025],[-86.425,31.018],[-86.375,31.011],[-86.325,31.004],[-86.275,30.996],[-86.225,30.988],[-86.175,30.981],[-86.136,30.975],[-86.125,30.973],[-86.075,30.966],[-86.025,30.96],[-85.975,30.955],[-85.925,30.95],[-85.875,30.947],[-85.825,30.945],[-85.775,30.944],[-85.725,30.945],[-85.675,30.948],[-85.625,30.952],[-85.575,30.958],[-85.525,30.966],[-85.475,30.975],[-85.475,30.975],[-85.425,30.986],[-85.375,30.998],[-85.325,31.011],[-85.277,31.025],[-85.275,31.026],[-85.225,31.041],[-85.175,31.057],[-85.125,31.074],[-85.123,31.075],[-85.075,31.092],[-85.025,31.111],[-84.988,31.125],[-84.975,31.13],[-84.925,31.15],[-84.875,31.171],[-84.866,31.175],[-84.825,31.193],[-84.775,31.215],[-84.753,31.225],[-84.725,31.237],[-84.675,31.261],[-84.644,31.275],[-84.625,31.284],[-84.575,31.308],[-84.539,31.325],[-84.525,31.331],[-84.475,31.355],[-84.433,31.375],[-84.425,31.379],[-84.375,31.402],[-84.325,31.425],[-84.325,31.425],[-84.275,31.447],[-84.225,31.469],[-84.211,31.475],[-84.175,31.489],[-84.125,31.509],[-84.082,31.525],[-84.075,31.527],[-84.025,31.545],[-83.975,31.562],[-83.937,31.575],[-83.925,31.579],[-83.875,31.596],[-83.825,31.612],[-83.785,31.625],[-83.775,31.628],[-83.725,31.644],[-83.675,31.66],[-83.629,31.675],[-83.625,31.676],[-83.575,31.692],[-83.525,31.708],[-83.475,31.724],[-83.472,31.725],[-83.425,31.74],[-83.375,31.756],[-83.325,31.772],[-83.316,31.775],[-83.275,31.788],[-83.225,31.805],[-83.175,31.821],[-83.164,31.825],[-83.125,31.838],[-83.075,31.855],[-83.025,31.872],[-83.017,31.875],[-82.975,31.89],[-82.925,31.907],[-82.875,31.925],[-82.875,31.925],[-82.825,31.943],[-82.775,31.961],[-82.736,31.975],[-82.725,31.979],[-82.675,31.997],[-82.625,32.015],[-82.599,32.025],[-82.575,32.033],[-82.525,32.051],[-82.475,32.068],[-82.455,32.075],[-82.425,32.085],[-82.375,32.1],[-82.325,32.115],[-82.284,32.125],[-82.275,32.127],[-82.225,32.139],[-82.175,32.149],[-82.125,32.159],[-82.075,32.167],[-82.029,32.175],[-82.025,32.176],[-81.975,32.183],[-81.925,32.19],[-81.875,32.196],[-81.825,32.202],[-81.775,32.207],[-81.725,32.212],[-81.675,32.216],[-81.625,32.22],[-81.575,32.223],[-81.532,32.225],[-81.525,32.225],[-81.475,32.227],[-81.425,32.228],[-81.375,32.229],[-81.325,32.229],[-81.275,32.228],[-81.225,32.227],[-81.186,32.225],[-81.175,32.225],[-81.125,32.222],[-81.075,32.218],[-81.025,32.213],[-80.975,32.208],[-80.925,32.201],[-80.875,32.194],[-80.825,32.186],[-80.778,32.178]],[[-80.773,32.177],[-80.763,32.175]]]}},{"type":"Feature","properties":{"date":"2001-03-19","label":"19 Mar","yday":78,"tier":"day","major":false},"geometry":{"type":"MultiLineString","coordinates":[[[-94.768,30.268],[-94.725,30.268],[-94.675,30.268]],[[-94.375,30.27],[-94.325,30.271],[-94.275,30.271],[-94.225,30.272],[-94.175,30.273],[-94.125,30.273],[-94.075,30.273],[-94.025,30.274],[-93.975,30.274],[-93.925,30.274],[-93.876,30.274]],[[-93.572,30.272],[-93.525,30.273],[-93.475,30.273],[-93.425,30.274],[-93.396,30.275],[-93.375,30.276],[-93.325,30.277],[-93.275,30.28],[-93.225,30.284],[-93.175,30.289],[-93.125,30.295],[-93.075,30.303],[-93.025,30.313],[-92.975,30.324],[-92.97,30.325],[-92.925,30.336],[-92.875,30.348],[-92.825,30.361],[-92.775,30.374],[-92.772,30.375],[-92.725,30.388],[-92.675,30.402],[-92.625,30.416],[-92.596,30.425],[-92.575,30.431],[-92.525,30.446],[-92.475,30.461]],[[-91.252,30.802],[-91.225,30.807],[-91.175,30.816],[-91.125,30.824],[-91.118,30.825],[-91.075,30.832],[-91.025,30.839],[-90.975,30.845],[-90.925,30.851],[-90.875,30.857],[-90.825,30.862],[-90.775,30.866],[-90.725,30.87],[-90.675,30.874],[-90.662,30.875],[-90.625,30.877],[-90.575,30.88],[-90.525,30.883],[-90.475,30.886],[-90.425,30.888],[-90.375,30.889],[-90.325,30.891],[-90.275,30.892],[-90.225,30.893],[-90.175,30.894],[-90.125,30.894],[-90.075,30.894],[-90.025,30.893],[-89.975,30.893],[-89.925,30.891],[-89.875,30.89],[-89.825,30.888],[-89.775,30.886],[-89.725,30.884],[-89.675,30.882],[-89.625,30.879],[-89.575,30.877],[-89.54,30.875],[-89.525,30.874],[-89.475,30.872],[-89.425,30.869],[-89.375,30.867],[-89.325,30.865],[-89.275,30.863],[-89.225,30.862],[-89.175,30.861],[-89.125,30.862],[-89.075,30.863],[-89.025,30.864],[-88.975,30.867],[-88.925,30.87],[-88.875,30.874],[-88.868,30.875],[-88.825,30.879],[-88.775,30.885],[-88.725,30.891],[-88.675,30.897],[-88.625,30.904],[-88.575,30.911],[-88.525,30.919],[-88.485,30.925],[-88.475,30.927],[-88.425,30.934],[-88.375,30.942],[-88.325,30.95],[-88.275,30.958],[-88.225,30.967],[-88.175,30.975],[-88.173,30.975],[-88.125,30.983],[-88.075,30.991],[-88.025,30.999],[-87.975,31.007],[-87.925,31.015],[-87.875,31.024],[-87.867,31.025],[-87.825,31.032],[-87.775,31.04],[-87.725,31.048],[-87.675,31.057],[-87.625,31.065],[-87.575,31.073],[-87.562,31.075],[-87.525,31.081],[-87.475,31.088],[-87.425,31.096],[-87.375,31.103],[-87.325,31.109],[-87.275,31.115],[-87.225,31.121],[-87.184,31.125],[-87.175,31.126],[-87.125,31.13],[-87.075,31.133],[-87.025,31.136],[-86.975,31.138],[-86.925,31.139],[-86.875,31.139],[-86.825,31.138],[-86.775,31.136],[-86.725,31.134],[-86.675,31.13],[-86.625,31.126],[-86.616,31.125],[-86.575,31.121],[-86.525,31.115],[-86.475,31.109],[-86.425,31.102],[-86.375,31.095],[-86.325,31.087],[-86.275,31.079],[-86.247,31.075],[-86.225,31.072],[-86.175,31.064],[-86.125,31.056],[-86.075,31.049],[-86.025,31.042],[-85.975,31.036],[-85.925,31.031],[-85.875,31.028],[-85.825,31.026],[-85.78,31.025],[-85.775,31.025],[-85.773,31.025],[-85.725,31.026],[-85.675,31.029],[-85.625,31.034],[-85.575,31.04],[-85.525,31.049],[-85.475,31.059],[-85.425,31.071],[-85.408,31.075],[-85.375,31.084],[-85.325,31.098],[-85.275,31.113],[-85.24,31.125],[-85.225,31.13],[-85.175,31.147],[-85.125,31.165],[-85.099,31.175],[-85.075,31.184],[-85.025,31.204],[-84.975,31.224],[-84.972,31.225],[-84.925,31.245],[-84.875,31.266],[-84.854,31.275],[-84.825,31.288],[-84.775,31.31],[-84.742,31.325],[-84.725,31.333],[-84.675,31.355],[-84.633,31.375],[-84.625,31.378],[-84.575,31.401],[-84.525,31.424],[-84.523,31.425],[-84.475,31.447],[-84.425,31.469],[-84.412,31.475],[-84.375,31.491],[-84.325,31.513],[-84.296,31.525],[-84.275,31.534],[-84.225,31.553],[-84.175,31.572],[-84.167,31.575],[-84.125,31.59],[-84.075,31.607],[-84.025,31.623],[-84.019,31.625],[-83.975,31.639],[-83.925,31.655],[-83.875,31.671],[-83.861,31.675],[-83.825,31.686],[-83.775,31.701],[-83.725,31.717],[-83.699,31.725],[-83.675,31.732],[-83.625,31.748],[-83.575,31.763],[-83.537,31.775],[-83.525,31.779],[-83.475,31.794],[-83.425,31.81],[-83.378,31.825],[-83.375,31.826],[-83.325,31.842],[-83.275,31.858],[-83.225,31.875],[-83.225,31.875],[-83.175,31.892],[-83.125,31.909],[-83.079,31.925],[-83.075,31.926],[-83.025,31.944],[-82.975,31.962],[-82.938,31.975],[-82.925,31.98],[-82.875,31.998],[-82.825,32.016],[-82.802,32.025],[-82.775,32.035],[-82.725,32.054],[-82.675,32.072],[-82.668,32.075],[-82.625,32.091],[-82.575,32.109],[-82.532,32.125],[-82.525,32.127],[-82.475,32.145],[-82.425,32.161],[-82.381,32.175],[-82.375,32.177],[-82.325,32.19],[-82.275,32.202],[-82.225,32.213],[-82.175,32.224],[-82.168,32.225],[-82.125,32.233],[-82.075,32.242],[-82.025,32.25],[-81.975,32.257],[-81.925,32.264],[-81.875,32.271],[-81.839,32.275],[-81.825,32.277],[-81.775,32.282],[-81.725,32.287],[-81.675,32.291],[-81.625,32.294],[-81.575,32.298],[-81.525,32.3],[-81.475,32.302],[-81.425,32.303],[-81.375,32.304],[-81.325,32.304],[-81.275,32.304],[-81.225,32.303],[-81.175,32.301],[-81.125,32.298],[-81.075,32.295],[-81.025,32.291],[-80.975,32.286],[-80.925,32.281],[-80.879,32.275],[-80.875,32.275],[-80.825,32.268],[-80.788,32.262]]]}},{"type":"Feature","properties":{"date":"2001-03-20","label":"20 Mar","yday":79,"tier":"day","major":false},"geometry":{"type":"MultiLineString","coordinates":[[[-94.825,30.37],[-94.775,30.37],[-94.725,30.369],[-94.675,30.369]],[[-94.47,30.37],[-94.425,30.371],[-94.375,30.371],[-94.325,30.372],[-94.275,30.373],[-94.225,30.373],[-94.175,30.374],[-94.125,30.374],[-94.075,30.375],[-94.048,30.375],[-94.025,30.375],[-93.975,30.376],[-93.925,30.376],[-93.875,30.376],[-93.825,30.376],[-93.775,30.376],[-93.725,30.376],[-93.675,30.377],[-93.625,30.377],[-93.575,30.377],[-93.525,30.378],[-93.475,30.379],[-93.425,30.38],[-93.375,30.382],[-93.325,30.385],[-93.275,30.388],[-93.225,30.392],[-93.175,30.398],[-93.125,30.404],[-93.075,30.412],[-93.025,30.421],[-93.004,30.425],[-92.975,30.431],[-92.925,30.441],[-92.875,30.453],[-92.825,30.465],[-92.783,30.475],[-92.775,30.477],[-92.725,30.49],[-92.675,30.503],[-92.625,30.516],[-92.592,30.525],[-92.575,30.53],[-92.525,30.543],[-92.475,30.557],[-92.43,30.57]],[[-91.318,30.868],[-91.284,30.875],[-91.275,30.877],[-91.225,30.886],[-91.175,30.894],[-91.125,30.902],[-91.075,30.909],[-91.025,30.916],[-90.975,30.922],[-90.948,30.925],[-90.925,30.928],[-90.875,30.933],[-90.825,30.937],[-90.775,30.942],[-90.725,30.945],[-90.675,30.949],[-90.625,30.952],[-90.575,30.955],[-90.525,30.957],[-90.475,30.96],[-90.425,30.962],[-90.375,30.963],[-90.325,30.965],[-90.275,30.966],[-90.225,30.968],[-90.175,30.968],[-90.125,30.969],[-90.075,30.969],[-90.025,30.969],[-89.975,30.969],[-89.925,30.969],[-89.875,30.968],[-89.825,30.967],[-89.775,30.966],[-89.725,30.964],[-89.675,30.963],[-89.625,30.961],[-89.575,30.96],[-89.525,30.958],[-89.475,30.957],[-89.425,30.955],[-89.375,30.954],[-89.325,30.953],[-89.275,30.953],[-89.225,30.953],[-89.175,30.953],[-89.125,30.954],[-89.075,30.955],[-89.025,30.958],[-88.975,30.961],[-88.925,30.964],[-88.875,30.968],[-88.825,30.973],[-88.808,30.975],[-88.775,30.979],[-88.725,30.984],[-88.675,30.991],[-88.625,30.998],[-88.575,31.005],[-88.525,31.012],[-88.475,31.02],[-88.44,31.025],[-88.425,31.027],[-88.375,31.035],[-88.325,31.043],[-88.275,31.051],[-88.225,31.06],[-88.175,31.068],[-88.133,31.075],[-88.125,31.076],[-88.075,31.085],[-88.025,31.093],[-87.975,31.101],[-87.925,31.11],[-87.875,31.118],[-87.835,31.125],[-87.825,31.127],[-87.775,31.135],[-87.725,31.143],[-87.675,31.151],[-87.625,31.159],[-87.575,31.167],[-87.525,31.175],[-87.525,31.175],[-87.475,31.182],[-87.425,31.189],[-87.375,31.196],[-87.325,31.202],[-87.275,31.207],[-87.225,31.212],[-87.175,31.217],[-87.125,31.22],[-87.075,31.223],[-87.031,31.225],[-87.025,31.225],[-86.975,31.227],[-86.925,31.227],[-86.875,31.227],[-86.825,31.225],[-86.816,31.225],[-86.775,31.223],[-86.725,31.22],[-86.675,31.217],[-86.625,31.212],[-86.575,31.207],[-86.525,31.201],[-86.475,31.195],[-86.425,31.188],[-86.375,31.18],[-86.344,31.175],[-86.325,31.172],[-86.275,31.164],[-86.225,31.156],[-86.175,31.147],[-86.125,31.139],[-86.075,31.132],[-86.03,31.125],[-86.025,31.124],[-85.975,31.118],[-85.925,31.113],[-85.875,31.109],[-85.825,31.106],[-85.775,31.105],[-85.725,31.106],[-85.675,31.109],[-85.625,31.115],[-85.575,31.122],[-85.561,31.125],[-85.525,31.132],[-85.475,31.143],[-85.425,31.156],[-85.375,31.17],[-85.359,31.175],[-85.325,31.186],[-85.275,31.202],[-85.225,31.219],[-85.21,31.225],[-85.175,31.238],[-85.125,31.257],[-85.078,31.275],[-85.075,31.276],[-85.025,31.296],[-84.975,31.317],[-84.956,31.325],[-84.925,31.338],[-84.875,31.36],[-84.84,31.375],[-84.825,31.381],[-84.775,31.403],[-84.726,31.425],[-84.725,31.425],[-84.675,31.448],[-84.625,31.47],[-84.613,31.475],[-84.575,31.492],[-84.525,31.513],[-84.498,31.525],[-84.475,31.535],[-84.425,31.556],[-84.378,31.575],[-84.375,31.576],[-84.325,31.596],[-84.275,31.615],[-84.247,31.625],[-84.225,31.633],[-84.175,31.65],[-84.125,31.666],[-84.099,31.675],[-84.075,31.682],[-84.025,31.698],[-83.975,31.713],[-83.936,31.725],[-83.925,31.728],[-83.875,31.743],[-83.825,31.758],[-83.775,31.773],[-83.767,31.775],[-83.725,31.787],[-83.675,31.802],[-83.625,31.817],[-83.599,31.825],[-83.575,31.832],[-83.525,31.848],[-83.475,31.863],[-83.437,31.875],[-83.425,31.879],[-83.375,31.895],[-83.325,31.911],[-83.282,31.925],[-83.275,31.927],[-83.225,31.944],[-83.175,31.961],[-83.135,31.975],[-83.125,31.978],[-83.075,31.996],[-83.025,32.014],[-82.995,32.025],[-82.975,32.032],[-82.925,32.051],[-82.875,32.069],[-82.86,32.075],[-82.825,32.088],[-82.775,32.107],[-82.729,32.125],[-82.725,32.126],[-82.675,32.145],[-82.625,32.164],[-82.596,32.175],[-82.575,32.183],[-82.525,32.2],[-82.475,32.218],[-82.452,32.225],[-82.425,32.234],[-82.375,32.248],[-82.325,32.262],[-82.275,32.274],[-82.27,32.275],[-82.225,32.285],[-82.175,32.295],[-82.125,32.305],[-82.075,32.314],[-82.025,32.322],[-82.004,32.325],[-81.975,32.329],[-81.925,32.336],[-81.875,32.343],[-81.825,32.349],[-81.775,32.354],[-81.725,32.359],[-81.675,32.364],[-81.625,32.368],[-81.575,32.371],[-81.525,32.374],[-81.491,32.375],[-81.475,32.376],[-81.425,32.377],[-81.375,32.378],[-81.325,32.379],[-81.275,32.378],[-81.225,32.378],[-81.175,32.376],[-81.149,32.375],[-81.125,32.374],[-81.075,32.371],[-81.025,32.368],[-80.975,32.364],[-80.925,32.359],[-80.875,32.354],[-80.825,32.348]],[[-80.672,32.328],[-80.649,32.325],[-80.625,32.322],[-80.575,32.314],[-80.541,32.309]]]}},{"type":"Feature","properties":{"date":"2001-03-21","label":"21 Mar","yday":80,"tier":"five","major":false},"geometry":{"type":"MultiLineString","coordinates":[[[-94.825,30.47],[-94.775,30.47],[-94.725,30.47],[-94.72,30.47]],[[-94.475,30.47],[-94.425,30.471],[-94.375,30.472],[-94.325,30.472],[-94.275,30.473],[-94.225,30.474],[-94.175,30.475],[-94.16,30.475],[-94.125,30.476],[-94.075,30.476],[-94.025,30.477],[-93.975,30.478],[-93.925,30.479],[-93.875,30.48],[-93.825,30.48],[-93.775,30.481],[-93.725,30.482],[-93.675,30.483],[-93.625,30.484],[-93.575,30.485],[-93.525,30.486],[-93.475,30.488],[-93.425,30.49],[-93.375,30.493],[-93.325,30.496],[-93.275,30.5],[-93.225,30.504],[-93.175,30.51],[-93.125,30.516],[-93.075,30.524],[-93.066,30.525],[-93.025,30.532],[-92.975,30.54],[-92.925,30.55],[-92.875,30.56],[-92.825,30.57],[-92.804,30.575],[-92.775,30.581],[-92.725,30.593],[-92.675,30.604],[-92.625,30.616],[-92.59,30.625],[-92.575,30.629],[-92.525,30.641],[-92.475,30.654],[-92.425,30.667],[-92.395,30.675],[-92.375,30.68],[-92.325,30.694],[-92.275,30.707],[-92.225,30.721],[-92.211,30.725],[-92.175,30.735],[-92.125,30.749]],[[-91.325,30.948],[-91.275,30.957],[-91.225,30.965],[-91.175,30.973],[-91.163,30.975],[-91.125,30.981],[-91.075,30.987],[-91.025,30.994],[-90.975,31.0],[-90.925,31.005],[-90.875,31.01],[-90.825,31.014],[-90.775,31.018],[-90.725,31.021],[-90.675,31.025],[-90.667,31.025],[-90.625,31.027],[-90.575,31.03],[-90.525,31.032],[-90.475,31.035],[-90.425,31.037],[-90.375,31.039],[-90.325,31.04],[-90.275,31.042],[-90.225,31.043],[-90.175,31.044],[-90.125,31.045],[-90.075,31.046],[-90.025,31.047],[-89.975,31.047],[-89.925,31.047],[-89.875,31.047],[-89.825,31.047],[-89.775,31.046],[-89.725,31.046],[-89.675,31.045],[-89.625,31.044],[-89.575,31.044],[-89.525,31.043],[-89.475,31.043],[-89.425,31.042],[-89.375,31.042],[-89.325,31.042],[-89.275,31.043],[-89.225,31.043],[-89.175,31.044],[-89.125,31.046],[-89.075,31.048],[-89.025,31.05],[-88.975,31.054],[-88.925,31.057],[-88.875,31.062],[-88.825,31.066],[-88.775,31.072],[-88.747,31.075],[-88.725,31.077],[-88.675,31.084],[-88.625,31.09],[-88.575,31.097],[-88.525,31.105],[-88.475,31.112],[-88.425,31.12],[-88.392,31.125],[-88.375,31.128],[-88.325,31.136],[-88.275,31.144],[-88.225,31.152],[-88.175,31.161],[-88.125,31.169],[-88.09,31.175],[-88.075,31.178],[-88.025,31.186],[-87.975,31.195],[-87.925,31.203],[-87.875,31.212],[-87.825,31.22],[-87.797,31.225],[-87.775,31.229],[-87.725,31.237],[-87.675,31.245],[-87.625,31.253],[-87.575,31.261],[-87.525,31.268],[-87.477,31.275],[-87.475,31.275],[-87.425,31.282],[-87.375,31.288],[-87.325,31.294],[-87.275,31.299],[-87.225,31.304],[-87.175,31.308],[-87.125,31.311],[-87.075,31.313],[-87.025,31.315],[-86.975,31.316],[-86.925,31.316],[-86.875,31.316],[-86.825,31.314],[-86.775,31.312],[-86.725,31.309],[-86.675,31.305],[-86.625,31.3],[-86.575,31.295],[-86.525,31.289],[-86.475,31.282],[-86.427,31.275],[-86.425,31.275],[-86.375,31.267],[-86.325,31.259],[-86.275,31.251],[-86.225,31.242],[-86.175,31.233],[-86.126,31.225],[-86.125,31.225],[-86.075,31.217],[-86.025,31.209],[-85.975,31.202],[-85.925,31.196],[-85.875,31.191],[-85.825,31.188],[-85.775,31.186],[-85.725,31.187],[-85.675,31.191],[-85.625,31.197],[-85.575,31.206],[-85.525,31.217],[-85.492,31.225],[-85.475,31.229],[-85.425,31.244],[-85.375,31.259],[-85.326,31.275],[-85.325,31.275],[-85.275,31.293],[-85.225,31.311],[-85.187,31.325],[-85.175,31.33],[-85.125,31.349],[-85.075,31.369],[-85.06,31.375],[-85.025,31.389],[-84.975,31.41],[-84.94,31.425],[-84.925,31.431],[-84.875,31.452],[-84.825,31.474],[-84.822,31.475],[-84.775,31.495],[-84.725,31.516],[-84.704,31.525],[-84.675,31.537],[-84.625,31.558],[-84.585,31.575],[-84.575,31.579],[-84.525,31.599],[-84.475,31.619],[-84.46,31.625],[-84.425,31.638],[-84.375,31.657],[-84.326,31.675],[-84.325,31.675],[-84.275,31.693],[-84.225,31.709],[-84.176,31.725],[-84.175,31.725],[-84.125,31.741],[-84.075,31.756],[-84.025,31.77],[-84.009,31.775],[-83.975,31.785],[-83.925,31.799],[-83.875,31.813],[-83.835,31.825],[-83.825,31.828],[-83.775,31.842],[-83.725,31.856],[-83.675,31.871],[-83.66,31.875],[-83.625,31.885],[-83.575,31.9],[-83.525,31.915],[-83.493,31.925],[-83.475,31.93],[-83.425,31.946],[-83.375,31.962],[-83.335,31.975],[-83.325,31.978],[-83.275,31.995],[-83.225,32.012],[-83.187,32.025],[-83.175,32.029],[-83.125,32.047],[-83.075,32.065],[-83.047,32.075],[-83.025,32.083],[-82.975,32.102],[-82.925,32.121],[-82.914,32.125],[-82.875,32.14],[-82.825,32.159],[-82.783,32.175],[-82.775,32.178],[-82.725,32.197],[-82.675,32.216],[-82.652,32.225],[-82.625,32.235],[-82.575,32.253],[-82.525,32.271],[-82.513,32.275],[-82.475,32.287],[-82.425,32.303],[-82.375,32.318],[-82.347,32.325],[-82.325,32.331],[-82.275,32.343],[-82.225,32.354],[-82.175,32.365],[-82.125,32.375],[-82.123,32.375],[-82.075,32.384],[-82.025,32.392],[-81.975,32.4],[-81.925,32.407],[-81.875,32.414],[-81.825,32.42],[-81.781,32.425],[-81.775,32.426],[-81.725,32.431],[-81.675,32.435],[-81.625,32.439],[-81.575,32.443],[-81.525,32.446],[-81.475,32.448],[-81.425,32.45],[-81.375,32.452],[-81.325,32.452],[-81.275,32.452],[-81.225,32.452],[-81.175,32.451],[-81.125,32.449],[-81.075,32.447],[-81.025,32.444],[-80.975,32.441],[-80.925,32.437],[-80.875,32.432],[-80.825,32.428],[-80.801,32.425],[-80.777,32.423]],[[-80.772,32.422],[-80.725,32.417]],[[-80.625,32.406],[-80.575,32.4],[-80.525,32.394],[-80.508,32.392]]]}},{"type":"Feature","properties":{"date":"2001-03-22","label":"22 Mar","yday":81,"tier":"day","major":false},"geometry":{"type":"MultiLineString","coordinates":[[[-94.569,30.569],[-94.525,30.57],[-94.475,30.57],[-94.425,30.571],[-94.375,30.572],[-94.325,30.573],[-94.275,30.574],[-94.225,30.575],[-94.224,30.575],[-94.175,30.576],[-94.125,30.577],[-94.075,30.579],[-94.025,30.58],[-93.975,30.582],[-93.925,30.583],[-93.875,30.584],[-93.825,30.586],[-93.775,30.588],[-93.725,30.589],[-93.675,30.591],[-93.625,30.593],[-93.575,30.595],[-93.525,30.597],[-93.475,30.6],[-93.425,30.603],[-93.375,30.606],[-93.325,30.61],[-93.275,30.614],[-93.225,30.619],[-93.175,30.624],[-93.171,30.625],[-93.125,30.63],[-93.075,30.637],[-93.025,30.644],[-92.975,30.652],[-92.925,30.66],[-92.875,30.668],[-92.837,30.675],[-92.825,30.677],[-92.775,30.687],[-92.725,30.696],[-92.675,30.707],[-92.625,30.717],[-92.589,30.725],[-92.575,30.728],[-92.525,30.739],[-92.475,30.751],[-92.425,30.763],[-92.375,30.775],[-92.375,30.775],[-92.325,30.788],[-92.275,30.8],[-92.225,30.813],[-92.181,30.825],[-92.175,30.827],[-92.125,30.84]],[[-91.371,31.021],[-91.351,31.025],[-91.325,31.03],[-91.275,31.038],[-91.225,31.046],[-91.175,31.054],[-91.125,31.061],[-91.075,31.067],[-91.025,31.073],[-91.006,31.075],[-90.975,31.078],[-90.925,31.083],[-90.875,31.088],[-90.825,31.092],[-90.775,31.096],[-90.725,31.099],[-90.675,31.102],[-90.625,31.104],[-90.575,31.107],[-90.525,31.109],[-90.475,31.111],[-90.425,31.113],[-90.375,31.115],[-90.325,31.117],[-90.275,31.119],[-90.225,31.12],[-90.175,31.122],[-90.125,31.123],[-90.075,31.124],[-90.032,31.125],[-90.025,31.125],[-89.975,31.126],[-89.925,31.126],[-89.875,31.127],[-89.825,31.127],[-89.775,31.128],[-89.725,31.128],[-89.675,31.128],[-89.625,31.128],[-89.575,31.128],[-89.525,31.129],[-89.475,31.129],[-89.425,31.13],[-89.375,31.13],[-89.325,31.131],[-89.275,31.132],[-89.225,31.134],[-89.175,31.135],[-89.125,31.137],[-89.075,31.14],[-89.025,31.143],[-88.975,31.146],[-88.925,31.15],[-88.875,31.154],[-88.825,31.159],[-88.775,31.164],[-88.725,31.17],[-88.683,31.175],[-88.675,31.176],[-88.625,31.183],[-88.575,31.189],[-88.525,31.197],[-88.475,31.204],[-88.425,31.212],[-88.375,31.22],[-88.342,31.225],[-88.325,31.228],[-88.275,31.236],[-88.225,31.244],[-88.175,31.253],[-88.125,31.261],[-88.075,31.27],[-88.047,31.275],[-88.025,31.279],[-87.975,31.287],[-87.925,31.296],[-87.875,31.305],[-87.825,31.313],[-87.775,31.322],[-87.756,31.325],[-87.725,31.33],[-87.675,31.338],[-87.625,31.346],[-87.575,31.354],[-87.525,31.361],[-87.475,31.368],[-87.425,31.375],[-87.421,31.375],[-87.375,31.381],[-87.325,31.386],[-87.275,31.391],[-87.225,31.395],[-87.175,31.399],[-87.125,31.402],[-87.075,31.405],[-87.025,31.406],[-86.975,31.407],[-86.925,31.407],[-86.875,31.406],[-86.825,31.405],[-86.775,31.402],[-86.725,31.399],[-86.675,31.395],[-86.625,31.391],[-86.575,31.385],[-86.525,31.379],[-86.496,31.375],[-86.475,31.372],[-86.425,31.365],[-86.375,31.357],[-86.325,31.349],[-86.275,31.341],[-86.225,31.332],[-86.187,31.325],[-86.175,31.323],[-86.125,31.314],[-86.075,31.306],[-86.025,31.298],[-85.975,31.291],[-85.925,31.284],[-85.875,31.278],[-85.834,31.275],[-85.825,31.274],[-85.775,31.272],[-85.725,31.273],[-85.697,31.275],[-85.675,31.277],[-85.625,31.285],[-85.575,31.295],[-85.525,31.307],[-85.475,31.321],[-85.46,31.325],[-85.425,31.336],[-85.375,31.352],[-85.325,31.369],[-85.307,31.375],[-85.275,31.386],[-85.225,31.405],[-85.175,31.424],[-85.172,31.425],[-85.125,31.443],[-85.075,31.463],[-85.045,31.475],[-85.025,31.483],[-84.975,31.503],[-84.925,31.524],[-84.922,31.525],[-84.875,31.544],[-84.825,31.564],[-84.799,31.575],[-84.775,31.585],[-84.725,31.605],[-84.675,31.625],[-84.674,31.625],[-84.625,31.644],[-84.575,31.664],[-84.545,31.675],[-84.525,31.682],[-84.475,31.701],[-84.425,31.718],[-84.406,31.725],[-84.375,31.736],[-84.325,31.752],[-84.275,31.768],[-84.253,31.775],[-84.225,31.784],[-84.175,31.799],[-84.125,31.813],[-84.083,31.825],[-84.075,31.827],[-84.025,31.841],[-83.975,31.855],[-83.925,31.869],[-83.902,31.875],[-83.875,31.882],[-83.825,31.896],[-83.775,31.91],[-83.725,31.924],[-83.721,31.925],[-83.675,31.938],[-83.625,31.952],[-83.575,31.967],[-83.547,31.975],[-83.525,31.982],[-83.475,31.997],[-83.425,32.012],[-83.386,32.025],[-83.375,32.028],[-83.325,32.045],[-83.275,32.062],[-83.236,32.075],[-83.225,32.079],[-83.175,32.096],[-83.125,32.114],[-83.096,32.125],[-83.075,32.133],[-83.025,32.151],[-82.975,32.17],[-82.963,32.175],[-82.925,32.189],[-82.875,32.209],[-82.833,32.225],[-82.825,32.228],[-82.775,32.248],[-82.725,32.267],[-82.703,32.275],[-82.675,32.286],[-82.625,32.304],[-82.575,32.322],[-82.567,32.325],[-82.525,32.339],[-82.475,32.356],[-82.425,32.371],[-82.411,32.375],[-82.375,32.385],[-82.325,32.399],[-82.275,32.411],[-82.225,32.422],[-82.213,32.425],[-82.175,32.433],[-82.125,32.443],[-82.075,32.452],[-82.025,32.461],[-81.975,32.469],[-81.937,32.475],[-81.925,32.477],[-81.875,32.484],[-81.825,32.49],[-81.775,32.496],[-81.725,32.501],[-81.675,32.506],[-81.625,32.511],[-81.575,32.514],[-81.525,32.518],[-81.475,32.52],[-81.425,32.523],[-81.375,32.524],[-81.349,32.525],[-81.325,32.526],[-81.275,32.526],[-81.225,32.526],[-81.175,32.526],[-81.137,32.525],[-81.125,32.525],[-81.075,32.523],[-81.025,32.521],[-80.975,32.518],[-80.925,32.515],[-80.875,32.512],[-80.825,32.508],[-80.775,32.504],[-80.725,32.499],[-80.675,32.495],[-80.625,32.491],[-80.575,32.486],[-80.532,32.482]]]}},{"type":"Feature","properties":{"date":"2001-03-23","label":"23 Mar","yday":82,"tier":"day","major":false},"geometry":{"type":"MultiLineString","coordinates":[[[-94.718,30.668],[-94.675,30.668],[-94.625,30.668],[-94.575,30.668],[-94.525,30.669],[-94.475,30.67],[-94.425,30.671],[-94.375,30.672],[-94.325,30.674],[-94.278,30.675],[-94.275,30.675],[-94.225,30.677],[-94.175,30.679],[-94.125,30.68],[-94.075,30.682],[-94.025,30.684],[-93.975,30.687],[-93.925,30.689],[-93.875,30.691],[-93.825,30.694],[-93.775,30.696],[-93.725,30.699],[-93.675,30.701],[-93.625,30.704],[-93.575,30.707],[-93.525,30.711],[-93.475,30.714],[-93.425,30.718],[-93.375,30.722],[-93.34,30.725],[-93.325,30.726],[-93.275,30.731],[-93.225,30.736],[-93.175,30.741],[-93.125,30.746],[-93.075,30.752],[-93.025,30.757],[-92.975,30.764],[-92.925,30.77],[-92.89,30.775],[-92.875,30.777],[-92.825,30.784],[-92.775,30.792],[-92.725,30.8],[-92.675,30.809],[-92.625,30.818],[-92.589,30.825],[-92.575,30.828],[-92.525,30.838],[-92.475,30.848],[-92.425,30.859],[-92.375,30.87],[-92.355,30.875],[-92.325,30.882],[-92.275,30.894],[-92.225,30.906],[-92.175,30.919],[-92.15,30.925],[-92.13,30.93]],[[-91.375,31.105],[-91.325,31.113],[-91.275,31.121],[-91.25,31.125],[-91.225,31.129],[-91.175,31.136],[-91.125,31.142],[-91.075,31.148],[-91.025,31.154],[-90.975,31.159],[-90.925,31.164],[-90.875,31.168],[-90.825,31.171],[-90.775,31.175],[-90.772,31.175],[-90.725,31.178],[-90.675,31.181],[-90.625,31.183],[-90.575,31.185],[-90.525,31.187],[-90.475,31.189],[-90.425,31.192],[-90.375,31.194],[-90.325,31.196],[-90.275,31.198],[-90.225,31.199],[-90.175,31.201],[-90.125,31.203],[-90.075,31.204],[-90.025,31.205],[-89.975,31.206],[-89.925,31.207],[-89.875,31.208],[-89.825,31.209],[-89.775,31.21],[-89.725,31.211],[-89.675,31.212],[-89.625,31.213],[-89.575,31.214],[-89.525,31.215],[-89.475,31.216],[-89.425,31.217],[-89.375,31.219],[-89.325,31.22],[-89.275,31.222],[-89.225,31.224],[-89.201,31.225],[-89.175,31.226],[-89.125,31.228],[-89.075,31.231],[-89.025,31.234],[-88.975,31.238],[-88.925,31.241],[-88.875,31.246],[-88.825,31.251],[-88.775,31.256],[-88.725,31.262],[-88.675,31.268],[-88.625,31.274],[-88.619,31.275],[-88.575,31.281],[-88.525,31.288],[-88.475,31.296],[-88.425,31.303],[-88.375,31.311],[-88.325,31.319],[-88.292,31.325],[-88.275,31.328],[-88.225,31.336],[-88.175,31.345],[-88.125,31.354],[-88.075,31.362],[-88.025,31.371],[-88.004,31.375],[-87.975,31.38],[-87.925,31.389],[-87.875,31.398],[-87.825,31.406],[-87.775,31.415],[-87.725,31.423],[-87.715,31.425],[-87.675,31.432],[-87.625,31.44],[-87.575,31.447],[-87.525,31.454],[-87.475,31.461],[-87.425,31.468],[-87.375,31.474],[-87.364,31.475],[-87.325,31.479],[-87.275,31.484],[-87.225,31.489],[-87.175,31.492],[-87.125,31.495],[-87.075,31.498],[-87.025,31.499],[-86.975,31.5],[-86.925,31.5],[-86.875,31.499],[-86.825,31.498],[-86.775,31.495],[-86.725,31.492],[-86.675,31.488],[-86.625,31.484],[-86.575,31.479],[-86.546,31.475],[-86.525,31.473],[-86.475,31.466],[-86.425,31.459],[-86.375,31.451],[-86.325,31.443],[-86.275,31.435],[-86.225,31.426],[-86.219,31.425],[-86.175,31.417],[-86.125,31.409],[-86.075,31.401],[-86.025,31.393],[-85.975,31.385],[-85.925,31.379],[-85.888,31.375],[-85.875,31.374],[-85.825,31.37],[-85.775,31.369],[-85.725,31.37],[-85.675,31.375],[-85.673,31.375],[-85.625,31.382],[-85.575,31.393],[-85.525,31.405],[-85.475,31.418],[-85.452,31.425],[-85.425,31.433],[-85.375,31.449],[-85.325,31.466],[-85.298,31.475],[-85.275,31.483],[-85.225,31.501],[-85.175,31.52],[-85.161,31.525],[-85.125,31.538],[-85.075,31.558],[-85.03,31.575],[-85.025,31.577],[-84.975,31.596],[-84.925,31.616],[-84.901,31.625],[-84.875,31.635],[-84.825,31.654],[-84.775,31.673],[-84.77,31.675],[-84.725,31.692],[-84.675,31.71],[-84.635,31.725],[-84.625,31.729],[-84.575,31.746],[-84.525,31.764],[-84.491,31.775],[-84.475,31.78],[-84.425,31.797],[-84.375,31.812],[-84.334,31.825],[-84.325,31.828],[-84.275,31.842],[-84.225,31.857],[-84.175,31.871],[-84.159,31.875],[-84.125,31.884],[-84.075,31.898],[-84.025,31.911],[-83.975,31.924],[-83.971,31.925],[-83.925,31.937],[-83.875,31.95],[-83.825,31.963],[-83.781,31.975],[-83.775,31.977],[-83.725,31.99],[-83.675,32.004],[-83.625,32.018],[-83.601,32.025],[-83.575,32.032],[-83.525,32.047],[-83.475,32.062],[-83.435,32.075],[-83.425,32.078],[-83.375,32.094],[-83.325,32.111],[-83.282,32.125],[-83.275,32.128],[-83.225,32.145],[-83.175,32.163],[-83.142,32.175],[-83.125,32.181],[-83.075,32.2],[-83.025,32.219],[-83.009,32.225],[-82.975,32.238],[-82.925,32.258],[-82.88,32.275],[-82.875,32.277],[-82.825,32.297],[-82.775,32.316],[-82.752,32.325],[-82.725,32.335],[-82.675,32.354],[-82.625,32.372],[-82.617,32.375],[-82.575,32.39],[-82.525,32.407],[-82.475,32.423],[-82.468,32.425],[-82.425,32.438],[-82.375,32.452],[-82.325,32.466],[-82.288,32.475],[-82.275,32.478],[-82.225,32.49],[-82.175,32.501],[-82.125,32.511],[-82.075,32.521],[-82.051,32.525],[-82.025,32.53],[-81.975,32.538],[-81.925,32.546],[-81.875,32.553],[-81.825,32.56],[-81.775,32.566],[-81.725,32.572],[-81.693,32.575],[-81.675,32.577],[-81.625,32.581],[-81.575,32.586],[-81.525,32.589],[-81.475,32.592],[-81.425,32.595],[-81.375,32.597],[-81.325,32.599],[-81.275,32.6],[-81.225,32.601],[-81.175,32.601],[-81.125,32.6],[-81.075,32.6],[-81.025,32.598],[-80.975,32.597],[-80.925,32.594],[-80.875,32.592],[-80.825,32.589],[-80.775,32.586],[-80.725,32.583],[-80.675,32.58],[-80.625,32.577],[-80.602,32.575],[-80.575,32.573],[-80.53,32.57]],[[-80.519,32.569],[-80.475,32.566],[-80.425,32.561],[-80.375,32.556],[-80.325,32.55],[-80.275,32.544],[-80.258,32.542]]]}},{"type":"Feature","properties":{"date":"2001-03-24","label":"24 Mar","yday":83,"tier":"day","major":false},"geometry":{"type":"MultiLineString","coordinates":[[[-94.768,30.768],[-94.725,30.767],[-94.675,30.767],[-94.625,30.768],[-94.575,30.768],[-94.525,30.769],[-94.475,30.77],[-94.425,30.772],[-94.375,30.774],[-94.337,30.775],[-94.325,30.775],[-94.275,30.778],[-94.225,30.78],[-94.175,30.782],[-94.125,30.785],[-94.075,30.788],[-94.025,30.79],[-93.975,30.793],[-93.925,30.796],[-93.875,30.8],[-93.825,30.803],[-93.775,30.806],[-93.725,30.81],[-93.675,30.814],[-93.625,30.817],[-93.575,30.821],[-93.533,30.825],[-93.525,30.826],[-93.475,30.83],[-93.425,30.835],[-93.375,30.839],[-93.325,30.844],[-93.275,30.849],[-93.225,30.853],[-93.175,30.858],[-93.125,30.862],[-93.075,30.867],[-93.025,30.871],[-92.984,30.875],[-92.975,30.876],[-92.925,30.881],[-92.875,30.886],[-92.825,30.892],[-92.775,30.898],[-92.725,30.904],[-92.675,30.911],[-92.625,30.919],[-92.59,30.925],[-92.575,30.927],[-92.525,30.936],[-92.475,30.946],[-92.425,30.956],[-92.375,30.966],[-92.335,30.975],[-92.325,30.977],[-92.275,30.989],[-92.246,30.996]],[[-91.375,31.191],[-91.325,31.199],[-91.275,31.206],[-91.225,31.213],[-91.175,31.22],[-91.133,31.225],[-91.125,31.226],[-91.075,31.232],[-91.025,31.237],[-90.975,31.242],[-90.925,31.246],[-90.875,31.25],[-90.825,31.253],[-90.775,31.256],[-90.725,31.259],[-90.675,31.262],[-90.625,31.264],[-90.575,31.266],[-90.525,31.268],[-90.475,31.27],[-90.425,31.272],[-90.375,31.274],[-90.36,31.275],[-90.325,31.276],[-90.275,31.278],[-90.225,31.28],[-90.175,31.282],[-90.125,31.284],[-90.075,31.285],[-90.025,31.287],[-89.975,31.288],[-89.925,31.29],[-89.875,31.291],[-89.825,31.293],[-89.775,31.294],[-89.725,31.295],[-89.675,31.297],[-89.625,31.298],[-89.575,31.3],[-89.525,31.302],[-89.475,31.303],[-89.425,31.305],[-89.375,31.307],[-89.325,31.309],[-89.275,31.312],[-89.225,31.314],[-89.175,31.316],[-89.125,31.319],[-89.075,31.322],[-89.025,31.325],[-89.024,31.325],[-88.975,31.329],[-88.925,31.333],[-88.875,31.337],[-88.825,31.342],[-88.775,31.347],[-88.725,31.353],[-88.675,31.359],[-88.625,31.365],[-88.575,31.372],[-88.557,31.375],[-88.525,31.38],[-88.475,31.387],[-88.425,31.395],[-88.375,31.403],[-88.325,31.411],[-88.275,31.42],[-88.244,31.425],[-88.225,31.428],[-88.175,31.437],[-88.125,31.446],[-88.075,31.455],[-88.025,31.464],[-87.975,31.473],[-87.964,31.475],[-87.925,31.482],[-87.875,31.491],[-87.825,31.5],[-87.775,31.509],[-87.725,31.517],[-87.678,31.525],[-87.675,31.525],[-87.625,31.534],[-87.575,31.541],[-87.525,31.549],[-87.475,31.556],[-87.425,31.562],[-87.375,31.568],[-87.325,31.574],[-87.313,31.575],[-87.275,31.579],[-87.225,31.583],[-87.175,31.587],[-87.125,31.59],[-87.075,31.593],[-87.025,31.594],[-86.975,31.595],[-86.925,31.596],[-86.875,31.595],[-86.825,31.594],[-86.775,31.592],[-86.725,31.589],[-86.675,31.585],[-86.625,31.581],[-86.575,31.576],[-86.569,31.575],[-86.525,31.57],[-86.475,31.564],[-86.425,31.557],[-86.375,31.55],[-86.325,31.542],[-86.275,31.534],[-86.225,31.525],[-86.223,31.525],[-86.175,31.517],[-86.125,31.509],[-86.075,31.501],[-86.025,31.494],[-85.975,31.487],[-85.925,31.482],[-85.875,31.477],[-85.827,31.475],[-85.825,31.475],[-85.775,31.474],[-85.761,31.475],[-85.725,31.476],[-85.675,31.481],[-85.625,31.488],[-85.575,31.497],[-85.525,31.509],[-85.475,31.521],[-85.461,31.525],[-85.425,31.535],[-85.375,31.55],[-85.325,31.566],[-85.298,31.575],[-85.275,31.582],[-85.225,31.6],[-85.175,31.617],[-85.153,31.625],[-85.125,31.635],[-85.075,31.653],[-85.025,31.671],[-85.014,31.675],[-84.975,31.689],[-84.925,31.707],[-84.875,31.725],[-84.875,31.725],[-84.825,31.743],[-84.775,31.761],[-84.733,31.775],[-84.725,31.778],[-84.675,31.795],[-84.625,31.811],[-84.583,31.825],[-84.575,31.828],[-84.525,31.843],[-84.475,31.859],[-84.425,31.873],[-84.42,31.875],[-84.375,31.888],[-84.325,31.902],[-84.275,31.915],[-84.239,31.925],[-84.225,31.929],[-84.175,31.942],[-84.125,31.954],[-84.075,31.967],[-84.043,31.975],[-84.025,31.98],[-83.975,31.992],[-83.925,32.004],[-83.875,32.017],[-83.844,32.025],[-83.825,32.03],[-83.775,32.043],[-83.725,32.056],[-83.675,32.069],[-83.655,32.075],[-83.625,32.083],[-83.575,32.097],[-83.525,32.112],[-83.482,32.125],[-83.475,32.127],[-83.425,32.143],[-83.375,32.159],[-83.327,32.175],[-83.325,32.176],[-83.275,32.193],[-83.225,32.211],[-83.186,32.225],[-83.175,32.229],[-83.125,32.248],[-83.075,32.267],[-83.053,32.275],[-83.025,32.286],[-82.975,32.305],[-82.925,32.325],[-82.925,32.325],[-82.875,32.345],[-82.825,32.364],[-82.798,32.375],[-82.775,32.384],[-82.725,32.403],[-82.675,32.422],[-82.666,32.425],[-82.625,32.44],[-82.575,32.457],[-82.525,32.474],[-82.522,32.475],[-82.475,32.49],[-82.425,32.505],[-82.375,32.519],[-82.354,32.525],[-82.325,32.533],[-82.275,32.545],[-82.225,32.557],[-82.175,32.568],[-82.144,32.575],[-82.125,32.579],[-82.075,32.589],[-82.025,32.598],[-81.975,32.607],[-81.925,32.615],[-81.875,32.622],[-81.856,32.625],[-81.825,32.629],[-81.775,32.636],[-81.725,32.642],[-81.675,32.647],[-81.625,32.652],[-81.575,32.657],[-81.525,32.661],[-81.475,32.665],[-81.425,32.668],[-81.375,32.67],[-81.325,32.673],[-81.275,32.674],[-81.242,32.675],[-81.225,32.675],[-81.175,32.676],[-81.125,32.677],[-81.075,32.677],[-81.025,32.676],[-80.975,32.675],[-80.965,32.675],[-80.925,32.674],[-80.875,32.673],[-80.825,32.671],[-80.775,32.669],[-80.725,32.667],[-80.675,32.665],[-80.625,32.663],[-80.575,32.661],[-80.525,32.658],[-80.475,32.655],[-80.425,32.652],[-80.375,32.648],[-80.325,32.643],[-80.275,32.638],[-80.225,32.632],[-80.175,32.625],[-80.172,32.625],[-80.131,32.619]]]}},{"type":"Feature","properties":{"date":"2001-03-25","label":"25 Mar","yday":84,"tier":"day","major":false},"geometry":{"type":"MultiLineString","coordinates":[[[-94.87,30.87],[-94.825,30.869],[-94.775,30.868],[-94.725,30.868],[-94.675,30.868],[-94.625,30.868],[-94.575,30.869],[-94.525,30.871],[-94.475,30.872],[-94.425,30.874],[-94.408,30.875],[-94.375,30.877],[-94.325,30.879],[-94.275,30.882],[-94.225,30.885],[-94.175,30.888],[-94.125,30.891],[-94.075,30.895],[-94.025,30.898],[-93.975,30.902],[-93.925,30.906],[-93.875,30.91],[-93.825,30.914],[-93.775,30.918],[-93.725,30.923],[-93.7,30.925],[-93.675,30.927],[-93.625,30.932],[-93.575,30.937],[-93.525,30.942],[-93.475,30.947],[-93.425,30.952],[-93.375,30.957],[-93.325,30.962],[-93.275,30.967],[-93.225,30.971],[-93.181,30.975],[-93.175,30.975],[-93.125,30.979],[-93.075,30.982],[-93.025,30.985],[-92.975,30.988],[-92.925,30.991],[-92.875,30.994],[-92.825,30.999],[-92.775,31.003],[-92.725,31.008],[-92.675,31.014],[-92.625,31.02],[-92.594,31.025],[-92.575,31.028],[-92.534,31.034]],[[-95.131,30.881],[-95.125,30.881],[-95.075,30.878],[-95.025,30.876],[-95.008,30.875],[-94.975,30.874],[-94.925,30.872],[-94.88,30.87]],[[-91.375,31.279],[-91.325,31.286],[-91.275,31.294],[-91.225,31.3],[-91.175,31.306],[-91.125,31.312],[-91.075,31.317],[-91.025,31.322],[-90.992,31.325],[-90.975,31.327],[-90.925,31.331],[-90.875,31.334],[-90.825,31.338],[-90.775,31.34],[-90.725,31.343],[-90.675,31.346],[-90.625,31.348],[-90.575,31.35],[-90.525,31.352],[-90.475,31.354],[-90.425,31.356],[-90.375,31.358],[-90.325,31.36],[-90.275,31.362],[-90.225,31.363],[-90.175,31.365],[-90.125,31.367],[-90.075,31.369],[-90.025,31.37],[-89.975,31.372],[-89.925,31.374],[-89.883,31.375],[-89.875,31.375],[-89.825,31.377],[-89.775,31.379],[-89.725,31.381],[-89.675,31.382],[-89.625,31.384],[-89.575,31.387],[-89.525,31.389],[-89.475,31.391],[-89.425,31.393],[-89.375,31.396],[-89.325,31.398],[-89.275,31.401],[-89.225,31.403],[-89.175,31.406],[-89.125,31.409],[-89.075,31.412],[-89.025,31.415],[-88.975,31.419],[-88.925,31.423],[-88.905,31.425],[-88.875,31.428],[-88.825,31.433],[-88.775,31.438],[-88.725,31.444],[-88.675,31.45],[-88.625,31.457],[-88.575,31.464],[-88.525,31.471],[-88.498,31.475],[-88.475,31.479],[-88.425,31.487],[-88.375,31.495],[-88.325,31.503],[-88.275,31.512],[-88.225,31.521],[-88.201,31.525],[-88.175,31.53],[-88.125,31.539],[-88.075,31.548],[-88.025,31.557],[-87.975,31.567],[-87.93,31.575],[-87.925,31.576],[-87.875,31.585],[-87.825,31.594],[-87.775,31.603],[-87.725,31.612],[-87.675,31.62],[-87.648,31.625],[-87.625,31.629],[-87.575,31.637],[-87.525,31.644],[-87.475,31.651],[-87.425,31.658],[-87.375,31.664],[-87.325,31.67],[-87.279,31.675],[-87.275,31.675],[-87.225,31.68],[-87.175,31.684],[-87.125,31.688],[-87.075,31.69],[-87.025,31.692],[-86.975,31.694],[-86.925,31.694],[-86.875,31.694],[-86.825,31.693],[-86.775,31.691],[-86.725,31.689],[-86.675,31.686],[-86.625,31.682],[-86.575,31.677],[-86.555,31.675],[-86.525,31.672],[-86.475,31.666],[-86.425,31.66],[-86.375,31.653],[-86.325,31.646],[-86.275,31.638],[-86.225,31.63],[-86.191,31.625],[-86.175,31.623],[-86.125,31.615],[-86.075,31.608],[-86.025,31.601],[-85.975,31.596],[-85.925,31.591],[-85.875,31.588],[-85.825,31.586],[-85.775,31.586],[-85.725,31.588],[-85.675,31.592],[-85.625,31.599],[-85.575,31.607],[-85.525,31.617],[-85.488,31.625],[-85.475,31.628],[-85.425,31.64],[-85.375,31.654],[-85.325,31.668],[-85.303,31.675],[-85.275,31.683],[-85.225,31.699],[-85.175,31.715],[-85.145,31.725],[-85.125,31.732],[-85.075,31.748],[-85.025,31.765],[-84.995,31.775],[-84.975,31.782],[-84.925,31.798],[-84.875,31.815],[-84.843,31.825],[-84.825,31.831],[-84.775,31.847],[-84.725,31.863],[-84.685,31.875],[-84.675,31.878],[-84.625,31.893],[-84.575,31.908],[-84.525,31.922],[-84.515,31.925],[-84.475,31.936],[-84.425,31.949],[-84.375,31.963],[-84.326,31.975],[-84.325,31.975],[-84.275,31.988],[-84.225,32.0],[-84.175,32.012],[-84.125,32.024],[-84.121,32.025],[-84.075,32.036],[-84.025,32.048],[-83.975,32.059],[-83.925,32.071],[-83.91,32.075],[-83.875,32.083],[-83.825,32.096],[-83.775,32.108],[-83.725,32.121],[-83.71,32.125],[-83.675,32.134],[-83.625,32.148],[-83.575,32.162],[-83.53,32.175],[-83.525,32.177],[-83.475,32.192],[-83.425,32.207],[-83.375,32.224],[-83.372,32.225],[-83.325,32.241],[-83.275,32.258],[-83.229,32.275],[-83.225,32.276],[-83.175,32.295],[-83.125,32.314],[-83.096,32.325],[-83.075,32.333],[-83.025,32.353],[-82.975,32.373],[-82.969,32.375],[-82.925,32.393],[-82.875,32.412],[-82.843,32.425],[-82.825,32.432],[-82.775,32.452],[-82.725,32.471],[-82.713,32.475],[-82.675,32.489],[-82.625,32.507],[-82.575,32.525],[-82.574,32.525],[-82.525,32.541],[-82.475,32.557],[-82.425,32.572],[-82.415,32.575],[-82.375,32.586],[-82.325,32.6],[-82.275,32.613],[-82.225,32.625],[-82.224,32.625],[-82.175,32.636],[-82.125,32.647],[-82.075,32.657],[-82.025,32.667],[-81.978,32.675],[-81.975,32.675],[-81.925,32.684],[-81.875,32.692],[-81.825,32.699],[-81.775,32.706],[-81.725,32.712],[-81.675,32.718],[-81.625,32.724],[-81.611,32.725],[-81.575,32.729],[-81.525,32.733],[-81.475,32.737],[-81.425,32.741],[-81.375,32.744],[-81.325,32.747],[-81.275,32.749],[-81.225,32.751],[-81.175,32.752],[-81.125,32.753],[-81.075,32.754],[-81.025,32.755],[-80.975,32.755],[-80.925,32.754],[-80.875,32.754],[-80.825,32.753],[-80.775,32.753],[-80.725,32.752],[-80.675,32.751],[-80.625,32.749],[-80.575,32.748],[-80.525,32.747],[-80.475,32.745],[-80.425,32.742],[-80.375,32.74],[-80.325,32.736],[-80.275,32.732],[-80.225,32.728],[-80.201,32.725],[-80.175,32.722],[-80.125,32.715],[-80.075,32.707],[-80.025,32.698],[-79.975,32.688],[-79.925,32.676],[-79.924,32.676]]]}},{"type":"Feature","properties":{"date":"2001-03-26","label":"26 Mar","yday":85,"tier":"five","major":false},"geometry":{"type":"MultiLineString","coordinates":[[[-95.175,30.989],[-95.125,30.986],[-95.075,30.983],[-95.025,30.979],[-94.975,30.977],[-94.939,30.975],[-94.925,30.974],[-94.875,30.972],[-94.825,30.971],[-94.775,30.97],[-94.725,30.97],[-94.675,30.97],[-94.625,30.971],[-94.575,30.972],[-94.525,30.974],[-94.503,30.975],[-94.475,30.976],[-94.425,30.979],[-94.375,30.982],[-94.325,30.985],[-94.275,30.989],[-94.225,30.992],[-94.175,30.996],[-94.125,31.0],[-94.075,31.005],[-94.025,31.009],[-93.975,31.013],[-93.925,31.018],[-93.875,31.023],[-93.851,31.025],[-93.825,31.028],[-93.775,31.032],[-93.725,31.037],[-93.675,31.043],[-93.625,31.048],[-93.575,31.053],[-93.525,31.058],[-93.475,31.063],[-93.425,31.069],[-93.375,31.074],[-93.362,31.075],[-93.325,31.079],[-93.275,31.083],[-93.225,31.087],[-93.175,31.09],[-93.125,31.093],[-93.075,31.095],[-93.025,31.097],[-92.975,31.099],[-92.925,31.101],[-92.875,31.103],[-92.825,31.106],[-92.775,31.109],[-92.725,31.113],[-92.675,31.117],[-92.668,31.118]],[[-91.325,31.377],[-91.275,31.384],[-91.225,31.39],[-91.175,31.396],[-91.125,31.401],[-91.075,31.406],[-91.025,31.41],[-90.975,31.414],[-90.925,31.418],[-90.875,31.421],[-90.825,31.424],[-90.815,31.425],[-90.775,31.427],[-90.725,31.43],[-90.675,31.432],[-90.625,31.434],[-90.575,31.436],[-90.525,31.438],[-90.475,31.44],[-90.425,31.442],[-90.375,31.443],[-90.325,31.445],[-90.275,31.447],[-90.225,31.449],[-90.175,31.45],[-90.125,31.452],[-90.075,31.454],[-90.025,31.456],[-89.975,31.457],[-89.925,31.459],[-89.875,31.461],[-89.825,31.463],[-89.775,31.465],[-89.725,31.467],[-89.675,31.469],[-89.625,31.471],[-89.575,31.474],[-89.552,31.475],[-89.525,31.476],[-89.475,31.479],[-89.425,31.482],[-89.375,31.484],[-89.325,31.487],[-89.275,31.49],[-89.225,31.492],[-89.175,31.495],[-89.125,31.498],[-89.075,31.502],[-89.025,31.505],[-88.975,31.509],[-88.925,31.514],[-88.875,31.518],[-88.825,31.523],[-88.811,31.525],[-88.775,31.529],[-88.725,31.535],[-88.675,31.541],[-88.625,31.548],[-88.575,31.555],[-88.525,31.563],[-88.475,31.57],[-88.447,31.575],[-88.425,31.579],[-88.375,31.587],[-88.325,31.596],[-88.275,31.605],[-88.225,31.614],[-88.175,31.623],[-88.165,31.625],[-88.125,31.633],[-88.075,31.642],[-88.025,31.652],[-87.975,31.661],[-87.925,31.671],[-87.904,31.675],[-87.875,31.681],[-87.825,31.69],[-87.775,31.699],[-87.725,31.708],[-87.675,31.717],[-87.629,31.725],[-87.625,31.726],[-87.575,31.734],[-87.525,31.742],[-87.475,31.749],[-87.425,31.756],[-87.375,31.763],[-87.325,31.769],[-87.275,31.775],[-87.27,31.775],[-87.225,31.78],[-87.175,31.784],[-87.125,31.788],[-87.075,31.791],[-87.025,31.793],[-86.975,31.795],[-86.925,31.796],[-86.875,31.797],[-86.825,31.796],[-86.775,31.795],[-86.725,31.793],[-86.675,31.791],[-86.625,31.787],[-86.575,31.783],[-86.525,31.779],[-86.492,31.775],[-86.475,31.773],[-86.425,31.767],[-86.375,31.761],[-86.325,31.754],[-86.275,31.747],[-86.225,31.74],[-86.175,31.733],[-86.125,31.726],[-86.114,31.725],[-86.075,31.72],[-86.025,31.714],[-85.975,31.709],[-85.925,31.705],[-85.875,31.702],[-85.825,31.7],[-85.775,31.701],[-85.725,31.702],[-85.675,31.706],[-85.625,31.711],[-85.575,31.718],[-85.534,31.725],[-85.525,31.726],[-85.475,31.736],[-85.425,31.747],[-85.375,31.759],[-85.325,31.772],[-85.313,31.775],[-85.275,31.785],[-85.225,31.799],[-85.175,31.814],[-85.137,31.825],[-85.125,31.828],[-85.075,31.843],[-85.025,31.859],[-84.975,31.874],[-84.971,31.875],[-84.925,31.889],[-84.875,31.904],[-84.825,31.918],[-84.802,31.925],[-84.775,31.933],[-84.725,31.947],[-84.675,31.961],[-84.625,31.974],[-84.622,31.975],[-84.575,31.987],[-84.525,32.0],[-84.475,32.013],[-84.425,32.025],[-84.425,32.025],[-84.375,32.037],[-84.325,32.048],[-84.275,32.06],[-84.225,32.071],[-84.208,32.075],[-84.175,32.082],[-84.125,32.093],[-84.075,32.104],[-84.025,32.115],[-83.982,32.125],[-83.975,32.127],[-83.925,32.138],[-83.875,32.149],[-83.825,32.161],[-83.775,32.173],[-83.768,32.175],[-83.725,32.186],[-83.675,32.199],[-83.625,32.212],[-83.579,32.225],[-83.575,32.226],[-83.525,32.241],[-83.475,32.256],[-83.425,32.272],[-83.416,32.275],[-83.375,32.289],[-83.325,32.306],[-83.275,32.324],[-83.271,32.325],[-83.225,32.342],[-83.175,32.361],[-83.139,32.375],[-83.125,32.38],[-83.075,32.4],[-83.025,32.42],[-83.013,32.425],[-82.975,32.44],[-82.925,32.46],[-82.888,32.475],[-82.875,32.48],[-82.825,32.5],[-82.775,32.52],[-82.761,32.525],[-82.725,32.539],[-82.675,32.557],[-82.625,32.575],[-82.625,32.575],[-82.575,32.592],[-82.525,32.609],[-82.475,32.625],[-82.474,32.625],[-82.425,32.64],[-82.375,32.654],[-82.325,32.668],[-82.297,32.675],[-82.275,32.681],[-82.225,32.693],[-82.175,32.705],[-82.125,32.716],[-82.079,32.725],[-82.075,32.726],[-82.025,32.736],[-81.975,32.745],[-81.925,32.754],[-81.875,32.762],[-81.825,32.769],[-81.786,32.775],[-81.775,32.777],[-81.725,32.783],[-81.675,32.79],[-81.625,32.796],[-81.575,32.801],[-81.525,32.806],[-81.475,32.811],[-81.425,32.815],[-81.375,32.818],[-81.325,32.822],[-81.275,32.825],[-81.268,32.825],[-81.225,32.827],[-81.175,32.829],[-81.125,32.831],[-81.075,32.833],[-81.025,32.834],[-80.975,32.835],[-80.925,32.835],[-80.875,32.836],[-80.825,32.836],[-80.775,32.837],[-80.725,32.837],[-80.675,32.836],[-80.625,32.836],[-80.575,32.836],[-80.525,32.835],[-80.475,32.834],[-80.425,32.833],[-80.375,32.831],[-80.325,32.829],[-80.275,32.826],[-80.262,32.825],[-80.225,32.822],[-80.175,32.818],[-80.125,32.812],[-80.075,32.805],[-80.025,32.797],[-79.975,32.787]]]}},{"type":"Feature","properties":{"date":"2001-03-27","label":"27 Mar","yday":86,"tier":"day","major":false},"geometry":{"type":"MultiLineString","coordinates":[[[-94.785,31.075],[-94.775,31.075],[-94.725,31.075],[-94.68,31.075],[-94.675,31.075],[-94.625,31.076],[-94.575,31.078],[-94.525,31.081],[-94.475,31.084],[-94.425,31.087],[-94.375,31.091],[-94.325,31.095],[-94.275,31.099],[-94.225,31.103],[-94.175,31.108],[-94.125,31.113],[-94.075,31.118],[-94.025,31.123],[-94.002,31.125],[-93.975,31.128],[-93.925,31.133],[-93.875,31.138],[-93.825,31.144],[-93.775,31.149],[-93.725,31.154],[-93.675,31.16],[-93.625,31.165],[-93.575,31.17],[-93.527,31.175],[-93.525,31.175],[-93.475,31.18],[-93.425,31.185],[-93.375,31.19],[-93.325,31.194],[-93.275,31.197],[-93.225,31.201],[-93.175,31.203],[-93.125,31.205],[-93.075,31.207],[-93.025,31.208],[-92.975,31.21],[-92.925,31.211],[-92.875,31.212],[-92.825,31.214],[-92.775,31.217],[-92.725,31.219]],[[-91.325,31.471],[-91.294,31.475],[-91.275,31.477],[-91.225,31.483],[-91.175,31.488],[-91.125,31.493],[-91.075,31.498],[-91.025,31.502],[-90.975,31.506],[-90.925,31.509],[-90.875,31.512],[-90.825,31.515],[-90.775,31.517],[-90.725,31.519],[-90.675,31.521],[-90.625,31.523],[-90.575,31.525],[-90.573,31.525],[-90.525,31.527],[-90.475,31.528],[-90.425,31.53],[-90.375,31.531],[-90.325,31.533],[-90.275,31.535],[-90.225,31.536],[-90.175,31.538],[-90.125,31.539],[-90.075,31.541],[-90.025,31.543],[-89.975,31.545],[-89.925,31.547],[-89.875,31.549],[-89.825,31.551],[-89.775,31.553],[-89.725,31.555],[-89.675,31.557],[-89.625,31.56],[-89.575,31.562],[-89.525,31.565],[-89.475,31.568],[-89.425,31.57],[-89.375,31.573],[-89.342,31.575],[-89.325,31.576],[-89.275,31.579],[-89.225,31.582],[-89.175,31.585],[-89.125,31.588],[-89.075,31.592],[-89.025,31.596],[-88.975,31.6],[-88.925,31.604],[-88.875,31.609],[-88.825,31.615],[-88.775,31.62],[-88.736,31.625],[-88.725,31.626],[-88.675,31.633],[-88.625,31.64],[-88.575,31.647],[-88.525,31.655],[-88.475,31.663],[-88.425,31.672],[-88.405,31.675],[-88.375,31.68],[-88.325,31.689],[-88.275,31.699],[-88.225,31.708],[-88.175,31.718],[-88.139,31.725],[-88.125,31.728],[-88.075,31.738],[-88.025,31.748],[-87.975,31.758],[-87.925,31.768],[-87.888,31.775],[-87.875,31.778],[-87.825,31.787],[-87.775,31.797],[-87.725,31.807],[-87.675,31.816],[-87.625,31.825],[-87.623,31.825],[-87.575,31.833],[-87.525,31.842],[-87.475,31.85],[-87.425,31.857],[-87.375,31.864],[-87.325,31.871],[-87.288,31.875],[-87.275,31.877],[-87.225,31.882],[-87.175,31.887],[-87.125,31.891],[-87.075,31.895],[-87.025,31.898],[-86.975,31.901],[-86.925,31.902],[-86.875,31.903],[-86.825,31.904],[-86.775,31.903],[-86.753,31.903]],[[-86.38,31.875],[-86.375,31.874],[-86.325,31.868],[-86.275,31.862],[-86.225,31.855],[-86.175,31.849],[-86.125,31.842],[-86.075,31.836],[-86.025,31.83],[-85.975,31.826],[-85.968,31.825],[-85.925,31.822],[-85.875,31.819],[-85.825,31.817],[-85.775,31.817],[-85.725,31.818],[-85.675,31.82],[-85.625,31.824],[-85.62,31.825],[-85.575,31.83],[-85.525,31.837],[-85.475,31.845],[-85.425,31.854],[-85.375,31.864],[-85.326,31.875],[-85.325,31.875],[-85.275,31.887],[-85.225,31.899],[-85.175,31.912],[-85.125,31.925],[-85.125,31.925],[-85.075,31.938],[-85.025,31.952],[-84.975,31.965],[-84.94,31.975],[-84.925,31.979],[-84.875,31.992],[-84.825,32.005],[-84.775,32.018],[-84.748,32.025],[-84.725,32.031],[-84.675,32.043],[-84.625,32.055],[-84.575,32.067],[-84.539,32.075],[-84.525,32.078],[-84.475,32.089],[-84.425,32.1],[-84.375,32.111],[-84.325,32.121],[-84.308,32.125],[-84.275,32.132],[-84.225,32.142],[-84.175,32.152],[-84.125,32.163],[-84.075,32.173],[-84.064,32.175],[-84.025,32.183],[-83.975,32.194],[-83.925,32.204],[-83.875,32.215],[-83.833,32.225],[-83.825,32.227],[-83.775,32.238],[-83.725,32.251],[-83.675,32.263],[-83.631,32.275],[-83.625,32.277],[-83.575,32.291],[-83.525,32.305],[-83.475,32.321],[-83.461,32.325],[-83.425,32.337],[-83.375,32.354],[-83.325,32.371],[-83.314,32.375],[-83.275,32.39],[-83.225,32.408],[-83.182,32.425],[-83.175,32.428],[-83.125,32.448],[-83.075,32.468],[-83.057,32.475],[-83.025,32.488],[-82.975,32.509],[-82.934,32.525],[-82.925,32.529],[-82.875,32.549],[-82.825,32.569],[-82.809,32.575],[-82.775,32.588],[-82.725,32.607],[-82.677,32.625],[-82.675,32.626],[-82.625,32.644],[-82.575,32.661],[-82.533,32.675],[-82.525,32.678],[-82.475,32.693],[-82.425,32.709],[-82.375,32.723],[-82.368,32.725],[-82.325,32.737],[-82.275,32.75],[-82.225,32.762],[-82.175,32.774],[-82.17,32.775],[-82.125,32.785],[-82.075,32.796],[-82.025,32.806],[-81.975,32.815],[-81.925,32.824],[-81.92,32.825],[-81.875,32.833],[-81.825,32.841],[-81.775,32.848],[-81.725,32.856],[-81.675,32.862],[-81.625,32.869],[-81.575,32.874],[-81.57,32.875],[-81.525,32.88],[-81.475,32.885],[-81.425,32.89],[-81.375,32.894],[-81.325,32.898],[-81.275,32.902],[-81.225,32.905],[-81.175,32.907],[-81.125,32.91],[-81.075,32.912],[-81.025,32.914],[-80.975,32.916],[-80.925,32.917],[-80.875,32.919],[-80.825,32.92],[-80.775,32.921],[-80.725,32.922],[-80.675,32.922],[-80.625,32.923],[-80.575,32.923],[-80.525,32.923],[-80.475,32.923],[-80.425,32.923],[-80.375,32.922],[-80.325,32.92],[-80.275,32.918],[-80.225,32.916],[-80.175,32.912],[-80.125,32.907],[-80.075,32.902],[-80.025,32.894],[-79.975,32.885],[-79.926,32.875],[-79.925,32.875]],[[-79.925,32.875],[-79.875,32.863],[-79.825,32.85],[-79.775,32.837],[-79.733,32.825]]]}},{"type":"Feature","properties":{"date":"2001-03-28","label":"28 Mar","yday":87,"tier":"day","major":false},"geometry":{"type":"MultiLineString","coordinates":[[[-94.559,31.191],[-94.525,31.193],[-94.475,31.196],[-94.425,31.201],[-94.375,31.205],[-94.325,31.209],[-94.275,31.214],[-94.225,31.219],[-94.175,31.224],[-94.17,31.225],[-94.125,31.23],[-94.075,31.235],[-94.025,31.241],[-93.975,31.246],[-93.925,31.252],[-93.875,31.257],[-93.825,31.263],[-93.775,31.268],[-93.725,31.274],[-93.713,31.275],[-93.675,31.279],[-93.625,31.284],[-93.575,31.289],[-93.525,31.294],[-93.475,31.299],[-93.425,31.303],[-93.375,31.307],[-93.325,31.31],[-93.275,31.313],[-93.225,31.316],[-93.175,31.318],[-93.125,31.32],[-93.075,31.321],[-93.025,31.323],[-92.975,31.324],[-92.925,31.325],[-92.906,31.325],[-92.875,31.326],[-92.825,31.327],[-92.775,31.329],[-92.725,31.331]],[[-92.417,31.367],[-92.375,31.375],[-92.374,31.375],[-92.325,31.385],[-92.275,31.395]],[[-91.225,31.58],[-91.175,31.585],[-91.125,31.589],[-91.075,31.593],[-91.025,31.597],[-90.975,31.6],[-90.925,31.603],[-90.875,31.606],[-90.825,31.608],[-90.775,31.61],[-90.725,31.612],[-90.675,31.614],[-90.625,31.616],[-90.575,31.617],[-90.525,31.618],[-90.475,31.62],[-90.425,31.621],[-90.375,31.622],[-90.325,31.623],[-90.275,31.625],[-90.267,31.625],[-90.225,31.626],[-90.175,31.628],[-90.125,31.629],[-90.075,31.631],[-90.025,31.632],[-89.975,31.634],[-89.925,31.636],[-89.875,31.638],[-89.825,31.64],[-89.775,31.642],[-89.725,31.644],[-89.675,31.647],[-89.625,31.649],[-89.575,31.652],[-89.525,31.655],[-89.475,31.657],[-89.425,31.66],[-89.375,31.663],[-89.325,31.666],[-89.275,31.669],[-89.225,31.672],[-89.18,31.675],[-89.175,31.675],[-89.125,31.679],[-89.075,31.683],[-89.025,31.687],[-88.975,31.691],[-88.925,31.696],[-88.875,31.701],[-88.825,31.706],[-88.775,31.712],[-88.725,31.719],[-88.678,31.725],[-88.675,31.725],[-88.625,31.733],[-88.575,31.74],[-88.525,31.748],[-88.475,31.757],[-88.425,31.766],[-88.375,31.775],[-88.374,31.775],[-88.325,31.784],[-88.275,31.794],[-88.225,31.804],[-88.175,31.814],[-88.125,31.825],[-88.123,31.825],[-88.075,31.835],[-88.025,31.846],[-87.975,31.856],[-87.925,31.867],[-87.885,31.875],[-87.875,31.877],[-87.825,31.887],[-87.775,31.898],[-87.725,31.907],[-87.675,31.917],[-87.633,31.925]],[[-86.137,31.963],[-86.125,31.962],[-86.075,31.955],[-86.025,31.95],[-85.975,31.944],[-85.925,31.94],[-85.875,31.937],[-85.825,31.934],[-85.775,31.933],[-85.725,31.933],[-85.675,31.934],[-85.625,31.937],[-85.575,31.941],[-85.525,31.946],[-85.475,31.953],[-85.425,31.96],[-85.375,31.969],[-85.34,31.975],[-85.325,31.978],[-85.275,31.988],[-85.225,31.999],[-85.175,32.01],[-85.125,32.021],[-85.109,32.025],[-85.075,32.033],[-85.025,32.045],[-84.975,32.057],[-84.925,32.069],[-84.899,32.075],[-84.875,32.081],[-84.825,32.092],[-84.775,32.103],[-84.725,32.114],[-84.676,32.125],[-84.675,32.125],[-84.625,32.136],[-84.575,32.146],[-84.525,32.156],[-84.475,32.166],[-84.427,32.175],[-84.425,32.175],[-84.375,32.185],[-84.325,32.194],[-84.275,32.204],[-84.225,32.213],[-84.175,32.223],[-84.162,32.225],[-84.125,32.232],[-84.075,32.241],[-84.025,32.251],[-83.975,32.261],[-83.925,32.271],[-83.907,32.275],[-83.875,32.282],[-83.825,32.292],[-83.775,32.304],[-83.725,32.316],[-83.687,32.325],[-83.675,32.328],[-83.625,32.341],[-83.575,32.355],[-83.525,32.37],[-83.508,32.375],[-83.475,32.385],[-83.425,32.402],[-83.375,32.419],[-83.359,32.425],[-83.325,32.437],[-83.275,32.456],[-83.227,32.475],[-83.225,32.476],[-83.175,32.496],[-83.125,32.516],[-83.103,32.525],[-83.075,32.537],[-83.025,32.557],[-82.982,32.575],[-82.975,32.578],[-82.925,32.598],[-82.875,32.619],[-82.859,32.625],[-82.825,32.639],[-82.775,32.658],[-82.731,32.675],[-82.725,32.677],[-82.675,32.696],[-82.625,32.714],[-82.592,32.725],[-82.575,32.731],[-82.525,32.748],[-82.475,32.763],[-82.437,32.775],[-82.425,32.779],[-82.375,32.793],[-82.325,32.807],[-82.275,32.82],[-82.255,32.825],[-82.225,32.833],[-82.175,32.845],[-82.125,32.856],[-82.075,32.867],[-82.034,32.875],[-82.025,32.877],[-81.975,32.887],[-81.925,32.896],[-81.875,32.905],[-81.825,32.913],[-81.775,32.921],[-81.75,32.925],[-81.725,32.929],[-81.675,32.936],[-81.625,32.943],[-81.575,32.949],[-81.525,32.955],[-81.475,32.961],[-81.425,32.966],[-81.375,32.971],[-81.332,32.975],[-81.325,32.976],[-81.275,32.98],[-81.225,32.984],[-81.175,32.987],[-81.125,32.99],[-81.075,32.993],[-81.025,32.996],[-80.975,32.998],[-80.925,33.0],[-80.875,33.002],[-80.825,33.004],[-80.775,33.006],[-80.725,33.008],[-80.675,33.009],[-80.625,33.01],[-80.575,33.011],[-80.525,33.012],[-80.475,33.013],[-80.425,33.013],[-80.375,33.012],[-80.325,33.011],[-80.275,33.01],[-80.225,33.007],[-80.175,33.004],[-80.125,33.0],[-80.075,32.995],[-80.025,32.988],[-79.975,32.98],[-79.948,32.975],[-79.925,32.971],[-79.875,32.96],[-79.825,32.948],[-79.775,32.935],[-79.738,32.925],[-79.725,32.921],[-79.675,32.907],[-79.65,32.9]]]}},{"type":"Feature","properties":{"date":"2001-03-29","label":"29 Mar","yday":88,"tier":"day","major":false},"geometry":{"type":"MultiLineString","coordinates":[[[-94.484,31.316],[-94.475,31.317],[-94.425,31.321],[-94.383,31.325],[-94.375,31.326],[-94.325,31.331],[-94.275,31.336],[-94.225,31.341],[-94.175,31.347],[-94.125,31.353],[-94.075,31.358],[-94.025,31.364],[-93.975,31.37],[-93.928,31.375],[-93.925,31.375],[-93.875,31.381],[-93.825,31.387],[-93.775,31.392],[-93.725,31.397],[-93.675,31.403],[-93.625,31.408],[-93.575,31.412],[-93.525,31.417],[-93.475,31.421],[-93.425,31.425],[-93.419,31.425],[-93.375,31.428],[-93.325,31.431],[-93.275,31.434],[-93.225,31.436],[-93.175,31.438],[-93.125,31.44],[-93.075,31.441],[-93.025,31.443],[-92.975,31.444],[-92.925,31.445],[-92.895,31.445]],[[-92.52,31.47],[-92.482,31.475],[-92.475,31.476],[-92.425,31.484],[-92.375,31.493],[-92.325,31.503],[-92.275,31.512],[-92.229,31.521]],[[-91.163,31.687],[-91.125,31.69],[-91.075,31.693],[-91.025,31.697],[-90.975,31.699],[-90.925,31.702],[-90.875,31.704],[-90.825,31.706],[-90.775,31.708],[-90.725,31.709],[-90.675,31.71],[-90.625,31.711],[-90.575,31.713],[-90.525,31.713],[-90.475,31.714],[-90.425,31.715],[-90.375,31.716],[-90.325,31.717],[-90.275,31.718],[-90.225,31.719],[-90.175,31.72],[-90.125,31.722],[-90.075,31.723],[-90.025,31.724],[-90.007,31.725],[-89.975,31.726],[-89.925,31.728],[-89.875,31.73],[-89.825,31.732],[-89.775,31.734],[-89.725,31.736],[-89.675,31.738],[-89.625,31.741],[-89.575,31.743],[-89.525,31.746],[-89.475,31.749],[-89.425,31.752],[-89.375,31.755],[-89.325,31.758],[-89.275,31.761],[-89.225,31.764],[-89.175,31.767],[-89.125,31.771],[-89.075,31.775],[-89.072,31.775],[-89.025,31.779],[-88.975,31.784],[-88.925,31.788],[-88.875,31.794],[-88.825,31.799],[-88.775,31.806],[-88.725,31.812],[-88.675,31.819],[-88.637,31.825],[-88.625,31.827],[-88.575,31.835],[-88.525,31.843],[-88.475,31.852],[-88.425,31.862],[-88.375,31.871],[-88.357,31.875],[-88.325,31.881],[-88.275,31.892],[-88.225,31.902],[-88.175,31.913],[-88.125,31.924],[-88.121,31.925],[-88.075,31.935],[-88.025,31.946],[-87.975,31.957],[-87.925,31.968],[-87.895,31.975],[-87.879,31.979]],[[-86.029,32.071],[-86.025,32.07],[-85.975,32.064],[-85.925,32.059],[-85.875,32.054],[-85.825,32.051],[-85.775,32.049],[-85.725,32.047],[-85.675,32.047],[-85.625,32.048],[-85.575,32.051],[-85.525,32.054],[-85.475,32.059],[-85.425,32.065],[-85.375,32.072],[-85.354,32.075],[-85.325,32.079],[-85.275,32.088],[-85.225,32.097],[-85.175,32.107],[-85.125,32.117],[-85.086,32.125],[-85.075,32.127],[-85.025,32.138],[-84.975,32.148],[-84.925,32.159],[-84.875,32.169],[-84.845,32.175],[-84.825,32.179],[-84.775,32.189],[-84.725,32.198],[-84.675,32.207],[-84.625,32.216],[-84.576,32.225],[-84.575,32.225],[-84.525,32.234],[-84.475,32.243],[-84.425,32.251],[-84.375,32.259],[-84.325,32.268],[-84.283,32.275],[-84.275,32.276],[-84.225,32.285],[-84.175,32.293],[-84.125,32.302],[-84.075,32.311],[-84.025,32.32],[-83.996,32.325],[-83.975,32.329],[-83.925,32.339],[-83.875,32.348],[-83.825,32.359],[-83.775,32.37],[-83.752,32.375],[-83.725,32.381],[-83.675,32.393],[-83.625,32.406],[-83.575,32.42],[-83.559,32.425],[-83.525,32.435],[-83.475,32.451],[-83.425,32.468],[-83.406,32.475],[-83.375,32.486],[-83.325,32.505],[-83.275,32.524],[-83.273,32.525],[-83.225,32.545],[-83.175,32.565],[-83.151,32.575],[-83.125,32.586],[-83.075,32.607],[-83.031,32.625],[-83.025,32.628],[-82.975,32.649],[-82.925,32.669],[-82.911,32.675],[-82.875,32.69],[-82.825,32.71],[-82.787,32.725],[-82.775,32.73],[-82.725,32.749],[-82.675,32.767],[-82.653,32.775],[-82.625,32.785],[-82.575,32.803],[-82.525,32.819],[-82.506,32.825],[-82.475,32.835],[-82.425,32.85],[-82.375,32.865],[-82.338,32.875],[-82.325,32.879],[-82.275,32.892],[-82.225,32.905],[-82.175,32.917],[-82.139,32.925],[-82.125,32.928],[-82.075,32.939],[-82.025,32.95],[-81.975,32.96],[-81.925,32.969],[-81.894,32.975],[-81.875,32.979],[-81.825,32.987],[-81.775,32.996],[-81.725,33.004],[-81.675,33.012],[-81.625,33.019],[-81.583,33.025],[-81.575,33.026],[-81.525,33.033],[-81.475,33.039],[-81.425,33.045],[-81.375,33.05],[-81.325,33.055],[-81.275,33.06],[-81.225,33.064],[-81.175,33.068],[-81.125,33.072],[-81.083,33.075],[-81.075,33.076],[-81.025,33.079],[-80.975,33.082],[-80.925,33.085],[-80.875,33.087],[-80.825,33.09],[-80.775,33.092],[-80.725,33.095],[-80.675,33.097],[-80.625,33.099],[-80.575,33.1],[-80.525,33.102],[-80.475,33.102],[-80.425,33.103],[-80.375,33.103],[-80.325,33.102],[-80.275,33.101],[-80.225,33.099],[-80.175,33.096],[-80.125,33.092],[-80.075,33.087],[-80.025,33.081],[-79.984,33.075],[-79.975,33.074],[-79.925,33.065],[-79.875,33.055],[-79.825,33.044],[-79.775,33.032],[-79.747,33.025],[-79.725,33.019],[-79.675,33.006],[-79.625,32.991],[-79.612,32.988]],[[-87.11,32.11],[-87.075,32.114],[-87.032,32.118]]]}},{"type":"Feature","properties":{"date":"2001-03-30","label":"30 Mar","yday":89,"tier":"day","major":false},"geometry":{"type":"MultiLineString","coordinates":[[[-94.452,31.448],[-94.425,31.451],[-94.375,31.455],[-94.325,31.46],[-94.275,31.466],[-94.225,31.471],[-94.189,31.475],[-94.175,31.477],[-94.125,31.482],[-94.075,31.488],[-94.025,31.494],[-93.975,31.5],[-93.925,31.505],[-93.875,31.511],[-93.825,31.516],[-93.775,31.522],[-93.741,31.525],[-93.725,31.527],[-93.675,31.532],[-93.635,31.535]],[[-92.638,31.588],[-92.625,31.589],[-92.575,31.594],[-92.525,31.599],[-92.475,31.606],[-92.425,31.613],[-92.375,31.621],[-92.348,31.625],[-92.325,31.629],[-92.275,31.637],[-92.225,31.646],[-92.175,31.655],[-92.125,31.664],[-92.075,31.673],[-92.064,31.675],[-92.025,31.682],[-91.975,31.691],[-91.925,31.699],[-91.896,31.704]],[[-91.103,31.797],[-91.075,31.799],[-91.025,31.801],[-90.975,31.803],[-90.925,31.805],[-90.875,31.807],[-90.825,31.808],[-90.775,31.809],[-90.725,31.81],[-90.675,31.811],[-90.625,31.812],[-90.575,31.812],[-90.525,31.812],[-90.475,31.813],[-90.425,31.813],[-90.375,31.814],[-90.325,31.814],[-90.275,31.815],[-90.225,31.815],[-90.175,31.816],[-90.125,31.817],[-90.075,31.818],[-90.025,31.82],[-89.975,31.821],[-89.925,31.823],[-89.875,31.824],[-89.858,31.825],[-89.825,31.826],[-89.775,31.828],[-89.725,31.831],[-89.675,31.833],[-89.625,31.835],[-89.575,31.838],[-89.525,31.84],[-89.475,31.843],[-89.425,31.846],[-89.375,31.849],[-89.325,31.852],[-89.275,31.855],[-89.225,31.858],[-89.175,31.862],[-89.125,31.865],[-89.075,31.869],[-89.025,31.873],[-89.008,31.875],[-88.975,31.878],[-88.925,31.883],[-88.875,31.889],[-88.825,31.894],[-88.775,31.901],[-88.725,31.908],[-88.675,31.915],[-88.625,31.923],[-88.614,31.925],[-88.575,31.932],[-88.525,31.941],[-88.475,31.95],[-88.425,31.96],[-88.375,31.971],[-88.355,31.975],[-88.325,31.981],[-88.275,31.993],[-88.225,32.004],[-88.175,32.015],[-88.133,32.025],[-88.125,32.027],[-88.075,32.039],[-88.025,32.051],[-87.975,32.062],[-87.965,32.065]],[[-85.592,32.158],[-85.575,32.158],[-85.525,32.16],[-85.475,32.164],[-85.425,32.168],[-85.375,32.173],[-85.362,32.175],[-85.325,32.18],[-85.275,32.187],[-85.225,32.195],[-85.175,32.203],[-85.125,32.212],[-85.075,32.221],[-85.055,32.225],[-85.025,32.231],[-84.975,32.24],[-84.925,32.249],[-84.875,32.257],[-84.825,32.266],[-84.775,32.274],[-84.769,32.275],[-84.725,32.282],[-84.675,32.29],[-84.625,32.297],[-84.575,32.305],[-84.525,32.312],[-84.475,32.32],[-84.44,32.325],[-84.425,32.327],[-84.375,32.335],[-84.325,32.342],[-84.275,32.35],[-84.225,32.357],[-84.175,32.365],[-84.125,32.373],[-84.111,32.375],[-84.075,32.381],[-84.025,32.389],[-83.975,32.398],[-83.925,32.407],[-83.875,32.416],[-83.83,32.425],[-83.825,32.426],[-83.775,32.437],[-83.725,32.448],[-83.675,32.46],[-83.625,32.473],[-83.617,32.475],[-83.575,32.487],[-83.525,32.502],[-83.475,32.518],[-83.456,32.525],[-83.425,32.536],[-83.375,32.555],[-83.325,32.574],[-83.323,32.575],[-83.275,32.595],[-83.225,32.615],[-83.202,32.625],[-83.175,32.636],[-83.125,32.658],[-83.085,32.675],[-83.075,32.679],[-83.025,32.701],[-82.975,32.722],[-82.967,32.725],[-82.925,32.743],[-82.875,32.763],[-82.846,32.775],[-82.825,32.784],[-82.775,32.803],[-82.725,32.822],[-82.718,32.825],[-82.675,32.841],[-82.625,32.859],[-82.578,32.875],[-82.575,32.876],[-82.525,32.893],[-82.475,32.909],[-82.425,32.924],[-82.422,32.925],[-82.375,32.939],[-82.325,32.953],[-82.275,32.966],[-82.24,32.975],[-82.225,32.979],[-82.175,32.991],[-82.125,33.003],[-82.075,33.014],[-82.025,33.025],[-82.023,33.025],[-81.975,33.035],[-81.925,33.045],[-81.875,33.055],[-81.825,33.064],[-81.775,33.073],[-81.762,33.075],[-81.725,33.081],[-81.675,33.09],[-81.625,33.098],[-81.575,33.105],[-81.525,33.113],[-81.475,33.119],[-81.431,33.125],[-81.425,33.126],[-81.375,33.132],[-81.325,33.138],[-81.275,33.143],[-81.225,33.148],[-81.175,33.152],[-81.125,33.157],[-81.075,33.161],[-81.025,33.164],[-80.975,33.168],[-80.925,33.171],[-80.875,33.174],[-80.861,33.175],[-80.825,33.177],[-80.775,33.18],[-80.725,33.183],[-80.675,33.186],[-80.625,33.188],[-80.575,33.19],[-80.525,33.192],[-80.475,33.194],[-80.425,33.195],[-80.375,33.195],[-80.325,33.195],[-80.275,33.194],[-80.225,33.192],[-80.175,33.189],[-80.125,33.186],[-80.075,33.181],[-80.025,33.175],[-80.024,33.175],[-79.975,33.168],[-79.925,33.16],[-79.875,33.151],[-79.825,33.141],[-79.775,33.129],[-79.757,33.125],[-79.725,33.117],[-79.675,33.104],[-79.625,33.09],[-79.575,33.076],[-79.572,33.075],[-79.536,33.064]],[[-87.175,32.217],[-87.125,32.223],[-87.106,32.225],[-87.075,32.229],[-87.025,32.234],[-86.975,32.238],[-86.925,32.243],[-86.906,32.244]],[[-79.505,33.055],[-79.475,33.046],[-79.425,33.03],[-79.421,33.029]]]}},{"type":"Feature","properties":{"date":"2001-03-31","label":"31 Mar","yday":90,"tier":"index","major":true},"geometry":{"type":"MultiLineString","coordinates":[[[-94.187,31.613],[-94.175,31.614],[-94.125,31.62],[-94.079,31.625],[-94.075,31.625]],[[-92.816,31.716],[-92.775,31.718],[-92.725,31.721],[-92.675,31.724],[-92.665,31.725],[-92.625,31.728],[-92.575,31.733],[-92.525,31.738],[-92.475,31.744],[-92.425,31.75],[-92.375,31.757],[-92.325,31.764],[-92.275,31.771],[-92.249,31.775],[-92.225,31.779],[-92.175,31.786],[-92.125,31.794],[-92.075,31.802],[-92.025,31.809],[-91.975,31.817],[-91.925,31.824],[-91.921,31.825],[-91.875,31.832]],[[-90.936,31.914],[-90.925,31.914],[-90.875,31.915],[-90.825,31.916],[-90.775,31.916],[-90.725,31.917],[-90.675,31.917],[-90.625,31.917],[-90.575,31.916],[-90.525,31.916],[-90.475,31.916],[-90.425,31.916],[-90.375,31.916],[-90.325,31.915],[-90.275,31.916],[-90.225,31.916],[-90.175,31.916],[-90.125,31.917],[-90.075,31.918],[-90.025,31.919],[-89.975,31.92],[-89.925,31.921],[-89.875,31.923],[-89.825,31.925],[-89.814,31.925],[-89.775,31.927],[-89.725,31.929],[-89.675,31.931],[-89.625,31.933],[-89.575,31.936],[-89.525,31.938],[-89.475,31.941],[-89.425,31.944],[-89.375,31.947],[-89.325,31.95],[-89.275,31.953],[-89.225,31.956],[-89.175,31.959],[-89.125,31.963],[-89.075,31.967],[-89.025,31.971],[-88.981,31.975],[-88.975,31.976],[-88.925,31.981],[-88.875,31.986],[-88.825,31.992],[-88.775,31.999],[-88.725,32.006],[-88.675,32.014],[-88.625,32.022],[-88.611,32.025],[-88.575,32.032],[-88.525,32.041],[-88.475,32.052],[-88.425,32.063],[-88.375,32.074],[-88.37,32.075],[-88.325,32.085],[-88.275,32.097],[-88.225,32.11],[-88.175,32.122],[-88.162,32.125],[-88.125,32.134],[-88.075,32.147],[-88.052,32.152]],[[-85.575,32.264],[-85.525,32.265],[-85.475,32.266],[-85.425,32.269],[-85.375,32.273],[-85.358,32.275],[-85.325,32.278],[-85.275,32.284],[-85.225,32.291],[-85.175,32.299],[-85.125,32.307],[-85.075,32.315],[-85.025,32.323],[-85.013,32.325],[-84.975,32.331],[-84.925,32.339],[-84.875,32.346],[-84.825,32.353],[-84.775,32.36],[-84.725,32.366],[-84.675,32.373],[-84.656,32.375],[-84.625,32.379],[-84.575,32.385],[-84.525,32.392],[-84.475,32.398],[-84.425,32.404],[-84.375,32.411],[-84.325,32.417],[-84.275,32.424],[-84.267,32.425],[-84.225,32.431],[-84.175,32.438],[-84.125,32.445],[-84.075,32.452],[-84.025,32.46],[-83.975,32.468],[-83.934,32.475],[-83.925,32.477],[-83.875,32.486],[-83.825,32.495],[-83.775,32.505],[-83.725,32.516],[-83.686,32.525],[-83.675,32.528],[-83.625,32.541],[-83.575,32.555],[-83.525,32.571],[-83.512,32.575],[-83.475,32.588],[-83.425,32.607],[-83.378,32.625],[-83.375,32.626],[-83.325,32.647],[-83.275,32.668],[-83.258,32.675],[-83.225,32.689],[-83.175,32.711],[-83.142,32.725],[-83.125,32.733],[-83.075,32.754],[-83.027,32.775],[-83.025,32.776],[-82.975,32.797],[-82.925,32.818],[-82.909,32.825],[-82.875,32.839],[-82.825,32.86],[-82.786,32.875],[-82.775,32.879],[-82.725,32.899],[-82.675,32.917],[-82.653,32.925],[-82.625,32.935],[-82.575,32.953],[-82.525,32.969],[-82.506,32.975],[-82.475,32.985],[-82.425,33.001],[-82.375,33.015],[-82.34,33.025],[-82.325,33.029],[-82.275,33.043],[-82.225,33.056],[-82.175,33.068],[-82.145,33.075],[-82.125,33.08],[-82.075,33.091],[-82.025,33.102],[-81.975,33.113],[-81.925,33.123],[-81.915,33.125],[-81.875,33.133],[-81.825,33.143],[-81.775,33.153],[-81.725,33.162],[-81.675,33.171],[-81.65,33.175],[-81.625,33.179],[-81.575,33.188],[-81.525,33.196],[-81.475,33.203],[-81.425,33.21],[-81.375,33.217],[-81.325,33.223],[-81.307,33.225],[-81.275,33.229],[-81.225,33.234],[-81.175,33.239],[-81.125,33.244],[-81.075,33.248],[-81.025,33.252],[-80.975,33.256],[-80.925,33.26],[-80.875,33.264],[-80.825,33.267],[-80.775,33.271],[-80.725,33.274],[-80.712,33.275],[-80.675,33.277],[-80.625,33.281],[-80.575,33.283],[-80.525,33.286],[-80.475,33.288],[-80.425,33.289],[-80.375,33.29],[-80.325,33.29],[-80.275,33.289],[-80.225,33.288],[-80.175,33.285],[-80.125,33.282],[-80.075,33.277],[-80.053,33.275],[-80.025,33.272],[-79.975,33.265],[-79.925,33.258],[-79.875,33.249],[-79.825,33.239],[-79.775,33.229],[-79.759,33.225],[-79.725,33.217],[-79.675,33.204],[-79.625,33.191],[-79.575,33.177],[-79.568,33.175],[-79.525,33.162],[-79.475,33.147],[-79.425,33.132],[-79.403,33.125],[-79.375,33.116],[-79.344,33.106]],[[-87.226,32.326],[-87.225,32.326],[-87.175,32.333],[-87.125,32.34],[-87.075,32.346],[-87.025,32.352],[-86.975,32.357],[-86.925,32.362],[-86.875,32.366],[-86.831,32.369]]]}},{"type":"Feature","properties":{"date":"2001-04-01","label":"1 Apr","yday":91,"tier":"day","major":false},"geometry":{"type":"MultiLineString","coordinates":[[[-92.862,31.862],[-92.825,31.864],[-92.775,31.867],[-92.725,31.87],[-92.675,31.873],[-92.654,31.875],[-92.625,31.877],[-92.575,31.882],[-92.525,31.886],[-92.475,31.891],[-92.425,31.897],[-92.375,31.902],[-92.325,31.908],[-92.275,31.914],[-92.225,31.92],[-92.184,31.925],[-92.175,31.926],[-92.125,31.932],[-92.075,31.939],[-92.025,31.945],[-91.975,31.951],[-91.954,31.954]],[[-90.77,32.03],[-90.725,32.029],[-90.675,32.028],[-90.625,32.027],[-90.575,32.027],[-90.525,32.026],[-90.5,32.025],[-90.475,32.024],[-90.425,32.024],[-90.375,32.023],[-90.325,32.022],[-90.275,32.021],[-90.225,32.021],[-90.175,32.021],[-90.125,32.021],[-90.075,32.021],[-90.025,32.022],[-89.975,32.023],[-89.925,32.024],[-89.905,32.025],[-89.875,32.026],[-89.825,32.028],[-89.775,32.03],[-89.725,32.032],[-89.675,32.034],[-89.625,32.036],[-89.575,32.039],[-89.525,32.041],[-89.475,32.044],[-89.425,32.047],[-89.375,32.049],[-89.325,32.052],[-89.275,32.055],[-89.225,32.058],[-89.175,32.061],[-89.125,32.065],[-89.075,32.069],[-89.025,32.073],[-89.0,32.075],[-88.975,32.077],[-88.925,32.082],[-88.875,32.088],[-88.825,32.094],[-88.775,32.101],[-88.725,32.109],[-88.675,32.117],[-88.631,32.125],[-88.625,32.126],[-88.575,32.136],[-88.525,32.147],[-88.475,32.158],[-88.425,32.17],[-88.404,32.175],[-88.375,32.182],[-88.325,32.195],[-88.275,32.208],[-88.225,32.221],[-88.209,32.225],[-88.175,32.234],[-88.143,32.243]],[[-85.968,32.418],[-85.925,32.41],[-85.875,32.401],[-85.825,32.393],[-85.775,32.386],[-85.725,32.38],[-85.679,32.375],[-85.675,32.375],[-85.625,32.371],[-85.575,32.368],[-85.525,32.367],[-85.475,32.367],[-85.425,32.369],[-85.375,32.372],[-85.335,32.375],[-85.325,32.376],[-85.275,32.381],[-85.225,32.387],[-85.175,32.393],[-85.125,32.4],[-85.075,32.408],[-85.025,32.415],[-84.975,32.422],[-84.95,32.425],[-84.925,32.428],[-84.875,32.434],[-84.825,32.44],[-84.775,32.445],[-84.725,32.451],[-84.675,32.456],[-84.625,32.461],[-84.575,32.466],[-84.525,32.472],[-84.493,32.475],[-84.475,32.477],[-84.425,32.483],[-84.375,32.488],[-84.325,32.494],[-84.275,32.5],[-84.225,32.506],[-84.175,32.512],[-84.125,32.519],[-84.08,32.525],[-84.075,32.526],[-84.025,32.533],[-83.975,32.541],[-83.925,32.549],[-83.875,32.557],[-83.825,32.566],[-83.78,32.575],[-83.775,32.576],[-83.725,32.587],[-83.675,32.599],[-83.625,32.611],[-83.579,32.625],[-83.575,32.626],[-83.525,32.643],[-83.475,32.662],[-83.441,32.675],[-83.425,32.681],[-83.375,32.702],[-83.325,32.723],[-83.32,32.725],[-83.275,32.745],[-83.225,32.766],[-83.206,32.775],[-83.175,32.789],[-83.125,32.811],[-83.092,32.825],[-83.075,32.833],[-83.025,32.855],[-82.978,32.875],[-82.975,32.876],[-82.925,32.898],[-82.875,32.918],[-82.858,32.925],[-82.825,32.939],[-82.775,32.959],[-82.732,32.975],[-82.725,32.978],[-82.675,32.996],[-82.625,33.014],[-82.594,33.025],[-82.575,33.032],[-82.525,33.049],[-82.475,33.065],[-82.441,33.075],[-82.425,33.08],[-82.375,33.095],[-82.325,33.109],[-82.275,33.123],[-82.265,33.125],[-82.225,33.136],[-82.175,33.148],[-82.125,33.16],[-82.075,33.171],[-82.059,33.175],[-82.025,33.183],[-81.975,33.194],[-81.925,33.205],[-81.875,33.215],[-81.827,33.225],[-81.825,33.225],[-81.775,33.236],[-81.725,33.246],[-81.675,33.256],[-81.625,33.265],[-81.575,33.274],[-81.569,33.275],[-81.525,33.283],[-81.475,33.291],[-81.425,33.299],[-81.375,33.306],[-81.325,33.313],[-81.275,33.319],[-81.225,33.325],[-81.223,33.325],[-81.175,33.33],[-81.125,33.335],[-81.075,33.34],[-81.025,33.345],[-80.975,33.349],[-80.925,33.353],[-80.875,33.357],[-80.825,33.361],[-80.775,33.365],[-80.725,33.369],[-80.675,33.373],[-80.645,33.375],[-80.625,33.376],[-80.575,33.38],[-80.525,33.383],[-80.475,33.385],[-80.425,33.387],[-80.375,33.388],[-80.325,33.388],[-80.275,33.388],[-80.225,33.387],[-80.175,33.385],[-80.125,33.382],[-80.075,33.378],[-80.049,33.375],[-80.025,33.373],[-79.975,33.367],[-79.925,33.359],[-79.875,33.351],[-79.825,33.342],[-79.775,33.331],[-79.747,33.325],[-79.725,33.32],[-79.675,33.308],[-79.625,33.295],[-79.575,33.281],[-79.555,33.275],[-79.525,33.266],[-79.475,33.251],[-79.425,33.236],[-79.39,33.225],[-79.375,33.22],[-79.325,33.205],[-79.275,33.189],[-79.231,33.175]]]}},{"type":"Feature","properties":{"date":"2001-04-02","label":"2 Apr","yday":92,"tier":"day","major":false},"geometry":{"type":"MultiLineString","coordinates":[[[-93.012,32.012],[-92.975,32.014],[-92.925,32.017],[-92.875,32.019],[-92.825,32.022],[-92.784,32.025],[-92.775,32.026],[-92.725,32.029],[-92.675,32.032],[-92.625,32.036],[-92.575,32.04],[-92.525,32.044],[-92.475,32.048],[-92.425,32.052],[-92.375,32.056],[-92.325,32.061],[-92.275,32.065],[-92.225,32.07],[-92.175,32.075],[-92.173,32.075],[-92.125,32.08],[-92.075,32.085],[-92.025,32.09]],[[-90.46,32.14],[-90.425,32.139],[-90.375,32.137],[-90.325,32.135],[-90.275,32.134],[-90.225,32.133],[-90.175,32.132],[-90.125,32.131],[-90.075,32.131],[-90.025,32.132],[-89.975,32.133],[-89.925,32.134],[-89.875,32.136],[-89.825,32.137],[-89.775,32.139],[-89.725,32.141],[-89.675,32.144],[-89.625,32.146],[-89.575,32.148],[-89.525,32.151],[-89.502,32.152]],[[-89.445,32.155],[-89.425,32.156],[-89.375,32.158],[-89.325,32.161],[-89.275,32.164],[-89.225,32.167],[-89.175,32.17],[-89.125,32.173],[-89.101,32.175],[-89.075,32.177],[-89.025,32.181],[-88.975,32.185],[-88.925,32.19],[-88.875,32.196],[-88.825,32.202],[-88.775,32.209],[-88.725,32.217],[-88.679,32.225],[-88.675,32.226],[-88.625,32.236],[-88.575,32.248],[-88.525,32.26],[-88.475,32.272],[-88.463,32.275],[-88.425,32.285],[-88.375,32.299],[-88.325,32.312],[-88.279,32.325],[-88.275,32.326],[-88.225,32.34],[-88.175,32.354]],[[-86.812,32.612],[-86.775,32.614],[-86.725,32.616],[-86.675,32.617],[-86.625,32.617],[-86.575,32.617],[-86.525,32.616],[-86.475,32.613],[-86.425,32.61],[-86.375,32.605],[-86.325,32.599],[-86.275,32.592],[-86.225,32.584],[-86.176,32.575],[-86.175,32.575],[-86.125,32.565],[-86.075,32.555],[-86.025,32.544],[-85.975,32.534],[-85.933,32.525],[-85.925,32.523],[-85.875,32.514],[-85.825,32.504],[-85.775,32.496],[-85.725,32.488],[-85.675,32.482],[-85.625,32.476],[-85.612,32.475],[-85.575,32.472],[-85.525,32.469],[-85.475,32.468],[-85.425,32.468],[-85.375,32.47],[-85.325,32.473],[-85.298,32.475],[-85.275,32.477],[-85.225,32.482],[-85.175,32.488],[-85.125,32.494],[-85.075,32.5],[-85.025,32.506],[-84.975,32.512],[-84.925,32.518],[-84.875,32.523],[-84.849,32.525],[-84.825,32.527],[-84.775,32.532],[-84.725,32.536],[-84.675,32.54],[-84.625,32.544],[-84.575,32.549],[-84.525,32.553],[-84.475,32.558],[-84.425,32.562],[-84.375,32.567],[-84.325,32.572],[-84.301,32.575],[-84.275,32.578],[-84.225,32.583],[-84.175,32.589],[-84.125,32.595],[-84.075,32.602],[-84.025,32.609],[-83.975,32.616],[-83.925,32.624],[-83.917,32.625],[-83.875,32.632],[-83.825,32.641],[-83.775,32.651],[-83.725,32.662],[-83.675,32.673],[-83.669,32.675],[-83.625,32.688],[-83.575,32.704],[-83.525,32.721],[-83.515,32.725],[-83.475,32.741],[-83.425,32.761],[-83.392,32.775],[-83.375,32.782],[-83.325,32.804],[-83.277,32.825],[-83.275,32.826],[-83.225,32.848],[-83.175,32.87],[-83.165,32.875],[-83.125,32.893],[-83.075,32.915],[-83.052,32.925],[-83.025,32.937],[-82.975,32.959],[-82.937,32.975],[-82.925,32.98],[-82.875,33.001],[-82.825,33.021],[-82.816,33.025],[-82.775,33.042],[-82.725,33.061],[-82.687,33.075],[-82.675,33.079],[-82.625,33.098],[-82.575,33.115],[-82.545,33.125],[-82.525,33.132],[-82.475,33.148],[-82.425,33.164],[-82.387,33.175],[-82.375,33.179],[-82.325,33.193],[-82.275,33.207],[-82.225,33.22],[-82.203,33.225],[-82.175,33.232],[-82.125,33.245],[-82.075,33.256],[-82.025,33.268],[-81.992,33.275],[-81.975,33.279],[-81.925,33.29],[-81.875,33.302],[-81.825,33.313],[-81.775,33.324],[-81.771,33.325],[-81.725,33.335],[-81.675,33.346],[-81.625,33.356],[-81.575,33.366],[-81.525,33.375],[-81.524,33.375],[-81.475,33.384],[-81.425,33.392],[-81.375,33.4],[-81.325,33.408],[-81.275,33.415],[-81.225,33.421],[-81.19,33.425],[-81.175,33.427],[-81.125,33.433],[-81.075,33.438],[-81.025,33.443],[-80.975,33.447],[-80.925,33.451],[-80.875,33.456],[-80.825,33.46],[-80.775,33.465],[-80.725,33.469],[-80.675,33.474],[-80.661,33.475],[-80.625,33.478],[-80.575,33.482],[-80.525,33.485],[-80.475,33.488],[-80.425,33.49],[-80.375,33.491],[-80.325,33.492],[-80.275,33.492],[-80.225,33.491],[-80.175,33.49],[-80.125,33.487],[-80.075,33.483],[-80.025,33.479],[-79.992,33.475],[-79.975,33.473],[-79.925,33.466],[-79.875,33.458],[-79.825,33.449],[-79.775,33.439],[-79.725,33.428],[-79.712,33.425],[-79.675,33.416],[-79.625,33.403],[-79.575,33.389],[-79.527,33.375],[-79.525,33.374],[-79.475,33.359],[-79.425,33.344],[-79.375,33.328],[-79.366,33.325],[-79.325,33.312]]]}},{"type":"Feature","properties":{"date":"2001-04-03","label":"3 Apr","yday":93,"tier":"day","major":false},"geometry":{"type":"MultiLineString","coordinates":[[[-93.025,32.178],[-92.975,32.182],[-92.925,32.185],[-92.875,32.188],[-92.825,32.191],[-92.775,32.195],[-92.725,32.198],[-92.675,32.201],[-92.625,32.204],[-92.575,32.208],[-92.525,32.211],[-92.475,32.214],[-92.425,32.217],[-92.375,32.22],[-92.325,32.223],[-92.294,32.225],[-92.275,32.226],[-92.225,32.229],[-92.175,32.233],[-92.135,32.235]],[[-90.099,32.251],[-90.075,32.25],[-90.025,32.251],[-89.975,32.252],[-89.925,32.253],[-89.875,32.254],[-89.825,32.256],[-89.775,32.258],[-89.725,32.26],[-89.675,32.263],[-89.625,32.265],[-89.575,32.267]],[[-89.32,32.28],[-89.275,32.282],[-89.225,32.285],[-89.175,32.288],[-89.125,32.291],[-89.075,32.295],[-89.025,32.299],[-88.975,32.303],[-88.925,32.307],[-88.875,32.313],[-88.825,32.319],[-88.78,32.325],[-88.775,32.326],[-88.725,32.335],[-88.675,32.346],[-88.625,32.358],[-88.575,32.37],[-88.557,32.375],[-88.525,32.384],[-88.475,32.398],[-88.425,32.412],[-88.377,32.425],[-88.375,32.426],[-88.325,32.44],[-88.275,32.455],[-88.225,32.469],[-88.204,32.475],[-88.182,32.482]],[[-87.37,32.675],[-87.325,32.683],[-87.275,32.69],[-87.225,32.697],[-87.175,32.704],[-87.125,32.71],[-87.075,32.716],[-87.025,32.721],[-86.975,32.725],[-86.972,32.725],[-86.925,32.728],[-86.875,32.731],[-86.825,32.734],[-86.775,32.735],[-86.725,32.736],[-86.675,32.737],[-86.625,32.736],[-86.575,32.734],[-86.525,32.732],[-86.475,32.729],[-86.431,32.725],[-86.425,32.724],[-86.375,32.719],[-86.325,32.713],[-86.275,32.706],[-86.225,32.698],[-86.175,32.689],[-86.125,32.679],[-86.104,32.675],[-86.075,32.669],[-86.025,32.659],[-85.975,32.648],[-85.925,32.637],[-85.875,32.627],[-85.866,32.625],[-85.825,32.617],[-85.775,32.607],[-85.725,32.598],[-85.675,32.59],[-85.625,32.583],[-85.575,32.577],[-85.553,32.575],[-85.525,32.572],[-85.475,32.569],[-85.425,32.568],[-85.375,32.569],[-85.325,32.571],[-85.275,32.574],[-85.266,32.575],[-85.225,32.578],[-85.175,32.583],[-85.125,32.588],[-85.075,32.593],[-85.025,32.598],[-84.975,32.603],[-84.925,32.607],[-84.875,32.611],[-84.825,32.615],[-84.775,32.619],[-84.725,32.622],[-84.682,32.625],[-84.675,32.626],[-84.625,32.629],[-84.575,32.633],[-84.525,32.637],[-84.475,32.641],[-84.425,32.645],[-84.375,32.649],[-84.325,32.654],[-84.275,32.659],[-84.225,32.664],[-84.175,32.669],[-84.125,32.675],[-84.125,32.675],[-84.075,32.681],[-84.025,32.688],[-83.975,32.695],[-83.925,32.703],[-83.875,32.712],[-83.825,32.721],[-83.804,32.725],[-83.775,32.731],[-83.725,32.743],[-83.675,32.756],[-83.625,32.771],[-83.612,32.775],[-83.575,32.788],[-83.525,32.806],[-83.477,32.825],[-83.475,32.826],[-83.425,32.847],[-83.375,32.868],[-83.359,32.875],[-83.325,32.89],[-83.275,32.912],[-83.246,32.925],[-83.225,32.935],[-83.175,32.957],[-83.135,32.975],[-83.125,32.98],[-83.075,33.002],[-83.025,33.024],[-83.023,33.025],[-82.975,33.046],[-82.925,33.067],[-82.907,33.075],[-82.875,33.089],[-82.825,33.109],[-82.785,33.125],[-82.775,33.129],[-82.725,33.149],[-82.675,33.167],[-82.654,33.175],[-82.625,33.186],[-82.575,33.203],[-82.525,33.22],[-82.51,33.225],[-82.475,33.237],[-82.425,33.252],[-82.375,33.267],[-82.348,33.275],[-82.325,33.282],[-82.275,33.296],[-82.225,33.309],[-82.175,33.322],[-82.163,33.325],[-82.125,33.335],[-82.075,33.347],[-82.025,33.359],[-81.975,33.37],[-81.955,33.375],[-81.925,33.383],[-81.875,33.395],[-81.825,33.407],[-81.775,33.419],[-81.75,33.425],[-81.725,33.431],[-81.675,33.442],[-81.625,33.453],[-81.575,33.464],[-81.525,33.474],[-81.518,33.475],[-81.475,33.483],[-81.425,33.493],[-81.375,33.501],[-81.325,33.509],[-81.275,33.517],[-81.225,33.524],[-81.217,33.525],[-81.175,33.531],[-81.125,33.537],[-81.075,33.543],[-81.025,33.548],[-80.975,33.554],[-80.925,33.559],[-80.875,33.563],[-80.825,33.568],[-80.775,33.573],[-80.756,33.575],[-80.725,33.578],[-80.675,33.583],[-80.625,33.587],[-80.575,33.591],[-80.525,33.594],[-80.475,33.597],[-80.425,33.599],[-80.375,33.601],[-80.325,33.602],[-80.275,33.603],[-80.225,33.602],[-80.175,33.601],[-80.125,33.599],[-80.075,33.596],[-80.025,33.592],[-79.975,33.587],[-79.925,33.581],[-79.887,33.575],[-79.875,33.573],[-79.825,33.565],[-79.775,33.555],[-79.725,33.544],[-79.675,33.532],[-79.65,33.525],[-79.625,33.519],[-79.575,33.505],[-79.525,33.49],[-79.478,33.475],[-79.475,33.474],[-79.425,33.458],[-79.375,33.442],[-79.325,33.425],[-79.325,33.425],[-79.275,33.408],[-79.225,33.392],[-79.175,33.376]]]}},{"type":"Feature","properties":{"date":"2001-04-04","label":"4 Apr","yday":94,"tier":"day","major":false},"geometry":{"type":"MultiLineString","coordinates":[[[-93.047,32.353],[-93.025,32.355],[-92.975,32.359],[-92.96,32.36]],[[-89.811,32.389],[-89.775,32.391],[-89.725,32.393],[-89.675,32.395],[-89.625,32.397],[-89.598,32.398]],[[-89.181,32.419],[-89.175,32.419],[-89.125,32.423],[-89.095,32.425],[-89.075,32.426],[-89.025,32.431],[-88.975,32.436],[-88.925,32.441],[-88.875,32.447],[-88.825,32.455],[-88.775,32.463],[-88.725,32.473],[-88.717,32.475],[-88.675,32.485],[-88.625,32.497],[-88.575,32.51],[-88.525,32.524],[-88.521,32.525],[-88.475,32.538],[-88.425,32.553],[-88.375,32.567],[-88.347,32.575],[-88.325,32.581],[-88.275,32.596]],[[-87.532,32.782],[-87.525,32.783],[-87.475,32.792],[-87.425,32.801],[-87.375,32.809],[-87.325,32.816],[-87.275,32.823],[-87.26,32.825],[-87.225,32.83],[-87.175,32.835],[-87.125,32.841],[-87.075,32.845],[-87.025,32.849],[-86.975,32.853],[-86.925,32.855],[-86.875,32.857],[-86.825,32.859],[-86.775,32.859],[-86.725,32.859],[-86.675,32.859],[-86.625,32.857],[-86.575,32.855],[-86.525,32.851],[-86.475,32.847],[-86.425,32.842],[-86.375,32.836],[-86.325,32.83],[-86.293,32.825],[-86.275,32.822],[-86.225,32.814],[-86.175,32.805],[-86.125,32.796],[-86.075,32.786],[-86.025,32.775],[-86.024,32.775],[-85.975,32.764],[-85.925,32.754],[-85.875,32.743],[-85.825,32.732],[-85.791,32.725],[-85.775,32.722],[-85.725,32.712],[-85.675,32.703],[-85.625,32.695],[-85.575,32.687],[-85.525,32.681],[-85.475,32.677],[-85.444,32.675],[-85.425,32.674],[-85.375,32.673],[-85.325,32.674],[-85.295,32.675],[-85.275,32.676],[-85.225,32.678],[-85.175,32.681],[-85.125,32.685],[-85.075,32.688],[-85.025,32.692],[-84.975,32.695],[-84.925,32.699],[-84.875,32.702],[-84.825,32.705],[-84.775,32.708],[-84.725,32.711],[-84.675,32.713],[-84.625,32.716],[-84.575,32.719],[-84.525,32.723],[-84.491,32.725],[-84.475,32.726],[-84.425,32.73],[-84.375,32.734],[-84.325,32.738],[-84.275,32.743],[-84.225,32.748],[-84.175,32.753],[-84.125,32.759],[-84.075,32.765],[-84.025,32.772],[-84.005,32.775],[-83.975,32.78],[-83.925,32.788],[-83.875,32.797],[-83.825,32.807],[-83.775,32.818],[-83.747,32.825],[-83.725,32.831],[-83.675,32.845],[-83.625,32.861],[-83.584,32.875],[-83.575,32.878],[-83.525,32.897],[-83.475,32.917],[-83.456,32.925],[-83.425,32.938],[-83.375,32.96],[-83.34,32.975],[-83.325,32.982],[-83.275,33.004],[-83.228,33.025],[-83.225,33.027],[-83.175,33.049],[-83.125,33.072],[-83.118,33.075],[-83.075,33.094],[-83.025,33.117],[-83.006,33.125],[-82.975,33.139],[-82.925,33.16],[-82.89,33.175],[-82.875,33.181],[-82.825,33.202],[-82.775,33.222],[-82.768,33.225],[-82.725,33.242],[-82.675,33.261],[-82.636,33.275],[-82.625,33.279],[-82.575,33.297],[-82.525,33.315],[-82.493,33.325],[-82.475,33.331],[-82.425,33.347],[-82.375,33.363],[-82.333,33.375],[-82.325,33.377],[-82.275,33.392],[-82.225,33.406],[-82.175,33.419],[-82.153,33.425],[-82.125,33.432],[-82.075,33.446],[-82.025,33.458],[-81.975,33.471],[-81.96,33.475],[-81.925,33.484],[-81.875,33.497],[-81.825,33.51],[-81.775,33.523],[-81.766,33.525],[-81.725,33.535],[-81.675,33.547],[-81.625,33.559],[-81.575,33.57],[-81.552,33.575],[-81.525,33.581],[-81.475,33.591],[-81.425,33.601],[-81.375,33.61],[-81.325,33.619],[-81.291,33.625],[-81.275,33.628],[-81.225,33.636],[-81.175,33.643],[-81.125,33.651],[-81.075,33.657],[-81.025,33.664],[-80.975,33.67],[-80.927,33.675],[-80.925,33.675],[-80.875,33.681],[-80.825,33.686],[-80.775,33.691],[-80.725,33.695],[-80.675,33.7],[-80.625,33.704],[-80.575,33.707],[-80.525,33.711],[-80.475,33.714],[-80.425,33.716],[-80.375,33.718],[-80.325,33.72],[-80.275,33.721],[-80.225,33.722],[-80.175,33.721],[-80.125,33.72],[-80.075,33.718],[-80.025,33.715],[-79.975,33.711],[-79.925,33.705],[-79.875,33.699],[-79.825,33.691],[-79.775,33.681],[-79.747,33.675],[-79.725,33.67],[-79.675,33.658],[-79.625,33.645],[-79.575,33.631],[-79.557,33.625],[-79.525,33.615],[-79.475,33.599],[-79.425,33.582],[-79.405,33.575],[-79.375,33.565],[-79.325,33.547],[-79.275,33.529],[-79.263,33.525],[-79.225,33.512],[-79.175,33.494],[-79.125,33.477],[-79.123,33.477]]]}},{"type":"Feature","properties":{"date":"2001-04-05","label":"5 Apr","yday":95,"tier":"five","major":false},"geometry":{"type":"MultiLineString","coordinates":[[[-88.9,32.6],[-88.875,32.603],[-88.825,32.612],[-88.775,32.622],[-88.758,32.625],[-88.725,32.632],[-88.675,32.644],[-88.625,32.656],[-88.575,32.669],[-88.552,32.675],[-88.525,32.682],[-88.475,32.696],[-88.425,32.71],[-88.413,32.713]],[[-87.575,32.918],[-87.533,32.925],[-87.525,32.926],[-87.475,32.935],[-87.425,32.942],[-87.375,32.949],[-87.325,32.956],[-87.275,32.962],[-87.225,32.967],[-87.175,32.972],[-87.14,32.975],[-87.125,32.976],[-87.075,32.98],[-87.025,32.983],[-86.975,32.985],[-86.925,32.987],[-86.875,32.988],[-86.825,32.988],[-86.775,32.988],[-86.725,32.987],[-86.675,32.985],[-86.625,32.982],[-86.575,32.979],[-86.526,32.975],[-86.525,32.975],[-86.475,32.97],[-86.425,32.965],[-86.375,32.958],[-86.325,32.951],[-86.275,32.943],[-86.225,32.935],[-86.175,32.926],[-86.171,32.925],[-86.125,32.916],[-86.075,32.906],[-86.025,32.896],[-85.975,32.885],[-85.93,32.875],[-85.925,32.874],[-85.875,32.863],[-85.825,32.852],[-85.775,32.841],[-85.725,32.831],[-85.694,32.825],[-85.675,32.821],[-85.625,32.812],[-85.575,32.805],[-85.525,32.798],[-85.475,32.792],[-85.425,32.788],[-85.375,32.785],[-85.325,32.783],[-85.275,32.783],[-85.225,32.783],[-85.175,32.785],[-85.125,32.786],[-85.075,32.788],[-85.025,32.79],[-84.975,32.792],[-84.925,32.794],[-84.875,32.796],[-84.825,32.798],[-84.775,32.8],[-84.725,32.802],[-84.675,32.805],[-84.625,32.807],[-84.575,32.81],[-84.525,32.812],[-84.475,32.816],[-84.425,32.819],[-84.375,32.823],[-84.346,32.825],[-84.325,32.827],[-84.275,32.831],[-84.225,32.836],[-84.175,32.842],[-84.125,32.848],[-84.075,32.855],[-84.025,32.862],[-83.975,32.87],[-83.945,32.875],[-83.925,32.879],[-83.875,32.889],[-83.825,32.9],[-83.775,32.912],[-83.765,32.915]],[[-83.425,33.036],[-83.375,33.058],[-83.336,33.075],[-83.325,33.08],[-83.275,33.103],[-83.225,33.125],[-83.225,33.125],[-83.175,33.148],[-83.125,33.171],[-83.115,33.175],[-83.075,33.193],[-83.025,33.216],[-83.004,33.225],[-82.975,33.238],[-82.925,33.26],[-82.889,33.275],[-82.875,33.281],[-82.825,33.302],[-82.775,33.322],[-82.768,33.325],[-82.725,33.342],[-82.675,33.362],[-82.639,33.375]],[[-82.538,33.412],[-82.525,33.417],[-82.5,33.425],[-82.475,33.434],[-82.425,33.45],[-82.375,33.466],[-82.347,33.475],[-82.325,33.482],[-82.275,33.497],[-82.225,33.512],[-82.179,33.525],[-82.175,33.526],[-82.125,33.54],[-82.075,33.555],[-82.025,33.568],[-82.001,33.575],[-81.975,33.582],[-81.925,33.596],[-81.875,33.61],[-81.825,33.623],[-81.818,33.625],[-81.775,33.637],[-81.725,33.65],[-81.675,33.662],[-81.625,33.674],[-81.621,33.675],[-81.575,33.686],[-81.525,33.698],[-81.475,33.709],[-81.425,33.719],[-81.395,33.725],[-81.375,33.729],[-81.325,33.739],[-81.275,33.748],[-81.225,33.757],[-81.175,33.766],[-81.125,33.774],[-81.118,33.775],[-81.075,33.782],[-81.025,33.789],[-80.975,33.796],[-80.925,33.802],[-80.875,33.808],[-80.825,33.813],[-80.775,33.817],[-80.725,33.821],[-80.677,33.825],[-80.675,33.825],[-80.625,33.829],[-80.575,33.832],[-80.525,33.836],[-80.475,33.839],[-80.425,33.842],[-80.375,33.845],[-80.325,33.847],[-80.275,33.849],[-80.225,33.851],[-80.175,33.852],[-80.125,33.852],[-80.075,33.851],[-80.025,33.85],[-79.975,33.847],[-79.925,33.843],[-79.875,33.838],[-79.825,33.831],[-79.792,33.825],[-79.775,33.822],[-79.725,33.812],[-79.675,33.801],[-79.625,33.788],[-79.582,33.775],[-79.575,33.773],[-79.525,33.757],[-79.475,33.74],[-79.434,33.725],[-79.425,33.722],[-79.375,33.703],[-79.325,33.684],[-79.303,33.675],[-79.275,33.664],[-79.225,33.645],[-79.175,33.625],[-79.174,33.625],[-79.125,33.607],[-79.075,33.589],[-79.035,33.575],[-79.027,33.573]]]}},{"type":"Feature","properties":{"date":"2001-04-06","label":"6 Apr","yday":96,"tier":"day","major":false},"geometry":{"type":"MultiLineString","coordinates":[[[-84.104,32.946],[-84.075,32.95],[-84.025,32.958],[-83.975,32.967],[-83.935,32.975],[-83.925,32.977],[-83.875,32.988],[-83.845,32.995]],[[-87.525,33.079],[-87.475,33.085],[-87.425,33.092],[-87.375,33.098],[-87.325,33.103],[-87.275,33.108],[-87.225,33.112],[-87.175,33.116],[-87.125,33.119],[-87.075,33.121],[-87.025,33.123],[-86.975,33.124],[-86.925,33.124],[-86.875,33.124],[-86.825,33.124],[-86.775,33.122],[-86.725,33.12],[-86.675,33.117],[-86.625,33.114],[-86.575,33.11],[-86.525,33.105],[-86.475,33.1],[-86.425,33.093],[-86.375,33.087],[-86.325,33.079],[-86.301,33.075],[-86.275,33.071],[-86.225,33.062],[-86.175,33.053],[-86.125,33.043],[-86.075,33.033],[-86.04,33.025],[-86.025,33.022],[-85.975,33.011],[-85.925,33.0],[-85.875,32.989],[-85.825,32.978],[-85.813,32.975],[-85.775,32.967],[-85.725,32.956],[-85.675,32.946],[-85.625,32.936],[-85.575,32.928],[-85.559,32.925],[-85.525,32.92],[-85.475,32.913],[-85.425,32.907],[-85.375,32.903],[-85.325,32.899],[-85.275,32.896],[-85.225,32.895],[-85.175,32.893],[-85.125,32.893],[-85.075,32.893],[-85.025,32.893],[-84.975,32.893],[-84.925,32.894],[-84.875,32.895],[-84.825,32.896],[-84.775,32.897],[-84.725,32.899],[-84.675,32.9],[-84.625,32.902],[-84.575,32.904],[-84.525,32.907],[-84.475,32.91],[-84.425,32.913],[-84.375,32.917],[-84.325,32.921],[-84.28,32.925],[-84.275,32.925],[-84.225,32.931],[-84.185,32.935]],[[-83.425,33.142],[-83.375,33.163],[-83.349,33.175],[-83.325,33.186],[-83.275,33.208],[-83.238,33.225],[-83.225,33.231],[-83.175,33.254],[-83.129,33.275],[-83.125,33.277],[-83.075,33.3],[-83.025,33.322],[-83.019,33.325],[-82.975,33.345],[-82.925,33.367],[-82.907,33.375]],[[-82.375,33.581],[-82.325,33.597],[-82.275,33.613],[-82.238,33.625],[-82.225,33.629],[-82.175,33.645],[-82.125,33.66],[-82.075,33.675],[-82.075,33.675],[-82.025,33.69],[-81.975,33.705],[-81.925,33.719],[-81.904,33.725],[-81.875,33.734],[-81.825,33.748],[-81.775,33.761],[-81.725,33.775],[-81.723,33.775],[-81.675,33.788],[-81.625,33.801],[-81.575,33.813],[-81.525,33.825],[-81.523,33.825],[-81.475,33.836],[-81.425,33.848],[-81.375,33.858],[-81.325,33.869],[-81.293,33.875],[-81.275,33.879],[-81.225,33.889],[-81.175,33.898],[-81.125,33.907],[-81.075,33.916],[-81.025,33.924],[-81.02,33.925],[-80.975,33.932],[-80.925,33.938],[-80.875,33.943],[-80.825,33.948],[-80.775,33.952],[-80.725,33.956],[-80.675,33.96],[-80.625,33.963],[-80.575,33.966],[-80.525,33.97],[-80.475,33.973],[-80.448,33.975],[-80.425,33.977],[-80.375,33.981],[-80.325,33.984],[-80.275,33.988],[-80.225,33.991],[-80.175,33.993],[-80.125,33.995],[-80.075,33.997],[-80.025,33.997],[-79.975,33.997],[-79.925,33.996],[-79.875,33.993],[-79.825,33.989],[-79.775,33.983],[-79.727,33.975],[-79.725,33.975],[-79.675,33.965],[-79.625,33.953],[-79.575,33.939],[-79.532,33.925],[-79.525,33.923],[-79.475,33.906],[-79.425,33.887],[-79.395,33.875],[-79.375,33.867],[-79.325,33.847],[-79.275,33.825],[-79.275,33.825],[-79.225,33.803],[-79.175,33.781],[-79.161,33.775],[-79.125,33.76],[-79.075,33.739],[-79.042,33.725],[-79.025,33.719],[-78.975,33.7],[-78.925,33.684],[-78.918,33.682]]]}},{"type":"Feature","properties":{"date":"2001-04-07","label":"7 Apr","yday":97,"tier":"day","major":false},"geometry":{"type":"MultiLineString","coordinates":[[[-89.675,32.925],[-89.635,32.925],[-89.625,32.925],[-89.575,32.926],[-89.525,32.927]],[[-87.737,33.213],[-87.725,33.215],[-87.675,33.222],[-87.65,33.225],[-87.625,33.228],[-87.575,33.235],[-87.525,33.24],[-87.475,33.246],[-87.425,33.251],[-87.375,33.255],[-87.325,33.259],[-87.275,33.262],[-87.225,33.265],[-87.175,33.267],[-87.125,33.269],[-87.075,33.27],[-87.025,33.271],[-86.975,33.271],[-86.925,33.27],[-86.875,33.269],[-86.825,33.267],[-86.775,33.265],[-86.725,33.262],[-86.675,33.258],[-86.625,33.254],[-86.575,33.249],[-86.525,33.243],[-86.475,33.237],[-86.425,33.23],[-86.39,33.225],[-86.375,33.223],[-86.325,33.215],[-86.275,33.206],[-86.225,33.197],[-86.175,33.188],[-86.125,33.177],[-86.114,33.175],[-86.075,33.167],[-86.025,33.156],[-85.975,33.145],[-85.925,33.134],[-85.888,33.125],[-85.875,33.122],[-85.825,33.111],[-85.775,33.099],[-85.725,33.088],[-85.675,33.078],[-85.663,33.075],[-85.625,33.067],[-85.575,33.058],[-85.525,33.049],[-85.475,33.041],[-85.425,33.033],[-85.375,33.027],[-85.36,33.025],[-85.325,33.021],[-85.275,33.016],[-85.225,33.013],[-85.175,33.009],[-85.125,33.007],[-85.075,33.005],[-85.025,33.003],[-84.975,33.002],[-84.925,33.001],[-84.875,33.001],[-84.825,33.0],[-84.775,33.0],[-84.725,33.001],[-84.675,33.002],[-84.625,33.003],[-84.575,33.005],[-84.525,33.007],[-84.475,33.01],[-84.425,33.013],[-84.375,33.017],[-84.325,33.021],[-84.289,33.025]],[[-83.37,33.28],[-83.325,33.3],[-83.275,33.323],[-83.271,33.325]],[[-82.425,33.691],[-82.375,33.709],[-82.328,33.725],[-82.325,33.726],[-82.275,33.743],[-82.225,33.76],[-82.18,33.775],[-82.175,33.777],[-82.125,33.793],[-82.075,33.809],[-82.025,33.825],[-82.024,33.825],[-81.975,33.84],[-81.925,33.855],[-81.875,33.87],[-81.857,33.875],[-81.825,33.884],[-81.775,33.898],[-81.725,33.912],[-81.676,33.925],[-81.675,33.925],[-81.625,33.938],[-81.575,33.951],[-81.525,33.963],[-81.475,33.975],[-81.474,33.975],[-81.425,33.986],[-81.375,33.997],[-81.325,34.008],[-81.275,34.019],[-81.243,34.025],[-81.225,34.029],[-81.175,34.038],[-81.125,34.048],[-81.075,34.057],[-81.025,34.065],[-80.975,34.072],[-80.948,34.075],[-80.925,34.078],[-80.875,34.084],[-80.825,34.089],[-80.775,34.093],[-80.725,34.098],[-80.675,34.102],[-80.625,34.106],[-80.575,34.11],[-80.525,34.114],[-80.475,34.119],[-80.425,34.123],[-80.405,34.125],[-80.375,34.128],[-80.325,34.132],[-80.275,34.137],[-80.225,34.141],[-80.175,34.145],[-80.125,34.149],[-80.075,34.153],[-80.025,34.156],[-79.975,34.159],[-79.925,34.161],[-79.875,34.162],[-79.825,34.163],[-79.775,34.161],[-79.725,34.158],[-79.675,34.152],[-79.625,34.142],[-79.575,34.131],[-79.551,34.125],[-79.525,34.118],[-79.475,34.103],[-79.425,34.086],[-79.394,34.075],[-79.375,34.068],[-79.325,34.049],[-79.275,34.028],[-79.268,34.025],[-79.225,34.007],[-79.175,33.984],[-79.155,33.975],[-79.125,33.961],[-79.075,33.939],[-79.045,33.925],[-79.025,33.916],[-78.975,33.895],[-78.927,33.875],[-78.925,33.874],[-78.875,33.857],[-78.825,33.842],[-78.775,33.829],[-78.754,33.825],[-78.729,33.821]],[[-78.093,33.925],[-78.075,33.93],[-78.025,33.942],[-78.004,33.946]]]}},{"type":"Feature","properties":{"date":"2001-04-08","label":"8 Apr","yday":98,"tier":"day","major":false},"geometry":{"type":"MultiLineString","coordinates":[[[-87.625,33.405],[-87.575,33.409],[-87.525,33.413],[-87.475,33.417],[-87.425,33.42],[-87.421,33.421]],[[-87.175,33.429],[-87.125,33.43],[-87.075,33.43],[-87.025,33.429],[-86.975,33.428],[-86.925,33.426],[-86.907,33.425],[-86.875,33.424],[-86.825,33.421],[-86.775,33.417],[-86.725,33.413],[-86.675,33.409],[-86.625,33.404],[-86.575,33.398],[-86.525,33.392],[-86.475,33.385],[-86.425,33.378],[-86.409,33.375],[-86.375,33.37],[-86.325,33.361],[-86.275,33.352],[-86.225,33.343],[-86.175,33.333],[-86.139,33.325],[-86.125,33.322],[-86.075,33.311],[-86.025,33.3],[-85.975,33.289],[-85.925,33.277],[-85.917,33.275],[-85.875,33.265],[-85.825,33.253],[-85.775,33.241],[-85.725,33.23],[-85.705,33.225],[-85.675,33.218],[-85.625,33.207],[-85.575,33.197],[-85.525,33.186],[-85.475,33.177],[-85.465,33.175],[-85.425,33.168],[-85.375,33.16],[-85.325,33.152],[-85.275,33.146],[-85.225,33.14],[-85.175,33.134],[-85.125,33.13],[-85.075,33.125],[-85.07,33.125],[-85.025,33.122],[-84.975,33.119],[-84.925,33.116],[-84.875,33.114],[-84.825,33.113],[-84.775,33.112],[-84.725,33.111],[-84.675,33.111],[-84.625,33.112],[-84.575,33.113],[-84.525,33.115],[-84.475,33.118],[-84.425,33.121],[-84.422,33.122]],[[-82.325,33.872],[-82.316,33.875],[-82.275,33.89],[-82.225,33.908],[-82.176,33.925],[-82.175,33.925],[-82.125,33.942],[-82.075,33.959],[-82.025,33.975],[-82.024,33.975],[-81.975,33.991],[-81.925,34.006],[-81.875,34.02],[-81.859,34.025],[-81.825,34.035],[-81.775,34.049],[-81.725,34.062],[-81.675,34.075]],[[-81.608,34.092],[-81.575,34.1],[-81.525,34.112],[-81.475,34.123],[-81.468,34.125],[-81.425,34.134],[-81.375,34.145],[-81.325,34.156],[-81.275,34.166],[-81.225,34.175]],[[-80.986,34.214],[-80.975,34.216],[-80.925,34.222],[-80.904,34.225],[-80.875,34.229],[-80.825,34.234],[-80.775,34.24],[-80.725,34.245],[-80.675,34.251],[-80.625,34.256],[-80.575,34.261],[-80.525,34.267],[-80.475,34.272],[-80.449,34.275],[-80.425,34.278],[-80.375,34.283],[-80.325,34.289],[-80.275,34.295],[-80.225,34.3],[-80.175,34.306],[-80.125,34.311],[-80.075,34.316],[-80.025,34.321],[-79.984,34.325],[-79.975,34.326],[-79.925,34.33],[-79.875,34.334],[-79.825,34.338],[-79.775,34.34],[-79.725,34.341],[-79.675,34.341],[-79.625,34.339],[-79.575,34.336],[-79.525,34.33],[-79.485,34.325],[-79.475,34.324],[-79.425,34.316],[-79.375,34.306],[-79.325,34.295],[-79.275,34.283],[-79.244,34.275],[-79.225,34.27],[-79.175,34.256],[-79.125,34.242],[-79.075,34.227],[-79.067,34.225],[-79.025,34.213],[-78.975,34.199],[-78.925,34.187],[-78.875,34.175],[-78.873,34.175],[-78.825,34.167],[-78.775,34.162],[-78.725,34.161],[-78.675,34.164],[-78.625,34.171],[-78.608,34.175],[-78.575,34.184],[-78.525,34.2],[-78.475,34.221],[-78.466,34.225],[-78.425,34.245],[-78.375,34.272],[-78.37,34.275],[-78.325,34.301],[-78.285,34.325],[-78.275,34.331],[-78.225,34.361],[-78.2,34.375],[-78.175,34.389],[-78.125,34.415],[-78.104,34.425],[-78.075,34.438],[-78.025,34.458],[-77.975,34.474],[-77.969,34.475],[-77.925,34.485],[-77.875,34.493],[-77.825,34.496],[-77.775,34.495],[-77.725,34.489],[-77.675,34.478],[-77.665,34.475],[-77.625,34.462],[-77.599,34.451]]]}},{"type":"Feature","properties":{"date":"2001-04-09","label":"9 Apr","yday":99,"tier":"day","major":false},"geometry":{"type":"MultiLineString","coordinates":[[[-87.775,33.584],[-87.725,33.587],[-87.675,33.591],[-87.625,33.594],[-87.575,33.596],[-87.548,33.598]],[[-87.125,33.603],[-87.075,33.601],[-87.025,33.599],[-86.975,33.597],[-86.925,33.594],[-86.875,33.591],[-86.825,33.587],[-86.775,33.583],[-86.725,33.578],[-86.7,33.575],[-86.675,33.572],[-86.625,33.567],[-86.575,33.56],[-86.525,33.554],[-86.475,33.546],[-86.425,33.538],[-86.375,33.53],[-86.349,33.525],[-86.325,33.521],[-86.275,33.511],[-86.225,33.501],[-86.175,33.491],[-86.125,33.48],[-86.103,33.475],[-86.075,33.469],[-86.025,33.457],[-85.975,33.445],[-85.925,33.433],[-85.892,33.425],[-85.875,33.421],[-85.825,33.409],[-85.775,33.396],[-85.725,33.384],[-85.691,33.375],[-85.675,33.371],[-85.625,33.359],[-85.575,33.347],[-85.525,33.336],[-85.476,33.325],[-85.475,33.325],[-85.425,33.315],[-85.375,33.305],[-85.325,33.296],[-85.275,33.287],[-85.225,33.279],[-85.2,33.275],[-85.175,33.271],[-85.125,33.265],[-85.075,33.259],[-85.025,33.253],[-85.001,33.251]],[[-80.756,34.394],[-80.725,34.398],[-80.675,34.405],[-80.625,34.411],[-80.575,34.418],[-80.525,34.424],[-80.518,34.425],[-80.475,34.431],[-80.425,34.438],[-80.375,34.445],[-80.325,34.452],[-80.275,34.459],[-80.225,34.466],[-80.175,34.473],[-80.164,34.475],[-80.125,34.481],[-80.075,34.488],[-80.025,34.495],[-79.975,34.502],[-79.925,34.509],[-79.875,34.517],[-79.825,34.524],[-79.819,34.525],[-79.775,34.532],[-79.725,34.539],[-79.675,34.546],[-79.625,34.552],[-79.575,34.558],[-79.525,34.563],[-79.475,34.568],[-79.425,34.572],[-79.394,34.575],[-79.375,34.577],[-79.325,34.581],[-79.275,34.586],[-79.225,34.591],[-79.175,34.597],[-79.125,34.604],[-79.075,34.613],[-79.026,34.625],[-79.025,34.625],[-78.975,34.641],[-78.925,34.66],[-78.891,34.675],[-78.875,34.682],[-78.825,34.706],[-78.789,34.725],[-78.775,34.732],[-78.725,34.759],[-78.696,34.775],[-78.675,34.786],[-78.625,34.812],[-78.6,34.825],[-78.575,34.837],[-78.525,34.86],[-78.493,34.875],[-78.475,34.882],[-78.425,34.903],[-78.375,34.922],[-78.368,34.925],[-78.325,34.94],[-78.275,34.958],[-78.225,34.975],[-78.224,34.975],[-78.175,34.99],[-78.125,35.006],[-78.075,35.022],[-78.065,35.025],[-78.025,35.037],[-77.975,35.054],[-77.925,35.071],[-77.913,35.075],[-77.875,35.087],[-77.825,35.102],[-77.775,35.115],[-77.725,35.124],[-77.718,35.125],[-77.675,35.129],[-77.625,35.127],[-77.615,35.125],[-77.575,35.117],[-77.525,35.099],[-77.478,35.075],[-77.475,35.073],[-77.425,35.037],[-77.412,35.025],[-77.375,34.991],[-77.361,34.975],[-77.325,34.934],[-77.318,34.925],[-77.281,34.875],[-77.275,34.866],[-77.249,34.825],[-77.225,34.786],[-77.219,34.775],[-77.191,34.725],[-77.175,34.697]]]}},{"type":"Feature","properties":{"date":"2001-04-10","label":"10 Apr","yday":100,"tier":"five","major":false},"geometry":{"type":"MultiLineString","coordinates":[[[-87.295,33.795],[-87.275,33.794],[-87.225,33.793],[-87.175,33.792],[-87.125,33.789],[-87.075,33.787],[-87.025,33.784],[-86.975,33.781],[-86.925,33.777],[-86.901,33.775],[-86.875,33.773],[-86.825,33.768],[-86.775,33.763],[-86.725,33.758],[-86.675,33.752],[-86.625,33.746],[-86.575,33.739],[-86.525,33.731],[-86.486,33.725],[-86.475,33.723],[-86.425,33.715],[-86.375,33.706],[-86.325,33.697],[-86.275,33.687],[-86.225,33.677],[-86.217,33.675],[-86.175,33.666],[-86.125,33.655],[-86.075,33.644],[-86.025,33.631],[-85.999,33.625],[-85.975,33.619],[-85.925,33.607],[-85.875,33.594],[-85.825,33.581],[-85.804,33.575],[-85.775,33.568],[-85.725,33.554],[-85.675,33.541],[-85.625,33.528],[-85.614,33.525],[-85.575,33.515],[-85.525,33.502],[-85.475,33.49],[-85.425,33.478],[-85.413,33.475],[-85.375,33.466],[-85.325,33.456],[-85.275,33.445],[-85.225,33.435],[-85.175,33.426],[-85.172,33.425],[-85.125,33.417],[-85.075,33.409]],[[-80.675,34.562],[-80.625,34.569],[-80.588,34.575],[-80.575,34.577],[-80.525,34.585],[-80.475,34.593],[-80.425,34.602],[-80.375,34.611],[-80.325,34.62],[-80.299,34.625],[-80.275,34.63],[-80.225,34.64],[-80.175,34.65],[-80.125,34.66],[-80.075,34.671],[-80.059,34.675],[-80.025,34.683],[-79.975,34.695],[-79.925,34.707],[-79.875,34.72],[-79.857,34.725],[-79.825,34.734],[-79.775,34.748],[-79.725,34.762],[-79.683,34.775],[-79.675,34.778],[-79.625,34.794],[-79.575,34.811],[-79.535,34.825],[-79.525,34.829],[-79.475,34.848],[-79.425,34.869],[-79.412,34.875],[-79.375,34.892],[-79.325,34.918],[-79.311,34.925],[-79.275,34.945],[-79.226,34.975],[-79.225,34.975],[-79.175,35.007],[-79.148,35.025],[-79.125,35.04],[-79.075,35.074],[-79.073,35.075],[-79.025,35.105],[-78.992,35.125],[-78.975,35.134],[-78.925,35.158],[-78.885,35.175],[-78.875,35.179],[-78.825,35.196],[-78.775,35.212],[-78.731,35.225],[-78.725,35.227],[-78.675,35.239],[-78.625,35.251],[-78.575,35.263],[-78.525,35.274],[-78.52,35.275],[-78.475,35.284],[-78.425,35.294],[-78.375,35.305],[-78.325,35.316],[-78.285,35.325],[-78.275,35.327],[-78.225,35.338],[-78.175,35.35],[-78.125,35.362],[-78.075,35.375],[-78.075,35.375],[-78.025,35.387],[-77.975,35.399],[-77.925,35.41],[-77.875,35.421],[-77.858,35.425],[-77.825,35.431],[-77.775,35.439],[-77.725,35.446],[-77.675,35.451],[-77.625,35.452],[-77.575,35.451],[-77.525,35.445],[-77.475,35.436],[-77.437,35.425],[-77.425,35.421],[-77.375,35.401],[-77.325,35.376],[-77.323,35.375],[-77.275,35.343],[-77.251,35.325],[-77.225,35.303],[-77.195,35.275],[-77.175,35.254],[-77.149,35.225],[-77.125,35.196],[-77.109,35.175],[-77.075,35.127],[-77.073,35.125],[-77.042,35.075],[-77.025,35.045],[-77.018,35.032]],[[-77.003,35.003],[-76.989,34.975],[-76.975,34.945],[-76.966,34.925],[-76.944,34.875],[-76.925,34.828],[-76.924,34.825],[-76.904,34.775],[-76.896,34.754]]]}},{"type":"Feature","properties":{"date":"2001-04-11","label":"11 Apr","yday":101,"tier":"day","major":false},"geometry":{"type":"MultiLineString","coordinates":[[[-86.625,33.943],[-86.575,33.936],[-86.525,33.929],[-86.503,33.925],[-86.475,33.921],[-86.425,33.912],[-86.375,33.904],[-86.325,33.894],[-86.275,33.884],[-86.23,33.875],[-86.225,33.874],[-86.175,33.863],[-86.125,33.852],[-86.075,33.841],[-86.025,33.829],[-86.011,33.825],[-85.975,33.816],[-85.925,33.804],[-85.875,33.79],[-85.825,33.777],[-85.819,33.775],[-85.775,33.763],[-85.725,33.749],[-85.675,33.735],[-85.639,33.725],[-85.625,33.721],[-85.575,33.707],[-85.525,33.693],[-85.475,33.679],[-85.459,33.675],[-85.425,33.666],[-85.375,33.653],[-85.325,33.64],[-85.275,33.628],[-85.264,33.625],[-85.225,33.616],[-85.175,33.605],[-85.125,33.595],[-85.075,33.585],[-85.025,33.576],[-85.024,33.576]],[[-87.425,34.003],[-87.375,34.002],[-87.325,34.001],[-87.275,33.999],[-87.225,33.997],[-87.175,33.994],[-87.125,33.992],[-87.075,33.988],[-87.025,33.985],[-86.981,33.981]],[[-80.235,34.815],[-80.225,34.817],[-80.197,34.825],[-80.175,34.831],[-80.125,34.846],[-80.075,34.862],[-80.035,34.875],[-80.025,34.878],[-79.975,34.896],[-79.925,34.914],[-79.896,34.925],[-79.875,34.933],[-79.825,34.953],[-79.775,34.974],[-79.773,34.975],[-79.725,34.996],[-79.675,35.02],[-79.664,35.025],[-79.625,35.044],[-79.575,35.07],[-79.566,35.075],[-79.525,35.097],[-79.477,35.125],[-79.475,35.126],[-79.425,35.155],[-79.393,35.175],[-79.375,35.186],[-79.325,35.216],[-79.311,35.225],[-79.275,35.247],[-79.229,35.275],[-79.225,35.277],[-79.175,35.306],[-79.141,35.325],[-79.125,35.334],[-79.075,35.359],[-79.042,35.375],[-79.025,35.383],[-78.975,35.405],[-78.926,35.425],[-78.925,35.425],[-78.875,35.444],[-78.825,35.46],[-78.775,35.475],[-78.775,35.475],[-78.725,35.488],[-78.675,35.5],[-78.625,35.51],[-78.575,35.519],[-78.539,35.525],[-78.525,35.527],[-78.475,35.535],[-78.425,35.542],[-78.375,35.55],[-78.325,35.558],[-78.275,35.565],[-78.225,35.573],[-78.214,35.575],[-78.175,35.581],[-78.125,35.588],[-78.075,35.595],[-78.025,35.602],[-77.975,35.609],[-77.925,35.615],[-77.875,35.622],[-77.845,35.625],[-77.825,35.627],[-77.775,35.632],[-77.725,35.636],[-77.675,35.639],[-77.625,35.64],[-77.575,35.64],[-77.525,35.637],[-77.475,35.633],[-77.425,35.625],[-77.425,35.625],[-77.375,35.613],[-77.325,35.597],[-77.275,35.578],[-77.268,35.575],[-77.225,35.554],[-77.175,35.526],[-77.174,35.525],[-77.125,35.49],[-77.106,35.475],[-77.075,35.447],[-77.052,35.425],[-77.025,35.396],[-77.006,35.375],[-76.975,35.336],[-76.966,35.325],[-76.931,35.275],[-76.925,35.267],[-76.898,35.225],[-76.875,35.187],[-76.868,35.175],[-76.841,35.125],[-76.825,35.095],[-76.815,35.075],[-76.791,35.025]],[[-76.726,34.875],[-76.725,34.873],[-76.706,34.825]]]}},{"type":"Feature","properties":{"date":"2001-04-12","label":"12 Apr","yday":102,"tier":"day","major":false},"geometry":{"type":"MultiLineString","coordinates":[[[-86.112,34.075],[-86.075,34.067],[-86.065,34.065]],[[-85.919,34.031],[-85.897,34.025],[-85.875,34.02],[-85.825,34.007],[-85.775,33.993],[-85.725,33.979],[-85.71,33.975],[-85.675,33.965],[-85.625,33.951],[-85.575,33.936],[-85.538,33.925],[-85.525,33.921],[-85.475,33.907],[-85.425,33.892],[-85.375,33.877],[-85.369,33.875],[-85.325,33.863],[-85.275,33.849],[-85.225,33.835],[-85.187,33.825],[-85.175,33.822],[-85.125,33.81],[-85.075,33.799],[-85.025,33.788],[-84.975,33.779],[-84.95,33.775],[-84.925,33.771],[-84.875,33.764],[-84.84,33.76]],[[-86.726,34.174],[-86.725,34.174],[-86.675,34.168],[-86.625,34.162],[-86.609,34.159]],[[-76.565,34.935],[-76.56,34.925],[-76.537,34.875],[-76.525,34.849],[-76.514,34.825],[-76.501,34.799]],[[-80.114,35.036],[-80.075,35.051],[-80.025,35.072],[-80.019,35.075],[-79.975,35.094],[-79.925,35.117],[-79.908,35.125],[-79.875,35.141],[-79.825,35.166],[-79.806,35.175],[-79.775,35.191],[-79.725,35.217],[-79.711,35.225],[-79.675,35.244],[-79.625,35.272],[-79.62,35.275],[-79.575,35.3],[-79.533,35.325],[-79.525,35.329],[-79.475,35.359],[-79.448,35.375]],[[-79.325,35.447],[-79.277,35.475],[-79.275,35.476],[-79.225,35.504],[-79.187,35.525]],[[-78.875,35.667],[-78.85,35.675],[-78.825,35.683],[-78.775,35.698],[-78.725,35.711],[-78.714,35.714]],[[-78.121,35.779],[-78.075,35.781],[-78.025,35.784],[-77.975,35.786],[-77.925,35.788],[-77.875,35.791],[-77.825,35.794],[-77.775,35.797],[-77.725,35.799],[-77.675,35.8],[-77.625,35.801],[-77.575,35.799],[-77.525,35.796],[-77.475,35.792],[-77.425,35.784],[-77.375,35.775],[-77.375,35.775],[-77.325,35.763],[-77.275,35.748],[-77.225,35.73],[-77.214,35.725],[-77.175,35.708],[-77.125,35.683],[-77.11,35.675],[-77.075,35.654],[-77.031,35.625],[-77.025,35.621],[-76.975,35.58],[-76.969,35.575],[-76.925,35.532],[-76.921,35.529]]]}},{"type":"Feature","properties":{"date":"2001-04-13","label":"13 Apr","yday":103,"tier":"day","major":false},"geometry":{"type":"MultiLineString","coordinates":[[[-85.616,34.234],[-85.58,34.225],[-85.575,34.224],[-85.525,34.211],[-85.475,34.197],[-85.425,34.183],[-85.398,34.175],[-85.375,34.168],[-85.325,34.154],[-85.275,34.138],[-85.233,34.125],[-85.225,34.123],[-85.175,34.108],[-85.125,34.092],[-85.075,34.078],[-85.066,34.075],[-85.025,34.064],[-84.975,34.052],[-84.925,34.041],[-84.875,34.032],[-84.827,34.025],[-84.825,34.025],[-84.775,34.02],[-84.725,34.017],[-84.675,34.016],[-84.625,34.016],[-84.575,34.016],[-84.533,34.017]],[[-76.393,34.943],[-76.384,34.925],[-76.375,34.907]],[[-80.125,35.21],[-80.094,35.225],[-80.075,35.234],[-80.025,35.258],[-79.991,35.275],[-79.975,35.283],[-79.925,35.308],[-79.914,35.314]],[[-79.747,35.403],[-79.725,35.415],[-79.707,35.425]],[[-77.941,35.959],[-77.925,35.959],[-77.875,35.958],[-77.825,35.958],[-77.775,35.958],[-77.725,35.958],[-77.675,35.957],[-77.625,35.955],[-77.575,35.952],[-77.525,35.947],[-77.475,35.941],[-77.425,35.934],[-77.378,35.925],[-77.375,35.924],[-77.325,35.913],[-77.275,35.899],[-77.225,35.883],[-77.202,35.875],[-77.175,35.865],[-77.125,35.843],[-77.087,35.825],[-77.075,35.819],[-77.025,35.791],[-76.998,35.775],[-76.975,35.76],[-76.926,35.725],[-76.925,35.725],[-76.875,35.684],[-76.864,35.675],[-76.825,35.639],[-76.811,35.625],[-76.793,35.607]]]}},{"type":"Feature","properties":{"date":"2001-04-14","label":"14 Apr","yday":104,"tier":"day","major":false},"geometry":{"type":"MultiLineString","coordinates":[[[-77.776,36.124],[-77.775,36.124],[-77.725,36.121],[-77.675,36.117],[-77.625,36.112],[-77.575,36.107],[-77.525,36.1],[-77.475,36.093],[-77.425,36.084],[-77.38,36.075],[-77.375,36.074],[-77.325,36.063],[-77.275,36.049],[-77.225,36.034],[-77.197,36.025],[-77.175,36.017],[-77.125,35.998],[-77.075,35.977],[-77.072,35.975],[-77.025,35.952],[-76.975,35.925],[-76.975,35.925],[-76.925,35.895],[-76.895,35.875],[-76.875,35.861],[-76.826,35.825],[-76.825,35.824],[-76.775,35.783],[-76.766,35.775],[-76.725,35.738],[-76.711,35.725],[-76.693,35.707]]]}},{"type":"Feature","properties":{"date":"2001-04-15","label":"15 Apr","yday":105,"tier":"index","major":true},"geometry":{"type":"MultiLineString","coordinates":[[[-77.67,36.28],[-77.633,36.275],[-77.625,36.274],[-77.575,36.266],[-77.525,36.258],[-77.475,36.249],[-77.425,36.239],[-77.375,36.228],[-77.361,36.225],[-77.325,36.216],[-77.275,36.203],[-77.225,36.189],[-77.18,36.175],[-77.175,36.173],[-77.125,36.156],[-77.075,36.137],[-77.046,36.125],[-77.025,36.116],[-76.975,36.092],[-76.942,36.075],[-76.925,36.066],[-76.875,36.037],[-76.857,36.025],[-76.825,36.004],[-76.785,35.975],[-76.775,35.968],[-76.725,35.929],[-76.72,35.925],[-76.675,35.887],[-76.661,35.875],[-76.625,35.843],[-76.605,35.825],[-76.59,35.81]]]}},{"type":"Feature","properties":{"date":"2001-04-16","label":"16 Apr","yday":106,"tier":"day","major":false},"geometry":{"type":"MultiLineString","coordinates":[[[-76.675,36.098],[-76.648,36.075]],[[-77.649,36.449],[-77.625,36.444],[-77.575,36.434],[-77.53,36.425],[-77.525,36.424],[-77.475,36.413],[-77.425,36.401],[-77.375,36.389],[-77.325,36.376],[-77.321,36.375],[-77.275,36.362],[-77.225,36.348],[-77.175,36.333],[-77.148,36.325],[-77.125,36.318],[-77.075,36.301],[-77.025,36.284],[-77.001,36.275],[-76.975,36.265],[-76.925,36.245],[-76.881,36.225],[-76.875,36.222],[-76.825,36.197],[-76.787,36.175],[-76.775,36.168],[-76.748,36.152]]]}},{"type":"Feature","properties":{"date":"2001-04-17","label":"17 Apr","yday":107,"tier":"day","major":false},"geometry":{"type":"MultiLineString","coordinates":[[[-77.607,36.625],[-77.575,36.616],[-77.525,36.602],[-77.475,36.587],[-77.434,36.575],[-77.425,36.572],[-77.375,36.557],[-77.325,36.542],[-77.275,36.526],[-77.271,36.525],[-77.225,36.511],[-77.175,36.495],[-77.125,36.48],[-77.108,36.475],[-77.075,36.465],[-77.025,36.45],[-76.975,36.435],[-76.942,36.425],[-76.925,36.42],[-76.875,36.404],[-76.825,36.388],[-76.788,36.375],[-76.775,36.37],[-76.725,36.351],[-76.675,36.33],[-76.664,36.325],[-76.625,36.306],[-76.575,36.278],[-76.57,36.275],[-76.525,36.245]],[[-77.822,36.678],[-77.809,36.675],[-77.775,36.668],[-77.725,36.656],[-77.675,36.643],[-77.632,36.632]]]}},{"type":"Feature","properties":{"date":"2001-04-18","label":"18 Apr","yday":108,"tier":"day","major":false},"geometry":{"type":"MultiLineString","coordinates":[[[-75.968,35.825],[-75.947,35.775],[-75.926,35.725],[-75.925,35.722],[-75.911,35.689]],[[-77.152,36.648],[-77.125,36.639],[-77.082,36.625],[-77.075,36.623],[-77.025,36.607],[-76.975,36.593],[-76.925,36.58],[-76.906,36.575],[-76.875,36.567],[-76.825,36.556],[-76.775,36.545],[-76.725,36.535],[-76.679,36.525],[-76.675,36.524],[-76.625,36.512],[-76.575,36.499],[-76.525,36.484],[-76.498,36.475],[-76.475,36.466],[-76.446,36.454]]]}},{"type":"Feature","properties":{"date":"2001-04-19","label":"19 Apr","yday":109,"tier":"day","major":false},"geometry":{"type":"MultiLineString","coordinates":[[[-77.001,36.749],[-76.975,36.741],[-76.925,36.726],[-76.921,36.725],[-76.875,36.713],[-76.825,36.703],[-76.775,36.693],[-76.725,36.685],[-76.675,36.677],[-76.658,36.675],[-76.625,36.67],[-76.575,36.662],[-76.525,36.653],[-76.475,36.643],[-76.425,36.632],[-76.402,36.625],[-76.375,36.616],[-76.325,36.597]]]}},{"type":"Feature","properties":{"date":"2001-04-20","label":"20 Apr","yday":110,"tier":"five","major":false},"geometry":{"type":"MultiLineString","coordinates":[[[-76.774,36.825],[-76.725,36.815],[-76.675,36.805],[-76.652,36.802]]]}}]}