{"type":"FeatureCollection","features":[{"type":"Feature","properties":{"date":"2009-02-18","label":"18 Feb","yday":49,"tier":"day","major":false},"geometry":{"type":"MultiLineString","coordinates":[[[-82.052,26.748],[-82.025,26.753],[-81.975,26.765],[-81.931,26.775],[-81.925,26.776],[-81.875,26.789],[-81.825,26.802],[-81.788,26.812]],[[-81.581,26.875],[-81.575,26.877],[-81.525,26.894],[-81.475,26.911],[-81.434,26.925],[-81.425,26.928],[-81.375,26.946],[-81.342,26.958]]]}},{"type":"Feature","properties":{"date":"2009-02-19","label":"19 Feb","yday":50,"tier":"five","major":false},"geometry":{"type":"MultiLineString","coordinates":[[[-82.294,26.894],[-82.275,26.897],[-82.225,26.907],[-82.21,26.91]],[[-82.043,26.943],[-82.025,26.947],[-81.975,26.959],[-81.925,26.972],[-81.914,26.975],[-81.875,26.986],[-81.825,27.0],[-81.775,27.015],[-81.741,27.025],[-81.725,27.03],[-81.675,27.046],[-81.625,27.062],[-81.586,27.075],[-81.575,27.079],[-81.525,27.096],[-81.475,27.113],[-81.442,27.125],[-81.425,27.131],[-81.375,27.149],[-81.325,27.168],[-81.305,27.175],[-81.275,27.186],[-81.257,27.193]]]}},{"type":"Feature","properties":{"date":"2009-02-20","label":"20 Feb","yday":51,"tier":"day","major":false},"geometry":{"type":"MultiLineString","coordinates":[[[-82.425,27.068],[-82.384,27.075],[-82.375,27.077],[-82.325,27.086],[-82.275,27.095],[-82.225,27.105],[-82.175,27.115],[-82.129,27.125],[-82.125,27.126],[-82.075,27.137],[-82.025,27.149],[-81.975,27.161],[-81.925,27.174],[-81.921,27.175],[-81.875,27.187],[-81.825,27.202],[-81.775,27.216],[-81.747,27.225],[-81.725,27.232],[-81.675,27.247],[-81.625,27.264],[-81.591,27.275],[-81.575,27.28],[-81.525,27.298],[-81.475,27.315],[-81.449,27.325],[-81.425,27.334],[-81.375,27.352],[-81.325,27.371],[-81.314,27.375],[-81.275,27.39],[-81.225,27.409],[-81.183,27.425],[-81.175,27.428],[-81.125,27.447],[-81.075,27.467],[-81.053,27.475],[-81.025,27.485],[-80.975,27.504],[-80.925,27.522],[-80.917,27.525],[-80.875,27.54],[-80.825,27.557],[-80.775,27.573]]]}},{"type":"Feature","properties":{"date":"2009-02-21","label":"21 Feb","yday":52,"tier":"day","major":false},"geometry":{"type":"MultiLineString","coordinates":[[[-82.525,27.249],[-82.475,27.258],[-82.425,27.267],[-82.384,27.275],[-82.375,27.277],[-82.325,27.286],[-82.275,27.296],[-82.225,27.306],[-82.175,27.316],[-82.134,27.325],[-82.125,27.327],[-82.075,27.338],[-82.025,27.349],[-81.975,27.361],[-81.925,27.374],[-81.921,27.375],[-81.875,27.387],[-81.825,27.401],[-81.775,27.415],[-81.742,27.425],[-81.725,27.43],[-81.675,27.446],[-81.625,27.462],[-81.587,27.475],[-81.575,27.479],[-81.525,27.497],[-81.475,27.515],[-81.449,27.525],[-81.425,27.534],[-81.375,27.554],[-81.325,27.573],[-81.321,27.575],[-81.275,27.594],[-81.225,27.614],[-81.198,27.625],[-81.175,27.635],[-81.125,27.655],[-81.076,27.675],[-81.075,27.676],[-81.025,27.696],[-80.975,27.716],[-80.952,27.725],[-80.925,27.735],[-80.875,27.755],[-80.825,27.773],[-80.824,27.774]]]}},{"type":"Feature","properties":{"date":"2009-02-22","label":"22 Feb","yday":53,"tier":"day","major":false},"geometry":{"type":"MultiLineString","coordinates":[[[-82.588,27.438],[-82.575,27.44],[-82.525,27.45],[-82.475,27.459],[-82.425,27.468],[-82.388,27.475],[-82.375,27.477],[-82.325,27.486],[-82.275,27.495],[-82.225,27.504],[-82.175,27.514],[-82.125,27.523],[-82.116,27.525],[-82.075,27.533],[-82.025,27.544],[-81.975,27.555],[-81.925,27.567],[-81.891,27.575],[-81.875,27.579],[-81.825,27.592],[-81.775,27.607],[-81.725,27.622],[-81.715,27.625],[-81.675,27.638],[-81.625,27.655],[-81.575,27.673],[-81.57,27.675],[-81.525,27.692],[-81.475,27.712],[-81.444,27.725],[-81.425,27.733],[-81.375,27.754],[-81.328,27.775],[-81.325,27.776],[-81.275,27.799],[-81.225,27.821],[-81.217,27.825],[-81.175,27.844],[-81.125,27.867],[-81.107,27.875],[-81.075,27.89],[-81.025,27.912],[-80.995,27.925],[-80.975,27.934],[-80.925,27.955]]]}},{"type":"Feature","properties":{"date":"2009-02-23","label":"23 Feb","yday":54,"tier":"day","major":false},"geometry":{"type":"MultiLineString","coordinates":[[[-82.498,27.652],[-82.475,27.655],[-82.425,27.663],[-82.375,27.67],[-82.343,27.675],[-82.325,27.678],[-82.275,27.685],[-82.225,27.692],[-82.175,27.7],[-82.125,27.709],[-82.075,27.718],[-82.038,27.725],[-82.025,27.727],[-81.975,27.738],[-81.925,27.749],[-81.875,27.762],[-81.826,27.775],[-81.825,27.775],[-81.775,27.79],[-81.725,27.806],[-81.675,27.824],[-81.672,27.825],[-81.625,27.843],[-81.575,27.864],[-81.549,27.875],[-81.525,27.886],[-81.475,27.908],[-81.439,27.925],[-81.425,27.932],[-81.375,27.956],[-81.335,27.975],[-81.325,27.98],[-81.275,28.005],[-81.234,28.025],[-81.225,28.029],[-81.175,28.054],[-81.132,28.075],[-81.125,28.079],[-81.075,28.103],[-81.027,28.125],[-81.025,28.126],[-80.975,28.148],[-80.925,28.17]]]}},{"type":"Feature","properties":{"date":"2009-02-24","label":"24 Feb","yday":55,"tier":"five","major":false},"geometry":{"type":"MultiLineString","coordinates":[[[-82.736,27.786],[-82.725,27.789],[-82.675,27.8],[-82.625,27.81]],[[-82.526,27.826],[-82.525,27.826]],[[-82.375,27.845],[-82.325,27.852],[-82.275,27.858],[-82.225,27.865],[-82.175,27.873],[-82.165,27.875],[-82.125,27.882],[-82.075,27.891],[-82.025,27.901],[-81.975,27.912],[-81.925,27.924],[-81.921,27.925],[-81.875,27.937],[-81.825,27.953],[-81.775,27.97],[-81.761,27.975],[-81.725,27.989],[-81.675,28.01],[-81.641,28.025],[-81.625,28.032],[-81.575,28.055],[-81.534,28.075],[-81.525,28.079],[-81.475,28.104],[-81.434,28.125],[-81.425,28.129],[-81.375,28.155],[-81.337,28.175],[-81.325,28.181],[-81.275,28.207],[-81.24,28.225],[-81.225,28.232],[-81.175,28.257],[-81.139,28.275],[-81.125,28.281],[-81.075,28.305],[-81.029,28.325],[-81.025,28.327],[-80.975,28.347]]]}},{"type":"Feature","properties":{"date":"2009-02-25","label":"25 Feb","yday":56,"tier":"day","major":false},"geometry":{"type":"MultiLineString","coordinates":[[[-82.782,27.932],[-82.775,27.933],[-82.725,27.945]],[[-82.573,27.973],[-82.563,27.975],[-82.525,27.981],[-82.475,27.987],[-82.425,27.994],[-82.375,28.001],[-82.325,28.008],[-82.275,28.016],[-82.225,28.024],[-82.22,28.025],[-82.175,28.033],[-82.125,28.043],[-82.075,28.054],[-82.025,28.067],[-81.995,28.075],[-81.975,28.081],[-81.925,28.096],[-81.875,28.113],[-81.842,28.125],[-81.825,28.131],[-81.775,28.151],[-81.725,28.173],[-81.72,28.175],[-81.675,28.195],[-81.625,28.219],[-81.613,28.225],[-81.575,28.244],[-81.525,28.269],[-81.513,28.275],[-81.475,28.295],[-81.425,28.321],[-81.418,28.325],[-81.375,28.347],[-81.325,28.374],[-81.323,28.375],[-81.275,28.399],[-81.225,28.424],[-81.222,28.425],[-81.175,28.447],[-81.125,28.469],[-81.11,28.475],[-81.075,28.489],[-81.025,28.509],[-81.013,28.513]]]}},{"type":"Feature","properties":{"date":"2009-02-26","label":"26 Feb","yday":57,"tier":"day","major":false},"geometry":{"type":"MultiLineString","coordinates":[[[-82.775,28.071],[-82.758,28.075],[-82.725,28.082],[-82.675,28.091],[-82.625,28.1],[-82.575,28.109],[-82.525,28.117],[-82.476,28.125],[-82.475,28.125],[-82.425,28.133],[-82.375,28.142],[-82.325,28.151],[-82.275,28.161],[-82.225,28.172],[-82.211,28.175],[-82.175,28.184],[-82.125,28.196],[-82.075,28.21],[-82.028,28.225],[-82.025,28.226],[-81.975,28.243],[-81.925,28.261],[-81.889,28.275],[-81.875,28.281],[-81.825,28.302],[-81.775,28.324],[-81.772,28.325],[-81.725,28.347],[-81.675,28.371],[-81.668,28.375],[-81.625,28.396],[-81.575,28.422],[-81.57,28.425],[-81.525,28.448],[-81.475,28.475],[-81.475,28.475],[-81.425,28.501],[-81.379,28.525],[-81.375,28.527],[-81.325,28.551],[-81.275,28.575],[-81.275,28.575],[-81.225,28.597],[-81.175,28.618],[-81.158,28.625],[-81.125,28.638],[-81.075,28.656]]]}},{"type":"Feature","properties":{"date":"2009-02-27","label":"27 Feb","yday":58,"tier":"day","major":false},"geometry":{"type":"MultiLineString","coordinates":[[[-82.743,28.207],[-82.725,28.21],[-82.675,28.219],[-82.643,28.225],[-82.625,28.228],[-82.575,28.237],[-82.525,28.246],[-82.475,28.255],[-82.425,28.265],[-82.378,28.275],[-82.375,28.276],[-82.325,28.287],[-82.275,28.299],[-82.225,28.313],[-82.183,28.325],[-82.175,28.327],[-82.125,28.343],[-82.075,28.36],[-82.034,28.375],[-82.025,28.378],[-81.975,28.398],[-81.925,28.418],[-81.91,28.425],[-81.875,28.44],[-81.825,28.463],[-81.8,28.475],[-81.775,28.487],[-81.725,28.511],[-81.698,28.525],[-81.675,28.536],[-81.625,28.562],[-81.6,28.575],[-81.575,28.588],[-81.525,28.613],[-81.502,28.625],[-81.475,28.639],[-81.425,28.663],[-81.401,28.675],[-81.375,28.687],[-81.325,28.71],[-81.292,28.725],[-81.275,28.733],[-81.225,28.753],[-81.175,28.773],[-81.17,28.775],[-81.125,28.791],[-81.075,28.809]]]}},{"type":"Feature","properties":{"date":"2009-02-28","label":"28 Feb","yday":59,"tier":"day","major":false},"geometry":{"type":"MultiLineString","coordinates":[[[-82.675,28.345],[-82.625,28.354],[-82.575,28.363],[-82.525,28.372],[-82.513,28.375],[-82.475,28.383],[-82.425,28.394],[-82.375,28.407],[-82.325,28.42],[-82.309,28.425],[-82.275,28.435],[-82.225,28.451],[-82.175,28.468],[-82.156,28.475],[-82.125,28.486],[-82.075,28.506],[-82.028,28.525],[-82.025,28.526],[-81.975,28.547],[-81.925,28.57],[-81.913,28.575],[-81.875,28.593],[-81.825,28.616],[-81.807,28.625],[-81.775,28.641],[-81.725,28.665],[-81.706,28.675],[-81.675,28.69],[-81.625,28.715],[-81.605,28.725],[-81.575,28.74],[-81.525,28.764],[-81.503,28.775],[-81.475,28.788],[-81.425,28.812],[-81.396,28.825],[-81.375,28.834],[-81.325,28.856],[-81.28,28.875],[-81.275,28.877],[-81.225,28.897],[-81.175,28.916],[-81.149,28.925],[-81.125,28.933],[-81.075,28.95],[-81.025,28.966]]]}},{"type":"Feature","properties":{"date":"2009-03-01","label":"1 Mar","yday":60,"tier":"index","major":true},"geometry":{"type":"MultiLineString","coordinates":[[[-82.625,28.481],[-82.575,28.49],[-82.525,28.501],[-82.475,28.512],[-82.426,28.525],[-82.425,28.525],[-82.375,28.54],[-82.325,28.555],[-82.275,28.572],[-82.267,28.575],[-82.225,28.59],[-82.175,28.608],[-82.133,28.625],[-82.125,28.628],[-82.075,28.648],[-82.025,28.67],[-82.013,28.675],[-81.975,28.692],[-81.925,28.715],[-81.903,28.725],[-81.875,28.738],[-81.825,28.762],[-81.798,28.775],[-81.775,28.786],[-81.725,28.81],[-81.694,28.825],[-81.675,28.834],[-81.625,28.858],[-81.589,28.875],[-81.575,28.881],[-81.525,28.905],[-81.481,28.925],[-81.475,28.928],[-81.425,28.95],[-81.375,28.972],[-81.367,28.975],[-81.325,28.993],[-81.275,29.013],[-81.244,29.025],[-81.225,29.032],[-81.175,29.051],[-81.125,29.068],[-81.104,29.075],[-81.075,29.084],[-81.025,29.1],[-80.975,29.114]]]}},{"type":"Feature","properties":{"date":"2009-03-02","label":"2 Mar","yday":61,"tier":"day","major":false},"geometry":{"type":"MultiLineString","coordinates":[[[-82.625,28.611],[-82.575,28.622],[-82.564,28.625],[-82.525,28.634],[-82.475,28.647],[-82.425,28.661],[-82.38,28.675],[-82.375,28.676],[-82.325,28.693],[-82.275,28.71],[-82.234,28.725],[-82.225,28.728],[-82.175,28.747],[-82.125,28.767],[-82.106,28.775],[-82.075,28.788],[-82.025,28.809],[-81.99,28.825],[-81.975,28.832],[-81.925,28.854],[-81.88,28.875],[-81.875,28.877],[-81.825,28.9],[-81.775,28.923],[-81.772,28.925],[-81.725,28.947],[-81.675,28.97],[-81.664,28.975],[-81.625,28.993],[-81.575,29.016],[-81.554,29.025],[-81.525,29.038],[-81.475,29.06],[-81.441,29.075],[-81.425,29.082],[-81.375,29.103],[-81.325,29.123],[-81.321,29.125],[-81.275,29.143],[-81.225,29.162],[-81.19,29.175],[-81.175,29.18],[-81.125,29.197],[-81.075,29.213],[-81.036,29.225],[-81.027,29.227]]]}},{"type":"Feature","properties":{"date":"2009-03-03","label":"3 Mar","yday":62,"tier":"day","major":false},"geometry":{"type":"MultiLineString","coordinates":[[[-82.625,28.745],[-82.575,28.757],[-82.525,28.769],[-82.505,28.775],[-82.475,28.783],[-82.425,28.797],[-82.375,28.813],[-82.338,28.825],[-82.325,28.829],[-82.275,28.846],[-82.225,28.864],[-82.197,28.875],[-82.175,28.883],[-82.125,28.903],[-82.075,28.924],[-82.071,28.925],[-82.025,28.945],[-81.975,28.966],[-81.955,28.975],[-81.925,28.988],[-81.875,29.01],[-81.843,29.025],[-81.825,29.033],[-81.775,29.056],[-81.732,29.075],[-81.725,29.078],[-81.675,29.101],[-81.625,29.123],[-81.621,29.125],[-81.575,29.145],[-81.525,29.167],[-81.506,29.175],[-81.475,29.188],[-81.425,29.209],[-81.387,29.225],[-81.375,29.23],[-81.325,29.25],[-81.275,29.269],[-81.259,29.275],[-81.225,29.287],[-81.175,29.305],[-81.125,29.322],[-81.114,29.325],[-81.075,29.337]]]}},{"type":"Feature","properties":{"date":"2009-03-04","label":"4 Mar","yday":63,"tier":"day","major":false},"geometry":{"type":"MultiLineString","coordinates":[[[-82.629,28.879],[-82.625,28.88],[-82.575,28.892],[-82.525,28.905],[-82.475,28.919],[-82.453,28.925],[-82.425,28.933],[-82.375,28.948],[-82.325,28.964],[-82.293,28.975],[-82.275,28.981],[-82.225,28.998],[-82.175,29.017],[-82.154,29.025],[-82.125,29.036],[-82.075,29.056],[-82.029,29.075],[-82.025,29.077],[-81.975,29.098],[-81.925,29.119],[-81.912,29.125],[-81.875,29.141],[-81.825,29.163],[-81.798,29.175],[-81.775,29.185],[-81.725,29.207],[-81.683,29.225],[-81.675,29.229],[-81.625,29.25],[-81.575,29.271],[-81.567,29.275],[-81.525,29.292],[-81.475,29.313],[-81.446,29.325],[-81.425,29.333],[-81.375,29.353],[-81.325,29.372],[-81.317,29.375],[-81.275,29.391],[-81.225,29.408],[-81.175,29.425],[-81.175,29.425],[-81.125,29.441]],[[-94.566,29.775],[-94.525,29.763],[-94.475,29.748],[-94.425,29.734]]]}},{"type":"Feature","properties":{"date":"2009-03-05","label":"5 Mar","yday":64,"tier":"day","major":false},"geometry":{"type":"MultiLineString","coordinates":[[[-82.725,28.995],[-82.675,29.006],[-82.625,29.017],[-82.592,29.025],[-82.575,29.029],[-82.525,29.041],[-82.475,29.055],[-82.425,29.068],[-82.403,29.075],[-82.375,29.083],[-82.325,29.098],[-82.275,29.115],[-82.244,29.125],[-82.225,29.132],[-82.175,29.15],[-82.125,29.168],[-82.108,29.175],[-82.075,29.188],[-82.025,29.208],[-81.984,29.225],[-81.975,29.229],[-81.925,29.25],[-81.875,29.271],[-81.864,29.275],[-81.825,29.292],[-81.775,29.313],[-81.746,29.325],[-81.725,29.334],[-81.675,29.355],[-81.626,29.375],[-81.625,29.375],[-81.575,29.396],[-81.525,29.416],[-81.503,29.425],[-81.475,29.436],[-81.425,29.455],[-81.375,29.474],[-81.373,29.475],[-81.325,29.493],[-81.275,29.51],[-81.232,29.525],[-81.225,29.527],[-81.175,29.544]]]}},{"type":"Feature","properties":{"date":"2009-03-06","label":"6 Mar","yday":65,"tier":"five","major":false},"geometry":{"type":"MultiLineString","coordinates":[[[-82.775,29.125],[-82.775,29.125],[-82.725,29.135],[-82.675,29.145],[-82.625,29.156],[-82.575,29.167],[-82.544,29.175],[-82.525,29.18],[-82.475,29.192],[-82.425,29.206],[-82.375,29.22],[-82.357,29.225],[-82.325,29.234],[-82.275,29.25],[-82.225,29.267],[-82.201,29.275],[-82.175,29.284],[-82.125,29.302],[-82.075,29.321],[-82.065,29.325],[-82.025,29.34],[-81.975,29.36],[-81.938,29.375],[-81.925,29.38],[-81.875,29.4],[-81.825,29.42],[-81.813,29.425],[-81.775,29.44],[-81.725,29.461],[-81.689,29.475],[-81.675,29.481],[-81.625,29.501],[-81.575,29.52],[-81.562,29.525],[-81.525,29.539],[-81.475,29.558],[-81.43,29.575],[-81.425,29.577],[-81.375,29.595],[-81.325,29.613],[-81.29,29.625],[-81.275,29.63],[-81.225,29.647]],[[-94.375,30.09],[-94.328,30.075],[-94.325,30.074],[-94.275,30.058],[-94.225,30.043],[-94.175,30.027],[-94.173,30.027]]]}},{"type":"Feature","properties":{"date":"2009-03-07","label":"7 Mar","yday":66,"tier":"day","major":false},"geometry":{"type":"MultiLineString","coordinates":[[[-83.028,29.228],[-83.025,29.228],[-82.975,29.236],[-82.925,29.243],[-82.875,29.252],[-82.825,29.26],[-82.775,29.269],[-82.743,29.275],[-82.725,29.278],[-82.675,29.288],[-82.625,29.299],[-82.575,29.309],[-82.525,29.321],[-82.507,29.325],[-82.475,29.333],[-82.425,29.346],[-82.375,29.359],[-82.325,29.373],[-82.32,29.375],[-82.275,29.388],[-82.225,29.404],[-82.175,29.421],[-82.163,29.425],[-82.125,29.438],[-82.075,29.456],[-82.025,29.474],[-82.023,29.475],[-81.975,29.493],[-81.925,29.512],[-81.89,29.525],[-81.875,29.531],[-81.825,29.55],[-81.775,29.569],[-81.76,29.575],[-81.725,29.589],[-81.675,29.608],[-81.63,29.625],[-81.625,29.627],[-81.575,29.646],[-81.525,29.664],[-81.495,29.675],[-81.475,29.682],[-81.425,29.7],[-81.375,29.718],[-81.355,29.725],[-81.325,29.735],[-81.275,29.752]],[[-94.389,30.289],[-94.375,30.284],[-94.349,30.275],[-94.325,30.267],[-94.275,30.25],[-94.225,30.233],[-94.202,30.225],[-94.175,30.216],[-94.125,30.2],[-94.075,30.184],[-94.046,30.175],[-94.025,30.169],[-93.975,30.154],[-93.952,30.148]],[[-94.825,30.441],[-94.779,30.425],[-94.775,30.424],[-94.725,30.407],[-94.675,30.389]]]}},{"type":"Feature","properties":{"date":"2009-03-08","label":"8 Mar","yday":67,"tier":"day","major":false},"geometry":{"type":"MultiLineString","coordinates":[[[-83.162,29.362],[-83.125,29.367],[-83.075,29.374],[-83.065,29.375],[-83.025,29.38],[-82.975,29.387],[-82.925,29.395],[-82.875,29.402],[-82.825,29.41],[-82.775,29.418],[-82.736,29.425],[-82.725,29.427],[-82.675,29.436],[-82.625,29.446],[-82.575,29.456],[-82.525,29.466],[-82.486,29.475],[-82.475,29.478],[-82.425,29.49],[-82.375,29.502],[-82.325,29.515],[-82.291,29.525],[-82.275,29.529],[-82.225,29.544],[-82.175,29.56],[-82.129,29.575],[-82.125,29.576],[-82.075,29.593],[-82.025,29.611],[-81.984,29.625],[-81.975,29.628],[-81.925,29.646],[-81.875,29.665],[-81.846,29.675],[-81.825,29.683],[-81.775,29.701],[-81.725,29.72],[-81.71,29.725],[-81.675,29.738],[-81.625,29.756],[-81.575,29.774],[-81.573,29.775],[-81.525,29.792],[-81.475,29.81],[-81.431,29.825],[-81.425,29.827],[-81.375,29.845],[-81.325,29.862],[-81.315,29.865]],[[-93.541,30.241],[-93.525,30.238],[-93.475,30.231],[-93.428,30.225]],[[-94.546,30.546],[-94.525,30.539],[-94.487,30.525],[-94.475,30.521],[-94.425,30.503],[-94.375,30.485],[-94.349,30.475],[-94.325,30.466],[-94.275,30.448],[-94.225,30.43],[-94.211,30.425],[-94.175,30.412],[-94.125,30.395],[-94.075,30.377],[-94.068,30.375],[-94.025,30.36],[-93.975,30.344],[-93.925,30.329],[-93.913,30.325],[-93.875,30.314],[-93.845,30.305]]]}},{"type":"Feature","properties":{"date":"2009-03-09","label":"9 Mar","yday":68,"tier":"day","major":false},"geometry":{"type":"MultiLineString","coordinates":[[[-83.309,29.509],[-83.275,29.512],[-83.225,29.518],[-83.175,29.523],[-83.158,29.525],[-83.125,29.529],[-83.075,29.535],[-83.025,29.541],[-82.975,29.547],[-82.925,29.554],[-82.875,29.56],[-82.825,29.567],[-82.775,29.575],[-82.773,29.575],[-82.725,29.583],[-82.675,29.591],[-82.625,29.599],[-82.575,29.608],[-82.525,29.618],[-82.49,29.625],[-82.475,29.628],[-82.425,29.639],[-82.375,29.65],[-82.325,29.662],[-82.276,29.675],[-82.275,29.675],[-82.225,29.689],[-82.175,29.704],[-82.125,29.72],[-82.109,29.725],[-82.075,29.736],[-82.025,29.752],[-81.975,29.769],[-81.957,29.775],[-81.925,29.786],[-81.875,29.803],[-81.825,29.82],[-81.812,29.825],[-81.775,29.838],[-81.725,29.856],[-81.675,29.873],[-81.67,29.875],[-81.625,29.891],[-81.575,29.909],[-81.528,29.925],[-81.525,29.926],[-81.475,29.944],[-81.425,29.961],[-81.383,29.975],[-81.375,29.978],[-81.325,29.995]],[[-90.896,30.446],[-90.875,30.443],[-90.825,30.436],[-90.775,30.428],[-90.758,30.425],[-90.725,30.419],[-90.675,30.41],[-90.625,30.401],[-90.575,30.391],[-90.525,30.38],[-90.521,30.379]],[[-94.854,30.854],[-94.825,30.844],[-94.775,30.828],[-94.767,30.825],[-94.725,30.811],[-94.675,30.794],[-94.625,30.777],[-94.62,30.775],[-94.575,30.759],[-94.525,30.742],[-94.478,30.725],[-94.475,30.724],[-94.425,30.706],[-94.375,30.688],[-94.339,30.675],[-94.325,30.67],[-94.275,30.651],[-94.225,30.633],[-94.205,30.625],[-94.175,30.614],[-94.125,30.595],[-94.075,30.577],[-94.071,30.575],[-94.025,30.558],[-93.975,30.54],[-93.933,30.525],[-93.925,30.522],[-93.875,30.505],[-93.825,30.489],[-93.779,30.475],[-93.775,30.474],[-93.725,30.459],[-93.675,30.446],[-93.625,30.433],[-93.589,30.425],[-93.575,30.422],[-93.525,30.411],[-93.475,30.402],[-93.425,30.394],[-93.375,30.386],[-93.325,30.379],[-93.291,30.375],[-93.275,30.373],[-93.225,30.368],[-93.175,30.364],[-93.125,30.36],[-93.075,30.358],[-93.025,30.356],[-92.975,30.355],[-92.925,30.354],[-92.875,30.355],[-92.825,30.355],[-92.775,30.357],[-92.725,30.359],[-92.675,30.362],[-92.625,30.365],[-92.582,30.368]],[[-95.175,30.954],[-95.125,30.939],[-95.079,30.925],[-95.075,30.924],[-95.025,30.908],[-94.975,30.893],[-94.925,30.877],[-94.92,30.875],[-94.886,30.864]]]}},{"type":"Feature","properties":{"date":"2009-03-10","label":"10 Mar","yday":69,"tier":"day","major":false},"geometry":{"type":"MultiLineString","coordinates":[[[-83.423,29.673],[-83.402,29.675],[-83.375,29.678],[-83.325,29.682],[-83.275,29.687],[-83.225,29.692],[-83.175,29.697],[-83.125,29.701],[-83.075,29.706],[-83.025,29.712],[-82.975,29.717],[-82.925,29.723],[-82.904,29.725],[-82.875,29.728],[-82.825,29.734],[-82.775,29.741],[-82.725,29.748],[-82.675,29.755],[-82.625,29.762],[-82.575,29.77],[-82.548,29.775],[-82.525,29.779],[-82.475,29.788],[-82.425,29.798],[-82.375,29.808],[-82.325,29.819],[-82.302,29.825],[-82.275,29.831],[-82.225,29.844],[-82.175,29.858],[-82.125,29.872],[-82.114,29.875],[-82.075,29.886],[-82.025,29.901],[-81.975,29.917],[-81.949,29.925],[-81.925,29.932],[-81.875,29.949],[-81.825,29.965],[-81.796,29.975],[-81.775,29.982],[-81.725,30.0],[-81.675,30.017],[-81.652,30.025],[-81.625,30.035],[-81.575,30.052],[-81.525,30.07],[-81.51,30.075],[-81.475,30.088],[-81.425,30.105],[-81.375,30.122]],[[-90.154,30.454],[-90.125,30.447],[-90.075,30.435],[-90.037,30.425],[-90.025,30.422],[-89.975,30.409],[-89.925,30.396],[-89.875,30.383],[-89.843,30.375],[-89.825,30.37],[-89.775,30.358],[-89.725,30.345],[-89.675,30.332],[-89.646,30.325],[-89.625,30.32],[-89.575,30.307],[-89.525,30.295],[-89.475,30.282],[-89.446,30.275],[-89.425,30.27]],[[-91.127,30.627],[-91.125,30.626],[-91.106,30.625],[-91.075,30.623],[-91.025,30.618],[-90.975,30.612],[-90.925,30.606],[-90.875,30.599],[-90.825,30.592],[-90.775,30.584],[-90.725,30.576],[-90.72,30.575],[-90.675,30.567],[-90.625,30.558],[-90.575,30.548],[-90.525,30.538],[-90.475,30.528],[-90.461,30.525],[-90.425,30.517],[-90.375,30.506],[-90.325,30.495],[-90.275,30.484],[-90.239,30.475]],[[-94.94,31.075],[-94.925,31.071],[-94.875,31.055],[-94.825,31.04],[-94.777,31.025],[-94.775,31.024],[-94.725,31.008],[-94.675,30.992],[-94.625,30.975],[-94.625,30.975],[-94.575,30.958],[-94.525,30.941],[-94.478,30.925],[-94.475,30.924],[-94.425,30.906],[-94.375,30.889],[-94.336,30.875],[-94.325,30.871],[-94.275,30.853],[-94.225,30.835],[-94.197,30.825],[-94.175,30.817],[-94.125,30.798],[-94.075,30.779],[-94.065,30.775],[-94.025,30.759],[-93.975,30.74],[-93.937,30.725],[-93.925,30.72],[-93.875,30.701],[-93.825,30.682],[-93.806,30.675],[-93.775,30.664],[-93.725,30.647],[-93.675,30.63],[-93.658,30.625],[-93.625,30.615],[-93.575,30.601],[-93.525,30.588],[-93.475,30.576],[-93.471,30.575],[-93.425,30.565],[-93.375,30.556],[-93.325,30.547],[-93.275,30.54],[-93.225,30.534],[-93.175,30.529],[-93.133,30.525],[-93.125,30.524],[-93.075,30.521],[-93.025,30.519],[-92.975,30.517],[-92.925,30.516],[-92.875,30.516],[-92.825,30.517],[-92.775,30.518],[-92.725,30.52],[-92.675,30.523],[-92.642,30.525],[-92.625,30.526],[-92.575,30.53],[-92.525,30.533],[-92.475,30.538],[-92.461,30.539]]]}},{"type":"Feature","properties":{"date":"2009-03-11","label":"11 Mar","yday":70,"tier":"five","major":false},"geometry":{"type":"MultiLineString","coordinates":[[[-85.221,29.721],[-85.175,29.722],[-85.125,29.722],[-85.077,29.723]],[[-85.027,29.725],[-85.025,29.725],[-85.025,29.725]],[[-83.601,29.851],[-83.575,29.853],[-83.525,29.857],[-83.475,29.861],[-83.425,29.865],[-83.375,29.868],[-83.325,29.872],[-83.285,29.875],[-83.275,29.876],[-83.225,29.88],[-83.175,29.884],[-83.125,29.887],[-83.075,29.892],[-83.025,29.896],[-82.975,29.9],[-82.925,29.905],[-82.875,29.909],[-82.825,29.914],[-82.775,29.92],[-82.729,29.925],[-82.725,29.925],[-82.675,29.932],[-82.625,29.938],[-82.575,29.945],[-82.525,29.953],[-82.475,29.961],[-82.425,29.969],[-82.393,29.975],[-82.375,29.978],[-82.325,29.988],[-82.275,29.999],[-82.225,30.01],[-82.175,30.021],[-82.16,30.025],[-82.125,30.034],[-82.075,30.047],[-82.025,30.06],[-81.975,30.074],[-81.97,30.075],[-81.925,30.088],[-81.875,30.104],[-81.825,30.12],[-81.81,30.125],[-81.775,30.137],[-81.725,30.155],[-81.675,30.173],[-81.669,30.175],[-81.625,30.191],[-81.575,30.208],[-81.527,30.225],[-81.525,30.226],[-81.475,30.243],[-81.425,30.26],[-81.414,30.264]],[[-91.235,30.785],[-91.225,30.785],[-91.175,30.782],[-91.125,30.779],[-91.075,30.776],[-91.068,30.775],[-91.025,30.771],[-90.975,30.766],[-90.925,30.76],[-90.875,30.753],[-90.825,30.746],[-90.775,30.739],[-90.725,30.731],[-90.689,30.725],[-90.675,30.723],[-90.625,30.714],[-90.575,30.705],[-90.525,30.695],[-90.475,30.686],[-90.425,30.676],[-90.42,30.675],[-90.375,30.666],[-90.325,30.656],[-90.275,30.645],[-90.225,30.634],[-90.182,30.625],[-90.175,30.624],[-90.125,30.612],[-90.075,30.601],[-90.025,30.59],[-89.975,30.578],[-89.961,30.575],[-89.925,30.567],[-89.875,30.555],[-89.825,30.543],[-89.775,30.532],[-89.745,30.525],[-89.725,30.52],[-89.675,30.509],[-89.625,30.497],[-89.575,30.486],[-89.528,30.475],[-89.525,30.474],[-89.475,30.463],[-89.425,30.451],[-89.375,30.44],[-89.325,30.428],[-89.312,30.425],[-89.275,30.416],[-89.225,30.405],[-89.175,30.393],[-89.125,30.381],[-89.1,30.375]],[[-94.594,31.156],[-94.575,31.15],[-94.525,31.133],[-94.501,31.125],[-94.475,31.116],[-94.425,31.099],[-94.375,31.082],[-94.354,31.075],[-94.325,31.065],[-94.275,31.047],[-94.225,31.03],[-94.211,31.025],[-94.175,31.012],[-94.125,30.994],[-94.075,30.976],[-94.073,30.975],[-94.025,30.957],[-93.975,30.937],[-93.944,30.925],[-93.925,30.917],[-93.875,30.897],[-93.825,30.877],[-93.82,30.875],[-93.775,30.857],[-93.725,30.838],[-93.691,30.825],[-93.675,30.819],[-93.625,30.801],[-93.575,30.784],[-93.546,30.775],[-93.525,30.768],[-93.475,30.754],[-93.425,30.741],[-93.375,30.729],[-93.356,30.725],[-93.325,30.719],[-93.275,30.71],[-93.225,30.703],[-93.175,30.697],[-93.125,30.692],[-93.075,30.688],[-93.025,30.685],[-92.975,30.683],[-92.925,30.681],[-92.875,30.681],[-92.825,30.681],[-92.775,30.683],[-92.725,30.684],[-92.675,30.687],[-92.625,30.69],[-92.575,30.693],[-92.525,30.697],[-92.475,30.701],[-92.425,30.706],[-92.375,30.711],[-92.325,30.716],[-92.275,30.721],[-92.235,30.725],[-92.225,30.726],[-92.175,30.731],[-92.125,30.737]]]}},{"type":"Feature","properties":{"date":"2009-03-12","label":"12 Mar","yday":71,"tier":"day","major":false},"geometry":{"type":"MultiLineString","coordinates":[[[-85.412,29.962],[-85.375,29.961],[-85.325,29.96],[-85.275,29.96],[-85.225,29.96],[-85.175,29.96],[-85.125,29.961],[-85.075,29.963],[-85.025,29.964],[-84.975,29.967],[-84.925,29.969],[-84.875,29.972],[-84.825,29.975],[-84.823,29.975],[-84.775,29.978],[-84.725,29.982],[-84.675,29.985],[-84.625,29.989],[-84.575,29.993],[-84.525,29.997],[-84.475,30.0],[-84.448,30.002]],[[-84.406,30.006],[-84.375,30.008]],[[-83.895,30.045],[-83.875,30.046],[-83.825,30.05],[-83.775,30.053],[-83.725,30.056],[-83.675,30.06],[-83.625,30.063],[-83.575,30.066],[-83.525,30.068],[-83.475,30.071],[-83.425,30.074],[-83.403,30.075],[-83.375,30.076],[-83.325,30.079],[-83.275,30.082],[-83.225,30.085],[-83.175,30.087],[-83.125,30.09],[-83.075,30.093],[-83.025,30.096],[-82.975,30.099],[-82.925,30.103],[-82.875,30.106],[-82.825,30.11],[-82.775,30.114],[-82.725,30.119],[-82.675,30.123],[-82.659,30.125],[-82.625,30.129],[-82.575,30.134],[-82.525,30.141],[-82.475,30.147],[-82.425,30.155],[-82.375,30.162],[-82.325,30.17],[-82.299,30.175],[-82.275,30.179],[-82.225,30.189],[-82.175,30.199],[-82.125,30.209],[-82.075,30.221],[-82.056,30.225],[-82.025,30.233],[-81.975,30.245],[-81.925,30.259],[-81.875,30.274],[-81.872,30.275],[-81.825,30.291],[-81.775,30.308],[-81.726,30.325],[-81.725,30.325],[-81.675,30.343],[-81.625,30.36],[-81.579,30.375],[-81.575,30.376],[-81.525,30.393],[-81.475,30.41],[-81.43,30.425],[-81.426,30.426]],[[-91.325,30.944],[-91.275,30.942],[-91.225,30.94],[-91.175,30.937],[-91.125,30.934],[-91.075,30.93],[-91.025,30.926],[-91.02,30.925],[-90.975,30.92],[-90.925,30.915],[-90.875,30.908],[-90.825,30.901],[-90.775,30.894],[-90.725,30.886],[-90.675,30.878],[-90.655,30.875],[-90.625,30.87],[-90.575,30.861],[-90.525,30.853],[-90.475,30.844],[-90.425,30.835],[-90.375,30.826],[-90.372,30.825],[-90.325,30.816],[-90.275,30.807],[-90.225,30.797],[-90.175,30.788],[-90.125,30.778],[-90.111,30.775],[-90.075,30.768],[-90.025,30.758],[-89.975,30.748],[-89.925,30.737],[-89.875,30.727],[-89.865,30.725],[-89.825,30.717],[-89.775,30.706],[-89.725,30.696],[-89.675,30.686],[-89.625,30.675],[-89.624,30.675],[-89.575,30.665],[-89.525,30.654],[-89.475,30.644],[-89.425,30.633],[-89.386,30.625],[-89.375,30.623],[-89.325,30.612],[-89.275,30.602],[-89.225,30.591],[-89.175,30.58],[-89.151,30.575],[-89.125,30.569],[-89.075,30.558],[-89.025,30.547],[-88.975,30.536],[-88.926,30.525],[-88.925,30.525],[-88.875,30.513],[-88.825,30.502],[-88.775,30.49],[-88.725,30.478],[-88.711,30.475],[-88.675,30.467],[-88.625,30.455],[-88.575,30.443],[-88.525,30.431],[-88.501,30.425],[-88.475,30.419],[-88.425,30.407],[-88.399,30.401]],[[-94.493,31.307],[-94.475,31.301],[-94.425,31.285],[-94.394,31.275],[-94.375,31.269],[-94.325,31.252],[-94.275,31.235],[-94.246,31.225],[-94.225,31.218],[-94.175,31.2],[-94.125,31.182],[-94.104,31.175],[-94.075,31.164],[-94.025,31.146],[-93.975,31.128],[-93.968,31.125],[-93.925,31.109],[-93.875,31.09],[-93.837,31.075],[-93.825,31.07],[-93.775,31.051],[-93.725,31.031],[-93.708,31.025],[-93.675,31.012],[-93.625,30.994],[-93.575,30.976],[-93.573,30.975],[-93.525,30.958],[-93.475,30.942],[-93.425,30.926],[-93.42,30.925],[-93.375,30.912],[-93.325,30.9],[-93.275,30.889],[-93.225,30.88],[-93.193,30.875],[-93.175,30.872],[-93.125,30.866],[-93.075,30.861],[-93.025,30.857],[-92.975,30.854],[-92.925,30.852],[-92.875,30.851],[-92.825,30.851],[-92.775,30.852],[-92.725,30.853],[-92.675,30.855],[-92.625,30.858],[-92.575,30.862],[-92.525,30.865],[-92.475,30.869],[-92.425,30.874],[-92.411,30.875],[-92.375,30.878],[-92.325,30.883],[-92.275,30.888],[-92.225,30.893],[-92.175,30.898],[-92.125,30.902]]]}},{"type":"Feature","properties":{"date":"2009-03-13","label":"13 Mar","yday":72,"tier":"day","major":false},"geometry":{"type":"MultiLineString","coordinates":[[[-85.672,30.272],[-85.625,30.268],[-85.575,30.264],[-85.525,30.26],[-85.475,30.258],[-85.425,30.255],[-85.375,30.254],[-85.325,30.252],[-85.275,30.252],[-85.225,30.251],[-85.175,30.251],[-85.125,30.251],[-85.075,30.251],[-85.025,30.251],[-84.975,30.252],[-84.925,30.252],[-84.875,30.253],[-84.825,30.254],[-84.775,30.255],[-84.725,30.256],[-84.675,30.257],[-84.625,30.258],[-84.575,30.259],[-84.525,30.261],[-84.475,30.262],[-84.425,30.264],[-84.375,30.265],[-84.325,30.267],[-84.275,30.269],[-84.225,30.272],[-84.175,30.274],[-84.154,30.275],[-84.125,30.276],[-84.075,30.279],[-84.025,30.281],[-83.975,30.284],[-83.925,30.286],[-83.875,30.288],[-83.825,30.29],[-83.775,30.292],[-83.725,30.294],[-83.675,30.296],[-83.625,30.297],[-83.575,30.299],[-83.525,30.3],[-83.475,30.302],[-83.425,30.303],[-83.375,30.304],[-83.325,30.305],[-83.275,30.307],[-83.225,30.308],[-83.175,30.309],[-83.125,30.311],[-83.075,30.312],[-83.025,30.314],[-82.975,30.316],[-82.925,30.318],[-82.875,30.32],[-82.825,30.322],[-82.776,30.325],[-82.775,30.325],[-82.725,30.328],[-82.675,30.332],[-82.625,30.336],[-82.575,30.34],[-82.525,30.345],[-82.475,30.35],[-82.425,30.356],[-82.375,30.362],[-82.325,30.369],[-82.289,30.375],[-82.275,30.377],[-82.225,30.386],[-82.175,30.395],[-82.125,30.404],[-82.075,30.415],[-82.032,30.425],[-82.025,30.427],[-81.975,30.439],[-81.925,30.452],[-81.875,30.466],[-81.845,30.475],[-81.825,30.481],[-81.775,30.496],[-81.725,30.511],[-81.68,30.525],[-81.675,30.527],[-81.625,30.542],[-81.575,30.558],[-81.525,30.573],[-81.523,30.573]],[[-86.009,30.309],[-85.975,30.306],[-85.925,30.3],[-85.875,30.294],[-85.858,30.292]],[[-86.925,30.437],[-86.875,30.428],[-86.86,30.425]],[[-87.882,30.518],[-87.875,30.517],[-87.825,30.51],[-87.775,30.505],[-87.725,30.5],[-87.675,30.496],[-87.625,30.492],[-87.575,30.489],[-87.525,30.486],[-87.475,30.483],[-87.425,30.481],[-87.375,30.479],[-87.325,30.477],[-87.287,30.475],[-87.275,30.474],[-87.225,30.471],[-87.182,30.468]],[[-91.375,31.105],[-91.325,31.104],[-91.275,31.102],[-91.225,31.1],[-91.175,31.097],[-91.125,31.093],[-91.075,31.089],[-91.025,31.084],[-90.975,31.079],[-90.944,31.075],[-90.925,31.073],[-90.875,31.066],[-90.825,31.06],[-90.775,31.052],[-90.725,31.045],[-90.675,31.037],[-90.625,31.029],[-90.603,31.025],[-90.575,31.02],[-90.525,31.012],[-90.475,31.004],[-90.425,30.995],[-90.375,30.987],[-90.325,30.978],[-90.304,30.975],[-90.275,30.97],[-90.225,30.962],[-90.175,30.953],[-90.125,30.944],[-90.075,30.936],[-90.025,30.927],[-90.016,30.925],[-89.975,30.918],[-89.925,30.909],[-89.875,30.9],[-89.825,30.89],[-89.775,30.881],[-89.741,30.875],[-89.725,30.872],[-89.675,30.863],[-89.625,30.853],[-89.575,30.844],[-89.525,30.835],[-89.475,30.825],[-89.474,30.825],[-89.425,30.816],[-89.375,30.806],[-89.325,30.797],[-89.275,30.787],[-89.225,30.777],[-89.213,30.775],[-89.175,30.768],[-89.125,30.758],[-89.075,30.748],[-89.025,30.738],[-88.975,30.728],[-88.961,30.725],[-88.925,30.718],[-88.875,30.708],[-88.825,30.697],[-88.775,30.687],[-88.725,30.677],[-88.717,30.675],[-88.675,30.666],[-88.625,30.656],[-88.575,30.646],[-88.525,30.635],[-88.476,30.625],[-88.475,30.625],[-88.425,30.615],[-88.375,30.604],[-88.325,30.594],[-88.275,30.584],[-88.23,30.575],[-88.225,30.574],[-88.175,30.564],[-88.125,30.555]],[[-94.432,31.468],[-94.425,31.466],[-94.375,31.45],[-94.325,31.435],[-94.295,31.425],[-94.275,31.419],[-94.225,31.402],[-94.175,31.386],[-94.143,31.375],[-94.125,31.369],[-94.075,31.352],[-94.025,31.334],[-93.998,31.325],[-93.975,31.317],[-93.925,31.299],[-93.875,31.281],[-93.859,31.275],[-93.825,31.263],[-93.775,31.245],[-93.725,31.226],[-93.722,31.225],[-93.675,31.208],[-93.625,31.19],[-93.582,31.175],[-93.575,31.173],[-93.525,31.156],[-93.475,31.139],[-93.43,31.125],[-93.425,31.124],[-93.375,31.109],[-93.325,31.095],[-93.275,31.083],[-93.241,31.075],[-93.225,31.071],[-93.175,31.061],[-93.125,31.052],[-93.075,31.044],[-93.025,31.038],[-92.975,31.033],[-92.925,31.03],[-92.875,31.028],[-92.825,31.028],[-92.775,31.028],[-92.725,31.03],[-92.675,31.032],[-92.625,31.034],[-92.575,31.037],[-92.54,31.04]]]}},{"type":"Feature","properties":{"date":"2009-03-14","label":"14 Mar","yday":73,"tier":"day","major":false},"geometry":{"type":"MultiLineString","coordinates":[[[-91.375,31.272],[-91.325,31.27],[-91.275,31.268],[-91.225,31.265],[-91.175,31.262],[-91.125,31.258],[-91.075,31.254],[-91.025,31.249],[-90.975,31.244],[-90.925,31.238],[-90.875,31.231],[-90.829,31.225],[-90.825,31.224],[-90.775,31.217],[-90.725,31.21],[-90.675,31.202],[-90.625,31.193],[-90.575,31.185],[-90.525,31.177],[-90.516,31.175],[-90.475,31.168],[-90.425,31.16],[-90.375,31.153],[-90.325,31.145],[-90.275,31.137],[-90.225,31.13],[-90.194,31.125],[-90.175,31.122],[-90.125,31.114],[-90.075,31.106],[-90.025,31.098],[-89.975,31.09],[-89.925,31.082],[-89.882,31.075],[-89.875,31.074],[-89.825,31.066],[-89.775,31.057],[-89.725,31.049],[-89.675,31.041],[-89.625,31.032],[-89.582,31.025],[-89.575,31.024],[-89.525,31.015],[-89.475,31.007],[-89.425,30.999],[-89.375,30.99],[-89.325,30.981],[-89.288,30.975],[-89.275,30.973],[-89.225,30.964],[-89.175,30.955],[-89.125,30.946],[-89.075,30.937],[-89.025,30.929],[-89.005,30.925],[-88.975,30.92],[-88.925,30.911],[-88.875,30.902],[-88.825,30.893],[-88.775,30.884],[-88.725,30.875],[-88.725,30.875],[-88.675,30.866],[-88.625,30.857],[-88.575,30.849],[-88.525,30.84],[-88.475,30.832],[-88.434,30.825],[-88.425,30.824],[-88.375,30.815],[-88.325,30.807],[-88.275,30.8],[-88.225,30.792],[-88.175,30.785],[-88.125,30.778],[-88.1,30.775],[-88.075,30.772],[-88.025,30.766],[-87.975,30.761],[-87.925,30.756],[-87.875,30.753],[-87.825,30.749],[-87.775,30.747],[-87.725,30.745],[-87.675,30.744],[-87.625,30.743],[-87.575,30.742],[-87.525,30.742],[-87.475,30.743],[-87.425,30.744],[-87.375,30.745],[-87.325,30.746],[-87.275,30.748],[-87.225,30.749],[-87.175,30.75],[-87.125,30.751],[-87.075,30.751],[-87.025,30.749],[-86.975,30.747],[-86.925,30.743],[-86.875,30.738],[-86.825,30.733],[-86.775,30.727],[-86.762,30.725],[-86.725,30.72],[-86.675,30.714],[-86.625,30.708],[-86.575,30.702],[-86.525,30.696],[-86.475,30.692],[-86.425,30.688],[-86.375,30.684],[-86.325,30.681],[-86.275,30.677],[-86.237,30.675],[-86.225,30.674],[-86.175,30.671],[-86.125,30.667],[-86.075,30.663],[-86.025,30.659],[-85.975,30.655],[-85.925,30.651],[-85.875,30.647],[-85.825,30.643],[-85.775,30.638],[-85.725,30.634],[-85.675,30.63],[-85.625,30.625],[-85.62,30.625],[-85.575,30.621],[-85.525,30.617],[-85.475,30.613],[-85.425,30.609],[-85.375,30.606],[-85.325,30.602],[-85.275,30.599],[-85.225,30.596],[-85.175,30.593],[-85.125,30.59],[-85.075,30.587],[-85.025,30.585],[-84.975,30.582],[-84.925,30.58],[-84.875,30.577],[-84.825,30.575],[-84.824,30.575],[-84.775,30.573],[-84.725,30.57],[-84.675,30.568],[-84.625,30.566],[-84.575,30.564],[-84.525,30.562],[-84.475,30.56],[-84.425,30.558],[-84.375,30.556],[-84.325,30.555],[-84.275,30.554],[-84.225,30.553],[-84.175,30.553],[-84.125,30.552],[-84.075,30.552],[-84.025,30.552],[-83.975,30.552],[-83.925,30.551],[-83.875,30.551],[-83.825,30.551],[-83.775,30.551],[-83.725,30.551],[-83.675,30.55],[-83.625,30.55],[-83.575,30.55],[-83.525,30.549],[-83.475,30.549],[-83.425,30.549],[-83.375,30.548],[-83.325,30.548],[-83.275,30.547],[-83.225,30.547],[-83.175,30.547],[-83.125,30.547],[-83.075,30.547],[-83.025,30.547],[-82.975,30.547],[-82.925,30.547],[-82.875,30.548],[-82.825,30.549],[-82.775,30.55],[-82.725,30.552],[-82.675,30.554],[-82.625,30.557],[-82.575,30.56],[-82.525,30.563],[-82.475,30.567],[-82.425,30.572],[-82.398,30.575],[-82.375,30.577],[-82.325,30.583],[-82.275,30.59],[-82.225,30.598],[-82.175,30.606],[-82.125,30.615],[-82.075,30.624],[-82.071,30.625],[-82.025,30.635],[-81.975,30.645],[-81.925,30.657],[-81.875,30.669],[-81.852,30.675],[-81.825,30.682],[-81.775,30.695],[-81.725,30.708],[-81.675,30.721],[-81.659,30.725],[-81.625,30.734],[-81.575,30.747],[-81.525,30.76]],[[-94.216,31.584],[-94.189,31.575],[-94.175,31.571],[-94.125,31.555],[-94.075,31.539],[-94.032,31.525],[-94.025,31.523],[-93.975,31.506],[-93.925,31.49],[-93.88,31.475],[-93.875,31.473],[-93.825,31.456],[-93.775,31.439],[-93.732,31.425],[-93.725,31.423],[-93.675,31.406],[-93.625,31.389],[-93.583,31.375],[-93.575,31.373],[-93.525,31.356],[-93.475,31.341],[-93.425,31.326],[-93.423,31.325],[-93.375,31.311],[-93.325,31.297],[-93.275,31.284],[-93.237,31.275],[-93.225,31.272],[-93.175,31.261],[-93.125,31.251],[-93.075,31.242],[-93.025,31.235],[-92.975,31.228],[-92.938,31.225],[-92.925,31.224],[-92.875,31.221],[-92.825,31.219],[-92.775,31.218],[-92.725,31.218]]]}},{"type":"Feature","properties":{"date":"2009-03-15","label":"15 Mar","yday":74,"tier":"day","major":false},"geometry":{"type":"MultiLineString","coordinates":[[[-92.871,31.425],[-92.825,31.422],[-92.775,31.419],[-92.769,31.419]],[[-92.469,31.419],[-92.425,31.42],[-92.375,31.422],[-92.325,31.424],[-92.289,31.425],[-92.275,31.426]],[[-91.325,31.443],[-91.275,31.441],[-91.225,31.438],[-91.175,31.435],[-91.125,31.431],[-91.075,31.426],[-91.06,31.425],[-91.025,31.422],[-90.975,31.416],[-90.925,31.411],[-90.875,31.405],[-90.825,31.398],[-90.775,31.391],[-90.725,31.384],[-90.675,31.376],[-90.667,31.375],[-90.625,31.368],[-90.575,31.36],[-90.525,31.352],[-90.475,31.344],[-90.425,31.336],[-90.375,31.328],[-90.353,31.325],[-90.325,31.321],[-90.275,31.313],[-90.225,31.305],[-90.175,31.298],[-90.125,31.29],[-90.075,31.282],[-90.028,31.275],[-90.025,31.275],[-89.975,31.267],[-89.925,31.259],[-89.875,31.251],[-89.825,31.243],[-89.775,31.235],[-89.725,31.228],[-89.709,31.225],[-89.675,31.22],[-89.625,31.212],[-89.575,31.204],[-89.525,31.196],[-89.475,31.189],[-89.425,31.181],[-89.386,31.175],[-89.375,31.173],[-89.325,31.166],[-89.275,31.158],[-89.225,31.15],[-89.175,31.142],[-89.125,31.134],[-89.075,31.126],[-89.068,31.125],[-89.025,31.118],[-88.975,31.11],[-88.925,31.102],[-88.875,31.094],[-88.825,31.087],[-88.775,31.079],[-88.748,31.075],[-88.725,31.072],[-88.675,31.064],[-88.625,31.057],[-88.575,31.05],[-88.525,31.043],[-88.475,31.037],[-88.425,31.03],[-88.383,31.025],[-88.375,31.024],[-88.325,31.018],[-88.275,31.013],[-88.225,31.007],[-88.175,31.003],[-88.125,30.998],[-88.075,30.994],[-88.025,30.991],[-87.975,30.988],[-87.925,30.986],[-87.875,30.984],[-87.825,30.982],[-87.775,30.982],[-87.725,30.981],[-87.675,30.982],[-87.625,30.982],[-87.575,30.983],[-87.525,30.985],[-87.475,30.987],[-87.425,30.989],[-87.375,30.991],[-87.325,30.994],[-87.275,30.996],[-87.225,30.999],[-87.175,31.001],[-87.125,31.003],[-87.075,31.005],[-87.025,31.007],[-86.975,31.009],[-86.925,31.011],[-86.875,31.012],[-86.825,31.013],[-86.775,31.014],[-86.725,31.015],[-86.675,31.015],[-86.625,31.016],[-86.575,31.017],[-86.525,31.017],[-86.475,31.017],[-86.425,31.017],[-86.375,31.017],[-86.325,31.015],[-86.275,31.013],[-86.225,31.01],[-86.175,31.007],[-86.125,31.003],[-86.075,31.0],[-86.025,30.996],[-85.975,30.992],[-85.925,30.988],[-85.875,30.984],[-85.825,30.98],[-85.775,30.977],[-85.752,30.975],[-85.725,30.973],[-85.675,30.969],[-85.625,30.965],[-85.575,30.961],[-85.525,30.957],[-85.475,30.952],[-85.425,30.948],[-85.375,30.943],[-85.325,30.938],[-85.275,30.933],[-85.225,30.928],[-85.19,30.925],[-85.175,30.924],[-85.125,30.919],[-85.075,30.914],[-85.025,30.909],[-84.975,30.905],[-84.925,30.9],[-84.875,30.896],[-84.825,30.892],[-84.775,30.887],[-84.725,30.883],[-84.675,30.879],[-84.628,30.875],[-84.625,30.875],[-84.575,30.87],[-84.525,30.866],[-84.475,30.861],[-84.425,30.856],[-84.375,30.852],[-84.325,30.848],[-84.275,30.844],[-84.225,30.84],[-84.175,30.836],[-84.125,30.833],[-84.075,30.83],[-84.025,30.826],[-84.001,30.825],[-83.975,30.823],[-83.925,30.821],[-83.875,30.818],[-83.825,30.815],[-83.775,30.813],[-83.725,30.81],[-83.675,30.808],[-83.625,30.806],[-83.575,30.804],[-83.525,30.802],[-83.475,30.8],[-83.425,30.798],[-83.375,30.796],[-83.325,30.794],[-83.275,30.793],[-83.225,30.791],[-83.175,30.789],[-83.125,30.788],[-83.075,30.786],[-83.025,30.785],[-82.975,30.783],[-82.925,30.782],[-82.875,30.782],[-82.825,30.781],[-82.775,30.781],[-82.725,30.781],[-82.675,30.782],[-82.625,30.783],[-82.575,30.785],[-82.525,30.787],[-82.475,30.79],[-82.425,30.793],[-82.375,30.797],[-82.325,30.802],[-82.275,30.808],[-82.225,30.814],[-82.175,30.821],[-82.148,30.825],[-82.125,30.828],[-82.075,30.837],[-82.025,30.845],[-81.975,30.855],[-81.925,30.865],[-81.875,30.875],[-81.874,30.875],[-81.825,30.885],[-81.775,30.896],[-81.725,30.907],[-81.675,30.918],[-81.644,30.925],[-81.625,30.929],[-81.575,30.94],[-81.525,30.951]],[[-93.404,31.525],[-93.375,31.517],[-93.325,31.504],[-93.275,31.491],[-93.225,31.48],[-93.203,31.475],[-93.175,31.469],[-93.125,31.459],[-93.075,31.45],[-93.025,31.442],[-92.975,31.436],[-92.925,31.43],[-92.875,31.425]]]}},{"type":"Feature","properties":{"date":"2009-03-16","label":"16 Mar","yday":75,"tier":"index","major":true},"geometry":{"type":"MultiLineString","coordinates":[[[-92.669,31.619],[-92.625,31.617],[-92.575,31.616],[-92.525,31.615],[-92.475,31.615],[-92.425,31.615],[-92.375,31.615],[-92.325,31.616],[-92.275,31.617],[-92.225,31.618],[-92.175,31.619],[-92.13,31.62]],[[-91.225,31.618],[-91.175,31.615],[-91.125,31.611],[-91.075,31.607],[-91.025,31.603],[-90.975,31.598],[-90.925,31.592],[-90.875,31.587],[-90.825,31.58],[-90.784,31.575],[-90.775,31.574],[-90.725,31.567],[-90.675,31.56],[-90.625,31.552],[-90.575,31.545],[-90.525,31.537],[-90.475,31.529],[-90.449,31.525],[-90.425,31.521],[-90.375,31.513],[-90.325,31.505],[-90.275,31.497],[-90.225,31.489],[-90.175,31.481],[-90.139,31.475],[-90.125,31.473],[-90.075,31.465],[-90.025,31.457],[-89.975,31.449],[-89.925,31.441],[-89.875,31.433],[-89.828,31.425],[-89.825,31.425],[-89.775,31.416],[-89.725,31.409],[-89.675,31.401],[-89.625,31.393],[-89.575,31.385],[-89.525,31.377],[-89.512,31.375],[-89.475,31.369],[-89.425,31.362],[-89.375,31.355],[-89.325,31.347],[-89.275,31.34],[-89.225,31.333],[-89.175,31.326],[-89.168,31.325],[-89.125,31.319],[-89.075,31.312],[-89.025,31.304],[-88.975,31.297],[-88.925,31.29],[-88.875,31.284],[-88.825,31.277],[-88.81,31.275],[-88.775,31.271],[-88.725,31.264],[-88.675,31.258],[-88.625,31.252],[-88.575,31.247],[-88.525,31.241],[-88.475,31.236],[-88.425,31.231],[-88.375,31.227],[-88.353,31.225],[-88.325,31.223],[-88.275,31.219],[-88.225,31.215],[-88.175,31.212],[-88.125,31.209],[-88.075,31.207],[-88.025,31.205],[-87.975,31.204],[-87.925,31.203],[-87.875,31.202],[-87.825,31.202],[-87.775,31.202],[-87.725,31.203],[-87.675,31.204],[-87.625,31.205],[-87.575,31.207],[-87.525,31.209],[-87.475,31.211],[-87.425,31.213],[-87.375,31.216],[-87.325,31.219],[-87.275,31.221],[-87.225,31.224],[-87.216,31.225],[-87.175,31.227],[-87.125,31.231],[-87.075,31.234],[-87.025,31.237],[-86.975,31.24],[-86.925,31.243],[-86.875,31.247],[-86.825,31.25],[-86.775,31.253],[-86.725,31.257],[-86.675,31.26],[-86.625,31.262],[-86.575,31.265],[-86.525,31.267],[-86.475,31.269],[-86.425,31.27],[-86.375,31.27],[-86.325,31.27],[-86.275,31.268],[-86.225,31.265],[-86.175,31.263],[-86.125,31.26],[-86.075,31.257],[-86.025,31.253],[-85.975,31.25],[-85.925,31.247],[-85.875,31.244],[-85.825,31.241],[-85.775,31.238],[-85.725,31.235],[-85.675,31.233],[-85.625,31.23],[-85.575,31.227],[-85.531,31.225],[-85.525,31.225],[-85.475,31.221],[-85.425,31.217],[-85.375,31.212],[-85.325,31.206],[-85.275,31.201],[-85.225,31.195],[-85.175,31.189],[-85.125,31.183],[-85.075,31.178],[-85.05,31.175],[-85.025,31.172],[-84.975,31.167],[-84.925,31.161],[-84.875,31.156],[-84.825,31.151],[-84.775,31.146],[-84.725,31.141],[-84.675,31.137],[-84.625,31.132],[-84.575,31.127],[-84.55,31.125],[-84.525,31.123],[-84.475,31.118],[-84.425,31.113],[-84.375,31.108],[-84.325,31.103],[-84.275,31.098],[-84.225,31.094],[-84.175,31.089],[-84.125,31.084],[-84.075,31.08],[-84.025,31.076],[-84.018,31.075],[-83.975,31.071],[-83.925,31.067],[-83.875,31.063],[-83.825,31.059],[-83.775,31.055],[-83.725,31.052],[-83.675,31.048],[-83.625,31.045],[-83.575,31.042],[-83.525,31.039],[-83.475,31.036],[-83.425,31.033],[-83.375,31.031],[-83.325,31.028],[-83.275,31.026],[-83.256,31.025],[-83.225,31.023],[-83.175,31.021],[-83.125,31.018],[-83.075,31.016],[-83.025,31.014],[-82.975,31.011],[-82.925,31.009],[-82.875,31.007],[-82.825,31.006],[-82.775,31.004],[-82.725,31.003],[-82.675,31.003],[-82.625,31.003],[-82.575,31.003],[-82.525,31.004],[-82.475,31.006],[-82.425,31.008],[-82.375,31.011],[-82.325,31.015],[-82.275,31.019],[-82.225,31.024],[-82.217,31.025],[-82.175,31.03],[-82.125,31.036],[-82.075,31.043],[-82.025,31.05],[-81.975,31.058],[-81.925,31.067],[-81.878,31.075],[-81.875,31.076],[-81.825,31.085],[-81.775,31.094],[-81.725,31.103],[-81.675,31.112],[-81.625,31.122],[-81.607,31.125],[-81.575,31.131],[-81.525,31.14],[-81.507,31.143]]]}},{"type":"Feature","properties":{"date":"2009-03-17","label":"17 Mar","yday":76,"tier":"day","major":false},"geometry":{"type":"MultiLineString","coordinates":[[[-91.102,31.798],[-91.075,31.795],[-91.025,31.791],[-90.975,31.786],[-90.925,31.781],[-90.875,31.776],[-90.868,31.775],[-90.825,31.77],[-90.775,31.764],[-90.725,31.757],[-90.675,31.75],[-90.625,31.743],[-90.575,31.736],[-90.525,31.728],[-90.505,31.725],[-90.475,31.72],[-90.425,31.712],[-90.375,31.704],[-90.325,31.696],[-90.275,31.687],[-90.225,31.679],[-90.204,31.675],[-90.175,31.67],[-90.125,31.661],[-90.075,31.653],[-90.025,31.644],[-89.975,31.635],[-89.925,31.627],[-89.915,31.625],[-89.875,31.618],[-89.825,31.61],[-89.775,31.601],[-89.725,31.592],[-89.675,31.584],[-89.625,31.576],[-89.621,31.575],[-89.575,31.567],[-89.525,31.559],[-89.475,31.551],[-89.425,31.543],[-89.375,31.535],[-89.325,31.528],[-89.304,31.525],[-89.275,31.521],[-89.225,31.514],[-89.175,31.507],[-89.125,31.5],[-89.075,31.494],[-89.025,31.487],[-88.975,31.481],[-88.925,31.475],[-88.925,31.475],[-88.875,31.469],[-88.825,31.463],[-88.775,31.458],[-88.725,31.452],[-88.675,31.447],[-88.625,31.442],[-88.575,31.438],[-88.525,31.433],[-88.475,31.429],[-88.425,31.426],[-88.413,31.425],[-88.375,31.422],[-88.325,31.419],[-88.275,31.417],[-88.225,31.414],[-88.175,31.412],[-88.125,31.411],[-88.075,31.409],[-88.025,31.408],[-87.975,31.408],[-87.925,31.408],[-87.875,31.408],[-87.825,31.408],[-87.775,31.409],[-87.725,31.41],[-87.675,31.411],[-87.625,31.413],[-87.575,31.415],[-87.525,31.417],[-87.475,31.419],[-87.425,31.421],[-87.375,31.424],[-87.356,31.425],[-87.325,31.427],[-87.275,31.429],[-87.225,31.432],[-87.175,31.435],[-87.125,31.438],[-87.075,31.441],[-87.025,31.444],[-86.975,31.447],[-86.925,31.451],[-86.875,31.454],[-86.825,31.457],[-86.775,31.46],[-86.725,31.463],[-86.675,31.466],[-86.625,31.468],[-86.575,31.47],[-86.525,31.471],[-86.475,31.472],[-86.425,31.472],[-86.375,31.472],[-86.325,31.471],[-86.275,31.469],[-86.225,31.467],[-86.175,31.465],[-86.125,31.462],[-86.075,31.459],[-86.025,31.456],[-85.975,31.453],[-85.925,31.45],[-85.875,31.448],[-85.825,31.445],[-85.775,31.442],[-85.725,31.439],[-85.675,31.437],[-85.625,31.434],[-85.575,31.432],[-85.525,31.429],[-85.475,31.426],[-85.466,31.425],[-85.425,31.422],[-85.375,31.417],[-85.325,31.412],[-85.275,31.407],[-85.225,31.402],[-85.175,31.396],[-85.125,31.391],[-85.075,31.386],[-85.025,31.38],[-84.975,31.375],[-84.974,31.375],[-84.925,31.37],[-84.875,31.365],[-84.825,31.36],[-84.775,31.355],[-84.725,31.351],[-84.675,31.346],[-84.625,31.342],[-84.575,31.338],[-84.525,31.333],[-84.475,31.329],[-84.425,31.325],[-84.42,31.325],[-84.375,31.321],[-84.325,31.317],[-84.275,31.313],[-84.225,31.308],[-84.175,31.304],[-84.125,31.3],[-84.075,31.295],[-84.025,31.291],[-83.975,31.286],[-83.925,31.282],[-83.875,31.277],[-83.845,31.275],[-83.825,31.273],[-83.775,31.269],[-83.725,31.265],[-83.675,31.261],[-83.625,31.258],[-83.575,31.254],[-83.525,31.251],[-83.475,31.247],[-83.425,31.244],[-83.375,31.242],[-83.325,31.239],[-83.275,31.236],[-83.225,31.234],[-83.175,31.231],[-83.125,31.229],[-83.075,31.226],[-83.05,31.225],[-83.025,31.224],[-82.975,31.221],[-82.925,31.219],[-82.875,31.217],[-82.825,31.214],[-82.775,31.212],[-82.725,31.21],[-82.675,31.209],[-82.625,31.207],[-82.575,31.207],[-82.525,31.207],[-82.475,31.207],[-82.425,31.208],[-82.375,31.21],[-82.325,31.213],[-82.275,31.217],[-82.225,31.221],[-82.187,31.225],[-82.175,31.226],[-82.125,31.232],[-82.075,31.238],[-82.025,31.244],[-81.975,31.251],[-81.925,31.258],[-81.875,31.266],[-81.825,31.274],[-81.818,31.275],[-81.775,31.282],[-81.725,31.29],[-81.675,31.298],[-81.625,31.306],[-81.575,31.313],[-81.525,31.321],[-81.496,31.325],[-81.475,31.328],[-81.425,31.334],[-81.415,31.335]],[[-92.836,31.836],[-92.825,31.835],[-92.775,31.83],[-92.725,31.826],[-92.711,31.825],[-92.675,31.822],[-92.625,31.82],[-92.575,31.817],[-92.525,31.815],[-92.475,31.814],[-92.425,31.813],[-92.375,31.812],[-92.325,31.812],[-92.275,31.812],[-92.225,31.812],[-92.175,31.813],[-92.125,31.813],[-92.075,31.814],[-92.025,31.815],[-91.975,31.815],[-91.925,31.816],[-91.875,31.817]]]}},{"type":"Feature","properties":{"date":"2009-03-18","label":"18 Mar","yday":77,"tier":"day","major":false},"geometry":{"type":"MultiLineString","coordinates":[[[-90.879,31.971],[-90.875,31.97],[-90.825,31.965],[-90.775,31.959],[-90.725,31.952],[-90.675,31.946],[-90.625,31.939],[-90.575,31.931],[-90.534,31.925],[-90.525,31.924],[-90.475,31.916],[-90.425,31.908],[-90.375,31.899],[-90.325,31.89],[-90.275,31.881],[-90.239,31.875],[-90.225,31.872],[-90.175,31.863],[-90.125,31.854],[-90.075,31.845],[-90.025,31.835],[-89.975,31.826],[-89.971,31.825],[-89.925,31.816],[-89.875,31.807],[-89.825,31.798],[-89.775,31.788],[-89.725,31.779],[-89.702,31.775],[-89.675,31.77],[-89.625,31.761],[-89.575,31.752],[-89.525,31.744],[-89.475,31.735],[-89.425,31.727],[-89.414,31.725],[-89.375,31.719],[-89.325,31.711],[-89.275,31.703],[-89.225,31.696],[-89.175,31.689],[-89.125,31.682],[-89.075,31.675],[-89.074,31.675],[-89.025,31.669],[-88.975,31.663],[-88.925,31.657],[-88.875,31.651],[-88.825,31.646],[-88.775,31.641],[-88.725,31.636],[-88.675,31.631],[-88.625,31.627],[-88.599,31.625],[-88.575,31.623],[-88.525,31.62],[-88.475,31.616],[-88.425,31.613],[-88.375,31.611],[-88.325,31.608],[-88.275,31.606],[-88.225,31.605],[-88.175,31.603],[-88.125,31.602],[-88.075,31.602],[-88.025,31.601],[-87.975,31.601],[-87.925,31.601],[-87.875,31.602],[-87.825,31.603],[-87.775,31.604],[-87.725,31.605],[-87.675,31.606],[-87.625,31.608],[-87.575,31.61],[-87.525,31.612],[-87.475,31.614],[-87.425,31.616],[-87.375,31.619],[-87.325,31.621],[-87.275,31.624],[-87.249,31.625],[-87.225,31.626],[-87.175,31.629],[-87.125,31.631],[-87.075,31.634],[-87.025,31.636],[-86.975,31.639],[-86.925,31.641],[-86.875,31.644],[-86.825,31.646],[-86.775,31.648],[-86.725,31.649],[-86.675,31.65],[-86.625,31.651],[-86.575,31.652],[-86.525,31.652],[-86.475,31.651],[-86.425,31.651],[-86.375,31.649],[-86.325,31.648],[-86.275,31.645],[-86.225,31.643],[-86.175,31.64],[-86.125,31.637],[-86.075,31.634],[-86.025,31.631],[-85.975,31.627],[-85.937,31.625],[-85.925,31.624],[-85.875,31.621],[-85.825,31.618],[-85.775,31.615],[-85.725,31.611],[-85.675,31.608],[-85.625,31.605],[-85.575,31.602],[-85.525,31.598],[-85.475,31.594],[-85.425,31.591],[-85.375,31.586],[-85.325,31.582],[-85.275,31.578],[-85.245,31.575],[-85.225,31.573],[-85.175,31.568],[-85.125,31.563],[-85.075,31.559],[-85.025,31.554],[-84.975,31.549],[-84.925,31.544],[-84.875,31.54],[-84.825,31.536],[-84.775,31.531],[-84.725,31.527],[-84.694,31.525],[-84.675,31.523],[-84.625,31.52],[-84.575,31.516],[-84.525,31.512],[-84.475,31.509],[-84.425,31.506],[-84.375,31.502],[-84.325,31.499],[-84.275,31.496],[-84.225,31.492],[-84.175,31.489],[-84.125,31.485],[-84.075,31.481],[-84.025,31.476],[-84.007,31.475],[-83.975,31.472],[-83.925,31.468],[-83.875,31.464],[-83.825,31.46],[-83.775,31.456],[-83.725,31.452],[-83.675,31.448],[-83.625,31.445],[-83.575,31.441],[-83.525,31.438],[-83.475,31.435],[-83.425,31.432],[-83.375,31.429],[-83.325,31.427],[-83.292,31.425],[-83.275,31.424],[-83.225,31.422],[-83.175,31.419],[-83.125,31.417],[-83.075,31.415],[-83.025,31.413],[-82.975,31.411],[-82.925,31.409],[-82.875,31.407],[-82.825,31.404],[-82.775,31.402],[-82.725,31.399],[-82.675,31.397],[-82.625,31.395],[-82.575,31.393],[-82.525,31.393],[-82.475,31.393],[-82.425,31.394],[-82.375,31.395],[-82.325,31.398],[-82.275,31.401],[-82.225,31.405],[-82.175,31.409],[-82.125,31.414],[-82.075,31.419],[-82.025,31.425],[-82.025,31.425],[-81.975,31.431],[-81.925,31.437],[-81.875,31.444],[-81.825,31.451],[-81.775,31.458],[-81.725,31.465],[-81.675,31.471],[-81.648,31.475],[-81.625,31.478],[-81.575,31.484],[-81.525,31.49],[-81.475,31.496],[-81.425,31.502],[-81.375,31.506],[-81.325,31.511],[-81.275,31.515],[-81.225,31.518],[-81.179,31.521]],[[-93.025,32.067],[-92.975,32.059],[-92.925,32.052],[-92.875,32.046],[-92.825,32.04],[-92.775,32.034],[-92.725,32.03],[-92.675,32.026],[-92.667,32.025],[-92.625,32.022],[-92.575,32.019],[-92.525,32.016],[-92.475,32.014],[-92.425,32.013],[-92.375,32.011],[-92.325,32.01],[-92.275,32.01],[-92.225,32.009],[-92.175,32.009],[-92.125,32.009],[-92.075,32.009],[-92.025,32.01],[-92.01,32.01]]]}},{"type":"Feature","properties":{"date":"2009-03-19","label":"19 Mar","yday":78,"tier":"day","major":false},"geometry":{"type":"MultiLineString","coordinates":[[[-90.485,32.115],[-90.475,32.113],[-90.425,32.105],[-90.375,32.096],[-90.325,32.087],[-90.275,32.078],[-90.26,32.075],[-90.225,32.068],[-90.175,32.058],[-90.125,32.048],[-90.075,32.038],[-90.025,32.028],[-90.01,32.025],[-89.975,32.018],[-89.925,32.008],[-89.875,31.998],[-89.825,31.987],[-89.775,31.977],[-89.763,31.975],[-89.725,31.967],[-89.675,31.958],[-89.625,31.948],[-89.575,31.938],[-89.525,31.929],[-89.504,31.925],[-89.475,31.92],[-89.425,31.911],[-89.375,31.902],[-89.325,31.893],[-89.275,31.885],[-89.225,31.877],[-89.211,31.875],[-89.175,31.87],[-89.125,31.862],[-89.075,31.855],[-89.025,31.848],[-88.975,31.842],[-88.925,31.836],[-88.875,31.83],[-88.827,31.825],[-88.825,31.825],[-88.775,31.82],[-88.725,31.815],[-88.675,31.811],[-88.625,31.807],[-88.575,31.803],[-88.525,31.8],[-88.475,31.797],[-88.425,31.794],[-88.375,31.792],[-88.325,31.79],[-88.275,31.789],[-88.225,31.787],[-88.175,31.786],[-88.125,31.786],[-88.075,31.785],[-88.025,31.785],[-87.975,31.785],[-87.925,31.786],[-87.875,31.786],[-87.825,31.787],[-87.775,31.788],[-87.725,31.79],[-87.675,31.791],[-87.625,31.792],[-87.575,31.794],[-87.525,31.796],[-87.475,31.798],[-87.425,31.8],[-87.375,31.802],[-87.325,31.804],[-87.275,31.806],[-87.225,31.808],[-87.175,31.81],[-87.125,31.812],[-87.075,31.814],[-87.025,31.816],[-86.975,31.818],[-86.925,31.819],[-86.875,31.82],[-86.825,31.821],[-86.775,31.822],[-86.725,31.823],[-86.675,31.823],[-86.625,31.822],[-86.575,31.822],[-86.525,31.821],[-86.475,31.819],[-86.425,31.817],[-86.375,31.815],[-86.325,31.812],[-86.275,31.809],[-86.225,31.805],[-86.175,31.801],[-86.125,31.797],[-86.075,31.793],[-86.025,31.789],[-85.975,31.785],[-85.925,31.781],[-85.875,31.777],[-85.848,31.775],[-85.825,31.773],[-85.775,31.769],[-85.725,31.766],[-85.675,31.762],[-85.625,31.758],[-85.575,31.754],[-85.525,31.75],[-85.475,31.746],[-85.425,31.742],[-85.375,31.737],[-85.325,31.733],[-85.275,31.729],[-85.232,31.725],[-85.225,31.724],[-85.175,31.72],[-85.125,31.715],[-85.075,31.711],[-85.025,31.706],[-84.975,31.702],[-84.925,31.698],[-84.875,31.694],[-84.825,31.69],[-84.775,31.686],[-84.725,31.682],[-84.675,31.679],[-84.625,31.675],[-84.622,31.675],[-84.575,31.672],[-84.525,31.669],[-84.475,31.666],[-84.425,31.663],[-84.375,31.66],[-84.325,31.657],[-84.275,31.654],[-84.225,31.651],[-84.175,31.648],[-84.125,31.645],[-84.075,31.642],[-84.025,31.638],[-83.975,31.635],[-83.925,31.631],[-83.875,31.628],[-83.832,31.625],[-83.825,31.624],[-83.775,31.621],[-83.725,31.618],[-83.675,31.614],[-83.625,31.611],[-83.575,31.608],[-83.525,31.605],[-83.475,31.602],[-83.425,31.6],[-83.375,31.597],[-83.325,31.595],[-83.275,31.592],[-83.225,31.59],[-83.175,31.588],[-83.125,31.586],[-83.075,31.584],[-83.025,31.582],[-82.975,31.58],[-82.925,31.578],[-82.875,31.576],[-82.843,31.575],[-82.825,31.574],[-82.775,31.572],[-82.725,31.57],[-82.675,31.567],[-82.625,31.566],[-82.575,31.564],[-82.525,31.563],[-82.475,31.564],[-82.425,31.564],[-82.375,31.566],[-82.325,31.568],[-82.275,31.571],[-82.225,31.575],[-82.223,31.575],[-82.175,31.579],[-82.125,31.583],[-82.075,31.588],[-82.025,31.593],[-81.975,31.598],[-81.925,31.604],[-81.875,31.61],[-81.825,31.616],[-81.775,31.622],[-81.753,31.625],[-81.725,31.628],[-81.675,31.634],[-81.625,31.64],[-81.575,31.646],[-81.525,31.651],[-81.475,31.656],[-81.425,31.661],[-81.375,31.665],[-81.325,31.669],[-81.275,31.672],[-81.23,31.675],[-81.225,31.675]],[[-93.075,32.28],[-93.047,32.275],[-93.025,32.271],[-92.975,32.263],[-92.925,32.256],[-92.875,32.249],[-92.825,32.243],[-92.775,32.237],[-92.725,32.232],[-92.675,32.227],[-92.651,32.225],[-92.625,32.223],[-92.575,32.219],[-92.525,32.216],[-92.475,32.214],[-92.425,32.212],[-92.375,32.21],[-92.325,32.209],[-92.275,32.208],[-92.225,32.207],[-92.175,32.207],[-92.125,32.207],[-92.107,32.207]]]}},{"type":"Feature","properties":{"date":"2009-03-20","label":"20 Mar","yday":79,"tier":"day","major":false},"geometry":{"type":"MultiLineString","coordinates":[[[-86.148,31.952],[-86.125,31.949],[-86.075,31.944],[-86.025,31.939],[-85.975,31.933],[-85.925,31.928],[-85.892,31.925],[-85.875,31.923],[-85.825,31.918],[-85.775,31.913],[-85.725,31.909],[-85.675,31.904],[-85.625,31.899],[-85.575,31.895],[-85.525,31.89],[-85.475,31.885],[-85.425,31.881],[-85.375,31.876],[-85.363,31.875],[-85.325,31.872],[-85.275,31.867],[-85.225,31.862],[-85.175,31.858],[-85.125,31.853],[-85.075,31.849],[-85.025,31.845],[-84.975,31.84],[-84.925,31.836],[-84.875,31.832],[-84.825,31.829],[-84.775,31.825],[-84.774,31.825],[-84.725,31.822],[-84.675,31.818],[-84.625,31.815],[-84.575,31.812],[-84.525,31.809],[-84.475,31.807],[-84.425,31.804],[-84.375,31.801],[-84.325,31.799],[-84.275,31.797],[-84.225,31.794],[-84.175,31.792],[-84.125,31.789],[-84.075,31.787],[-84.025,31.784],[-83.975,31.781],[-83.925,31.779],[-83.875,31.776],[-83.857,31.775],[-83.825,31.773],[-83.775,31.77],[-83.725,31.768],[-83.675,31.765],[-83.625,31.762],[-83.575,31.76],[-83.525,31.757],[-83.475,31.755],[-83.425,31.752],[-83.375,31.75],[-83.325,31.748],[-83.275,31.745],[-83.225,31.743],[-83.175,31.741],[-83.125,31.739],[-83.075,31.737],[-83.025,31.736],[-82.975,31.734],[-82.925,31.732],[-82.875,31.73],[-82.825,31.728],[-82.775,31.727],[-82.725,31.725],[-82.71,31.725],[-82.675,31.724],[-82.625,31.723],[-82.575,31.723],[-82.525,31.722],[-82.475,31.723],[-82.425,31.724],[-82.391,31.725],[-82.375,31.725],[-82.325,31.728],[-82.275,31.73],[-82.225,31.733],[-82.175,31.737],[-82.125,31.741],[-82.075,31.745],[-82.025,31.75],[-81.975,31.755],[-81.925,31.76],[-81.875,31.765],[-81.825,31.771],[-81.788,31.775],[-81.775,31.776],[-81.725,31.782],[-81.675,31.788],[-81.625,31.793],[-81.575,31.798],[-81.525,31.803],[-81.475,31.808],[-81.425,31.812],[-81.375,31.816],[-81.325,31.82],[-81.275,31.823],[-81.234,31.825],[-81.225,31.825],[-81.175,31.827],[-81.125,31.828],[-81.079,31.829]],[[-90.111,32.239],[-90.075,32.232],[-90.044,32.225],[-90.025,32.221],[-89.975,32.21],[-89.925,32.199],[-89.875,32.188],[-89.825,32.177],[-89.816,32.175],[-89.775,32.166],[-89.725,32.155],[-89.675,32.145],[-89.625,32.134],[-89.58,32.125],[-89.575,32.124],[-89.525,32.114],[-89.475,32.104],[-89.425,32.094],[-89.375,32.084],[-89.325,32.075],[-89.324,32.075],[-89.275,32.066],[-89.225,32.057],[-89.175,32.049],[-89.125,32.041],[-89.075,32.033],[-89.025,32.026],[-89.02,32.025],[-88.975,32.019],[-88.925,32.012],[-88.875,32.006],[-88.825,32.0],[-88.775,31.995],[-88.725,31.99],[-88.675,31.986],[-88.625,31.982],[-88.575,31.978],[-88.525,31.975],[-88.522,31.975],[-88.475,31.972],[-88.425,31.97],[-88.375,31.968],[-88.325,31.966],[-88.275,31.965],[-88.225,31.963],[-88.175,31.962],[-88.125,31.962],[-88.075,31.962],[-88.025,31.961],[-87.975,31.961],[-87.925,31.962],[-87.875,31.962],[-87.825,31.963],[-87.775,31.964],[-87.764,31.964]]]}},{"type":"Feature","properties":{"date":"2009-03-21","label":"21 Mar","yday":80,"tier":"five","major":false},"geometry":{"type":"MultiLineString","coordinates":[[[-85.974,32.075],[-85.925,32.069],[-85.875,32.062],[-85.825,32.056],[-85.775,32.05],[-85.725,32.044],[-85.675,32.038],[-85.625,32.032],[-85.575,32.027],[-85.559,32.025],[-85.525,32.021],[-85.475,32.016],[-85.425,32.011],[-85.375,32.005],[-85.325,32.0],[-85.275,31.996],[-85.225,31.991],[-85.175,31.986],[-85.125,31.982],[-85.075,31.977],[-85.05,31.975],[-85.025,31.973],[-84.975,31.968],[-84.925,31.964],[-84.875,31.96],[-84.825,31.957],[-84.775,31.953],[-84.725,31.95],[-84.675,31.947],[-84.625,31.944],[-84.575,31.941],[-84.525,31.939],[-84.475,31.936],[-84.425,31.934],[-84.375,31.932],[-84.325,31.93],[-84.275,31.928],[-84.225,31.926],[-84.197,31.925],[-84.175,31.924],[-84.125,31.922],[-84.075,31.92],[-84.025,31.918],[-83.975,31.916],[-83.925,31.914],[-83.875,31.912],[-83.825,31.91],[-83.775,31.908],[-83.725,31.906],[-83.675,31.904],[-83.625,31.902],[-83.575,31.9],[-83.525,31.898],[-83.475,31.896],[-83.425,31.894],[-83.375,31.892],[-83.325,31.89],[-83.275,31.888],[-83.225,31.886],[-83.175,31.884],[-83.125,31.882],[-83.075,31.88],[-83.025,31.878],[-82.975,31.877],[-82.925,31.875],[-82.91,31.875],[-82.875,31.874],[-82.825,31.873],[-82.775,31.872],[-82.725,31.871],[-82.675,31.87],[-82.625,31.87],[-82.575,31.87],[-82.525,31.87],[-82.475,31.871],[-82.425,31.872],[-82.375,31.874],[-82.348,31.875],[-82.325,31.876],[-82.275,31.878],[-82.225,31.881],[-82.175,31.885],[-82.125,31.888],[-82.075,31.892],[-82.025,31.896],[-81.975,31.901],[-81.925,31.906],[-81.875,31.911],[-81.825,31.916],[-81.775,31.921],[-81.737,31.925],[-81.725,31.926],[-81.675,31.931],[-81.625,31.937],[-81.575,31.942],[-81.525,31.946],[-81.475,31.951],[-81.425,31.955],[-81.375,31.959],[-81.325,31.963],[-81.275,31.966],[-81.225,31.968],[-81.175,31.97],[-81.125,31.97],[-81.075,31.97],[-81.025,31.969],[-80.975,31.968],[-80.933,31.967]],[[-87.142,32.142],[-87.125,32.143],[-87.075,32.143],[-87.025,32.144],[-87.006,32.144]],[[-89.341,32.259],[-89.325,32.255],[-89.275,32.246],[-89.225,32.236],[-89.175,32.227],[-89.166,32.225],[-89.125,32.218],[-89.075,32.209],[-89.025,32.201],[-88.975,32.193],[-88.925,32.186],[-88.875,32.179],[-88.844,32.175],[-88.825,32.173],[-88.775,32.167],[-88.725,32.162],[-88.675,32.157],[-88.625,32.153],[-88.575,32.149],[-88.525,32.146],[-88.475,32.143],[-88.425,32.14],[-88.375,32.138],[-88.325,32.136],[-88.275,32.135],[-88.225,32.133],[-88.175,32.132],[-88.125,32.132],[-88.075,32.131],[-88.031,32.131]],[[-89.867,32.375],[-89.825,32.365],[-89.775,32.354],[-89.725,32.342],[-89.675,32.331],[-89.649,32.325],[-89.625,32.32],[-89.575,32.308]]]}},{"type":"Feature","properties":{"date":"2009-03-22","label":"22 Mar","yday":81,"tier":"day","major":false},"geometry":{"type":"MultiLineString","coordinates":[[[-85.596,32.154],[-85.575,32.152],[-85.525,32.146],[-85.475,32.139],[-85.425,32.134],[-85.375,32.128],[-85.35,32.125],[-85.325,32.122],[-85.275,32.117],[-85.225,32.112],[-85.175,32.106],[-85.125,32.102],[-85.075,32.097],[-85.025,32.092],[-84.975,32.088],[-84.925,32.084],[-84.875,32.08],[-84.825,32.077],[-84.798,32.075],[-84.775,32.073],[-84.725,32.07],[-84.675,32.067],[-84.625,32.065],[-84.575,32.062],[-84.525,32.06],[-84.475,32.058],[-84.425,32.056],[-84.375,32.054],[-84.325,32.052],[-84.275,32.051],[-84.225,32.05],[-84.175,32.048],[-84.125,32.047],[-84.075,32.046],[-84.025,32.044],[-83.975,32.043],[-83.925,32.042],[-83.875,32.041],[-83.825,32.039],[-83.775,32.038],[-83.725,32.037],[-83.675,32.035],[-83.625,32.034],[-83.575,32.032],[-83.525,32.03],[-83.475,32.029],[-83.425,32.027],[-83.375,32.025],[-83.373,32.025],[-83.325,32.023],[-83.275,32.021],[-83.225,32.02],[-83.175,32.018],[-83.125,32.016],[-83.075,32.015],[-83.025,32.013],[-82.975,32.012],[-82.925,32.011],[-82.875,32.01],[-82.825,32.009],[-82.775,32.008],[-82.725,32.008],[-82.675,32.008],[-82.625,32.008],[-82.575,32.008],[-82.525,32.009],[-82.475,32.01],[-82.425,32.011],[-82.375,32.013],[-82.325,32.015],[-82.275,32.018],[-82.225,32.02],[-82.175,32.023],[-82.152,32.025],[-82.125,32.027],[-82.075,32.03],[-82.025,32.034],[-81.975,32.039],[-81.925,32.043],[-81.875,32.047],[-81.825,32.052],[-81.775,32.057],[-81.725,32.062],[-81.675,32.067],[-81.625,32.071],[-81.588,32.075],[-81.575,32.076],[-81.525,32.081],[-81.475,32.085],[-81.425,32.089],[-81.375,32.093],[-81.325,32.097],[-81.275,32.1],[-81.225,32.102],[-81.175,32.104],[-81.125,32.104],[-81.075,32.103],[-81.025,32.102],[-80.975,32.101],[-80.925,32.099],[-80.902,32.098]],[[-87.194,32.294],[-87.175,32.294],[-87.125,32.294],[-87.075,32.294],[-87.025,32.294],[-86.975,32.293],[-86.925,32.293],[-86.875,32.292]],[[-89.194,32.406],[-89.175,32.403],[-89.125,32.393],[-89.075,32.384],[-89.028,32.375],[-89.025,32.375],[-88.975,32.366],[-88.925,32.358],[-88.875,32.35],[-88.825,32.343],[-88.775,32.336],[-88.725,32.33],[-88.675,32.325],[-88.672,32.325],[-88.625,32.321],[-88.575,32.317],[-88.525,32.313],[-88.475,32.31],[-88.425,32.307],[-88.375,32.305],[-88.325,32.302],[-88.275,32.3],[-88.225,32.299],[-88.175,32.297]]]}},{"type":"Feature","properties":{"date":"2009-03-23","label":"23 Mar","yday":82,"tier":"day","major":false},"geometry":{"type":"MultiLineString","coordinates":[[[-80.731,32.219],[-80.725,32.219],[-80.682,32.218]],[[-85.575,32.271],[-85.525,32.264],[-85.475,32.257],[-85.425,32.251],[-85.375,32.244],[-85.325,32.238],[-85.275,32.232],[-85.225,32.227],[-85.21,32.225],[-85.175,32.221],[-85.125,32.216],[-85.075,32.211],[-85.025,32.206],[-84.975,32.202],[-84.925,32.198],[-84.875,32.194],[-84.825,32.19],[-84.775,32.187],[-84.725,32.184],[-84.675,32.181],[-84.625,32.179],[-84.575,32.177],[-84.532,32.175],[-84.525,32.175],[-84.475,32.173],[-84.425,32.171],[-84.375,32.17],[-84.325,32.169],[-84.275,32.168],[-84.225,32.167],[-84.175,32.166],[-84.125,32.165],[-84.075,32.164],[-84.025,32.164],[-83.975,32.163],[-83.925,32.163],[-83.875,32.162],[-83.825,32.161],[-83.775,32.161],[-83.725,32.16],[-83.675,32.159],[-83.625,32.158],[-83.575,32.157],[-83.525,32.156],[-83.475,32.155],[-83.425,32.153],[-83.375,32.152],[-83.325,32.15],[-83.275,32.149],[-83.225,32.147],[-83.175,32.146],[-83.125,32.144],[-83.075,32.143],[-83.025,32.142],[-82.975,32.141],[-82.925,32.14],[-82.875,32.139],[-82.825,32.138],[-82.775,32.138],[-82.725,32.138],[-82.675,32.138],[-82.625,32.139],[-82.575,32.139],[-82.525,32.14],[-82.475,32.142],[-82.425,32.143],[-82.375,32.145],[-82.325,32.147],[-82.275,32.15],[-82.225,32.152],[-82.175,32.155],[-82.125,32.158],[-82.075,32.162],[-82.025,32.165],[-81.975,32.169],[-81.925,32.173],[-81.904,32.175],[-81.875,32.177],[-81.825,32.182],[-81.775,32.186],[-81.725,32.19],[-81.675,32.195],[-81.625,32.199],[-81.575,32.204],[-81.525,32.208],[-81.475,32.212],[-81.425,32.216],[-81.375,32.22],[-81.325,32.223],[-81.284,32.225],[-81.275,32.226],[-81.225,32.228],[-81.175,32.229],[-81.125,32.229],[-81.075,32.229],[-81.025,32.229],[-80.975,32.228],[-80.925,32.226],[-80.883,32.225],[-80.875,32.225],[-80.825,32.223],[-80.823,32.223]],[[-89.007,32.543],[-88.975,32.537],[-88.925,32.528],[-88.904,32.525],[-88.875,32.52],[-88.825,32.512],[-88.775,32.505],[-88.725,32.499],[-88.675,32.493],[-88.625,32.487],[-88.575,32.483],[-88.525,32.478],[-88.487,32.475],[-88.475,32.474],[-88.425,32.47],[-88.375,32.467],[-88.325,32.464],[-88.275,32.461],[-88.225,32.459],[-88.175,32.457]]]}},{"type":"Feature","properties":{"date":"2009-03-24","label":"24 Mar","yday":83,"tier":"day","major":false},"geometry":{"type":"MultiLineString","coordinates":[[[-80.653,32.347],[-80.625,32.347],[-80.575,32.346],[-80.525,32.346],[-80.495,32.345]],[[-86.012,32.462],[-85.975,32.455],[-85.925,32.446],[-85.875,32.437],[-85.825,32.428],[-85.807,32.425],[-85.775,32.419],[-85.725,32.411],[-85.675,32.402],[-85.625,32.394],[-85.575,32.386],[-85.525,32.378],[-85.504,32.375],[-85.475,32.371],[-85.425,32.363],[-85.375,32.356],[-85.325,32.35],[-85.275,32.343],[-85.225,32.337],[-85.175,32.331],[-85.125,32.326],[-85.119,32.325],[-85.075,32.32],[-85.025,32.315],[-84.975,32.311],[-84.925,32.307],[-84.875,32.303],[-84.825,32.299],[-84.775,32.296],[-84.725,32.293],[-84.675,32.29],[-84.625,32.288],[-84.575,32.286],[-84.525,32.284],[-84.475,32.283],[-84.425,32.281],[-84.375,32.28],[-84.325,32.279],[-84.275,32.279],[-84.225,32.278],[-84.175,32.278],[-84.125,32.278],[-84.075,32.278],[-84.025,32.278],[-83.975,32.278],[-83.925,32.278],[-83.875,32.278],[-83.825,32.278],[-83.775,32.278],[-83.725,32.278],[-83.675,32.278],[-83.625,32.278],[-83.575,32.277],[-83.525,32.276],[-83.475,32.275],[-83.459,32.275],[-83.425,32.274],[-83.375,32.273],[-83.325,32.272],[-83.275,32.27],[-83.225,32.269],[-83.175,32.268],[-83.125,32.267],[-83.075,32.265],[-83.025,32.264],[-82.975,32.264],[-82.925,32.263],[-82.875,32.263],[-82.825,32.263],[-82.775,32.263],[-82.725,32.263],[-82.675,32.263],[-82.625,32.264],[-82.575,32.265],[-82.525,32.266],[-82.475,32.268],[-82.425,32.27],[-82.375,32.272],[-82.325,32.274],[-82.299,32.275],[-82.275,32.276],[-82.225,32.279],[-82.175,32.282],[-82.125,32.285],[-82.075,32.288],[-82.025,32.291],[-81.975,32.295],[-81.925,32.298],[-81.875,32.302],[-81.825,32.306],[-81.775,32.31],[-81.725,32.314],[-81.675,32.318],[-81.625,32.322],[-81.586,32.325],[-81.575,32.326],[-81.525,32.33],[-81.475,32.334],[-81.425,32.337],[-81.375,32.341],[-81.325,32.344],[-81.275,32.346],[-81.225,32.348],[-81.175,32.35],[-81.125,32.351],[-81.075,32.352],[-81.025,32.352],[-80.975,32.352],[-80.925,32.351],[-80.875,32.351],[-80.825,32.35]],[[-86.703,32.553],[-86.675,32.551],[-86.625,32.547],[-86.575,32.542],[-86.525,32.537],[-86.475,32.532],[-86.469,32.531]],[[-88.779,32.671],[-88.775,32.67],[-88.725,32.663],[-88.675,32.656],[-88.625,32.65],[-88.575,32.644],[-88.525,32.639],[-88.475,32.634],[-88.425,32.629],[-88.375,32.625],[-88.371,32.625],[-88.325,32.621],[-88.275,32.618]],[[-89.675,32.872],[-89.625,32.859],[-89.575,32.846],[-89.525,32.833]]]}},{"type":"Feature","properties":{"date":"2009-03-25","label":"25 Mar","yday":84,"tier":"day","major":false},"geometry":{"type":"MultiLineString","coordinates":[[[-87.525,32.73],[-87.475,32.727],[-87.427,32.725],[-87.425,32.725],[-87.375,32.722],[-87.325,32.72],[-87.275,32.717],[-87.225,32.715],[-87.175,32.712],[-87.125,32.709],[-87.075,32.706],[-87.025,32.702],[-86.975,32.699],[-86.925,32.695],[-86.875,32.691],[-86.825,32.687],[-86.775,32.683],[-86.725,32.679],[-86.685,32.675],[-86.675,32.674],[-86.625,32.669],[-86.575,32.664],[-86.525,32.658],[-86.475,32.652],[-86.425,32.645],[-86.375,32.638],[-86.325,32.631],[-86.287,32.625],[-86.275,32.623],[-86.225,32.615],[-86.175,32.606],[-86.125,32.598],[-86.075,32.589],[-86.025,32.579],[-86.002,32.575],[-85.975,32.57],[-85.925,32.56],[-85.875,32.551],[-85.825,32.542],[-85.775,32.532],[-85.735,32.525],[-85.725,32.523],[-85.675,32.514],[-85.625,32.505],[-85.575,32.496],[-85.525,32.488],[-85.475,32.48],[-85.443,32.475],[-85.425,32.472],[-85.375,32.465],[-85.325,32.457],[-85.275,32.45],[-85.225,32.444],[-85.175,32.438],[-85.125,32.432],[-85.075,32.426],[-85.063,32.425],[-85.025,32.421],[-84.975,32.416],[-84.925,32.412],[-84.875,32.408],[-84.825,32.404],[-84.775,32.401],[-84.725,32.398],[-84.675,32.395],[-84.625,32.393],[-84.575,32.391],[-84.525,32.389],[-84.475,32.388],[-84.425,32.387],[-84.375,32.386],[-84.325,32.385],[-84.275,32.385],[-84.225,32.385],[-84.175,32.385],[-84.125,32.386],[-84.075,32.386],[-84.025,32.387],[-83.975,32.388],[-83.925,32.388],[-83.875,32.389],[-83.825,32.39],[-83.775,32.391],[-83.725,32.392],[-83.675,32.392],[-83.625,32.392],[-83.575,32.392],[-83.525,32.392],[-83.475,32.391],[-83.425,32.391],[-83.375,32.39],[-83.325,32.389],[-83.275,32.388],[-83.225,32.387],[-83.175,32.386],[-83.125,32.385],[-83.075,32.384],[-83.025,32.383],[-82.975,32.382],[-82.925,32.382],[-82.875,32.382],[-82.825,32.382],[-82.775,32.383],[-82.725,32.383],[-82.675,32.384],[-82.625,32.385],[-82.575,32.387],[-82.525,32.388],[-82.475,32.39],[-82.425,32.392],[-82.375,32.394],[-82.325,32.396],[-82.275,32.399],[-82.225,32.401],[-82.175,32.404],[-82.125,32.407],[-82.075,32.41],[-82.025,32.413],[-81.975,32.416],[-81.925,32.42],[-81.875,32.423],[-81.848,32.425],[-81.825,32.427],[-81.775,32.43],[-81.725,32.434],[-81.675,32.438],[-81.625,32.441],[-81.575,32.445],[-81.525,32.449],[-81.475,32.452],[-81.425,32.456],[-81.375,32.459],[-81.325,32.462],[-81.275,32.465],[-81.225,32.468],[-81.175,32.47],[-81.125,32.472],[-81.075,32.473],[-81.025,32.474],[-80.975,32.475],[-80.95,32.475],[-80.925,32.475],[-80.875,32.476],[-80.825,32.476],[-80.775,32.476],[-80.725,32.476],[-80.675,32.476],[-80.625,32.476],[-80.575,32.477],[-80.527,32.477]],[[-89.625,33.031],[-89.604,33.025],[-89.575,33.017],[-89.525,33.003]]]}},{"type":"Feature","properties":{"date":"2009-03-26","label":"26 Mar","yday":85,"tier":"five","major":false},"geometry":{"type":"MultiLineString","coordinates":[[[-87.575,32.869],[-87.525,32.866],[-87.475,32.862],[-87.425,32.859],[-87.375,32.856],[-87.325,32.852],[-87.275,32.849],[-87.225,32.845],[-87.175,32.841],[-87.125,32.838],[-87.075,32.833],[-87.025,32.829],[-86.977,32.825],[-86.975,32.825],[-86.925,32.82],[-86.875,32.815],[-86.825,32.81],[-86.775,32.805],[-86.725,32.8],[-86.675,32.794],[-86.625,32.788],[-86.575,32.782],[-86.525,32.775],[-86.524,32.775],[-86.475,32.768],[-86.425,32.761],[-86.375,32.753],[-86.325,32.745],[-86.275,32.737],[-86.225,32.728],[-86.206,32.725],[-86.175,32.719],[-86.125,32.71],[-86.075,32.701],[-86.025,32.691],[-85.975,32.681],[-85.942,32.675],[-85.925,32.672],[-85.875,32.662],[-85.825,32.652],[-85.775,32.642],[-85.725,32.632],[-85.687,32.625],[-85.675,32.623],[-85.625,32.613],[-85.575,32.604],[-85.525,32.595],[-85.475,32.586],[-85.425,32.578],[-85.406,32.575],[-85.375,32.57],[-85.325,32.562],[-85.275,32.555],[-85.225,32.548],[-85.175,32.541],[-85.125,32.535],[-85.075,32.529],[-85.036,32.525],[-85.025,32.524],[-84.975,32.519],[-84.925,32.514],[-84.875,32.51],[-84.825,32.506],[-84.775,32.502],[-84.725,32.499],[-84.675,32.496],[-84.625,32.494],[-84.575,32.492],[-84.525,32.491],[-84.475,32.489],[-84.425,32.488],[-84.375,32.488],[-84.325,32.488],[-84.275,32.488],[-84.225,32.488],[-84.175,32.489],[-84.125,32.489],[-84.075,32.49],[-84.025,32.492],[-83.975,32.493],[-83.925,32.495],[-83.875,32.496],[-83.825,32.498],[-83.775,32.499],[-83.725,32.501],[-83.675,32.502],[-83.625,32.503],[-83.575,32.504],[-83.525,32.504],[-83.475,32.504],[-83.425,32.503],[-83.375,32.503],[-83.325,32.502],[-83.275,32.501],[-83.225,32.501],[-83.175,32.5],[-83.125,32.499],[-83.075,32.498],[-83.025,32.498],[-82.975,32.498],[-82.925,32.498],[-82.875,32.498],[-82.825,32.499],[-82.775,32.5],[-82.725,32.501],[-82.675,32.502],[-82.625,32.504],[-82.575,32.505],[-82.525,32.507],[-82.475,32.509],[-82.425,32.511],[-82.375,32.513],[-82.325,32.516],[-82.275,32.518],[-82.225,32.521],[-82.175,32.524],[-82.15,32.525],[-82.125,32.526],[-82.075,32.529],[-82.025,32.532],[-81.975,32.536],[-81.925,32.539],[-81.875,32.542],[-81.825,32.545],[-81.775,32.549],[-81.725,32.552],[-81.675,32.555],[-81.625,32.559],[-81.575,32.563],[-81.525,32.566],[-81.475,32.57],[-81.425,32.574],[-81.412,32.575],[-81.375,32.578],[-81.325,32.581],[-81.275,32.584],[-81.225,32.587],[-81.175,32.59],[-81.125,32.592],[-81.075,32.594],[-81.025,32.596],[-80.975,32.598],[-80.925,32.599],[-80.875,32.601],[-80.825,32.602],[-80.775,32.603],[-80.725,32.604],[-80.675,32.605],[-80.625,32.606],[-80.575,32.607],[-80.525,32.608],[-80.475,32.609],[-80.425,32.61],[-80.375,32.611],[-80.325,32.612],[-80.275,32.612],[-80.225,32.613],[-80.175,32.613],[-80.137,32.613]]]}},{"type":"Feature","properties":{"date":"2009-03-27","label":"27 Mar","yday":86,"tier":"day","major":false},"geometry":{"type":"MultiLineString","coordinates":[[[-87.575,33.002],[-87.525,32.998],[-87.475,32.994],[-87.425,32.99],[-87.375,32.986],[-87.325,32.982],[-87.275,32.977],[-87.249,32.975],[-87.225,32.973],[-87.175,32.968],[-87.125,32.963],[-87.075,32.958],[-87.025,32.953],[-86.975,32.948],[-86.925,32.942],[-86.875,32.937],[-86.825,32.931],[-86.779,32.925],[-86.775,32.925],[-86.725,32.918],[-86.675,32.912],[-86.625,32.905],[-86.575,32.898],[-86.525,32.89],[-86.475,32.883],[-86.427,32.875],[-86.425,32.875],[-86.375,32.866],[-86.325,32.858],[-86.275,32.849],[-86.225,32.84],[-86.175,32.83],[-86.148,32.825],[-86.125,32.821],[-86.075,32.811],[-86.025,32.801],[-85.975,32.79],[-85.925,32.78],[-85.9,32.775],[-85.875,32.77],[-85.825,32.759],[-85.775,32.749],[-85.725,32.739],[-85.675,32.729],[-85.655,32.725],[-85.625,32.719],[-85.575,32.709],[-85.525,32.7],[-85.475,32.691],[-85.425,32.682],[-85.386,32.675],[-85.375,32.673],[-85.325,32.665],[-85.275,32.657],[-85.225,32.65],[-85.175,32.643],[-85.125,32.636],[-85.075,32.63],[-85.035,32.625],[-85.025,32.624],[-84.975,32.618],[-84.925,32.613],[-84.875,32.609],[-84.825,32.605],[-84.775,32.601],[-84.725,32.598],[-84.675,32.595],[-84.625,32.592],[-84.575,32.59],[-84.525,32.589],[-84.475,32.588],[-84.425,32.587],[-84.375,32.586],[-84.325,32.586],[-84.275,32.587],[-84.225,32.587],[-84.175,32.588],[-84.125,32.589],[-84.075,32.591],[-84.025,32.593],[-83.975,32.595],[-83.925,32.597],[-83.875,32.599],[-83.825,32.601],[-83.775,32.604],[-83.725,32.606],[-83.675,32.608],[-83.625,32.61],[-83.575,32.611],[-83.525,32.611],[-83.475,32.612],[-83.425,32.612],[-83.375,32.612],[-83.325,32.612],[-83.275,32.612],[-83.225,32.611],[-83.175,32.611],[-83.125,32.611],[-83.075,32.61],[-83.025,32.61],[-82.975,32.611],[-82.925,32.611],[-82.875,32.612],[-82.825,32.613],[-82.775,32.615],[-82.725,32.616],[-82.675,32.618],[-82.625,32.619],[-82.575,32.621],[-82.525,32.623],[-82.49,32.625],[-82.475,32.626],[-82.425,32.628],[-82.375,32.63],[-82.325,32.633],[-82.275,32.636],[-82.225,32.638],[-82.175,32.641],[-82.125,32.644],[-82.075,32.647],[-82.025,32.65],[-81.975,32.654],[-81.925,32.657],[-81.875,32.66],[-81.825,32.663],[-81.775,32.667],[-81.725,32.67],[-81.675,32.674],[-81.655,32.675],[-81.625,32.677],[-81.575,32.681],[-81.525,32.685],[-81.475,32.689],[-81.425,32.693],[-81.375,32.697],[-81.325,32.701],[-81.275,32.705],[-81.225,32.708],[-81.175,32.711],[-81.125,32.714],[-81.075,32.717],[-81.025,32.72],[-80.975,32.722],[-80.925,32.724],[-80.908,32.725],[-80.875,32.726],[-80.825,32.728],[-80.775,32.73],[-80.725,32.732],[-80.675,32.734],[-80.625,32.736],[-80.575,32.738],[-80.525,32.74],[-80.475,32.742],[-80.425,32.743],[-80.375,32.745],[-80.325,32.747],[-80.275,32.748],[-80.225,32.749],[-80.175,32.75],[-80.125,32.751],[-80.075,32.751],[-80.025,32.751],[-79.975,32.75],[-79.949,32.749]]]}},{"type":"Feature","properties":{"date":"2009-03-28","label":"28 Mar","yday":87,"tier":"day","major":false},"geometry":{"type":"MultiLineString","coordinates":[[[-87.825,33.152],[-87.775,33.148],[-87.725,33.144],[-87.675,33.14],[-87.625,33.136],[-87.615,33.135]],[[-87.527,33.127],[-87.525,33.127],[-87.503,33.125],[-87.475,33.122],[-87.425,33.118],[-87.375,33.113],[-87.325,33.108],[-87.275,33.103],[-87.225,33.098],[-87.175,33.092],[-87.125,33.087],[-87.075,33.081],[-87.025,33.075],[-87.025,33.075],[-86.975,33.069],[-86.925,33.063],[-86.875,33.056],[-86.825,33.049],[-86.775,33.042],[-86.725,33.035],[-86.675,33.028],[-86.655,33.025],[-86.625,33.02],[-86.575,33.013],[-86.525,33.004],[-86.475,32.996],[-86.425,32.987],[-86.375,32.978],[-86.357,32.975],[-86.325,32.969],[-86.275,32.96],[-86.225,32.95],[-86.175,32.94],[-86.125,32.929],[-86.104,32.925],[-86.075,32.919],[-86.025,32.908],[-85.975,32.898],[-85.925,32.887],[-85.875,32.876],[-85.869,32.875],[-85.825,32.865],[-85.775,32.855],[-85.725,32.844],[-85.675,32.833],[-85.635,32.825],[-85.625,32.823],[-85.575,32.813],[-85.525,32.803],[-85.475,32.793],[-85.425,32.784],[-85.378,32.775],[-85.375,32.774],[-85.325,32.766],[-85.275,32.757],[-85.225,32.749],[-85.175,32.742],[-85.125,32.735],[-85.075,32.728],[-85.051,32.725],[-85.025,32.722],[-84.975,32.716],[-84.925,32.711],[-84.875,32.706],[-84.825,32.701],[-84.775,32.697],[-84.725,32.694],[-84.675,32.691],[-84.625,32.688],[-84.575,32.686],[-84.525,32.684],[-84.475,32.683],[-84.425,32.682],[-84.375,32.682],[-84.325,32.682],[-84.275,32.683],[-84.225,32.683],[-84.175,32.685],[-84.125,32.686],[-84.075,32.688],[-84.025,32.69],[-83.975,32.692],[-83.925,32.695],[-83.875,32.698],[-83.825,32.701],[-83.775,32.703],[-83.725,32.706],[-83.675,32.709],[-83.625,32.711],[-83.575,32.713],[-83.525,32.714],[-83.475,32.716],[-83.425,32.717],[-83.375,32.717],[-83.325,32.718],[-83.275,32.719],[-83.225,32.719],[-83.175,32.72],[-83.125,32.72],[-83.075,32.721],[-83.025,32.721],[-82.975,32.722],[-82.925,32.723],[-82.875,32.725],[-82.858,32.725],[-82.825,32.726],[-82.775,32.728],[-82.725,32.729],[-82.675,32.731],[-82.625,32.734],[-82.575,32.736],[-82.525,32.738],[-82.475,32.741],[-82.425,32.743],[-82.375,32.746],[-82.325,32.749],[-82.275,32.752],[-82.225,32.755],[-82.175,32.758],[-82.125,32.761],[-82.075,32.765],[-82.025,32.768],[-81.975,32.771],[-81.925,32.775],[-81.92,32.775],[-81.875,32.778],[-81.825,32.782],[-81.775,32.785],[-81.725,32.789],[-81.675,32.793],[-81.625,32.797],[-81.575,32.801],[-81.525,32.805],[-81.475,32.81],[-81.425,32.814],[-81.375,32.818],[-81.325,32.822],[-81.294,32.825],[-81.275,32.827],[-81.225,32.831],[-81.175,32.835],[-81.125,32.838],[-81.075,32.842],[-81.025,32.845],[-80.975,32.848],[-80.925,32.851],[-80.875,32.854],[-80.825,32.857],[-80.775,32.859],[-80.725,32.862],[-80.675,32.864],[-80.625,32.867],[-80.575,32.87],[-80.525,32.873],[-80.482,32.875],[-80.475,32.875],[-80.425,32.878],[-80.375,32.881],[-80.325,32.883],[-80.275,32.885],[-80.225,32.887],[-80.175,32.889],[-80.125,32.89],[-80.075,32.891],[-80.025,32.891],[-79.975,32.89],[-79.925,32.889],[-79.875,32.888],[-79.825,32.886],[-79.775,32.884],[-79.725,32.881],[-79.675,32.878],[-79.672,32.878]]]}},{"type":"Feature","properties":{"date":"2009-03-29","label":"29 Mar","yday":88,"tier":"day","major":false},"geometry":{"type":"MultiLineString","coordinates":[[[-87.683,33.267],[-87.675,33.267],[-87.625,33.262],[-87.575,33.257],[-87.525,33.252],[-87.475,33.247],[-87.425,33.242],[-87.375,33.237],[-87.325,33.231],[-87.275,33.226],[-87.268,33.225],[-87.225,33.22],[-87.175,33.214],[-87.125,33.208],[-87.075,33.202],[-87.025,33.196],[-86.975,33.189],[-86.925,33.182],[-86.878,33.175],[-86.875,33.175],[-86.825,33.167],[-86.775,33.159],[-86.725,33.152],[-86.675,33.144],[-86.625,33.135],[-86.575,33.127],[-86.565,33.125],[-86.525,33.118],[-86.475,33.109],[-86.425,33.099],[-86.375,33.09],[-86.325,33.08],[-86.302,33.075],[-86.275,33.069],[-86.225,33.059],[-86.175,33.048],[-86.125,33.037],[-86.075,33.026],[-86.069,33.025],[-86.025,33.015],[-85.975,33.004],[-85.925,32.993],[-85.875,32.981],[-85.847,32.975],[-85.825,32.97],[-85.775,32.959],[-85.725,32.948],[-85.675,32.936],[-85.625,32.925],[-85.623,32.925],[-85.575,32.915],[-85.525,32.904],[-85.475,32.894],[-85.425,32.884],[-85.379,32.875],[-85.375,32.874],[-85.325,32.865],[-85.275,32.856],[-85.225,32.848],[-85.175,32.84],[-85.125,32.832],[-85.077,32.825],[-85.075,32.825],[-85.025,32.818],[-84.975,32.812],[-84.925,32.806],[-84.875,32.801],[-84.825,32.796],[-84.775,32.792],[-84.725,32.788],[-84.675,32.784],[-84.625,32.782],[-84.575,32.779],[-84.525,32.778],[-84.475,32.776],[-84.425,32.776],[-84.375,32.775],[-84.325,32.775],[-84.275,32.776],[-84.225,32.777],[-84.175,32.778],[-84.125,32.78],[-84.075,32.782],[-84.025,32.784],[-83.975,32.787],[-83.925,32.79],[-83.875,32.793],[-83.825,32.796],[-83.775,32.799],[-83.725,32.802],[-83.675,32.805],[-83.625,32.808],[-83.575,32.811],[-83.525,32.813],[-83.475,32.815],[-83.425,32.817],[-83.375,32.819],[-83.325,32.821],[-83.275,32.823],[-83.225,32.824],[-83.193,32.825],[-83.175,32.826],[-83.125,32.827],[-83.075,32.828],[-83.025,32.83],[-82.975,32.831],[-82.925,32.833],[-82.875,32.835],[-82.825,32.837],[-82.775,32.839],[-82.725,32.841],[-82.675,32.844],[-82.625,32.846],[-82.575,32.849],[-82.525,32.852],[-82.475,32.854],[-82.425,32.858],[-82.375,32.861],[-82.325,32.864],[-82.275,32.867],[-82.225,32.871],[-82.175,32.874],[-82.164,32.875],[-82.125,32.878],[-82.075,32.881],[-82.025,32.885],[-81.975,32.889],[-81.925,32.893],[-81.875,32.897],[-81.825,32.901],[-81.775,32.905],[-81.725,32.909],[-81.675,32.913],[-81.625,32.918],[-81.575,32.922],[-81.544,32.925],[-81.525,32.927],[-81.475,32.931],[-81.425,32.936],[-81.375,32.941],[-81.325,32.946],[-81.275,32.951],[-81.225,32.955],[-81.175,32.96],[-81.125,32.965],[-81.075,32.969],[-81.025,32.973],[-81.001,32.975],[-80.975,32.977],[-80.925,32.981],[-80.875,32.985],[-80.825,32.988],[-80.775,32.992],[-80.725,32.995],[-80.675,32.998],[-80.625,33.002],[-80.575,33.005],[-80.525,33.009],[-80.475,33.012],[-80.425,33.015],[-80.375,33.018],[-80.325,33.021],[-80.275,33.023],[-80.235,33.025],[-80.225,33.025],[-80.175,33.027],[-80.125,33.029],[-80.075,33.03],[-80.025,33.03],[-79.975,33.03],[-79.925,33.029],[-79.875,33.028],[-79.825,33.027],[-79.777,33.025],[-79.775,33.025],[-79.725,33.023],[-79.675,33.02],[-79.625,33.017],[-79.586,33.014]]]}},{"type":"Feature","properties":{"date":"2009-03-30","label":"30 Mar","yday":89,"tier":"day","major":false},"geometry":{"type":"MultiLineString","coordinates":[[[-83.595,32.905],[-83.575,32.906],[-83.525,32.909],[-83.475,32.913],[-83.425,32.916],[-83.375,32.919],[-83.325,32.921],[-83.275,32.924],[-83.259,32.925],[-83.225,32.927],[-83.175,32.929],[-83.125,32.931],[-83.075,32.934],[-83.025,32.936],[-82.975,32.938],[-82.925,32.941],[-82.875,32.943],[-82.825,32.946],[-82.775,32.948],[-82.725,32.951],[-82.675,32.954],[-82.625,32.957],[-82.575,32.96],[-82.525,32.964],[-82.475,32.967],[-82.425,32.971],[-82.375,32.975],[-82.368,32.975],[-82.325,32.978],[-82.275,32.982],[-82.225,32.986],[-82.175,32.99],[-82.125,32.994],[-82.075,32.998],[-82.025,33.003],[-81.975,33.007],[-81.925,33.011],[-81.875,33.016],[-81.825,33.02],[-81.775,33.025],[-81.771,33.025],[-81.725,33.029],[-81.675,33.034],[-81.625,33.039],[-81.575,33.044],[-81.525,33.049],[-81.475,33.055],[-81.425,33.06],[-81.375,33.066],[-81.325,33.071],[-81.291,33.075],[-81.275,33.077],[-81.225,33.082],[-81.175,33.088],[-81.125,33.093],[-81.075,33.099],[-81.025,33.104],[-80.975,33.109],[-80.925,33.114],[-80.875,33.119],[-80.825,33.123],[-80.804,33.125],[-80.775,33.128],[-80.725,33.132],[-80.675,33.136],[-80.625,33.14],[-80.575,33.144],[-80.525,33.147],[-80.475,33.151],[-80.425,33.154],[-80.375,33.157],[-80.325,33.16],[-80.275,33.162],[-80.225,33.164],[-80.175,33.166],[-80.125,33.168],[-80.075,33.169],[-80.025,33.169],[-79.975,33.17],[-79.925,33.169],[-79.875,33.169],[-79.825,33.168],[-79.775,33.166],[-79.725,33.165],[-79.675,33.162],[-79.625,33.16],[-79.575,33.157],[-79.525,33.153],[-79.475,33.15],[-79.425,33.145],[-79.375,33.141],[-79.325,33.135],[-79.316,33.134]],[[-87.625,33.385],[-87.575,33.379],[-87.533,33.375],[-87.525,33.374],[-87.475,33.369],[-87.425,33.363],[-87.375,33.358],[-87.325,33.352],[-87.275,33.346],[-87.225,33.34],[-87.175,33.334],[-87.125,33.328],[-87.101,33.325],[-87.075,33.322],[-87.025,33.315],[-86.975,33.308],[-86.925,33.301],[-86.875,33.293],[-86.825,33.285],[-86.775,33.277],[-86.764,33.275],[-86.725,33.268],[-86.675,33.26],[-86.625,33.25],[-86.575,33.241],[-86.525,33.231],[-86.493,33.225],[-86.475,33.221],[-86.425,33.211],[-86.375,33.201],[-86.325,33.19],[-86.275,33.179],[-86.258,33.175],[-86.225,33.168],[-86.175,33.156],[-86.125,33.145],[-86.075,33.133],[-86.04,33.125],[-86.025,33.121],[-85.975,33.11],[-85.925,33.098],[-85.875,33.086],[-85.83,33.075],[-85.825,33.074],[-85.775,33.062],[-85.725,33.05],[-85.675,33.039],[-85.625,33.027],[-85.616,33.025],[-85.575,33.016],[-85.525,33.005],[-85.475,32.994],[-85.425,32.983],[-85.384,32.975],[-85.375,32.973],[-85.325,32.963],[-85.275,32.954],[-85.225,32.945],[-85.175,32.936],[-85.125,32.928],[-85.107,32.925],[-85.075,32.92],[-85.025,32.913],[-84.975,32.906],[-84.925,32.9],[-84.875,32.894],[-84.825,32.889],[-84.775,32.884],[-84.725,32.88],[-84.675,32.877],[-84.649,32.875],[-84.625,32.874],[-84.575,32.871],[-84.525,32.869],[-84.475,32.868],[-84.425,32.867],[-84.375,32.867],[-84.325,32.867],[-84.275,32.867],[-84.225,32.868],[-84.175,32.87],[-84.125,32.872],[-84.075,32.874],[-84.051,32.875],[-84.025,32.876],[-83.975,32.879],[-83.925,32.882],[-83.875,32.885],[-83.825,32.889],[-83.775,32.892],[-83.744,32.894]]]}},{"type":"Feature","properties":{"date":"2009-03-31","label":"31 Mar","yday":90,"tier":"index","major":true},"geometry":{"type":"MultiLineString","coordinates":[[[-84.087,32.963],[-84.075,32.964],[-84.025,32.966],[-83.975,32.969],[-83.925,32.973],[-83.889,32.975],[-83.875,32.976],[-83.829,32.979]],[[-83.439,33.011],[-83.425,33.012],[-83.375,33.016],[-83.325,33.02],[-83.275,33.024],[-83.258,33.025],[-83.225,33.027],[-83.175,33.031],[-83.125,33.034],[-83.075,33.037],[-83.025,33.04],[-82.975,33.043],[-82.925,33.046],[-82.875,33.05],[-82.825,33.053],[-82.775,33.056],[-82.725,33.06],[-82.675,33.064],[-82.625,33.067],[-82.575,33.071],[-82.528,33.075],[-82.525,33.075],[-82.475,33.079],[-82.425,33.084],[-82.375,33.088],[-82.325,33.092],[-82.275,33.097],[-82.225,33.102],[-82.175,33.106],[-82.125,33.111],[-82.075,33.116],[-82.025,33.121],[-81.979,33.125],[-81.975,33.125],[-81.925,33.13],[-81.875,33.135],[-81.825,33.14],[-81.775,33.145],[-81.725,33.15],[-81.675,33.156],[-81.625,33.161],[-81.575,33.167],[-81.525,33.173],[-81.508,33.175],[-81.475,33.179],[-81.425,33.185],[-81.375,33.192],[-81.325,33.198],[-81.275,33.205],[-81.225,33.212],[-81.175,33.218],[-81.125,33.225],[-81.123,33.225],[-81.075,33.231],[-81.025,33.238],[-80.975,33.244],[-80.925,33.25],[-80.875,33.255],[-80.825,33.261],[-80.775,33.266],[-80.725,33.271],[-80.677,33.275],[-80.675,33.275],[-80.625,33.279],[-80.575,33.283],[-80.525,33.287],[-80.475,33.291],[-80.425,33.294],[-80.375,33.297],[-80.325,33.299],[-80.275,33.302],[-80.225,33.304],[-80.175,33.306],[-80.125,33.307],[-80.075,33.308],[-80.025,33.309],[-79.975,33.31],[-79.925,33.31],[-79.875,33.31],[-79.825,33.309],[-79.775,33.308],[-79.725,33.307],[-79.675,33.306],[-79.625,33.304],[-79.575,33.301],[-79.525,33.298],[-79.475,33.295],[-79.425,33.291],[-79.375,33.287],[-79.325,33.283]],[[-87.175,33.452],[-87.125,33.446],[-87.075,33.439],[-87.025,33.433],[-86.975,33.426],[-86.97,33.425],[-86.925,33.418],[-86.875,33.411],[-86.825,33.403],[-86.775,33.394],[-86.725,33.385],[-86.675,33.375],[-86.673,33.375],[-86.625,33.365],[-86.575,33.355],[-86.525,33.345],[-86.475,33.334],[-86.435,33.325],[-86.425,33.323],[-86.375,33.311],[-86.325,33.3],[-86.275,33.288],[-86.225,33.276],[-86.22,33.275],[-86.175,33.264],[-86.125,33.252],[-86.075,33.24],[-86.025,33.227],[-86.015,33.225],[-85.975,33.215],[-85.925,33.202],[-85.875,33.19],[-85.825,33.177],[-85.815,33.175],[-85.775,33.165],[-85.725,33.153],[-85.675,33.14],[-85.625,33.128],[-85.612,33.125],[-85.575,33.116],[-85.525,33.105],[-85.475,33.093],[-85.425,33.082],[-85.393,33.075],[-85.375,33.071],[-85.325,33.061],[-85.275,33.051],[-85.225,33.041],[-85.175,33.032],[-85.137,33.025],[-85.125,33.023],[-85.075,33.015],[-85.025,33.007],[-84.975,32.999],[-84.925,32.993],[-84.875,32.986],[-84.825,32.981],[-84.775,32.976],[-84.767,32.975],[-84.725,32.971],[-84.675,32.967],[-84.625,32.964],[-84.575,32.961],[-84.525,32.959],[-84.475,32.958],[-84.425,32.957],[-84.375,32.956],[-84.325,32.956],[-84.275,32.957],[-84.225,32.958],[-84.208,32.958]],[[-87.716,33.516],[-87.675,33.511],[-87.625,33.505],[-87.575,33.499],[-87.525,33.493],[-87.489,33.489]]]}},{"type":"Feature","properties":{"date":"2009-04-01","label":"1 Apr","yday":91,"tier":"day","major":false},"geometry":{"type":"MultiLineString","coordinates":[[[-83.425,33.106],[-83.375,33.112],[-83.325,33.117],[-83.275,33.122],[-83.239,33.125],[-83.225,33.126],[-83.175,33.131],[-83.125,33.135],[-83.075,33.139],[-83.025,33.143],[-82.975,33.147],[-82.925,33.151],[-82.875,33.155],[-82.825,33.159],[-82.775,33.163],[-82.725,33.168],[-82.675,33.172],[-82.644,33.175],[-82.625,33.177],[-82.575,33.182],[-82.525,33.186],[-82.475,33.191],[-82.425,33.196],[-82.375,33.202],[-82.325,33.207],[-82.275,33.212],[-82.225,33.217],[-82.175,33.223],[-82.155,33.225],[-82.125,33.228],[-82.075,33.234],[-82.025,33.239],[-81.975,33.245],[-81.925,33.25],[-81.875,33.256],[-81.825,33.261],[-81.775,33.267],[-81.725,33.272],[-81.702,33.275],[-81.675,33.278],[-81.625,33.284],[-81.575,33.291],[-81.525,33.298],[-81.475,33.305],[-81.425,33.312],[-81.375,33.319],[-81.339,33.325],[-81.325,33.327],[-81.275,33.335],[-81.225,33.343],[-81.175,33.351],[-81.125,33.358],[-81.075,33.366],[-81.025,33.373],[-81.014,33.375],[-80.975,33.381],[-80.925,33.387],[-80.875,33.394],[-80.825,33.4],[-80.775,33.405],[-80.725,33.41],[-80.675,33.415],[-80.625,33.419],[-80.575,33.423],[-80.555,33.425],[-80.525,33.427],[-80.475,33.431],[-80.425,33.434],[-80.375,33.437],[-80.325,33.439],[-80.275,33.442],[-80.225,33.444],[-80.175,33.446],[-80.125,33.447],[-80.075,33.449],[-80.025,33.45],[-79.975,33.45],[-79.925,33.451],[-79.875,33.451],[-79.825,33.451],[-79.775,33.451],[-79.725,33.45],[-79.675,33.449],[-79.625,33.448],[-79.575,33.447],[-79.525,33.444],[-79.475,33.442],[-79.425,33.439],[-79.375,33.435],[-79.325,33.431],[-79.275,33.426],[-79.263,33.425],[-79.225,33.421],[-79.175,33.415]],[[-87.137,33.563],[-87.125,33.562],[-87.075,33.555],[-87.025,33.548],[-86.975,33.541],[-86.925,33.534],[-86.875,33.526],[-86.866,33.525],[-86.825,33.518],[-86.775,33.51],[-86.725,33.5],[-86.675,33.49],[-86.625,33.48],[-86.604,33.475],[-86.575,33.469],[-86.525,33.457],[-86.475,33.446],[-86.425,33.434],[-86.388,33.425],[-86.375,33.422],[-86.325,33.41],[-86.275,33.397],[-86.225,33.385],[-86.187,33.375],[-86.175,33.372],[-86.125,33.359],[-86.075,33.346],[-86.025,33.333],[-85.994,33.325],[-85.975,33.32],[-85.925,33.307],[-85.875,33.294],[-85.825,33.281],[-85.803,33.275],[-85.775,33.268],[-85.725,33.255],[-85.675,33.242],[-85.625,33.229],[-85.609,33.225],[-85.575,33.216],[-85.525,33.204],[-85.475,33.192],[-85.425,33.18],[-85.402,33.175],[-85.375,33.169],[-85.325,33.158],[-85.275,33.147],[-85.225,33.137],[-85.175,33.127],[-85.165,33.125],[-85.125,33.118],[-85.075,33.109],[-85.025,33.1],[-84.975,33.092],[-84.925,33.085],[-84.875,33.078],[-84.849,33.075],[-84.825,33.072],[-84.775,33.066],[-84.725,33.061],[-84.675,33.057],[-84.625,33.053],[-84.575,33.05],[-84.525,33.048],[-84.475,33.046],[-84.425,33.045],[-84.375,33.045],[-84.345,33.045]],[[-87.759,33.641],[-87.725,33.637],[-87.675,33.63],[-87.635,33.625],[-87.625,33.624],[-87.575,33.617],[-87.566,33.616]]]}},{"type":"Feature","properties":{"date":"2009-04-02","label":"2 Apr","yday":92,"tier":"day","major":false},"geometry":{"type":"MultiLineString","coordinates":[[[-84.911,33.175],[-84.875,33.17],[-84.825,33.163],[-84.811,33.161]],[[-83.425,33.199],[-83.375,33.205],[-83.325,33.211],[-83.275,33.217],[-83.225,33.223],[-83.203,33.225],[-83.175,33.228],[-83.125,33.233],[-83.075,33.238],[-83.025,33.243],[-82.975,33.249],[-82.925,33.254],[-82.875,33.259],[-82.825,33.264],[-82.775,33.27],[-82.726,33.275],[-82.725,33.275],[-82.675,33.281],[-82.625,33.286],[-82.575,33.292],[-82.525,33.298],[-82.475,33.304],[-82.425,33.31],[-82.375,33.316],[-82.325,33.322],[-82.3,33.325],[-82.275,33.328],[-82.225,33.334],[-82.175,33.341],[-82.125,33.347],[-82.075,33.353],[-82.025,33.359],[-81.975,33.365],[-81.925,33.371],[-81.89,33.375],[-81.875,33.377],[-81.825,33.383],[-81.775,33.389],[-81.725,33.395],[-81.675,33.402],[-81.625,33.409],[-81.575,33.416],[-81.525,33.424],[-81.518,33.425],[-81.475,33.432],[-81.425,33.441],[-81.375,33.449],[-81.325,33.458],[-81.275,33.467],[-81.232,33.475],[-81.225,33.476],[-81.175,33.485],[-81.125,33.494],[-81.075,33.502],[-81.025,33.51],[-80.975,33.518],[-80.928,33.525],[-80.925,33.525],[-80.875,33.532],[-80.825,33.538],[-80.775,33.544],[-80.725,33.549],[-80.675,33.554],[-80.625,33.559],[-80.575,33.563],[-80.525,33.566],[-80.475,33.57],[-80.425,33.573],[-80.39,33.575],[-80.375,33.576],[-80.325,33.579],[-80.275,33.581],[-80.225,33.583],[-80.175,33.585],[-80.125,33.587],[-80.075,33.589],[-80.025,33.59],[-79.975,33.591],[-79.925,33.592],[-79.875,33.593],[-79.825,33.594],[-79.775,33.594],[-79.725,33.595],[-79.675,33.595],[-79.625,33.594],[-79.575,33.594],[-79.525,33.593],[-79.475,33.591],[-79.425,33.589],[-79.375,33.586],[-79.325,33.583],[-79.275,33.579],[-79.231,33.575],[-79.225,33.574],[-79.175,33.569],[-79.125,33.564],[-79.075,33.557],[-79.046,33.554]],[[-87.126,33.676],[-87.125,33.676],[-87.121,33.675],[-87.075,33.669],[-87.025,33.662],[-86.975,33.655],[-86.925,33.647],[-86.875,33.639],[-86.825,33.631],[-86.79,33.625],[-86.775,33.622],[-86.725,33.613],[-86.675,33.603],[-86.625,33.592],[-86.575,33.58],[-86.552,33.575],[-86.525,33.569],[-86.475,33.556],[-86.425,33.544],[-86.375,33.532],[-86.349,33.525],[-86.325,33.519],[-86.275,33.506],[-86.225,33.493],[-86.175,33.479],[-86.158,33.475],[-86.125,33.466],[-86.075,33.453],[-86.025,33.439],[-85.975,33.425],[-85.973,33.425],[-85.925,33.412],[-85.875,33.398],[-85.825,33.384],[-85.791,33.375],[-85.775,33.371],[-85.725,33.357],[-85.675,33.343],[-85.625,33.33],[-85.606,33.325],[-85.575,33.317],[-85.525,33.304],[-85.475,33.291],[-85.425,33.279],[-85.409,33.275],[-85.375,33.267],[-85.325,33.255],[-85.275,33.244],[-85.225,33.233],[-85.189,33.225],[-85.175,33.222],[-85.125,33.212],[-85.075,33.203],[-85.025,33.194],[-84.975,33.185],[-84.927,33.177]]]}},{"type":"Feature","properties":{"date":"2009-04-03","label":"3 Apr","yday":93,"tier":"day","major":false},"geometry":{"type":"MultiLineString","coordinates":[[[-83.348,33.302],[-83.325,33.305],[-83.275,33.311],[-83.225,33.318],[-83.175,33.324],[-83.17,33.325],[-83.125,33.331],[-83.075,33.337],[-83.025,33.344],[-82.975,33.35],[-82.925,33.357],[-82.875,33.363],[-82.825,33.37],[-82.786,33.375]],[[-82.542,33.408],[-82.525,33.411],[-82.475,33.418],[-82.425,33.425],[-82.422,33.425],[-82.375,33.432],[-82.325,33.439],[-82.275,33.446],[-82.225,33.453],[-82.175,33.46],[-82.125,33.467],[-82.075,33.473],[-82.063,33.475],[-82.025,33.48],[-81.975,33.487],[-81.925,33.493],[-81.875,33.499],[-81.825,33.506],[-81.775,33.512],[-81.725,33.519],[-81.684,33.525],[-81.675,33.526],[-81.625,33.534],[-81.575,33.543],[-81.525,33.552],[-81.475,33.562],[-81.425,33.572],[-81.408,33.575],[-81.375,33.582],[-81.325,33.592],[-81.275,33.602],[-81.225,33.612],[-81.175,33.621],[-81.154,33.625],[-81.125,33.63],[-81.075,33.639],[-81.025,33.648],[-80.975,33.656],[-80.925,33.663],[-80.875,33.67],[-80.832,33.675],[-80.825,33.676],[-80.775,33.681],[-80.725,33.687],[-80.675,33.691],[-80.625,33.696],[-80.575,33.7],[-80.525,33.704],[-80.475,33.707],[-80.425,33.71],[-80.375,33.713],[-80.325,33.716],[-80.275,33.719],[-80.225,33.721],[-80.175,33.724],[-80.145,33.725],[-80.125,33.726],[-80.075,33.728],[-80.025,33.73],[-79.975,33.732],[-79.925,33.734],[-79.875,33.735],[-79.825,33.737],[-79.775,33.739],[-79.725,33.74],[-79.675,33.742],[-79.625,33.743],[-79.575,33.743],[-79.525,33.744],[-79.475,33.743],[-79.425,33.743],[-79.375,33.742],[-79.325,33.74],[-79.275,33.737],[-79.225,33.734],[-79.175,33.73],[-79.125,33.726],[-79.116,33.725],[-79.075,33.721],[-79.025,33.715],[-78.975,33.708],[-78.925,33.702],[-78.902,33.698]],[[-87.314,33.814],[-87.275,33.809],[-87.225,33.802],[-87.175,33.795],[-87.125,33.788],[-87.075,33.781],[-87.033,33.775],[-87.025,33.774],[-86.975,33.766],[-86.925,33.758],[-86.875,33.75],[-86.825,33.741],[-86.775,33.732],[-86.738,33.725],[-86.725,33.723],[-86.675,33.712],[-86.625,33.701],[-86.575,33.69],[-86.525,33.678],[-86.512,33.675],[-86.475,33.666],[-86.425,33.653],[-86.375,33.64],[-86.325,33.627],[-86.316,33.625],[-86.275,33.614],[-86.225,33.6],[-86.175,33.587],[-86.132,33.575],[-86.125,33.573],[-86.075,33.559],[-86.025,33.545],[-85.975,33.531],[-85.954,33.525],[-85.925,33.517],[-85.875,33.502],[-85.825,33.488],[-85.779,33.475],[-85.775,33.474],[-85.725,33.46],[-85.675,33.445],[-85.625,33.431],[-85.602,33.425],[-85.575,33.418],[-85.525,33.404],[-85.475,33.391],[-85.425,33.378],[-85.415,33.375],[-85.375,33.365],[-85.325,33.353],[-85.275,33.341],[-85.225,33.329],[-85.207,33.325],[-85.175,33.318],[-85.125,33.307],[-85.075,33.297],[-85.04,33.29]]]}},{"type":"Feature","properties":{"date":"2009-04-04","label":"4 Apr","yday":94,"tier":"day","major":false},"geometry":{"type":"MultiLineString","coordinates":[[[-82.404,33.546],[-82.375,33.551],[-82.325,33.559],[-82.275,33.567],[-82.225,33.575],[-82.224,33.575],[-82.175,33.583],[-82.125,33.59],[-82.075,33.598],[-82.025,33.605],[-81.975,33.612],[-81.925,33.619],[-81.878,33.625],[-81.875,33.625],[-81.825,33.632],[-81.775,33.64],[-81.725,33.647],[-81.675,33.655],[-81.625,33.665],[-81.575,33.675],[-81.573,33.675],[-81.525,33.685],[-81.475,33.696],[-81.425,33.706],[-81.375,33.717],[-81.338,33.725],[-81.325,33.728],[-81.275,33.738],[-81.225,33.749],[-81.175,33.758],[-81.125,33.768],[-81.085,33.775],[-81.075,33.777],[-81.025,33.785],[-80.975,33.792],[-80.925,33.799],[-80.875,33.806],[-80.825,33.811],[-80.775,33.817],[-80.725,33.821],[-80.687,33.825],[-80.675,33.826],[-80.625,33.83],[-80.575,33.834],[-80.525,33.838],[-80.475,33.842],[-80.425,33.845],[-80.375,33.848],[-80.325,33.851],[-80.275,33.854],[-80.225,33.857],[-80.175,33.86],[-80.125,33.863],[-80.075,33.866],[-80.025,33.869],[-79.975,33.872],[-79.926,33.875],[-79.925,33.875],[-79.875,33.878],[-79.825,33.881],[-79.775,33.884],[-79.725,33.887],[-79.675,33.89],[-79.625,33.893],[-79.575,33.895],[-79.525,33.898],[-79.475,33.899],[-79.425,33.901],[-79.375,33.902],[-79.325,33.902],[-79.275,33.902],[-79.225,33.901],[-79.175,33.9],[-79.125,33.898],[-79.075,33.895],[-79.025,33.891],[-78.975,33.887],[-78.925,33.881],[-78.875,33.875],[-78.872,33.875],[-78.825,33.869],[-78.775,33.862],[-78.725,33.854],[-78.675,33.847],[-78.656,33.844]],[[-86.719,33.831],[-86.692,33.825],[-86.675,33.821],[-86.625,33.811],[-86.575,33.799],[-86.525,33.787],[-86.476,33.775],[-86.475,33.775],[-86.425,33.762],[-86.375,33.749],[-86.325,33.736],[-86.286,33.725],[-86.275,33.722],[-86.225,33.708],[-86.175,33.694],[-86.125,33.68],[-86.108,33.675],[-86.075,33.666],[-86.025,33.651],[-85.975,33.637],[-85.935,33.625],[-85.925,33.622],[-85.875,33.607],[-85.825,33.593],[-85.775,33.578],[-85.766,33.575],[-85.725,33.563],[-85.675,33.548],[-85.625,33.534],[-85.596,33.525],[-85.575,33.519],[-85.525,33.505],[-85.475,33.491],[-85.425,33.477],[-85.417,33.475],[-85.375,33.464],[-85.325,33.451],[-85.275,33.438],[-85.225,33.426],[-85.22,33.425],[-85.175,33.414],[-85.125,33.403],[-85.075,33.392]],[[-87.39,33.94],[-87.375,33.937],[-87.325,33.93],[-87.289,33.925],[-87.275,33.923],[-87.225,33.916],[-87.175,33.908],[-87.125,33.901],[-87.075,33.893],[-87.025,33.886],[-86.975,33.878],[-86.96,33.875],[-86.925,33.869],[-86.875,33.861],[-86.825,33.851],[-86.796,33.846]]]}},{"type":"Feature","properties":{"date":"2009-04-05","label":"5 Apr","yday":95,"tier":"five","major":false},"geometry":{"type":"MultiLineString","coordinates":[[[-82.417,33.667],[-82.375,33.675],[-82.373,33.675],[-82.325,33.684],[-82.275,33.693],[-82.225,33.702],[-82.175,33.711],[-82.125,33.719],[-82.088,33.725],[-82.075,33.727],[-82.025,33.735],[-81.975,33.743],[-81.925,33.751],[-81.875,33.759],[-81.825,33.767],[-81.776,33.775],[-81.775,33.775],[-81.725,33.784],[-81.675,33.793],[-81.625,33.803],[-81.575,33.813],[-81.525,33.823],[-81.517,33.825],[-81.475,33.834],[-81.425,33.844],[-81.375,33.855],[-81.325,33.865],[-81.277,33.875],[-81.275,33.875],[-81.225,33.885],[-81.175,33.895],[-81.125,33.904],[-81.075,33.912],[-81.025,33.92],[-80.985,33.925],[-80.975,33.926],[-80.925,33.932],[-80.875,33.938],[-80.825,33.943],[-80.775,33.947],[-80.725,33.952],[-80.675,33.956],[-80.625,33.961],[-80.575,33.965],[-80.525,33.969],[-80.475,33.973],[-80.441,33.975],[-80.425,33.976],[-80.375,33.98],[-80.325,33.983],[-80.275,33.986],[-80.225,33.99],[-80.175,33.994],[-80.125,33.997],[-80.075,34.001],[-80.025,34.006],[-79.975,34.01],[-79.925,34.014],[-79.875,34.019],[-79.825,34.024],[-79.816,34.025],[-79.775,34.029],[-79.725,34.034],[-79.675,34.039],[-79.625,34.044],[-79.575,34.048],[-79.525,34.053],[-79.475,34.057],[-79.425,34.061],[-79.375,34.065],[-79.325,34.069],[-79.275,34.072],[-79.225,34.074],[-79.208,34.075],[-79.175,34.076],[-79.125,34.078],[-79.075,34.079],[-79.025,34.079],[-78.975,34.078],[-78.925,34.077],[-78.888,34.075],[-78.875,34.074],[-78.825,34.071],[-78.775,34.068],[-78.725,34.063],[-78.675,34.057],[-78.625,34.051],[-78.575,34.043],[-78.525,34.034],[-78.475,34.025],[-78.475,34.025],[-78.425,34.015],[-78.375,34.004],[-78.325,33.992],[-78.275,33.979],[-78.261,33.975],[-78.225,33.966],[-78.175,33.952],[-78.125,33.938],[-78.076,33.925]],[[-86.629,33.921],[-86.625,33.92],[-86.575,33.908],[-86.525,33.896],[-86.475,33.884],[-86.441,33.875],[-86.425,33.871],[-86.375,33.858],[-86.325,33.844],[-86.275,33.83],[-86.256,33.825],[-86.225,33.816],[-86.175,33.802],[-86.125,33.787],[-86.083,33.775],[-86.075,33.773],[-86.025,33.758],[-85.975,33.743],[-85.925,33.728],[-85.916,33.725],[-85.875,33.713],[-85.825,33.697],[-85.775,33.682],[-85.752,33.675],[-85.725,33.667],[-85.675,33.652],[-85.625,33.637],[-85.587,33.625],[-85.575,33.622],[-85.525,33.607],[-85.475,33.592],[-85.425,33.578],[-85.415,33.575],[-85.375,33.564],[-85.325,33.55],[-85.275,33.537],[-85.228,33.525],[-85.225,33.524],[-85.175,33.512],[-85.125,33.5],[-85.075,33.489],[-85.064,33.486]],[[-87.425,34.061],[-87.375,34.054],[-87.325,34.046],[-87.275,34.038],[-87.225,34.03],[-87.19,34.025],[-87.175,34.023],[-87.125,34.015],[-87.075,34.007],[-87.025,33.999],[-86.993,33.993]]]}},{"type":"Feature","properties":{"date":"2009-04-06","label":"6 Apr","yday":96,"tier":"day","major":false},"geometry":{"type":"MultiLineString","coordinates":[[[-82.337,33.813],[-82.325,33.816],[-82.28,33.825],[-82.275,33.826],[-82.225,33.836],[-82.175,33.846],[-82.125,33.855],[-82.075,33.864],[-82.025,33.873],[-82.015,33.875],[-81.975,33.882],[-81.925,33.891],[-81.875,33.9],[-81.825,33.908],[-81.775,33.917],[-81.732,33.925],[-81.725,33.926],[-81.675,33.935],[-81.625,33.945],[-81.575,33.954],[-81.525,33.964],[-81.475,33.973],[-81.465,33.975],[-81.425,33.983],[-81.375,33.992],[-81.325,34.001],[-81.275,34.01],[-81.225,34.018],[-81.184,34.025],[-81.175,34.026],[-81.125,34.034],[-81.075,34.041],[-81.025,34.048],[-80.975,34.053],[-80.925,34.059],[-80.875,34.064],[-80.825,34.069],[-80.775,34.073],[-80.755,34.075],[-80.725,34.078],[-80.675,34.082],[-80.625,34.086],[-80.575,34.09],[-80.525,34.095],[-80.475,34.099],[-80.425,34.102],[-80.375,34.106],[-80.325,34.11],[-80.275,34.114],[-80.225,34.119],[-80.175,34.123],[-80.157,34.125],[-80.125,34.128],[-80.075,34.133],[-80.025,34.139],[-79.975,34.144],[-79.925,34.15],[-79.875,34.157],[-79.825,34.164],[-79.775,34.171],[-79.747,34.175],[-79.725,34.178],[-79.675,34.185],[-79.625,34.192],[-79.575,34.2],[-79.525,34.207],[-79.475,34.215],[-79.425,34.222],[-79.405,34.225],[-79.375,34.229],[-79.325,34.237],[-79.275,34.244],[-79.225,34.251],[-79.175,34.257],[-79.125,34.263],[-79.075,34.269],[-79.025,34.274],[-79.016,34.275],[-78.975,34.279],[-78.925,34.283],[-78.875,34.286],[-78.825,34.288],[-78.775,34.29],[-78.725,34.29],[-78.675,34.289],[-78.625,34.287],[-78.575,34.283],[-78.525,34.278],[-78.501,34.275],[-78.475,34.272],[-78.425,34.264],[-78.375,34.255],[-78.325,34.245],[-78.275,34.234],[-78.24,34.225],[-78.225,34.221],[-78.175,34.208],[-78.125,34.194],[-78.075,34.18],[-78.059,34.175],[-78.025,34.165],[-77.975,34.149],[-77.925,34.133],[-77.901,34.125]],[[-86.775,34.065],[-86.725,34.054],[-86.675,34.043],[-86.625,34.031],[-86.599,34.025],[-86.575,34.019],[-86.525,34.007],[-86.475,33.994],[-86.425,33.981],[-86.403,33.975],[-86.375,33.968],[-86.325,33.954],[-86.275,33.94],[-86.225,33.925],[-86.224,33.925],[-86.175,33.911],[-86.125,33.896],[-86.075,33.881],[-86.056,33.875],[-86.025,33.866],[-85.975,33.85],[-85.925,33.835],[-85.894,33.825],[-85.875,33.819],[-85.825,33.804],[-85.775,33.788],[-85.734,33.775],[-85.725,33.772],[-85.675,33.756],[-85.625,33.741],[-85.575,33.725],[-85.574,33.725],[-85.525,33.71],[-85.475,33.695],[-85.425,33.68],[-85.408,33.675],[-85.375,33.666],[-85.325,33.651],[-85.275,33.637],[-85.229,33.625],[-85.225,33.624],[-85.175,33.611],[-85.125,33.599],[-85.075,33.587],[-85.025,33.575],[-85.025,33.575]]]}},{"type":"Feature","properties":{"date":"2009-04-07","label":"7 Apr","yday":97,"tier":"day","major":false},"geometry":{"type":"MultiLineString","coordinates":[[[-82.22,33.98],[-82.175,33.989],[-82.125,34.0],[-82.075,34.009],[-82.025,34.019],[-81.992,34.025],[-81.975,34.028],[-81.925,34.037],[-81.875,34.046],[-81.825,34.055],[-81.775,34.063],[-81.725,34.071],[-81.702,34.075]],[[-86.361,34.075],[-86.325,34.065],[-86.275,34.051],[-86.225,34.036],[-86.188,34.025],[-86.175,34.021],[-86.125,34.006],[-86.075,33.991],[-86.025,33.975],[-86.025,33.975],[-85.975,33.959],[-85.925,33.943],[-85.875,33.927],[-85.867,33.925],[-85.825,33.911],[-85.775,33.895],[-85.725,33.879],[-85.712,33.875],[-85.675,33.863],[-85.625,33.847],[-85.575,33.831],[-85.556,33.825],[-85.525,33.815],[-85.475,33.8],[-85.425,33.784],[-85.395,33.775],[-85.375,33.769],[-85.325,33.754],[-85.275,33.74],[-85.225,33.726],[-85.222,33.725],[-85.175,33.712],[-85.125,33.699],[-85.075,33.687],[-85.026,33.675],[-85.025,33.675],[-84.975,33.664]],[[-86.547,34.125],[-86.525,34.119],[-86.475,34.106],[-86.425,34.093],[-86.381,34.081]],[[-81.61,34.09],[-81.575,34.095],[-81.525,34.103],[-81.475,34.111],[-81.425,34.119],[-81.382,34.125],[-81.375,34.126],[-81.325,34.133],[-81.275,34.14],[-81.225,34.147],[-81.175,34.153],[-81.125,34.159],[-81.075,34.165],[-81.025,34.17],[-80.978,34.175],[-80.975,34.175],[-80.925,34.18],[-80.875,34.185],[-80.825,34.189],[-80.775,34.194],[-80.725,34.199],[-80.675,34.203],[-80.625,34.208],[-80.575,34.212],[-80.525,34.217],[-80.475,34.221],[-80.426,34.225],[-80.425,34.225],[-80.375,34.229],[-80.325,34.234],[-80.275,34.239],[-80.225,34.244],[-80.175,34.249],[-80.125,34.255],[-80.075,34.261],[-80.025,34.268],[-79.976,34.275],[-79.975,34.275],[-79.925,34.283],[-79.875,34.291],[-79.825,34.3],[-79.775,34.309],[-79.725,34.318],[-79.689,34.325],[-79.675,34.328],[-79.625,34.338],[-79.575,34.348],[-79.525,34.359],[-79.475,34.37],[-79.451,34.375],[-79.425,34.381],[-79.375,34.392],[-79.325,34.404],[-79.275,34.415],[-79.234,34.425],[-79.225,34.427],[-79.175,34.439],[-79.125,34.45],[-79.075,34.461],[-79.025,34.472],[-79.011,34.475],[-78.975,34.482],[-78.925,34.492],[-78.875,34.501],[-78.825,34.509],[-78.775,34.516],[-78.725,34.522],[-78.689,34.525],[-78.675,34.526],[-78.625,34.529],[-78.575,34.53],[-78.525,34.529],[-78.475,34.526],[-78.459,34.525],[-78.425,34.522],[-78.375,34.516],[-78.325,34.508],[-78.275,34.499],[-78.225,34.489],[-78.175,34.477],[-78.167,34.475],[-78.125,34.464],[-78.075,34.45],[-78.025,34.435],[-77.995,34.425],[-77.975,34.419],[-77.925,34.401],[-77.875,34.383],[-77.855,34.375],[-77.825,34.363],[-77.775,34.342],[-77.735,34.325],[-77.728,34.322]],[[-86.731,34.169],[-86.725,34.168],[-86.675,34.157],[-86.625,34.145],[-86.585,34.135]]]}},{"type":"Feature","properties":{"date":"2009-04-08","label":"8 Apr","yday":98,"tier":"day","major":false},"geometry":{"type":"MultiLineString","coordinates":[[[-85.903,34.047],[-85.875,34.038],[-85.835,34.025],[-85.825,34.022],[-85.775,34.005],[-85.725,33.989],[-85.684,33.975],[-85.675,33.972],[-85.625,33.956],[-85.575,33.939],[-85.532,33.925],[-85.525,33.923],[-85.475,33.907],[-85.425,33.891],[-85.375,33.875],[-85.375,33.875],[-85.325,33.86],[-85.275,33.845],[-85.225,33.83],[-85.208,33.825],[-85.175,33.816],[-85.125,33.802],[-85.075,33.789],[-85.025,33.777],[-85.018,33.775],[-84.975,33.765],[-84.925,33.754],[-84.875,33.743],[-84.86,33.74]],[[-80.899,34.301],[-80.875,34.303],[-80.825,34.307],[-80.775,34.312],[-80.725,34.316],[-80.675,34.321],[-80.631,34.325],[-80.625,34.326],[-80.575,34.33],[-80.525,34.335],[-80.475,34.34],[-80.425,34.345],[-80.375,34.35],[-80.325,34.355],[-80.275,34.36],[-80.225,34.366],[-80.175,34.373],[-80.158,34.375],[-80.125,34.38],[-80.075,34.387],[-80.025,34.395],[-79.975,34.403],[-79.925,34.413],[-79.875,34.422],[-79.863,34.425],[-79.825,34.433],[-79.775,34.445],[-79.725,34.457],[-79.675,34.469],[-79.652,34.475],[-79.625,34.482],[-79.575,34.496],[-79.525,34.51],[-79.475,34.525],[-79.474,34.525],[-79.425,34.54],[-79.375,34.555],[-79.325,34.571],[-79.311,34.575],[-79.275,34.587],[-79.225,34.603],[-79.175,34.619],[-79.156,34.625],[-79.125,34.635],[-79.075,34.651],[-79.025,34.667],[-78.997,34.675],[-78.975,34.681],[-78.925,34.695],[-78.875,34.709],[-78.825,34.72],[-78.803,34.725],[-78.775,34.731],[-78.725,34.74],[-78.675,34.747],[-78.625,34.752],[-78.575,34.756],[-78.525,34.758],[-78.475,34.758],[-78.425,34.756],[-78.375,34.753],[-78.325,34.747],[-78.275,34.74],[-78.225,34.732],[-78.19,34.725],[-78.175,34.722],[-78.125,34.711],[-78.075,34.698],[-78.025,34.684],[-77.996,34.675],[-77.975,34.668],[-77.925,34.652],[-77.875,34.634],[-77.85,34.625],[-77.825,34.615],[-77.775,34.595],[-77.728,34.575],[-77.725,34.574],[-77.675,34.551],[-77.625,34.527],[-77.621,34.525],[-77.575,34.502],[-77.525,34.475],[-77.524,34.475]]]}},{"type":"Feature","properties":{"date":"2009-04-09","label":"9 Apr","yday":99,"tier":"day","major":false},"geometry":{"type":"MultiLineString","coordinates":[[[-85.817,34.133],[-85.795,34.125],[-85.775,34.118],[-85.725,34.102],[-85.675,34.085],[-85.647,34.075],[-85.625,34.068],[-85.575,34.051],[-85.525,34.034],[-85.499,34.025],[-85.475,34.017],[-85.425,34.001],[-85.375,33.984],[-85.346,33.975],[-85.325,33.968],[-85.275,33.953],[-85.225,33.937],[-85.184,33.925],[-85.175,33.922],[-85.125,33.908],[-85.075,33.894],[-85.025,33.881],[-85.0,33.875],[-84.975,33.869],[-84.925,33.857],[-84.875,33.846],[-84.825,33.836],[-84.775,33.826],[-84.767,33.825],[-84.731,33.819]],[[-80.718,34.432],[-80.675,34.436],[-80.625,34.441],[-80.575,34.446],[-80.525,34.451],[-80.475,34.457],[-80.425,34.462],[-80.375,34.468],[-80.325,34.475],[-80.322,34.475],[-80.275,34.481],[-80.225,34.488],[-80.175,34.496],[-80.125,34.503],[-80.075,34.512],[-80.025,34.521],[-80.007,34.525],[-79.975,34.531],[-79.925,34.542],[-79.875,34.555],[-79.825,34.568],[-79.798,34.575],[-79.775,34.582],[-79.725,34.597],[-79.675,34.612],[-79.636,34.625],[-79.625,34.629],[-79.575,34.646],[-79.525,34.663],[-79.491,34.675],[-79.475,34.681],[-79.425,34.699],[-79.375,34.718],[-79.356,34.725],[-79.325,34.737],[-79.275,34.756],[-79.228,34.775],[-79.225,34.776],[-79.175,34.796],[-79.125,34.816],[-79.1,34.825],[-79.075,34.835],[-79.025,34.853],[-78.975,34.871],[-78.964,34.875],[-78.925,34.888],[-78.875,34.903],[-78.825,34.917],[-78.79,34.925],[-78.775,34.929],[-78.725,34.938],[-78.675,34.947],[-78.625,34.953],[-78.575,34.958],[-78.525,34.961],[-78.475,34.963],[-78.425,34.963],[-78.375,34.961],[-78.325,34.958],[-78.275,34.952],[-78.225,34.946],[-78.175,34.938],[-78.125,34.928],[-78.11,34.925],[-78.075,34.917],[-78.025,34.905],[-77.975,34.891],[-77.925,34.877],[-77.92,34.875],[-77.875,34.861],[-77.825,34.843],[-77.775,34.825],[-77.775,34.825],[-77.725,34.805],[-77.675,34.785],[-77.652,34.775],[-77.625,34.763],[-77.575,34.74],[-77.543,34.725],[-77.525,34.716],[-77.475,34.69],[-77.448,34.675],[-77.425,34.662]],[[-77.325,34.6],[-77.31,34.59]]]}},{"type":"Feature","properties":{"date":"2009-04-10","label":"10 Apr","yday":100,"tier":"five","major":false},"geometry":{"type":"MultiLineString","coordinates":[[[-85.693,34.207],[-85.675,34.201],[-85.625,34.183],[-85.601,34.175],[-85.575,34.166],[-85.525,34.149],[-85.475,34.132],[-85.456,34.125],[-85.425,34.115],[-85.375,34.098],[-85.325,34.081],[-85.306,34.075],[-85.275,34.065],[-85.225,34.049],[-85.175,34.033],[-85.147,34.025],[-85.125,34.018],[-85.075,34.004],[-85.025,33.99],[-84.975,33.977],[-84.968,33.975],[-84.925,33.964],[-84.875,33.953],[-84.825,33.942],[-84.775,33.932],[-84.737,33.925],[-84.725,33.923],[-84.675,33.915],[-84.625,33.907],[-84.596,33.904]],[[-80.675,34.552],[-80.625,34.557],[-80.575,34.563],[-80.525,34.569],[-80.475,34.575],[-80.475,34.575],[-80.425,34.582],[-80.375,34.588],[-80.325,34.596],[-80.275,34.603],[-80.225,34.612],[-80.175,34.62],[-80.148,34.625],[-80.125,34.629],[-80.075,34.639],[-80.025,34.65],[-79.975,34.662],[-79.925,34.675],[-79.925,34.675],[-79.875,34.69],[-79.825,34.706],[-79.775,34.723],[-79.77,34.725],[-79.725,34.741],[-79.675,34.76],[-79.635,34.775],[-79.625,34.779],[-79.575,34.798],[-79.525,34.818],[-79.509,34.825],[-79.475,34.839],[-79.425,34.86],[-79.389,34.875],[-79.375,34.881],[-79.325,34.903],[-79.275,34.925],[-79.274,34.925],[-79.225,34.946],[-79.175,34.968],[-79.158,34.975],[-79.125,34.989],[-79.075,35.01],[-79.036,35.025],[-79.025,35.029],[-78.975,35.048],[-78.925,35.065],[-78.893,35.075],[-78.875,35.08],[-78.825,35.094],[-78.775,35.106],[-78.725,35.117],[-78.682,35.125],[-78.675,35.126],[-78.625,35.134],[-78.575,35.139],[-78.525,35.144],[-78.475,35.146],[-78.425,35.147],[-78.375,35.146],[-78.325,35.144],[-78.275,35.14],[-78.225,35.135],[-78.175,35.128],[-78.153,35.125],[-78.125,35.121],[-78.075,35.111],[-78.025,35.101],[-77.975,35.09],[-77.925,35.077],[-77.918,35.075],[-77.875,35.063],[-77.825,35.048],[-77.775,35.032],[-77.755,35.025],[-77.725,35.015],[-77.675,34.996],[-77.625,34.976],[-77.622,34.975],[-77.575,34.955],[-77.525,34.933],[-77.509,34.925],[-77.475,34.909],[-77.425,34.884],[-77.409,34.875],[-77.375,34.857],[-77.325,34.828],[-77.32,34.825],[-77.275,34.797],[-77.24,34.775],[-77.225,34.765],[-77.175,34.731],[-77.171,34.729]]]}},{"type":"Feature","properties":{"date":"2009-04-11","label":"11 Apr","yday":101,"tier":"day","major":false},"geometry":{"type":"MultiLineString","coordinates":[[[-85.543,34.275],[-85.525,34.269],[-85.475,34.251],[-85.425,34.234],[-85.401,34.225],[-85.375,34.216],[-85.325,34.199],[-85.275,34.182],[-85.253,34.175],[-85.225,34.166],[-85.175,34.15],[-85.125,34.134],[-85.096,34.125],[-85.075,34.119],[-85.025,34.104],[-84.975,34.09],[-84.925,34.077],[-84.918,34.075],[-84.875,34.065],[-84.825,34.053],[-84.775,34.043],[-84.725,34.033],[-84.678,34.025],[-84.675,34.024],[-84.625,34.017],[-84.575,34.01],[-84.544,34.006]],[[-80.624,34.676],[-80.575,34.683],[-80.525,34.689],[-80.475,34.697],[-80.425,34.704],[-80.375,34.712],[-80.325,34.721],[-80.3,34.725],[-80.275,34.73],[-80.225,34.739],[-80.175,34.749],[-80.125,34.76],[-80.075,34.772],[-80.065,34.775],[-80.025,34.785],[-79.975,34.8],[-79.925,34.816],[-79.899,34.825],[-79.875,34.833],[-79.825,34.852],[-79.775,34.871],[-79.766,34.875],[-79.725,34.891],[-79.675,34.911],[-79.642,34.925],[-79.625,34.932],[-79.575,34.953],[-79.525,34.975],[-79.525,34.975],[-79.475,34.997],[-79.425,35.02],[-79.413,35.025],[-79.375,35.042],[-79.325,35.065],[-79.303,35.075],[-79.275,35.087],[-79.225,35.11],[-79.189,35.125],[-79.175,35.131],[-79.125,35.152],[-79.075,35.172],[-79.067,35.175],[-79.025,35.191],[-78.975,35.209],[-78.929,35.225],[-78.925,35.226],[-78.875,35.242],[-78.825,35.256],[-78.775,35.269],[-78.751,35.275],[-78.725,35.281],[-78.675,35.291],[-78.625,35.299],[-78.575,35.305],[-78.525,35.31],[-78.475,35.314],[-78.425,35.315],[-78.375,35.316],[-78.325,35.314],[-78.275,35.311],[-78.225,35.307],[-78.175,35.302],[-78.125,35.295],[-78.075,35.288],[-78.025,35.279],[-78.004,35.275],[-77.975,35.269],[-77.925,35.259],[-77.875,35.247],[-77.825,35.235],[-77.788,35.225],[-77.775,35.221],[-77.725,35.207],[-77.675,35.191],[-77.628,35.175],[-77.625,35.174],[-77.575,35.156],[-77.525,35.136],[-77.498,35.125],[-77.475,35.115],[-77.425,35.093],[-77.388,35.075],[-77.375,35.069],[-77.325,35.043],[-77.291,35.025],[-77.275,35.016],[-77.225,34.987],[-77.205,34.975],[-77.175,34.956],[-77.127,34.925],[-77.125,34.924],[-77.075,34.89],[-77.053,34.875],[-77.025,34.855],[-76.983,34.825],[-76.975,34.819],[-76.925,34.783],[-76.914,34.775],[-76.891,34.759]]]}},{"type":"Feature","properties":{"date":"2009-04-12","label":"12 Apr","yday":102,"tier":"day","major":false},"geometry":{"type":"MultiLineString","coordinates":[[[-85.33,34.325],[-85.325,34.323],[-85.275,34.306],[-85.225,34.289],[-85.183,34.275],[-85.175,34.272],[-85.125,34.256],[-85.075,34.24],[-85.025,34.225],[-85.025,34.225],[-84.975,34.21],[-84.925,34.197],[-84.875,34.184],[-84.839,34.175],[-84.825,34.172],[-84.775,34.161],[-84.725,34.151],[-84.675,34.142],[-84.625,34.134],[-84.577,34.127]],[[-76.729,34.875],[-76.725,34.872],[-76.675,34.837],[-76.658,34.825],[-76.625,34.803],[-76.608,34.792]],[[-80.162,34.888],[-80.125,34.898],[-80.075,34.912],[-80.033,34.925],[-80.025,34.928],[-79.975,34.944],[-79.925,34.962],[-79.889,34.975],[-79.875,34.98],[-79.825,35.0],[-79.775,35.02],[-79.763,35.025],[-79.725,35.041],[-79.675,35.062],[-79.646,35.075],[-79.625,35.084],[-79.575,35.107],[-79.535,35.125],[-79.525,35.129],[-79.475,35.152],[-79.426,35.175],[-79.425,35.176],[-79.375,35.198],[-79.325,35.221],[-79.315,35.225],[-79.275,35.242],[-79.225,35.264],[-79.198,35.275],[-79.175,35.285],[-79.125,35.305],[-79.075,35.324],[-79.072,35.325],[-79.025,35.342],[-78.975,35.36],[-78.931,35.375],[-78.925,35.377],[-78.875,35.393],[-78.825,35.408],[-78.775,35.421],[-78.758,35.425],[-78.725,35.433],[-78.675,35.443],[-78.625,35.452],[-78.575,35.459],[-78.525,35.465],[-78.475,35.469],[-78.425,35.472],[-78.375,35.473],[-78.325,35.473],[-78.275,35.471],[-78.225,35.468],[-78.175,35.463],[-78.125,35.458],[-78.075,35.452],[-78.025,35.444],[-77.975,35.436],[-77.925,35.428],[-77.908,35.425],[-77.875,35.419],[-77.825,35.409],[-77.775,35.398],[-77.725,35.387],[-77.679,35.375],[-77.675,35.374],[-77.625,35.36],[-77.575,35.345],[-77.525,35.329],[-77.513,35.325],[-77.475,35.312],[-77.425,35.293],[-77.38,35.275],[-77.375,35.273],[-77.325,35.251],[-77.275,35.228],[-77.268,35.225],[-77.225,35.204],[-77.175,35.177],[-77.171,35.175],[-77.125,35.149],[-77.084,35.125],[-77.075,35.119],[-77.025,35.087],[-77.006,35.075],[-76.987,35.063]]]}},{"type":"Feature","properties":{"date":"2009-04-13","label":"13 Apr","yday":103,"tier":"day","major":false},"geometry":{"type":"MultiLineString","coordinates":[[[-84.925,34.325],[-84.925,34.325],[-84.875,34.312],[-84.825,34.3],[-84.792,34.292]],[[-76.524,34.976],[-76.523,34.975],[-76.475,34.943],[-76.448,34.925],[-76.425,34.91],[-76.375,34.879]],[[-80.106,35.044],[-80.075,35.053],[-80.025,35.07],[-80.01,35.075],[-79.975,35.087],[-79.925,35.106],[-79.876,35.125],[-79.875,35.125],[-79.825,35.146],[-79.775,35.167],[-79.757,35.175],[-79.725,35.189],[-79.675,35.211],[-79.645,35.225],[-79.625,35.234],[-79.575,35.257],[-79.536,35.275],[-79.525,35.28],[-79.475,35.303],[-79.426,35.325],[-79.425,35.325],[-79.375,35.347],[-79.325,35.369],[-79.31,35.375],[-79.275,35.39],[-79.225,35.41],[-79.187,35.425],[-79.175,35.43],[-79.125,35.449],[-79.075,35.468],[-79.055,35.475],[-79.033,35.483]],[[-78.933,35.517],[-78.925,35.52],[-78.909,35.525],[-78.875,35.535],[-78.825,35.55],[-78.775,35.563],[-78.725,35.575],[-78.725,35.575],[-78.675,35.585],[-78.625,35.594],[-78.575,35.602],[-78.525,35.609],[-78.475,35.614],[-78.425,35.617],[-78.375,35.619],[-78.325,35.62],[-78.275,35.62],[-78.225,35.618],[-78.175,35.615],[-78.125,35.612],[-78.075,35.607],[-78.025,35.602],[-77.975,35.597],[-77.925,35.59],[-77.875,35.583],[-77.825,35.576],[-77.82,35.575],[-77.775,35.568],[-77.725,35.559],[-77.675,35.549],[-77.625,35.538],[-77.575,35.527],[-77.568,35.525],[-77.525,35.514],[-77.475,35.501],[-77.425,35.486],[-77.39,35.475],[-77.375,35.47],[-77.325,35.453],[-77.275,35.435],[-77.249,35.425],[-77.225,35.415],[-77.175,35.394],[-77.134,35.375],[-77.125,35.371],[-77.075,35.346],[-77.035,35.325],[-77.025,35.319],[-76.975,35.291],[-76.949,35.275],[-76.925,35.26],[-76.875,35.228],[-76.871,35.225],[-76.825,35.194],[-76.798,35.175],[-76.785,35.165]]]}},{"type":"Feature","properties":{"date":"2009-04-14","label":"14 Apr","yday":104,"tier":"day","major":false},"geometry":{"type":"MultiLineString","coordinates":[[[-80.125,35.177],[-80.075,35.193],[-80.025,35.211],[-79.986,35.225],[-79.975,35.229],[-79.925,35.249],[-79.875,35.27],[-79.863,35.275],[-79.825,35.292],[-79.775,35.314],[-79.75,35.325],[-79.725,35.336],[-79.675,35.359],[-79.64,35.375],[-79.625,35.382],[-79.575,35.404],[-79.529,35.425]],[[-78.875,35.673],[-78.868,35.675],[-78.825,35.687],[-78.775,35.7],[-78.725,35.712],[-78.714,35.714]],[[-78.141,35.759],[-78.125,35.759],[-78.075,35.756],[-78.025,35.754],[-77.975,35.75],[-77.925,35.746],[-77.875,35.742],[-77.825,35.738],[-77.775,35.732],[-77.725,35.727],[-77.713,35.725],[-77.675,35.72],[-77.625,35.713],[-77.575,35.705],[-77.525,35.696],[-77.475,35.687],[-77.425,35.676],[-77.419,35.675],[-77.375,35.665],[-77.325,35.653],[-77.275,35.64],[-77.225,35.625],[-77.224,35.625],[-77.175,35.61],[-77.125,35.592],[-77.08,35.575],[-77.075,35.573],[-77.025,35.552],[-76.975,35.529],[-76.967,35.525]]]}},{"type":"Feature","properties":{"date":"2009-04-15","label":"15 Apr","yday":105,"tier":"index","major":true},"geometry":{"type":"MultiLineString","coordinates":[[[-80.125,35.316],[-80.097,35.325],[-80.075,35.333],[-80.025,35.352],[-79.975,35.372],[-79.973,35.373]],[[-77.999,35.901],[-77.975,35.9],[-77.925,35.899],[-77.875,35.897],[-77.825,35.896],[-77.775,35.894],[-77.725,35.892],[-77.675,35.889],[-77.625,35.886],[-77.575,35.882],[-77.525,35.878],[-77.491,35.875],[-77.475,35.873],[-77.425,35.868],[-77.375,35.862],[-77.325,35.855],[-77.275,35.847],[-77.225,35.837],[-77.175,35.827],[-77.166,35.825],[-77.125,35.815],[-77.075,35.802],[-77.025,35.787],[-76.99,35.775],[-76.975,35.77],[-76.925,35.751],[-76.875,35.73],[-76.864,35.725],[-76.825,35.707],[-76.775,35.681],[-76.763,35.675],[-76.725,35.654]]]}},{"type":"Feature","properties":{"date":"2009-04-16","label":"16 Apr","yday":106,"tier":"day","major":false},"geometry":{"type":"MultiLineString","coordinates":[[[-77.849,36.051],[-77.825,36.052],[-77.775,36.053],[-77.725,36.054],[-77.675,36.055],[-77.625,36.056],[-77.575,36.056],[-77.525,36.057],[-77.475,36.056],[-77.425,36.056],[-77.375,36.055],[-77.325,36.053],[-77.275,36.05],[-77.225,36.046],[-77.175,36.041],[-77.125,36.034],[-77.075,36.026],[-77.067,36.025],[-77.025,36.017],[-76.975,36.006],[-76.925,35.993],[-76.875,35.979],[-76.864,35.975],[-76.825,35.962],[-76.775,35.943],[-76.73,35.925],[-76.725,35.923],[-76.675,35.899],[-76.628,35.875],[-76.625,35.873],[-76.575,35.844]]]}},{"type":"Feature","properties":{"date":"2009-04-17","label":"17 Apr","yday":107,"tier":"day","major":false},"geometry":{"type":"MultiLineString","coordinates":[[[-75.975,35.696],[-75.948,35.675]],[[-76.711,36.161],[-76.675,36.148],[-76.625,36.129],[-76.615,36.125],[-76.575,36.108]],[[-77.725,36.214],[-77.675,36.218],[-77.625,36.222],[-77.586,36.225],[-77.575,36.226],[-77.525,36.23],[-77.475,36.233],[-77.425,36.237],[-77.375,36.24],[-77.325,36.243],[-77.275,36.245],[-77.225,36.246],[-77.175,36.245],[-77.125,36.243],[-77.075,36.239],[-77.025,36.234],[-76.975,36.227],[-76.966,36.225],[-76.925,36.218],[-76.875,36.207],[-76.825,36.195],[-76.775,36.181],[-76.754,36.175],[-76.732,36.168]]]}},{"type":"Feature","properties":{"date":"2009-04-18","label":"18 Apr","yday":108,"tier":"day","major":false},"geometry":{"type":"MultiLineString","coordinates":[[[-77.625,36.385],[-77.575,36.391],[-77.525,36.398],[-77.475,36.404],[-77.425,36.411],[-77.375,36.417],[-77.325,36.422],[-77.299,36.425],[-77.275,36.427],[-77.225,36.432],[-77.175,36.435],[-77.125,36.436],[-77.075,36.436],[-77.025,36.435],[-76.975,36.431],[-76.925,36.426],[-76.915,36.425],[-76.875,36.419],[-76.825,36.41],[-76.775,36.399],[-76.725,36.387],[-76.684,36.375],[-76.675,36.372],[-76.625,36.356],[-76.575,36.338],[-76.542,36.325],[-76.525,36.318],[-76.495,36.305]]]}},{"type":"Feature","properties":{"date":"2009-04-19","label":"19 Apr","yday":109,"tier":"day","major":false},"geometry":{"type":"MultiLineString","coordinates":[[[-77.772,36.525],[-77.725,36.533],[-77.675,36.541],[-77.625,36.549],[-77.575,36.557],[-77.525,36.565],[-77.475,36.574],[-77.467,36.575],[-77.425,36.582],[-77.375,36.591],[-77.325,36.599],[-77.275,36.607],[-77.225,36.614],[-77.175,36.62],[-77.125,36.625],[-77.125,36.625],[-77.075,36.629],[-77.025,36.631],[-76.975,36.632],[-76.925,36.63],[-76.875,36.626],[-76.863,36.625],[-76.825,36.62],[-76.775,36.612],[-76.725,36.602],[-76.675,36.59],[-76.625,36.576],[-76.621,36.575],[-76.575,36.561],[-76.525,36.544],[-76.475,36.525],[-76.474,36.525],[-76.425,36.505],[-76.404,36.496]]]}},{"type":"Feature","properties":{"date":"2009-04-20","label":"20 Apr","yday":110,"tier":"five","major":false},"geometry":{"type":"MultiLineString","coordinates":[[[-77.875,36.673],[-77.864,36.675]],[[-77.815,36.685],[-77.775,36.693],[-77.748,36.698]],[[-76.777,36.825],[-76.775,36.825],[-76.725,36.818],[-76.675,36.809],[-76.655,36.805]]]}}]}