{"type":"FeatureCollection","features":[{"type":"Feature","properties":{"date":"2011-02-15","label":"15 Feb","yday":46,"tier":"day","major":false},"geometry":{"type":"MultiLineString","coordinates":[[[-81.506,26.825],[-81.475,26.839],[-81.45,26.85]]]}},{"type":"Feature","properties":{"date":"2011-02-16","label":"16 Feb","yday":47,"tier":"day","major":false},"geometry":{"type":"MultiLineString","coordinates":[[[-82.03,26.77],[-82.025,26.772],[-82.018,26.775],[-81.975,26.794],[-81.925,26.816],[-81.905,26.825],[-81.875,26.839],[-81.825,26.861],[-81.795,26.875],[-81.775,26.884],[-81.725,26.908],[-81.687,26.925],[-81.675,26.931],[-81.625,26.954],[-81.579,26.975],[-81.575,26.977],[-81.525,27.0],[-81.475,27.023],[-81.47,27.025],[-81.425,27.045],[-81.375,27.068],[-81.358,27.075],[-81.325,27.09],[-81.299,27.101]]]}},{"type":"Feature","properties":{"date":"2011-02-17","label":"17 Feb","yday":48,"tier":"day","major":false},"geometry":{"type":"MultiLineString","coordinates":[[[-82.251,26.851],[-82.225,26.862],[-82.196,26.875],[-82.181,26.881]],[[-82.043,26.943],[-82.025,26.952],[-81.975,26.975],[-81.975,26.975],[-81.925,26.999],[-81.875,27.023],[-81.871,27.025],[-81.825,27.047],[-81.775,27.071],[-81.768,27.075],[-81.725,27.096],[-81.675,27.12],[-81.664,27.125],[-81.625,27.144],[-81.575,27.168],[-81.56,27.175],[-81.525,27.192],[-81.475,27.215],[-81.453,27.225],[-81.425,27.238],[-81.375,27.261],[-81.344,27.275],[-81.325,27.284],[-81.275,27.306],[-81.233,27.325],[-81.225,27.328],[-81.175,27.35],[-81.125,27.372],[-81.118,27.375],[-81.075,27.394],[-81.025,27.415],[-81.001,27.425],[-80.975,27.436],[-80.925,27.457],[-80.881,27.475],[-80.875,27.477],[-80.825,27.498],[-80.775,27.517]]]}},{"type":"Feature","properties":{"date":"2011-02-18","label":"18 Feb","yday":49,"tier":"day","major":false},"geometry":{"type":"MultiLineString","coordinates":[[[-82.376,26.976],[-82.375,26.977],[-82.325,27.0],[-82.275,27.023],[-82.27,27.025],[-82.225,27.046],[-82.175,27.07],[-82.164,27.075],[-82.125,27.094],[-82.075,27.119],[-82.062,27.125],[-82.025,27.143],[-81.975,27.168],[-81.962,27.175],[-81.925,27.193],[-81.875,27.219],[-81.862,27.225],[-81.825,27.244],[-81.775,27.269],[-81.763,27.275],[-81.725,27.294],[-81.675,27.319],[-81.662,27.325],[-81.625,27.343],[-81.575,27.368],[-81.56,27.375],[-81.525,27.392],[-81.475,27.416],[-81.457,27.425],[-81.425,27.44],[-81.375,27.464],[-81.351,27.475],[-81.325,27.487],[-81.275,27.511],[-81.244,27.525],[-81.225,27.534],[-81.175,27.557],[-81.134,27.575],[-81.125,27.579],[-81.075,27.601],[-81.025,27.623],[-81.02,27.625],[-80.975,27.644],[-80.925,27.665],[-80.9,27.675],[-80.875,27.685],[-80.825,27.705],[-80.775,27.724]]]}},{"type":"Feature","properties":{"date":"2011-02-19","label":"19 Feb","yday":50,"tier":"five","major":false},"geometry":{"type":"MultiLineString","coordinates":[[[-82.435,27.135],[-82.425,27.14],[-82.375,27.165],[-82.355,27.175],[-82.325,27.19],[-82.275,27.215],[-82.256,27.225],[-82.225,27.241],[-82.175,27.267],[-82.159,27.275],[-82.125,27.293],[-82.075,27.319],[-82.063,27.325],[-82.025,27.345],[-81.975,27.371],[-81.967,27.375],[-81.925,27.397],[-81.875,27.423],[-81.871,27.425],[-81.825,27.449],[-81.775,27.474],[-81.773,27.475],[-81.725,27.499],[-81.675,27.525],[-81.674,27.525],[-81.625,27.55],[-81.575,27.575],[-81.574,27.575],[-81.525,27.6],[-81.475,27.624],[-81.474,27.625],[-81.425,27.649],[-81.375,27.673],[-81.372,27.675],[-81.325,27.698],[-81.275,27.722],[-81.268,27.725],[-81.225,27.745],[-81.175,27.769],[-81.161,27.775],[-81.125,27.791],[-81.075,27.814],[-81.049,27.825],[-81.025,27.835],[-80.975,27.856],[-80.929,27.875],[-80.925,27.877],[-80.89,27.89]]]}},{"type":"Feature","properties":{"date":"2011-02-20","label":"20 Feb","yday":51,"tier":"day","major":false},"geometry":{"type":"MultiLineString","coordinates":[[[-82.525,27.283],[-82.475,27.309],[-82.445,27.325],[-82.425,27.336],[-82.375,27.363],[-82.353,27.375],[-82.325,27.391],[-82.275,27.418],[-82.262,27.425],[-82.225,27.445],[-82.175,27.473],[-82.171,27.475],[-82.125,27.5],[-82.078,27.525],[-82.075,27.526],[-82.025,27.553],[-81.983,27.575],[-81.975,27.579],[-81.925,27.605],[-81.886,27.625],[-81.875,27.631],[-81.825,27.656],[-81.788,27.675],[-81.775,27.681],[-81.725,27.707],[-81.688,27.725],[-81.675,27.732],[-81.625,27.757],[-81.59,27.775],[-81.575,27.782],[-81.525,27.808],[-81.491,27.825],[-81.475,27.833],[-81.425,27.858],[-81.392,27.875],[-81.375,27.883],[-81.325,27.908],[-81.289,27.925],[-81.275,27.932],[-81.225,27.955],[-81.182,27.975],[-81.175,27.978],[-81.125,28.0],[-81.075,28.022],[-81.067,28.025],[-81.025,28.042],[-80.975,28.062],[-80.94,28.075],[-80.925,28.08]]]}},{"type":"Feature","properties":{"date":"2011-02-21","label":"21 Feb","yday":52,"tier":"day","major":false},"geometry":{"type":"MultiLineString","coordinates":[[[-82.595,27.445],[-82.575,27.457],[-82.543,27.475],[-82.525,27.486],[-82.475,27.514],[-82.457,27.525],[-82.425,27.543],[-82.375,27.572],[-82.369,27.575],[-82.325,27.6],[-82.28,27.625],[-82.275,27.628],[-82.225,27.655],[-82.187,27.675],[-82.175,27.682],[-82.125,27.708],[-82.092,27.725],[-82.075,27.734],[-82.025,27.76],[-81.995,27.775],[-81.975,27.785],[-81.925,27.81],[-81.895,27.825],[-81.875,27.835],[-81.825,27.859],[-81.793,27.875],[-81.775,27.884],[-81.725,27.909],[-81.695,27.925],[-81.675,27.935],[-81.625,27.961],[-81.598,27.975],[-81.575,27.987],[-81.525,28.012],[-81.5,28.025],[-81.475,28.038],[-81.425,28.062],[-81.399,28.075],[-81.375,28.087],[-81.325,28.11],[-81.293,28.125],[-81.275,28.133],[-81.225,28.155],[-81.179,28.175],[-81.175,28.177],[-81.125,28.197],[-81.075,28.216],[-81.05,28.225],[-81.025,28.234],[-80.975,28.251],[-80.957,28.257]]]}},{"type":"Feature","properties":{"date":"2011-02-22","label":"22 Feb","yday":53,"tier":"day","major":false},"geometry":{"type":"MultiLineString","coordinates":[[[-82.375,27.777],[-82.325,27.804],[-82.285,27.825],[-82.275,27.83],[-82.225,27.856],[-82.188,27.875],[-82.175,27.882],[-82.125,27.907],[-82.09,27.925],[-82.075,27.933],[-82.025,27.958],[-81.99,27.975],[-81.975,27.983],[-81.925,28.007],[-81.889,28.025],[-81.875,28.032],[-81.825,28.057],[-81.789,28.075],[-81.775,28.082],[-81.725,28.107],[-81.69,28.125],[-81.675,28.132],[-81.625,28.157],[-81.59,28.175],[-81.575,28.182],[-81.525,28.207],[-81.487,28.225],[-81.475,28.231],[-81.425,28.254],[-81.38,28.275],[-81.375,28.277],[-81.325,28.299],[-81.275,28.32],[-81.264,28.325],[-81.225,28.34],[-81.175,28.359],[-81.129,28.375],[-81.125,28.376],[-81.075,28.393],[-81.025,28.408],[-80.975,28.422]]]}},{"type":"Feature","properties":{"date":"2011-02-23","label":"23 Feb","yday":54,"tier":"day","major":false},"geometry":{"type":"MultiLineString","coordinates":[[[-82.723,27.773],[-82.72,27.775],[-82.675,27.802],[-82.635,27.825],[-82.625,27.831],[-82.612,27.838]],[[-82.564,27.864],[-82.545,27.875],[-82.525,27.886],[-82.502,27.898]],[[-82.451,27.925],[-82.425,27.938],[-82.375,27.964],[-82.354,27.975],[-82.325,27.99],[-82.275,28.016],[-82.257,28.025],[-82.225,28.041],[-82.175,28.066],[-82.158,28.075],[-82.125,28.091],[-82.075,28.117],[-82.058,28.125],[-82.025,28.141],[-81.975,28.166],[-81.958,28.175],[-81.925,28.191],[-81.875,28.216],[-81.857,28.225],[-81.825,28.241],[-81.775,28.266],[-81.756,28.275],[-81.725,28.29],[-81.675,28.315],[-81.654,28.325],[-81.625,28.339],[-81.575,28.363],[-81.548,28.375],[-81.525,28.386],[-81.475,28.408],[-81.438,28.425],[-81.425,28.431],[-81.375,28.452],[-81.325,28.472],[-81.316,28.475],[-81.275,28.49],[-81.225,28.508],[-81.175,28.524],[-81.172,28.525],[-81.125,28.539],[-81.075,28.553],[-81.025,28.567]]]}},{"type":"Feature","properties":{"date":"2011-02-24","label":"24 Feb","yday":55,"tier":"five","major":false},"geometry":{"type":"MultiLineString","coordinates":[[[-82.785,27.915],[-82.775,27.921],[-82.768,27.925],[-82.725,27.95]],[[-82.612,28.012],[-82.588,28.025],[-82.575,28.032],[-82.525,28.058],[-82.493,28.075],[-82.475,28.084],[-82.425,28.11],[-82.396,28.125],[-82.375,28.135],[-82.325,28.161],[-82.297,28.175],[-82.275,28.186],[-82.225,28.212],[-82.199,28.225],[-82.175,28.237],[-82.125,28.262],[-82.099,28.275],[-82.075,28.287],[-82.025,28.312],[-81.999,28.325],[-81.975,28.337],[-81.925,28.362],[-81.899,28.375],[-81.875,28.386],[-81.825,28.411],[-81.796,28.425],[-81.775,28.435],[-81.725,28.459],[-81.69,28.475],[-81.675,28.482],[-81.625,28.505],[-81.58,28.525],[-81.575,28.527],[-81.525,28.548],[-81.475,28.569],[-81.461,28.575],[-81.425,28.589],[-81.375,28.608],[-81.329,28.625],[-81.325,28.626],[-81.275,28.643],[-81.225,28.659],[-81.175,28.674],[-81.17,28.675],[-81.125,28.688],[-81.075,28.701]]]}},{"type":"Feature","properties":{"date":"2011-02-25","label":"25 Feb","yday":56,"tier":"day","major":false},"geometry":{"type":"MultiLineString","coordinates":[[[-82.775,28.086],[-82.725,28.113],[-82.704,28.125],[-82.675,28.14],[-82.625,28.167],[-82.61,28.175],[-82.575,28.193],[-82.525,28.219],[-82.514,28.225],[-82.475,28.245],[-82.425,28.271],[-82.416,28.275],[-82.375,28.296],[-82.325,28.322],[-82.318,28.325],[-82.275,28.347],[-82.225,28.373],[-82.22,28.375],[-82.175,28.398],[-82.125,28.423],[-82.121,28.425],[-82.075,28.448],[-82.025,28.473],[-82.02,28.475],[-81.975,28.497],[-81.925,28.521],[-81.917,28.525],[-81.875,28.545],[-81.825,28.568],[-81.811,28.575],[-81.775,28.591],[-81.725,28.614],[-81.699,28.625],[-81.675,28.635],[-81.625,28.657],[-81.58,28.675],[-81.575,28.677],[-81.525,28.697],[-81.475,28.716],[-81.451,28.725],[-81.425,28.734],[-81.375,28.752],[-81.325,28.768],[-81.303,28.775],[-81.275,28.784],[-81.225,28.799],[-81.175,28.812],[-81.128,28.825],[-81.125,28.826],[-81.075,28.838],[-81.058,28.842]]]}},{"type":"Feature","properties":{"date":"2011-02-26","label":"26 Feb","yday":57,"tier":"day","major":false},"geometry":{"type":"MultiLineString","coordinates":[[[-82.725,28.269],[-82.714,28.275],[-82.675,28.296],[-82.625,28.322],[-82.619,28.325],[-82.575,28.348],[-82.525,28.373],[-82.522,28.375],[-82.475,28.399],[-82.425,28.424],[-82.424,28.425],[-82.375,28.45],[-82.326,28.475],[-82.325,28.475],[-82.275,28.501],[-82.227,28.525],[-82.225,28.526],[-82.175,28.551],[-82.126,28.575],[-82.125,28.576],[-82.075,28.6],[-82.025,28.624],[-82.023,28.625],[-81.975,28.647],[-81.925,28.67],[-81.915,28.675],[-81.875,28.693],[-81.825,28.715],[-81.802,28.725],[-81.775,28.737],[-81.725,28.757],[-81.682,28.775],[-81.675,28.778],[-81.625,28.797],[-81.575,28.816],[-81.552,28.825],[-81.525,28.835],[-81.475,28.852],[-81.425,28.869],[-81.408,28.875],[-81.375,28.886],[-81.325,28.901],[-81.275,28.916],[-81.242,28.925],[-81.225,28.93],[-81.175,28.943],[-81.125,28.956],[-81.075,28.968],[-81.043,28.975],[-81.025,28.979]]]}},{"type":"Feature","properties":{"date":"2011-02-27","label":"27 Feb","yday":58,"tier":"day","major":false},"geometry":{"type":"MultiLineString","coordinates":[[[-82.625,28.472],[-82.619,28.475],[-82.575,28.497],[-82.525,28.523],[-82.521,28.525],[-82.475,28.548],[-82.425,28.574],[-82.423,28.575],[-82.375,28.599],[-82.325,28.624],[-82.324,28.625],[-82.275,28.649],[-82.225,28.673],[-82.222,28.675],[-82.175,28.697],[-82.125,28.721],[-82.117,28.725],[-82.075,28.744],[-82.025,28.767],[-82.007,28.775],[-81.975,28.789],[-81.925,28.811],[-81.892,28.825],[-81.875,28.832],[-81.825,28.853],[-81.775,28.873],[-81.77,28.875],[-81.725,28.892],[-81.675,28.911],[-81.638,28.925],[-81.625,28.93],[-81.575,28.948],[-81.525,28.965],[-81.494,28.975],[-81.475,28.981],[-81.425,28.997],[-81.375,29.013],[-81.333,29.025],[-81.325,29.027],[-81.275,29.041],[-81.225,29.055],[-81.175,29.068],[-81.145,29.075],[-81.125,29.08],[-81.075,29.091],[-81.025,29.102],[-80.975,29.113]]]}},{"type":"Feature","properties":{"date":"2011-02-28","label":"28 Feb","yday":59,"tier":"day","major":false},"geometry":{"type":"MultiLineString","coordinates":[[[-82.625,28.618],[-82.612,28.625],[-82.575,28.643],[-82.525,28.669],[-82.513,28.675],[-82.475,28.694],[-82.425,28.719],[-82.412,28.725],[-82.375,28.743],[-82.325,28.767],[-82.309,28.775],[-82.275,28.791],[-82.225,28.814],[-82.201,28.825],[-82.175,28.837],[-82.125,28.859],[-82.089,28.875],[-82.075,28.881],[-82.025,28.902],[-81.975,28.923],[-81.971,28.925],[-81.925,28.944],[-81.875,28.964],[-81.847,28.975],[-81.825,28.983],[-81.775,29.002],[-81.725,29.021],[-81.714,29.025],[-81.675,29.039],[-81.625,29.056],[-81.575,29.073],[-81.569,29.075],[-81.525,29.089],[-81.475,29.105],[-81.425,29.12],[-81.409,29.125],[-81.375,29.135],[-81.325,29.149],[-81.275,29.162],[-81.227,29.175],[-81.225,29.175],[-81.175,29.188],[-81.125,29.2],[-81.075,29.211],[-81.025,29.221],[-81.022,29.222]]]}},{"type":"Feature","properties":{"date":"2011-03-01","label":"1 Mar","yday":60,"tier":"index","major":true},"geometry":{"type":"MultiLineString","coordinates":[[[-82.625,28.761],[-82.596,28.775],[-82.575,28.786],[-82.525,28.81],[-82.494,28.825],[-82.475,28.834],[-82.425,28.858],[-82.389,28.875],[-82.375,28.881],[-82.325,28.904],[-82.279,28.925],[-82.275,28.927],[-82.225,28.948],[-82.175,28.97],[-82.163,28.975],[-82.125,28.991],[-82.075,29.012],[-82.043,29.025],[-82.025,29.032],[-81.975,29.052],[-81.925,29.072],[-81.917,29.075],[-81.875,29.091],[-81.825,29.109],[-81.781,29.125],[-81.775,29.127],[-81.725,29.145],[-81.675,29.162],[-81.635,29.175],[-81.625,29.178],[-81.575,29.194],[-81.525,29.21],[-81.475,29.225],[-81.474,29.225],[-81.425,29.239],[-81.375,29.253],[-81.325,29.267],[-81.293,29.275],[-81.275,29.28],[-81.225,29.292],[-81.175,29.304],[-81.125,29.316],[-81.084,29.325],[-81.075,29.327]]]}},{"type":"Feature","properties":{"date":"2011-03-02","label":"2 Mar","yday":61,"tier":"day","major":false},"geometry":{"type":"MultiLineString","coordinates":[[[-82.642,28.892],[-82.625,28.9],[-82.575,28.923],[-82.572,28.925],[-82.525,28.947],[-82.475,28.97],[-82.464,28.975],[-82.425,28.992],[-82.375,29.015],[-82.351,29.025],[-82.325,29.036],[-82.275,29.058],[-82.233,29.075],[-82.225,29.078],[-82.175,29.099],[-82.125,29.119],[-82.111,29.125],[-82.075,29.139],[-82.025,29.159],[-81.982,29.175],[-81.975,29.178],[-81.925,29.196],[-81.875,29.214],[-81.844,29.225],[-81.825,29.232],[-81.775,29.249],[-81.725,29.265],[-81.694,29.275],[-81.675,29.281],[-81.625,29.297],[-81.575,29.312],[-81.531,29.325],[-81.525,29.327],[-81.475,29.341],[-81.425,29.355],[-81.375,29.369],[-81.351,29.375],[-81.325,29.382],[-81.275,29.394],[-81.225,29.407],[-81.175,29.418],[-81.146,29.425],[-81.125,29.43]]]}},{"type":"Feature","properties":{"date":"2011-03-03","label":"3 Mar","yday":62,"tier":"day","major":false},"geometry":{"type":"MultiLineString","coordinates":[[[-82.725,28.988],[-82.675,29.012],[-82.647,29.025],[-82.625,29.035],[-82.575,29.058],[-82.537,29.075],[-82.525,29.08],[-82.475,29.102],[-82.425,29.124],[-82.422,29.125],[-82.375,29.145],[-82.325,29.166],[-82.302,29.175],[-82.275,29.186],[-82.225,29.206],[-82.177,29.225],[-82.175,29.226],[-82.125,29.245],[-82.075,29.264],[-82.045,29.275],[-82.025,29.282],[-81.975,29.3],[-81.925,29.318],[-81.904,29.325],[-81.875,29.335],[-81.825,29.351],[-81.775,29.367],[-81.751,29.375],[-81.725,29.383],[-81.675,29.398],[-81.625,29.413],[-81.584,29.425],[-81.575,29.428],[-81.525,29.442],[-81.475,29.456],[-81.425,29.469],[-81.403,29.475],[-81.375,29.482],[-81.325,29.495],[-81.275,29.507],[-81.225,29.519],[-81.201,29.525],[-81.175,29.531]]]}},{"type":"Feature","properties":{"date":"2011-03-04","label":"4 Mar","yday":63,"tier":"day","major":false},"geometry":{"type":"MultiLineString","coordinates":[[[-82.758,29.108],[-82.725,29.123],[-82.721,29.125],[-82.675,29.146],[-82.625,29.168],[-82.61,29.175],[-82.575,29.19],[-82.525,29.212],[-82.494,29.225],[-82.475,29.233],[-82.425,29.254],[-82.375,29.274],[-82.372,29.275],[-82.325,29.294],[-82.275,29.313],[-82.245,29.325],[-82.225,29.333],[-82.175,29.351],[-82.125,29.369],[-82.109,29.375],[-82.075,29.387],[-82.025,29.404],[-81.975,29.421],[-81.963,29.425],[-81.925,29.438],[-81.875,29.453],[-81.825,29.469],[-81.805,29.475],[-81.775,29.484],[-81.725,29.499],[-81.675,29.514],[-81.635,29.525],[-81.625,29.528],[-81.575,29.542],[-81.525,29.555],[-81.475,29.569],[-81.451,29.575],[-81.425,29.582],[-81.375,29.595],[-81.325,29.607],[-81.275,29.619],[-81.252,29.625],[-81.225,29.631]]]}},{"type":"Feature","properties":{"date":"2011-03-05","label":"5 Mar","yday":64,"tier":"day","major":false},"geometry":{"type":"MultiLineString","coordinates":[[[-82.884,29.184],[-82.875,29.189],[-82.825,29.212],[-82.796,29.225],[-82.775,29.234],[-82.725,29.257],[-82.683,29.275],[-82.675,29.279],[-82.625,29.3],[-82.575,29.321],[-82.566,29.325],[-82.525,29.342],[-82.475,29.362],[-82.443,29.375],[-82.425,29.382],[-82.375,29.402],[-82.325,29.421],[-82.314,29.425],[-82.275,29.439],[-82.225,29.457],[-82.175,29.475],[-82.175,29.475],[-82.125,29.492],[-82.075,29.509],[-82.025,29.525],[-82.024,29.525],[-81.975,29.54],[-81.925,29.556],[-81.875,29.57],[-81.86,29.575],[-81.825,29.585],[-81.775,29.6],[-81.725,29.614],[-81.684,29.625],[-81.675,29.628],[-81.625,29.641],[-81.575,29.655],[-81.525,29.668],[-81.499,29.675],[-81.475,29.681],[-81.425,29.694],[-81.375,29.707],[-81.325,29.719],[-81.302,29.725],[-81.275,29.732]]]}},{"type":"Feature","properties":{"date":"2011-03-06","label":"6 Mar","yday":65,"tier":"five","major":false},"geometry":{"type":"MultiLineString","coordinates":[[[-83.046,29.246],[-83.025,29.255],[-82.982,29.275],[-82.975,29.278],[-82.925,29.301],[-82.875,29.324],[-82.872,29.325],[-82.825,29.346],[-82.775,29.368],[-82.758,29.375],[-82.725,29.389],[-82.675,29.41],[-82.639,29.425],[-82.625,29.431],[-82.575,29.451],[-82.525,29.471],[-82.515,29.475],[-82.475,29.491],[-82.425,29.51],[-82.384,29.525],[-82.375,29.528],[-82.325,29.546],[-82.275,29.564],[-82.243,29.575],[-82.225,29.581],[-82.175,29.597],[-82.125,29.613],[-82.086,29.625],[-82.075,29.628],[-82.025,29.643],[-81.975,29.658],[-81.925,29.672],[-81.915,29.675],[-81.875,29.686],[-81.825,29.7],[-81.775,29.714],[-81.735,29.725],[-81.725,29.728],[-81.675,29.741],[-81.625,29.755],[-81.575,29.768],[-81.548,29.775],[-81.525,29.781],[-81.475,29.794],[-81.425,29.807],[-81.375,29.819],[-81.353,29.825],[-81.325,29.832],[-81.291,29.841]]]}},{"type":"Feature","properties":{"date":"2011-03-07","label":"7 Mar","yday":66,"tier":"day","major":false},"geometry":{"type":"MultiLineString","coordinates":[[[-83.14,29.34],[-83.125,29.346],[-83.075,29.369],[-83.062,29.375],[-83.025,29.392],[-82.975,29.414],[-82.951,29.425],[-82.925,29.436],[-82.875,29.458],[-82.835,29.475],[-82.825,29.479],[-82.775,29.5],[-82.725,29.521],[-82.715,29.525],[-82.675,29.541],[-82.625,29.561],[-82.589,29.575],[-82.575,29.58],[-82.525,29.599],[-82.475,29.618],[-82.455,29.625],[-82.425,29.636],[-82.375,29.653],[-82.325,29.671],[-82.312,29.675],[-82.275,29.687],[-82.225,29.702],[-82.175,29.717],[-82.149,29.725],[-82.125,29.732],[-82.075,29.746],[-82.025,29.76],[-81.975,29.774],[-81.971,29.775],[-81.925,29.787],[-81.875,29.801],[-81.825,29.815],[-81.786,29.825],[-81.775,29.828],[-81.725,29.842],[-81.675,29.855],[-81.625,29.868],[-81.6,29.875],[-81.575,29.882],[-81.525,29.895],[-81.475,29.908],[-81.425,29.921],[-81.409,29.925],[-81.375,29.934],[-81.325,29.947]]]}},{"type":"Feature","properties":{"date":"2011-03-08","label":"8 Mar","yday":67,"tier":"day","major":false},"geometry":{"type":"MultiLineString","coordinates":[[[-83.235,29.435],[-83.225,29.44],[-83.175,29.462],[-83.147,29.475],[-83.125,29.485],[-83.075,29.507],[-83.034,29.525],[-83.025,29.529],[-82.975,29.55],[-82.925,29.571],[-82.916,29.575],[-82.875,29.592],[-82.825,29.613],[-82.794,29.625],[-82.775,29.632],[-82.725,29.652],[-82.675,29.671],[-82.665,29.675],[-82.625,29.69],[-82.575,29.708],[-82.528,29.725],[-82.525,29.726],[-82.475,29.743],[-82.425,29.76],[-82.38,29.775],[-82.375,29.777],[-82.325,29.792],[-82.275,29.807],[-82.225,29.822],[-82.213,29.825],[-82.175,29.836],[-82.125,29.849],[-82.075,29.863],[-82.03,29.875],[-82.025,29.876],[-81.975,29.889],[-81.925,29.903],[-81.875,29.916],[-81.842,29.925],[-81.825,29.929],[-81.775,29.943],[-81.725,29.957],[-81.675,29.97],[-81.658,29.975],[-81.625,29.984],[-81.575,29.998],[-81.525,30.011],[-81.475,30.025],[-81.474,30.025],[-81.425,30.038],[-81.375,30.052],[-81.356,30.056]]]}},{"type":"Feature","properties":{"date":"2011-03-09","label":"9 Mar","yday":68,"tier":"day","major":false},"geometry":{"type":"MultiLineString","coordinates":[[[-83.348,29.525],[-83.325,29.535],[-83.275,29.558],[-83.237,29.575],[-83.225,29.58],[-83.175,29.602],[-83.125,29.624],[-83.123,29.625],[-83.075,29.645],[-83.025,29.666],[-83.004,29.675],[-82.975,29.687],[-82.925,29.707],[-82.879,29.725],[-82.875,29.727],[-82.825,29.746],[-82.775,29.765],[-82.747,29.775],[-82.725,29.783],[-82.675,29.801],[-82.625,29.819],[-82.607,29.825],[-82.575,29.836],[-82.525,29.852],[-82.475,29.868],[-82.454,29.875],[-82.425,29.884],[-82.375,29.899],[-82.325,29.913],[-82.283,29.925],[-82.275,29.927],[-82.225,29.941],[-82.175,29.954],[-82.125,29.967],[-82.095,29.975],[-82.075,29.98],[-82.025,29.993],[-81.975,30.006],[-81.925,30.019],[-81.902,30.025],[-81.875,30.032],[-81.825,30.046],[-81.775,30.06],[-81.725,30.074],[-81.722,30.075],[-81.675,30.089],[-81.625,30.103],[-81.575,30.117],[-81.548,30.125],[-81.525,30.131],[-81.475,30.145],[-81.425,30.159],[-81.375,30.173]]]}},{"type":"Feature","properties":{"date":"2011-03-10","label":"10 Mar","yday":69,"tier":"day","major":false},"geometry":{"type":"MultiLineString","coordinates":[[[-83.398,29.648],[-83.375,29.658],[-83.336,29.675],[-83.325,29.68],[-83.275,29.702],[-83.225,29.723],[-83.22,29.725],[-83.175,29.744],[-83.125,29.765],[-83.1,29.775],[-83.075,29.785],[-83.025,29.805],[-82.975,29.824],[-82.974,29.825],[-82.925,29.844],[-82.875,29.862],[-82.84,29.875],[-82.825,29.88],[-82.775,29.898],[-82.725,29.915],[-82.696,29.925],[-82.675,29.932],[-82.625,29.948],[-82.575,29.964],[-82.54,29.975],[-82.525,29.98],[-82.475,29.994],[-82.425,30.009],[-82.375,30.023],[-82.367,30.025],[-82.325,30.036],[-82.275,30.05],[-82.225,30.062],[-82.175,30.075],[-82.175,30.075],[-82.125,30.088],[-82.075,30.1],[-82.025,30.112],[-81.975,30.125],[-81.974,30.125],[-81.925,30.138],[-81.875,30.151],[-81.825,30.165],[-81.792,30.175],[-81.775,30.18],[-81.725,30.196],[-81.675,30.211],[-81.629,30.225],[-81.625,30.226],[-81.575,30.241],[-81.525,30.255],[-81.475,30.27],[-81.455,30.275],[-81.425,30.284]]]}},{"type":"Feature","properties":{"date":"2011-03-11","label":"11 Mar","yday":70,"tier":"five","major":false},"geometry":{"type":"MultiLineString","coordinates":[[[-83.535,29.735],[-83.525,29.739],[-83.475,29.762],[-83.445,29.775],[-83.425,29.784],[-83.375,29.805],[-83.329,29.825],[-83.325,29.827],[-83.275,29.848],[-83.225,29.868],[-83.208,29.875],[-83.175,29.888],[-83.125,29.908],[-83.081,29.925],[-83.075,29.927],[-83.025,29.946],[-82.975,29.964],[-82.946,29.975],[-82.925,29.982],[-82.875,30.0],[-82.825,30.017],[-82.801,30.025],[-82.775,30.034],[-82.725,30.05],[-82.675,30.065],[-82.643,30.075],[-82.625,30.081],[-82.575,30.095],[-82.525,30.11],[-82.475,30.124],[-82.47,30.125],[-82.425,30.137],[-82.375,30.15],[-82.325,30.163],[-82.278,30.175],[-82.275,30.176],[-82.225,30.188],[-82.175,30.2],[-82.125,30.212],[-82.075,30.225],[-82.073,30.225],[-82.025,30.237],[-81.975,30.25],[-81.925,30.263],[-81.88,30.275],[-81.875,30.276],[-81.825,30.291],[-81.775,30.307],[-81.725,30.322],[-81.716,30.325],[-81.675,30.337],[-81.625,30.353],[-81.575,30.368],[-81.55,30.375],[-81.525,30.382],[-81.475,30.397],[-81.425,30.412]]]}},{"type":"Feature","properties":{"date":"2011-03-12","label":"12 Mar","yday":71,"tier":"day","major":false},"geometry":{"type":"MultiLineString","coordinates":[[[-94.675,29.72],[-94.625,29.703],[-94.575,29.687],[-94.536,29.675],[-94.525,29.672],[-94.475,29.657]],[[-83.607,29.857],[-83.575,29.872],[-83.567,29.875],[-83.525,29.894],[-83.475,29.915],[-83.452,29.925],[-83.425,29.936],[-83.375,29.957],[-83.331,29.975],[-83.325,29.977],[-83.275,29.997],[-83.225,30.017],[-83.204,30.025],[-83.175,30.036],[-83.125,30.055],[-83.075,30.073],[-83.069,30.075],[-83.025,30.091],[-82.975,30.108],[-82.925,30.125],[-82.925,30.125],[-82.875,30.141],[-82.825,30.157],[-82.775,30.173],[-82.768,30.175],[-82.725,30.188],[-82.675,30.203],[-82.625,30.217],[-82.596,30.225],[-82.575,30.231],[-82.525,30.245],[-82.475,30.258],[-82.425,30.271],[-82.408,30.275],[-82.375,30.283],[-82.325,30.296],[-82.275,30.308],[-82.225,30.32],[-82.205,30.325],[-82.175,30.332],[-82.125,30.345],[-82.075,30.357],[-82.025,30.37],[-82.004,30.375],[-81.975,30.383],[-81.925,30.396],[-81.875,30.41],[-81.825,30.425],[-81.824,30.425],[-81.775,30.439],[-81.725,30.454],[-81.675,30.469],[-81.655,30.475],[-81.625,30.484],[-81.575,30.499],[-81.525,30.514],[-81.487,30.525],[-81.478,30.528]]]}},{"type":"Feature","properties":{"date":"2011-03-13","label":"13 Mar","yday":72,"tier":"day","major":false},"geometry":{"type":"MultiLineString","coordinates":[[[-83.719,29.969],[-83.707,29.975],[-83.675,29.989],[-83.625,30.011],[-83.592,30.025],[-83.575,30.032],[-83.525,30.053],[-83.475,30.074],[-83.472,30.075],[-83.425,30.094],[-83.375,30.114],[-83.346,30.125],[-83.325,30.133],[-83.275,30.152],[-83.225,30.171],[-83.213,30.175],[-83.175,30.189],[-83.125,30.206],[-83.075,30.224],[-83.071,30.225],[-83.025,30.24],[-82.975,30.257],[-82.925,30.272],[-82.917,30.275],[-82.875,30.288],[-82.825,30.303],[-82.775,30.318],[-82.749,30.325],[-82.725,30.332],[-82.675,30.346],[-82.625,30.36],[-82.575,30.373],[-82.566,30.375],[-82.525,30.386],[-82.475,30.399],[-82.425,30.411],[-82.375,30.423],[-82.368,30.425],[-82.325,30.436],[-82.275,30.448],[-82.225,30.46],[-82.175,30.472],[-82.164,30.475],[-82.125,30.485],[-82.075,30.497],[-82.025,30.51],[-81.975,30.523],[-81.969,30.525],[-81.925,30.537],[-81.875,30.551],[-81.825,30.565],[-81.788,30.575],[-81.775,30.579],[-81.725,30.593],[-81.675,30.608],[-81.625,30.622],[-81.616,30.625],[-81.575,30.637],[-81.525,30.652],[-81.475,30.666]]]}},{"type":"Feature","properties":{"date":"2011-03-14","label":"14 Mar","yday":73,"tier":"day","major":false},"geometry":{"type":"MultiLineString","coordinates":[[[-83.907,30.057],[-83.875,30.071],[-83.867,30.075],[-83.825,30.094],[-83.775,30.116],[-83.753,30.125],[-83.725,30.137],[-83.675,30.159],[-83.636,30.175],[-83.625,30.179],[-83.575,30.2],[-83.525,30.22],[-83.512,30.225],[-83.475,30.24],[-83.425,30.259],[-83.382,30.275],[-83.375,30.278],[-83.325,30.296],[-83.275,30.314],[-83.243,30.325],[-83.225,30.331],[-83.175,30.348],[-83.125,30.365],[-83.093,30.375],[-83.075,30.381],[-83.025,30.397],[-82.975,30.412],[-82.931,30.425],[-82.925,30.427],[-82.875,30.442],[-82.825,30.456],[-82.775,30.47],[-82.755,30.475],[-82.725,30.483],[-82.675,30.497],[-82.625,30.51],[-82.575,30.522],[-82.564,30.525],[-82.525,30.535],[-82.475,30.547],[-82.425,30.56],[-82.375,30.572],[-82.362,30.575],[-82.325,30.584],[-82.275,30.596],[-82.225,30.608],[-82.175,30.62],[-82.157,30.625],[-82.125,30.633],[-82.075,30.645],[-82.025,30.658],[-81.975,30.671],[-81.961,30.675],[-81.925,30.684],[-81.875,30.698],[-81.825,30.712],[-81.776,30.725],[-81.775,30.725],[-81.725,30.739],[-81.675,30.753],[-81.625,30.767],[-81.598,30.775],[-81.575,30.782],[-81.525,30.796],[-81.496,30.804]],[[-94.375,30.139],[-94.325,30.125],[-94.325,30.125],[-94.275,30.111],[-94.225,30.098],[-94.175,30.085],[-94.134,30.075],[-94.127,30.073]],[[-94.754,30.254],[-94.725,30.246],[-94.675,30.231]]]}},{"type":"Feature","properties":{"date":"2011-03-15","label":"15 Mar","yday":74,"tier":"day","major":false},"geometry":{"type":"MultiLineString","coordinates":[[[-85.168,29.675],[-85.125,29.691],[-85.1,29.7]],[[-85.035,29.725],[-85.025,29.729],[-85.018,29.732]],[[-84.854,29.804],[-84.825,29.816],[-84.806,29.825],[-84.775,29.839],[-84.725,29.862],[-84.697,29.875],[-84.675,29.886],[-84.625,29.909],[-84.591,29.925],[-84.575,29.932],[-84.525,29.956],[-84.484,29.975],[-84.475,29.979],[-84.467,29.983]],[[-84.41,30.01],[-84.378,30.025],[-84.375,30.026],[-84.373,30.027]],[[-84.205,30.105],[-84.175,30.119],[-84.162,30.125],[-84.125,30.142],[-84.075,30.165],[-84.053,30.175],[-84.025,30.188],[-83.975,30.21],[-83.941,30.225],[-83.925,30.232],[-83.875,30.254],[-83.826,30.275],[-83.825,30.276],[-83.775,30.297],[-83.725,30.317],[-83.706,30.325],[-83.675,30.338],[-83.625,30.358],[-83.58,30.375],[-83.575,30.377],[-83.525,30.396],[-83.475,30.414],[-83.445,30.425],[-83.425,30.432],[-83.375,30.45],[-83.325,30.467],[-83.3,30.475],[-83.275,30.483],[-83.225,30.5],[-83.175,30.516],[-83.144,30.525],[-83.125,30.531],[-83.075,30.546],[-83.025,30.561],[-82.976,30.575],[-82.975,30.575],[-82.925,30.59],[-82.875,30.604],[-82.825,30.617],[-82.795,30.625],[-82.775,30.63],[-82.725,30.643],[-82.675,30.656],[-82.625,30.669],[-82.599,30.675],[-82.575,30.681],[-82.525,30.693],[-82.475,30.705],[-82.425,30.717],[-82.392,30.725],[-82.375,30.729],[-82.325,30.741],[-82.275,30.753],[-82.225,30.765],[-82.182,30.775],[-82.175,30.777],[-82.125,30.789],[-82.075,30.801],[-82.025,30.814],[-81.98,30.825],[-81.975,30.826],[-81.925,30.839],[-81.875,30.852],[-81.825,30.865],[-81.789,30.875],[-81.775,30.879],[-81.725,30.892],[-81.675,30.906],[-81.625,30.919],[-81.604,30.925],[-81.575,30.933],[-81.525,30.947]],[[-93.563,30.263],[-93.525,30.262],[-93.475,30.262],[-93.425,30.262],[-93.375,30.263],[-93.325,30.264],[-93.275,30.266],[-93.225,30.269],[-93.175,30.272],[-93.148,30.275],[-93.125,30.277],[-93.075,30.284],[-93.025,30.291],[-92.975,30.3],[-92.925,30.309],[-92.883,30.317]],[[-92.844,30.325],[-92.825,30.329],[-92.775,30.34],[-92.725,30.351],[-92.675,30.362],[-92.625,30.373],[-92.617,30.375],[-92.575,30.385],[-92.525,30.396],[-92.498,30.402]],[[-94.475,30.443],[-94.425,30.429],[-94.411,30.425],[-94.375,30.415],[-94.325,30.401],[-94.275,30.387],[-94.231,30.375],[-94.225,30.373],[-94.175,30.36],[-94.125,30.347],[-94.075,30.335],[-94.034,30.325],[-94.025,30.323],[-93.975,30.312],[-93.925,30.302],[-93.875,30.293],[-93.86,30.29]],[[-90.933,30.483],[-90.925,30.482],[-90.875,30.476],[-90.867,30.475],[-90.825,30.469],[-90.775,30.462],[-90.725,30.455],[-90.675,30.447],[-90.625,30.438],[-90.575,30.429],[-90.555,30.425],[-90.525,30.419],[-90.489,30.411]]]}},{"type":"Feature","properties":{"date":"2011-03-16","label":"16 Mar","yday":75,"tier":"index","major":true},"geometry":{"type":"MultiLineString","coordinates":[[[-85.284,29.834],[-85.275,29.838],[-85.225,29.856],[-85.175,29.875],[-85.175,29.875],[-85.125,29.895],[-85.075,29.916],[-85.053,29.925],[-85.025,29.937],[-84.975,29.959],[-84.939,29.975],[-84.925,29.981],[-84.875,30.004],[-84.828,30.025],[-84.825,30.027],[-84.775,30.05],[-84.725,30.072],[-84.719,30.075],[-84.675,30.095],[-84.625,30.118],[-84.61,30.125],[-84.575,30.141],[-84.525,30.163],[-84.499,30.175],[-84.475,30.186],[-84.425,30.208],[-84.388,30.225],[-84.375,30.231],[-84.325,30.253],[-84.276,30.275],[-84.275,30.275],[-84.225,30.298],[-84.175,30.32],[-84.164,30.325],[-84.125,30.342],[-84.075,30.365],[-84.051,30.375],[-84.025,30.386],[-83.975,30.408],[-83.934,30.425],[-83.925,30.429],[-83.875,30.45],[-83.825,30.47],[-83.813,30.475],[-83.775,30.49],[-83.725,30.51],[-83.684,30.525],[-83.675,30.528],[-83.625,30.547],[-83.575,30.565],[-83.546,30.575],[-83.525,30.582],[-83.475,30.599],[-83.425,30.616],[-83.396,30.625],[-83.375,30.632],[-83.325,30.648],[-83.275,30.663],[-83.235,30.675],[-83.225,30.678],[-83.175,30.693],[-83.125,30.707],[-83.075,30.721],[-83.062,30.725],[-83.025,30.735],[-82.975,30.749],[-82.925,30.763],[-82.878,30.775],[-82.875,30.776],[-82.825,30.789],[-82.775,30.802],[-82.725,30.814],[-82.68,30.825],[-82.675,30.826],[-82.625,30.838],[-82.575,30.85],[-82.525,30.862],[-82.475,30.873],[-82.466,30.875],[-82.425,30.884],[-82.375,30.896],[-82.325,30.907],[-82.275,30.919],[-82.247,30.925],[-82.225,30.93],[-82.175,30.942],[-82.125,30.953],[-82.075,30.965],[-82.033,30.975],[-82.025,30.977],[-81.975,30.989],[-81.925,31.002],[-81.875,31.014],[-81.831,31.025],[-81.825,31.027],[-81.775,31.039],[-81.725,31.052],[-81.675,31.065],[-81.638,31.075],[-81.625,31.078],[-81.575,31.092],[-81.525,31.105],[-81.509,31.109]],[[-92.291,30.675],[-92.275,30.678],[-92.225,30.685],[-92.175,30.692],[-92.156,30.694]],[[-91.216,30.716],[-91.175,30.713],[-91.125,30.708],[-91.075,30.703],[-91.025,30.697],[-90.975,30.691],[-90.925,30.685],[-90.875,30.678],[-90.858,30.675],[-90.825,30.67],[-90.775,30.662],[-90.725,30.654],[-90.675,30.645],[-90.625,30.636],[-90.575,30.626],[-90.569,30.625],[-90.525,30.616],[-90.475,30.605],[-90.425,30.594],[-90.375,30.582],[-90.348,30.575],[-90.325,30.569],[-90.275,30.556],[-90.225,30.542],[-90.175,30.527],[-90.17,30.525],[-90.125,30.511],[-90.075,30.495],[-90.025,30.478],[-90.018,30.475],[-89.975,30.46],[-89.925,30.441],[-89.882,30.425],[-89.875,30.422],[-89.825,30.403],[-89.775,30.383],[-89.756,30.375],[-89.725,30.363],[-89.675,30.342],[-89.634,30.325],[-89.625,30.321],[-89.575,30.3],[-89.525,30.279],[-89.516,30.275],[-89.475,30.258],[-89.425,30.236]],[[-94.82,30.82],[-94.775,30.809],[-94.725,30.797],[-94.675,30.785],[-94.636,30.775],[-94.625,30.772],[-94.575,30.76],[-94.525,30.748],[-94.475,30.736],[-94.432,30.725],[-94.425,30.723],[-94.375,30.711],[-94.325,30.698],[-94.275,30.686],[-94.234,30.675],[-94.225,30.673],[-94.175,30.66],[-94.125,30.647],[-94.075,30.634],[-94.042,30.625],[-94.025,30.621],[-93.975,30.608],[-93.925,30.595],[-93.875,30.584],[-93.837,30.575],[-93.825,30.572],[-93.775,30.562],[-93.725,30.553],[-93.675,30.544],[-93.625,30.537],[-93.575,30.531],[-93.525,30.526],[-93.515,30.525],[-93.475,30.522],[-93.425,30.519],[-93.375,30.518],[-93.325,30.518],[-93.275,30.519],[-93.225,30.521],[-93.175,30.524],[-93.169,30.525],[-93.125,30.529],[-93.075,30.535],[-93.025,30.541],[-92.975,30.549],[-92.925,30.557],[-92.875,30.566],[-92.827,30.575],[-92.825,30.575],[-92.775,30.585],[-92.725,30.595],[-92.675,30.605],[-92.625,30.615],[-92.575,30.625],[-92.573,30.625],[-92.525,30.634],[-92.475,30.643],[-92.425,30.653],[-92.392,30.658]],[[-95.154,30.904],[-95.125,30.896],[-95.075,30.884],[-95.042,30.875],[-95.025,30.871],[-94.975,30.858],[-94.925,30.846],[-94.908,30.842]]]}},{"type":"Feature","properties":{"date":"2011-03-17","label":"17 Mar","yday":76,"tier":"day","major":false},"geometry":{"type":"MultiLineString","coordinates":[[[-85.444,30.006],[-85.425,30.013],[-85.392,30.025],[-85.375,30.032],[-85.325,30.051],[-85.275,30.071],[-85.265,30.075],[-85.225,30.092],[-85.175,30.113],[-85.147,30.125],[-85.125,30.135],[-85.075,30.157],[-85.033,30.175],[-85.025,30.179],[-84.975,30.201],[-84.925,30.223],[-84.92,30.225],[-84.875,30.245],[-84.825,30.267],[-84.806,30.275],[-84.775,30.288],[-84.725,30.31],[-84.689,30.325],[-84.675,30.331],[-84.625,30.352],[-84.575,30.372],[-84.569,30.375],[-84.525,30.393],[-84.475,30.414],[-84.448,30.425],[-84.425,30.435],[-84.375,30.455],[-84.328,30.475],[-84.325,30.476],[-84.275,30.498],[-84.225,30.519],[-84.21,30.525],[-84.175,30.54],[-84.125,30.561],[-84.091,30.575],[-84.075,30.581],[-84.025,30.602],[-83.975,30.622],[-83.967,30.625],[-83.925,30.642],[-83.875,30.661],[-83.837,30.675],[-83.825,30.679],[-83.775,30.698],[-83.725,30.715],[-83.696,30.725],[-83.675,30.732],[-83.625,30.749],[-83.575,30.765],[-83.543,30.775],[-83.525,30.781],[-83.475,30.796],[-83.425,30.811],[-83.377,30.825],[-83.375,30.825],[-83.325,30.84],[-83.275,30.854],[-83.225,30.868],[-83.198,30.875],[-83.175,30.881],[-83.125,30.895],[-83.075,30.909],[-83.025,30.922],[-83.014,30.925],[-82.975,30.935],[-82.925,30.948],[-82.875,30.961],[-82.825,30.973],[-82.818,30.975],[-82.775,30.985],[-82.725,30.997],[-82.675,31.008],[-82.625,31.019],[-82.6,31.025],[-82.575,31.03],[-82.525,31.041],[-82.475,31.052],[-82.425,31.062],[-82.375,31.073],[-82.364,31.075],[-82.325,31.083],[-82.275,31.094],[-82.225,31.105],[-82.175,31.116],[-82.132,31.125],[-82.125,31.127],[-82.075,31.138],[-82.025,31.149],[-81.975,31.161],[-81.925,31.172],[-81.913,31.175],[-81.875,31.184],[-81.825,31.196],[-81.775,31.209],[-81.725,31.221],[-81.709,31.225],[-81.675,31.234],[-81.625,31.247],[-81.575,31.26],[-81.525,31.273],[-81.516,31.275],[-81.475,31.286],[-81.425,31.3],[-81.405,31.305]],[[-91.325,30.934],[-91.275,30.93],[-91.225,30.926],[-91.216,30.925],[-91.175,30.921],[-91.125,30.915],[-91.075,30.909],[-91.025,30.903],[-90.975,30.896],[-90.925,30.888],[-90.875,30.88],[-90.842,30.875],[-90.825,30.872],[-90.775,30.863],[-90.725,30.854],[-90.675,30.845],[-90.625,30.835],[-90.575,30.825],[-90.575,30.825],[-90.525,30.815],[-90.475,30.804],[-90.425,30.792],[-90.375,30.781],[-90.352,30.775],[-90.325,30.768],[-90.275,30.756],[-90.225,30.742],[-90.175,30.728],[-90.164,30.725],[-90.125,30.714],[-90.075,30.699],[-90.025,30.683],[-90.0,30.675],[-89.975,30.667],[-89.925,30.65],[-89.875,30.632],[-89.854,30.625],[-89.825,30.614],[-89.775,30.596],[-89.725,30.577],[-89.72,30.575],[-89.675,30.558],[-89.625,30.538],[-89.593,30.525],[-89.575,30.518],[-89.525,30.498],[-89.475,30.477],[-89.47,30.475],[-89.425,30.456],[-89.375,30.435],[-89.35,30.425],[-89.325,30.414],[-89.275,30.394],[-89.231,30.375],[-89.225,30.373],[-89.191,30.359]],[[-94.747,31.103],[-94.725,31.097],[-94.675,31.085],[-94.63,31.075],[-94.625,31.074],[-94.575,31.062],[-94.525,31.051],[-94.475,31.04],[-94.425,31.029],[-94.409,31.025],[-94.375,31.017],[-94.325,31.006],[-94.275,30.995],[-94.225,30.983],[-94.189,30.975],[-94.175,30.972],[-94.125,30.96],[-94.075,30.948],[-94.025,30.935],[-93.987,30.925],[-93.975,30.922],[-93.925,30.908],[-93.875,30.893],[-93.825,30.879],[-93.809,30.875],[-93.775,30.866],[-93.725,30.853],[-93.675,30.84],[-93.625,30.829],[-93.608,30.825],[-93.575,30.818],[-93.525,30.809],[-93.475,30.801],[-93.425,30.795],[-93.375,30.79],[-93.325,30.787],[-93.275,30.787],[-93.225,30.788],[-93.175,30.79],[-93.125,30.794],[-93.075,30.799],[-93.025,30.804],[-92.975,30.811],[-92.925,30.817],[-92.875,30.825],[-92.872,30.825],[-92.825,30.832],[-92.775,30.84],[-92.725,30.848],[-92.675,30.855],[-92.625,30.863],[-92.575,30.87],[-92.543,30.875],[-92.525,30.878],[-92.475,30.885],[-92.425,30.892],[-92.375,30.898],[-92.325,30.905],[-92.275,30.911],[-92.225,30.916],[-92.175,30.922],[-92.139,30.925],[-92.126,30.926]]]}},{"type":"Feature","properties":{"date":"2011-03-18","label":"18 Mar","yday":77,"tier":"day","major":false},"geometry":{"type":"MultiLineString","coordinates":[[[-85.637,30.213],[-85.625,30.217],[-85.603,30.225],[-85.575,30.236],[-85.525,30.255],[-85.476,30.275],[-85.475,30.275],[-85.425,30.297],[-85.375,30.318],[-85.359,30.325],[-85.325,30.34],[-85.275,30.362],[-85.244,30.375],[-85.225,30.383],[-85.175,30.405],[-85.128,30.425],[-85.125,30.426],[-85.075,30.447],[-85.025,30.467],[-85.005,30.475],[-84.975,30.487],[-84.925,30.506],[-84.875,30.524],[-84.872,30.525],[-84.825,30.542],[-84.775,30.56],[-84.731,30.575],[-84.725,30.577],[-84.675,30.595],[-84.625,30.612],[-84.588,30.625],[-84.575,30.63],[-84.525,30.648],[-84.475,30.666],[-84.449,30.675],[-84.425,30.684],[-84.375,30.702],[-84.325,30.721],[-84.315,30.725],[-84.275,30.74],[-84.225,30.759],[-84.182,30.775],[-84.175,30.778],[-84.125,30.796],[-84.075,30.815],[-84.048,30.825],[-84.025,30.833],[-83.975,30.851],[-83.925,30.869],[-83.907,30.875],[-83.875,30.886],[-83.825,30.902],[-83.775,30.918],[-83.752,30.925],[-83.725,30.933],[-83.675,30.948],[-83.625,30.963],[-83.582,30.975],[-83.575,30.977],[-83.525,30.991],[-83.475,31.005],[-83.425,31.019],[-83.401,31.025],[-83.375,31.032],[-83.325,31.045],[-83.275,31.058],[-83.225,31.072],[-83.212,31.075],[-83.175,31.085],[-83.125,31.098],[-83.075,31.111],[-83.025,31.124],[-83.02,31.125],[-82.975,31.136],[-82.925,31.149],[-82.875,31.16],[-82.825,31.172],[-82.81,31.175],[-82.775,31.183],[-82.725,31.193],[-82.675,31.204],[-82.625,31.214],[-82.575,31.223],[-82.566,31.225],[-82.525,31.233],[-82.475,31.242],[-82.425,31.252],[-82.375,31.261],[-82.325,31.271],[-82.303,31.275],[-82.275,31.281],[-82.225,31.291],[-82.175,31.301],[-82.125,31.311],[-82.075,31.321],[-82.056,31.325],[-82.025,31.332],[-81.975,31.342],[-81.925,31.353],[-81.875,31.365],[-81.83,31.375],[-81.825,31.376],[-81.775,31.388],[-81.725,31.401],[-81.675,31.414],[-81.632,31.425],[-81.625,31.427],[-81.575,31.44],[-81.525,31.454],[-81.475,31.467],[-81.445,31.475],[-81.425,31.48],[-81.375,31.494],[-81.325,31.507],[-81.275,31.52],[-81.256,31.525],[-81.225,31.533],[-81.175,31.545]],[[-91.375,31.155],[-91.325,31.151],[-91.275,31.146],[-91.225,31.14],[-91.175,31.135],[-91.125,31.128],[-91.102,31.125],[-91.075,31.121],[-91.025,31.114],[-90.975,31.106],[-90.925,31.098],[-90.875,31.089],[-90.825,31.08],[-90.797,31.075],[-90.775,31.071],[-90.725,31.061],[-90.675,31.051],[-90.625,31.04],[-90.575,31.03],[-90.553,31.025],[-90.525,31.019],[-90.475,31.008],[-90.425,30.997],[-90.375,30.986],[-90.329,30.975],[-90.325,30.974],[-90.275,30.962],[-90.225,30.95],[-90.175,30.937],[-90.129,30.925],[-90.125,30.924],[-90.075,30.91],[-90.025,30.896],[-89.975,30.882],[-89.953,30.875],[-89.925,30.867],[-89.875,30.851],[-89.825,30.835],[-89.795,30.825],[-89.775,30.818],[-89.725,30.802],[-89.675,30.784],[-89.649,30.775],[-89.625,30.767],[-89.575,30.749],[-89.525,30.73],[-89.511,30.725],[-89.475,30.712],[-89.425,30.693],[-89.378,30.675],[-89.375,30.674],[-89.325,30.655],[-89.275,30.635],[-89.248,30.625],[-89.225,30.616],[-89.175,30.597],[-89.125,30.578],[-89.117,30.575],[-89.075,30.559],[-89.025,30.541],[-88.978,30.525],[-88.975,30.524],[-88.925,30.507],[-88.875,30.492],[-88.825,30.476],[-88.82,30.475],[-88.775,30.462],[-88.725,30.449],[-88.675,30.436],[-88.63,30.425],[-88.625,30.424],[-88.575,30.412],[-88.525,30.401],[-88.475,30.391],[-88.425,30.382],[-88.419,30.381]],[[-94.475,31.349],[-94.425,31.338],[-94.375,31.327],[-94.368,31.325],[-94.325,31.315],[-94.275,31.303],[-94.225,31.292],[-94.175,31.28],[-94.155,31.275],[-94.125,31.268],[-94.075,31.256],[-94.025,31.243],[-93.975,31.231],[-93.953,31.225],[-93.925,31.218],[-93.875,31.205],[-93.825,31.192],[-93.775,31.179],[-93.758,31.175],[-93.725,31.167],[-93.675,31.154],[-93.625,31.143],[-93.575,31.132],[-93.543,31.125],[-93.525,31.121],[-93.475,31.112],[-93.425,31.104],[-93.375,31.097],[-93.325,31.092],[-93.275,31.088],[-93.225,31.085],[-93.175,31.084],[-93.125,31.084],[-93.075,31.085],[-93.025,31.087],[-92.975,31.089],[-92.925,31.093],[-92.875,31.096],[-92.825,31.1],[-92.775,31.105],[-92.725,31.109],[-92.675,31.114],[-92.665,31.115]]]}},{"type":"Feature","properties":{"date":"2011-03-19","label":"19 Mar","yday":78,"tier":"day","major":false},"geometry":{"type":"MultiLineString","coordinates":[[[-86.25,30.4],[-86.225,30.404],[-86.207,30.407]],[[-86.083,30.433],[-86.075,30.435],[-86.025,30.448],[-85.975,30.462],[-85.93,30.475],[-85.925,30.477],[-85.875,30.493],[-85.825,30.51],[-85.783,30.525],[-85.775,30.528],[-85.725,30.547],[-85.675,30.566],[-85.652,30.575],[-85.625,30.586],[-85.575,30.606],[-85.527,30.625],[-85.525,30.626],[-85.475,30.646],[-85.425,30.666],[-85.402,30.675],[-85.375,30.685],[-85.325,30.705],[-85.275,30.723],[-85.269,30.725],[-85.225,30.74],[-85.175,30.756],[-85.125,30.771],[-85.109,30.775],[-85.075,30.784],[-85.025,30.795],[-84.975,30.807],[-84.925,30.818],[-84.892,30.825],[-84.875,30.829],[-84.825,30.84],[-84.775,30.851],[-84.725,30.863],[-84.675,30.875],[-84.674,30.875],[-84.625,30.887],[-84.575,30.901],[-84.525,30.916],[-84.494,30.925],[-84.475,30.931],[-84.425,30.947],[-84.375,30.962],[-84.336,30.975],[-84.325,30.978],[-84.275,30.994],[-84.225,31.01],[-84.179,31.025],[-84.175,31.026],[-84.125,31.042],[-84.075,31.058],[-84.025,31.073],[-84.018,31.075],[-83.975,31.088],[-83.925,31.103],[-83.875,31.117],[-83.847,31.125],[-83.825,31.131],[-83.775,31.145],[-83.725,31.158],[-83.675,31.172],[-83.663,31.175],[-83.625,31.185],[-83.575,31.198],[-83.525,31.211],[-83.475,31.224],[-83.47,31.225],[-83.425,31.237],[-83.375,31.249],[-83.325,31.262],[-83.275,31.275],[-83.274,31.275],[-83.225,31.287],[-83.175,31.3],[-83.125,31.313],[-83.075,31.325],[-83.074,31.325],[-83.025,31.337],[-82.975,31.349],[-82.925,31.36],[-82.875,31.371],[-82.858,31.375],[-82.825,31.382],[-82.775,31.392],[-82.725,31.401],[-82.675,31.41],[-82.625,31.419],[-82.59,31.425],[-82.575,31.428],[-82.525,31.436],[-82.475,31.445],[-82.425,31.453],[-82.375,31.462],[-82.325,31.471],[-82.303,31.475],[-82.275,31.48],[-82.225,31.489],[-82.175,31.498],[-82.125,31.508],[-82.075,31.517],[-82.034,31.525],[-82.025,31.527],[-81.975,31.537],[-81.925,31.547],[-81.875,31.558],[-81.825,31.57],[-81.805,31.575],[-81.775,31.583],[-81.725,31.595],[-81.675,31.608],[-81.625,31.621],[-81.611,31.625],[-81.575,31.635],[-81.525,31.648],[-81.475,31.661],[-81.425,31.674],[-81.421,31.675],[-81.375,31.687],[-81.325,31.699],[-81.275,31.712],[-81.225,31.723]],[[-87.925,30.661],[-87.875,30.661],[-87.825,30.663],[-87.775,30.665],[-87.725,30.668],[-87.675,30.672],[-87.649,30.675],[-87.625,30.677],[-87.575,30.683],[-87.525,30.69],[-87.475,30.697],[-87.425,30.704],[-87.375,30.711],[-87.325,30.718],[-87.275,30.724],[-87.27,30.725],[-87.225,30.729],[-87.175,30.732],[-87.125,30.733],[-87.075,30.73],[-87.044,30.725],[-87.025,30.721],[-86.975,30.698],[-86.937,30.675],[-86.925,30.666],[-86.876,30.625],[-86.875,30.624],[-86.825,30.576],[-86.824,30.575],[-86.775,30.53],[-86.77,30.525],[-86.725,30.489],[-86.706,30.475],[-86.675,30.456],[-86.625,30.43],[-86.621,30.429]],[[-91.326,31.374],[-91.325,31.374],[-91.275,31.368],[-91.225,31.363],[-91.175,31.356],[-91.125,31.35],[-91.075,31.342],[-91.025,31.335],[-90.975,31.326],[-90.967,31.325],[-90.925,31.318],[-90.875,31.309],[-90.825,31.299],[-90.775,31.29],[-90.725,31.279],[-90.705,31.275],[-90.675,31.269],[-90.625,31.258],[-90.575,31.247],[-90.525,31.235],[-90.479,31.225],[-90.475,31.224],[-90.425,31.213],[-90.375,31.202],[-90.325,31.191],[-90.275,31.18],[-90.253,31.175],[-90.225,31.169],[-90.175,31.157],[-90.125,31.145],[-90.075,31.133],[-90.045,31.125],[-90.025,31.12],[-89.975,31.107],[-89.925,31.094],[-89.875,31.08],[-89.857,31.075],[-89.825,31.066],[-89.775,31.052],[-89.725,31.037],[-89.685,31.025],[-89.675,31.022],[-89.625,31.007],[-89.575,30.992],[-89.525,30.976],[-89.522,30.975],[-89.475,30.96],[-89.425,30.945],[-89.375,30.929],[-89.364,30.925],[-89.325,30.913],[-89.275,30.897],[-89.225,30.881],[-89.206,30.875],[-89.175,30.865],[-89.125,30.85],[-89.075,30.834],[-89.043,30.825],[-89.025,30.82],[-88.975,30.805],[-88.925,30.791],[-88.875,30.778],[-88.862,30.775],[-88.825,30.766],[-88.775,30.754],[-88.725,30.743],[-88.675,30.733],[-88.635,30.725],[-88.625,30.723],[-88.575,30.715],[-88.525,30.707],[-88.475,30.7],[-88.425,30.694],[-88.375,30.689],[-88.325,30.684],[-88.275,30.68],[-88.225,30.676],[-88.215,30.675],[-88.175,30.672],[-88.125,30.668],[-88.075,30.665]],[[-92.438,31.388],[-92.425,31.388],[-92.375,31.39],[-92.325,31.392],[-92.275,31.394]],[[-94.201,31.599],[-94.175,31.593],[-94.125,31.581],[-94.101,31.575],[-94.075,31.569],[-94.025,31.557],[-93.975,31.544],[-93.925,31.532],[-93.897,31.525],[-93.875,31.52],[-93.825,31.507],[-93.775,31.495],[-93.725,31.483],[-93.689,31.475],[-93.675,31.472],[-93.625,31.46],[-93.575,31.45],[-93.525,31.439],[-93.475,31.43],[-93.449,31.425],[-93.425,31.421],[-93.375,31.412],[-93.325,31.405],[-93.275,31.399],[-93.225,31.393],[-93.175,31.388],[-93.125,31.384],[-93.075,31.381],[-93.025,31.379],[-92.975,31.377],[-92.925,31.376],[-92.875,31.376],[-92.825,31.376],[-92.775,31.377],[-92.727,31.377]]]}},{"type":"Feature","properties":{"date":"2011-03-20","label":"20 Mar","yday":79,"tier":"day","major":false},"geometry":{"type":"MultiLineString","coordinates":[[[-91.225,31.592],[-91.175,31.585],[-91.125,31.578],[-91.101,31.575],[-91.075,31.571],[-91.025,31.564],[-90.975,31.556],[-90.925,31.547],[-90.875,31.539],[-90.825,31.53],[-90.8,31.525],[-90.775,31.52],[-90.725,31.511],[-90.675,31.501],[-90.625,31.49],[-90.575,31.48],[-90.551,31.475],[-90.525,31.469],[-90.475,31.459],[-90.425,31.448],[-90.375,31.437],[-90.325,31.426],[-90.322,31.425],[-90.275,31.415],[-90.225,31.403],[-90.175,31.392],[-90.125,31.381],[-90.101,31.375],[-90.075,31.369],[-90.025,31.357],[-89.975,31.345],[-89.925,31.333],[-89.892,31.325],[-89.875,31.321],[-89.825,31.308],[-89.775,31.296],[-89.725,31.283],[-89.694,31.275],[-89.675,31.27],[-89.625,31.257],[-89.575,31.244],[-89.525,31.231],[-89.501,31.225],[-89.475,31.218],[-89.425,31.206],[-89.375,31.193],[-89.325,31.18],[-89.303,31.175],[-89.275,31.168],[-89.225,31.156],[-89.175,31.144],[-89.125,31.132],[-89.093,31.125],[-89.075,31.121],[-89.025,31.11],[-88.975,31.1],[-88.925,31.09],[-88.875,31.08],[-88.845,31.075],[-88.825,31.072],[-88.775,31.063],[-88.725,31.056],[-88.675,31.049],[-88.625,31.043],[-88.575,31.038],[-88.525,31.033],[-88.475,31.03],[-88.425,31.027],[-88.392,31.025],[-88.375,31.024],[-88.325,31.022],[-88.275,31.021],[-88.225,31.021],[-88.175,31.021],[-88.125,31.021],[-88.075,31.023],[-88.025,31.025],[-88.016,31.025],[-87.975,31.027],[-87.925,31.03],[-87.875,31.034],[-87.825,31.038],[-87.775,31.042],[-87.725,31.047],[-87.675,31.052],[-87.625,31.057],[-87.575,31.063],[-87.525,31.068],[-87.475,31.073],[-87.454,31.075],[-87.425,31.078],[-87.375,31.082],[-87.325,31.086],[-87.275,31.089],[-87.225,31.091],[-87.175,31.092],[-87.125,31.093],[-87.075,31.092],[-87.025,31.091],[-86.975,31.088],[-86.925,31.085],[-86.875,31.08],[-86.828,31.075],[-86.825,31.075],[-86.775,31.068],[-86.725,31.06],[-86.675,31.052],[-86.625,31.043],[-86.575,31.034],[-86.526,31.025],[-86.525,31.025],[-86.475,31.016],[-86.425,31.007],[-86.375,30.999],[-86.325,30.992],[-86.275,30.984],[-86.225,30.978],[-86.2,30.975],[-86.175,30.972],[-86.125,30.968],[-86.075,30.965],[-86.025,30.964],[-85.975,30.965],[-85.925,30.967],[-85.875,30.97],[-85.827,30.975],[-85.825,30.975],[-85.775,30.981],[-85.725,30.988],[-85.675,30.995],[-85.625,31.004],[-85.575,31.013],[-85.525,31.022],[-85.51,31.025],[-85.475,31.032],[-85.425,31.041],[-85.375,31.051],[-85.325,31.06],[-85.275,31.069],[-85.242,31.075],[-85.225,31.078],[-85.175,31.086],[-85.125,31.094],[-85.075,31.101],[-85.025,31.108],[-84.975,31.115],[-84.925,31.122],[-84.907,31.125],[-84.875,31.13],[-84.825,31.137],[-84.775,31.145],[-84.725,31.154],[-84.675,31.163],[-84.625,31.172],[-84.613,31.175],[-84.575,31.183],[-84.525,31.194],[-84.475,31.205],[-84.425,31.217],[-84.39,31.225],[-84.375,31.228],[-84.325,31.24],[-84.275,31.252],[-84.225,31.265],[-84.183,31.275],[-84.175,31.277],[-84.125,31.289],[-84.075,31.301],[-84.025,31.313],[-83.976,31.325],[-83.975,31.325],[-83.925,31.337],[-83.875,31.349],[-83.825,31.361],[-83.775,31.373],[-83.766,31.375],[-83.725,31.385],[-83.675,31.396],[-83.625,31.408],[-83.575,31.42],[-83.554,31.425],[-83.525,31.432],[-83.475,31.444],[-83.425,31.455],[-83.375,31.467],[-83.343,31.475],[-83.325,31.479],[-83.275,31.491],[-83.225,31.503],[-83.175,31.515],[-83.132,31.525],[-83.125,31.527],[-83.075,31.538],[-83.025,31.55],[-82.975,31.561],[-82.925,31.572],[-82.908,31.575],[-82.875,31.582],[-82.825,31.592],[-82.775,31.601],[-82.725,31.61],[-82.675,31.619],[-82.642,31.625],[-82.625,31.628],[-82.575,31.637],[-82.525,31.646],[-82.475,31.654],[-82.425,31.663],[-82.375,31.672],[-82.36,31.675],[-82.325,31.681],[-82.275,31.69],[-82.225,31.7],[-82.175,31.709],[-82.125,31.718],[-82.091,31.725],[-82.075,31.728],[-82.025,31.738],[-81.975,31.748],[-81.925,31.759],[-81.875,31.77],[-81.854,31.775],[-81.825,31.782],[-81.775,31.793],[-81.725,31.805],[-81.675,31.817],[-81.643,31.825],[-81.625,31.829],[-81.575,31.842],[-81.525,31.854],[-81.475,31.866],[-81.437,31.875],[-81.425,31.878],[-81.375,31.89],[-81.325,31.901],[-81.275,31.912],[-81.225,31.923],[-81.214,31.925],[-81.175,31.933],[-81.125,31.943],[-81.075,31.952],[-81.025,31.961],[-80.975,31.969],[-80.932,31.975],[-80.925,31.976],[-80.882,31.982]],[[-92.693,31.643],[-92.675,31.643],[-92.625,31.642],[-92.575,31.641],[-92.525,31.64],[-92.475,31.64],[-92.425,31.64],[-92.375,31.64],[-92.325,31.641],[-92.275,31.641],[-92.225,31.641],[-92.175,31.641],[-92.125,31.641],[-92.075,31.641],[-92.025,31.641],[-91.975,31.64],[-91.96,31.64]]]}},{"type":"Feature","properties":{"date":"2011-03-21","label":"21 Mar","yday":80,"tier":"five","major":false},"geometry":{"type":"MultiLineString","coordinates":[[[-91.094,31.806],[-91.075,31.804],[-91.025,31.797],[-90.975,31.789],[-90.925,31.781],[-90.884,31.775],[-90.875,31.774],[-90.825,31.765],[-90.775,31.757],[-90.725,31.748],[-90.675,31.739],[-90.625,31.73],[-90.6,31.725],[-90.575,31.72],[-90.525,31.71],[-90.475,31.701],[-90.425,31.691],[-90.375,31.68],[-90.349,31.675],[-90.325,31.67],[-90.275,31.66],[-90.225,31.649],[-90.175,31.638],[-90.125,31.627],[-90.114,31.625],[-90.075,31.616],[-90.025,31.605],[-89.975,31.594],[-89.925,31.583],[-89.89,31.575],[-89.875,31.572],[-89.825,31.56],[-89.775,31.549],[-89.725,31.537],[-89.675,31.526],[-89.671,31.525],[-89.625,31.514],[-89.575,31.503],[-89.525,31.492],[-89.475,31.481],[-89.448,31.475],[-89.425,31.47],[-89.375,31.459],[-89.325,31.449],[-89.275,31.44],[-89.225,31.431],[-89.193,31.425],[-89.175,31.422],[-89.125,31.413],[-89.075,31.405],[-89.025,31.398],[-88.975,31.391],[-88.925,31.384],[-88.875,31.378],[-88.852,31.375],[-88.825,31.372],[-88.775,31.367],[-88.725,31.362],[-88.675,31.358],[-88.625,31.354],[-88.575,31.351],[-88.525,31.349],[-88.475,31.347],[-88.425,31.346],[-88.375,31.345],[-88.325,31.345],[-88.275,31.345],[-88.225,31.345],[-88.175,31.347],[-88.125,31.348],[-88.075,31.35],[-88.025,31.352],[-87.975,31.354],[-87.925,31.357],[-87.875,31.36],[-87.825,31.363],[-87.775,31.366],[-87.725,31.369],[-87.675,31.372],[-87.631,31.375],[-87.625,31.375],[-87.575,31.378],[-87.525,31.381],[-87.475,31.383],[-87.425,31.386],[-87.375,31.387],[-87.325,31.389],[-87.275,31.39],[-87.225,31.391],[-87.175,31.392],[-87.125,31.392],[-87.075,31.393],[-87.025,31.394],[-86.975,31.395],[-86.925,31.397],[-86.875,31.398],[-86.825,31.399],[-86.775,31.4],[-86.725,31.401],[-86.675,31.401],[-86.625,31.4],[-86.575,31.4],[-86.525,31.399],[-86.475,31.397],[-86.425,31.394],[-86.375,31.391],[-86.325,31.387],[-86.275,31.383],[-86.225,31.377],[-86.201,31.375],[-86.175,31.372],[-86.125,31.367],[-86.075,31.362],[-86.025,31.357],[-85.975,31.353],[-85.925,31.35],[-85.875,31.347],[-85.825,31.345],[-85.775,31.345],[-85.725,31.345],[-85.675,31.346],[-85.625,31.348],[-85.575,31.351],[-85.525,31.354],[-85.475,31.358],[-85.425,31.363],[-85.375,31.367],[-85.325,31.372],[-85.293,31.375],[-85.275,31.377],[-85.225,31.381],[-85.175,31.386],[-85.125,31.391],[-85.075,31.396],[-85.025,31.401],[-84.975,31.406],[-84.925,31.411],[-84.875,31.416],[-84.825,31.422],[-84.796,31.425],[-84.775,31.427],[-84.725,31.433],[-84.675,31.439],[-84.625,31.446],[-84.575,31.453],[-84.525,31.46],[-84.475,31.467],[-84.425,31.475],[-84.424,31.475],[-84.375,31.483],[-84.325,31.491],[-84.275,31.499],[-84.225,31.508],[-84.175,31.517],[-84.129,31.525],[-84.125,31.526],[-84.075,31.535],[-84.025,31.544],[-83.975,31.553],[-83.925,31.563],[-83.875,31.573],[-83.863,31.575],[-83.825,31.582],[-83.775,31.592],[-83.725,31.602],[-83.675,31.613],[-83.625,31.623],[-83.615,31.625],[-83.575,31.633],[-83.525,31.644],[-83.475,31.655],[-83.425,31.665],[-83.381,31.675],[-83.375,31.676],[-83.325,31.687],[-83.275,31.698],[-83.225,31.709],[-83.175,31.72],[-83.152,31.725],[-83.125,31.731],[-83.075,31.742],[-83.025,31.752],[-82.975,31.763],[-82.925,31.773],[-82.917,31.775],[-82.875,31.784],[-82.825,31.794],[-82.775,31.804],[-82.725,31.814],[-82.675,31.824],[-82.669,31.825],[-82.625,31.834],[-82.575,31.844],[-82.525,31.854],[-82.475,31.863],[-82.425,31.873],[-82.417,31.875],[-82.375,31.883],[-82.325,31.893],[-82.275,31.903],[-82.225,31.913],[-82.175,31.923],[-82.167,31.925],[-82.125,31.933],[-82.075,31.944],[-82.025,31.954],[-81.975,31.965],[-81.926,31.975],[-81.925,31.975],[-81.875,31.986],[-81.825,31.997],[-81.775,32.008],[-81.725,32.02],[-81.701,32.025],[-81.675,32.031],[-81.625,32.042],[-81.575,32.053],[-81.525,32.065],[-81.478,32.075],[-81.475,32.076],[-81.425,32.086],[-81.375,32.097],[-81.325,32.107],[-81.275,32.117],[-81.231,32.125],[-81.225,32.126],[-81.175,32.135],[-81.125,32.143],[-81.075,32.151],[-81.025,32.158],[-80.975,32.165],[-80.925,32.171],[-80.883,32.175],[-80.875,32.176],[-80.825,32.18],[-80.783,32.183]],[[-92.974,31.924],[-92.925,31.918],[-92.875,31.912],[-92.825,31.907],[-92.775,31.903],[-92.725,31.899],[-92.675,31.896],[-92.625,31.893],[-92.575,31.891],[-92.525,31.889],[-92.475,31.888],[-92.425,31.886],[-92.375,31.885],[-92.325,31.885],[-92.275,31.884],[-92.225,31.883],[-92.175,31.883],[-92.125,31.882],[-92.075,31.881],[-92.025,31.88],[-91.975,31.879],[-91.925,31.877],[-91.875,31.875]],[[-80.766,32.184],[-80.725,32.187],[-80.713,32.187]]]}},{"type":"Feature","properties":{"date":"2011-03-22","label":"22 Mar","yday":81,"tier":"day","major":false},"geometry":{"type":"MultiLineString","coordinates":[[[-90.849,32.001],[-90.825,31.998],[-90.775,31.99],[-90.725,31.982],[-90.68,31.975],[-90.675,31.974],[-90.625,31.966],[-90.575,31.958],[-90.525,31.949],[-90.475,31.941],[-90.425,31.932],[-90.387,31.925],[-90.375,31.923],[-90.325,31.914],[-90.275,31.904],[-90.225,31.895],[-90.175,31.885],[-90.125,31.875],[-90.124,31.875],[-90.075,31.865],[-90.025,31.855],[-89.975,31.845],[-89.925,31.835],[-89.878,31.825],[-89.875,31.824],[-89.825,31.814],[-89.775,31.804],[-89.725,31.794],[-89.675,31.784],[-89.632,31.775],[-89.625,31.774],[-89.575,31.764],[-89.525,31.754],[-89.475,31.745],[-89.425,31.736],[-89.375,31.727],[-89.364,31.725],[-89.325,31.718],[-89.275,31.71],[-89.225,31.703],[-89.175,31.696],[-89.125,31.689],[-89.075,31.683],[-89.025,31.677],[-89.007,31.675],[-88.975,31.672],[-88.925,31.667],[-88.875,31.662],[-88.825,31.658],[-88.775,31.655],[-88.725,31.652],[-88.675,31.649],[-88.625,31.647],[-88.575,31.645],[-88.525,31.644],[-88.475,31.643],[-88.425,31.643],[-88.375,31.643],[-88.325,31.643],[-88.275,31.644],[-88.225,31.645],[-88.175,31.646],[-88.125,31.647],[-88.075,31.649],[-88.025,31.65],[-87.975,31.652],[-87.925,31.654],[-87.875,31.656],[-87.825,31.659],[-87.775,31.661],[-87.725,31.663],[-87.675,31.665],[-87.625,31.667],[-87.575,31.669],[-87.525,31.671],[-87.475,31.673],[-87.425,31.674],[-87.406,31.675],[-87.375,31.676],[-87.325,31.677],[-87.275,31.679],[-87.225,31.68],[-87.175,31.681],[-87.125,31.682],[-87.075,31.683],[-87.025,31.684],[-86.975,31.686],[-86.925,31.687],[-86.875,31.687],[-86.825,31.688],[-86.775,31.688],[-86.725,31.688],[-86.675,31.688],[-86.625,31.687],[-86.575,31.686],[-86.525,31.684],[-86.475,31.681],[-86.425,31.678],[-86.375,31.675],[-86.375,31.675],[-86.325,31.671],[-86.275,31.667],[-86.225,31.663],[-86.175,31.658],[-86.125,31.654],[-86.075,31.65],[-86.025,31.646],[-85.975,31.643],[-85.925,31.641],[-85.875,31.639],[-85.825,31.638],[-85.775,31.637],[-85.725,31.637],[-85.675,31.637],[-85.625,31.638],[-85.575,31.639],[-85.525,31.641],[-85.475,31.643],[-85.425,31.645],[-85.375,31.647],[-85.325,31.65],[-85.275,31.653],[-85.225,31.655],[-85.175,31.658],[-85.125,31.661],[-85.075,31.664],[-85.025,31.666],[-84.975,31.669],[-84.925,31.672],[-84.875,31.675],[-84.87,31.675],[-84.825,31.678],[-84.775,31.681],[-84.725,31.684],[-84.675,31.687],[-84.625,31.691],[-84.575,31.695],[-84.525,31.699],[-84.475,31.703],[-84.425,31.708],[-84.375,31.713],[-84.325,31.718],[-84.275,31.724],[-84.267,31.725],[-84.225,31.73],[-84.175,31.736],[-84.125,31.743],[-84.075,31.749],[-84.025,31.757],[-83.975,31.764],[-83.925,31.772],[-83.906,31.775],[-83.875,31.78],[-83.825,31.788],[-83.775,31.796],[-83.725,31.805],[-83.675,31.814],[-83.625,31.823],[-83.617,31.825],[-83.575,31.833],[-83.525,31.842],[-83.475,31.852],[-83.425,31.862],[-83.375,31.872],[-83.359,31.875],[-83.325,31.882],[-83.275,31.892],[-83.225,31.902],[-83.175,31.913],[-83.125,31.923],[-83.116,31.925],[-83.075,31.933],[-83.025,31.944],[-82.975,31.954],[-82.925,31.965],[-82.878,31.975],[-82.875,31.976],[-82.825,31.986],[-82.775,31.997],[-82.725,32.008],[-82.675,32.019],[-82.646,32.025],[-82.625,32.03],[-82.575,32.041],[-82.525,32.052],[-82.475,32.063],[-82.425,32.074],[-82.421,32.075],[-82.375,32.085],[-82.325,32.096],[-82.275,32.106],[-82.225,32.117],[-82.186,32.125],[-82.175,32.127],[-82.125,32.138],[-82.075,32.148],[-82.025,32.159],[-81.975,32.17],[-81.952,32.175],[-81.925,32.181],[-81.875,32.192],[-81.825,32.203],[-81.775,32.214],[-81.727,32.225],[-81.725,32.225],[-81.675,32.236],[-81.625,32.247],[-81.575,32.258],[-81.525,32.269],[-81.495,32.275],[-81.475,32.279],[-81.425,32.289],[-81.375,32.298],[-81.325,32.307],[-81.275,32.316],[-81.225,32.324],[-81.219,32.325],[-81.175,32.332],[-81.125,32.339],[-81.075,32.345],[-81.025,32.351],[-80.975,32.357],[-80.925,32.361],[-80.875,32.366],[-80.825,32.369]],[[-93.025,32.179],[-92.999,32.175],[-92.975,32.171],[-92.925,32.163],[-92.875,32.156],[-92.825,32.149],[-92.775,32.144],[-92.725,32.139],[-92.675,32.134],[-92.625,32.131],[-92.575,32.128],[-92.525,32.125],[-92.523,32.125],[-92.475,32.123],[-92.425,32.122],[-92.375,32.12],[-92.325,32.119],[-92.275,32.119],[-92.225,32.118],[-92.175,32.117],[-92.125,32.116],[-92.075,32.115],[-92.025,32.114]],[[-80.626,32.374],[-80.625,32.374],[-80.575,32.373],[-80.525,32.371],[-80.521,32.371]]]}},{"type":"Feature","properties":{"date":"2011-03-23","label":"23 Mar","yday":82,"tier":"day","major":false},"geometry":{"type":"MultiLineString","coordinates":[[[-86.305,31.925],[-86.275,31.922],[-86.225,31.917],[-86.175,31.912],[-86.125,31.906],[-86.075,31.901],[-86.025,31.897],[-85.975,31.894],[-85.925,31.891],[-85.875,31.889],[-85.825,31.888],[-85.775,31.887],[-85.725,31.886],[-85.675,31.886],[-85.625,31.886],[-85.575,31.886],[-85.525,31.887],[-85.475,31.888],[-85.425,31.889],[-85.375,31.89],[-85.325,31.891],[-85.275,31.893],[-85.225,31.894],[-85.175,31.896],[-85.125,31.897],[-85.075,31.898],[-85.025,31.898],[-84.975,31.899],[-84.925,31.9],[-84.875,31.9],[-84.825,31.901],[-84.775,31.902],[-84.725,31.903],[-84.675,31.904],[-84.625,31.905],[-84.575,31.907],[-84.525,31.909],[-84.475,31.911],[-84.425,31.914],[-84.375,31.917],[-84.325,31.921],[-84.275,31.924],[-84.269,31.925],[-84.225,31.929],[-84.175,31.933],[-84.125,31.938],[-84.075,31.943],[-84.025,31.949],[-83.975,31.955],[-83.925,31.962],[-83.875,31.969],[-83.832,31.975],[-83.825,31.976],[-83.775,31.983],[-83.725,31.991],[-83.675,31.999],[-83.625,32.008],[-83.575,32.016],[-83.527,32.025],[-83.525,32.025],[-83.475,32.034],[-83.425,32.043],[-83.375,32.053],[-83.325,32.062],[-83.275,32.072],[-83.261,32.075],[-83.225,32.082],[-83.175,32.092],[-83.125,32.102],[-83.075,32.112],[-83.025,32.123],[-83.014,32.125],[-82.975,32.133],[-82.925,32.144],[-82.875,32.154],[-82.825,32.165],[-82.781,32.175],[-82.775,32.176],[-82.725,32.187],[-82.675,32.199],[-82.625,32.21],[-82.575,32.222],[-82.561,32.225],[-82.525,32.233],[-82.475,32.245],[-82.425,32.256],[-82.375,32.268],[-82.342,32.275],[-82.325,32.279],[-82.275,32.29],[-82.225,32.3],[-82.175,32.312],[-82.125,32.323],[-82.115,32.325],[-82.075,32.334],[-82.025,32.345],[-81.975,32.357],[-81.925,32.368],[-81.896,32.375],[-81.875,32.38],[-81.825,32.391],[-81.775,32.403],[-81.725,32.415],[-81.68,32.425],[-81.675,32.426],[-81.625,32.437],[-81.575,32.448],[-81.525,32.458],[-81.475,32.467],[-81.434,32.475],[-81.425,32.477],[-81.375,32.485],[-81.325,32.493],[-81.275,32.501],[-81.225,32.508],[-81.175,32.515],[-81.125,32.521],[-81.092,32.525],[-81.075,32.527],[-81.025,32.532],[-80.975,32.537],[-80.925,32.541],[-80.875,32.544],[-80.825,32.547],[-80.775,32.549],[-80.725,32.55],[-80.675,32.55],[-80.625,32.549],[-80.575,32.547],[-80.554,32.546]],[[-90.436,32.164],[-90.425,32.162],[-90.375,32.155],[-90.325,32.147],[-90.275,32.139],[-90.225,32.131],[-90.19,32.125],[-90.175,32.122],[-90.125,32.114],[-90.075,32.105],[-90.025,32.096],[-89.975,32.087],[-89.925,32.078],[-89.91,32.075],[-89.875,32.068],[-89.825,32.059],[-89.775,32.05],[-89.725,32.041],[-89.675,32.032],[-89.634,32.025],[-89.625,32.023],[-89.575,32.015],[-89.525,32.007],[-89.475,31.998],[-89.425,31.991],[-89.375,31.983],[-89.325,31.976],[-89.316,31.975],[-89.275,31.969],[-89.225,31.963],[-89.175,31.957],[-89.125,31.951],[-89.075,31.946],[-89.025,31.941],[-88.975,31.937],[-88.925,31.933],[-88.875,31.93],[-88.825,31.927],[-88.788,31.925],[-88.775,31.924],[-88.725,31.922],[-88.675,31.92],[-88.625,31.919],[-88.575,31.918],[-88.525,31.917],[-88.475,31.917],[-88.425,31.917],[-88.375,31.917],[-88.325,31.918],[-88.275,31.919],[-88.225,31.919],[-88.175,31.92],[-88.125,31.922],[-88.075,31.923],[-88.025,31.924],[-88.001,31.925],[-87.975,31.926],[-87.925,31.927],[-87.875,31.929],[-87.825,31.93],[-87.775,31.932],[-87.733,31.933]],[[-80.493,32.543],[-80.475,32.541],[-80.425,32.537],[-80.375,32.532],[-80.325,32.526],[-80.321,32.525]]]}},{"type":"Feature","properties":{"date":"2011-03-24","label":"24 Mar","yday":83,"tier":"day","major":false},"geometry":{"type":"MultiLineString","coordinates":[[[-85.647,32.103],[-85.625,32.102],[-85.575,32.101],[-85.525,32.1],[-85.475,32.099],[-85.425,32.099],[-85.375,32.099],[-85.325,32.099],[-85.275,32.099],[-85.225,32.099],[-85.175,32.099],[-85.125,32.098],[-85.075,32.098],[-85.025,32.098],[-84.975,32.097],[-84.925,32.096],[-84.875,32.096],[-84.825,32.095],[-84.775,32.094],[-84.725,32.094],[-84.675,32.093],[-84.625,32.093],[-84.575,32.093],[-84.525,32.094],[-84.475,32.095],[-84.425,32.096],[-84.375,32.098],[-84.325,32.1],[-84.275,32.103],[-84.225,32.106],[-84.175,32.109],[-84.125,32.114],[-84.075,32.118],[-84.025,32.123],[-84.008,32.125],[-83.975,32.129],[-83.925,32.134],[-83.875,32.141],[-83.825,32.147],[-83.775,32.154],[-83.725,32.162],[-83.675,32.169],[-83.639,32.175],[-83.625,32.177],[-83.575,32.185],[-83.525,32.194],[-83.475,32.202],[-83.425,32.211],[-83.375,32.22],[-83.351,32.225],[-83.325,32.23],[-83.275,32.239],[-83.225,32.248],[-83.175,32.258],[-83.125,32.268],[-83.09,32.275],[-83.075,32.278],[-83.025,32.288],[-82.975,32.298],[-82.925,32.309],[-82.875,32.319],[-82.849,32.325],[-82.825,32.33],[-82.775,32.341],[-82.725,32.352],[-82.675,32.363],[-82.625,32.375],[-82.623,32.375],[-82.575,32.386],[-82.525,32.397],[-82.475,32.409],[-82.425,32.42],[-82.404,32.425],[-82.375,32.431],[-82.325,32.443],[-82.275,32.454],[-82.225,32.466],[-82.187,32.475],[-82.175,32.478],[-82.125,32.489],[-82.075,32.501],[-82.025,32.513],[-81.977,32.525],[-81.975,32.526],[-81.925,32.538],[-81.875,32.55],[-81.825,32.562],[-81.775,32.574],[-81.771,32.575],[-81.725,32.586],[-81.675,32.597],[-81.625,32.609],[-81.575,32.619],[-81.546,32.625],[-81.525,32.629],[-81.475,32.638],[-81.425,32.646],[-81.375,32.655],[-81.325,32.662],[-81.275,32.67],[-81.236,32.675],[-81.225,32.676],[-81.175,32.683],[-81.125,32.688],[-81.075,32.694],[-81.025,32.699],[-80.975,32.703],[-80.925,32.706],[-80.875,32.709],[-80.825,32.711],[-80.775,32.713],[-80.725,32.713],[-80.675,32.713],[-80.625,32.712],[-80.575,32.71],[-80.525,32.708],[-80.475,32.704],[-80.425,32.7],[-80.375,32.695],[-80.325,32.688],[-80.275,32.681],[-80.243,32.675],[-80.225,32.672],[-80.175,32.662],[-80.125,32.651],[-80.075,32.638],[-80.027,32.625]],[[-89.378,32.222],[-89.375,32.222],[-89.325,32.216],[-89.275,32.21],[-89.225,32.205],[-89.175,32.2],[-89.125,32.195],[-89.075,32.191],[-89.025,32.187],[-88.975,32.183],[-88.925,32.18],[-88.875,32.177],[-88.825,32.175],[-88.823,32.175],[-88.775,32.173],[-88.725,32.172],[-88.675,32.171],[-88.625,32.17],[-88.575,32.169],[-88.525,32.169],[-88.475,32.169],[-88.425,32.17],[-88.375,32.17],[-88.325,32.17],[-88.275,32.171],[-88.225,32.172],[-88.175,32.172],[-88.125,32.173],[-88.075,32.174],[-88.074,32.174]],[[-87.175,32.188],[-87.125,32.188],[-87.075,32.189],[-87.025,32.189],[-86.975,32.188],[-86.962,32.188]],[[-89.943,32.307],[-89.925,32.304],[-89.875,32.295],[-89.825,32.287],[-89.775,32.279],[-89.746,32.275],[-89.725,32.272],[-89.675,32.264],[-89.625,32.256],[-89.575,32.249]]]}},{"type":"Feature","properties":{"date":"2011-03-25","label":"25 Mar","yday":84,"tier":"day","major":false},"geometry":{"type":"MultiLineString","coordinates":[[[-85.588,32.288],[-85.575,32.288],[-85.525,32.285],[-85.475,32.283],[-85.425,32.281],[-85.375,32.28],[-85.325,32.278],[-85.275,32.277],[-85.225,32.276],[-85.175,32.275],[-85.159,32.275],[-85.125,32.274],[-85.075,32.273],[-85.025,32.272],[-84.975,32.27],[-84.925,32.269],[-84.875,32.267],[-84.825,32.265],[-84.775,32.263],[-84.725,32.261],[-84.675,32.26],[-84.625,32.259],[-84.575,32.258],[-84.525,32.258],[-84.475,32.258],[-84.425,32.258],[-84.375,32.259],[-84.325,32.261],[-84.275,32.263],[-84.225,32.265],[-84.175,32.268],[-84.125,32.272],[-84.089,32.275],[-84.075,32.276],[-84.025,32.281],[-83.975,32.286],[-83.925,32.291],[-83.875,32.297],[-83.825,32.304],[-83.775,32.311],[-83.725,32.318],[-83.68,32.325],[-83.675,32.326],[-83.625,32.333],[-83.575,32.341],[-83.525,32.35],[-83.475,32.358],[-83.425,32.367],[-83.379,32.375],[-83.375,32.376],[-83.325,32.385],[-83.275,32.394],[-83.225,32.403],[-83.175,32.412],[-83.125,32.422],[-83.108,32.425],[-83.075,32.431],[-83.025,32.441],[-82.975,32.451],[-82.925,32.461],[-82.875,32.472],[-82.86,32.475],[-82.825,32.482],[-82.775,32.493],[-82.725,32.504],[-82.675,32.515],[-82.628,32.525],[-82.625,32.526],[-82.575,32.537],[-82.525,32.548],[-82.475,32.559],[-82.425,32.571],[-82.407,32.575],[-82.375,32.582],[-82.325,32.594],[-82.275,32.606],[-82.225,32.618],[-82.196,32.625],[-82.175,32.63],[-82.125,32.642],[-82.075,32.654],[-82.025,32.667],[-81.992,32.675],[-81.975,32.679],[-81.925,32.691],[-81.875,32.704],[-81.825,32.716],[-81.788,32.725],[-81.775,32.728],[-81.725,32.74],[-81.675,32.751],[-81.625,32.762],[-81.575,32.772],[-81.561,32.775],[-81.525,32.782],[-81.475,32.791],[-81.425,32.8],[-81.375,32.808],[-81.325,32.816],[-81.275,32.824],[-81.266,32.825],[-81.225,32.831],[-81.175,32.837],[-81.125,32.843],[-81.075,32.848],[-81.025,32.853],[-80.975,32.857],[-80.925,32.861],[-80.875,32.863],[-80.825,32.865],[-80.775,32.866],[-80.725,32.867],[-80.675,32.866],[-80.625,32.865],[-80.575,32.863],[-80.525,32.861],[-80.475,32.857],[-80.425,32.853],[-80.375,32.848],[-80.325,32.841],[-80.275,32.834],[-80.225,32.825],[-80.224,32.825],[-80.175,32.815],[-80.125,32.804],[-80.075,32.791],[-80.025,32.776],[-80.02,32.775],[-79.975,32.761],[-79.953,32.753]],[[-89.176,32.424],[-89.175,32.424],[-89.125,32.421],[-89.075,32.417],[-89.025,32.414],[-88.975,32.411],[-88.925,32.409],[-88.875,32.407],[-88.825,32.405],[-88.775,32.404],[-88.725,32.403],[-88.675,32.403],[-88.625,32.402],[-88.575,32.402],[-88.525,32.402],[-88.475,32.402],[-88.425,32.402],[-88.375,32.402],[-88.325,32.402],[-88.275,32.402],[-88.225,32.402],[-88.175,32.402]],[[-87.246,32.404],[-87.225,32.404],[-87.175,32.403],[-87.125,32.402],[-87.075,32.401],[-87.025,32.4],[-86.975,32.399],[-86.925,32.398],[-86.897,32.397]]]}},{"type":"Feature","properties":{"date":"2011-03-26","label":"26 Mar","yday":85,"tier":"five","major":false},"geometry":{"type":"MultiLineString","coordinates":[[[-86.054,32.504],[-86.025,32.5],[-85.975,32.494],[-85.925,32.487],[-85.875,32.482],[-85.825,32.476],[-85.817,32.475],[-85.775,32.47],[-85.725,32.465],[-85.675,32.461],[-85.625,32.456],[-85.575,32.452],[-85.525,32.449],[-85.475,32.445],[-85.425,32.442],[-85.375,32.439],[-85.325,32.437],[-85.275,32.435],[-85.225,32.433],[-85.175,32.431],[-85.125,32.429],[-85.075,32.427],[-85.025,32.426],[-85.01,32.425],[-84.975,32.424],[-84.925,32.421],[-84.875,32.418],[-84.825,32.416],[-84.775,32.413],[-84.725,32.411],[-84.675,32.408],[-84.625,32.407],[-84.575,32.405],[-84.525,32.404],[-84.475,32.404],[-84.425,32.404],[-84.375,32.405],[-84.325,32.406],[-84.275,32.408],[-84.225,32.41],[-84.175,32.413],[-84.125,32.416],[-84.075,32.42],[-84.025,32.425],[-84.025,32.425],[-83.975,32.43],[-83.925,32.436],[-83.875,32.442],[-83.825,32.448],[-83.775,32.455],[-83.725,32.463],[-83.675,32.471],[-83.647,32.475],[-83.625,32.478],[-83.575,32.487],[-83.525,32.495],[-83.475,32.503],[-83.425,32.512],[-83.375,32.52],[-83.348,32.525],[-83.325,32.529],[-83.275,32.538],[-83.225,32.547],[-83.175,32.556],[-83.125,32.565],[-83.075,32.575],[-83.073,32.575],[-83.025,32.584],[-82.975,32.594],[-82.925,32.604],[-82.875,32.614],[-82.825,32.624],[-82.821,32.625],[-82.775,32.634],[-82.725,32.645],[-82.675,32.656],[-82.625,32.667],[-82.587,32.675],[-82.575,32.678],[-82.525,32.689],[-82.475,32.7],[-82.425,32.711],[-82.375,32.723],[-82.367,32.725],[-82.325,32.735],[-82.275,32.747],[-82.225,32.759],[-82.175,32.771],[-82.16,32.775],[-82.125,32.783],[-82.075,32.796],[-82.025,32.808],[-81.975,32.821],[-81.958,32.825],[-81.925,32.833],[-81.875,32.845],[-81.825,32.857],[-81.775,32.869],[-81.75,32.875],[-81.725,32.881],[-81.675,32.892],[-81.625,32.902],[-81.575,32.913],[-81.525,32.923],[-81.515,32.925],[-81.475,32.933],[-81.425,32.942],[-81.375,32.951],[-81.325,32.959],[-81.275,32.967],[-81.225,32.975],[-81.224,32.975],[-81.175,32.982],[-81.125,32.988],[-81.075,32.994],[-81.025,32.999],[-80.975,33.003],[-80.925,33.007],[-80.875,33.01],[-80.825,33.012],[-80.775,33.013],[-80.725,33.013],[-80.675,33.013],[-80.625,33.011],[-80.575,33.009],[-80.525,33.006],[-80.475,33.002],[-80.425,32.998],[-80.375,32.992],[-80.325,32.985],[-80.275,32.978],[-80.261,32.975],[-80.225,32.969],[-80.175,32.958],[-80.125,32.947],[-80.075,32.934],[-80.044,32.925],[-80.025,32.919],[-79.975,32.903],[-79.925,32.886],[-79.897,32.875],[-79.875,32.867],[-79.825,32.847],[-79.775,32.827],[-79.769,32.825]],[[-88.881,32.619],[-88.875,32.619],[-88.825,32.618],[-88.775,32.617],[-88.725,32.617],[-88.675,32.616],[-88.625,32.616],[-88.575,32.616],[-88.525,32.616],[-88.475,32.615],[-88.425,32.615],[-88.375,32.614],[-88.325,32.613],[-88.275,32.613]],[[-86.779,32.579],[-86.775,32.579],[-86.725,32.576],[-86.717,32.575],[-86.675,32.572],[-86.625,32.568],[-86.575,32.564],[-86.525,32.56],[-86.475,32.555],[-86.448,32.552]]]}},{"type":"Feature","properties":{"date":"2011-03-27","label":"27 Mar","yday":86,"tier":"day","major":false},"geometry":{"type":"MultiLineString","coordinates":[[[-87.544,32.794],[-87.525,32.793],[-87.475,32.792],[-87.425,32.79],[-87.375,32.788],[-87.325,32.786],[-87.275,32.784],[-87.225,32.781],[-87.175,32.778],[-87.125,32.776],[-87.115,32.775],[-87.075,32.773],[-87.025,32.769],[-86.975,32.766],[-86.925,32.762],[-86.875,32.758],[-86.825,32.754],[-86.775,32.75],[-86.725,32.745],[-86.675,32.74],[-86.625,32.735],[-86.575,32.73],[-86.529,32.725],[-86.525,32.725],[-86.475,32.719],[-86.425,32.713],[-86.375,32.706],[-86.325,32.7],[-86.275,32.693],[-86.225,32.686],[-86.175,32.679],[-86.147,32.675],[-86.125,32.672],[-86.075,32.665],[-86.025,32.657],[-85.975,32.65],[-85.925,32.643],[-85.875,32.637],[-85.825,32.63],[-85.785,32.625],[-85.775,32.624],[-85.725,32.618],[-85.675,32.612],[-85.625,32.606],[-85.575,32.601],[-85.525,32.596],[-85.475,32.592],[-85.425,32.588],[-85.375,32.584],[-85.325,32.58],[-85.275,32.577],[-85.249,32.575],[-85.225,32.573],[-85.175,32.57],[-85.125,32.568],[-85.075,32.565],[-85.025,32.562],[-84.975,32.56],[-84.925,32.557],[-84.875,32.554],[-84.825,32.551],[-84.775,32.548],[-84.725,32.545],[-84.675,32.542],[-84.625,32.54],[-84.575,32.539],[-84.525,32.538],[-84.475,32.537],[-84.425,32.537],[-84.375,32.538],[-84.325,32.539],[-84.275,32.541],[-84.225,32.543],[-84.175,32.546],[-84.125,32.549],[-84.075,32.554],[-84.025,32.558],[-83.975,32.564],[-83.925,32.569],[-83.882,32.575],[-83.875,32.576],[-83.825,32.583],[-83.775,32.59],[-83.725,32.597],[-83.675,32.605],[-83.625,32.614],[-83.575,32.622],[-83.557,32.625],[-83.525,32.63],[-83.475,32.638],[-83.425,32.647],[-83.375,32.655],[-83.325,32.664],[-83.275,32.673],[-83.264,32.675],[-83.225,32.682],[-83.175,32.691],[-83.125,32.7],[-83.075,32.709],[-83.025,32.719],[-82.994,32.725],[-82.975,32.728],[-82.925,32.738],[-82.875,32.748],[-82.825,32.758],[-82.775,32.768],[-82.741,32.775],[-82.725,32.778],[-82.675,32.789],[-82.625,32.799],[-82.575,32.81],[-82.525,32.821],[-82.508,32.825],[-82.475,32.832],[-82.425,32.844],[-82.375,32.855],[-82.325,32.867],[-82.293,32.875],[-82.275,32.879],[-82.225,32.892],[-82.175,32.904],[-82.125,32.916],[-82.09,32.925],[-82.075,32.929],[-82.025,32.941],[-81.975,32.954],[-81.925,32.966],[-81.888,32.975],[-81.875,32.978],[-81.825,32.99],[-81.775,33.002],[-81.725,33.013],[-81.675,33.024],[-81.673,33.025],[-81.625,33.035],[-81.575,33.046],[-81.525,33.056],[-81.475,33.066],[-81.431,33.075],[-81.425,33.076],[-81.375,33.086],[-81.325,33.095],[-81.275,33.103],[-81.225,33.111],[-81.175,33.119],[-81.134,33.125],[-81.125,33.126],[-81.075,33.133],[-81.025,33.138],[-80.975,33.143],[-80.925,33.147],[-80.875,33.15],[-80.825,33.152],[-80.775,33.153],[-80.725,33.153],[-80.675,33.152],[-80.625,33.151],[-80.575,33.148],[-80.525,33.144],[-80.475,33.14],[-80.425,33.135],[-80.375,33.128],[-80.351,33.125],[-80.325,33.121],[-80.275,33.113],[-80.225,33.104],[-80.175,33.093],[-80.125,33.081],[-80.101,33.075],[-80.075,33.068],[-80.025,33.053],[-79.975,33.037],[-79.941,33.025],[-79.925,33.019],[-79.875,33.001],[-79.825,32.981],[-79.81,32.975],[-79.775,32.96],[-79.725,32.939],[-79.691,32.925],[-79.675,32.918],[-79.645,32.905]],[[-89.675,32.86],[-89.625,32.855],[-89.575,32.851],[-89.525,32.847]]]}},{"type":"Feature","properties":{"date":"2011-03-28","label":"28 Mar","yday":87,"tier":"day","major":false},"geometry":{"type":"MultiLineString","coordinates":[[[-87.575,32.969],[-87.525,32.968],[-87.475,32.965],[-87.425,32.963],[-87.375,32.96],[-87.325,32.958],[-87.275,32.954],[-87.225,32.951],[-87.175,32.948],[-87.125,32.944],[-87.075,32.94],[-87.025,32.936],[-86.975,32.931],[-86.925,32.927],[-86.909,32.925],[-86.875,32.922],[-86.825,32.916],[-86.775,32.911],[-86.725,32.905],[-86.675,32.899],[-86.625,32.893],[-86.575,32.887],[-86.525,32.88],[-86.485,32.875],[-86.475,32.874],[-86.425,32.866],[-86.375,32.859],[-86.325,32.852],[-86.275,32.844],[-86.225,32.836],[-86.175,32.828],[-86.154,32.825],[-86.125,32.82],[-86.075,32.812],[-86.025,32.804],[-85.975,32.796],[-85.925,32.789],[-85.875,32.781],[-85.836,32.775],[-85.825,32.773],[-85.775,32.766],[-85.725,32.759],[-85.675,32.752],[-85.625,32.745],[-85.575,32.739],[-85.525,32.733],[-85.475,32.727],[-85.452,32.725],[-85.425,32.722],[-85.375,32.717],[-85.325,32.712],[-85.275,32.707],[-85.225,32.703],[-85.175,32.699],[-85.125,32.695],[-85.075,32.691],[-85.025,32.688],[-84.975,32.684],[-84.925,32.681],[-84.875,32.677],[-84.838,32.675],[-84.825,32.674],[-84.775,32.671],[-84.725,32.668],[-84.675,32.666],[-84.625,32.664],[-84.575,32.662],[-84.525,32.661],[-84.475,32.661],[-84.425,32.661],[-84.375,32.662],[-84.325,32.663],[-84.275,32.665],[-84.225,32.667],[-84.175,32.67],[-84.125,32.674],[-84.116,32.675],[-84.075,32.679],[-84.025,32.683],[-83.975,32.689],[-83.925,32.695],[-83.875,32.701],[-83.825,32.708],[-83.775,32.716],[-83.725,32.723],[-83.715,32.725],[-83.675,32.731],[-83.625,32.74],[-83.575,32.748],[-83.525,32.757],[-83.475,32.765],[-83.425,32.774],[-83.421,32.775],[-83.375,32.783],[-83.325,32.792],[-83.275,32.801],[-83.225,32.81],[-83.175,32.819],[-83.144,32.825],[-83.125,32.829],[-83.075,32.838],[-83.025,32.847],[-82.975,32.856],[-82.925,32.866],[-82.876,32.875],[-82.875,32.875],[-82.825,32.885],[-82.775,32.895],[-82.725,32.905],[-82.675,32.915],[-82.627,32.925],[-82.625,32.925],[-82.575,32.936],[-82.525,32.947],[-82.475,32.958],[-82.425,32.97],[-82.402,32.975],[-82.375,32.981],[-82.325,32.993],[-82.275,33.005],[-82.225,33.018],[-82.196,33.025],[-82.175,33.03],[-82.125,33.043],[-82.075,33.055],[-82.025,33.068],[-81.996,33.075],[-81.975,33.08],[-81.925,33.093],[-81.875,33.105],[-81.825,33.117],[-81.789,33.125],[-81.775,33.128],[-81.725,33.14],[-81.675,33.151],[-81.625,33.162],[-81.575,33.173],[-81.565,33.175],[-81.525,33.184],[-81.475,33.194],[-81.425,33.204],[-81.375,33.214],[-81.325,33.224],[-81.321,33.225],[-81.275,33.234],[-81.225,33.242],[-81.175,33.251],[-81.125,33.259],[-81.075,33.266],[-81.025,33.272],[-80.998,33.275],[-80.975,33.277],[-80.925,33.282],[-80.875,33.285],[-80.825,33.287],[-80.775,33.288],[-80.725,33.288],[-80.675,33.286],[-80.625,33.284],[-80.575,33.281],[-80.525,33.277],[-80.51,33.275],[-80.475,33.271],[-80.425,33.265],[-80.375,33.258],[-80.325,33.25],[-80.275,33.242],[-80.225,33.232],[-80.193,33.225],[-80.175,33.221],[-80.125,33.209],[-80.075,33.196],[-80.025,33.181],[-80.005,33.175],[-79.975,33.165],[-79.925,33.147],[-79.875,33.129],[-79.866,33.125],[-79.825,33.109],[-79.775,33.088],[-79.743,33.075],[-79.725,33.067],[-79.675,33.046],[-79.627,33.025],[-79.625,33.024],[-79.591,33.009]],[[-89.625,33.033],[-89.575,33.029],[-89.526,33.026]]]}},{"type":"Feature","properties":{"date":"2011-03-29","label":"29 Mar","yday":88,"tier":"day","major":false},"geometry":{"type":"MultiLineString","coordinates":[[[-87.825,33.141],[-87.775,33.14],[-87.725,33.139],[-87.675,33.137],[-87.625,33.136],[-87.615,33.135]],[[-87.532,33.132],[-87.525,33.131],[-87.475,33.129],[-87.425,33.126],[-87.406,33.125],[-87.375,33.123],[-87.325,33.12],[-87.275,33.116],[-87.225,33.113],[-87.175,33.109],[-87.125,33.104],[-87.075,33.1],[-87.025,33.095],[-86.975,33.09],[-86.925,33.084],[-86.875,33.078],[-86.847,33.075],[-86.825,33.072],[-86.775,33.066],[-86.725,33.059],[-86.675,33.053],[-86.625,33.046],[-86.575,33.038],[-86.525,33.031],[-86.49,33.025],[-86.475,33.023],[-86.425,33.015],[-86.375,33.006],[-86.325,32.998],[-86.275,32.989],[-86.225,32.98],[-86.196,32.975],[-86.175,32.971],[-86.125,32.962],[-86.075,32.953],[-86.025,32.944],[-85.975,32.936],[-85.925,32.927],[-85.915,32.925],[-85.875,32.918],[-85.825,32.909],[-85.775,32.901],[-85.725,32.893],[-85.675,32.885],[-85.625,32.877],[-85.609,32.875],[-85.575,32.87],[-85.525,32.863],[-85.475,32.856],[-85.425,32.849],[-85.375,32.843],[-85.325,32.837],[-85.275,32.831],[-85.225,32.826],[-85.219,32.825],[-85.175,32.82],[-85.125,32.815],[-85.075,32.811],[-85.025,32.806],[-84.975,32.802],[-84.925,32.798],[-84.875,32.794],[-84.825,32.791],[-84.775,32.787],[-84.725,32.785],[-84.675,32.782],[-84.625,32.78],[-84.575,32.779],[-84.525,32.778],[-84.475,32.777],[-84.425,32.778],[-84.375,32.779],[-84.325,32.78],[-84.275,32.782],[-84.225,32.785],[-84.175,32.788],[-84.125,32.792],[-84.075,32.797],[-84.025,32.802],[-83.975,32.808],[-83.925,32.814],[-83.875,32.821],[-83.844,32.825],[-83.825,32.828],[-83.775,32.835],[-83.725,32.843],[-83.675,32.851],[-83.625,32.86],[-83.575,32.869],[-83.541,32.875],[-83.525,32.878],[-83.475,32.887],[-83.425,32.896],[-83.375,32.905],[-83.325,32.915],[-83.275,32.924],[-83.269,32.925],[-83.225,32.933],[-83.175,32.942],[-83.125,32.951],[-83.075,32.961],[-83.025,32.97],[-82.995,32.975],[-82.975,32.979],[-82.925,32.988],[-82.875,32.997],[-82.825,33.006],[-82.775,33.016],[-82.729,33.025],[-82.725,33.026],[-82.675,33.036],[-82.625,33.046],[-82.575,33.057],[-82.525,33.067],[-82.491,33.075],[-82.475,33.079],[-82.425,33.09],[-82.375,33.102],[-82.325,33.114],[-82.28,33.125],[-82.275,33.126],[-82.225,33.139],[-82.175,33.151],[-82.125,33.164],[-82.083,33.175],[-82.075,33.177],[-82.025,33.19],[-81.975,33.202],[-81.925,33.215],[-81.882,33.225],[-81.875,33.227],[-81.825,33.238],[-81.775,33.25],[-81.725,33.261],[-81.675,33.273],[-81.664,33.275],[-81.625,33.284],[-81.575,33.295],[-81.525,33.306],[-81.475,33.317],[-81.439,33.325],[-81.425,33.328],[-81.375,33.339],[-81.325,33.349],[-81.275,33.359],[-81.225,33.369],[-81.193,33.375],[-81.175,33.378],[-81.125,33.387],[-81.075,33.394],[-81.025,33.401],[-80.975,33.407],[-80.925,33.412],[-80.875,33.415],[-80.825,33.417],[-80.775,33.418],[-80.725,33.417],[-80.675,33.415],[-80.625,33.412],[-80.575,33.408],[-80.525,33.403],[-80.475,33.398],[-80.425,33.391],[-80.375,33.383],[-80.327,33.375],[-80.325,33.375],[-80.275,33.365],[-80.225,33.355],[-80.175,33.343],[-80.125,33.331],[-80.103,33.325],[-80.075,33.318],[-80.025,33.303],[-79.975,33.287],[-79.94,33.275],[-79.925,33.27],[-79.875,33.252],[-79.825,33.232],[-79.807,33.225],[-79.775,33.212],[-79.725,33.191],[-79.687,33.175],[-79.675,33.17],[-79.625,33.148],[-79.575,33.126],[-79.572,33.125],[-79.525,33.104],[-79.475,33.082],[-79.458,33.075],[-79.425,33.06],[-79.4,33.05]]]}},{"type":"Feature","properties":{"date":"2011-03-30","label":"30 Mar","yday":89,"tier":"day","major":false},"geometry":{"type":"MultiLineString","coordinates":[[[-83.439,33.011],[-83.425,33.014],[-83.375,33.023],[-83.367,33.025],[-83.325,33.033],[-83.275,33.043],[-83.225,33.052],[-83.175,33.061],[-83.125,33.07],[-83.098,33.075],[-83.075,33.079],[-83.025,33.088],[-82.975,33.096],[-82.925,33.105],[-82.875,33.114],[-82.825,33.124],[-82.818,33.125],[-82.775,33.133],[-82.725,33.143],[-82.675,33.152],[-82.625,33.163],[-82.575,33.173],[-82.566,33.175],[-82.525,33.184],[-82.475,33.195],[-82.425,33.207],[-82.375,33.219],[-82.349,33.225],[-82.325,33.231],[-82.275,33.243],[-82.225,33.256],[-82.175,33.269],[-82.152,33.275],[-82.125,33.282],[-82.075,33.295],[-82.025,33.308],[-81.975,33.321],[-81.958,33.325],[-81.925,33.333],[-81.875,33.344],[-81.825,33.356],[-81.775,33.367],[-81.741,33.375],[-81.725,33.378],[-81.675,33.39],[-81.625,33.401],[-81.575,33.413],[-81.525,33.425],[-81.524,33.425],[-81.475,33.437],[-81.425,33.448],[-81.375,33.46],[-81.325,33.471],[-81.308,33.475],[-81.275,33.482],[-81.225,33.493],[-81.175,33.502],[-81.125,33.511],[-81.075,33.519],[-81.034,33.525],[-81.025,33.526],[-80.975,33.532],[-80.925,33.537],[-80.875,33.54],[-80.825,33.542],[-80.775,33.542],[-80.725,33.541],[-80.675,33.539],[-80.625,33.536],[-80.575,33.532],[-80.525,33.527],[-80.513,33.525],[-80.475,33.52],[-80.425,33.513],[-80.375,33.505],[-80.325,33.496],[-80.275,33.486],[-80.225,33.475],[-80.224,33.475],[-80.175,33.463],[-80.125,33.451],[-80.075,33.437],[-80.035,33.425],[-80.025,33.422],[-79.975,33.406],[-79.925,33.39],[-79.883,33.375],[-79.875,33.372],[-79.825,33.353],[-79.775,33.334],[-79.753,33.325],[-79.725,33.314],[-79.675,33.293],[-79.634,33.275],[-79.625,33.271],[-79.575,33.249],[-79.525,33.227],[-79.521,33.225],[-79.475,33.205],[-79.425,33.183],[-79.408,33.175],[-79.375,33.161],[-79.325,33.14],[-79.315,33.135]],[[-87.658,33.292],[-87.625,33.29],[-87.575,33.288],[-87.525,33.286],[-87.475,33.283],[-87.425,33.28],[-87.375,33.277],[-87.342,33.275],[-87.325,33.274],[-87.275,33.27],[-87.225,33.266],[-87.175,33.262],[-87.125,33.258],[-87.075,33.253],[-87.025,33.248],[-86.975,33.243],[-86.925,33.237],[-86.875,33.231],[-86.832,33.225],[-86.825,33.224],[-86.775,33.217],[-86.725,33.21],[-86.675,33.202],[-86.625,33.194],[-86.575,33.186],[-86.525,33.177],[-86.513,33.175],[-86.475,33.168],[-86.425,33.159],[-86.375,33.149],[-86.325,33.14],[-86.275,33.13],[-86.249,33.125],[-86.225,33.12],[-86.175,33.11],[-86.125,33.1],[-86.075,33.09],[-86.025,33.08],[-85.999,33.075],[-85.975,33.07],[-85.925,33.06],[-85.875,33.051],[-85.825,33.041],[-85.775,33.032],[-85.74,33.025],[-85.725,33.022],[-85.675,33.013],[-85.625,33.004],[-85.575,32.996],[-85.525,32.988],[-85.475,32.98],[-85.445,32.975],[-85.425,32.972],[-85.375,32.964],[-85.325,32.957],[-85.275,32.95],[-85.225,32.944],[-85.175,32.938],[-85.125,32.932],[-85.075,32.926],[-85.066,32.925],[-85.025,32.921],[-84.975,32.916],[-84.925,32.911],[-84.875,32.907],[-84.825,32.903],[-84.775,32.899],[-84.725,32.896],[-84.675,32.894],[-84.625,32.892],[-84.575,32.89],[-84.525,32.889],[-84.475,32.889],[-84.425,32.889],[-84.375,32.89],[-84.325,32.892],[-84.275,32.895],[-84.225,32.898],[-84.175,32.901],[-84.125,32.905],[-84.075,32.91],[-84.025,32.916],[-83.975,32.922],[-83.951,32.925],[-83.925,32.928],[-83.875,32.935],[-83.825,32.943],[-83.797,32.947]]]}},{"type":"Feature","properties":{"date":"2011-03-31","label":"31 Mar","yday":90,"tier":"index","major":true},"geometry":{"type":"MultiLineString","coordinates":[[[-83.425,33.128],[-83.375,33.138],[-83.325,33.148],[-83.275,33.158],[-83.225,33.167],[-83.182,33.175],[-83.175,33.176],[-83.125,33.185],[-83.075,33.194],[-83.025,33.202],[-82.975,33.211],[-82.925,33.22],[-82.896,33.225],[-82.875,33.229],[-82.825,33.238],[-82.775,33.247],[-82.725,33.257],[-82.675,33.266],[-82.632,33.275],[-82.625,33.276],[-82.575,33.287],[-82.525,33.298],[-82.475,33.309],[-82.425,33.321],[-82.407,33.325],[-82.375,33.333],[-82.325,33.345],[-82.275,33.358],[-82.225,33.371],[-82.21,33.375],[-82.175,33.384],[-82.125,33.397],[-82.075,33.41],[-82.025,33.423],[-82.016,33.425],[-81.975,33.435],[-81.925,33.447],[-81.875,33.458],[-81.825,33.47],[-81.802,33.475],[-81.775,33.481],[-81.725,33.493],[-81.675,33.504],[-81.625,33.516],[-81.59,33.525],[-81.575,33.529],[-81.525,33.541],[-81.475,33.554],[-81.425,33.567],[-81.393,33.575],[-81.375,33.579],[-81.325,33.592],[-81.275,33.603],[-81.225,33.614],[-81.175,33.624],[-81.171,33.625],[-81.125,33.633],[-81.075,33.641],[-81.025,33.648],[-80.975,33.654],[-80.925,33.658],[-80.875,33.661],[-80.825,33.662],[-80.775,33.663],[-80.725,33.662],[-80.675,33.66],[-80.625,33.657],[-80.575,33.652],[-80.525,33.647],[-80.475,33.641],[-80.425,33.634],[-80.375,33.625],[-80.373,33.625],[-80.325,33.616],[-80.275,33.606],[-80.225,33.595],[-80.175,33.583],[-80.144,33.575],[-80.125,33.57],[-80.075,33.556],[-80.025,33.542],[-79.975,33.526],[-79.971,33.525],[-79.925,33.51],[-79.875,33.493],[-79.826,33.475],[-79.825,33.475],[-79.775,33.456],[-79.725,33.436],[-79.698,33.425],[-79.675,33.416],[-79.625,33.395],[-79.58,33.375],[-79.575,33.373],[-79.525,33.351],[-79.475,33.328],[-79.467,33.325],[-79.425,33.306],[-79.375,33.284],[-79.355,33.275],[-79.325,33.262],[-79.302,33.252]],[[-79.237,33.225],[-79.225,33.22]],[[-87.189,33.411],[-87.175,33.41],[-87.125,33.406],[-87.075,33.401],[-87.025,33.397],[-86.975,33.391],[-86.925,33.386],[-86.875,33.38],[-86.84,33.375],[-86.825,33.373],[-86.775,33.366],[-86.725,33.358],[-86.675,33.349],[-86.625,33.34],[-86.575,33.331],[-86.545,33.325],[-86.525,33.321],[-86.475,33.311],[-86.425,33.301],[-86.375,33.29],[-86.325,33.279],[-86.305,33.275],[-86.275,33.268],[-86.225,33.257],[-86.175,33.246],[-86.125,33.235],[-86.079,33.225],[-86.075,33.224],[-86.025,33.213],[-85.975,33.202],[-85.925,33.191],[-85.875,33.18],[-85.85,33.175],[-85.825,33.17],[-85.775,33.159],[-85.725,33.149],[-85.675,33.139],[-85.625,33.129],[-85.604,33.125],[-85.575,33.119],[-85.525,33.11],[-85.475,33.101],[-85.425,33.092],[-85.375,33.083],[-85.325,33.075],[-85.324,33.075],[-85.275,33.067],[-85.225,33.06],[-85.175,33.052],[-85.125,33.045],[-85.075,33.039],[-85.025,33.033],[-84.975,33.027],[-84.957,33.025],[-84.925,33.022],[-84.875,33.017],[-84.825,33.012],[-84.775,33.008],[-84.725,33.005],[-84.675,33.002],[-84.625,33.0],[-84.575,32.998],[-84.525,32.997],[-84.475,32.997],[-84.425,32.998],[-84.375,32.999],[-84.325,33.001],[-84.275,33.004],[-84.255,33.005]],[[-87.638,33.438],[-87.625,33.437],[-87.575,33.435],[-87.525,33.432],[-87.475,33.43],[-87.427,33.427]]]}},{"type":"Feature","properties":{"date":"2011-04-01","label":"1 Apr","yday":91,"tier":"day","major":false},"geometry":{"type":"MultiLineString","coordinates":[[[-83.406,33.244],[-83.375,33.25],[-83.325,33.26],[-83.275,33.269],[-83.244,33.275],[-83.225,33.279],[-83.175,33.288],[-83.125,33.297],[-83.075,33.306],[-83.025,33.314],[-82.975,33.323],[-82.966,33.325],[-82.925,33.332],[-82.875,33.341],[-82.825,33.35],[-82.775,33.36],[-82.725,33.369],[-82.696,33.375]],[[-79.262,33.362],[-79.225,33.346],[-79.175,33.325]],[[-82.544,33.406],[-82.525,33.41],[-82.475,33.422],[-82.461,33.425],[-82.425,33.434],[-82.375,33.446],[-82.325,33.459],[-82.275,33.472],[-82.263,33.475],[-82.225,33.485],[-82.175,33.498],[-82.125,33.511],[-82.075,33.523],[-82.069,33.525],[-82.025,33.536],[-81.975,33.548],[-81.925,33.56],[-81.875,33.571],[-81.858,33.575],[-81.825,33.583],[-81.775,33.594],[-81.725,33.606],[-81.675,33.618],[-81.648,33.625],[-81.625,33.631],[-81.575,33.645],[-81.525,33.658],[-81.475,33.672],[-81.464,33.675],[-81.425,33.686],[-81.375,33.699],[-81.325,33.712],[-81.275,33.724],[-81.269,33.725],[-81.225,33.735],[-81.175,33.745],[-81.125,33.754],[-81.075,33.762],[-81.025,33.769],[-80.975,33.774],[-80.963,33.775],[-80.925,33.778],[-80.875,33.78],[-80.825,33.781],[-80.775,33.782],[-80.725,33.781],[-80.675,33.779],[-80.625,33.776],[-80.618,33.775],[-80.575,33.772],[-80.525,33.766],[-80.475,33.76],[-80.425,33.753],[-80.375,33.745],[-80.325,33.736],[-80.275,33.726],[-80.268,33.725],[-80.225,33.716],[-80.175,33.704],[-80.125,33.691],[-80.075,33.678],[-80.066,33.675],[-80.025,33.663],[-79.975,33.648],[-79.925,33.632],[-79.904,33.625],[-79.875,33.615],[-79.825,33.598],[-79.775,33.58],[-79.762,33.575],[-79.725,33.561],[-79.675,33.542],[-79.634,33.525],[-79.625,33.521],[-79.575,33.5],[-79.525,33.479],[-79.517,33.475],[-79.475,33.457],[-79.425,33.434],[-79.405,33.425],[-79.375,33.412],[-79.325,33.389],[-79.293,33.375],[-79.28,33.37]],[[-87.15,33.55],[-87.125,33.548],[-87.075,33.544],[-87.025,33.54],[-86.975,33.535],[-86.925,33.529],[-86.886,33.525],[-86.875,33.524],[-86.825,33.517],[-86.775,33.51],[-86.725,33.502],[-86.675,33.493],[-86.625,33.483],[-86.584,33.475],[-86.575,33.473],[-86.525,33.462],[-86.475,33.451],[-86.425,33.44],[-86.375,33.429],[-86.36,33.425],[-86.325,33.417],[-86.275,33.405],[-86.225,33.393],[-86.175,33.381],[-86.151,33.375],[-86.125,33.369],[-86.075,33.357],[-86.025,33.345],[-85.975,33.332],[-85.944,33.325],[-85.925,33.321],[-85.875,33.309],[-85.825,33.297],[-85.775,33.286],[-85.728,33.275],[-85.725,33.274],[-85.675,33.263],[-85.625,33.252],[-85.575,33.242],[-85.525,33.231],[-85.495,33.225],[-85.475,33.221],[-85.425,33.211],[-85.375,33.202],[-85.325,33.192],[-85.275,33.183],[-85.227,33.175],[-85.225,33.175],[-85.175,33.166],[-85.125,33.158],[-85.075,33.151],[-85.025,33.144],[-84.975,33.137],[-84.925,33.131],[-84.875,33.125],[-84.871,33.125],[-84.825,33.12],[-84.775,33.116],[-84.725,33.112],[-84.675,33.109],[-84.625,33.106],[-84.575,33.105],[-84.525,33.104],[-84.475,33.104],[-84.425,33.104],[-84.405,33.105]],[[-87.775,33.586],[-87.725,33.584],[-87.675,33.581],[-87.625,33.579],[-87.575,33.576],[-87.547,33.575],[-87.525,33.574]]]}},{"type":"Feature","properties":{"date":"2011-04-02","label":"2 Apr","yday":92,"tier":"day","major":false},"geometry":{"type":"MultiLineString","coordinates":[[[-82.394,33.556],[-82.375,33.561],[-82.325,33.574],[-82.321,33.575],[-82.275,33.587],[-82.225,33.6],[-82.175,33.613],[-82.127,33.625],[-82.125,33.626],[-82.075,33.638],[-82.025,33.65],[-81.975,33.662],[-81.925,33.674],[-81.922,33.675],[-81.875,33.686],[-81.825,33.698],[-81.775,33.71],[-81.725,33.723],[-81.716,33.725],[-81.675,33.736],[-81.625,33.749],[-81.575,33.763],[-81.534,33.775],[-81.525,33.777],[-81.475,33.791],[-81.425,33.805],[-81.375,33.818],[-81.349,33.825],[-81.325,33.831],[-81.275,33.843],[-81.225,33.855],[-81.175,33.865],[-81.125,33.874],[-81.121,33.875],[-81.075,33.882],[-81.025,33.888],[-80.975,33.893],[-80.925,33.896],[-80.875,33.898],[-80.825,33.899],[-80.775,33.899],[-80.725,33.898],[-80.675,33.896],[-80.625,33.893],[-80.575,33.89],[-80.525,33.885],[-80.475,33.88],[-80.44,33.875],[-80.425,33.873],[-80.375,33.866],[-80.325,33.857],[-80.275,33.848],[-80.225,33.838],[-80.175,33.827],[-80.168,33.825],[-80.125,33.815],[-80.075,33.802],[-80.025,33.788],[-79.98,33.775],[-79.975,33.774],[-79.925,33.758],[-79.875,33.742],[-79.825,33.725],[-79.824,33.725],[-79.775,33.708],[-79.725,33.691],[-79.683,33.675],[-79.675,33.672],[-79.625,33.653],[-79.575,33.633],[-79.557,33.625],[-79.525,33.612],[-79.475,33.59],[-79.44,33.575],[-79.425,33.568],[-79.375,33.546],[-79.328,33.525],[-79.325,33.524],[-79.275,33.501],[-79.225,33.479],[-79.216,33.475],[-79.175,33.457],[-79.152,33.448]],[[-87.137,33.687],[-87.125,33.686],[-87.075,33.682],[-87.025,33.677],[-87.002,33.675],[-86.975,33.672],[-86.925,33.667],[-86.875,33.661],[-86.825,33.655],[-86.775,33.648],[-86.725,33.64],[-86.675,33.631],[-86.644,33.625],[-86.625,33.621],[-86.575,33.611],[-86.525,33.6],[-86.475,33.589],[-86.425,33.577],[-86.417,33.575],[-86.375,33.565],[-86.325,33.552],[-86.275,33.54],[-86.225,33.527],[-86.217,33.525],[-86.175,33.514],[-86.125,33.501],[-86.075,33.488],[-86.025,33.475],[-86.024,33.475],[-85.975,33.462],[-85.925,33.45],[-85.875,33.437],[-85.828,33.425],[-85.825,33.424],[-85.775,33.412],[-85.725,33.4],[-85.675,33.387],[-85.625,33.376],[-85.623,33.375],[-85.575,33.364],[-85.525,33.353],[-85.475,33.341],[-85.425,33.33],[-85.399,33.325],[-85.375,33.32],[-85.325,33.31],[-85.275,33.3],[-85.225,33.29],[-85.175,33.281],[-85.143,33.275],[-85.125,33.272],[-85.075,33.263],[-85.025,33.255],[-85.002,33.252]]]}},{"type":"Feature","properties":{"date":"2011-04-03","label":"3 Apr","yday":93,"tier":"day","major":false},"geometry":{"type":"MultiLineString","coordinates":[[[-82.419,33.669],[-82.395,33.675],[-82.375,33.68],[-82.325,33.693],[-82.275,33.706],[-82.225,33.718],[-82.198,33.725],[-82.175,33.731],[-82.125,33.743],[-82.075,33.756],[-82.025,33.768],[-81.996,33.775],[-81.975,33.78],[-81.925,33.792],[-81.875,33.805],[-81.825,33.817],[-81.794,33.825],[-81.775,33.83],[-81.725,33.843],[-81.675,33.856],[-81.625,33.87],[-81.607,33.875],[-81.575,33.884],[-81.525,33.897],[-81.475,33.911],[-81.425,33.924],[-81.422,33.925],[-81.375,33.937],[-81.325,33.949],[-81.275,33.961],[-81.225,33.972],[-81.211,33.975],[-81.175,33.982],[-81.125,33.991],[-81.075,33.998],[-81.025,34.004],[-80.975,34.008],[-80.925,34.012],[-80.875,34.014],[-80.825,34.015],[-80.775,34.015],[-80.725,34.014],[-80.675,34.013],[-80.625,34.011],[-80.575,34.008],[-80.525,34.004],[-80.475,33.999],[-80.425,33.993],[-80.375,33.986],[-80.325,33.978],[-80.304,33.975],[-80.275,33.97],[-80.225,33.961],[-80.175,33.951],[-80.125,33.94],[-80.075,33.929],[-80.059,33.925],[-80.025,33.917],[-79.975,33.904],[-79.925,33.89],[-79.875,33.875],[-79.874,33.875],[-79.825,33.86],[-79.775,33.844],[-79.725,33.827],[-79.718,33.825],[-79.675,33.81],[-79.625,33.792],[-79.581,33.775],[-79.575,33.773],[-79.525,33.753],[-79.475,33.732],[-79.458,33.725],[-79.425,33.711],[-79.375,33.689],[-79.344,33.675],[-79.325,33.667],[-79.275,33.644],[-79.234,33.625],[-79.225,33.621],[-79.175,33.598],[-79.125,33.576],[-79.123,33.575],[-79.075,33.554],[-79.055,33.545]],[[-87.336,33.836],[-87.325,33.836],[-87.275,33.832],[-87.225,33.829],[-87.179,33.825],[-87.175,33.825],[-87.125,33.821],[-87.075,33.816],[-87.025,33.812],[-86.975,33.806],[-86.925,33.801],[-86.875,33.795],[-86.825,33.788],[-86.775,33.781],[-86.739,33.775],[-86.725,33.773],[-86.675,33.764],[-86.625,33.755],[-86.575,33.745],[-86.525,33.734],[-86.484,33.725],[-86.475,33.723],[-86.425,33.711],[-86.375,33.699],[-86.325,33.687],[-86.28,33.675],[-86.275,33.674],[-86.225,33.661],[-86.175,33.647],[-86.125,33.634],[-86.092,33.625],[-86.075,33.62],[-86.025,33.607],[-85.975,33.593],[-85.925,33.579],[-85.91,33.575],[-85.875,33.566],[-85.825,33.552],[-85.775,33.539],[-85.725,33.526],[-85.722,33.525],[-85.675,33.513],[-85.625,33.5],[-85.575,33.488],[-85.525,33.475],[-85.524,33.475],[-85.475,33.463],[-85.425,33.451],[-85.375,33.44],[-85.325,33.428],[-85.309,33.425],[-85.275,33.418],[-85.225,33.407],[-85.175,33.397],[-85.125,33.387],[-85.075,33.378]]]}},{"type":"Feature","properties":{"date":"2011-04-04","label":"4 Apr","yday":94,"tier":"day","major":false},"geometry":{"type":"MultiLineString","coordinates":[[[-82.337,33.813],[-82.325,33.816],[-82.288,33.825],[-82.275,33.828],[-82.225,33.84],[-82.175,33.853],[-82.125,33.865],[-82.084,33.875],[-82.075,33.877],[-82.025,33.889],[-81.975,33.902],[-81.925,33.914],[-81.88,33.925],[-81.875,33.926],[-81.825,33.939],[-81.775,33.952],[-81.725,33.965],[-81.685,33.975],[-81.675,33.978],[-81.625,33.991],[-81.575,34.004],[-81.525,34.017],[-81.493,34.025],[-81.475,34.029],[-81.425,34.042],[-81.375,34.054],[-81.325,34.065],[-81.28,34.075],[-81.275,34.076],[-81.225,34.086],[-81.175,34.095],[-81.125,34.103],[-81.075,34.11],[-81.025,34.116],[-80.975,34.12],[-80.925,34.124],[-80.905,34.125],[-80.875,34.127],[-80.825,34.128],[-80.775,34.129],[-80.725,34.129],[-80.675,34.129],[-80.625,34.127],[-80.578,34.125],[-80.575,34.125],[-80.525,34.122],[-80.475,34.117],[-80.425,34.112],[-80.375,34.107],[-80.325,34.1],[-80.275,34.093],[-80.225,34.085],[-80.175,34.077],[-80.166,34.075],[-80.125,34.068],[-80.075,34.058],[-80.025,34.048],[-79.975,34.037],[-79.925,34.025],[-79.923,34.025],[-79.875,34.013],[-79.825,34.0],[-79.775,33.986],[-79.736,33.975],[-79.725,33.972],[-79.675,33.956],[-79.625,33.94],[-79.584,33.925],[-79.575,33.922],[-79.525,33.904],[-79.475,33.884],[-79.452,33.875],[-79.425,33.864],[-79.375,33.843],[-79.333,33.825],[-79.325,33.821],[-79.275,33.799],[-79.225,33.776],[-79.223,33.775],[-79.175,33.753],[-79.125,33.729],[-79.117,33.725],[-79.075,33.706],[-79.025,33.682],[-79.009,33.675],[-78.975,33.66],[-78.951,33.649]],[[-86.657,33.893],[-86.625,33.887],[-86.575,33.878],[-86.563,33.875],[-86.525,33.867],[-86.475,33.856],[-86.425,33.845],[-86.375,33.833],[-86.344,33.825],[-86.325,33.82],[-86.275,33.808],[-86.225,33.794],[-86.175,33.781],[-86.153,33.775],[-86.125,33.767],[-86.075,33.753],[-86.025,33.739],[-85.975,33.725],[-85.975,33.725],[-85.925,33.711],[-85.875,33.697],[-85.825,33.683],[-85.798,33.675],[-85.775,33.668],[-85.725,33.655],[-85.675,33.641],[-85.625,33.627],[-85.617,33.625],[-85.575,33.614],[-85.525,33.601],[-85.475,33.588],[-85.426,33.575],[-85.425,33.575],[-85.375,33.562],[-85.325,33.55],[-85.275,33.538],[-85.225,33.527],[-85.217,33.525],[-85.175,33.516],[-85.125,33.505],[-85.075,33.495],[-85.059,33.491]],[[-87.425,33.977],[-87.394,33.975],[-87.375,33.974],[-87.325,33.97],[-87.275,33.967],[-87.225,33.963],[-87.175,33.959],[-87.125,33.955],[-87.075,33.95],[-87.025,33.945],[-86.975,33.94],[-86.925,33.934],[-86.878,33.928]]]}},{"type":"Feature","properties":{"date":"2011-04-05","label":"5 Apr","yday":95,"tier":"five","major":false},"geometry":{"type":"MultiLineString","coordinates":[[[-82.236,33.964],[-82.225,33.967],[-82.19,33.975],[-82.175,33.979],[-82.125,33.99],[-82.075,34.002],[-82.025,34.014],[-81.979,34.025],[-81.975,34.026],[-81.925,34.038],[-81.875,34.05],[-81.825,34.062],[-81.775,34.074],[-81.772,34.075]],[[-86.775,34.047],[-86.725,34.039],[-86.675,34.03],[-86.646,34.025],[-86.625,34.021],[-86.575,34.011],[-86.525,34.001],[-86.475,33.99],[-86.425,33.979],[-86.408,33.975],[-86.375,33.967],[-86.325,33.955],[-86.275,33.942],[-86.225,33.929],[-86.209,33.925],[-86.175,33.916],[-86.125,33.902],[-86.075,33.888],[-86.029,33.875],[-86.025,33.874],[-85.975,33.86],[-85.925,33.845],[-85.875,33.83],[-85.856,33.825],[-85.825,33.816],[-85.775,33.801],[-85.725,33.787],[-85.685,33.775],[-85.675,33.772],[-85.625,33.758],[-85.575,33.744],[-85.525,33.729],[-85.509,33.725],[-85.475,33.716],[-85.425,33.702],[-85.375,33.689],[-85.325,33.676],[-85.323,33.675],[-85.275,33.663],[-85.225,33.651],[-85.175,33.639],[-85.125,33.627],[-85.116,33.625],[-85.075,33.616],[-85.025,33.605],[-85.0,33.6]],[[-87.389,34.111],[-87.375,34.11],[-87.325,34.106],[-87.275,34.102],[-87.225,34.098],[-87.175,34.094],[-87.141,34.091]],[[-81.577,34.123],[-81.575,34.123],[-81.568,34.125],[-81.525,34.135],[-81.475,34.147],[-81.425,34.159],[-81.375,34.17],[-81.349,34.175]],[[-80.968,34.232],[-80.925,34.236],[-80.875,34.239],[-80.825,34.241],[-80.775,34.243],[-80.725,34.244],[-80.675,34.244],[-80.625,34.244],[-80.575,34.242],[-80.525,34.24],[-80.475,34.236],[-80.425,34.232],[-80.375,34.228],[-80.35,34.225],[-80.325,34.222],[-80.275,34.216],[-80.225,34.21],[-80.175,34.203],[-80.125,34.196],[-80.075,34.188],[-80.025,34.18],[-79.994,34.175],[-79.975,34.172],[-79.925,34.163],[-79.875,34.154],[-79.825,34.144],[-79.775,34.133],[-79.741,34.125],[-79.725,34.121],[-79.675,34.109],[-79.625,34.095],[-79.575,34.08],[-79.558,34.075],[-79.525,34.064],[-79.475,34.048],[-79.425,34.03],[-79.411,34.025],[-79.375,34.011],[-79.325,33.992],[-79.285,33.975],[-79.275,33.971],[-79.225,33.949],[-79.175,33.926],[-79.173,33.925],[-79.125,33.903],[-79.075,33.878],[-79.068,33.875],[-79.025,33.854],[-78.975,33.829],[-78.967,33.825],[-78.925,33.805],[-78.875,33.78],[-78.864,33.775],[-78.837,33.763]]]}},{"type":"Feature","properties":{"date":"2011-04-06","label":"6 Apr","yday":96,"tier":"day","major":false},"geometry":{"type":"MultiLineString","coordinates":[[[-86.258,34.075],[-86.225,34.067],[-86.175,34.053],[-86.125,34.04],[-86.075,34.026],[-86.072,34.025],[-86.025,34.012],[-85.975,33.997],[-85.925,33.982],[-85.9,33.975],[-85.875,33.968],[-85.825,33.953],[-85.775,33.938],[-85.733,33.925],[-85.725,33.923],[-85.675,33.908],[-85.625,33.893],[-85.575,33.878],[-85.566,33.875],[-85.525,33.863],[-85.475,33.849],[-85.425,33.834],[-85.393,33.825],[-85.375,33.82],[-85.325,33.806],[-85.275,33.793],[-85.225,33.779],[-85.208,33.775],[-85.175,33.767],[-85.125,33.754],[-85.075,33.743],[-85.025,33.731],[-84.996,33.725],[-84.975,33.721],[-84.937,33.713]],[[-86.467,34.125],[-86.425,34.116],[-86.413,34.113]],[[-86.725,34.175],[-86.675,34.166],[-86.625,34.157],[-86.603,34.153]],[[-80.847,34.353],[-80.825,34.354],[-80.775,34.357],[-80.725,34.358],[-80.675,34.359],[-80.625,34.36],[-80.575,34.359],[-80.525,34.358],[-80.475,34.356],[-80.425,34.353],[-80.375,34.35],[-80.325,34.346],[-80.275,34.341],[-80.225,34.336],[-80.175,34.331],[-80.125,34.325],[-80.123,34.325],[-80.075,34.32],[-80.025,34.314],[-79.975,34.308],[-79.925,34.302],[-79.875,34.295],[-79.825,34.288],[-79.775,34.281],[-79.737,34.275],[-79.725,34.273],[-79.675,34.264],[-79.625,34.255],[-79.575,34.244],[-79.525,34.232],[-79.495,34.225],[-79.475,34.22],[-79.425,34.206],[-79.375,34.192],[-79.325,34.176],[-79.321,34.175],[-79.275,34.16],[-79.225,34.142],[-79.181,34.125],[-79.175,34.123],[-79.125,34.102],[-79.075,34.081],[-79.063,34.075],[-79.025,34.058],[-78.975,34.034],[-78.958,34.025],[-78.925,34.009],[-78.875,33.983],[-78.86,33.975],[-78.825,33.957],[-78.775,33.93],[-78.765,33.925],[-78.725,33.905],[-78.675,33.881],[-78.663,33.875],[-78.637,33.863]]]}},{"type":"Feature","properties":{"date":"2011-04-07","label":"7 Apr","yday":97,"tier":"day","major":false},"geometry":{"type":"MultiLineString","coordinates":[[[-85.849,34.101],[-85.825,34.094],[-85.775,34.079],[-85.762,34.075],[-85.725,34.064],[-85.675,34.048],[-85.625,34.033],[-85.599,34.025],[-85.575,34.018],[-85.525,34.002],[-85.475,33.987],[-85.434,33.975],[-85.425,33.972],[-85.375,33.957],[-85.325,33.943],[-85.275,33.929],[-85.262,33.925],[-85.225,33.915],[-85.175,33.901],[-85.125,33.888],[-85.075,33.876],[-85.072,33.875],[-85.025,33.864],[-84.975,33.853],[-84.925,33.842],[-84.875,33.832],[-84.836,33.825],[-84.825,33.823],[-84.775,33.815],[-84.74,33.81]],[[-80.675,34.476],[-80.625,34.477],[-80.575,34.478],[-80.525,34.478],[-80.475,34.477],[-80.425,34.476],[-80.405,34.475],[-80.375,34.474],[-80.325,34.472],[-80.275,34.469],[-80.225,34.466],[-80.175,34.462],[-80.125,34.458],[-80.075,34.455],[-80.025,34.451],[-79.975,34.448],[-79.925,34.444],[-79.875,34.44],[-79.825,34.436],[-79.775,34.432],[-79.725,34.428],[-79.694,34.425],[-79.675,34.423],[-79.625,34.418],[-79.575,34.412],[-79.525,34.405],[-79.475,34.398],[-79.425,34.389],[-79.375,34.38],[-79.347,34.375],[-79.325,34.371],[-79.275,34.36],[-79.225,34.348],[-79.175,34.336],[-79.137,34.325],[-79.125,34.322],[-79.075,34.307],[-79.025,34.291],[-78.98,34.275],[-78.975,34.273],[-78.925,34.254],[-78.875,34.234],[-78.855,34.225],[-78.825,34.211],[-78.775,34.187],[-78.752,34.175],[-78.725,34.161],[-78.675,34.133],[-78.661,34.125],[-78.625,34.105],[-78.575,34.076],[-78.573,34.075],[-78.525,34.049],[-78.479,34.025],[-78.475,34.023],[-78.425,33.999],[-78.375,33.975],[-78.375,33.975],[-78.325,33.954],[-78.275,33.935],[-78.249,33.925]]]}},{"type":"Feature","properties":{"date":"2011-04-08","label":"8 Apr","yday":98,"tier":"day","major":false},"geometry":{"type":"MultiLineString","coordinates":[[[-85.698,34.202],[-85.675,34.195],[-85.625,34.18],[-85.61,34.175],[-85.575,34.164],[-85.525,34.149],[-85.475,34.133],[-85.449,34.125],[-85.425,34.118],[-85.375,34.102],[-85.325,34.087],[-85.284,34.075],[-85.275,34.073],[-85.225,34.058],[-85.175,34.044],[-85.125,34.03],[-85.105,34.025],[-85.075,34.017],[-85.025,34.005],[-84.975,33.993],[-84.925,33.982],[-84.892,33.975],[-84.875,33.972],[-84.825,33.962],[-84.775,33.954],[-84.725,33.947],[-84.675,33.94],[-84.625,33.934],[-84.575,33.93]],[[-80.653,34.597],[-80.625,34.599],[-80.575,34.6],[-80.525,34.601],[-80.475,34.602],[-80.425,34.603],[-80.375,34.602],[-80.325,34.602],[-80.275,34.601],[-80.225,34.6],[-80.175,34.599],[-80.125,34.597],[-80.075,34.596],[-80.025,34.595],[-79.975,34.594],[-79.925,34.593],[-79.875,34.592],[-79.825,34.591],[-79.775,34.591],[-79.725,34.59],[-79.675,34.589],[-79.625,34.587],[-79.575,34.585],[-79.525,34.583],[-79.475,34.58],[-79.425,34.577],[-79.393,34.575],[-79.375,34.574],[-79.325,34.57],[-79.275,34.565],[-79.225,34.56],[-79.175,34.554],[-79.125,34.547],[-79.075,34.54],[-79.025,34.531],[-78.994,34.525],[-78.975,34.521],[-78.925,34.51],[-78.875,34.498],[-78.825,34.484],[-78.795,34.475],[-78.775,34.469],[-78.725,34.451],[-78.675,34.432],[-78.66,34.425],[-78.625,34.41],[-78.575,34.385],[-78.555,34.375],[-78.525,34.359],[-78.475,34.331],[-78.465,34.325],[-78.425,34.302],[-78.377,34.275],[-78.375,34.274],[-78.325,34.246],[-78.286,34.225],[-78.275,34.219],[-78.225,34.195],[-78.181,34.175],[-78.175,34.172],[-78.125,34.153],[-78.075,34.136],[-78.037,34.125],[-78.025,34.122],[-77.975,34.111],[-77.944,34.106]]]}},{"type":"Feature","properties":{"date":"2011-04-09","label":"9 Apr","yday":99,"tier":"day","major":false},"geometry":{"type":"MultiLineString","coordinates":[[[-85.436,34.275],[-85.425,34.272],[-85.375,34.256],[-85.325,34.241],[-85.275,34.226],[-85.273,34.225],[-85.225,34.211],[-85.175,34.197],[-85.125,34.183],[-85.097,34.175],[-85.075,34.169],[-85.025,34.156],[-84.975,34.144],[-84.925,34.132],[-84.89,34.125],[-84.875,34.122],[-84.825,34.113],[-84.775,34.104],[-84.725,34.097],[-84.675,34.091],[-84.625,34.086],[-84.575,34.082],[-84.529,34.079]],[[-80.364,34.736],[-80.325,34.737],[-80.275,34.738],[-80.225,34.739],[-80.175,34.74],[-80.125,34.741],[-80.075,34.743],[-80.025,34.744],[-79.975,34.746],[-79.925,34.748],[-79.875,34.75],[-79.825,34.753],[-79.775,34.756],[-79.725,34.758],[-79.675,34.76],[-79.625,34.762],[-79.575,34.764],[-79.525,34.765],[-79.475,34.766],[-79.425,34.767],[-79.375,34.768],[-79.325,34.769],[-79.275,34.77],[-79.225,34.77],[-79.175,34.77],[-79.125,34.77],[-79.075,34.769],[-79.025,34.766],[-78.975,34.763],[-78.925,34.759],[-78.875,34.753],[-78.825,34.746],[-78.775,34.738],[-78.725,34.728],[-78.712,34.725],[-78.675,34.717],[-78.625,34.703],[-78.575,34.689],[-78.533,34.675],[-78.525,34.672],[-78.475,34.654],[-78.425,34.634],[-78.403,34.625],[-78.375,34.613],[-78.325,34.591],[-78.289,34.575],[-78.275,34.568],[-78.225,34.546],[-78.177,34.525],[-78.175,34.524],[-78.125,34.503],[-78.075,34.483],[-78.053,34.475],[-78.025,34.465],[-77.975,34.449],[-77.925,34.434],[-77.887,34.425],[-77.875,34.422],[-77.825,34.412],[-77.775,34.404],[-77.725,34.398],[-77.675,34.393],[-77.625,34.39]]]}},{"type":"Feature","properties":{"date":"2011-04-10","label":"10 Apr","yday":100,"tier":"five","major":false},"geometry":{"type":"MultiLineString","coordinates":[[[-85.045,34.325],[-85.025,34.32],[-84.975,34.308],[-84.925,34.296],[-84.875,34.286],[-84.825,34.276],[-84.816,34.275],[-84.775,34.268],[-84.767,34.267]],[[-77.325,34.718],[-77.275,34.719],[-77.225,34.721],[-77.175,34.722]],[[-77.077,34.727],[-77.075,34.727],[-77.025,34.729],[-76.975,34.732],[-76.925,34.735],[-76.914,34.736]],[[-76.793,34.743],[-76.775,34.744],[-76.746,34.746]],[[-80.164,34.886],[-80.125,34.889],[-80.075,34.892],[-80.025,34.896],[-79.975,34.901],[-79.925,34.906],[-79.875,34.911],[-79.825,34.916],[-79.775,34.922],[-79.742,34.925],[-79.725,34.927],[-79.675,34.932],[-79.625,34.936],[-79.575,34.941],[-79.525,34.946],[-79.475,34.951],[-79.425,34.956],[-79.375,34.961],[-79.325,34.966],[-79.275,34.971],[-79.238,34.975],[-79.225,34.976],[-79.175,34.981],[-79.125,34.985],[-79.075,34.989],[-79.025,34.992],[-78.975,34.994],[-78.925,34.995],[-78.875,34.995],[-78.825,34.992],[-78.775,34.989],[-78.725,34.984],[-78.675,34.977],[-78.66,34.975],[-78.625,34.969],[-78.575,34.961],[-78.525,34.95],[-78.475,34.939],[-78.425,34.927],[-78.416,34.925],[-78.375,34.914],[-78.325,34.9],[-78.275,34.886],[-78.238,34.875],[-78.225,34.871],[-78.175,34.856],[-78.125,34.841],[-78.075,34.826],[-78.073,34.825],[-78.025,34.811],[-77.975,34.797],[-77.925,34.783],[-77.891,34.775],[-77.875,34.771],[-77.825,34.76],[-77.775,34.75],[-77.725,34.741],[-77.675,34.734],[-77.625,34.728],[-77.588,34.725],[-77.575,34.724],[-77.525,34.721],[-77.475,34.719],[-77.469,34.719]]]}},{"type":"Feature","properties":{"date":"2011-04-11","label":"11 Apr","yday":101,"tier":"day","major":false},"geometry":{"type":"MultiLineString","coordinates":[[[-80.112,35.038],[-80.075,35.042],[-80.025,35.047],[-79.975,35.054],[-79.925,35.06],[-79.875,35.067],[-79.825,35.074],[-79.819,35.075],[-79.775,35.082],[-79.725,35.089],[-79.675,35.097],[-79.625,35.105],[-79.575,35.113],[-79.525,35.121],[-79.502,35.125],[-79.475,35.13],[-79.425,35.138],[-79.375,35.147],[-79.325,35.156],[-79.275,35.165],[-79.225,35.173],[-79.214,35.175],[-79.175,35.181],[-79.125,35.189],[-79.075,35.197],[-79.025,35.203],[-78.975,35.209],[-78.925,35.213],[-78.875,35.217],[-78.825,35.219],[-78.775,35.22],[-78.725,35.219],[-78.675,35.217],[-78.625,35.214],[-78.575,35.21],[-78.525,35.205],[-78.475,35.199],[-78.425,35.192],[-78.375,35.184],[-78.325,35.176],[-78.32,35.175],[-78.275,35.167],[-78.225,35.158],[-78.175,35.148],[-78.125,35.139],[-78.075,35.129],[-78.052,35.125],[-78.025,35.12],[-77.975,35.111],[-77.925,35.102],[-77.875,35.094],[-77.825,35.086],[-77.775,35.079],[-77.74,35.075],[-77.725,35.073],[-77.675,35.068],[-77.625,35.063],[-77.575,35.06],[-77.525,35.057],[-77.475,35.056],[-77.425,35.055],[-77.375,35.055],[-77.325,35.055],[-77.275,35.056],[-77.225,35.057],[-77.175,35.059],[-77.125,35.061],[-77.075,35.063],[-77.025,35.064],[-76.984,35.066]],[[-76.917,35.067],[-76.875,35.068],[-76.825,35.069],[-76.775,35.07]]]}},{"type":"Feature","properties":{"date":"2011-04-12","label":"12 Apr","yday":102,"tier":"day","major":false},"geometry":{"type":"MultiLineString","coordinates":[[[-80.125,35.183],[-80.075,35.189],[-80.025,35.196],[-79.975,35.204],[-79.925,35.212],[-79.875,35.22],[-79.849,35.225],[-79.825,35.229],[-79.775,35.239],[-79.725,35.249],[-79.675,35.259],[-79.625,35.27],[-79.601,35.275],[-79.575,35.281],[-79.525,35.292],[-79.475,35.304],[-79.425,35.316],[-79.386,35.325],[-79.375,35.328],[-79.325,35.339],[-79.275,35.351],[-79.225,35.363],[-79.175,35.374],[-79.171,35.375],[-79.125,35.385],[-79.075,35.395],[-79.025,35.405],[-78.975,35.414],[-78.925,35.422],[-78.904,35.425],[-78.875,35.429],[-78.825,35.435],[-78.775,35.44],[-78.725,35.443],[-78.675,35.446],[-78.625,35.447],[-78.575,35.446],[-78.525,35.445],[-78.475,35.442],[-78.425,35.439],[-78.375,35.435],[-78.325,35.43],[-78.275,35.425],[-78.275,35.425],[-78.225,35.419],[-78.175,35.413],[-78.125,35.407],[-78.075,35.401],[-78.025,35.395],[-77.975,35.389],[-77.925,35.383],[-77.875,35.379],[-77.835,35.375],[-77.825,35.374],[-77.775,35.37],[-77.725,35.367],[-77.675,35.364],[-77.625,35.362],[-77.575,35.361],[-77.525,35.36],[-77.475,35.359],[-77.425,35.36],[-77.375,35.361],[-77.325,35.363],[-77.275,35.366],[-77.225,35.369],[-77.175,35.372],[-77.132,35.375],[-77.125,35.375],[-77.075,35.379],[-77.025,35.382],[-76.975,35.384],[-76.936,35.386]]]}},{"type":"Feature","properties":{"date":"2011-04-13","label":"13 Apr","yday":103,"tier":"day","major":false},"geometry":{"type":"MultiLineString","coordinates":[[[-80.122,35.328],[-80.075,35.335],[-80.025,35.343],[-79.975,35.353],[-79.956,35.356]],[[-79.748,35.402],[-79.725,35.408],[-79.675,35.421],[-79.659,35.425]],[[-78.875,35.641],[-78.825,35.651],[-78.775,35.659],[-78.725,35.667],[-78.675,35.673],[-78.649,35.675]],[[-78.275,35.675],[-78.269,35.675],[-78.225,35.671],[-78.175,35.667],[-78.125,35.661],[-78.075,35.656],[-78.025,35.651],[-77.975,35.645],[-77.925,35.64],[-77.875,35.635],[-77.825,35.631],[-77.775,35.628],[-77.727,35.625],[-77.725,35.625],[-77.675,35.623],[-77.625,35.621],[-77.575,35.62],[-77.525,35.62],[-77.475,35.621],[-77.425,35.623],[-77.38,35.625],[-77.375,35.625],[-77.325,35.629],[-77.275,35.634],[-77.225,35.64],[-77.175,35.645],[-77.125,35.651],[-77.075,35.657],[-77.025,35.663],[-76.975,35.668],[-76.925,35.673],[-76.905,35.675],[-76.875,35.678],[-76.825,35.682],[-76.775,35.687],[-76.725,35.691],[-76.708,35.692]],[[-75.975,35.715],[-75.925,35.715],[-75.885,35.715]]]}},{"type":"Feature","properties":{"date":"2011-04-14","label":"14 Apr","yday":104,"tier":"day","major":false},"geometry":{"type":"MultiLineString","coordinates":[[[-78.01,35.89],[-77.975,35.885],[-77.925,35.879],[-77.886,35.875],[-77.875,35.874],[-77.825,35.869],[-77.775,35.865],[-77.725,35.862],[-77.675,35.86],[-77.625,35.858],[-77.575,35.858],[-77.525,35.858],[-77.475,35.859],[-77.425,35.862],[-77.375,35.865],[-77.325,35.87],[-77.275,35.875],[-77.273,35.875],[-77.225,35.881],[-77.175,35.887],[-77.125,35.895],[-77.075,35.903],[-77.025,35.911],[-76.975,35.92],[-76.945,35.925],[-76.925,35.929],[-76.875,35.938],[-76.825,35.948],[-76.775,35.957],[-76.725,35.967],[-76.718,35.968]]]}},{"type":"Feature","properties":{"date":"2011-04-15","label":"15 Apr","yday":105,"tier":"index","major":true},"geometry":{"type":"MultiLineString","coordinates":[[[-77.81,36.09],[-77.775,36.087],[-77.725,36.084],[-77.675,36.081],[-77.625,36.08],[-77.575,36.079],[-77.525,36.08],[-77.475,36.082],[-77.425,36.084],[-77.375,36.088],[-77.325,36.094],[-77.275,36.1],[-77.225,36.107],[-77.175,36.115],[-77.125,36.125],[-77.125,36.125],[-77.075,36.135],[-77.025,36.147],[-76.975,36.159],[-76.925,36.172],[-76.915,36.175],[-76.875,36.186],[-76.825,36.2],[-76.775,36.214],[-76.766,36.216]],[[-76.65,36.25],[-76.625,36.257],[-76.575,36.271],[-76.562,36.275],[-76.525,36.286],[-76.51,36.29]]]}},{"type":"Feature","properties":{"date":"2011-04-16","label":"16 Apr","yday":106,"tier":"day","major":false},"geometry":{"type":"MultiLineString","coordinates":[[[-77.657,36.293],[-77.625,36.292],[-77.575,36.292],[-77.525,36.294],[-77.475,36.297],[-77.425,36.301],[-77.375,36.307],[-77.325,36.313],[-77.275,36.321],[-77.255,36.325],[-77.225,36.331],[-77.175,36.342],[-77.125,36.354],[-77.075,36.368],[-77.052,36.375],[-77.025,36.383],[-76.975,36.399],[-76.925,36.415],[-76.892,36.425],[-76.875,36.43],[-76.825,36.446],[-76.775,36.462],[-76.733,36.475],[-76.725,36.477],[-76.675,36.493],[-76.625,36.508],[-76.575,36.524],[-76.572,36.525],[-76.525,36.54],[-76.475,36.557],[-76.425,36.575],[-76.424,36.575],[-76.375,36.593],[-76.325,36.614]]]}},{"type":"Feature","properties":{"date":"2011-04-17","label":"17 Apr","yday":107,"tier":"day","major":false},"geometry":{"type":"MultiLineString","coordinates":[[[-77.712,36.512],[-77.675,36.511],[-77.625,36.511],[-77.575,36.512],[-77.525,36.515],[-77.475,36.519],[-77.425,36.525],[-77.424,36.525],[-77.375,36.533],[-77.325,36.542],[-77.275,36.553],[-77.225,36.566],[-77.19,36.575],[-77.175,36.579],[-77.125,36.594],[-77.075,36.609],[-77.025,36.625],[-77.023,36.625],[-76.975,36.64],[-76.925,36.655],[-76.875,36.669],[-76.851,36.675],[-76.825,36.681],[-76.775,36.693],[-76.725,36.705],[-76.675,36.716],[-76.639,36.725],[-76.625,36.728],[-76.587,36.737]]]}}]}