{"type":"FeatureCollection","features":[{"type":"Feature","properties":{"date":"2017-02-07","label":"7 Feb","yday":38,"tier":"day","major":false},"geometry":{"type":"MultiLineString","coordinates":[[[-82.075,26.695],[-82.025,26.704],[-81.975,26.713],[-81.928,26.722]],[[-81.491,26.825],[-81.475,26.829],[-81.469,26.831]]]}},{"type":"Feature","properties":{"date":"2017-02-08","label":"8 Feb","yday":39,"tier":"day","major":false},"geometry":{"type":"MultiLineString","coordinates":[[[-82.325,26.925],[-82.323,26.925],[-82.275,26.932],[-82.225,26.94],[-82.207,26.943]],[[-82.068,26.968],[-82.032,26.975],[-82.025,26.976],[-81.975,26.987],[-81.925,26.999],[-81.875,27.011],[-81.825,27.024],[-81.822,27.025],[-81.775,27.037],[-81.725,27.051],[-81.675,27.065],[-81.637,27.075],[-81.625,27.078],[-81.575,27.092],[-81.525,27.106],[-81.475,27.12],[-81.459,27.125],[-81.425,27.135],[-81.375,27.149],[-81.325,27.163],[-81.28,27.175],[-81.275,27.176],[-81.273,27.177]]]}},{"type":"Feature","properties":{"date":"2017-02-09","label":"9 Feb","yday":40,"tier":"five","major":false},"geometry":{"type":"MultiLineString","coordinates":[[[-82.49,27.19],[-82.475,27.193],[-82.425,27.202],[-82.375,27.211],[-82.325,27.221],[-82.306,27.225],[-82.275,27.231],[-82.225,27.242],[-82.175,27.253],[-82.125,27.264],[-82.08,27.275],[-82.075,27.276],[-82.025,27.288],[-81.975,27.301],[-81.925,27.314],[-81.881,27.325],[-81.875,27.327],[-81.825,27.34],[-81.775,27.353],[-81.725,27.367],[-81.697,27.375],[-81.675,27.381],[-81.625,27.395],[-81.575,27.409],[-81.525,27.424],[-81.52,27.425],[-81.475,27.438],[-81.425,27.452],[-81.375,27.466],[-81.344,27.475],[-81.325,27.48],[-81.275,27.494],[-81.225,27.508],[-81.175,27.521],[-81.16,27.525],[-81.125,27.534],[-81.075,27.547],[-81.025,27.559],[-80.975,27.57],[-80.953,27.575],[-80.925,27.581],[-80.875,27.592],[-80.825,27.602],[-80.775,27.611]]]}},{"type":"Feature","properties":{"date":"2017-02-10","label":"10 Feb","yday":41,"tier":"day","major":false},"geometry":{"type":"MultiLineString","coordinates":[[[-82.625,27.479],[-82.575,27.49],[-82.525,27.502],[-82.475,27.514],[-82.429,27.525],[-82.425,27.526],[-82.375,27.538],[-82.325,27.55],[-82.275,27.562],[-82.225,27.574],[-82.221,27.575],[-82.175,27.586],[-82.125,27.598],[-82.075,27.61],[-82.025,27.622],[-82.011,27.625],[-81.975,27.634],[-81.925,27.646],[-81.875,27.658],[-81.825,27.671],[-81.811,27.675],[-81.775,27.684],[-81.725,27.698],[-81.675,27.712],[-81.632,27.725],[-81.625,27.727],[-81.575,27.742],[-81.525,27.758],[-81.475,27.774],[-81.471,27.775],[-81.425,27.79],[-81.375,27.806],[-81.325,27.822],[-81.314,27.825],[-81.275,27.837],[-81.225,27.852],[-81.175,27.867],[-81.146,27.875],[-81.125,27.881],[-81.075,27.894],[-81.025,27.907],[-80.975,27.919],[-80.949,27.925],[-80.925,27.931]]]}},{"type":"Feature","properties":{"date":"2017-02-11","label":"11 Feb","yday":42,"tier":"day","major":false},"geometry":{"type":"MultiLineString","coordinates":[[[-82.723,27.773],[-82.717,27.775],[-82.675,27.787],[-82.625,27.8]],[[-82.526,27.826],[-82.525,27.826]],[[-82.375,27.86],[-82.325,27.871],[-82.306,27.875],[-82.275,27.882],[-82.225,27.893],[-82.175,27.904],[-82.125,27.915],[-82.084,27.925],[-82.075,27.927],[-82.025,27.939],[-81.975,27.951],[-81.925,27.963],[-81.877,27.975],[-81.875,27.976],[-81.825,27.989],[-81.775,28.004],[-81.725,28.021],[-81.714,28.025],[-81.675,28.039],[-81.625,28.057],[-81.576,28.075],[-81.575,28.075],[-81.525,28.094],[-81.475,28.113],[-81.443,28.125],[-81.425,28.132],[-81.375,28.15],[-81.325,28.167],[-81.303,28.175],[-81.275,28.184],[-81.225,28.201],[-81.175,28.216],[-81.143,28.225],[-81.125,28.23],[-81.075,28.243],[-81.025,28.256],[-80.975,28.267],[-80.969,28.269]]]}},{"type":"Feature","properties":{"date":"2017-02-12","label":"12 Feb","yday":43,"tier":"day","major":false},"geometry":{"type":"MultiLineString","coordinates":[[[-82.779,28.021],[-82.775,28.022],[-82.763,28.025],[-82.725,28.035],[-82.675,28.048],[-82.625,28.061],[-82.575,28.073],[-82.566,28.075],[-82.525,28.084],[-82.475,28.095],[-82.425,28.107],[-82.375,28.118],[-82.344,28.125],[-82.325,28.129],[-82.275,28.141],[-82.225,28.153],[-82.175,28.166],[-82.143,28.175],[-82.125,28.18],[-82.075,28.194],[-82.025,28.208],[-81.975,28.224],[-81.972,28.225],[-81.925,28.24],[-81.875,28.257],[-81.826,28.275],[-81.825,28.275],[-81.775,28.294],[-81.725,28.314],[-81.697,28.325],[-81.675,28.334],[-81.625,28.354],[-81.575,28.375],[-81.574,28.375],[-81.525,28.395],[-81.475,28.415],[-81.45,28.425],[-81.425,28.435],[-81.375,28.453],[-81.325,28.471],[-81.314,28.475],[-81.275,28.487],[-81.225,28.502],[-81.175,28.515],[-81.134,28.525],[-81.125,28.527],[-81.075,28.538],[-81.025,28.548]]]}},{"type":"Feature","properties":{"date":"2017-02-13","label":"13 Feb","yday":44,"tier":"day","major":false},"geometry":{"type":"MultiLineString","coordinates":[[[-82.725,28.256],[-82.675,28.267],[-82.639,28.275],[-82.625,28.278],[-82.575,28.289],[-82.525,28.301],[-82.475,28.312],[-82.425,28.324],[-82.422,28.325],[-82.375,28.337],[-82.325,28.349],[-82.275,28.363],[-82.233,28.375],[-82.225,28.377],[-82.175,28.392],[-82.125,28.408],[-82.075,28.425],[-82.074,28.425],[-82.025,28.442],[-81.975,28.461],[-81.938,28.475],[-81.925,28.48],[-81.875,28.5],[-81.825,28.521],[-81.814,28.525],[-81.775,28.542],[-81.725,28.563],[-81.697,28.575],[-81.675,28.584],[-81.625,28.605],[-81.577,28.625],[-81.575,28.626],[-81.525,28.646],[-81.475,28.665],[-81.449,28.675],[-81.425,28.684],[-81.375,28.701],[-81.325,28.718],[-81.302,28.725],[-81.275,28.733],[-81.225,28.747],[-81.175,28.76],[-81.125,28.771],[-81.108,28.775],[-81.075,28.782]]]}},{"type":"Feature","properties":{"date":"2017-02-14","label":"14 Feb","yday":45,"tier":"index","major":true},"geometry":{"type":"MultiLineString","coordinates":[[[-82.625,28.482],[-82.575,28.493],[-82.525,28.503],[-82.475,28.515],[-82.434,28.525],[-82.425,28.527],[-82.375,28.54],[-82.325,28.554],[-82.275,28.568],[-82.253,28.575],[-82.225,28.584],[-82.175,28.601],[-82.125,28.619],[-82.108,28.625],[-82.075,28.638],[-82.025,28.658],[-81.983,28.675],[-81.975,28.679],[-81.925,28.7],[-81.875,28.722],[-81.868,28.725],[-81.825,28.744],[-81.775,28.766],[-81.754,28.775],[-81.725,28.787],[-81.675,28.808],[-81.633,28.825],[-81.625,28.828],[-81.575,28.848],[-81.525,28.866],[-81.502,28.875],[-81.475,28.885],[-81.425,28.902],[-81.375,28.919],[-81.354,28.925],[-81.325,28.934],[-81.275,28.949],[-81.225,28.963],[-81.177,28.975],[-81.175,28.976],[-81.125,28.988],[-81.075,28.999],[-81.025,29.01]]]}},{"type":"Feature","properties":{"date":"2017-02-15","label":"15 Feb","yday":46,"tier":"day","major":false},"geometry":{"type":"MultiLineString","coordinates":[[[-82.625,28.684],[-82.575,28.693],[-82.525,28.704],[-82.475,28.715],[-82.431,28.725],[-82.425,28.726],[-82.375,28.739],[-82.325,28.753],[-82.275,28.769],[-82.257,28.775],[-82.225,28.786],[-82.175,28.805],[-82.126,28.825],[-82.125,28.825],[-82.075,28.846],[-82.025,28.868],[-82.009,28.875],[-81.975,28.89],[-81.925,28.912],[-81.896,28.925],[-81.875,28.934],[-81.825,28.956],[-81.781,28.975],[-81.775,28.978],[-81.725,28.998],[-81.675,29.019],[-81.659,29.025],[-81.625,29.039],[-81.575,29.058],[-81.528,29.075],[-81.525,29.076],[-81.475,29.094],[-81.425,29.111],[-81.381,29.125],[-81.375,29.127],[-81.325,29.142],[-81.275,29.157],[-81.225,29.171],[-81.209,29.175],[-81.175,29.184],[-81.125,29.197],[-81.075,29.209],[-81.025,29.221],[-81.022,29.222]],[[-94.64,29.76],[-94.625,29.76],[-94.575,29.758],[-94.525,29.756],[-94.475,29.754],[-94.425,29.751]]]}},{"type":"Feature","properties":{"date":"2017-02-16","label":"16 Feb","yday":47,"tier":"day","major":false},"geometry":{"type":"MultiLineString","coordinates":[[[-82.642,28.892],[-82.625,28.895],[-82.575,28.905],[-82.525,28.915],[-82.479,28.925],[-82.475,28.926],[-82.425,28.938],[-82.375,28.952],[-82.325,28.967],[-82.301,28.975],[-82.275,28.984],[-82.225,29.001],[-82.175,29.021],[-82.164,29.025],[-82.125,29.041],[-82.075,29.062],[-82.045,29.075],[-82.025,29.084],[-81.975,29.106],[-81.932,29.125],[-81.925,29.128],[-81.875,29.15],[-81.825,29.172],[-81.818,29.175],[-81.775,29.194],[-81.725,29.215],[-81.7,29.225],[-81.675,29.235],[-81.625,29.255],[-81.575,29.274],[-81.573,29.275],[-81.525,29.293],[-81.475,29.311],[-81.433,29.325],[-81.425,29.328],[-81.375,29.344],[-81.325,29.36],[-81.275,29.375],[-81.275,29.375],[-81.225,29.39],[-81.175,29.404],[-81.125,29.418],[-81.119,29.419]]]}},{"type":"Feature","properties":{"date":"2017-02-17","label":"17 Feb","yday":48,"tier":"day","major":false},"geometry":{"type":"MultiLineString","coordinates":[[[-82.754,29.104],[-82.725,29.109],[-82.675,29.118],[-82.636,29.125],[-82.625,29.127],[-82.575,29.137],[-82.525,29.148],[-82.475,29.16],[-82.425,29.173],[-82.417,29.175],[-82.375,29.187],[-82.325,29.202],[-82.275,29.219],[-82.257,29.225],[-82.225,29.237],[-82.175,29.257],[-82.13,29.275],[-82.125,29.277],[-82.075,29.299],[-82.025,29.32],[-82.015,29.325],[-81.975,29.343],[-81.925,29.365],[-81.901,29.375],[-81.875,29.387],[-81.825,29.408],[-81.786,29.425],[-81.775,29.43],[-81.725,29.451],[-81.675,29.472],[-81.666,29.475],[-81.625,29.492],[-81.575,29.511],[-81.539,29.525],[-81.525,29.53],[-81.475,29.549],[-81.425,29.567],[-81.401,29.575],[-81.375,29.584],[-81.325,29.601],[-81.275,29.616],[-81.247,29.625],[-81.225,29.632]],[[-94.375,30.114],[-94.325,30.113],[-94.275,30.111],[-94.225,30.109],[-94.175,30.107],[-94.125,30.104],[-94.075,30.1],[-94.025,30.096],[-94.006,30.094]]]}},{"type":"Feature","properties":{"date":"2017-02-18","label":"18 Feb","yday":49,"tier":"day","major":false},"geometry":{"type":"MultiLineString","coordinates":[[[-83.111,29.311],[-83.075,29.315],[-83.025,29.322],[-82.999,29.325],[-82.975,29.328],[-82.925,29.336],[-82.875,29.343],[-82.825,29.351],[-82.775,29.36],[-82.725,29.369],[-82.692,29.375],[-82.675,29.378],[-82.625,29.389],[-82.575,29.4],[-82.525,29.412],[-82.475,29.425],[-82.475,29.425],[-82.425,29.439],[-82.375,29.454],[-82.325,29.471],[-82.312,29.475],[-82.275,29.488],[-82.225,29.506],[-82.176,29.525],[-82.175,29.525],[-82.125,29.546],[-82.075,29.566],[-82.055,29.575],[-82.025,29.588],[-81.975,29.609],[-81.938,29.625],[-81.925,29.631],[-81.875,29.653],[-81.825,29.674],[-81.823,29.675],[-81.775,29.695],[-81.725,29.716],[-81.704,29.725],[-81.675,29.737],[-81.625,29.757],[-81.58,29.775],[-81.575,29.777],[-81.525,29.796],[-81.475,29.815],[-81.446,29.825],[-81.425,29.832],[-81.375,29.849],[-81.325,29.865],[-81.318,29.868]],[[-93.531,30.231],[-93.525,30.23],[-93.483,30.225]],[[-94.778,30.278],[-94.775,30.278],[-94.725,30.28],[-94.675,30.283]],[[-94.39,30.29],[-94.375,30.29],[-94.325,30.29],[-94.275,30.29],[-94.225,30.289],[-94.175,30.288],[-94.125,30.286],[-94.075,30.284],[-94.025,30.281],[-93.975,30.278],[-93.933,30.275],[-93.925,30.274],[-93.879,30.271]]]}},{"type":"Feature","properties":{"date":"2017-02-19","label":"19 Feb","yday":50,"tier":"five","major":false},"geometry":{"type":"MultiLineString","coordinates":[[[-83.375,29.558],[-83.325,29.565],[-83.275,29.572],[-83.25,29.575],[-83.225,29.578],[-83.175,29.585],[-83.125,29.593],[-83.075,29.6],[-83.025,29.608],[-82.975,29.616],[-82.925,29.625],[-82.923,29.625],[-82.875,29.634],[-82.825,29.643],[-82.775,29.653],[-82.725,29.663],[-82.675,29.674],[-82.672,29.675],[-82.625,29.686],[-82.575,29.699],[-82.525,29.712],[-82.477,29.725],[-82.475,29.726],[-82.425,29.74],[-82.375,29.756],[-82.325,29.773],[-82.318,29.775],[-82.275,29.79],[-82.225,29.809],[-82.183,29.825],[-82.175,29.828],[-82.125,29.848],[-82.075,29.868],[-82.058,29.875],[-82.025,29.888],[-81.975,29.909],[-81.937,29.925],[-81.925,29.93],[-81.875,29.951],[-81.825,29.971],[-81.816,29.975],[-81.775,29.992],[-81.725,30.013],[-81.694,30.025],[-81.675,30.033],[-81.625,30.052],[-81.575,30.07],[-81.561,30.075],[-81.525,30.087],[-81.475,30.104],[-81.425,30.119],[-81.405,30.125],[-81.375,30.134]],[[-94.825,30.44],[-94.775,30.444],[-94.725,30.447],[-94.699,30.449]],[[-94.475,30.461],[-94.425,30.463],[-94.375,30.465],[-94.325,30.467],[-94.275,30.468],[-94.225,30.469],[-94.175,30.469],[-94.125,30.469],[-94.075,30.469],[-94.025,30.468],[-93.975,30.466],[-93.925,30.464],[-93.875,30.462],[-93.825,30.459],[-93.775,30.456],[-93.725,30.452],[-93.675,30.448],[-93.625,30.444],[-93.575,30.44],[-93.525,30.435],[-93.475,30.43],[-93.425,30.425],[-93.421,30.425],[-93.375,30.421],[-93.325,30.416],[-93.275,30.412],[-93.225,30.407],[-93.175,30.404],[-93.125,30.401],[-93.075,30.398],[-93.025,30.397],[-92.975,30.395],[-92.925,30.395],[-92.875,30.394],[-92.825,30.395],[-92.775,30.395],[-92.725,30.396],[-92.675,30.397],[-92.625,30.398],[-92.575,30.4],[-92.525,30.402],[-92.497,30.403]]]}},{"type":"Feature","properties":{"date":"2017-02-20","label":"20 Feb","yday":51,"tier":"day","major":false},"geometry":{"type":"MultiLineString","coordinates":[[[-85.179,29.679],[-85.175,29.679],[-85.125,29.677],[-85.123,29.677]],[[-83.582,29.832],[-83.575,29.833],[-83.525,29.841],[-83.475,29.849],[-83.425,29.857],[-83.375,29.865],[-83.325,29.873],[-83.313,29.875],[-83.275,29.882],[-83.225,29.89],[-83.175,29.899],[-83.125,29.908],[-83.075,29.918],[-83.039,29.925],[-83.025,29.928],[-82.975,29.938],[-82.925,29.949],[-82.875,29.96],[-82.825,29.971],[-82.809,29.975],[-82.775,29.983],[-82.725,29.996],[-82.675,30.009],[-82.625,30.022],[-82.614,30.025],[-82.575,30.036],[-82.525,30.051],[-82.475,30.066],[-82.445,30.075],[-82.425,30.081],[-82.375,30.097],[-82.325,30.114],[-82.291,30.125],[-82.275,30.13],[-82.225,30.148],[-82.175,30.165],[-82.146,30.175],[-82.125,30.182],[-82.075,30.2],[-82.025,30.217],[-82.004,30.225],[-81.975,30.235],[-81.925,30.254],[-81.875,30.272],[-81.868,30.275],[-81.825,30.291],[-81.775,30.31],[-81.732,30.325],[-81.725,30.327],[-81.675,30.344],[-81.625,30.359],[-81.575,30.373],[-81.57,30.375],[-81.525,30.388],[-81.475,30.402],[-81.425,30.415]],[[-94.62,30.62],[-94.575,30.624],[-94.561,30.625],[-94.525,30.628],[-94.475,30.631],[-94.425,30.635],[-94.375,30.639],[-94.325,30.642],[-94.275,30.645],[-94.225,30.647],[-94.175,30.65],[-94.125,30.652],[-94.075,30.653],[-94.025,30.654],[-93.975,30.655],[-93.925,30.655],[-93.875,30.655],[-93.825,30.654],[-93.775,30.652],[-93.725,30.651],[-93.675,30.649],[-93.625,30.647],[-93.575,30.644],[-93.525,30.642],[-93.475,30.639],[-93.425,30.636],[-93.375,30.634],[-93.325,30.631],[-93.275,30.628],[-93.225,30.626],[-93.209,30.625],[-93.175,30.623],[-93.125,30.621],[-93.075,30.62],[-93.025,30.618],[-92.975,30.617],[-92.925,30.616],[-92.875,30.616],[-92.825,30.616],[-92.775,30.616],[-92.725,30.617],[-92.675,30.618],[-92.625,30.619],[-92.575,30.621],[-92.525,30.623],[-92.489,30.625],[-92.475,30.626],[-92.425,30.628],[-92.422,30.628]]]}},{"type":"Feature","properties":{"date":"2017-02-21","label":"21 Feb","yday":52,"tier":"day","major":false},"geometry":{"type":"MultiLineString","coordinates":[[[-85.468,29.982],[-85.425,29.98],[-85.375,29.977],[-85.34,29.975],[-85.325,29.974],[-85.275,29.972],[-85.225,29.971],[-85.175,29.97],[-85.125,29.97],[-85.075,29.97],[-85.025,29.971],[-84.975,29.973],[-84.925,29.975],[-84.918,29.975],[-84.875,29.977],[-84.825,29.98],[-84.775,29.984],[-84.725,29.988],[-84.675,29.993],[-84.625,29.997],[-84.575,30.002],[-84.525,30.008],[-84.475,30.013],[-84.432,30.018]],[[-84.42,30.02],[-84.377,30.025],[-84.375,30.025],[-84.375,30.025]],[[-83.981,30.081],[-83.975,30.082],[-83.925,30.09],[-83.875,30.098],[-83.825,30.107],[-83.775,30.115],[-83.725,30.124],[-83.719,30.125],[-83.675,30.133],[-83.625,30.142],[-83.575,30.151],[-83.525,30.16],[-83.475,30.17],[-83.449,30.175],[-83.425,30.18],[-83.375,30.19],[-83.325,30.2],[-83.275,30.211],[-83.225,30.222],[-83.211,30.225],[-83.175,30.233],[-83.125,30.245],[-83.075,30.257],[-83.025,30.269],[-83.002,30.275],[-82.975,30.282],[-82.925,30.295],[-82.875,30.308],[-82.825,30.322],[-82.816,30.325],[-82.775,30.337],[-82.725,30.351],[-82.675,30.366],[-82.646,30.375],[-82.625,30.382],[-82.575,30.397],[-82.525,30.413],[-82.487,30.425],[-82.475,30.429],[-82.425,30.445],[-82.375,30.461],[-82.331,30.475],[-82.325,30.477],[-82.275,30.493],[-82.225,30.509],[-82.175,30.525],[-82.175,30.525],[-82.125,30.54],[-82.075,30.556],[-82.025,30.571],[-82.011,30.575],[-81.975,30.586],[-81.925,30.6],[-81.875,30.614],[-81.835,30.625],[-81.825,30.628],[-81.775,30.641],[-81.725,30.654],[-81.675,30.666],[-81.639,30.675],[-81.625,30.678],[-81.575,30.69],[-81.525,30.701],[-81.506,30.706]],[[-89.975,30.3],[-89.925,30.281],[-89.911,30.275]],[[-94.771,30.771],[-94.733,30.775],[-94.725,30.776],[-94.675,30.78],[-94.625,30.785],[-94.575,30.79],[-94.525,30.795],[-94.475,30.8],[-94.425,30.805],[-94.375,30.81],[-94.325,30.815],[-94.275,30.82],[-94.225,30.825],[-94.222,30.825],[-94.175,30.829],[-94.125,30.833],[-94.075,30.837],[-94.025,30.84],[-93.975,30.842],[-93.925,30.844],[-93.875,30.845],[-93.825,30.846],[-93.775,30.847],[-93.725,30.847],[-93.675,30.847],[-93.625,30.847],[-93.575,30.847],[-93.525,30.846],[-93.475,30.846],[-93.425,30.845],[-93.375,30.844],[-93.325,30.844],[-93.275,30.843],[-93.225,30.842],[-93.175,30.841],[-93.125,30.841],[-93.075,30.84],[-93.025,30.84],[-92.975,30.839],[-92.925,30.839],[-92.875,30.839],[-92.825,30.839],[-92.775,30.839],[-92.725,30.839],[-92.675,30.84],[-92.625,30.842],[-92.575,30.844],[-92.525,30.846],[-92.475,30.848],[-92.425,30.85],[-92.375,30.852],[-92.325,30.854],[-92.275,30.855],[-92.225,30.856],[-92.175,30.857],[-92.125,30.858]],[[-91.225,30.761],[-91.175,30.749],[-91.125,30.736],[-91.084,30.725],[-91.075,30.722],[-91.025,30.708],[-90.975,30.692],[-90.925,30.676],[-90.922,30.675],[-90.875,30.659],[-90.825,30.642],[-90.779,30.625],[-90.775,30.623],[-90.725,30.605],[-90.675,30.586],[-90.648,30.575],[-90.625,30.566],[-90.575,30.546],[-90.525,30.526],[-90.522,30.525],[-90.475,30.506],[-90.425,30.485],[-90.4,30.475],[-90.375,30.465],[-90.347,30.453]]]}},{"type":"Feature","properties":{"date":"2017-02-22","label":"22 Feb","yday":53,"tier":"day","major":false},"geometry":{"type":"MultiLineString","coordinates":[[[-85.684,30.284],[-85.675,30.284],[-85.625,30.28],[-85.575,30.276],[-85.554,30.275],[-85.525,30.273],[-85.475,30.271],[-85.425,30.269],[-85.375,30.268],[-85.325,30.267],[-85.275,30.266],[-85.225,30.267],[-85.175,30.267],[-85.125,30.268],[-85.075,30.27],[-85.025,30.271],[-84.975,30.274],[-84.949,30.275],[-84.925,30.276],[-84.875,30.279],[-84.825,30.283],[-84.775,30.286],[-84.725,30.29],[-84.675,30.295],[-84.625,30.299],[-84.575,30.304],[-84.525,30.309],[-84.475,30.315],[-84.425,30.321],[-84.39,30.325],[-84.375,30.327],[-84.325,30.333],[-84.275,30.34],[-84.225,30.348],[-84.175,30.356],[-84.125,30.364],[-84.075,30.372],[-84.056,30.375],[-84.025,30.38],[-83.975,30.389],[-83.925,30.397],[-83.875,30.406],[-83.825,30.416],[-83.776,30.425],[-83.775,30.425],[-83.725,30.435],[-83.675,30.444],[-83.625,30.454],[-83.575,30.465],[-83.527,30.475],[-83.525,30.475],[-83.475,30.486],[-83.425,30.497],[-83.375,30.509],[-83.325,30.521],[-83.308,30.525],[-83.275,30.533],[-83.225,30.546],[-83.175,30.559],[-83.125,30.573],[-83.117,30.575],[-83.075,30.587],[-83.025,30.601],[-82.975,30.616],[-82.947,30.625],[-82.925,30.632],[-82.875,30.647],[-82.825,30.664],[-82.792,30.675],[-82.775,30.68],[-82.725,30.697],[-82.675,30.715],[-82.645,30.725],[-82.625,30.732],[-82.575,30.749],[-82.525,30.767],[-82.502,30.775],[-82.475,30.784],[-82.425,30.801],[-82.375,30.818],[-82.354,30.825],[-82.325,30.834],[-82.275,30.85],[-82.225,30.865],[-82.192,30.875],[-82.175,30.88],[-82.125,30.893],[-82.075,30.906],[-82.025,30.919],[-81.999,30.925],[-81.975,30.931],[-81.925,30.942],[-81.875,30.952],[-81.825,30.963],[-81.775,30.972],[-81.76,30.975],[-81.725,30.981],[-81.675,30.99],[-81.625,30.999],[-81.575,31.007],[-81.525,31.014],[-81.479,31.021]],[[-86.144,30.344],[-86.125,30.341],[-86.075,30.333],[-86.025,30.326],[-86.018,30.325],[-85.975,30.319],[-85.925,30.312],[-85.875,30.305],[-85.848,30.302]],[[-87.844,30.394],[-87.825,30.396],[-87.775,30.402],[-87.725,30.408],[-87.675,30.414],[-87.625,30.421],[-87.596,30.425],[-87.575,30.428],[-87.525,30.435],[-87.475,30.441],[-87.425,30.447],[-87.4,30.45]],[[-87.355,30.455],[-87.325,30.458],[-87.275,30.462],[-87.225,30.465],[-87.184,30.466]],[[-86.925,30.448],[-86.875,30.442],[-86.825,30.435],[-86.775,30.428],[-86.75,30.425]],[[-95.15,30.9],[-95.125,30.902],[-95.075,30.906],[-95.025,30.91],[-94.975,30.914],[-94.925,30.918],[-94.875,30.923],[-94.852,30.925],[-94.825,30.928],[-94.775,30.933],[-94.725,30.938],[-94.675,30.943],[-94.625,30.949],[-94.575,30.955],[-94.525,30.961],[-94.475,30.967],[-94.425,30.974],[-94.414,30.975],[-94.375,30.98],[-94.325,30.986],[-94.275,30.992],[-94.225,30.998],[-94.175,31.004],[-94.125,31.01],[-94.075,31.015],[-94.025,31.019],[-93.975,31.023],[-93.951,31.025],[-93.925,31.027],[-93.875,31.03],[-93.825,31.033],[-93.775,31.036],[-93.725,31.038],[-93.675,31.04],[-93.625,31.042],[-93.575,31.044],[-93.525,31.045],[-93.475,31.047],[-93.425,31.048],[-93.375,31.049],[-93.325,31.051],[-93.275,31.052],[-93.225,31.053],[-93.175,31.054],[-93.125,31.055],[-93.075,31.056],[-93.025,31.057],[-92.975,31.058],[-92.925,31.059],[-92.875,31.06],[-92.825,31.06],[-92.775,31.061],[-92.725,31.062],[-92.675,31.063],[-92.625,31.064],[-92.575,31.066],[-92.566,31.066]],[[-91.375,31.029],[-91.351,31.025],[-91.325,31.021],[-91.275,31.012],[-91.225,31.003],[-91.175,30.994],[-91.125,30.983],[-91.088,30.975],[-91.075,30.972],[-91.025,30.96],[-90.975,30.948],[-90.925,30.935],[-90.888,30.925],[-90.875,30.921],[-90.825,30.907],[-90.775,30.892],[-90.725,30.877],[-90.718,30.875],[-90.675,30.861],[-90.625,30.845],[-90.575,30.828],[-90.565,30.825],[-90.525,30.811],[-90.475,30.794],[-90.425,30.776],[-90.422,30.775],[-90.375,30.758],[-90.325,30.74],[-90.285,30.725],[-90.275,30.721],[-90.225,30.702],[-90.175,30.684],[-90.152,30.675],[-90.125,30.665],[-90.075,30.646],[-90.025,30.627],[-90.021,30.625],[-89.975,30.608],[-89.925,30.589],[-89.888,30.575],[-89.875,30.57],[-89.825,30.552],[-89.775,30.534],[-89.751,30.525],[-89.725,30.516],[-89.675,30.498],[-89.625,30.482],[-89.605,30.475],[-89.575,30.465],[-89.525,30.45],[-89.475,30.434],[-89.443,30.425],[-89.425,30.42],[-89.375,30.406],[-89.325,30.393],[-89.275,30.38],[-89.253,30.375],[-89.225,30.369],[-89.189,30.361]],[[-81.449,31.025],[-81.425,31.028]]]}},{"type":"Feature","properties":{"date":"2017-02-23","label":"23 Feb","yday":54,"tier":"day","major":false},"geometry":{"type":"MultiLineString","coordinates":[[[-87.939,30.689],[-87.925,30.69],[-87.875,30.694],[-87.825,30.698],[-87.775,30.702],[-87.725,30.706],[-87.675,30.71],[-87.625,30.713],[-87.575,30.717],[-87.525,30.72],[-87.475,30.723],[-87.447,30.725],[-87.425,30.726],[-87.375,30.728],[-87.325,30.73],[-87.275,30.731],[-87.225,30.731],[-87.175,30.73],[-87.125,30.729],[-87.075,30.726],[-87.067,30.725],[-87.025,30.721],[-86.975,30.715],[-86.925,30.708],[-86.875,30.699],[-86.825,30.69],[-86.775,30.681],[-86.743,30.675],[-86.725,30.672],[-86.675,30.662],[-86.625,30.653],[-86.575,30.644],[-86.525,30.637],[-86.475,30.63],[-86.434,30.625],[-86.425,30.624],[-86.375,30.618],[-86.325,30.613],[-86.275,30.607],[-86.225,30.601],[-86.175,30.595],[-86.125,30.59],[-86.075,30.584],[-86.025,30.579],[-85.99,30.575],[-85.975,30.573],[-85.925,30.568],[-85.875,30.564],[-85.825,30.559],[-85.775,30.555],[-85.725,30.552],[-85.675,30.549],[-85.625,30.547],[-85.575,30.545],[-85.525,30.544],[-85.475,30.543],[-85.425,30.543],[-85.375,30.543],[-85.325,30.543],[-85.275,30.544],[-85.225,30.546],[-85.175,30.547],[-85.125,30.55],[-85.075,30.552],[-85.025,30.555],[-84.975,30.558],[-84.925,30.561],[-84.875,30.565],[-84.825,30.568],[-84.775,30.573],[-84.747,30.575],[-84.725,30.577],[-84.675,30.581],[-84.625,30.586],[-84.575,30.591],[-84.525,30.597],[-84.475,30.602],[-84.425,30.608],[-84.375,30.614],[-84.325,30.621],[-84.294,30.625],[-84.275,30.628],[-84.225,30.635],[-84.175,30.642],[-84.125,30.65],[-84.075,30.658],[-84.025,30.666],[-83.975,30.674],[-83.972,30.675],[-83.925,30.683],[-83.875,30.692],[-83.825,30.701],[-83.775,30.71],[-83.725,30.72],[-83.699,30.725],[-83.675,30.73],[-83.625,30.74],[-83.575,30.75],[-83.525,30.761],[-83.475,30.772],[-83.463,30.775],[-83.425,30.784],[-83.375,30.796],[-83.325,30.808],[-83.275,30.822],[-83.262,30.825],[-83.225,30.835],[-83.175,30.849],[-83.125,30.864],[-83.09,30.875],[-83.075,30.88],[-83.025,30.896],[-82.975,30.912],[-82.939,30.925],[-82.925,30.93],[-82.875,30.947],[-82.825,30.965],[-82.799,30.975],[-82.775,30.984],[-82.725,31.002],[-82.675,31.022],[-82.666,31.025],[-82.625,31.041],[-82.575,31.06],[-82.536,31.075],[-82.525,31.079],[-82.475,31.097],[-82.425,31.116],[-82.398,31.125],[-82.375,31.133],[-82.325,31.148],[-82.275,31.163],[-82.232,31.175],[-82.225,31.177],[-82.175,31.189],[-82.125,31.201],[-82.075,31.213],[-82.025,31.224],[-82.02,31.225],[-81.975,31.234],[-81.925,31.244],[-81.875,31.254],[-81.825,31.263],[-81.775,31.272],[-81.759,31.275],[-81.725,31.281],[-81.675,31.289],[-81.625,31.297],[-81.575,31.304],[-81.525,31.311],[-81.475,31.318],[-81.425,31.324],[-81.424,31.324]],[[-95.175,31.058],[-95.125,31.062],[-95.075,31.066],[-95.025,31.07],[-94.975,31.074],[-94.965,31.075]],[[-94.754,31.096],[-94.725,31.099],[-94.675,31.106],[-94.625,31.112],[-94.575,31.119],[-94.534,31.125],[-94.525,31.126],[-94.475,31.134],[-94.425,31.141],[-94.375,31.148],[-94.325,31.156],[-94.275,31.163],[-94.225,31.17],[-94.187,31.175],[-94.175,31.177],[-94.125,31.183],[-94.075,31.189],[-94.025,31.195],[-93.975,31.201],[-93.925,31.206],[-93.875,31.211],[-93.825,31.215],[-93.775,31.219],[-93.725,31.224],[-93.706,31.225],[-93.675,31.227],[-93.625,31.231],[-93.575,31.234],[-93.525,31.238],[-93.475,31.241],[-93.425,31.244],[-93.375,31.247],[-93.325,31.25],[-93.275,31.252],[-93.225,31.255],[-93.175,31.257],[-93.125,31.26],[-93.075,31.262],[-93.025,31.264],[-92.975,31.266],[-92.925,31.268],[-92.875,31.27],[-92.825,31.271],[-92.775,31.273],[-92.725,31.274]],[[-91.375,31.254],[-91.325,31.248],[-91.275,31.241],[-91.225,31.234],[-91.175,31.226],[-91.169,31.225],[-91.125,31.218],[-91.075,31.209],[-91.025,31.199],[-90.975,31.189],[-90.925,31.179],[-90.907,31.175],[-90.875,31.168],[-90.825,31.156],[-90.775,31.144],[-90.725,31.132],[-90.699,31.125],[-90.675,31.119],[-90.625,31.105],[-90.575,31.091],[-90.525,31.077],[-90.518,31.075],[-90.475,31.063],[-90.425,31.048],[-90.375,31.033],[-90.35,31.025],[-90.325,31.017],[-90.275,31.002],[-90.225,30.986],[-90.19,30.975],[-90.175,30.97],[-90.125,30.954],[-90.075,30.938],[-90.037,30.925],[-90.025,30.921],[-89.975,30.905],[-89.925,30.888],[-89.884,30.875],[-89.875,30.872],[-89.825,30.856],[-89.775,30.839],[-89.73,30.825],[-89.725,30.824],[-89.675,30.808],[-89.625,30.792],[-89.575,30.778],[-89.566,30.775],[-89.525,30.763],[-89.475,30.749],[-89.425,30.735],[-89.387,30.725],[-89.375,30.722],[-89.325,30.709],[-89.275,30.698],[-89.225,30.686],[-89.175,30.676],[-89.169,30.675],[-89.125,30.667],[-89.075,30.658],[-89.025,30.65],[-88.975,30.644],[-88.925,30.639],[-88.875,30.635],[-88.825,30.632],[-88.775,30.63],[-88.725,30.629],[-88.675,30.629],[-88.625,30.631],[-88.575,30.633],[-88.525,30.636],[-88.475,30.639],[-88.425,30.644],[-88.375,30.649],[-88.325,30.654],[-88.275,30.659],[-88.225,30.664],[-88.175,30.669],[-88.125,30.674],[-88.112,30.675],[-88.075,30.678],[-88.071,30.679]]]}},{"type":"Feature","properties":{"date":"2017-02-24","label":"24 Feb","yday":55,"tier":"five","major":false},"geometry":{"type":"MultiLineString","coordinates":[[[-94.502,31.298],[-94.475,31.302],[-94.425,31.31],[-94.375,31.318],[-94.332,31.325],[-94.325,31.326],[-94.275,31.334],[-94.225,31.342],[-94.175,31.349],[-94.125,31.356],[-94.075,31.363],[-94.025,31.37],[-93.986,31.375],[-93.975,31.376],[-93.925,31.383],[-93.875,31.389],[-93.825,31.394],[-93.775,31.4],[-93.725,31.405],[-93.675,31.41],[-93.625,31.415],[-93.575,31.419],[-93.525,31.424],[-93.51,31.425],[-93.475,31.428],[-93.425,31.432],[-93.375,31.436],[-93.325,31.44],[-93.275,31.444],[-93.225,31.447],[-93.175,31.451],[-93.125,31.454],[-93.075,31.457],[-93.025,31.46],[-92.975,31.463],[-92.925,31.466],[-92.917,31.467]],[[-91.325,31.464],[-91.275,31.459],[-91.225,31.453],[-91.175,31.447],[-91.125,31.44],[-91.075,31.433],[-91.025,31.426],[-91.018,31.425],[-90.975,31.418],[-90.925,31.41],[-90.875,31.401],[-90.825,31.392],[-90.775,31.383],[-90.736,31.375],[-90.725,31.373],[-90.675,31.362],[-90.625,31.351],[-90.575,31.34],[-90.525,31.329],[-90.509,31.325],[-90.475,31.317],[-90.425,31.305],[-90.375,31.292],[-90.325,31.28],[-90.307,31.275],[-90.275,31.267],[-90.225,31.254],[-90.175,31.24],[-90.125,31.227],[-90.119,31.225],[-90.075,31.213],[-90.025,31.199],[-89.975,31.185],[-89.938,31.175],[-89.925,31.171],[-89.875,31.157],[-89.825,31.143],[-89.775,31.129],[-89.758,31.125],[-89.725,31.116],[-89.675,31.102],[-89.625,31.089],[-89.575,31.077],[-89.568,31.075],[-89.525,31.064],[-89.475,31.052],[-89.425,31.041],[-89.375,31.03],[-89.351,31.025],[-89.325,31.019],[-89.275,31.01],[-89.225,31.0],[-89.175,30.992],[-89.125,30.984],[-89.075,30.976],[-89.064,30.975],[-89.025,30.97],[-88.975,30.964],[-88.925,30.959],[-88.875,30.955],[-88.825,30.951],[-88.775,30.948],[-88.725,30.946],[-88.675,30.945],[-88.625,30.944],[-88.575,30.944],[-88.525,30.944],[-88.475,30.945],[-88.425,30.946],[-88.375,30.948],[-88.325,30.949],[-88.275,30.951],[-88.225,30.953],[-88.175,30.954],[-88.125,30.956],[-88.075,30.957],[-88.025,30.959],[-87.975,30.96],[-87.925,30.961],[-87.875,30.962],[-87.825,30.963],[-87.775,30.964],[-87.725,30.965],[-87.675,30.966],[-87.625,30.966],[-87.575,30.966],[-87.525,30.966],[-87.475,30.966],[-87.425,30.965],[-87.375,30.965],[-87.325,30.963],[-87.275,30.962],[-87.225,30.959],[-87.175,30.957],[-87.125,30.953],[-87.075,30.949],[-87.025,30.945],[-86.975,30.94],[-86.925,30.934],[-86.875,30.927],[-86.861,30.925],[-86.825,30.92],[-86.775,30.912],[-86.725,30.904],[-86.675,30.895],[-86.625,30.887],[-86.575,30.878],[-86.555,30.875],[-86.525,30.87],[-86.475,30.862],[-86.425,30.855],[-86.375,30.849],[-86.325,30.843],[-86.275,30.837],[-86.225,30.832],[-86.175,30.826],[-86.161,30.825],[-86.125,30.821],[-86.075,30.816],[-86.025,30.812],[-85.975,30.807],[-85.925,30.803],[-85.875,30.8],[-85.825,30.796],[-85.775,30.793],[-85.725,30.791],[-85.675,30.789],[-85.625,30.787],[-85.575,30.787],[-85.525,30.786],[-85.475,30.786],[-85.425,30.787],[-85.375,30.788],[-85.325,30.79],[-85.275,30.792],[-85.225,30.794],[-85.175,30.796],[-85.125,30.799],[-85.075,30.802],[-85.025,30.805],[-84.975,30.809],[-84.925,30.813],[-84.875,30.817],[-84.825,30.821],[-84.782,30.825],[-84.775,30.826],[-84.725,30.83],[-84.675,30.835],[-84.625,30.84],[-84.575,30.845],[-84.525,30.85],[-84.475,30.855],[-84.425,30.861],[-84.375,30.867],[-84.325,30.873],[-84.307,30.875],[-84.275,30.879],[-84.225,30.885],[-84.175,30.892],[-84.125,30.899],[-84.075,30.907],[-84.025,30.915],[-83.975,30.923],[-83.963,30.925],[-83.925,30.931],[-83.875,30.94],[-83.825,30.948],[-83.775,30.957],[-83.725,30.966],[-83.681,30.975],[-83.675,30.976],[-83.625,30.986],[-83.575,30.996],[-83.525,31.007],[-83.475,31.019],[-83.449,31.025],[-83.425,31.031],[-83.375,31.043],[-83.325,31.056],[-83.275,31.07],[-83.256,31.075],[-83.225,31.084],[-83.175,31.099],[-83.125,31.114],[-83.092,31.125],[-83.075,31.13],[-83.025,31.147],[-82.975,31.164],[-82.944,31.175],[-82.925,31.182],[-82.875,31.2],[-82.825,31.218],[-82.807,31.225],[-82.775,31.237],[-82.725,31.256],[-82.675,31.275],[-82.675,31.275],[-82.625,31.294],[-82.575,31.313],[-82.543,31.325],[-82.525,31.332],[-82.475,31.349],[-82.425,31.367],[-82.4,31.375],[-82.375,31.383],[-82.325,31.399],[-82.275,31.414],[-82.235,31.425],[-82.225,31.428],[-82.175,31.442],[-82.125,31.455],[-82.075,31.468],[-82.046,31.475],[-82.025,31.48],[-81.975,31.492],[-81.925,31.504],[-81.875,31.515],[-81.829,31.525],[-81.825,31.526],[-81.775,31.536],[-81.725,31.547],[-81.675,31.557],[-81.625,31.566],[-81.575,31.575],[-81.575,31.575],[-81.525,31.583],[-81.475,31.591],[-81.425,31.598],[-81.375,31.604],[-81.325,31.609],[-81.275,31.613],[-81.264,31.614]],[[-92.535,31.485],[-92.525,31.485],[-92.475,31.487],[-92.425,31.489],[-92.375,31.491],[-92.325,31.493],[-92.275,31.494],[-92.255,31.495]],[[-81.182,31.618],[-81.175,31.618]]]}},{"type":"Feature","properties":{"date":"2017-02-25","label":"25 Feb","yday":56,"tier":"day","major":false},"geometry":{"type":"MultiLineString","coordinates":[[[-94.417,31.483],[-94.375,31.49],[-94.325,31.498],[-94.275,31.506],[-94.225,31.514],[-94.175,31.522],[-94.155,31.525],[-94.125,31.529],[-94.075,31.537],[-94.025,31.544],[-93.975,31.551],[-93.925,31.557],[-93.875,31.564],[-93.825,31.57],[-93.785,31.575],[-93.775,31.576],[-93.731,31.581]],[[-92.719,31.669],[-92.675,31.671],[-92.625,31.674],[-92.609,31.675],[-92.575,31.677],[-92.525,31.679],[-92.475,31.682],[-92.425,31.684],[-92.375,31.686],[-92.325,31.688],[-92.275,31.689],[-92.225,31.691],[-92.175,31.692],[-92.125,31.693],[-92.075,31.693],[-92.025,31.694],[-91.975,31.694],[-91.925,31.693],[-91.907,31.693]],[[-91.193,31.657],[-91.175,31.655],[-91.125,31.65],[-91.075,31.645],[-91.025,31.639],[-90.975,31.634],[-90.925,31.627],[-90.907,31.625],[-90.875,31.621],[-90.825,31.614],[-90.775,31.607],[-90.725,31.599],[-90.675,31.591],[-90.625,31.583],[-90.579,31.575],[-90.575,31.574],[-90.525,31.565],[-90.475,31.556],[-90.425,31.546],[-90.375,31.537],[-90.325,31.526],[-90.318,31.525],[-90.275,31.516],[-90.225,31.505],[-90.175,31.494],[-90.125,31.483],[-90.091,31.475],[-90.075,31.471],[-90.025,31.46],[-89.975,31.448],[-89.925,31.436],[-89.88,31.425],[-89.875,31.424],[-89.825,31.412],[-89.775,31.399],[-89.725,31.387],[-89.675,31.376],[-89.673,31.375],[-89.625,31.364],[-89.575,31.352],[-89.525,31.341],[-89.475,31.331],[-89.447,31.325],[-89.425,31.321],[-89.375,31.311],[-89.325,31.302],[-89.275,31.294],[-89.225,31.287],[-89.175,31.279],[-89.144,31.275],[-89.125,31.272],[-89.075,31.266],[-89.025,31.26],[-88.975,31.254],[-88.925,31.249],[-88.875,31.245],[-88.825,31.24],[-88.775,31.237],[-88.725,31.233],[-88.675,31.23],[-88.625,31.227],[-88.575,31.225],[-88.574,31.225],[-88.525,31.223],[-88.475,31.221],[-88.425,31.219],[-88.375,31.217],[-88.325,31.216],[-88.275,31.214],[-88.225,31.213],[-88.175,31.212],[-88.125,31.21],[-88.075,31.209],[-88.025,31.207],[-87.975,31.206],[-87.925,31.204],[-87.875,31.202],[-87.825,31.201],[-87.775,31.199],[-87.725,31.197],[-87.675,31.194],[-87.625,31.192],[-87.575,31.19],[-87.525,31.187],[-87.475,31.184],[-87.425,31.181],[-87.375,31.178],[-87.325,31.175],[-87.324,31.175],[-87.275,31.172],[-87.225,31.168],[-87.175,31.164],[-87.125,31.16],[-87.075,31.155],[-87.025,31.151],[-86.975,31.146],[-86.925,31.141],[-86.875,31.136],[-86.825,31.13],[-86.779,31.125],[-86.775,31.124],[-86.725,31.119],[-86.675,31.112],[-86.625,31.106],[-86.575,31.099],[-86.525,31.093],[-86.475,31.086],[-86.425,31.079],[-86.397,31.075],[-86.375,31.072],[-86.325,31.065],[-86.275,31.058],[-86.225,31.051],[-86.175,31.045],[-86.125,31.039],[-86.075,31.033],[-86.025,31.028],[-85.997,31.025],[-85.975,31.023],[-85.925,31.018],[-85.875,31.014],[-85.825,31.01],[-85.775,31.007],[-85.725,31.004],[-85.675,31.002],[-85.625,31.001],[-85.575,31.0],[-85.525,30.999],[-85.475,31.0],[-85.425,31.0],[-85.375,31.001],[-85.325,31.003],[-85.275,31.005],[-85.225,31.008],[-85.175,31.01],[-85.125,31.013],[-85.075,31.017],[-85.025,31.02],[-84.975,31.024],[-84.963,31.025],[-84.925,31.028],[-84.875,31.032],[-84.825,31.037],[-84.775,31.041],[-84.725,31.046],[-84.675,31.051],[-84.625,31.056],[-84.575,31.06],[-84.525,31.065],[-84.475,31.071],[-84.432,31.075],[-84.425,31.076],[-84.375,31.081],[-84.325,31.087],[-84.275,31.093],[-84.225,31.099],[-84.175,31.105],[-84.125,31.112],[-84.075,31.119],[-84.038,31.125],[-84.025,31.127],[-83.975,31.134],[-83.925,31.142],[-83.875,31.151],[-83.825,31.159],[-83.775,31.168],[-83.74,31.175],[-83.725,31.178],[-83.675,31.188],[-83.625,31.198],[-83.575,31.208],[-83.525,31.22],[-83.503,31.225],[-83.475,31.231],[-83.425,31.244],[-83.375,31.256],[-83.325,31.27],[-83.307,31.275],[-83.275,31.284],[-83.225,31.298],[-83.175,31.313],[-83.137,31.325],[-83.125,31.329],[-83.075,31.345],[-83.025,31.361],[-82.984,31.375],[-82.975,31.378],[-82.925,31.395],[-82.875,31.413],[-82.842,31.425],[-82.825,31.431],[-82.775,31.449],[-82.725,31.468],[-82.707,31.475],[-82.675,31.487],[-82.625,31.505],[-82.575,31.524],[-82.571,31.525],[-82.525,31.542],[-82.475,31.56],[-82.434,31.575],[-82.425,31.578],[-82.375,31.596],[-82.325,31.613],[-82.29,31.625],[-82.275,31.63],[-82.225,31.646],[-82.175,31.662],[-82.134,31.675],[-82.125,31.678],[-82.075,31.693],[-82.025,31.707],[-81.975,31.721],[-81.961,31.725],[-81.925,31.735],[-81.875,31.748],[-81.825,31.76],[-81.775,31.772],[-81.764,31.775],[-81.725,31.784],[-81.675,31.795],[-81.625,31.805],[-81.575,31.815],[-81.525,31.824],[-81.52,31.825],[-81.475,31.833],[-81.425,31.841],[-81.375,31.848],[-81.325,31.853],[-81.275,31.858],[-81.225,31.861],[-81.175,31.863],[-81.125,31.863],[-81.112,31.862]]]}},{"type":"Feature","properties":{"date":"2017-02-26","label":"26 Feb","yday":57,"tier":"day","major":false},"geometry":{"type":"MultiLineString","coordinates":[[[-92.84,31.84],[-92.825,31.841],[-92.775,31.845],[-92.725,31.849],[-92.675,31.852],[-92.625,31.856],[-92.575,31.859],[-92.525,31.862],[-92.475,31.865],[-92.425,31.867],[-92.375,31.869],[-92.325,31.871],[-92.275,31.873],[-92.225,31.875],[-92.205,31.875],[-92.175,31.876],[-92.125,31.877],[-92.075,31.877],[-92.025,31.878],[-91.975,31.878],[-91.925,31.878],[-91.875,31.878]],[[-91.059,31.841],[-91.025,31.838],[-90.975,31.834],[-90.925,31.83],[-90.875,31.825],[-90.875,31.825],[-90.825,31.82],[-90.775,31.815],[-90.725,31.809],[-90.675,31.803],[-90.625,31.797],[-90.575,31.791],[-90.525,31.784],[-90.475,31.777],[-90.458,31.775],[-90.425,31.77],[-90.375,31.762],[-90.325,31.755],[-90.275,31.746],[-90.225,31.738],[-90.175,31.729],[-90.152,31.725],[-90.125,31.72],[-90.075,31.711],[-90.025,31.701],[-89.975,31.691],[-89.925,31.681],[-89.895,31.675],[-89.875,31.671],[-89.825,31.661],[-89.775,31.65],[-89.725,31.64],[-89.675,31.629],[-89.654,31.625],[-89.625,31.619],[-89.575,31.609],[-89.525,31.598],[-89.475,31.589],[-89.425,31.579],[-89.402,31.575],[-89.375,31.57],[-89.325,31.561],[-89.275,31.554],[-89.225,31.546],[-89.175,31.54],[-89.125,31.533],[-89.075,31.527],[-89.054,31.525],[-89.025,31.522],[-88.975,31.516],[-88.925,31.511],[-88.875,31.506],[-88.825,31.501],[-88.775,31.496],[-88.725,31.491],[-88.675,31.487],[-88.625,31.482],[-88.575,31.478],[-88.538,31.475],[-88.525,31.474],[-88.475,31.47],[-88.425,31.466],[-88.375,31.462],[-88.325,31.458],[-88.275,31.454],[-88.225,31.45],[-88.175,31.446],[-88.125,31.442],[-88.075,31.438],[-88.025,31.434],[-87.975,31.43],[-87.925,31.426],[-87.914,31.425],[-87.875,31.422],[-87.825,31.418],[-87.775,31.413],[-87.725,31.409],[-87.675,31.405],[-87.625,31.4],[-87.575,31.396],[-87.525,31.391],[-87.475,31.387],[-87.425,31.382],[-87.375,31.377],[-87.354,31.375],[-87.325,31.372],[-87.275,31.367],[-87.225,31.362],[-87.175,31.357],[-87.125,31.352],[-87.075,31.347],[-87.025,31.342],[-86.975,31.337],[-86.925,31.332],[-86.875,31.327],[-86.849,31.325],[-86.825,31.323],[-86.775,31.318],[-86.725,31.313],[-86.675,31.308],[-86.625,31.303],[-86.575,31.298],[-86.525,31.293],[-86.475,31.287],[-86.425,31.282],[-86.375,31.275],[-86.374,31.275],[-86.325,31.268],[-86.275,31.26],[-86.225,31.252],[-86.175,31.244],[-86.125,31.237],[-86.075,31.23],[-86.032,31.225],[-86.025,31.224],[-85.975,31.218],[-85.925,31.213],[-85.875,31.208],[-85.825,31.203],[-85.775,31.199],[-85.725,31.196],[-85.675,31.194],[-85.625,31.192],[-85.575,31.19],[-85.525,31.19],[-85.475,31.189],[-85.425,31.19],[-85.375,31.191],[-85.325,31.192],[-85.275,31.194],[-85.225,31.197],[-85.175,31.199],[-85.125,31.202],[-85.075,31.205],[-85.025,31.209],[-84.975,31.212],[-84.925,31.216],[-84.875,31.22],[-84.825,31.224],[-84.819,31.225],[-84.775,31.229],[-84.725,31.233],[-84.675,31.237],[-84.625,31.242],[-84.575,31.247],[-84.525,31.252],[-84.475,31.257],[-84.425,31.262],[-84.375,31.267],[-84.325,31.273],[-84.308,31.275],[-84.275,31.279],[-84.225,31.285],[-84.175,31.291],[-84.125,31.298],[-84.075,31.305],[-84.025,31.312],[-83.975,31.32],[-83.943,31.325],[-83.925,31.328],[-83.875,31.336],[-83.825,31.345],[-83.775,31.354],[-83.725,31.363],[-83.675,31.374],[-83.668,31.375],[-83.625,31.384],[-83.575,31.395],[-83.525,31.406],[-83.475,31.418],[-83.448,31.425],[-83.425,31.431],[-83.375,31.444],[-83.325,31.457],[-83.275,31.471],[-83.262,31.475],[-83.225,31.486],[-83.175,31.501],[-83.125,31.517],[-83.099,31.525],[-83.075,31.533],[-83.025,31.549],[-82.975,31.566],[-82.95,31.575],[-82.925,31.584],[-82.875,31.601],[-82.825,31.62],[-82.811,31.625],[-82.775,31.638],[-82.725,31.657],[-82.678,31.675],[-82.675,31.676],[-82.625,31.695],[-82.575,31.715],[-82.548,31.725],[-82.525,31.734],[-82.475,31.753],[-82.425,31.772],[-82.418,31.775],[-82.375,31.791],[-82.325,31.81],[-82.283,31.825],[-82.275,31.828],[-82.225,31.846],[-82.175,31.863],[-82.14,31.875],[-82.125,31.88],[-82.075,31.896],[-82.025,31.912],[-81.984,31.925],[-81.975,31.928],[-81.925,31.942],[-81.875,31.956],[-81.825,31.97],[-81.806,31.975],[-81.775,31.983],[-81.725,31.995],[-81.675,32.007],[-81.625,32.018],[-81.592,32.025],[-81.575,32.029],[-81.525,32.038],[-81.475,32.047],[-81.425,32.055],[-81.375,32.062],[-81.325,32.068],[-81.275,32.072],[-81.23,32.075],[-81.225,32.075],[-81.175,32.076],[-81.125,32.076],[-81.109,32.075],[-81.075,32.073],[-81.025,32.07],[-80.975,32.064],[-80.925,32.057]]]}},{"type":"Feature","properties":{"date":"2017-02-27","label":"27 Feb","yday":58,"tier":"day","major":false},"geometry":{"type":"MultiLineString","coordinates":[[[-92.994,31.994],[-92.975,31.995],[-92.925,32.0],[-92.875,32.005],[-92.825,32.009],[-92.775,32.014],[-92.725,32.018],[-92.675,32.022],[-92.635,32.025],[-92.625,32.026],[-92.575,32.029],[-92.525,32.033],[-92.475,32.035],[-92.425,32.038],[-92.375,32.041],[-92.325,32.043],[-92.275,32.045],[-92.225,32.046],[-92.175,32.047],[-92.125,32.048],[-92.075,32.049],[-92.025,32.05]],[[-90.839,32.011],[-90.825,32.01],[-90.775,32.007],[-90.725,32.003],[-90.675,31.999],[-90.625,31.995],[-90.575,31.99],[-90.525,31.985],[-90.475,31.98],[-90.425,31.975],[-90.423,31.975],[-90.375,31.97],[-90.325,31.964],[-90.275,31.957],[-90.225,31.951],[-90.175,31.944],[-90.125,31.937],[-90.075,31.929],[-90.047,31.925],[-90.025,31.921],[-89.975,31.913],[-89.925,31.905],[-89.875,31.897],[-89.825,31.888],[-89.775,31.879],[-89.75,31.875],[-89.725,31.871],[-89.675,31.862],[-89.625,31.853],[-89.575,31.844],[-89.525,31.836],[-89.475,31.827],[-89.462,31.825],[-89.425,31.819],[-89.375,31.811],[-89.325,31.803],[-89.275,31.795],[-89.225,31.788],[-89.175,31.781],[-89.129,31.775],[-89.125,31.774],[-89.075,31.768],[-89.025,31.761],[-88.975,31.755],[-88.925,31.749],[-88.875,31.743],[-88.825,31.737],[-88.775,31.731],[-88.725,31.725],[-88.721,31.725],[-88.675,31.72],[-88.625,31.714],[-88.575,31.708],[-88.525,31.702],[-88.475,31.696],[-88.425,31.69],[-88.375,31.684],[-88.325,31.678],[-88.298,31.675],[-88.275,31.672],[-88.225,31.666],[-88.175,31.66],[-88.125,31.654],[-88.075,31.648],[-88.025,31.642],[-87.975,31.636],[-87.925,31.63],[-87.879,31.625],[-87.875,31.625],[-87.825,31.618],[-87.775,31.612],[-87.725,31.606],[-87.675,31.6],[-87.625,31.594],[-87.575,31.588],[-87.525,31.582],[-87.475,31.576],[-87.465,31.575],[-87.425,31.57],[-87.375,31.564],[-87.325,31.558],[-87.275,31.552],[-87.225,31.545],[-87.175,31.539],[-87.125,31.533],[-87.075,31.527],[-87.053,31.525],[-87.025,31.522],[-86.975,31.516],[-86.925,31.511],[-86.875,31.505],[-86.825,31.5],[-86.775,31.495],[-86.725,31.489],[-86.675,31.484],[-86.625,31.479],[-86.591,31.475],[-86.575,31.473],[-86.525,31.467],[-86.475,31.462],[-86.425,31.455],[-86.375,31.449],[-86.325,31.442],[-86.275,31.435],[-86.225,31.428],[-86.207,31.425],[-86.175,31.42],[-86.125,31.413],[-86.075,31.406],[-86.025,31.4],[-85.975,31.394],[-85.925,31.388],[-85.875,31.383],[-85.825,31.378],[-85.781,31.375],[-85.775,31.375],[-85.725,31.371],[-85.675,31.368],[-85.625,31.366],[-85.575,31.365],[-85.525,31.364],[-85.475,31.363],[-85.425,31.363],[-85.375,31.364],[-85.325,31.366],[-85.275,31.367],[-85.225,31.369],[-85.175,31.372],[-85.125,31.374],[-85.112,31.375],[-85.075,31.377],[-85.025,31.38],[-84.975,31.383],[-84.925,31.386],[-84.875,31.39],[-84.825,31.393],[-84.775,31.397],[-84.725,31.401],[-84.675,31.405],[-84.625,31.409],[-84.575,31.414],[-84.525,31.419],[-84.475,31.423],[-84.46,31.425],[-84.425,31.428],[-84.375,31.434],[-84.325,31.439],[-84.275,31.445],[-84.225,31.451],[-84.175,31.457],[-84.125,31.464],[-84.075,31.471],[-84.048,31.475],[-84.025,31.478],[-83.975,31.486],[-83.925,31.494],[-83.875,31.502],[-83.825,31.511],[-83.775,31.52],[-83.75,31.525],[-83.725,31.53],[-83.675,31.54],[-83.625,31.55],[-83.575,31.562],[-83.525,31.573],[-83.519,31.575],[-83.475,31.586],[-83.425,31.598],[-83.375,31.611],[-83.326,31.625],[-83.325,31.625],[-83.275,31.639],[-83.225,31.654],[-83.175,31.67],[-83.158,31.675],[-83.125,31.685],[-83.075,31.702],[-83.025,31.719],[-83.007,31.725],[-82.975,31.736],[-82.925,31.754],[-82.875,31.772],[-82.868,31.775],[-82.825,31.791],[-82.775,31.81],[-82.737,31.825],[-82.725,31.83],[-82.675,31.849],[-82.625,31.869],[-82.611,31.875],[-82.575,31.89],[-82.525,31.91],[-82.488,31.925],[-82.475,31.93],[-82.425,31.95],[-82.375,31.97],[-82.364,31.975],[-82.325,31.99],[-82.275,32.009],[-82.233,32.025],[-82.225,32.028],[-82.175,32.046],[-82.125,32.063],[-82.091,32.075],[-82.075,32.08],[-82.025,32.097],[-81.975,32.112],[-81.934,32.125],[-81.925,32.128],[-81.875,32.142],[-81.825,32.156],[-81.775,32.17],[-81.754,32.175],[-81.725,32.182],[-81.675,32.194],[-81.625,32.205],[-81.575,32.216],[-81.526,32.225],[-81.525,32.225],[-81.475,32.233],[-81.425,32.241],[-81.375,32.247],[-81.325,32.251],[-81.275,32.255],[-81.225,32.257],[-81.175,32.258],[-81.125,32.257],[-81.075,32.255],[-81.025,32.251],[-80.975,32.246],[-80.925,32.24],[-80.875,32.232],[-80.836,32.225],[-80.825,32.223],[-80.822,32.222]],[[-80.745,32.205],[-80.725,32.201],[-80.704,32.196]]]}},{"type":"Feature","properties":{"date":"2017-02-28","label":"28 Feb","yday":59,"tier":"day","major":false},"geometry":{"type":"MultiLineString","coordinates":[[[-93.025,32.147],[-92.975,32.152],[-92.925,32.157],[-92.875,32.162],[-92.825,32.167],[-92.775,32.171],[-92.737,32.175],[-92.725,32.176],[-92.675,32.18],[-92.625,32.185],[-92.575,32.188],[-92.525,32.192],[-92.475,32.195],[-92.425,32.198],[-92.375,32.2],[-92.325,32.202],[-92.275,32.204],[-92.225,32.206],[-92.175,32.207],[-92.125,32.208],[-92.109,32.209]],[[-90.437,32.163],[-90.425,32.163],[-90.375,32.159],[-90.325,32.154],[-90.275,32.15],[-90.225,32.145],[-90.175,32.139],[-90.125,32.134],[-90.075,32.127],[-90.056,32.125],[-90.025,32.121],[-89.975,32.114],[-89.925,32.107],[-89.875,32.1],[-89.825,32.092],[-89.775,32.085],[-89.725,32.077],[-89.71,32.075],[-89.675,32.07],[-89.625,32.062],[-89.575,32.054],[-89.525,32.047],[-89.475,32.039],[-89.425,32.032],[-89.376,32.025],[-89.375,32.025],[-89.325,32.018],[-89.275,32.011],[-89.225,32.004],[-89.175,31.997],[-89.125,31.99],[-89.075,31.984],[-89.025,31.977],[-89.007,31.975],[-88.975,31.971],[-88.925,31.964],[-88.875,31.958],[-88.825,31.951],[-88.775,31.944],[-88.725,31.938],[-88.675,31.931],[-88.633,31.925],[-88.625,31.924],[-88.575,31.917],[-88.525,31.909],[-88.475,31.902],[-88.425,31.895],[-88.375,31.887],[-88.325,31.88],[-88.292,31.875],[-88.275,31.872],[-88.225,31.865],[-88.175,31.857],[-88.125,31.85],[-88.075,31.842],[-88.025,31.835],[-87.975,31.827],[-87.961,31.825],[-87.925,31.82],[-87.875,31.812],[-87.825,31.805],[-87.775,31.797],[-87.725,31.79],[-87.675,31.783],[-87.625,31.775],[-87.622,31.775],[-87.575,31.768],[-87.525,31.761],[-87.475,31.754],[-87.425,31.747],[-87.375,31.74],[-87.325,31.733],[-87.275,31.726],[-87.27,31.725],[-87.225,31.719],[-87.175,31.712],[-87.125,31.705],[-87.075,31.698],[-87.025,31.692],[-86.975,31.685],[-86.925,31.679],[-86.894,31.675],[-86.875,31.673],[-86.825,31.666],[-86.775,31.66],[-86.725,31.653],[-86.675,31.647],[-86.625,31.641],[-86.575,31.634],[-86.525,31.628],[-86.505,31.625],[-86.475,31.621],[-86.425,31.614],[-86.375,31.607],[-86.325,31.6],[-86.275,31.593],[-86.225,31.586],[-86.175,31.579],[-86.149,31.575],[-86.125,31.572],[-86.075,31.565],[-86.025,31.559],[-85.975,31.553],[-85.925,31.548],[-85.875,31.543],[-85.825,31.539],[-85.775,31.535],[-85.725,31.532],[-85.675,31.53],[-85.625,31.528],[-85.575,31.526],[-85.525,31.525],[-85.5,31.525],[-85.475,31.525],[-85.425,31.525],[-85.41,31.525],[-85.375,31.525],[-85.325,31.526],[-85.275,31.528],[-85.225,31.529],[-85.175,31.531],[-85.125,31.533],[-85.075,31.535],[-85.025,31.537],[-84.975,31.54],[-84.925,31.543],[-84.875,31.546],[-84.825,31.549],[-84.775,31.552],[-84.725,31.555],[-84.675,31.559],[-84.625,31.562],[-84.575,31.566],[-84.525,31.571],[-84.478,31.575],[-84.475,31.575],[-84.425,31.58],[-84.375,31.585],[-84.325,31.59],[-84.275,31.596],[-84.225,31.602],[-84.175,31.608],[-84.125,31.615],[-84.075,31.622],[-84.052,31.625],[-84.025,31.629],[-83.975,31.636],[-83.925,31.644],[-83.875,31.653],[-83.825,31.662],[-83.775,31.671],[-83.757,31.675],[-83.725,31.681],[-83.675,31.691],[-83.625,31.702],[-83.575,31.714],[-83.528,31.725],[-83.525,31.726],[-83.475,31.738],[-83.425,31.751],[-83.375,31.764],[-83.337,31.775],[-83.325,31.778],[-83.275,31.793],[-83.225,31.808],[-83.175,31.824],[-83.17,31.825],[-83.125,31.84],[-83.075,31.856],[-83.025,31.874],[-83.021,31.875],[-82.975,31.891],[-82.925,31.909],[-82.884,31.925],[-82.875,31.928],[-82.825,31.948],[-82.775,31.967],[-82.756,31.975],[-82.725,31.987],[-82.675,32.008],[-82.634,32.025],[-82.625,32.029],[-82.575,32.05],[-82.525,32.071],[-82.516,32.075],[-82.475,32.092],[-82.425,32.113],[-82.397,32.125],[-82.375,32.134],[-82.325,32.154],[-82.275,32.174],[-82.272,32.175],[-82.225,32.192],[-82.175,32.21],[-82.134,32.225],[-82.125,32.228],[-82.075,32.245],[-82.025,32.262],[-81.985,32.275],[-81.975,32.278],[-81.925,32.293],[-81.875,32.308],[-81.825,32.323],[-81.816,32.325],[-81.775,32.336],[-81.725,32.348],[-81.675,32.36],[-81.625,32.371],[-81.605,32.375],[-81.575,32.381],[-81.525,32.389],[-81.475,32.397],[-81.425,32.404],[-81.375,32.409],[-81.325,32.413],[-81.275,32.416],[-81.225,32.417],[-81.175,32.418],[-81.125,32.417],[-81.075,32.414],[-81.025,32.411],[-80.975,32.406],[-80.925,32.4],[-80.875,32.393],[-80.825,32.384],[-80.817,32.383]],[[-80.655,32.345],[-80.625,32.338],[-80.581,32.325],[-80.575,32.323],[-80.539,32.311]]]}},{"type":"Feature","properties":{"date":"2017-03-01","label":"1 Mar","yday":60,"tier":"index","major":true},"geometry":{"type":"MultiLineString","coordinates":[[[-87.505,31.925],[-87.475,31.92],[-87.425,31.912],[-87.375,31.904],[-87.325,31.897],[-87.275,31.889],[-87.225,31.882],[-87.181,31.875],[-87.175,31.874],[-87.125,31.867],[-87.075,31.859],[-87.025,31.852],[-86.975,31.845],[-86.925,31.838],[-86.875,31.83],[-86.837,31.825],[-86.825,31.823],[-86.775,31.816],[-86.725,31.809],[-86.675,31.802],[-86.625,31.794],[-86.575,31.787],[-86.525,31.78],[-86.493,31.775],[-86.475,31.772],[-86.425,31.765],[-86.375,31.757],[-86.325,31.749],[-86.275,31.742],[-86.225,31.734],[-86.175,31.727],[-86.164,31.725],[-86.125,31.719],[-86.075,31.713],[-86.025,31.706],[-85.975,31.701],[-85.925,31.696],[-85.875,31.691],[-85.825,31.687],[-85.775,31.684],[-85.725,31.681],[-85.675,31.679],[-85.625,31.677],[-85.575,31.676],[-85.525,31.675],[-85.525,31.675],[-85.475,31.675],[-85.425,31.674],[-85.375,31.675],[-85.357,31.675],[-85.325,31.675],[-85.275,31.676],[-85.225,31.677],[-85.175,31.679],[-85.125,31.68],[-85.075,31.682],[-85.025,31.684],[-84.975,31.685],[-84.925,31.687],[-84.875,31.689],[-84.825,31.692],[-84.775,31.694],[-84.725,31.697],[-84.675,31.7],[-84.625,31.703],[-84.575,31.707],[-84.525,31.711],[-84.475,31.715],[-84.425,31.719],[-84.375,31.724],[-84.368,31.725],[-84.325,31.729],[-84.275,31.735],[-84.225,31.741],[-84.175,31.747],[-84.125,31.753],[-84.075,31.76],[-84.025,31.768],[-83.978,31.775],[-83.975,31.775],[-83.925,31.784],[-83.875,31.792],[-83.825,31.801],[-83.775,31.811],[-83.725,31.821],[-83.706,31.825],[-83.675,31.831],[-83.625,31.842],[-83.575,31.854],[-83.525,31.866],[-83.49,31.875],[-83.475,31.879],[-83.425,31.892],[-83.375,31.905],[-83.325,31.92],[-83.307,31.925],[-83.275,31.934],[-83.225,31.95],[-83.175,31.965],[-83.146,31.975],[-83.125,31.982],[-83.075,31.999],[-83.025,32.016],[-83.001,32.025],[-82.975,32.034],[-82.925,32.053],[-82.875,32.072],[-82.868,32.075],[-82.825,32.092],[-82.775,32.112],[-82.744,32.125],[-82.725,32.133],[-82.675,32.154],[-82.626,32.175],[-82.625,32.175],[-82.575,32.197],[-82.525,32.218],[-82.51,32.225],[-82.475,32.24],[-82.425,32.261],[-82.392,32.275],[-82.375,32.282],[-82.325,32.302],[-82.275,32.322],[-82.266,32.325],[-82.225,32.341],[-82.175,32.359],[-82.132,32.375],[-82.125,32.378],[-82.075,32.395],[-82.025,32.412],[-81.986,32.425],[-81.975,32.429],[-81.925,32.444],[-81.875,32.459],[-81.825,32.473],[-81.819,32.475],[-81.775,32.486],[-81.725,32.499],[-81.675,32.51],[-81.625,32.521],[-81.602,32.525],[-81.575,32.53],[-81.525,32.538],[-81.475,32.545],[-81.425,32.551],[-81.375,32.556],[-81.325,32.559],[-81.275,32.562],[-81.225,32.563],[-81.175,32.563],[-81.125,32.561],[-81.075,32.559],[-81.025,32.555],[-80.975,32.55],[-80.925,32.544],[-80.875,32.537],[-80.825,32.529],[-80.802,32.525],[-80.775,32.52],[-80.725,32.509],[-80.675,32.497],[-80.625,32.485],[-80.59,32.475],[-80.575,32.471],[-80.525,32.455],[-80.496,32.446]],[[-87.809,31.975],[-87.775,31.969],[-87.768,31.968]],[[-89.384,32.216],[-89.375,32.215],[-89.325,32.208],[-89.275,32.201],[-89.225,32.195],[-89.175,32.189],[-89.125,32.182],[-89.075,32.176],[-89.066,32.175],[-89.025,32.17],[-88.975,32.163],[-88.925,32.157],[-88.875,32.15],[-88.825,32.144],[-88.775,32.137],[-88.725,32.129],[-88.695,32.125],[-88.675,32.122],[-88.625,32.114],[-88.575,32.106],[-88.525,32.098],[-88.475,32.09],[-88.425,32.082],[-88.386,32.075],[-88.375,32.073],[-88.325,32.064],[-88.275,32.056],[-88.225,32.047],[-88.175,32.038],[-88.125,32.029],[-88.099,32.025],[-88.075,32.021],[-88.025,32.012],[-87.975,32.003],[-87.925,31.995],[-87.888,31.988]],[[-93.075,32.287],[-93.025,32.292],[-92.975,32.297],[-92.925,32.303],[-92.875,32.308],[-92.859,32.309]],[[-89.958,32.292],[-89.925,32.288],[-89.875,32.282],[-89.825,32.276],[-89.821,32.275],[-89.775,32.269],[-89.725,32.262],[-89.675,32.255],[-89.625,32.248],[-89.575,32.241]]]}},{"type":"Feature","properties":{"date":"2017-03-02","label":"2 Mar","yday":61,"tier":"day","major":false},"geometry":{"type":"MultiLineString","coordinates":[[[-86.352,31.898],[-86.325,31.893],[-86.275,31.885],[-86.225,31.877],[-86.213,31.875],[-86.175,31.869],[-86.125,31.861],[-86.075,31.854],[-86.025,31.847],[-85.975,31.841],[-85.925,31.836],[-85.875,31.831],[-85.825,31.828],[-85.786,31.825],[-85.775,31.824],[-85.725,31.821],[-85.675,31.819],[-85.625,31.817],[-85.575,31.816],[-85.525,31.814],[-85.475,31.814],[-85.425,31.814],[-85.375,31.814],[-85.325,31.814],[-85.275,31.815],[-85.225,31.815],[-85.175,31.816],[-85.125,31.817],[-85.075,31.818],[-85.025,31.819],[-84.975,31.82],[-84.925,31.822],[-84.875,31.823],[-84.825,31.825],[-84.822,31.825],[-84.775,31.827],[-84.725,31.829],[-84.675,31.831],[-84.625,31.834],[-84.575,31.837],[-84.525,31.841],[-84.475,31.845],[-84.425,31.849],[-84.375,31.854],[-84.325,31.859],[-84.275,31.864],[-84.225,31.87],[-84.183,31.875],[-84.175,31.876],[-84.125,31.882],[-84.075,31.889],[-84.025,31.897],[-83.975,31.905],[-83.925,31.913],[-83.875,31.922],[-83.859,31.925],[-83.825,31.931],[-83.775,31.941],[-83.725,31.951],[-83.675,31.962],[-83.625,31.973],[-83.618,31.975],[-83.575,31.985],[-83.525,31.997],[-83.475,32.01],[-83.425,32.023],[-83.42,32.025],[-83.375,32.037],[-83.325,32.051],[-83.275,32.066],[-83.247,32.075],[-83.225,32.082],[-83.175,32.098],[-83.125,32.114],[-83.094,32.125],[-83.075,32.131],[-83.025,32.149],[-82.975,32.167],[-82.955,32.175],[-82.925,32.186],[-82.875,32.206],[-82.827,32.225],[-82.825,32.226],[-82.775,32.246],[-82.725,32.267],[-82.707,32.275],[-82.675,32.289],[-82.625,32.311],[-82.592,32.325],[-82.575,32.332],[-82.525,32.354],[-82.477,32.375],[-82.475,32.376],[-82.425,32.397],[-82.375,32.418],[-82.358,32.425],[-82.325,32.439],[-82.275,32.459],[-82.234,32.475],[-82.225,32.479],[-82.175,32.498],[-82.125,32.516],[-82.101,32.525],[-82.075,32.534],[-82.025,32.551],[-81.975,32.568],[-81.952,32.575],[-81.925,32.583],[-81.875,32.598],[-81.825,32.612],[-81.777,32.625],[-81.775,32.625],[-81.725,32.637],[-81.675,32.648],[-81.625,32.658],[-81.575,32.667],[-81.526,32.675],[-81.525,32.675],[-81.475,32.682],[-81.425,32.687],[-81.375,32.691],[-81.325,32.695],[-81.275,32.696],[-81.225,32.697],[-81.175,32.697],[-81.125,32.695],[-81.075,32.692],[-81.025,32.688],[-80.975,32.683],[-80.925,32.677],[-80.912,32.675],[-80.875,32.67],[-80.825,32.661],[-80.775,32.652],[-80.725,32.641],[-80.675,32.63],[-80.654,32.625],[-80.625,32.618],[-80.575,32.604],[-80.525,32.59],[-80.475,32.575],[-80.475,32.575],[-80.425,32.559],[-80.375,32.542],[-80.327,32.525]],[[-89.233,32.367],[-89.225,32.366],[-89.175,32.36],[-89.125,32.354],[-89.075,32.348],[-89.025,32.342],[-88.975,32.336],[-88.925,32.329],[-88.889,32.325],[-88.875,32.323],[-88.825,32.317],[-88.775,32.31],[-88.725,32.302],[-88.675,32.295],[-88.625,32.287],[-88.575,32.279],[-88.553,32.275],[-88.525,32.27],[-88.475,32.261],[-88.425,32.252],[-88.375,32.243],[-88.325,32.233],[-88.281,32.225],[-88.275,32.224],[-88.225,32.214],[-88.175,32.205],[-88.125,32.195],[-88.088,32.188]],[[-89.695,32.425],[-89.675,32.422],[-89.625,32.416],[-89.615,32.415]]]}},{"type":"Feature","properties":{"date":"2017-03-03","label":"3 Mar","yday":62,"tier":"day","major":false},"geometry":{"type":"MultiLineString","coordinates":[[[-86.105,31.995],[-86.075,31.991],[-86.025,31.984],[-85.975,31.977],[-85.957,31.975],[-85.925,31.971],[-85.875,31.966],[-85.825,31.961],[-85.775,31.958],[-85.725,31.954],[-85.675,31.951],[-85.625,31.949],[-85.575,31.947],[-85.525,31.945],[-85.475,31.944],[-85.425,31.943],[-85.375,31.943],[-85.325,31.943],[-85.275,31.943],[-85.225,31.943],[-85.175,31.944],[-85.125,31.944],[-85.075,31.945],[-85.025,31.945],[-84.975,31.946],[-84.925,31.946],[-84.875,31.947],[-84.825,31.948],[-84.775,31.95],[-84.725,31.952],[-84.675,31.954],[-84.625,31.957],[-84.575,31.959],[-84.525,31.963],[-84.475,31.966],[-84.425,31.971],[-84.376,31.975],[-84.375,31.975],[-84.325,31.98],[-84.275,31.985],[-84.225,31.991],[-84.175,31.997],[-84.125,32.004],[-84.075,32.011],[-84.025,32.019],[-83.987,32.025],[-83.975,32.027],[-83.925,32.035],[-83.875,32.044],[-83.825,32.054],[-83.775,32.064],[-83.725,32.074],[-83.723,32.075],[-83.675,32.085],[-83.625,32.097],[-83.575,32.109],[-83.525,32.121],[-83.511,32.125],[-83.475,32.134],[-83.425,32.148],[-83.375,32.161],[-83.328,32.175],[-83.325,32.176],[-83.275,32.191],[-83.225,32.206],[-83.175,32.222],[-83.167,32.225],[-83.125,32.239],[-83.075,32.256],[-83.025,32.274],[-83.023,32.275],[-82.975,32.292],[-82.925,32.312],[-82.891,32.325],[-82.875,32.331],[-82.825,32.352],[-82.775,32.373],[-82.77,32.375],[-82.725,32.394],[-82.675,32.416],[-82.655,32.425],[-82.625,32.438],[-82.575,32.46],[-82.542,32.475],[-82.525,32.483],[-82.475,32.504],[-82.428,32.525],[-82.425,32.526],[-82.375,32.548],[-82.325,32.569],[-82.309,32.575],[-82.275,32.589],[-82.225,32.609],[-82.184,32.625],[-82.175,32.628],[-82.125,32.647],[-82.075,32.665],[-82.046,32.675],[-82.025,32.682],[-81.975,32.698],[-81.925,32.714],[-81.887,32.725],[-81.875,32.729],[-81.825,32.742],[-81.775,32.755],[-81.725,32.766],[-81.685,32.775],[-81.675,32.777],[-81.625,32.787],[-81.575,32.795],[-81.525,32.803],[-81.475,32.809],[-81.425,32.814],[-81.375,32.818],[-81.325,32.821],[-81.275,32.822],[-81.225,32.823],[-81.175,32.822],[-81.125,32.82],[-81.075,32.817],[-81.025,32.812],[-80.975,32.807],[-80.925,32.8],[-80.875,32.793],[-80.825,32.784],[-80.775,32.775],[-80.775,32.775],[-80.725,32.764],[-80.675,32.753],[-80.625,32.741],[-80.575,32.728],[-80.563,32.725],[-80.525,32.714],[-80.475,32.7],[-80.425,32.685],[-80.395,32.675],[-80.375,32.668],[-80.325,32.651],[-80.275,32.634],[-80.251,32.625],[-80.225,32.615],[-80.175,32.595],[-80.161,32.589]],[[-87.169,32.169],[-87.125,32.161],[-87.075,32.153],[-87.025,32.145],[-87.008,32.142]],[[-89.05,32.5],[-89.025,32.497],[-88.975,32.491],[-88.925,32.485],[-88.875,32.478],[-88.848,32.475],[-88.825,32.472],[-88.775,32.465],[-88.725,32.458],[-88.675,32.451],[-88.625,32.443],[-88.575,32.435],[-88.525,32.426],[-88.517,32.425],[-88.475,32.417],[-88.425,32.408],[-88.375,32.398],[-88.325,32.388],[-88.275,32.378],[-88.257,32.375],[-88.225,32.368],[-88.175,32.358]]]}},{"type":"Feature","properties":{"date":"2017-03-04","label":"4 Mar","yday":63,"tier":"day","major":false},"geometry":{"type":"MultiLineString","coordinates":[[[-85.674,32.076],[-85.652,32.075],[-85.625,32.073],[-85.575,32.071],[-85.525,32.068],[-85.475,32.066],[-85.425,32.065],[-85.375,32.064],[-85.325,32.063],[-85.275,32.063],[-85.225,32.062],[-85.175,32.062],[-85.125,32.062],[-85.075,32.062],[-85.025,32.062],[-84.975,32.062],[-84.925,32.063],[-84.875,32.063],[-84.825,32.064],[-84.775,32.066],[-84.725,32.067],[-84.675,32.069],[-84.625,32.072],[-84.575,32.074],[-84.567,32.075],[-84.525,32.078],[-84.475,32.081],[-84.425,32.085],[-84.375,32.09],[-84.325,32.095],[-84.275,32.1],[-84.225,32.106],[-84.175,32.112],[-84.125,32.119],[-84.085,32.125],[-84.075,32.126],[-84.025,32.134],[-83.975,32.142],[-83.925,32.151],[-83.875,32.161],[-83.825,32.17],[-83.803,32.175],[-83.775,32.181],[-83.725,32.191],[-83.675,32.203],[-83.625,32.214],[-83.581,32.225],[-83.575,32.227],[-83.525,32.239],[-83.475,32.252],[-83.425,32.266],[-83.392,32.275],[-83.375,32.28],[-83.325,32.294],[-83.275,32.309],[-83.225,32.325],[-83.225,32.325],[-83.175,32.341],[-83.125,32.358],[-83.075,32.375],[-83.075,32.375],[-83.025,32.393],[-82.975,32.411],[-82.94,32.425],[-82.925,32.431],[-82.875,32.451],[-82.825,32.472],[-82.819,32.475],[-82.775,32.494],[-82.725,32.516],[-82.705,32.525],[-82.675,32.538],[-82.625,32.561],[-82.594,32.575],[-82.575,32.584],[-82.525,32.606],[-82.482,32.625],[-82.475,32.628],[-82.425,32.65],[-82.375,32.672],[-82.367,32.675],[-82.325,32.693],[-82.275,32.713],[-82.246,32.725],[-82.225,32.733],[-82.175,32.753],[-82.125,32.771],[-82.114,32.775],[-82.075,32.789],[-82.025,32.806],[-81.975,32.822],[-81.964,32.825],[-81.925,32.837],[-81.875,32.851],[-81.825,32.864],[-81.781,32.875],[-81.775,32.876],[-81.725,32.888],[-81.675,32.898],[-81.625,32.907],[-81.575,32.915],[-81.525,32.922],[-81.502,32.925],[-81.475,32.928],[-81.425,32.933],[-81.375,32.937],[-81.325,32.939],[-81.275,32.941],[-81.225,32.941],[-81.175,32.94],[-81.125,32.938],[-81.075,32.934],[-81.025,32.93],[-80.983,32.925],[-80.975,32.924],[-80.925,32.917],[-80.875,32.909],[-80.825,32.901],[-80.775,32.891],[-80.725,32.88],[-80.701,32.875],[-80.675,32.869],[-80.625,32.857],[-80.575,32.844],[-80.525,32.831],[-80.504,32.825],[-80.475,32.817],[-80.425,32.802],[-80.375,32.786],[-80.341,32.775],[-80.325,32.77],[-80.275,32.753],[-80.225,32.735],[-80.198,32.725],[-80.175,32.716],[-80.125,32.697],[-80.075,32.676],[-80.072,32.675],[-80.025,32.655],[-80.004,32.646]],[[-87.212,32.312],[-87.175,32.305],[-87.125,32.296],[-87.075,32.288],[-87.025,32.28],[-86.998,32.275],[-86.975,32.271],[-86.925,32.263],[-86.892,32.258]],[[-88.879,32.621],[-88.875,32.62],[-88.825,32.614],[-88.775,32.607],[-88.725,32.6],[-88.675,32.593],[-88.625,32.585],[-88.575,32.578],[-88.559,32.575],[-88.525,32.569],[-88.475,32.56],[-88.425,32.551],[-88.375,32.541],[-88.325,32.531],[-88.294,32.525],[-88.275,32.521],[-88.225,32.511],[-88.207,32.507]]]}},{"type":"Feature","properties":{"date":"2017-03-05","label":"5 Mar","yday":64,"tier":"day","major":false},"geometry":{"type":"MultiLineString","coordinates":[[[-85.575,32.187],[-85.525,32.184],[-85.475,32.182],[-85.425,32.18],[-85.375,32.178],[-85.325,32.176],[-85.275,32.175],[-85.265,32.175],[-85.225,32.174],[-85.175,32.174],[-85.125,32.173],[-85.075,32.173],[-85.025,32.172],[-84.975,32.173],[-84.925,32.173],[-84.875,32.173],[-84.825,32.174],[-84.784,32.175],[-84.775,32.175],[-84.725,32.177],[-84.675,32.178],[-84.625,32.181],[-84.575,32.183],[-84.525,32.187],[-84.475,32.19],[-84.425,32.194],[-84.375,32.199],[-84.325,32.204],[-84.275,32.209],[-84.225,32.215],[-84.175,32.222],[-84.153,32.225],[-84.125,32.229],[-84.075,32.236],[-84.025,32.244],[-83.975,32.253],[-83.925,32.262],[-83.875,32.272],[-83.859,32.275],[-83.825,32.282],[-83.775,32.292],[-83.725,32.303],[-83.675,32.315],[-83.633,32.325],[-83.625,32.327],[-83.575,32.339],[-83.525,32.352],[-83.475,32.365],[-83.44,32.375],[-83.425,32.379],[-83.375,32.393],[-83.325,32.408],[-83.275,32.423],[-83.269,32.425],[-83.225,32.439],[-83.175,32.455],[-83.125,32.472],[-83.115,32.475],[-83.075,32.489],[-83.025,32.507],[-82.978,32.525],[-82.975,32.526],[-82.925,32.547],[-82.875,32.568],[-82.858,32.575],[-82.825,32.59],[-82.775,32.612],[-82.746,32.625],[-82.725,32.635],[-82.675,32.657],[-82.636,32.675],[-82.625,32.68],[-82.575,32.703],[-82.526,32.725],[-82.525,32.726],[-82.475,32.748],[-82.425,32.77],[-82.413,32.775],[-82.375,32.791],[-82.325,32.812],[-82.294,32.825],[-82.275,32.833],[-82.225,32.852],[-82.175,32.871],[-82.165,32.875],[-82.125,32.889],[-82.075,32.907],[-82.025,32.923],[-82.019,32.925],[-81.975,32.938],[-81.925,32.953],[-81.875,32.967],[-81.842,32.975],[-81.825,32.979],[-81.775,32.991],[-81.725,33.001],[-81.675,33.011],[-81.625,33.02],[-81.593,33.025],[-81.575,33.028],[-81.525,33.035],[-81.475,33.04],[-81.425,33.045],[-81.375,33.049],[-81.325,33.051],[-81.275,33.052],[-81.225,33.053],[-81.175,33.051],[-81.125,33.049],[-81.075,33.046],[-81.025,33.041],[-80.975,33.035],[-80.925,33.029],[-80.901,33.025],[-80.875,33.021],[-80.825,33.012],[-80.775,33.002],[-80.725,32.991],[-80.675,32.98],[-80.655,32.975],[-80.625,32.968],[-80.575,32.955],[-80.525,32.941],[-80.475,32.927],[-80.468,32.925],[-80.425,32.912],[-80.375,32.897],[-80.325,32.881],[-80.308,32.875],[-80.275,32.864],[-80.225,32.847],[-80.175,32.829],[-80.165,32.825],[-80.125,32.81],[-80.075,32.79],[-80.038,32.775],[-80.025,32.77],[-79.975,32.748],[-79.926,32.726]],[[-86.838,32.375],[-86.827,32.373]],[[-87.128,32.425],[-87.125,32.424],[-87.075,32.415],[-87.025,32.407],[-86.975,32.398],[-86.925,32.389],[-86.882,32.382]],[[-88.632,32.718],[-88.625,32.716],[-88.575,32.709],[-88.525,32.7],[-88.475,32.692],[-88.425,32.683],[-88.384,32.675],[-88.375,32.673],[-88.325,32.664],[-88.311,32.661]],[[-79.923,32.725],[-79.89,32.71]],[[-89.675,32.855],[-89.625,32.849],[-89.575,32.843],[-89.525,32.837]]]}},{"type":"Feature","properties":{"date":"2017-03-06","label":"6 Mar","yday":65,"tier":"five","major":false},"geometry":{"type":"MultiLineString","coordinates":[[[-85.601,32.301],[-85.575,32.299],[-85.525,32.295],[-85.475,32.292],[-85.425,32.289],[-85.375,32.286],[-85.325,32.284],[-85.275,32.282],[-85.225,32.281],[-85.175,32.28],[-85.125,32.279],[-85.075,32.278],[-85.025,32.278],[-84.975,32.277],[-84.925,32.277],[-84.875,32.278],[-84.825,32.278],[-84.775,32.279],[-84.725,32.281],[-84.675,32.283],[-84.625,32.285],[-84.575,32.287],[-84.525,32.291],[-84.475,32.294],[-84.425,32.298],[-84.375,32.303],[-84.325,32.308],[-84.275,32.314],[-84.225,32.32],[-84.189,32.325],[-84.175,32.327],[-84.125,32.334],[-84.075,32.342],[-84.025,32.35],[-83.975,32.359],[-83.925,32.369],[-83.893,32.375],[-83.875,32.379],[-83.825,32.389],[-83.775,32.4],[-83.725,32.411],[-83.675,32.423],[-83.668,32.425],[-83.625,32.436],[-83.575,32.448],[-83.525,32.461],[-83.475,32.475],[-83.475,32.475],[-83.425,32.489],[-83.375,32.503],[-83.325,32.518],[-83.302,32.525],[-83.275,32.533],[-83.225,32.549],[-83.175,32.566],[-83.148,32.575],[-83.125,32.583],[-83.075,32.601],[-83.025,32.62],[-83.012,32.625],[-82.975,32.64],[-82.925,32.661],[-82.893,32.675],[-82.875,32.683],[-82.825,32.705],[-82.78,32.725],[-82.775,32.727],[-82.725,32.75],[-82.675,32.773],[-82.671,32.775],[-82.625,32.796],[-82.575,32.819],[-82.562,32.825],[-82.525,32.841],[-82.475,32.864],[-82.449,32.875],[-82.425,32.885],[-82.375,32.907],[-82.33,32.925],[-82.325,32.927],[-82.275,32.947],[-82.225,32.966],[-82.201,32.975],[-82.175,32.985],[-82.125,33.002],[-82.075,33.019],[-82.055,33.025],[-82.025,33.034],[-81.975,33.049],[-81.925,33.063],[-81.877,33.075],[-81.875,33.076],[-81.825,33.087],[-81.775,33.098],[-81.725,33.108],[-81.675,33.117],[-81.63,33.125],[-81.625,33.126],[-81.575,33.133],[-81.525,33.14],[-81.475,33.146],[-81.425,33.151],[-81.375,33.154],[-81.325,33.157],[-81.275,33.158],[-81.225,33.158],[-81.175,33.157],[-81.125,33.155],[-81.075,33.152],[-81.025,33.148],[-80.975,33.142],[-80.925,33.135],[-80.875,33.128],[-80.859,33.125],[-80.825,33.119],[-80.775,33.109],[-80.725,33.098],[-80.675,33.087],[-80.628,33.075],[-80.625,33.074],[-80.575,33.061],[-80.525,33.047],[-80.475,33.033],[-80.449,33.025],[-80.425,33.018],[-80.375,33.002],[-80.325,32.986],[-80.292,32.975],[-80.275,32.969],[-80.225,32.952],[-80.175,32.934],[-80.149,32.925],[-80.125,32.916],[-80.075,32.897],[-80.025,32.877],[-80.02,32.875],[-79.975,32.856],[-79.954,32.846]],[[-79.851,32.801],[-79.825,32.789],[-79.815,32.785]],[[-89.666,32.984],[-89.625,32.98],[-89.586,32.975],[-89.575,32.974],[-89.525,32.968]]]}},{"type":"Feature","properties":{"date":"2017-03-07","label":"7 Mar","yday":66,"tier":"day","major":false},"geometry":{"type":"MultiLineString","coordinates":[[[-86.012,32.462],[-85.975,32.456],[-85.925,32.448],[-85.875,32.44],[-85.825,32.433],[-85.775,32.427],[-85.759,32.425],[-85.725,32.421],[-85.675,32.415],[-85.625,32.41],[-85.575,32.405],[-85.525,32.401],[-85.475,32.397],[-85.425,32.393],[-85.375,32.39],[-85.325,32.387],[-85.275,32.385],[-85.225,32.383],[-85.175,32.382],[-85.125,32.38],[-85.075,32.379],[-85.025,32.378],[-84.975,32.378],[-84.925,32.378],[-84.875,32.378],[-84.825,32.379],[-84.775,32.379],[-84.725,32.381],[-84.675,32.383],[-84.625,32.385],[-84.575,32.387],[-84.525,32.391],[-84.475,32.394],[-84.425,32.399],[-84.375,32.403],[-84.325,32.409],[-84.275,32.415],[-84.225,32.421],[-84.197,32.425],[-84.175,32.428],[-84.125,32.436],[-84.075,32.444],[-84.025,32.452],[-83.975,32.462],[-83.925,32.471],[-83.908,32.475],[-83.875,32.482],[-83.825,32.493],[-83.775,32.504],[-83.725,32.516],[-83.688,32.525],[-83.675,32.528],[-83.625,32.541],[-83.575,32.554],[-83.525,32.567],[-83.497,32.575],[-83.475,32.581],[-83.425,32.595],[-83.375,32.61],[-83.325,32.625],[-83.325,32.625],[-83.275,32.641],[-83.225,32.657],[-83.175,32.675],[-83.174,32.675],[-83.125,32.693],[-83.075,32.711],[-83.041,32.725],[-83.025,32.731],[-82.975,32.752],[-82.925,32.773],[-82.921,32.775],[-82.875,32.795],[-82.825,32.818],[-82.809,32.825],[-82.775,32.84],[-82.725,32.863],[-82.699,32.875],[-82.675,32.886],[-82.625,32.909],[-82.589,32.925],[-82.575,32.931],[-82.525,32.954],[-82.476,32.975],[-82.475,32.976],[-82.425,32.997],[-82.375,33.018],[-82.357,33.025],[-82.325,33.038],[-82.275,33.057],[-82.226,33.075],[-82.225,33.075],[-82.175,33.093],[-82.125,33.109],[-82.076,33.125],[-82.075,33.125],[-82.025,33.14],[-81.975,33.154],[-81.925,33.166],[-81.889,33.175],[-81.875,33.178],[-81.825,33.189],[-81.775,33.199],[-81.725,33.208],[-81.675,33.217],[-81.625,33.225],[-81.624,33.225],[-81.575,33.232],[-81.525,33.239],[-81.475,33.245],[-81.425,33.25],[-81.375,33.254],[-81.325,33.256],[-81.275,33.258],[-81.225,33.259],[-81.175,33.258],[-81.125,33.256],[-81.075,33.253],[-81.025,33.249],[-80.975,33.244],[-80.925,33.238],[-80.875,33.23],[-80.843,33.225],[-80.825,33.222],[-80.775,33.212],[-80.725,33.201],[-80.675,33.19],[-80.625,33.177],[-80.617,33.175],[-80.575,33.164],[-80.525,33.15],[-80.475,33.135],[-80.443,33.125],[-80.425,33.119],[-80.375,33.103],[-80.325,33.087],[-80.29,33.075],[-80.275,33.07],[-80.225,33.052],[-80.175,33.035],[-80.149,33.025],[-80.125,33.016],[-80.075,32.997],[-80.025,32.978],[-80.018,32.975],[-79.975,32.957],[-79.925,32.936],[-79.899,32.925],[-79.875,32.915],[-79.825,32.893],[-79.785,32.875],[-79.775,32.87],[-79.725,32.848],[-79.709,32.841]],[[-86.802,32.602],[-86.775,32.597],[-86.725,32.588],[-86.675,32.579],[-86.651,32.575],[-86.625,32.57],[-86.575,32.562],[-86.525,32.553],[-86.475,32.544],[-86.459,32.541]],[[-86.987,32.637],[-86.975,32.635],[-86.925,32.625],[-86.924,32.625]],[[-87.525,32.746],[-87.475,32.736],[-87.425,32.725],[-87.423,32.725],[-87.375,32.715],[-87.325,32.704],[-87.275,32.694],[-87.225,32.684],[-87.18,32.675]]]}},{"type":"Feature","properties":{"date":"2017-03-08","label":"8 Mar","yday":67,"tier":"day","major":false},"geometry":{"type":"MultiLineString","coordinates":[[[-87.575,32.874],[-87.525,32.863],[-87.475,32.852],[-87.425,32.841],[-87.375,32.831],[-87.349,32.825],[-87.325,32.82],[-87.275,32.809],[-87.225,32.798],[-87.175,32.788],[-87.125,32.778],[-87.113,32.775],[-87.075,32.767],[-87.025,32.757],[-86.975,32.747],[-86.925,32.737],[-86.875,32.727],[-86.865,32.725],[-86.825,32.717],[-86.775,32.707],[-86.725,32.698],[-86.675,32.688],[-86.625,32.679],[-86.604,32.675],[-86.575,32.67],[-86.525,32.66],[-86.475,32.651],[-86.425,32.642],[-86.375,32.632],[-86.335,32.625],[-86.325,32.623],[-86.275,32.614],[-86.225,32.605],[-86.175,32.596],[-86.125,32.587],[-86.075,32.578],[-86.057,32.575],[-86.025,32.569],[-85.975,32.561],[-85.925,32.553],[-85.875,32.545],[-85.825,32.538],[-85.775,32.531],[-85.728,32.525],[-85.725,32.525],[-85.675,32.518],[-85.625,32.513],[-85.575,32.507],[-85.525,32.503],[-85.475,32.498],[-85.425,32.494],[-85.375,32.49],[-85.325,32.487],[-85.275,32.484],[-85.225,32.482],[-85.175,32.48],[-85.125,32.478],[-85.075,32.477],[-85.025,32.476],[-84.975,32.475],[-84.954,32.475],[-84.925,32.475],[-84.875,32.475],[-84.853,32.475],[-84.825,32.475],[-84.775,32.476],[-84.725,32.477],[-84.675,32.479],[-84.625,32.481],[-84.575,32.484],[-84.525,32.487],[-84.475,32.491],[-84.425,32.495],[-84.375,32.5],[-84.325,32.506],[-84.275,32.512],[-84.225,32.519],[-84.182,32.525],[-84.175,32.526],[-84.125,32.534],[-84.075,32.542],[-84.025,32.551],[-83.975,32.561],[-83.925,32.571],[-83.907,32.575],[-83.875,32.582],[-83.825,32.593],[-83.775,32.605],[-83.725,32.617],[-83.694,32.625],[-83.675,32.63],[-83.625,32.643],[-83.575,32.656],[-83.525,32.67],[-83.507,32.675],[-83.475,32.684],[-83.425,32.699],[-83.375,32.714],[-83.34,32.725],[-83.325,32.73],[-83.275,32.746],[-83.225,32.763],[-83.192,32.775],[-83.175,32.781],[-83.125,32.8],[-83.075,32.82],[-83.062,32.825],[-83.025,32.84],[-82.975,32.861],[-82.943,32.875],[-82.925,32.883],[-82.875,32.905],[-82.831,32.925],[-82.825,32.928],[-82.775,32.95],[-82.725,32.973],[-82.721,32.975],[-82.675,32.996],[-82.625,33.018],[-82.61,33.025],[-82.575,33.041],[-82.525,33.062],[-82.496,33.075],[-82.475,33.084],[-82.425,33.104],[-82.375,33.124],[-82.373,33.125],[-82.325,33.143],[-82.275,33.162],[-82.237,33.175],[-82.225,33.179],[-82.175,33.196],[-82.125,33.211],[-82.079,33.225],[-82.075,33.226],[-82.025,33.24],[-81.975,33.253],[-81.925,33.264],[-81.875,33.275],[-81.875,33.275],[-81.825,33.285],[-81.775,33.294],[-81.725,33.302],[-81.675,33.31],[-81.625,33.317],[-81.575,33.325],[-81.573,33.325],[-81.525,33.331],[-81.475,33.337],[-81.425,33.342],[-81.375,33.347],[-81.325,33.35],[-81.275,33.352],[-81.225,33.354],[-81.175,33.354],[-81.125,33.353],[-81.075,33.351],[-81.025,33.347],[-80.975,33.343],[-80.925,33.337],[-80.875,33.33],[-80.846,33.325],[-80.825,33.322],[-80.775,33.312],[-80.725,33.301],[-80.675,33.29],[-80.625,33.277],[-80.617,33.275],[-80.575,33.264],[-80.525,33.249],[-80.475,33.234],[-80.446,33.225],[-80.425,33.218],[-80.375,33.202],[-80.325,33.185],[-80.296,33.175],[-80.275,33.168],[-80.225,33.15],[-80.175,33.132],[-80.157,33.125],[-80.125,33.113],[-80.075,33.094],[-80.027,33.075],[-80.025,33.074],[-79.975,33.054],[-79.925,33.034],[-79.904,33.025],[-79.875,33.013],[-79.825,32.991],[-79.787,32.975],[-79.775,32.97],[-79.725,32.948],[-79.675,32.926],[-79.672,32.925],[-79.639,32.911]]]}},{"type":"Feature","properties":{"date":"2017-03-09","label":"9 Mar","yday":68,"tier":"day","major":false},"geometry":{"type":"MultiLineString","coordinates":[[[-87.575,32.988],[-87.525,32.977],[-87.517,32.975],[-87.475,32.966],[-87.425,32.954],[-87.375,32.943],[-87.325,32.932],[-87.293,32.925],[-87.275,32.921],[-87.225,32.91],[-87.175,32.899],[-87.125,32.888],[-87.075,32.877],[-87.064,32.875],[-87.025,32.867],[-86.975,32.856],[-86.925,32.846],[-86.875,32.835],[-86.825,32.825],[-86.825,32.825],[-86.775,32.815],[-86.725,32.805],[-86.675,32.795],[-86.625,32.785],[-86.576,32.775],[-86.575,32.775],[-86.525,32.765],[-86.475,32.755],[-86.425,32.746],[-86.375,32.736],[-86.325,32.727],[-86.316,32.725],[-86.275,32.717],[-86.225,32.708],[-86.175,32.698],[-86.125,32.689],[-86.075,32.68],[-86.044,32.675],[-86.025,32.672],[-85.975,32.663],[-85.925,32.655],[-85.875,32.647],[-85.825,32.639],[-85.775,32.632],[-85.725,32.625],[-85.724,32.625],[-85.675,32.619],[-85.625,32.612],[-85.575,32.607],[-85.525,32.601],[-85.475,32.596],[-85.425,32.592],[-85.375,32.588],[-85.325,32.584],[-85.275,32.581],[-85.225,32.578],[-85.175,32.575],[-85.166,32.575],[-85.125,32.573],[-85.075,32.572],[-85.025,32.57],[-84.975,32.569],[-84.925,32.569],[-84.875,32.569],[-84.825,32.569],[-84.775,32.57],[-84.725,32.571],[-84.675,32.573],[-84.625,32.575],[-84.624,32.575],[-84.575,32.578],[-84.525,32.581],[-84.475,32.585],[-84.425,32.59],[-84.375,32.595],[-84.325,32.6],[-84.275,32.607],[-84.225,32.614],[-84.175,32.621],[-84.152,32.625],[-84.125,32.629],[-84.075,32.638],[-84.025,32.647],[-83.975,32.657],[-83.925,32.668],[-83.893,32.675],[-83.875,32.679],[-83.825,32.691],[-83.775,32.703],[-83.725,32.715],[-83.688,32.725],[-83.675,32.728],[-83.625,32.742],[-83.575,32.756],[-83.525,32.77],[-83.507,32.775],[-83.475,32.784],[-83.425,32.8],[-83.375,32.815],[-83.346,32.825],[-83.325,32.832],[-83.275,32.849],[-83.225,32.867],[-83.203,32.875],[-83.175,32.886],[-83.125,32.905],[-83.076,32.925],[-83.075,32.925],[-83.025,32.946],[-82.975,32.968],[-82.958,32.975],[-82.925,32.99],[-82.875,33.012],[-82.846,33.025],[-82.825,33.035],[-82.775,33.057],[-82.736,33.075],[-82.725,33.08],[-82.675,33.102],[-82.625,33.125],[-82.624,33.125],[-82.575,33.146],[-82.525,33.167],[-82.507,33.175],[-82.475,33.188],[-82.425,33.208],[-82.379,33.225],[-82.375,33.227],[-82.325,33.245],[-82.275,33.262],[-82.234,33.275],[-82.225,33.278],[-82.175,33.293],[-82.125,33.308],[-82.075,33.322],[-82.062,33.325],[-82.025,33.334],[-81.975,33.346],[-81.925,33.356],[-81.875,33.366],[-81.825,33.374],[-81.821,33.375],[-81.775,33.382],[-81.725,33.39],[-81.675,33.398],[-81.625,33.405],[-81.575,33.412],[-81.525,33.419],[-81.476,33.425],[-81.475,33.425],[-81.425,33.431],[-81.375,33.436],[-81.325,33.44],[-81.275,33.443],[-81.225,33.445],[-81.175,33.446],[-81.125,33.446],[-81.075,33.444],[-81.025,33.442],[-80.975,33.438],[-80.925,33.433],[-80.875,33.426],[-80.868,33.425],[-80.825,33.418],[-80.775,33.409],[-80.725,33.399],[-80.675,33.387],[-80.626,33.375],[-80.625,33.375],[-80.575,33.361],[-80.525,33.347],[-80.475,33.331],[-80.455,33.325],[-80.425,33.315],[-80.375,33.299],[-80.325,33.282],[-80.306,33.275],[-80.275,33.264],[-80.225,33.246],[-80.175,33.227],[-80.17,33.225],[-80.125,33.208],[-80.075,33.189],[-80.04,33.175],[-80.025,33.169],[-79.975,33.149],[-79.925,33.129],[-79.916,33.125],[-79.875,33.108],[-79.825,33.087],[-79.796,33.075],[-79.775,33.066],[-79.725,33.045],[-79.678,33.025],[-79.675,33.024],[-79.625,33.003],[-79.606,32.994]]]}},{"type":"Feature","properties":{"date":"2017-03-10","label":"10 Mar","yday":69,"tier":"day","major":false},"geometry":{"type":"MultiLineString","coordinates":[[[-79.496,33.046],[-79.475,33.038],[-79.442,33.025]],[[-87.525,33.088],[-87.475,33.076],[-87.469,33.075],[-87.425,33.065],[-87.375,33.053],[-87.325,33.042],[-87.275,33.031],[-87.251,33.025],[-87.225,33.019],[-87.175,33.008],[-87.125,32.997],[-87.075,32.985],[-87.029,32.975],[-87.025,32.974],[-86.975,32.963],[-86.925,32.952],[-86.875,32.941],[-86.825,32.931],[-86.799,32.925],[-86.775,32.92],[-86.725,32.909],[-86.675,32.899],[-86.625,32.889],[-86.575,32.878],[-86.559,32.875],[-86.525,32.868],[-86.475,32.858],[-86.425,32.848],[-86.375,32.838],[-86.325,32.828],[-86.31,32.825],[-86.275,32.818],[-86.225,32.809],[-86.175,32.799],[-86.125,32.79],[-86.075,32.78],[-86.045,32.775],[-86.025,32.771],[-85.975,32.763],[-85.925,32.754],[-85.875,32.746],[-85.825,32.738],[-85.775,32.73],[-85.739,32.725],[-85.725,32.723],[-85.675,32.716],[-85.625,32.709],[-85.575,32.703],[-85.525,32.698],[-85.475,32.692],[-85.425,32.687],[-85.375,32.683],[-85.325,32.679],[-85.278,32.675],[-85.275,32.675],[-85.225,32.671],[-85.175,32.669],[-85.125,32.666],[-85.075,32.664],[-85.025,32.662],[-84.975,32.661],[-84.925,32.66],[-84.875,32.66],[-84.825,32.66],[-84.775,32.661],[-84.725,32.662],[-84.675,32.664],[-84.625,32.666],[-84.575,32.669],[-84.525,32.673],[-84.496,32.675],[-84.475,32.677],[-84.425,32.681],[-84.375,32.687],[-84.325,32.693],[-84.275,32.699],[-84.225,32.706],[-84.175,32.714],[-84.125,32.723],[-84.113,32.725],[-84.075,32.732],[-84.025,32.741],[-83.975,32.752],[-83.925,32.763],[-83.875,32.774],[-83.871,32.775],[-83.825,32.786],[-83.775,32.798],[-83.725,32.811],[-83.675,32.825],[-83.674,32.825],[-83.625,32.839],[-83.575,32.853],[-83.525,32.868],[-83.5,32.875],[-83.475,32.883],[-83.425,32.899],[-83.375,32.915],[-83.346,32.925],[-83.325,32.932],[-83.275,32.95],[-83.225,32.968],[-83.208,32.975],[-83.175,32.988],[-83.125,33.008],[-83.084,33.025],[-83.075,33.029],[-83.025,33.05],[-82.975,33.072],[-82.968,33.075],[-82.925,33.094],[-82.875,33.117],[-82.857,33.125],[-82.825,33.139],[-82.775,33.162],[-82.745,33.175],[-82.725,33.184],[-82.675,33.206],[-82.631,33.225],[-82.625,33.228],[-82.575,33.249],[-82.525,33.269],[-82.509,33.275],[-82.475,33.288],[-82.425,33.307],[-82.375,33.325],[-82.374,33.325],[-82.325,33.341],[-82.275,33.357],[-82.225,33.372],[-82.214,33.375],[-82.175,33.386],[-82.125,33.399],[-82.075,33.411],[-82.025,33.423],[-82.015,33.425],[-81.975,33.433],[-81.925,33.442],[-81.875,33.451],[-81.825,33.459],[-81.775,33.467],[-81.725,33.474],[-81.72,33.475],[-81.675,33.482],[-81.625,33.489],[-81.575,33.496],[-81.525,33.503],[-81.475,33.51],[-81.425,33.516],[-81.375,33.522],[-81.345,33.525],[-81.325,33.527],[-81.275,33.531],[-81.225,33.534],[-81.175,33.536],[-81.125,33.536],[-81.075,33.536],[-81.025,33.534],[-80.975,33.53],[-80.925,33.526],[-80.919,33.525],[-80.875,33.52],[-80.825,33.512],[-80.775,33.503],[-80.725,33.493],[-80.675,33.482],[-80.646,33.475],[-80.625,33.47],[-80.575,33.457],[-80.525,33.442],[-80.475,33.427],[-80.469,33.425],[-80.425,33.411],[-80.375,33.394],[-80.325,33.377],[-80.32,33.375],[-80.275,33.359],[-80.225,33.34],[-80.184,33.325],[-80.175,33.322],[-80.125,33.302],[-80.075,33.283],[-80.056,33.275],[-80.025,33.263],[-79.975,33.243],[-79.931,33.225],[-79.925,33.223],[-79.875,33.202],[-79.825,33.182],[-79.809,33.175],[-79.775,33.161],[-79.725,33.14],[-79.689,33.125],[-79.675,33.119],[-79.625,33.098],[-79.575,33.078],[-79.568,33.075],[-79.537,33.063]],[[-87.825,33.154],[-87.775,33.143],[-87.725,33.132],[-87.691,33.125],[-87.678,33.122]]]}},{"type":"Feature","properties":{"date":"2017-03-11","label":"11 Mar","yday":70,"tier":"five","major":false},"geometry":{"type":"MultiLineString","coordinates":[[[-83.541,32.959],[-83.525,32.964],[-83.491,32.975]],[[-83.468,32.982],[-83.425,32.996],[-83.375,33.013],[-83.342,33.025],[-83.325,33.031],[-83.275,33.049],[-83.225,33.069],[-83.209,33.075],[-83.175,33.088],[-83.125,33.109],[-83.088,33.125],[-83.075,33.13],[-83.025,33.152],[-82.975,33.174],[-82.974,33.175],[-82.925,33.197],[-82.875,33.219],[-82.862,33.225],[-82.825,33.241],[-82.775,33.263],[-82.749,33.275],[-82.725,33.285],[-82.675,33.307],[-82.631,33.325],[-82.625,33.327],[-82.575,33.347],[-82.525,33.367],[-82.503,33.375],[-82.475,33.385],[-82.425,33.402],[-82.375,33.418],[-82.353,33.425],[-82.325,33.433],[-82.275,33.448],[-82.225,33.461],[-82.175,33.474],[-82.17,33.475],[-82.125,33.486],[-82.075,33.497],[-82.025,33.507],[-81.975,33.516],[-81.925,33.525],[-81.925,33.525],[-81.875,33.533],[-81.825,33.541],[-81.775,33.548],[-81.725,33.555],[-81.675,33.563],[-81.625,33.57],[-81.595,33.575],[-81.575,33.578],[-81.525,33.586],[-81.475,33.593],[-81.425,33.6],[-81.375,33.607],[-81.325,33.613],[-81.275,33.617],[-81.225,33.621],[-81.175,33.624],[-81.125,33.625],[-81.075,33.625],[-81.025,33.624],[-80.975,33.621],[-80.925,33.617],[-80.875,33.611],[-80.825,33.604],[-80.775,33.596],[-80.725,33.586],[-80.675,33.575],[-80.674,33.575],[-80.625,33.563],[-80.575,33.55],[-80.525,33.536],[-80.488,33.525],[-80.475,33.521],[-80.425,33.505],[-80.375,33.488],[-80.336,33.475],[-80.325,33.471],[-80.275,33.453],[-80.225,33.434],[-80.2,33.425],[-80.175,33.415],[-80.125,33.396],[-80.075,33.376],[-80.072,33.375],[-80.025,33.356],[-79.975,33.336],[-79.947,33.325],[-79.925,33.316],[-79.875,33.296],[-79.825,33.275],[-79.824,33.275],[-79.775,33.255],[-79.725,33.234],[-79.703,33.225],[-79.675,33.214],[-79.625,33.193],[-79.58,33.175],[-79.575,33.173],[-79.525,33.153],[-79.475,33.134],[-79.452,33.125],[-79.425,33.115],[-79.375,33.096],[-79.359,33.091]],[[-87.711,33.239],[-87.675,33.231],[-87.649,33.225],[-87.625,33.22],[-87.575,33.208],[-87.525,33.197],[-87.475,33.185],[-87.432,33.175],[-87.425,33.173],[-87.375,33.162],[-87.325,33.15],[-87.275,33.138],[-87.225,33.127],[-87.219,33.125],[-87.175,33.115],[-87.125,33.103],[-87.075,33.092],[-87.025,33.08],[-87.003,33.075],[-86.975,33.069],[-86.925,33.057],[-86.875,33.046],[-86.825,33.035],[-86.781,33.025],[-86.775,33.024],[-86.725,33.013],[-86.675,33.002],[-86.625,32.991],[-86.575,32.98],[-86.55,32.975],[-86.525,32.97],[-86.475,32.959],[-86.425,32.949],[-86.375,32.938],[-86.325,32.928],[-86.31,32.925],[-86.275,32.918],[-86.225,32.908],[-86.175,32.898],[-86.125,32.888],[-86.075,32.879],[-86.055,32.875],[-86.025,32.869],[-85.975,32.86],[-85.925,32.851],[-85.875,32.843],[-85.825,32.835],[-85.775,32.827],[-85.765,32.825],[-85.725,32.819],[-85.675,32.812],[-85.625,32.805],[-85.575,32.798],[-85.525,32.792],[-85.475,32.786],[-85.425,32.781],[-85.375,32.776],[-85.367,32.775],[-85.325,32.771],[-85.275,32.767],[-85.225,32.763],[-85.175,32.76],[-85.125,32.757],[-85.075,32.755],[-85.025,32.753],[-84.975,32.751],[-84.925,32.75],[-84.875,32.75],[-84.825,32.75],[-84.775,32.75],[-84.725,32.752],[-84.675,32.753],[-84.625,32.756],[-84.575,32.759],[-84.525,32.762],[-84.475,32.766],[-84.425,32.771],[-84.391,32.775],[-84.375,32.777],[-84.325,32.783],[-84.275,32.79],[-84.225,32.797],[-84.175,32.805],[-84.125,32.814],[-84.075,32.824],[-84.069,32.825],[-84.025,32.834],[-83.975,32.844],[-83.925,32.856],[-83.875,32.867],[-83.844,32.875],[-83.825,32.88],[-83.775,32.893],[-83.749,32.899]]]}},{"type":"Feature","properties":{"date":"2017-03-12","label":"12 Mar","yday":71,"tier":"day","major":false},"geometry":{"type":"MultiLineString","coordinates":[[[-83.425,33.093],[-83.375,33.111],[-83.337,33.125],[-83.325,33.129],[-83.275,33.148],[-83.225,33.168],[-83.208,33.175],[-83.175,33.189],[-83.125,33.21],[-83.09,33.225],[-83.075,33.231],[-83.025,33.253],[-82.976,33.275],[-82.975,33.275],[-82.925,33.297],[-82.875,33.319],[-82.862,33.325],[-82.825,33.341],[-82.775,33.363],[-82.746,33.375]],[[-87.625,33.327],[-87.616,33.325],[-87.575,33.315],[-87.525,33.304],[-87.475,33.292],[-87.425,33.28],[-87.404,33.275],[-87.375,33.268],[-87.325,33.256],[-87.275,33.244],[-87.225,33.232],[-87.194,33.225],[-87.175,33.22],[-87.125,33.209],[-87.075,33.197],[-87.025,33.185],[-86.983,33.175],[-86.975,33.173],[-86.925,33.161],[-86.875,33.15],[-86.825,33.138],[-86.775,33.126],[-86.769,33.125],[-86.725,33.115],[-86.675,33.104],[-86.625,33.093],[-86.575,33.081],[-86.546,33.075],[-86.525,33.07],[-86.475,33.059],[-86.425,33.049],[-86.375,33.038],[-86.325,33.027],[-86.315,33.025],[-86.275,33.017],[-86.225,33.006],[-86.175,32.996],[-86.125,32.986],[-86.075,32.976],[-86.07,32.975],[-86.025,32.966],[-85.975,32.957],[-85.925,32.948],[-85.875,32.939],[-85.825,32.93],[-85.795,32.925],[-85.775,32.922],[-85.725,32.914],[-85.675,32.906],[-85.625,32.899],[-85.575,32.892],[-85.525,32.885],[-85.475,32.879],[-85.443,32.875],[-85.425,32.873],[-85.375,32.867],[-85.325,32.862],[-85.275,32.858],[-85.225,32.854],[-85.175,32.85],[-85.125,32.847],[-85.075,32.844],[-85.025,32.842],[-84.975,32.84],[-84.925,32.839],[-84.875,32.838],[-84.825,32.838],[-84.775,32.839],[-84.725,32.84],[-84.675,32.841],[-84.625,32.844],[-84.575,32.847],[-84.525,32.85],[-84.475,32.855],[-84.425,32.86],[-84.375,32.866],[-84.325,32.872],[-84.304,32.875],[-84.275,32.879],[-84.225,32.887],[-84.175,32.895],[-84.125,32.905],[-84.075,32.914],[-84.025,32.925],[-84.024,32.925],[-83.975,32.936],[-83.925,32.948],[-83.875,32.96],[-83.825,32.973],[-83.823,32.973]],[[-82.471,33.479],[-82.425,33.493],[-82.375,33.508],[-82.325,33.522],[-82.313,33.525],[-82.275,33.535],[-82.225,33.547],[-82.175,33.558],[-82.125,33.569],[-82.096,33.575],[-82.075,33.579],[-82.025,33.588],[-81.975,33.597],[-81.925,33.605],[-81.875,33.613],[-81.825,33.621],[-81.795,33.625],[-81.775,33.628],[-81.725,33.635],[-81.675,33.643],[-81.625,33.651],[-81.575,33.66],[-81.525,33.668],[-81.482,33.675],[-81.475,33.676],[-81.425,33.684],[-81.375,33.691],[-81.325,33.697],[-81.275,33.702],[-81.225,33.707],[-81.175,33.71],[-81.125,33.712],[-81.075,33.713],[-81.025,33.712],[-80.975,33.709],[-80.925,33.705],[-80.875,33.7],[-80.825,33.694],[-80.775,33.686],[-80.725,33.677],[-80.716,33.675],[-80.675,33.666],[-80.625,33.655],[-80.575,33.642],[-80.525,33.629],[-80.512,33.625],[-80.475,33.614],[-80.425,33.598],[-80.375,33.582],[-80.355,33.575],[-80.325,33.565],[-80.275,33.547],[-80.225,33.528],[-80.217,33.525],[-80.175,33.509],[-80.125,33.49],[-80.088,33.475],[-80.075,33.47],[-80.025,33.45],[-79.975,33.43],[-79.963,33.425],[-79.925,33.41],[-79.875,33.389],[-79.839,33.375],[-79.825,33.369],[-79.775,33.349],[-79.725,33.329],[-79.716,33.325],[-79.675,33.308],[-79.625,33.288],[-79.592,33.275],[-79.575,33.268],[-79.525,33.249],[-79.475,33.229],[-79.463,33.225],[-79.425,33.211],[-79.375,33.193],[-79.325,33.175],[-79.324,33.175],[-79.287,33.163]]]}},{"type":"Feature","properties":{"date":"2017-03-13","label":"13 Mar","yday":72,"tier":"day","major":false},"geometry":{"type":"MultiLineString","coordinates":[[[-84.037,33.013],[-84.025,33.015],[-83.983,33.025]],[[-83.425,33.19],[-83.375,33.209],[-83.332,33.225],[-83.325,33.228],[-83.275,33.247],[-83.225,33.268],[-83.207,33.275],[-83.175,33.288],[-83.125,33.31],[-83.089,33.325],[-83.075,33.331],[-83.025,33.353],[-82.975,33.374],[-82.974,33.375]],[[-87.636,33.436],[-87.625,33.433],[-87.591,33.425],[-87.575,33.421],[-87.525,33.409],[-87.475,33.397],[-87.425,33.386],[-87.381,33.375],[-87.375,33.373],[-87.325,33.361],[-87.275,33.349],[-87.225,33.337],[-87.175,33.325],[-87.174,33.325],[-87.125,33.313],[-87.075,33.301],[-87.025,33.289],[-86.975,33.277],[-86.968,33.275],[-86.925,33.265],[-86.875,33.253],[-86.825,33.241],[-86.775,33.229],[-86.759,33.225],[-86.725,33.217],[-86.675,33.205],[-86.625,33.194],[-86.575,33.182],[-86.544,33.175],[-86.525,33.171],[-86.475,33.159],[-86.425,33.148],[-86.375,33.137],[-86.325,33.126],[-86.321,33.125],[-86.275,33.115],[-86.225,33.104],[-86.175,33.093],[-86.125,33.083],[-86.086,33.075],[-86.075,33.073],[-86.025,33.063],[-85.975,33.053],[-85.925,33.043],[-85.875,33.034],[-85.826,33.025],[-85.825,33.025],[-85.775,33.016],[-85.725,33.008],[-85.675,32.999],[-85.625,32.992],[-85.575,32.984],[-85.525,32.977],[-85.508,32.975],[-85.475,32.971],[-85.425,32.964],[-85.375,32.958],[-85.325,32.953],[-85.275,32.948],[-85.225,32.944],[-85.175,32.939],[-85.125,32.936],[-85.075,32.933],[-85.025,32.93],[-84.975,32.928],[-84.925,32.927],[-84.875,32.926],[-84.825,32.925],[-84.775,32.926],[-84.725,32.927],[-84.675,32.928],[-84.625,32.931],[-84.575,32.934],[-84.525,32.937],[-84.475,32.942],[-84.425,32.947],[-84.375,32.953],[-84.325,32.96],[-84.275,32.967],[-84.229,32.975],[-84.226,32.976]],[[-82.375,33.594],[-82.325,33.607],[-82.275,33.619],[-82.248,33.625],[-82.225,33.63],[-82.175,33.641],[-82.125,33.651],[-82.075,33.66],[-82.025,33.669],[-81.989,33.675],[-81.975,33.677],[-81.925,33.685],[-81.875,33.693],[-81.825,33.701],[-81.775,33.708],[-81.725,33.716],[-81.675,33.724],[-81.67,33.725],[-81.625,33.733],[-81.575,33.741],[-81.525,33.75],[-81.475,33.758],[-81.425,33.766],[-81.375,33.774],[-81.366,33.775],[-81.325,33.781],[-81.275,33.786],[-81.225,33.791],[-81.175,33.795],[-81.125,33.798],[-81.075,33.799],[-81.025,33.798],[-80.975,33.796],[-80.925,33.793],[-80.875,33.788],[-80.825,33.781],[-80.782,33.775],[-80.775,33.774],[-80.725,33.765],[-80.675,33.756],[-80.625,33.745],[-80.575,33.733],[-80.545,33.725],[-80.525,33.72],[-80.475,33.706],[-80.425,33.69],[-80.377,33.675],[-80.375,33.674],[-80.325,33.657],[-80.275,33.64],[-80.235,33.625],[-80.225,33.621],[-80.175,33.602],[-80.125,33.583],[-80.104,33.575],[-80.075,33.564],[-80.025,33.544],[-79.978,33.525],[-79.975,33.524],[-79.925,33.504],[-79.875,33.484],[-79.853,33.475],[-79.825,33.464],[-79.775,33.444],[-79.727,33.425],[-79.725,33.424],[-79.675,33.404],[-79.625,33.385],[-79.6,33.375],[-79.575,33.365],[-79.525,33.346],[-79.475,33.327],[-79.471,33.325],[-79.425,33.308],[-79.375,33.29],[-79.331,33.275],[-79.325,33.273],[-79.322,33.272]]]}},{"type":"Feature","properties":{"date":"2017-03-14","label":"14 Mar","yday":73,"tier":"day","major":false},"geometry":{"type":"MultiLineString","coordinates":[[[-79.253,33.353],[-79.225,33.345],[-79.175,33.331]],[[-87.175,33.429],[-87.158,33.425],[-87.125,33.417],[-87.075,33.405],[-87.025,33.392],[-86.975,33.38],[-86.954,33.375],[-86.925,33.368],[-86.875,33.356],[-86.825,33.343],[-86.775,33.331],[-86.749,33.325],[-86.725,33.319],[-86.675,33.307],[-86.625,33.295],[-86.575,33.283],[-86.541,33.275],[-86.525,33.271],[-86.475,33.259],[-86.425,33.248],[-86.375,33.236],[-86.327,33.225],[-86.325,33.225],[-86.275,33.213],[-86.225,33.202],[-86.175,33.191],[-86.125,33.18],[-86.102,33.175],[-86.075,33.169],[-86.025,33.159],[-85.975,33.149],[-85.925,33.139],[-85.875,33.129],[-85.855,33.125],[-85.825,33.119],[-85.775,33.11],[-85.725,33.101],[-85.675,33.093],[-85.625,33.084],[-85.575,33.077],[-85.564,33.075],[-85.525,33.069],[-85.475,33.062],[-85.425,33.055],[-85.375,33.049],[-85.325,33.043],[-85.275,33.038],[-85.225,33.033],[-85.175,33.028],[-85.132,33.025],[-85.125,33.024],[-85.075,33.021],[-85.025,33.018],[-84.975,33.016],[-84.925,33.014],[-84.875,33.013],[-84.825,33.012],[-84.775,33.012],[-84.725,33.013],[-84.675,33.015],[-84.625,33.017],[-84.575,33.02],[-84.525,33.024],[-84.514,33.025],[-84.475,33.029],[-84.425,33.034],[-84.375,33.04],[-84.345,33.045]],[[-87.774,33.574],[-87.725,33.562],[-87.675,33.55],[-87.625,33.538],[-87.575,33.526],[-87.57,33.525],[-87.525,33.514],[-87.511,33.511]],[[-82.418,33.668],[-82.388,33.675],[-82.375,33.678],[-82.325,33.69],[-82.275,33.701],[-82.225,33.711],[-82.175,33.721],[-82.156,33.725],[-82.125,33.731],[-82.075,33.74],[-82.025,33.749],[-81.975,33.757],[-81.925,33.765],[-81.875,33.773],[-81.863,33.775],[-81.825,33.781],[-81.775,33.789],[-81.725,33.797],[-81.675,33.806],[-81.625,33.814],[-81.575,33.823],[-81.563,33.825],[-81.525,33.832],[-81.475,33.84],[-81.425,33.848],[-81.375,33.856],[-81.325,33.863],[-81.275,33.869],[-81.225,33.874],[-81.216,33.875],[-81.175,33.879],[-81.125,33.882],[-81.075,33.883],[-81.025,33.883],[-80.975,33.881],[-80.925,33.877],[-80.9,33.875],[-80.875,33.873],[-80.825,33.867],[-80.775,33.86],[-80.725,33.852],[-80.675,33.843],[-80.625,33.833],[-80.591,33.825],[-80.575,33.822],[-80.525,33.809],[-80.475,33.796],[-80.425,33.781],[-80.404,33.775],[-80.375,33.766],[-80.325,33.75],[-80.275,33.733],[-80.254,33.725],[-80.225,33.715],[-80.175,33.696],[-80.125,33.677],[-80.119,33.675],[-80.075,33.658],[-80.025,33.638],[-79.992,33.625],[-79.975,33.618],[-79.925,33.599],[-79.875,33.579],[-79.865,33.575],[-79.825,33.559],[-79.775,33.54],[-79.736,33.525],[-79.725,33.521],[-79.675,33.502],[-79.625,33.483],[-79.605,33.475],[-79.575,33.464],[-79.525,33.445],[-79.475,33.427],[-79.47,33.425],[-79.425,33.409],[-79.375,33.391],[-79.326,33.375],[-79.325,33.375],[-79.287,33.363]]]}},{"type":"Feature","properties":{"date":"2017-03-15","label":"15 Mar","yday":74,"tier":"day","major":false},"geometry":{"type":"MultiLineString","coordinates":[[[-87.169,33.531],[-87.142,33.525],[-87.125,33.521],[-87.075,33.508],[-87.025,33.496],[-86.975,33.484],[-86.94,33.475],[-86.925,33.471],[-86.875,33.459],[-86.825,33.446],[-86.775,33.434],[-86.739,33.425],[-86.725,33.422],[-86.675,33.409],[-86.625,33.397],[-86.575,33.384],[-86.537,33.375],[-86.525,33.372],[-86.475,33.36],[-86.425,33.348],[-86.375,33.336],[-86.33,33.325],[-86.325,33.324],[-86.275,33.312],[-86.225,33.3],[-86.175,33.289],[-86.125,33.277],[-86.115,33.275],[-86.075,33.266],[-86.025,33.255],[-85.975,33.245],[-85.925,33.234],[-85.881,33.225],[-85.875,33.224],[-85.825,33.214],[-85.775,33.204],[-85.725,33.195],[-85.675,33.186],[-85.625,33.177],[-85.61,33.175],[-85.575,33.169],[-85.525,33.161],[-85.475,33.154],[-85.425,33.147],[-85.375,33.14],[-85.325,33.134],[-85.275,33.128],[-85.249,33.125],[-85.225,33.122],[-85.175,33.118],[-85.125,33.113],[-85.075,33.109],[-85.025,33.106],[-84.975,33.103],[-84.925,33.101],[-84.875,33.1],[-84.825,33.099],[-84.775,33.099],[-84.725,33.099],[-84.675,33.101],[-84.625,33.103],[-84.575,33.106],[-84.525,33.11],[-84.475,33.115],[-84.425,33.121],[-84.421,33.121]],[[-87.731,33.669],[-87.725,33.667],[-87.675,33.655],[-87.625,33.643],[-87.583,33.633]],[[-82.394,33.756],[-82.375,33.76],[-82.325,33.771],[-82.308,33.775],[-82.275,33.782],[-82.225,33.792],[-82.175,33.801],[-82.125,33.811],[-82.075,33.819],[-82.042,33.825],[-82.025,33.828],[-81.975,33.836],[-81.925,33.845],[-81.875,33.853],[-81.825,33.861],[-81.775,33.869],[-81.741,33.875],[-81.725,33.878],[-81.675,33.886],[-81.625,33.895],[-81.575,33.903],[-81.525,33.912],[-81.475,33.92],[-81.446,33.925],[-81.425,33.928],[-81.375,33.936],[-81.325,33.943],[-81.275,33.949],[-81.225,33.954],[-81.175,33.959],[-81.125,33.962],[-81.075,33.964],[-81.025,33.964],[-80.975,33.962],[-80.925,33.959],[-80.875,33.955],[-80.825,33.949],[-80.775,33.943],[-80.725,33.935],[-80.675,33.927],[-80.663,33.925],[-80.625,33.918],[-80.575,33.908],[-80.525,33.897],[-80.475,33.885],[-80.439,33.875],[-80.425,33.871],[-80.375,33.856],[-80.325,33.841],[-80.276,33.825],[-80.275,33.825],[-80.225,33.808],[-80.175,33.79],[-80.134,33.775],[-80.125,33.772],[-80.075,33.753],[-80.025,33.734],[-80.003,33.725],[-79.975,33.714],[-79.925,33.695],[-79.875,33.675],[-79.874,33.675],[-79.825,33.656],[-79.775,33.638],[-79.74,33.625],[-79.725,33.619],[-79.675,33.601],[-79.625,33.583],[-79.603,33.575],[-79.575,33.565],[-79.525,33.547],[-79.475,33.53],[-79.461,33.525],[-79.425,33.513],[-79.375,33.496],[-79.325,33.48],[-79.308,33.475],[-79.275,33.465],[-79.225,33.451],[-79.175,33.438],[-79.165,33.435]]]}},{"type":"Feature","properties":{"date":"2017-03-16","label":"16 Mar","yday":75,"tier":"index","major":true},"geometry":{"type":"MultiLineString","coordinates":[[[-87.125,33.625],[-87.075,33.612],[-87.025,33.6],[-86.975,33.587],[-86.926,33.575],[-86.925,33.575],[-86.875,33.562],[-86.825,33.55],[-86.775,33.537],[-86.728,33.525],[-86.725,33.524],[-86.675,33.512],[-86.625,33.499],[-86.575,33.486],[-86.53,33.475],[-86.525,33.474],[-86.475,33.461],[-86.425,33.449],[-86.375,33.436],[-86.33,33.425],[-86.325,33.424],[-86.275,33.411],[-86.225,33.399],[-86.175,33.387],[-86.125,33.375],[-86.123,33.375],[-86.075,33.364],[-86.025,33.352],[-85.975,33.341],[-85.925,33.33],[-85.901,33.325],[-85.875,33.32],[-85.825,33.309],[-85.775,33.299],[-85.725,33.289],[-85.675,33.28],[-85.647,33.275],[-85.625,33.271],[-85.575,33.262],[-85.525,33.254],[-85.475,33.246],[-85.425,33.238],[-85.375,33.231],[-85.329,33.225],[-85.325,33.225],[-85.275,33.218],[-85.225,33.212],[-85.175,33.207],[-85.125,33.202],[-85.075,33.198],[-85.025,33.194],[-84.975,33.191],[-84.94,33.19]],[[-82.325,33.852],[-82.275,33.862],[-82.225,33.872],[-82.209,33.875],[-82.175,33.881],[-82.125,33.89],[-82.075,33.899],[-82.025,33.907],[-81.975,33.915],[-81.925,33.924],[-81.918,33.925],[-81.875,33.932],[-81.825,33.94],[-81.775,33.949],[-81.725,33.957],[-81.675,33.966],[-81.625,33.975],[-81.622,33.975],[-81.575,33.983],[-81.525,33.991],[-81.475,33.999],[-81.425,34.007],[-81.375,34.014],[-81.325,34.021],[-81.291,34.025],[-81.275,34.027],[-81.225,34.032],[-81.175,34.036],[-81.125,34.039],[-81.075,34.041],[-81.025,34.041],[-80.975,34.04],[-80.925,34.037],[-80.875,34.034],[-80.825,34.029],[-80.792,34.025],[-80.775,34.023],[-80.725,34.016],[-80.675,34.009],[-80.625,34.001],[-80.575,33.992],[-80.525,33.982],[-80.494,33.975],[-80.475,33.971],[-80.425,33.958],[-80.375,33.945],[-80.325,33.931],[-80.306,33.925],[-80.275,33.916],[-80.225,33.9],[-80.175,33.883],[-80.151,33.875],[-80.125,33.866],[-80.075,33.849],[-80.025,33.831],[-80.01,33.825],[-79.975,33.812],[-79.925,33.793],[-79.876,33.775],[-79.875,33.775],[-79.825,33.756],[-79.775,33.738],[-79.738,33.725],[-79.725,33.72],[-79.675,33.703],[-79.625,33.686],[-79.594,33.675],[-79.575,33.668],[-79.525,33.652],[-79.475,33.635],[-79.444,33.625],[-79.425,33.619],[-79.375,33.603],[-79.325,33.588],[-79.278,33.575],[-79.275,33.574],[-79.225,33.561],[-79.175,33.548],[-79.125,33.536],[-79.076,33.525],[-79.075,33.525]]]}},{"type":"Feature","properties":{"date":"2017-03-17","label":"17 Mar","yday":76,"tier":"day","major":false},"geometry":{"type":"MultiLineString","coordinates":[[[-87.196,33.746],[-87.175,33.741],[-87.125,33.729],[-87.11,33.725],[-87.075,33.716],[-87.025,33.704],[-86.975,33.691],[-86.925,33.679],[-86.91,33.675],[-86.875,33.666],[-86.825,33.654],[-86.775,33.641],[-86.725,33.628],[-86.714,33.625],[-86.675,33.615],[-86.625,33.602],[-86.575,33.589],[-86.525,33.576],[-86.52,33.575],[-86.475,33.563],[-86.425,33.55],[-86.375,33.538],[-86.326,33.525],[-86.325,33.525],[-86.275,33.512],[-86.225,33.5],[-86.175,33.487],[-86.126,33.475],[-86.125,33.475],[-86.075,33.463],[-86.025,33.451],[-85.975,33.439],[-85.925,33.428],[-85.914,33.425],[-85.875,33.416],[-85.825,33.406],[-85.775,33.395],[-85.725,33.385],[-85.675,33.375],[-85.675,33.375],[-85.625,33.366],[-85.575,33.356],[-85.525,33.348],[-85.475,33.339],[-85.425,33.331],[-85.384,33.325],[-85.375,33.324],[-85.325,33.316],[-85.275,33.31],[-85.225,33.304],[-85.175,33.298],[-85.125,33.293],[-85.075,33.288],[-85.035,33.285]],[[-82.253,33.947],[-82.225,33.952],[-82.175,33.961],[-82.125,33.969],[-82.092,33.975],[-82.075,33.978],[-82.025,33.986],[-81.975,33.994],[-81.925,34.003],[-81.875,34.011],[-81.825,34.02],[-81.793,34.025],[-81.775,34.028],[-81.725,34.036],[-81.675,34.045],[-81.625,34.053],[-81.575,34.061],[-81.525,34.069],[-81.489,34.075],[-81.475,34.077],[-81.425,34.084],[-81.375,34.091],[-81.325,34.097],[-81.275,34.103],[-81.225,34.108],[-81.175,34.111],[-81.125,34.114],[-81.075,34.116],[-81.025,34.116],[-80.975,34.115],[-80.925,34.113],[-80.875,34.11],[-80.825,34.106],[-80.775,34.101],[-80.725,34.095],[-80.675,34.088],[-80.625,34.081],[-80.588,34.075],[-80.575,34.073],[-80.525,34.064],[-80.475,34.054],[-80.425,34.043],[-80.375,34.031],[-80.351,34.025],[-80.325,34.018],[-80.275,34.005],[-80.225,33.99],[-80.175,33.976],[-80.173,33.975],[-80.125,33.96],[-80.075,33.944],[-80.025,33.928],[-80.016,33.925],[-79.975,33.911],[-79.925,33.894],[-79.875,33.877],[-79.87,33.875],[-79.825,33.859],[-79.775,33.842],[-79.725,33.825],[-79.725,33.825],[-79.675,33.808],[-79.625,33.792],[-79.575,33.775],[-79.574,33.775],[-79.525,33.759],[-79.475,33.743],[-79.425,33.728],[-79.415,33.725],[-79.375,33.713],[-79.325,33.699],[-79.275,33.686],[-79.234,33.675],[-79.225,33.673],[-79.175,33.661],[-79.125,33.65],[-79.075,33.639],[-79.025,33.63],[-79.001,33.625],[-78.979,33.621]]]}},{"type":"Feature","properties":{"date":"2017-03-18","label":"18 Mar","yday":77,"tier":"day","major":false},"geometry":{"type":"MultiLineString","coordinates":[[[-87.375,33.895],[-87.325,33.883],[-87.293,33.875],[-87.275,33.871],[-87.225,33.859],[-87.175,33.846],[-87.125,33.834],[-87.089,33.825],[-87.075,33.822],[-87.025,33.809],[-86.975,33.797],[-86.925,33.784],[-86.89,33.775],[-86.875,33.771],[-86.825,33.758],[-86.775,33.746],[-86.725,33.733],[-86.696,33.725],[-86.675,33.72],[-86.625,33.706],[-86.575,33.693],[-86.525,33.68],[-86.506,33.675],[-86.475,33.667],[-86.425,33.654],[-86.375,33.641],[-86.325,33.627],[-86.316,33.625],[-86.275,33.614],[-86.225,33.601],[-86.175,33.588],[-86.125,33.576],[-86.123,33.575],[-86.075,33.563],[-86.025,33.551],[-85.975,33.538],[-85.925,33.526],[-85.919,33.525],[-85.875,33.515],[-85.825,33.504],[-85.775,33.493],[-85.725,33.482],[-85.692,33.475],[-85.675,33.472],[-85.625,33.462],[-85.575,33.452],[-85.525,33.443],[-85.475,33.434],[-85.425,33.425],[-85.422,33.425],[-85.375,33.417],[-85.325,33.41],[-85.275,33.403],[-85.225,33.396],[-85.175,33.39],[-85.125,33.384],[-85.075,33.379]],[[-82.156,34.044],[-82.125,34.049],[-82.075,34.057],[-82.025,34.065],[-81.975,34.074],[-81.966,34.075],[-81.925,34.082],[-81.875,34.09],[-81.845,34.095]],[[-81.575,34.139],[-81.525,34.147],[-81.475,34.154],[-81.425,34.161],[-81.375,34.167],[-81.325,34.173],[-81.305,34.175]],[[-81.01,34.19],[-80.975,34.19],[-80.925,34.188],[-80.875,34.186],[-80.825,34.182],[-80.775,34.178],[-80.748,34.175],[-80.725,34.173],[-80.675,34.167],[-80.625,34.16],[-80.575,34.152],[-80.525,34.144],[-80.475,34.135],[-80.425,34.126],[-80.422,34.125],[-80.375,34.115],[-80.325,34.104],[-80.275,34.092],[-80.225,34.08],[-80.207,34.075],[-80.175,34.066],[-80.125,34.053],[-80.075,34.039],[-80.026,34.025],[-80.025,34.025],[-79.975,34.01],[-79.925,33.995],[-79.875,33.98],[-79.86,33.975],[-79.825,33.964],[-79.775,33.948],[-79.725,33.933],[-79.701,33.925],[-79.675,33.917],[-79.625,33.901],[-79.575,33.886],[-79.54,33.875],[-79.525,33.87],[-79.475,33.856],[-79.425,33.841],[-79.375,33.827],[-79.368,33.825],[-79.325,33.813],[-79.275,33.8],[-79.225,33.788],[-79.175,33.776],[-79.168,33.775],[-79.125,33.766],[-79.075,33.756],[-79.025,33.748],[-78.975,33.739],[-78.925,33.73],[-78.896,33.725],[-78.878,33.722]]]}},{"type":"Feature","properties":{"date":"2017-03-19","label":"19 Mar","yday":78,"tier":"day","major":false},"geometry":{"type":"MultiLineString","coordinates":[[[-86.714,33.836],[-86.675,33.826],[-86.673,33.825],[-86.625,33.812],[-86.575,33.799],[-86.525,33.786],[-86.485,33.775],[-86.475,33.772],[-86.425,33.759],[-86.375,33.745],[-86.325,33.732],[-86.299,33.725],[-86.275,33.719],[-86.225,33.705],[-86.175,33.692],[-86.125,33.679],[-86.111,33.675],[-86.075,33.666],[-86.025,33.653],[-85.975,33.64],[-85.925,33.628],[-85.914,33.625],[-85.875,33.615],[-85.825,33.604],[-85.775,33.592],[-85.725,33.581],[-85.697,33.575],[-85.675,33.57],[-85.625,33.56],[-85.575,33.55],[-85.525,33.54],[-85.475,33.531],[-85.444,33.525],[-85.425,33.522],[-85.375,33.513],[-85.325,33.505],[-85.275,33.497],[-85.225,33.49],[-85.175,33.484],[-85.125,33.478],[-85.1,33.475],[-85.075,33.472]],[[-87.425,34.013],[-87.375,34.001],[-87.325,33.989],[-87.275,33.977],[-87.267,33.975],[-87.225,33.965],[-87.175,33.953],[-87.125,33.94],[-87.075,33.928],[-87.063,33.925],[-87.025,33.915],[-86.975,33.903],[-86.925,33.89],[-86.875,33.878],[-86.865,33.875],[-86.825,33.865],[-86.811,33.861]],[[-80.937,34.263],[-80.925,34.263],[-80.875,34.261],[-80.825,34.258],[-80.775,34.254],[-80.725,34.249],[-80.675,34.244],[-80.625,34.238],[-80.575,34.232],[-80.53,34.225],[-80.525,34.224],[-80.475,34.216],[-80.425,34.208],[-80.375,34.199],[-80.325,34.189],[-80.275,34.178],[-80.26,34.175],[-80.225,34.167],[-80.175,34.156],[-80.125,34.145],[-80.075,34.133],[-80.043,34.125],[-80.025,34.121],[-79.975,34.108],[-79.925,34.096],[-79.875,34.083],[-79.846,34.075],[-79.825,34.069],[-79.775,34.056],[-79.725,34.042],[-79.675,34.028],[-79.665,34.025],[-79.625,34.014],[-79.575,34.0],[-79.525,33.985],[-79.487,33.975],[-79.475,33.972],[-79.425,33.958],[-79.375,33.945],[-79.325,33.933],[-79.293,33.925],[-79.275,33.921],[-79.225,33.909],[-79.175,33.899],[-79.125,33.889],[-79.075,33.88],[-79.048,33.875],[-79.025,33.871],[-78.975,33.863],[-78.925,33.855],[-78.875,33.847],[-78.825,33.839],[-78.775,33.831],[-78.739,33.825],[-78.727,33.823]]]}},{"type":"Feature","properties":{"date":"2017-03-20","label":"20 Mar","yday":79,"tier":"day","major":false},"geometry":{"type":"MultiLineString","coordinates":[[[-86.629,33.921],[-86.625,33.92],[-86.575,33.907],[-86.525,33.893],[-86.475,33.88],[-86.458,33.875],[-86.425,33.866],[-86.375,33.852],[-86.325,33.839],[-86.275,33.825],[-86.275,33.825],[-86.225,33.811],[-86.175,33.798],[-86.125,33.784],[-86.091,33.775],[-86.075,33.771],[-86.025,33.758],[-85.975,33.745],[-85.925,33.732],[-85.899,33.725],[-85.875,33.719],[-85.825,33.707],[-85.775,33.695],[-85.725,33.683],[-85.69,33.675],[-85.675,33.672],[-85.625,33.661],[-85.575,33.65],[-85.525,33.64],[-85.475,33.63],[-85.45,33.625],[-85.425,33.62],[-85.375,33.611],[-85.325,33.603],[-85.275,33.595],[-85.225,33.587],[-85.175,33.58],[-85.137,33.575],[-85.125,33.573],[-85.075,33.568],[-85.025,33.563]],[[-87.388,34.112],[-87.375,34.109],[-87.325,34.097],[-87.275,34.085],[-87.235,34.075],[-87.225,34.073],[-87.175,34.061],[-87.125,34.048],[-87.075,34.036],[-87.03,34.025],[-87.025,34.024],[-87.023,34.023]],[[-80.864,34.336],[-80.825,34.334],[-80.775,34.33],[-80.725,34.327],[-80.708,34.325],[-80.675,34.322],[-80.625,34.317],[-80.575,34.311],[-80.525,34.304],[-80.475,34.298],[-80.425,34.29],[-80.375,34.282],[-80.335,34.275],[-80.325,34.273],[-80.275,34.264],[-80.225,34.255],[-80.175,34.245],[-80.125,34.236],[-80.075,34.226],[-80.071,34.225],[-80.025,34.216],[-79.975,34.206],[-79.925,34.195],[-79.875,34.185],[-79.827,34.175],[-79.825,34.175],[-79.775,34.164],[-79.725,34.153],[-79.675,34.141],[-79.625,34.129],[-79.611,34.125],[-79.575,34.116],[-79.525,34.104],[-79.475,34.092],[-79.425,34.08],[-79.404,34.075],[-79.375,34.069],[-79.325,34.058],[-79.275,34.048],[-79.225,34.038],[-79.175,34.03],[-79.147,34.025],[-79.125,34.021],[-79.075,34.014],[-79.025,34.006],[-78.975,34.0],[-78.925,33.993],[-78.875,33.986],[-78.825,33.979],[-78.792,33.975],[-78.775,33.973],[-78.725,33.966],[-78.675,33.96],[-78.625,33.954],[-78.575,33.948],[-78.525,33.942],[-78.475,33.936],[-78.425,33.93],[-78.42,33.93]]]}},{"type":"Feature","properties":{"date":"2017-03-21","label":"21 Mar","yday":80,"tier":"five","major":false},"geometry":{"type":"MultiLineString","coordinates":[[[-86.775,34.07],[-86.725,34.057],[-86.675,34.044],[-86.625,34.03],[-86.606,34.025],[-86.575,34.017],[-86.525,34.003],[-86.475,33.989],[-86.425,33.975],[-86.423,33.975],[-86.375,33.962],[-86.325,33.948],[-86.275,33.934],[-86.243,33.925],[-86.225,33.92],[-86.175,33.906],[-86.125,33.892],[-86.075,33.879],[-86.061,33.875],[-86.025,33.865],[-85.975,33.852],[-85.925,33.839],[-85.875,33.826],[-85.873,33.825],[-85.825,33.813],[-85.775,33.8],[-85.725,33.788],[-85.675,33.776],[-85.67,33.775],[-85.625,33.765],[-85.575,33.753],[-85.525,33.743],[-85.475,33.732],[-85.44,33.725],[-85.425,33.722],[-85.375,33.712],[-85.325,33.703],[-85.275,33.695],[-85.225,33.686],[-85.175,33.679],[-85.147,33.675],[-85.125,33.672],[-85.075,33.666],[-85.025,33.66],[-84.975,33.655]],[[-80.744,34.406],[-80.725,34.405],[-80.675,34.401],[-80.625,34.396],[-80.575,34.391],[-80.525,34.386],[-80.475,34.38],[-80.44,34.375],[-80.425,34.373],[-80.375,34.366],[-80.325,34.359],[-80.275,34.351],[-80.225,34.343],[-80.175,34.335],[-80.125,34.327],[-80.115,34.325],[-80.075,34.319],[-80.025,34.311],[-79.975,34.303],[-79.925,34.295],[-79.875,34.287],[-79.825,34.279],[-79.801,34.275],[-79.775,34.271],[-79.725,34.262],[-79.675,34.253],[-79.625,34.244],[-79.575,34.235],[-79.525,34.225],[-79.524,34.225],[-79.475,34.216],[-79.425,34.206],[-79.375,34.197],[-79.325,34.189],[-79.275,34.182],[-79.225,34.175],[-79.225,34.175],[-79.175,34.169],[-79.125,34.164],[-79.075,34.158],[-79.025,34.154],[-78.975,34.149],[-78.925,34.144],[-78.875,34.14],[-78.825,34.135],[-78.775,34.13],[-78.725,34.126],[-78.719,34.125],[-78.675,34.121],[-78.625,34.116],[-78.575,34.111],[-78.525,34.105],[-78.475,34.1],[-78.425,34.094],[-78.375,34.089],[-78.325,34.083],[-78.275,34.077],[-78.256,34.075],[-78.225,34.072],[-78.175,34.066],[-78.125,34.061],[-78.075,34.057],[-78.025,34.053],[-77.975,34.049]]]}},{"type":"Feature","properties":{"date":"2017-03-22","label":"22 Mar","yday":81,"tier":"day","major":false},"geometry":{"type":"MultiLineString","coordinates":[[[-86.56,34.125],[-86.525,34.115],[-86.475,34.102],[-86.425,34.088],[-86.38,34.075],[-86.375,34.074],[-86.325,34.06],[-86.275,34.046],[-86.225,34.032],[-86.202,34.025],[-86.175,34.018],[-86.125,34.004],[-86.075,33.99],[-86.025,33.976],[-86.022,33.975],[-85.975,33.962],[-85.925,33.949],[-85.875,33.935],[-85.836,33.925],[-85.825,33.922],[-85.775,33.909],[-85.725,33.897],[-85.675,33.884],[-85.637,33.875],[-85.625,33.872],[-85.575,33.86],[-85.525,33.849],[-85.475,33.838],[-85.425,33.827],[-85.414,33.825],[-85.375,33.817],[-85.325,33.807],[-85.275,33.798],[-85.225,33.789],[-85.175,33.781],[-85.134,33.775],[-85.125,33.774],[-85.075,33.767],[-85.025,33.761],[-84.975,33.756],[-84.925,33.751],[-84.875,33.748],[-84.853,33.747]],[[-86.729,34.171],[-86.725,34.17],[-86.675,34.157],[-86.625,34.143],[-86.581,34.131]],[[-80.675,34.481],[-80.625,34.477],[-80.6,34.475],[-80.575,34.473],[-80.525,34.468],[-80.475,34.463],[-80.425,34.458],[-80.375,34.452],[-80.325,34.446],[-80.275,34.439],[-80.225,34.432],[-80.175,34.426],[-80.171,34.425],[-80.125,34.419],[-80.075,34.412],[-80.025,34.406],[-79.975,34.401],[-79.925,34.395],[-79.875,34.389],[-79.825,34.383],[-79.775,34.378],[-79.749,34.375],[-79.725,34.372],[-79.675,34.367],[-79.625,34.361],[-79.575,34.355],[-79.525,34.349],[-79.475,34.343],[-79.425,34.338],[-79.375,34.333],[-79.325,34.328],[-79.289,34.325],[-79.275,34.324],[-79.225,34.32],[-79.175,34.318],[-79.125,34.315],[-79.075,34.313],[-79.025,34.311],[-78.975,34.309],[-78.925,34.308],[-78.875,34.306],[-78.825,34.304],[-78.775,34.302],[-78.725,34.299],[-78.675,34.296],[-78.625,34.293],[-78.575,34.289],[-78.525,34.284],[-78.475,34.279],[-78.436,34.275],[-78.425,34.274],[-78.375,34.268],[-78.325,34.263],[-78.275,34.257],[-78.225,34.251],[-78.175,34.245],[-78.125,34.24],[-78.075,34.235],[-78.025,34.23],[-77.975,34.225],[-77.97,34.225],[-77.925,34.221],[-77.875,34.217],[-77.825,34.213]]]}},{"type":"Feature","properties":{"date":"2017-03-23","label":"23 Mar","yday":82,"tier":"day","major":false},"geometry":{"type":"MultiLineString","coordinates":[[[-85.896,34.054],[-85.875,34.049],[-85.825,34.035],[-85.787,34.025],[-85.775,34.022],[-85.725,34.009],[-85.675,33.996],[-85.625,33.984],[-85.59,33.975],[-85.575,33.971],[-85.525,33.959],[-85.475,33.948],[-85.425,33.937],[-85.375,33.926],[-85.371,33.925],[-85.325,33.915],[-85.275,33.906],[-85.225,33.896],[-85.175,33.888],[-85.125,33.879],[-85.096,33.875],[-85.075,33.872],[-85.025,33.865],[-84.975,33.859],[-84.925,33.855],[-84.875,33.851],[-84.825,33.848],[-84.775,33.846],[-84.725,33.845],[-84.675,33.845],[-84.654,33.846]],[[-80.675,34.563],[-80.625,34.56],[-80.575,34.557],[-80.525,34.553],[-80.475,34.549],[-80.425,34.544],[-80.375,34.54],[-80.325,34.535],[-80.275,34.529],[-80.233,34.525],[-80.225,34.524],[-80.175,34.519],[-80.125,34.514],[-80.075,34.509],[-80.025,34.505],[-79.975,34.5],[-79.925,34.496],[-79.875,34.493],[-79.825,34.49],[-79.775,34.487],[-79.725,34.484],[-79.675,34.481],[-79.625,34.479],[-79.575,34.476],[-79.545,34.475],[-79.525,34.474],[-79.475,34.472],[-79.425,34.471],[-79.375,34.47],[-79.325,34.469],[-79.275,34.469],[-79.225,34.469],[-79.175,34.47],[-79.125,34.471],[-79.075,34.472],[-79.025,34.474],[-78.978,34.475],[-78.975,34.475],[-78.925,34.476],[-78.875,34.477],[-78.825,34.478],[-78.775,34.478],[-78.725,34.478],[-78.675,34.477],[-78.625,34.475],[-78.619,34.475],[-78.575,34.472],[-78.525,34.469],[-78.475,34.464],[-78.425,34.458],[-78.375,34.452],[-78.325,34.446],[-78.275,34.44],[-78.225,34.433],[-78.175,34.427],[-78.161,34.425],[-78.125,34.42],[-78.075,34.414],[-78.025,34.408],[-77.975,34.403],[-77.925,34.397],[-77.875,34.392],[-77.825,34.387],[-77.775,34.382],[-77.725,34.377],[-77.706,34.375],[-77.678,34.372]]]}},{"type":"Feature","properties":{"date":"2017-03-24","label":"24 Mar","yday":83,"tier":"day","major":false},"geometry":{"type":"MultiLineString","coordinates":[[[-85.804,34.146],[-85.775,34.139],[-85.725,34.125],[-85.724,34.125],[-85.675,34.112],[-85.625,34.099],[-85.575,34.087],[-85.528,34.075],[-85.525,34.074],[-85.475,34.062],[-85.425,34.051],[-85.375,34.039],[-85.325,34.028],[-85.309,34.025],[-85.275,34.018],[-85.225,34.008],[-85.175,33.999],[-85.125,33.99],[-85.075,33.982],[-85.03,33.975],[-85.025,33.974],[-84.975,33.968],[-84.925,33.962],[-84.875,33.958],[-84.825,33.954],[-84.775,33.952],[-84.725,33.951],[-84.675,33.951],[-84.625,33.952],[-84.575,33.955]],[[-80.625,34.645],[-80.575,34.642],[-80.525,34.64],[-80.475,34.637],[-80.425,34.633],[-80.375,34.63],[-80.325,34.626],[-80.312,34.625],[-80.275,34.622],[-80.225,34.618],[-80.175,34.615],[-80.125,34.611],[-80.075,34.608],[-80.025,34.605],[-79.975,34.602],[-79.925,34.6],[-79.875,34.599],[-79.825,34.598],[-79.775,34.597],[-79.725,34.597],[-79.675,34.597],[-79.625,34.598],[-79.575,34.599],[-79.525,34.6],[-79.475,34.602],[-79.425,34.604],[-79.375,34.606],[-79.325,34.609],[-79.275,34.613],[-79.225,34.616],[-79.175,34.62],[-79.125,34.624],[-79.118,34.625],[-79.075,34.629],[-79.025,34.633],[-78.975,34.636],[-78.925,34.64],[-78.875,34.642],[-78.825,34.645],[-78.775,34.647],[-78.725,34.648],[-78.675,34.648],[-78.625,34.647],[-78.575,34.645],[-78.525,34.642],[-78.475,34.637],[-78.425,34.632],[-78.375,34.626],[-78.369,34.625],[-78.325,34.619],[-78.275,34.613],[-78.225,34.606],[-78.175,34.599],[-78.125,34.592],[-78.075,34.586],[-78.025,34.579],[-77.992,34.575],[-77.975,34.573],[-77.925,34.567],[-77.875,34.561],[-77.825,34.555],[-77.775,34.549],[-77.725,34.544],[-77.675,34.539],[-77.625,34.534],[-77.575,34.529],[-77.527,34.525],[-77.525,34.525],[-77.475,34.52],[-77.433,34.517]]]}},{"type":"Feature","properties":{"date":"2017-03-25","label":"25 Mar","yday":84,"tier":"day","major":false},"geometry":{"type":"MultiLineString","coordinates":[[[-85.646,34.225],[-85.625,34.22],[-85.575,34.207],[-85.525,34.194],[-85.475,34.182],[-85.446,34.175],[-85.425,34.17],[-85.375,34.158],[-85.325,34.147],[-85.275,34.136],[-85.225,34.126],[-85.222,34.125],[-85.175,34.116],[-85.125,34.106],[-85.075,34.097],[-85.025,34.089],[-84.975,34.082],[-84.925,34.076],[-84.919,34.075],[-84.875,34.07],[-84.825,34.066],[-84.775,34.064],[-84.725,34.062],[-84.675,34.062],[-84.625,34.063],[-84.575,34.066],[-84.525,34.07]],[[-77.325,34.668],[-77.275,34.664],[-77.239,34.661]],[[-80.432,34.725],[-80.425,34.725],[-80.375,34.722],[-80.325,34.72],[-80.275,34.717],[-80.225,34.715],[-80.175,34.713],[-80.125,34.711],[-80.075,34.709],[-80.025,34.707],[-79.975,34.707],[-79.925,34.706],[-79.875,34.707],[-79.825,34.708],[-79.775,34.71],[-79.725,34.712],[-79.675,34.715],[-79.625,34.718],[-79.575,34.721],[-79.529,34.725],[-79.525,34.725],[-79.475,34.73],[-79.425,34.735],[-79.375,34.74],[-79.325,34.746],[-79.275,34.751],[-79.225,34.758],[-79.175,34.764],[-79.125,34.77],[-79.084,34.775],[-79.075,34.776],[-79.025,34.782],[-78.975,34.787],[-78.925,34.792],[-78.875,34.795],[-78.825,34.798],[-78.775,34.8],[-78.725,34.801],[-78.675,34.801],[-78.625,34.8],[-78.575,34.798],[-78.525,34.795],[-78.475,34.791],[-78.425,34.787],[-78.375,34.782],[-78.325,34.776],[-78.313,34.775],[-78.275,34.771],[-78.225,34.764],[-78.175,34.758],[-78.125,34.752],[-78.075,34.745],[-78.025,34.739],[-77.975,34.733],[-77.925,34.727],[-77.911,34.725],[-77.875,34.721],[-77.825,34.715],[-77.775,34.709],[-77.725,34.704],[-77.675,34.699],[-77.625,34.694],[-77.575,34.689],[-77.525,34.685],[-77.475,34.681],[-77.427,34.677]]]}},{"type":"Feature","properties":{"date":"2017-03-26","label":"26 Mar","yday":85,"tier":"five","major":false},"geometry":{"type":"MultiLineString","coordinates":[[[-85.409,34.291],[-85.375,34.283],[-85.34,34.275],[-85.325,34.272],[-85.275,34.261],[-85.225,34.25],[-85.175,34.239],[-85.125,34.229],[-85.102,34.225],[-85.075,34.22],[-85.025,34.211],[-84.975,34.204],[-84.925,34.197],[-84.875,34.191],[-84.825,34.186],[-84.775,34.183],[-84.725,34.181],[-84.675,34.181],[-84.632,34.182]],[[-80.236,34.814],[-80.225,34.814],[-80.175,34.813],[-80.125,34.813],[-80.075,34.813],[-80.025,34.813],[-79.975,34.814],[-79.925,34.815],[-79.875,34.817],[-79.825,34.82],[-79.775,34.824],[-79.76,34.825],[-79.725,34.828],[-79.675,34.832],[-79.625,34.837],[-79.575,34.843],[-79.525,34.849],[-79.475,34.855],[-79.425,34.862],[-79.375,34.869],[-79.337,34.875],[-79.325,34.877],[-79.275,34.884],[-79.225,34.892],[-79.175,34.899],[-79.125,34.907],[-79.075,34.914],[-79.025,34.921],[-78.992,34.925],[-78.975,34.927],[-78.925,34.932],[-78.875,34.936],[-78.825,34.939],[-78.775,34.941],[-78.725,34.941],[-78.675,34.941],[-78.625,34.94],[-78.575,34.938],[-78.525,34.936],[-78.475,34.932],[-78.425,34.929],[-78.38,34.925],[-78.375,34.925],[-78.325,34.92],[-78.275,34.915],[-78.225,34.91],[-78.175,34.904],[-78.125,34.899],[-78.075,34.893],[-78.025,34.887],[-77.975,34.882],[-77.925,34.876],[-77.912,34.875],[-77.875,34.871],[-77.825,34.866],[-77.775,34.861],[-77.725,34.856],[-77.675,34.851],[-77.625,34.846],[-77.575,34.842],[-77.525,34.838],[-77.475,34.834],[-77.425,34.831],[-77.375,34.827],[-77.351,34.825],[-77.325,34.823],[-77.275,34.819],[-77.225,34.816],[-77.175,34.812],[-77.125,34.809],[-77.075,34.805],[-77.025,34.802],[-76.975,34.799],[-76.925,34.796],[-76.875,34.793],[-76.825,34.79],[-76.775,34.788],[-76.762,34.788]],[[-76.633,34.783],[-76.625,34.783],[-76.617,34.783]],[[-76.532,34.782],[-76.525,34.782],[-76.519,34.781]]]}},{"type":"Feature","properties":{"date":"2017-03-27","label":"27 Mar","yday":86,"tier":"day","major":false},"geometry":{"type":"MultiLineString","coordinates":[[[-84.921,34.325],[-84.875,34.319],[-84.825,34.315],[-84.814,34.314]],[[-80.133,34.917],[-80.125,34.917],[-80.075,34.918],[-80.025,34.92],[-79.975,34.923],[-79.934,34.925],[-79.925,34.926],[-79.875,34.929],[-79.825,34.933],[-79.775,34.938],[-79.725,34.944],[-79.675,34.95],[-79.625,34.956],[-79.575,34.963],[-79.525,34.97],[-79.494,34.975],[-79.475,34.978],[-79.425,34.986],[-79.375,34.994],[-79.325,35.002],[-79.275,35.01],[-79.225,35.018],[-79.184,35.025],[-79.175,35.026],[-79.125,35.034],[-79.075,35.042],[-79.025,35.049],[-78.975,35.055],[-78.925,35.06],[-78.875,35.065],[-78.825,35.067],[-78.775,35.069],[-78.725,35.07],[-78.675,35.07],[-78.625,35.069],[-78.575,35.068],[-78.525,35.066],[-78.475,35.063],[-78.425,35.06],[-78.375,35.057],[-78.325,35.053],[-78.275,35.049],[-78.225,35.044],[-78.175,35.04],[-78.125,35.035],[-78.075,35.031],[-78.025,35.026],[-78.012,35.025],[-77.975,35.022],[-77.925,35.017],[-77.875,35.013],[-77.825,35.008],[-77.775,35.004],[-77.725,35.0],[-77.675,34.996],[-77.625,34.992],[-77.575,34.989],[-77.525,34.986],[-77.475,34.982],[-77.425,34.979],[-77.375,34.976],[-77.359,34.975],[-77.325,34.973],[-77.275,34.97],[-77.225,34.967],[-77.175,34.964],[-77.125,34.961],[-77.075,34.958],[-77.025,34.956],[-76.975,34.953],[-76.952,34.952]],[[-76.659,34.941],[-76.625,34.94],[-76.589,34.939]],[[-76.561,34.939],[-76.525,34.939],[-76.475,34.938],[-76.425,34.938],[-76.389,34.939]]]}},{"type":"Feature","properties":{"date":"2017-03-28","label":"28 Mar","yday":87,"tier":"day","major":false},"geometry":{"type":"MultiLineString","coordinates":[[[-80.125,35.023],[-80.082,35.025],[-80.075,35.025],[-80.025,35.029],[-79.975,35.032],[-79.925,35.036],[-79.875,35.041],[-79.825,35.047],[-79.775,35.053],[-79.725,35.059],[-79.675,35.066],[-79.625,35.073],[-79.612,35.075],[-79.575,35.081],[-79.525,35.088],[-79.475,35.097],[-79.425,35.105],[-79.375,35.113],[-79.325,35.121],[-79.304,35.125],[-79.275,35.13],[-79.225,35.138],[-79.175,35.146],[-79.125,35.154],[-79.075,35.161],[-79.025,35.168],[-78.975,35.174],[-78.962,35.175],[-78.925,35.179],[-78.875,35.183],[-78.825,35.186],[-78.775,35.188],[-78.725,35.189],[-78.675,35.19],[-78.625,35.19],[-78.575,35.189],[-78.525,35.188],[-78.475,35.186],[-78.425,35.183],[-78.375,35.181],[-78.325,35.178],[-78.282,35.175],[-78.275,35.175],[-78.225,35.171],[-78.175,35.167],[-78.125,35.164],[-78.075,35.16],[-78.025,35.157],[-77.975,35.153],[-77.925,35.15],[-77.875,35.146],[-77.825,35.143],[-77.775,35.14],[-77.725,35.137],[-77.675,35.135],[-77.625,35.132],[-77.575,35.129],[-77.525,35.127],[-77.485,35.125],[-77.475,35.125],[-77.425,35.122],[-77.375,35.12],[-77.325,35.118],[-77.275,35.115],[-77.225,35.113],[-77.175,35.111],[-77.125,35.109],[-77.075,35.107],[-77.025,35.106],[-76.975,35.104],[-76.925,35.102],[-76.875,35.1],[-76.825,35.099],[-76.798,35.098]]]}},{"type":"Feature","properties":{"date":"2017-03-29","label":"29 Mar","yday":88,"tier":"day","major":false},"geometry":{"type":"MultiLineString","coordinates":[[[-80.083,35.133],[-80.075,35.134],[-80.025,35.138],[-79.975,35.142],[-79.925,35.148],[-79.875,35.153],[-79.825,35.159],[-79.775,35.166],[-79.725,35.173],[-79.712,35.175],[-79.675,35.18],[-79.625,35.188],[-79.575,35.196],[-79.525,35.204],[-79.475,35.212],[-79.425,35.22],[-79.396,35.225],[-79.375,35.228],[-79.325,35.236],[-79.275,35.244],[-79.225,35.252],[-79.175,35.26],[-79.125,35.267],[-79.075,35.274],[-79.066,35.275],[-79.025,35.28],[-78.975,35.286],[-78.925,35.291],[-78.875,35.295],[-78.825,35.299],[-78.775,35.301],[-78.725,35.303],[-78.675,35.304],[-78.625,35.305],[-78.575,35.305],[-78.525,35.304],[-78.475,35.303],[-78.425,35.301],[-78.375,35.299],[-78.325,35.297],[-78.275,35.294],[-78.225,35.292],[-78.175,35.289],[-78.125,35.286],[-78.075,35.283],[-78.025,35.281],[-77.975,35.278],[-77.925,35.276],[-77.906,35.275],[-77.875,35.274],[-77.825,35.272],[-77.775,35.27],[-77.725,35.268],[-77.675,35.267],[-77.625,35.265],[-77.575,35.264],[-77.525,35.262],[-77.475,35.261],[-77.425,35.259],[-77.375,35.258],[-77.325,35.257],[-77.275,35.256],[-77.225,35.255],[-77.175,35.253],[-77.125,35.253],[-77.075,35.252],[-77.025,35.251],[-76.975,35.25],[-76.925,35.249],[-76.875,35.249],[-76.825,35.248],[-76.775,35.248]]]}},{"type":"Feature","properties":{"date":"2017-03-30","label":"30 Mar","yday":89,"tier":"day","major":false},"geometry":{"type":"MultiLineString","coordinates":[[[-80.125,35.238],[-80.075,35.243],[-80.025,35.248],[-79.975,35.253],[-79.925,35.259],[-79.875,35.265],[-79.825,35.272],[-79.805,35.275],[-79.775,35.279],[-79.725,35.286],[-79.675,35.294],[-79.625,35.302],[-79.575,35.31],[-79.525,35.317],[-79.477,35.325],[-79.475,35.325],[-79.425,35.333],[-79.375,35.341],[-79.325,35.348],[-79.275,35.356],[-79.225,35.363],[-79.175,35.37],[-79.139,35.375],[-79.125,35.377],[-79.075,35.383],[-79.025,35.389],[-78.975,35.395],[-78.925,35.4],[-78.875,35.404],[-78.825,35.408],[-78.775,35.411],[-78.725,35.414],[-78.675,35.415],[-78.625,35.416],[-78.575,35.417],[-78.525,35.416],[-78.475,35.416],[-78.425,35.415],[-78.375,35.413],[-78.325,35.412],[-78.275,35.41],[-78.225,35.408],[-78.175,35.406],[-78.125,35.404],[-78.075,35.402],[-78.025,35.4],[-77.975,35.398],[-77.925,35.397],[-77.875,35.395],[-77.825,35.395],[-77.775,35.394],[-77.725,35.393],[-77.675,35.393],[-77.625,35.393],[-77.575,35.392],[-77.525,35.392],[-77.475,35.392],[-77.425,35.391],[-77.375,35.391],[-77.325,35.391],[-77.275,35.391],[-77.225,35.391],[-77.175,35.391],[-77.125,35.391],[-77.075,35.392],[-77.025,35.392],[-76.975,35.392],[-76.943,35.393]]]}},{"type":"Feature","properties":{"date":"2017-03-31","label":"31 Mar","yday":90,"tier":"index","major":true},"geometry":{"type":"MultiLineString","coordinates":[[[-80.099,35.351],[-80.075,35.353],[-80.025,35.359],[-79.975,35.365],[-79.966,35.366]],[[-79.754,35.396],[-79.725,35.4],[-79.675,35.408],[-79.625,35.415],[-79.575,35.423],[-79.56,35.425]],[[-79.325,35.459],[-79.275,35.466],[-79.225,35.473],[-79.207,35.475],[-79.175,35.479],[-79.125,35.485],[-79.075,35.491],[-79.045,35.495]],[[-78.944,35.506],[-78.925,35.508],[-78.875,35.512],[-78.825,35.516],[-78.775,35.52],[-78.725,35.522],[-78.675,35.524],[-78.647,35.525],[-78.625,35.526],[-78.575,35.526],[-78.525,35.527],[-78.475,35.526],[-78.425,35.526],[-78.375,35.525],[-78.372,35.525],[-78.325,35.524],[-78.275,35.523],[-78.225,35.521],[-78.175,35.52],[-78.125,35.518],[-78.075,35.517],[-78.025,35.516],[-77.975,35.515],[-77.925,35.514],[-77.875,35.514],[-77.825,35.514],[-77.775,35.514],[-77.725,35.514],[-77.675,35.514],[-77.625,35.515],[-77.575,35.516],[-77.525,35.517],[-77.475,35.518],[-77.425,35.519],[-77.375,35.52],[-77.325,35.521],[-77.275,35.522],[-77.225,35.523],[-77.175,35.524],[-77.158,35.525],[-77.125,35.526],[-77.075,35.528],[-77.025,35.529],[-76.975,35.531],[-76.925,35.533],[-76.916,35.534]]]}},{"type":"Feature","properties":{"date":"2017-04-01","label":"1 Apr","yday":91,"tier":"day","major":false},"geometry":{"type":"MultiLineString","coordinates":[[[-78.88,35.62],[-78.875,35.621],[-78.825,35.625],[-78.819,35.625],[-78.775,35.628],[-78.725,35.631],[-78.675,35.633],[-78.625,35.634],[-78.575,35.635],[-78.525,35.636],[-78.475,35.636],[-78.436,35.636]],[[-78.365,35.635],[-78.325,35.635],[-78.275,35.634],[-78.225,35.633],[-78.175,35.632],[-78.125,35.631],[-78.075,35.631],[-78.025,35.63],[-77.975,35.63],[-77.925,35.63],[-77.875,35.63],[-77.825,35.63],[-77.775,35.631],[-77.725,35.632],[-77.675,35.633],[-77.625,35.634],[-77.575,35.636],[-77.525,35.638],[-77.475,35.64],[-77.425,35.642],[-77.375,35.644],[-77.325,35.646],[-77.275,35.649],[-77.225,35.651],[-77.175,35.654],[-77.125,35.657],[-77.075,35.66],[-77.025,35.664],[-76.975,35.667],[-76.925,35.671],[-76.875,35.675],[-76.875,35.675],[-76.825,35.679],[-76.775,35.683],[-76.725,35.688],[-76.711,35.689]],[[-75.975,35.726],[-75.925,35.726],[-75.875,35.727],[-75.873,35.727]]]}},{"type":"Feature","properties":{"date":"2017-04-02","label":"2 Apr","yday":92,"tier":"day","major":false},"geometry":{"type":"MultiLineString","coordinates":[[[-78.156,35.744],[-78.125,35.743],[-78.075,35.743],[-78.025,35.743],[-77.975,35.743],[-77.925,35.744],[-77.875,35.744],[-77.825,35.745],[-77.775,35.746],[-77.725,35.748],[-77.675,35.75],[-77.625,35.752],[-77.575,35.754],[-77.525,35.756],[-77.475,35.759],[-77.425,35.762],[-77.375,35.765],[-77.325,35.769],[-77.275,35.772],[-77.242,35.775],[-77.225,35.776],[-77.175,35.781],[-77.125,35.785],[-77.075,35.79],[-77.025,35.795],[-76.975,35.801],[-76.925,35.807],[-76.875,35.813],[-76.825,35.82],[-76.785,35.825],[-76.775,35.826],[-76.725,35.833],[-76.675,35.84],[-76.625,35.847],[-76.575,35.854]]]}},{"type":"Feature","properties":{"date":"2017-04-03","label":"3 Apr","yday":93,"tier":"day","major":false},"geometry":{"type":"MultiLineString","coordinates":[[[-78.044,35.856],[-78.025,35.856],[-77.975,35.857],[-77.925,35.857],[-77.875,35.858],[-77.825,35.86],[-77.775,35.861],[-77.725,35.863],[-77.675,35.865],[-77.625,35.868],[-77.575,35.871],[-77.525,35.874],[-77.505,35.875],[-77.475,35.877],[-77.425,35.881],[-77.375,35.885],[-77.325,35.89],[-77.275,35.895],[-77.225,35.9],[-77.175,35.906],[-77.125,35.912],[-77.075,35.919],[-77.032,35.925],[-77.025,35.926],[-76.975,35.934],[-76.925,35.942],[-76.875,35.951],[-76.825,35.96],[-76.775,35.97],[-76.747,35.975],[-76.725,35.979]]]}},{"type":"Feature","properties":{"date":"2017-04-04","label":"4 Apr","yday":94,"tier":"day","major":false},"geometry":{"type":"MultiLineString","coordinates":[[[-77.928,35.972],[-77.925,35.972],[-77.875,35.973],[-77.825,35.975],[-77.823,35.975],[-77.775,35.977],[-77.725,35.979],[-77.675,35.982],[-77.625,35.984],[-77.575,35.988],[-77.525,35.991],[-77.475,35.996],[-77.425,36.0],[-77.375,36.005],[-77.325,36.011],[-77.275,36.017],[-77.225,36.024],[-77.216,36.025],[-77.175,36.031],[-77.125,36.039],[-77.075,36.048],[-77.025,36.057],[-76.975,36.067],[-76.939,36.075],[-76.925,36.078],[-76.875,36.089],[-76.825,36.101],[-76.775,36.113]],[[-76.686,36.136],[-76.675,36.139],[-76.625,36.152],[-76.575,36.164]]]}},{"type":"Feature","properties":{"date":"2017-04-05","label":"5 Apr","yday":95,"tier":"five","major":false},"geometry":{"type":"MultiLineString","coordinates":[[[-77.807,36.093],[-77.775,36.095],[-77.725,36.097],[-77.675,36.1],[-77.625,36.103],[-77.575,36.107],[-77.525,36.112],[-77.475,36.116],[-77.425,36.122],[-77.398,36.125],[-77.375,36.128],[-77.325,36.134],[-77.275,36.142],[-77.225,36.15],[-77.175,36.159],[-77.125,36.169],[-77.095,36.175],[-77.075,36.179],[-77.025,36.191],[-76.975,36.203],[-76.925,36.217],[-76.894,36.225],[-76.875,36.23],[-76.825,36.245],[-76.775,36.26],[-76.725,36.275]],[[-76.648,36.298],[-76.625,36.306],[-76.575,36.322],[-76.565,36.325],[-76.525,36.338],[-76.475,36.354]]]}},{"type":"Feature","properties":{"date":"2017-04-06","label":"6 Apr","yday":96,"tier":"day","major":false},"geometry":{"type":"MultiLineString","coordinates":[[[-77.725,36.22],[-77.675,36.223],[-77.646,36.225],[-77.625,36.227],[-77.575,36.231],[-77.525,36.236],[-77.475,36.242],[-77.425,36.248],[-77.375,36.255],[-77.325,36.263],[-77.275,36.272],[-77.257,36.275],[-77.225,36.281],[-77.175,36.292],[-77.125,36.304],[-77.075,36.317],[-77.046,36.325],[-77.025,36.331],[-76.975,36.346],[-76.925,36.362],[-76.883,36.375],[-76.875,36.378],[-76.825,36.395],[-76.775,36.412],[-76.737,36.425],[-76.725,36.429],[-76.675,36.447],[-76.625,36.465],[-76.598,36.475],[-76.575,36.483],[-76.525,36.502],[-76.475,36.52],[-76.461,36.525],[-76.425,36.538],[-76.375,36.556],[-76.327,36.573]]]}},{"type":"Feature","properties":{"date":"2017-04-07","label":"7 Apr","yday":97,"tier":"day","major":false},"geometry":{"type":"MultiLineString","coordinates":[[[-77.625,36.358],[-77.575,36.363],[-77.525,36.369],[-77.482,36.375],[-77.475,36.376],[-77.425,36.384],[-77.375,36.392],[-77.325,36.402],[-77.275,36.412],[-77.225,36.424],[-77.221,36.425],[-77.175,36.437],[-77.125,36.451],[-77.075,36.466],[-77.047,36.475],[-77.025,36.482],[-76.975,36.499],[-76.925,36.517],[-76.902,36.525],[-76.875,36.535],[-76.825,36.554],[-76.775,36.573],[-76.769,36.575],[-76.725,36.592],[-76.675,36.612],[-76.642,36.625],[-76.625,36.632],[-76.575,36.651],[-76.525,36.67],[-76.511,36.675],[-76.475,36.689],[-76.449,36.699]]]}},{"type":"Feature","properties":{"date":"2017-04-08","label":"8 Apr","yday":98,"tier":"day","major":false},"geometry":{"type":"MultiLineString","coordinates":[[[-77.695,36.495],[-77.675,36.497],[-77.625,36.502],[-77.575,36.508],[-77.525,36.515],[-77.475,36.523],[-77.464,36.525],[-77.425,36.532],[-77.375,36.543],[-77.325,36.555],[-77.275,36.567],[-77.247,36.575],[-77.225,36.581],[-77.175,36.597],[-77.125,36.613],[-77.088,36.625],[-77.075,36.63],[-77.025,36.648],[-76.975,36.666],[-76.951,36.675],[-76.925,36.685],[-76.875,36.705],[-76.827,36.725],[-76.825,36.726],[-76.775,36.747],[-76.725,36.767],[-76.706,36.775],[-76.675,36.788],[-76.649,36.799]]]}},{"type":"Feature","properties":{"date":"2017-04-09","label":"9 Apr","yday":99,"tier":"day","major":false},"geometry":{"type":"MultiLineString","coordinates":[[[-77.875,36.64],[-77.825,36.643],[-77.775,36.647],[-77.725,36.652],[-77.675,36.657],[-77.659,36.659]]]}}]}