{"type":"FeatureCollection","features":[{"type":"Feature","properties":{"date":"2002-02-10","label":"10 Feb","yday":41,"tier":"day","major":false},"geometry":{"type":"MultiLineString","coordinates":[[[-81.564,26.864],[-81.542,26.875],[-81.525,26.884],[-81.475,26.911],[-81.447,26.925],[-81.425,26.936],[-81.375,26.961],[-81.345,26.975],[-81.325,26.985]]]}},{"type":"Feature","properties":{"date":"2002-02-11","label":"11 Feb","yday":42,"tier":"day","major":false},"geometry":{"type":"MultiLineString","coordinates":[[[-82.025,26.863],[-82.003,26.875],[-81.975,26.891],[-81.925,26.921],[-81.918,26.925],[-81.875,26.952],[-81.837,26.975],[-81.825,26.983],[-81.775,27.014],[-81.757,27.025],[-81.725,27.045],[-81.675,27.075],[-81.675,27.075],[-81.625,27.105],[-81.59,27.125],[-81.575,27.133],[-81.525,27.161],[-81.498,27.175],[-81.475,27.187],[-81.425,27.212],[-81.396,27.225],[-81.375,27.235],[-81.325,27.257],[-81.281,27.275],[-81.275,27.277],[-81.225,27.296],[-81.175,27.314],[-81.141,27.325],[-81.125,27.33],[-81.118,27.332]]]}},{"type":"Feature","properties":{"date":"2002-02-12","label":"12 Feb","yday":43,"tier":"day","major":false},"geometry":{"type":"MultiLineString","coordinates":[[[-82.338,26.938],[-82.325,26.946],[-82.276,26.975],[-82.275,26.975],[-82.225,27.006],[-82.194,27.025],[-82.175,27.037],[-82.125,27.069],[-82.116,27.075],[-82.075,27.102],[-82.041,27.125],[-82.025,27.136],[-81.975,27.17],[-81.968,27.175],[-81.925,27.205],[-81.895,27.225],[-81.875,27.239],[-81.825,27.272],[-81.82,27.275],[-81.775,27.304],[-81.742,27.325],[-81.725,27.336],[-81.675,27.365],[-81.658,27.375],[-81.625,27.394],[-81.575,27.42],[-81.566,27.425],[-81.525,27.445],[-81.475,27.468],[-81.46,27.475],[-81.425,27.49],[-81.375,27.51],[-81.335,27.525],[-81.325,27.529],[-81.275,27.546],[-81.225,27.561],[-81.177,27.575],[-81.175,27.576],[-81.125,27.589],[-81.075,27.601],[-81.025,27.612],[-80.975,27.622],[-80.956,27.625],[-80.925,27.63],[-80.875,27.638],[-80.825,27.646],[-80.775,27.652]]]}},{"type":"Feature","properties":{"date":"2002-02-13","label":"13 Feb","yday":44,"tier":"day","major":false},"geometry":{"type":"MultiLineString","coordinates":[[[-82.43,27.13],[-82.425,27.134],[-82.375,27.168],[-82.365,27.175],[-82.325,27.203],[-82.293,27.225],[-82.275,27.238],[-82.225,27.275],[-82.224,27.275],[-82.175,27.311],[-82.156,27.325],[-82.125,27.348],[-82.089,27.375],[-82.075,27.385],[-82.025,27.421],[-82.02,27.425],[-81.975,27.457],[-81.948,27.475],[-81.925,27.491],[-81.875,27.524],[-81.873,27.525],[-81.825,27.555],[-81.792,27.575],[-81.775,27.585],[-81.725,27.613],[-81.703,27.625],[-81.675,27.639],[-81.625,27.664],[-81.6,27.675],[-81.575,27.686],[-81.525,27.707],[-81.48,27.725],[-81.475,27.727],[-81.425,27.745],[-81.375,27.762],[-81.333,27.775],[-81.325,27.777],[-81.275,27.792],[-81.225,27.805],[-81.175,27.818],[-81.145,27.825],[-81.125,27.83],[-81.075,27.84],[-81.025,27.85],[-80.975,27.86],[-80.925,27.868],[-80.881,27.875],[-80.876,27.876]]]}},{"type":"Feature","properties":{"date":"2002-02-14","label":"14 Feb","yday":45,"tier":"index","major":true},"geometry":{"type":"MultiLineString","coordinates":[[[-82.525,27.311],[-82.506,27.325],[-82.475,27.348],[-82.439,27.375],[-82.425,27.386],[-82.375,27.424],[-82.374,27.425],[-82.325,27.463],[-82.309,27.475],[-82.275,27.501],[-82.244,27.525],[-82.225,27.539],[-82.177,27.575],[-82.175,27.576],[-82.125,27.612],[-82.107,27.625],[-82.075,27.647],[-82.033,27.675],[-82.025,27.68],[-81.975,27.712],[-81.955,27.725],[-81.925,27.743],[-81.875,27.772],[-81.869,27.775],[-81.825,27.799],[-81.775,27.825],[-81.774,27.825],[-81.725,27.848],[-81.675,27.87],[-81.663,27.875],[-81.625,27.89],[-81.575,27.909],[-81.532,27.925],[-81.525,27.927],[-81.475,27.944],[-81.425,27.96],[-81.376,27.975],[-81.375,27.975],[-81.325,27.989],[-81.275,28.003],[-81.225,28.016],[-81.189,28.025],[-81.175,28.029],[-81.125,28.04],[-81.075,28.051],[-81.025,28.062],[-80.975,28.072],[-80.958,28.075],[-80.925,28.081]]]}},{"type":"Feature","properties":{"date":"2002-02-15","label":"15 Feb","yday":46,"tier":"day","major":false},"geometry":{"type":"MultiLineString","coordinates":[[[-82.624,27.474],[-82.623,27.475],[-82.575,27.512],[-82.558,27.525],[-82.525,27.55],[-82.493,27.575],[-82.475,27.589],[-82.428,27.625],[-82.425,27.627],[-82.375,27.664],[-82.36,27.675],[-82.325,27.7],[-82.29,27.725],[-82.275,27.735],[-82.225,27.769],[-82.216,27.775],[-82.175,27.801],[-82.137,27.825],[-82.125,27.833],[-82.075,27.863],[-82.054,27.875],[-82.025,27.892],[-81.975,27.92],[-81.965,27.925],[-81.925,27.945],[-81.875,27.97],[-81.865,27.975],[-81.825,27.993],[-81.775,28.015],[-81.752,28.025],[-81.725,28.036],[-81.675,28.055],[-81.625,28.073],[-81.62,28.075],[-81.575,28.091],[-81.525,28.107],[-81.475,28.124],[-81.471,28.125],[-81.425,28.139],[-81.375,28.154],[-81.325,28.169],[-81.302,28.175],[-81.275,28.182],[-81.225,28.196],[-81.175,28.208],[-81.125,28.221],[-81.107,28.225],[-81.075,28.232],[-81.025,28.244],[-80.975,28.254],[-80.958,28.258]]]}},{"type":"Feature","properties":{"date":"2002-02-16","label":"16 Feb","yday":47,"tier":"day","major":false},"geometry":{"type":"MultiLineString","coordinates":[[[-82.375,27.864],[-82.357,27.875],[-82.325,27.895],[-82.275,27.925],[-82.275,27.925],[-82.225,27.954],[-82.188,27.975],[-82.175,27.982],[-82.125,28.009],[-82.096,28.025],[-82.075,28.036],[-82.025,28.061],[-81.996,28.075],[-81.975,28.085],[-81.925,28.108],[-81.886,28.125],[-81.875,28.13],[-81.825,28.151],[-81.775,28.171],[-81.765,28.175],[-81.725,28.19],[-81.675,28.209],[-81.631,28.225],[-81.625,28.227],[-81.575,28.245],[-81.525,28.262],[-81.485,28.275],[-81.475,28.278],[-81.425,28.294],[-81.375,28.309],[-81.325,28.324],[-81.321,28.325],[-81.275,28.338],[-81.225,28.352],[-81.175,28.365],[-81.136,28.375],[-81.125,28.378],[-81.075,28.39],[-81.025,28.401],[-80.975,28.413]]]}},{"type":"Feature","properties":{"date":"2002-02-17","label":"17 Feb","yday":48,"tier":"day","major":false},"geometry":{"type":"MultiLineString","coordinates":[[[-82.744,27.794],[-82.725,27.807],[-82.7,27.825],[-82.675,27.842],[-82.627,27.875]],[[-82.534,27.934],[-82.525,27.94],[-82.475,27.97],[-82.466,27.975],[-82.425,27.998],[-82.378,28.025],[-82.375,28.027],[-82.325,28.054],[-82.286,28.075],[-82.275,28.081],[-82.225,28.106],[-82.189,28.125],[-82.175,28.132],[-82.125,28.156],[-82.086,28.175],[-82.075,28.18],[-82.025,28.203],[-81.977,28.225],[-81.975,28.226],[-81.925,28.247],[-81.875,28.268],[-81.859,28.275],[-81.825,28.289],[-81.775,28.308],[-81.732,28.325],[-81.725,28.328],[-81.675,28.346],[-81.625,28.364],[-81.595,28.375],[-81.575,28.382],[-81.525,28.399],[-81.475,28.416],[-81.447,28.425],[-81.425,28.432],[-81.375,28.447],[-81.325,28.463],[-81.283,28.475],[-81.275,28.477],[-81.225,28.491],[-81.175,28.505],[-81.125,28.518],[-81.095,28.525],[-81.075,28.53],[-81.025,28.542]]]}},{"type":"Feature","properties":{"date":"2002-02-18","label":"18 Feb","yday":49,"tier":"day","major":false},"geometry":{"type":"MultiLineString","coordinates":[[[-82.783,27.933],[-82.775,27.938],[-82.725,27.97]],[[-82.635,28.025],[-82.625,28.031],[-82.575,28.06],[-82.548,28.075],[-82.525,28.087],[-82.475,28.115],[-82.456,28.125],[-82.425,28.141],[-82.375,28.167],[-82.359,28.175],[-82.325,28.192],[-82.275,28.217],[-82.258,28.225],[-82.225,28.241],[-82.175,28.265],[-82.153,28.275],[-82.125,28.288],[-82.075,28.31],[-82.041,28.325],[-82.025,28.332],[-81.975,28.354],[-81.925,28.375],[-81.924,28.375],[-81.875,28.395],[-81.825,28.415],[-81.799,28.425],[-81.775,28.434],[-81.725,28.453],[-81.675,28.472],[-81.667,28.475],[-81.625,28.49],[-81.575,28.508],[-81.526,28.525],[-81.525,28.525],[-81.475,28.542],[-81.425,28.559],[-81.375,28.575],[-81.374,28.575],[-81.325,28.59],[-81.275,28.604],[-81.225,28.618],[-81.201,28.625],[-81.175,28.632],[-81.125,28.645],[-81.075,28.657]]]}},{"type":"Feature","properties":{"date":"2002-02-19","label":"19 Feb","yday":50,"tier":"five","major":false},"geometry":{"type":"MultiLineString","coordinates":[[[-82.775,28.084],[-82.725,28.112],[-82.703,28.125],[-82.675,28.14],[-82.625,28.168],[-82.611,28.175],[-82.575,28.194],[-82.525,28.22],[-82.515,28.225],[-82.475,28.245],[-82.425,28.27],[-82.415,28.275],[-82.375,28.294],[-82.325,28.318],[-82.31,28.325],[-82.275,28.341],[-82.225,28.364],[-82.202,28.375],[-82.175,28.387],[-82.125,28.409],[-82.089,28.425],[-82.075,28.431],[-82.025,28.452],[-81.975,28.473],[-81.97,28.475],[-81.925,28.493],[-81.875,28.514],[-81.846,28.525],[-81.825,28.533],[-81.775,28.553],[-81.725,28.572],[-81.716,28.575],[-81.675,28.59],[-81.625,28.608],[-81.578,28.625],[-81.575,28.626],[-81.525,28.643],[-81.475,28.66],[-81.43,28.675],[-81.425,28.676],[-81.375,28.692],[-81.325,28.707],[-81.275,28.722],[-81.265,28.725],[-81.225,28.736],[-81.175,28.749],[-81.125,28.762],[-81.075,28.774]]]}},{"type":"Feature","properties":{"date":"2002-02-20","label":"20 Feb","yday":51,"tier":"day","major":false},"geometry":{"type":"MultiLineString","coordinates":[[[-82.725,28.243],[-82.675,28.269],[-82.663,28.275],[-82.625,28.294],[-82.575,28.319],[-82.562,28.325],[-82.525,28.343],[-82.475,28.367],[-82.458,28.375],[-82.425,28.39],[-82.375,28.413],[-82.35,28.425],[-82.325,28.436],[-82.275,28.459],[-82.238,28.475],[-82.225,28.481],[-82.175,28.503],[-82.125,28.524],[-82.123,28.525],[-82.075,28.545],[-82.025,28.566],[-82.003,28.575],[-81.975,28.586],[-81.925,28.606],[-81.878,28.625],[-81.875,28.626],[-81.825,28.646],[-81.775,28.665],[-81.748,28.675],[-81.725,28.684],[-81.675,28.702],[-81.625,28.72],[-81.611,28.725],[-81.575,28.737],[-81.525,28.755],[-81.475,28.771],[-81.464,28.775],[-81.425,28.788],[-81.375,28.803],[-81.325,28.818],[-81.303,28.825],[-81.275,28.833],[-81.225,28.847],[-81.175,28.86],[-81.125,28.873],[-81.116,28.875],[-81.075,28.885],[-81.025,28.896]]]}},{"type":"Feature","properties":{"date":"2002-02-21","label":"21 Feb","yday":52,"tier":"day","major":false},"geometry":{"type":"MultiLineString","coordinates":[[[-82.647,28.403],[-82.625,28.414],[-82.601,28.425],[-82.575,28.437],[-82.525,28.46],[-82.492,28.475],[-82.475,28.483],[-82.425,28.505],[-82.381,28.525],[-82.375,28.527],[-82.325,28.549],[-82.275,28.571],[-82.266,28.575],[-82.225,28.592],[-82.175,28.614],[-82.148,28.625],[-82.125,28.634],[-82.075,28.655],[-82.026,28.675],[-82.025,28.675],[-81.975,28.695],[-81.925,28.715],[-81.9,28.725],[-81.875,28.735],[-81.825,28.754],[-81.775,28.773],[-81.769,28.775],[-81.725,28.791],[-81.675,28.809],[-81.631,28.825],[-81.625,28.827],[-81.575,28.844],[-81.525,28.861],[-81.484,28.875],[-81.475,28.878],[-81.425,28.894],[-81.375,28.909],[-81.325,28.924],[-81.323,28.925],[-81.275,28.939],[-81.225,28.953],[-81.175,28.966],[-81.14,28.975],[-81.125,28.979],[-81.075,28.991],[-81.025,29.002]]]}},{"type":"Feature","properties":{"date":"2002-02-22","label":"22 Feb","yday":53,"tier":"day","major":false},"geometry":{"type":"MultiLineString","coordinates":[[[-82.625,28.529],[-82.575,28.551],[-82.525,28.573],[-82.52,28.575],[-82.475,28.595],[-82.425,28.616],[-82.405,28.625],[-82.375,28.638],[-82.325,28.659],[-82.287,28.675],[-82.275,28.68],[-82.225,28.7],[-82.175,28.721],[-82.165,28.725],[-82.125,28.741],[-82.075,28.761],[-82.04,28.775],[-82.025,28.781],[-81.975,28.801],[-81.925,28.82],[-81.912,28.825],[-81.875,28.839],[-81.825,28.858],[-81.78,28.875],[-81.775,28.877],[-81.725,28.895],[-81.675,28.913],[-81.641,28.925],[-81.625,28.931],[-81.575,28.948],[-81.525,28.965],[-81.494,28.975],[-81.475,28.981],[-81.425,28.997],[-81.375,29.012],[-81.333,29.025],[-81.325,29.027],[-81.275,29.042],[-81.225,29.055],[-81.175,29.069],[-81.151,29.075],[-81.125,29.082],[-81.075,29.094],[-81.025,29.105],[-80.975,29.116]]]}},{"type":"Feature","properties":{"date":"2002-02-23","label":"23 Feb","yday":54,"tier":"day","major":false},"geometry":{"type":"MultiLineString","coordinates":[[[-82.625,28.64],[-82.575,28.662],[-82.544,28.675],[-82.525,28.683],[-82.475,28.704],[-82.425,28.725],[-82.424,28.725],[-82.375,28.745],[-82.325,28.765],[-82.302,28.775],[-82.275,28.786],[-82.225,28.806],[-82.176,28.825],[-82.175,28.825],[-82.125,28.845],[-82.075,28.865],[-82.049,28.875],[-82.025,28.884],[-81.975,28.904],[-81.925,28.923],[-81.919,28.925],[-81.875,28.942],[-81.825,28.96],[-81.785,28.975],[-81.775,28.979],[-81.725,28.997],[-81.675,29.015],[-81.646,29.025],[-81.625,29.032],[-81.575,29.049],[-81.525,29.066],[-81.497,29.075],[-81.475,29.082],[-81.425,29.098],[-81.375,29.113],[-81.335,29.125],[-81.325,29.128],[-81.275,29.142],[-81.225,29.156],[-81.175,29.169],[-81.154,29.175],[-81.125,29.182],[-81.075,29.195],[-81.025,29.206],[-81.01,29.21]]]}},{"type":"Feature","properties":{"date":"2002-02-24","label":"24 Feb","yday":55,"tier":"five","major":false},"geometry":{"type":"MultiLineString","coordinates":[[[-82.625,28.75],[-82.575,28.77],[-82.564,28.775],[-82.525,28.791],[-82.475,28.811],[-82.439,28.825],[-82.425,28.831],[-82.375,28.85],[-82.325,28.87],[-82.312,28.875],[-82.275,28.889],[-82.225,28.909],[-82.183,28.925],[-82.175,28.928],[-82.125,28.947],[-82.075,28.967],[-82.053,28.975],[-82.025,28.986],[-81.975,29.005],[-81.925,29.024],[-81.922,29.025],[-81.875,29.043],[-81.825,29.061],[-81.787,29.075],[-81.775,29.08],[-81.725,29.097],[-81.675,29.115],[-81.646,29.125],[-81.625,29.132],[-81.575,29.149],[-81.525,29.166],[-81.496,29.175],[-81.475,29.182],[-81.425,29.197],[-81.375,29.213],[-81.333,29.225],[-81.325,29.227],[-81.275,29.242],[-81.225,29.256],[-81.175,29.269],[-81.151,29.275],[-81.125,29.282],[-81.075,29.294]]]}},{"type":"Feature","properties":{"date":"2002-02-25","label":"25 Feb","yday":56,"tier":"day","major":false},"geometry":{"type":"MultiLineString","coordinates":[[[-82.625,28.858],[-82.581,28.875],[-82.575,28.877],[-82.525,28.897],[-82.475,28.916],[-82.452,28.925],[-82.425,28.935],[-82.375,28.954],[-82.325,28.973],[-82.32,28.975],[-82.275,28.992],[-82.225,29.011],[-82.188,29.025],[-82.175,29.03],[-82.125,29.049],[-82.075,29.068],[-82.056,29.075],[-82.025,29.087],[-81.975,29.106],[-81.925,29.125],[-81.924,29.125],[-81.875,29.143],[-81.825,29.162],[-81.788,29.175],[-81.775,29.18],[-81.725,29.198],[-81.675,29.215],[-81.646,29.225],[-81.625,29.232],[-81.575,29.249],[-81.525,29.265],[-81.494,29.275],[-81.475,29.281],[-81.425,29.297],[-81.375,29.312],[-81.329,29.325],[-81.325,29.326],[-81.275,29.34],[-81.225,29.354],[-81.175,29.368],[-81.146,29.375],[-81.125,29.381],[-81.089,29.389]]]}},{"type":"Feature","properties":{"date":"2002-02-26","label":"26 Feb","yday":57,"tier":"day","major":false},"geometry":{"type":"MultiLineString","coordinates":[[[-82.69,28.94],[-82.675,28.946],[-82.625,28.965],[-82.598,28.975],[-82.575,28.984],[-82.525,29.003],[-82.475,29.021],[-82.465,29.025],[-82.425,29.04],[-82.375,29.058],[-82.328,29.075],[-82.325,29.076],[-82.275,29.095],[-82.225,29.113],[-82.193,29.125],[-82.175,29.132],[-82.125,29.151],[-82.075,29.17],[-82.061,29.175],[-82.025,29.189],[-81.975,29.207],[-81.928,29.225],[-81.925,29.226],[-81.875,29.244],[-81.825,29.263],[-81.79,29.275],[-81.775,29.28],[-81.725,29.298],[-81.675,29.315],[-81.646,29.325],[-81.625,29.332],[-81.575,29.349],[-81.525,29.365],[-81.492,29.375],[-81.475,29.38],[-81.425,29.396],[-81.375,29.411],[-81.325,29.425],[-81.325,29.425],[-81.275,29.439],[-81.225,29.453],[-81.175,29.466],[-81.142,29.475],[-81.128,29.478]]]}},{"type":"Feature","properties":{"date":"2002-02-27","label":"27 Feb","yday":58,"tier":"day","major":false},"geometry":{"type":"MultiLineString","coordinates":[[[-82.725,29.035],[-82.675,29.053],[-82.625,29.072],[-82.616,29.075],[-82.575,29.09],[-82.525,29.108],[-82.479,29.125],[-82.475,29.127],[-82.425,29.145],[-82.375,29.162],[-82.34,29.175],[-82.325,29.18],[-82.275,29.198],[-82.225,29.217],[-82.203,29.225],[-82.175,29.235],[-82.125,29.254],[-82.075,29.273],[-82.069,29.275],[-82.025,29.291],[-81.975,29.31],[-81.934,29.325],[-81.925,29.328],[-81.875,29.346],[-81.825,29.364],[-81.795,29.375],[-81.775,29.382],[-81.725,29.399],[-81.675,29.416],[-81.648,29.425],[-81.625,29.433],[-81.575,29.449],[-81.525,29.465],[-81.492,29.475],[-81.475,29.48],[-81.425,29.495],[-81.375,29.51],[-81.325,29.524],[-81.323,29.525],[-81.275,29.539],[-81.225,29.552],[-81.175,29.566]]]}},{"type":"Feature","properties":{"date":"2002-02-28","label":"28 Feb","yday":59,"tier":"day","major":false},"geometry":{"type":"MultiLineString","coordinates":[[[-82.775,29.125],[-82.775,29.125],[-82.725,29.144],[-82.675,29.162],[-82.639,29.175],[-82.625,29.18],[-82.575,29.198],[-82.525,29.216],[-82.499,29.225],[-82.475,29.233],[-82.425,29.251],[-82.375,29.269],[-82.357,29.275],[-82.325,29.287],[-82.275,29.305],[-82.225,29.323],[-82.219,29.325],[-82.175,29.341],[-82.125,29.359],[-82.082,29.375],[-82.075,29.378],[-82.025,29.396],[-81.975,29.414],[-81.945,29.425],[-81.925,29.432],[-81.875,29.45],[-81.825,29.467],[-81.803,29.475],[-81.775,29.485],[-81.725,29.502],[-81.675,29.518],[-81.654,29.525],[-81.625,29.535],[-81.575,29.55],[-81.525,29.566],[-81.495,29.575],[-81.475,29.581],[-81.425,29.596],[-81.375,29.611],[-81.325,29.625],[-81.324,29.625],[-81.275,29.639],[-81.225,29.653]]]}},{"type":"Feature","properties":{"date":"2002-03-01","label":"1 Mar","yday":60,"tier":"index","major":true},"geometry":{"type":"MultiLineString","coordinates":[[[-82.893,29.193],[-82.875,29.2],[-82.825,29.218],[-82.806,29.225],[-82.775,29.236],[-82.725,29.254],[-82.675,29.272],[-82.667,29.275],[-82.625,29.29],[-82.575,29.307],[-82.525,29.325],[-82.525,29.325],[-82.475,29.342],[-82.425,29.36],[-82.381,29.375],[-82.375,29.377],[-82.325,29.395],[-82.275,29.413],[-82.24,29.425],[-82.225,29.43],[-82.175,29.448],[-82.125,29.466],[-82.101,29.475],[-82.075,29.484],[-82.025,29.502],[-81.975,29.52],[-81.961,29.525],[-81.925,29.538],[-81.875,29.555],[-81.825,29.572],[-81.817,29.575],[-81.775,29.589],[-81.725,29.606],[-81.675,29.622],[-81.666,29.625],[-81.625,29.638],[-81.575,29.654],[-81.525,29.669],[-81.504,29.675],[-81.475,29.684],[-81.425,29.698],[-81.375,29.713],[-81.331,29.725],[-81.325,29.727],[-81.275,29.741]]]}},{"type":"Feature","properties":{"date":"2002-03-02","label":"2 Mar","yday":61,"tier":"day","major":false},"geometry":{"type":"MultiLineString","coordinates":[[[-83.049,29.249],[-83.025,29.258],[-82.98,29.275],[-82.975,29.277],[-82.925,29.295],[-82.875,29.314],[-82.843,29.325],[-82.825,29.332],[-82.775,29.349],[-82.725,29.367],[-82.702,29.375],[-82.675,29.385],[-82.625,29.402],[-82.575,29.419],[-82.558,29.425],[-82.525,29.436],[-82.475,29.454],[-82.425,29.471],[-82.413,29.475],[-82.375,29.488],[-82.325,29.505],[-82.275,29.523],[-82.269,29.525],[-82.225,29.54],[-82.175,29.558],[-82.127,29.575],[-82.125,29.576],[-82.075,29.593],[-82.025,29.611],[-81.985,29.625],[-81.975,29.629],[-81.925,29.646],[-81.875,29.663],[-81.84,29.675],[-81.825,29.68],[-81.775,29.696],[-81.725,29.713],[-81.686,29.725],[-81.675,29.728],[-81.625,29.744],[-81.575,29.759],[-81.525,29.774],[-81.521,29.775],[-81.475,29.788],[-81.425,29.803],[-81.375,29.817],[-81.345,29.825],[-81.325,29.83],[-81.29,29.84]]]}},{"type":"Feature","properties":{"date":"2002-03-03","label":"3 Mar","yday":62,"tier":"day","major":false},"geometry":{"type":"MultiLineString","coordinates":[[[-83.135,29.335],[-83.125,29.338],[-83.075,29.357],[-83.026,29.375],[-83.025,29.376],[-82.975,29.394],[-82.925,29.412],[-82.889,29.425],[-82.875,29.43],[-82.825,29.448],[-82.775,29.465],[-82.747,29.475],[-82.725,29.483],[-82.675,29.5],[-82.625,29.517],[-82.602,29.525],[-82.575,29.534],[-82.525,29.551],[-82.475,29.568],[-82.454,29.575],[-82.425,29.585],[-82.375,29.602],[-82.325,29.619],[-82.307,29.625],[-82.275,29.636],[-82.225,29.653],[-82.175,29.671],[-82.163,29.675],[-82.125,29.688],[-82.075,29.706],[-82.025,29.723],[-82.02,29.725],[-81.975,29.74],[-81.925,29.757],[-81.875,29.774],[-81.872,29.775],[-81.825,29.79],[-81.775,29.806],[-81.725,29.822],[-81.716,29.825],[-81.675,29.838],[-81.625,29.853],[-81.575,29.867],[-81.548,29.875],[-81.525,29.882],[-81.475,29.896],[-81.425,29.909],[-81.375,29.923],[-81.368,29.925],[-81.325,29.937]]]}},{"type":"Feature","properties":{"date":"2002-03-04","label":"4 Mar","yday":63,"tier":"day","major":false},"geometry":{"type":"MultiLineString","coordinates":[[[-83.222,29.422],[-83.215,29.425],[-83.175,29.44],[-83.125,29.459],[-83.081,29.475],[-83.075,29.477],[-83.025,29.496],[-82.975,29.514],[-82.944,29.525],[-82.925,29.532],[-82.875,29.55],[-82.825,29.567],[-82.802,29.575],[-82.775,29.585],[-82.725,29.602],[-82.675,29.619],[-82.657,29.625],[-82.625,29.636],[-82.575,29.653],[-82.525,29.669],[-82.508,29.675],[-82.475,29.686],[-82.425,29.703],[-82.375,29.719],[-82.358,29.725],[-82.325,29.736],[-82.275,29.753],[-82.225,29.771],[-82.212,29.775],[-82.175,29.788],[-82.125,29.805],[-82.075,29.822],[-82.067,29.825],[-82.025,29.839],[-81.975,29.856],[-81.925,29.872],[-81.917,29.875],[-81.875,29.889],[-81.825,29.904],[-81.775,29.92],[-81.758,29.925],[-81.725,29.935],[-81.675,29.95],[-81.625,29.965],[-81.589,29.975],[-81.575,29.979],[-81.525,29.993],[-81.475,30.007],[-81.425,30.02],[-81.407,30.025],[-81.375,30.034],[-81.343,30.043]]]}},{"type":"Feature","properties":{"date":"2002-03-05","label":"5 Mar","yday":64,"tier":"day","major":false},"geometry":{"type":"MultiLineString","coordinates":[[[-83.312,29.512],[-83.279,29.525],[-83.275,29.526],[-83.225,29.546],[-83.175,29.564],[-83.146,29.575],[-83.125,29.583],[-83.075,29.602],[-83.025,29.62],[-83.01,29.625],[-82.975,29.638],[-82.925,29.656],[-82.875,29.673],[-82.87,29.675],[-82.825,29.691],[-82.775,29.708],[-82.725,29.725],[-82.725,29.725],[-82.675,29.742],[-82.625,29.759],[-82.577,29.775],[-82.575,29.776],[-82.525,29.793],[-82.475,29.809],[-82.427,29.825],[-82.425,29.826],[-82.375,29.843],[-82.325,29.859],[-82.278,29.875],[-82.275,29.876],[-82.225,29.893],[-82.175,29.91],[-82.129,29.925],[-82.125,29.926],[-82.075,29.943],[-82.025,29.959],[-81.976,29.975],[-81.975,29.975],[-81.925,29.991],[-81.875,30.007],[-81.825,30.022],[-81.816,30.025],[-81.775,30.037],[-81.725,30.052],[-81.675,30.067],[-81.645,30.075],[-81.625,30.081],[-81.575,30.095],[-81.525,30.108],[-81.475,30.121],[-81.461,30.125],[-81.425,30.135],[-81.375,30.148]]]}},{"type":"Feature","properties":{"date":"2002-03-06","label":"6 Mar","yday":65,"tier":"five","major":false},"geometry":{"type":"MultiLineString","coordinates":[[[-83.375,29.616],[-83.353,29.625],[-83.325,29.636],[-83.275,29.655],[-83.225,29.674],[-83.222,29.675],[-83.175,29.693],[-83.125,29.712],[-83.088,29.725],[-83.075,29.73],[-83.025,29.748],[-82.975,29.766],[-82.951,29.775],[-82.925,29.784],[-82.875,29.802],[-82.825,29.819],[-82.808,29.825],[-82.775,29.837],[-82.725,29.854],[-82.675,29.871],[-82.662,29.875],[-82.625,29.888],[-82.575,29.904],[-82.525,29.921],[-82.513,29.925],[-82.475,29.938],[-82.425,29.954],[-82.375,29.97],[-82.361,29.975],[-82.325,29.987],[-82.275,30.003],[-82.225,30.02],[-82.208,30.025],[-82.175,30.036],[-82.125,30.052],[-82.075,30.068],[-82.051,30.075],[-82.025,30.083],[-81.975,30.099],[-81.925,30.114],[-81.888,30.125],[-81.875,30.129],[-81.825,30.144],[-81.775,30.159],[-81.725,30.173],[-81.717,30.175],[-81.675,30.187],[-81.625,30.2],[-81.575,30.213],[-81.53,30.225],[-81.525,30.226],[-81.475,30.239],[-81.425,30.252],[-81.407,30.257]]]}},{"type":"Feature","properties":{"date":"2002-03-07","label":"7 Mar","yday":66,"tier":"day","major":false},"geometry":{"type":"MultiLineString","coordinates":[[[-83.464,29.714],[-83.437,29.725],[-83.425,29.73],[-83.375,29.749],[-83.325,29.769],[-83.309,29.775],[-83.275,29.788],[-83.225,29.808],[-83.179,29.825],[-83.175,29.826],[-83.125,29.845],[-83.075,29.864],[-83.045,29.875],[-83.025,29.882],[-82.975,29.9],[-82.925,29.918],[-82.906,29.925],[-82.875,29.936],[-82.825,29.954],[-82.775,29.971],[-82.763,29.975],[-82.725,29.988],[-82.675,30.005],[-82.625,30.022],[-82.615,30.025],[-82.575,30.038],[-82.525,30.055],[-82.475,30.071],[-82.463,30.075],[-82.425,30.087],[-82.375,30.103],[-82.325,30.119],[-82.307,30.125],[-82.275,30.135],[-82.225,30.151],[-82.175,30.166],[-82.146,30.175],[-82.125,30.181],[-82.075,30.196],[-82.025,30.211],[-81.978,30.225],[-81.975,30.226],[-81.925,30.24],[-81.875,30.254],[-81.825,30.268],[-81.801,30.275],[-81.775,30.282],[-81.725,30.296],[-81.675,30.309],[-81.625,30.321],[-81.611,30.325],[-81.575,30.334],[-81.525,30.347],[-81.475,30.359],[-81.425,30.372]]]}},{"type":"Feature","properties":{"date":"2002-03-08","label":"8 Mar","yday":67,"tier":"day","major":false},"geometry":{"type":"MultiLineString","coordinates":[[[-83.575,29.807],[-83.531,29.825],[-83.525,29.828],[-83.475,29.848],[-83.425,29.868],[-83.408,29.875],[-83.375,29.888],[-83.325,29.908],[-83.282,29.925],[-83.275,29.928],[-83.225,29.947],[-83.175,29.966],[-83.152,29.975],[-83.125,29.985],[-83.075,30.004],[-83.025,30.023],[-83.018,30.025],[-82.975,30.041],[-82.925,30.059],[-82.879,30.075],[-82.875,30.077],[-82.825,30.094],[-82.775,30.111],[-82.735,30.125],[-82.725,30.128],[-82.675,30.145],[-82.625,30.162],[-82.584,30.175],[-82.575,30.178],[-82.525,30.194],[-82.475,30.21],[-82.427,30.225],[-82.425,30.226],[-82.375,30.241],[-82.325,30.256],[-82.275,30.271],[-82.263,30.275],[-82.225,30.286],[-82.175,30.301],[-82.125,30.315],[-82.089,30.325],[-82.075,30.329],[-82.025,30.343],[-81.975,30.356],[-81.925,30.37],[-81.905,30.375],[-81.875,30.383],[-81.825,30.396],[-81.775,30.408],[-81.725,30.421],[-81.708,30.425],[-81.675,30.433],[-81.625,30.446],[-81.575,30.458],[-81.525,30.47],[-81.507,30.475],[-81.475,30.483]]]}},{"type":"Feature","properties":{"date":"2002-03-09","label":"9 Mar","yday":68,"tier":"day","major":false},"geometry":{"type":"MultiLineString","coordinates":[[[-83.664,29.914],[-83.637,29.925],[-83.625,29.93],[-83.575,29.951],[-83.525,29.972],[-83.517,29.975],[-83.475,29.993],[-83.425,30.013],[-83.396,30.025],[-83.375,30.034],[-83.325,30.054],[-83.275,30.074],[-83.272,30.075],[-83.225,30.094],[-83.175,30.113],[-83.144,30.125],[-83.125,30.132],[-83.075,30.151],[-83.025,30.17],[-83.012,30.175],[-82.975,30.189],[-82.925,30.207],[-82.875,30.224],[-82.873,30.225],[-82.825,30.242],[-82.775,30.259],[-82.727,30.275],[-82.725,30.276],[-82.675,30.292],[-82.625,30.308],[-82.575,30.324],[-82.572,30.325],[-82.525,30.34],[-82.475,30.355],[-82.425,30.37],[-82.407,30.375],[-82.375,30.384],[-82.325,30.399],[-82.275,30.413],[-82.231,30.425],[-82.225,30.427],[-82.175,30.44],[-82.125,30.453],[-82.075,30.466],[-82.041,30.475],[-82.025,30.479],[-81.975,30.492],[-81.925,30.504],[-81.875,30.516],[-81.836,30.525],[-81.825,30.528],[-81.775,30.54],[-81.725,30.551],[-81.675,30.563],[-81.625,30.575],[-81.625,30.575],[-81.575,30.587],[-81.525,30.6],[-81.492,30.608]]]}},{"type":"Feature","properties":{"date":"2002-03-10","label":"10 Mar","yday":69,"tier":"day","major":false},"geometry":{"type":"MultiLineString","coordinates":[[[-83.804,30.004],[-83.775,30.016],[-83.754,30.025],[-83.725,30.038],[-83.675,30.059],[-83.638,30.075],[-83.625,30.081],[-83.575,30.102],[-83.525,30.124],[-83.522,30.125],[-83.475,30.145],[-83.425,30.166],[-83.404,30.175],[-83.375,30.187],[-83.325,30.208],[-83.283,30.225],[-83.275,30.228],[-83.225,30.248],[-83.175,30.268],[-83.157,30.275],[-83.125,30.288],[-83.075,30.307],[-83.027,30.325],[-83.025,30.326],[-82.975,30.344],[-82.925,30.362],[-82.888,30.375],[-82.875,30.38],[-82.825,30.397],[-82.775,30.414],[-82.74,30.425],[-82.725,30.43],[-82.675,30.446],[-82.625,30.462],[-82.581,30.475],[-82.575,30.477],[-82.525,30.492],[-82.475,30.506],[-82.425,30.52],[-82.407,30.525],[-82.375,30.534],[-82.325,30.547],[-82.275,30.56],[-82.225,30.573],[-82.216,30.575],[-82.175,30.585],[-82.125,30.598],[-82.075,30.609],[-82.025,30.621],[-82.007,30.625],[-81.975,30.632],[-81.925,30.644],[-81.875,30.655],[-81.825,30.666],[-81.784,30.675],[-81.775,30.677],[-81.725,30.688],[-81.675,30.699],[-81.625,30.711],[-81.575,30.722],[-81.564,30.725],[-81.525,30.734]]]}},{"type":"Feature","properties":{"date":"2002-03-11","label":"11 Mar","yday":70,"tier":"five","major":false},"geometry":{"type":"MultiLineString","coordinates":[[[-83.981,30.081],[-83.975,30.084],[-83.925,30.106],[-83.882,30.125],[-83.875,30.128],[-83.825,30.15],[-83.775,30.173],[-83.77,30.175],[-83.725,30.195],[-83.675,30.218],[-83.659,30.225],[-83.625,30.24],[-83.575,30.262],[-83.546,30.275],[-83.525,30.284],[-83.475,30.306],[-83.432,30.325],[-83.425,30.328],[-83.375,30.35],[-83.325,30.371],[-83.315,30.375],[-83.275,30.392],[-83.225,30.412],[-83.193,30.425],[-83.175,30.432],[-83.125,30.452],[-83.075,30.471],[-83.064,30.475],[-83.025,30.49],[-82.975,30.508],[-82.927,30.525],[-82.925,30.526],[-82.875,30.543],[-82.825,30.56],[-82.779,30.575],[-82.775,30.576],[-82.725,30.592],[-82.675,30.607],[-82.625,30.622],[-82.615,30.625],[-82.575,30.637],[-82.525,30.651],[-82.475,30.664],[-82.434,30.675],[-82.425,30.677],[-82.375,30.69],[-82.325,30.702],[-82.275,30.714],[-82.229,30.725],[-82.225,30.726],[-82.175,30.737],[-82.125,30.749],[-82.075,30.759],[-82.025,30.77],[-82.001,30.775],[-81.975,30.78],[-81.925,30.791],[-81.875,30.801],[-81.825,30.811],[-81.775,30.821],[-81.757,30.825],[-81.725,30.832],[-81.675,30.842],[-81.625,30.853],[-81.575,30.864],[-81.525,30.875],[-81.524,30.875],[-81.484,30.884]]]}},{"type":"Feature","properties":{"date":"2002-03-12","label":"12 Mar","yday":71,"tier":"day","major":false},"geometry":{"type":"MultiLineString","coordinates":[[[-85.275,29.79],[-85.225,29.8],[-85.175,29.81],[-85.125,29.822],[-85.111,29.825],[-85.075,29.834],[-85.025,29.847],[-84.975,29.861],[-84.928,29.875],[-84.925,29.876],[-84.875,29.891],[-84.825,29.908],[-84.775,29.924],[-84.773,29.925],[-84.725,29.941],[-84.675,29.959],[-84.631,29.975],[-84.625,29.977],[-84.575,29.996],[-84.525,30.014],[-84.497,30.025],[-84.475,30.034],[-84.425,30.053],[-84.375,30.073],[-84.37,30.075],[-84.325,30.093],[-84.293,30.107]],[[-84.249,30.125],[-84.225,30.135],[-84.175,30.157],[-84.134,30.175],[-84.125,30.179],[-84.075,30.201],[-84.025,30.224],[-84.022,30.225],[-83.975,30.247],[-83.925,30.27],[-83.913,30.275],[-83.875,30.293],[-83.825,30.316],[-83.806,30.325],[-83.775,30.339],[-83.725,30.363],[-83.698,30.375],[-83.675,30.386],[-83.625,30.409],[-83.59,30.425],[-83.575,30.432],[-83.525,30.455],[-83.48,30.475],[-83.475,30.477],[-83.425,30.5],[-83.375,30.522],[-83.367,30.525],[-83.325,30.543],[-83.275,30.565],[-83.25,30.575],[-83.225,30.585],[-83.175,30.606],[-83.126,30.625],[-83.125,30.625],[-83.075,30.644],[-83.025,30.663],[-82.991,30.675],[-82.975,30.681],[-82.925,30.698],[-82.875,30.715],[-82.844,30.725],[-82.825,30.731],[-82.775,30.747],[-82.725,30.762],[-82.68,30.775],[-82.675,30.776],[-82.625,30.79],[-82.575,30.804],[-82.525,30.817],[-82.494,30.825],[-82.475,30.83],[-82.425,30.842],[-82.375,30.854],[-82.325,30.865],[-82.282,30.875],[-82.275,30.876],[-82.225,30.887],[-82.175,30.898],[-82.125,30.908],[-82.075,30.917],[-82.036,30.925],[-82.025,30.927],[-81.975,30.937],[-81.925,30.946],[-81.875,30.955],[-81.825,30.964],[-81.775,30.973],[-81.767,30.975],[-81.725,30.983],[-81.675,30.992],[-81.625,31.002],[-81.575,31.012],[-81.525,31.023],[-81.514,31.025],[-81.475,31.034],[-81.425,31.045]]]}},{"type":"Feature","properties":{"date":"2002-03-13","label":"13 Mar","yday":72,"tier":"day","major":false},"geometry":{"type":"MultiLineString","coordinates":[[[-94.573,29.625],[-94.525,29.63],[-94.475,29.635]],[[-85.385,29.935],[-85.375,29.937],[-85.325,29.946],[-85.275,29.956],[-85.225,29.967],[-85.187,29.975],[-85.175,29.978],[-85.125,29.989],[-85.075,30.002],[-85.025,30.015],[-84.99,30.025],[-84.975,30.029],[-84.925,30.044],[-84.875,30.059],[-84.825,30.075],[-84.824,30.075],[-84.775,30.091],[-84.725,30.108],[-84.677,30.125],[-84.675,30.126],[-84.625,30.144],[-84.575,30.162],[-84.54,30.175],[-84.525,30.181],[-84.475,30.2],[-84.425,30.219],[-84.411,30.225],[-84.375,30.24],[-84.325,30.26],[-84.291,30.275],[-84.275,30.282],[-84.225,30.304],[-84.178,30.325],[-84.175,30.326],[-84.125,30.349],[-84.075,30.373],[-84.07,30.375],[-84.025,30.396],[-83.975,30.42],[-83.965,30.425],[-83.925,30.444],[-83.875,30.468],[-83.861,30.475],[-83.825,30.492],[-83.775,30.517],[-83.757,30.525],[-83.725,30.541],[-83.675,30.565],[-83.653,30.575],[-83.625,30.588],[-83.575,30.612],[-83.547,30.625],[-83.525,30.635],[-83.475,30.658],[-83.438,30.675],[-83.425,30.681],[-83.375,30.704],[-83.326,30.725],[-83.325,30.725],[-83.275,30.747],[-83.225,30.768],[-83.207,30.775],[-83.175,30.788],[-83.125,30.807],[-83.077,30.825],[-83.075,30.826],[-83.025,30.844],[-82.975,30.861],[-82.933,30.875],[-82.925,30.878],[-82.875,30.894],[-82.825,30.909],[-82.775,30.924],[-82.772,30.925],[-82.725,30.938],[-82.675,30.952],[-82.625,30.966],[-82.59,30.975],[-82.575,30.979],[-82.525,30.991],[-82.475,31.004],[-82.425,31.015],[-82.381,31.025],[-82.375,31.026],[-82.325,31.037],[-82.275,31.047],[-82.225,31.057],[-82.175,31.067],[-82.13,31.075],[-82.125,31.076],[-82.075,31.085],[-82.025,31.094],[-81.975,31.102],[-81.925,31.111],[-81.875,31.119],[-81.84,31.125],[-81.825,31.128],[-81.775,31.136],[-81.725,31.145],[-81.675,31.153],[-81.625,31.162],[-81.575,31.172],[-81.558,31.175],[-81.525,31.182],[-81.475,31.193],[-81.452,31.198]],[[-81.409,31.209],[-81.375,31.218],[-81.348,31.225],[-81.325,31.232],[-81.316,31.234]]]}},{"type":"Feature","properties":{"date":"2002-03-14","label":"14 Mar","yday":73,"tier":"day","major":false},"geometry":{"type":"MultiLineString","coordinates":[[[-85.577,30.077],[-85.575,30.077]],[[-85.475,30.094],[-85.425,30.102],[-85.375,30.112],[-85.325,30.121],[-85.306,30.125],[-85.275,30.131],[-85.225,30.142],[-85.175,30.154],[-85.125,30.166],[-85.088,30.175],[-85.075,30.178],[-85.025,30.192],[-84.975,30.206],[-84.925,30.22],[-84.909,30.225],[-84.875,30.235],[-84.825,30.251],[-84.775,30.267],[-84.752,30.275],[-84.725,30.284],[-84.675,30.302],[-84.625,30.319],[-84.61,30.325],[-84.575,30.338],[-84.525,30.357],[-84.478,30.375],[-84.475,30.376],[-84.425,30.396],[-84.375,30.417],[-84.356,30.425],[-84.325,30.439],[-84.275,30.461],[-84.245,30.475],[-84.225,30.485],[-84.175,30.508],[-84.14,30.525],[-84.125,30.532],[-84.075,30.556],[-84.037,30.575],[-84.025,30.581],[-83.975,30.605],[-83.935,30.625],[-83.925,30.63],[-83.875,30.655],[-83.834,30.675],[-83.825,30.679],[-83.775,30.704],[-83.732,30.725],[-83.725,30.728],[-83.675,30.753],[-83.628,30.775],[-83.625,30.777],[-83.575,30.8],[-83.525,30.824],[-83.523,30.825],[-83.475,30.847],[-83.425,30.87],[-83.414,30.875],[-83.375,30.892],[-83.325,30.914],[-83.299,30.925],[-83.275,30.935],[-83.225,30.956],[-83.176,30.975],[-83.175,30.975],[-83.125,30.994],[-83.075,31.012],[-83.036,31.025],[-83.025,31.029],[-82.975,31.045],[-82.925,31.061],[-82.881,31.075],[-82.875,31.077],[-82.825,31.092],[-82.775,31.106],[-82.725,31.12],[-82.708,31.125],[-82.675,31.134],[-82.625,31.147],[-82.575,31.16],[-82.525,31.172],[-82.514,31.175],[-82.475,31.184],[-82.425,31.196],[-82.375,31.207],[-82.325,31.217],[-82.285,31.225],[-82.275,31.227],[-82.225,31.236],[-82.175,31.246],[-82.125,31.255],[-82.075,31.263],[-82.025,31.272],[-82.004,31.275],[-81.975,31.28],[-81.925,31.288],[-81.875,31.296],[-81.825,31.305],[-81.775,31.313],[-81.725,31.322],[-81.706,31.325],[-81.675,31.331],[-81.625,31.34],[-81.575,31.35],[-81.525,31.361],[-81.475,31.372],[-81.464,31.375],[-81.425,31.385],[-81.375,31.399],[-81.355,31.405]],[[-81.277,31.427],[-81.275,31.428],[-81.271,31.429]]]}},{"type":"Feature","properties":{"date":"2002-03-15","label":"15 Mar","yday":74,"tier":"day","major":false},"geometry":{"type":"MultiLineString","coordinates":[[[-94.375,30.095],[-94.325,30.102],[-94.275,30.109],[-94.225,30.117],[-94.175,30.125],[-94.172,30.125],[-94.125,30.133],[-94.075,30.141],[-94.025,30.15],[-93.975,30.16],[-93.932,30.168]],[[-85.817,30.217],[-85.775,30.224]],[[-93.544,30.244],[-93.525,30.248],[-93.475,30.257],[-93.425,30.265],[-93.375,30.274],[-93.365,30.275],[-93.325,30.281],[-93.275,30.287],[-93.225,30.293],[-93.175,30.298],[-93.125,30.3],[-93.075,30.302],[-93.025,30.301],[-92.975,30.3],[-92.925,30.297],[-92.904,30.296]],[[-85.644,30.244],[-85.625,30.247],[-85.575,30.255],[-85.525,30.264],[-85.475,30.273],[-85.463,30.275],[-85.425,30.282],[-85.375,30.292],[-85.325,30.302],[-85.275,30.313],[-85.225,30.324],[-85.222,30.325],[-85.175,30.336],[-85.125,30.349],[-85.075,30.362],[-85.027,30.375],[-85.025,30.375],[-84.975,30.39],[-84.925,30.405],[-84.875,30.42],[-84.86,30.425],[-84.825,30.436],[-84.775,30.453],[-84.725,30.47],[-84.711,30.475],[-84.675,30.488],[-84.625,30.506],[-84.576,30.525],[-84.575,30.525],[-84.525,30.545],[-84.475,30.566],[-84.453,30.575],[-84.425,30.587],[-84.375,30.609],[-84.339,30.625],[-84.325,30.631],[-84.275,30.655],[-84.231,30.675],[-84.225,30.678],[-84.175,30.702],[-84.127,30.725],[-84.125,30.726],[-84.075,30.751],[-84.025,30.775],[-84.025,30.775],[-83.975,30.8],[-83.925,30.825],[-83.924,30.825],[-83.875,30.849],[-83.825,30.874],[-83.823,30.875],[-83.775,30.898],[-83.725,30.923],[-83.72,30.925],[-83.675,30.947],[-83.625,30.97],[-83.615,30.975],[-83.575,30.994],[-83.525,31.017],[-83.507,31.025],[-83.475,31.039],[-83.425,31.061],[-83.393,31.075],[-83.375,31.083],[-83.325,31.104],[-83.275,31.124],[-83.272,31.125],[-83.225,31.143],[-83.175,31.162],[-83.139,31.175],[-83.125,31.18],[-83.075,31.198],[-83.025,31.215],[-82.993,31.225],[-82.975,31.231],[-82.925,31.247],[-82.875,31.262],[-82.832,31.275],[-82.825,31.277],[-82.775,31.292],[-82.725,31.306],[-82.675,31.319],[-82.654,31.325],[-82.625,31.333],[-82.575,31.346],[-82.525,31.358],[-82.475,31.37],[-82.453,31.375],[-82.425,31.381],[-82.375,31.393],[-82.325,31.403],[-82.275,31.414],[-82.225,31.424],[-82.218,31.425],[-82.175,31.433],[-82.125,31.443],[-82.075,31.452],[-82.025,31.461],[-81.975,31.47],[-81.948,31.475],[-81.925,31.479],[-81.875,31.488],[-81.825,31.497],[-81.775,31.506],[-81.725,31.516],[-81.678,31.525],[-81.675,31.526],[-81.625,31.536],[-81.575,31.547],[-81.525,31.558],[-81.475,31.57],[-81.457,31.575],[-81.425,31.583],[-81.375,31.596],[-81.325,31.61],[-81.275,31.624],[-81.274,31.624]]]}},{"type":"Feature","properties":{"date":"2002-03-16","label":"16 Mar","yday":75,"tier":"index","major":true},"geometry":{"type":"MultiLineString","coordinates":[[[-94.752,30.252],[-94.725,30.256],[-94.675,30.263]],[[-94.404,30.304],[-94.375,30.309],[-94.325,30.317],[-94.279,30.325],[-94.275,30.326],[-94.225,30.334],[-94.175,30.343],[-94.125,30.353],[-94.075,30.362],[-94.025,30.372],[-94.008,30.375],[-93.975,30.382],[-93.925,30.391],[-93.875,30.401],[-93.825,30.411],[-93.775,30.421],[-93.757,30.425],[-93.725,30.431],[-93.675,30.441],[-93.625,30.45],[-93.575,30.46],[-93.525,30.468],[-93.485,30.475],[-93.475,30.477],[-93.425,30.484],[-93.375,30.491],[-93.325,30.498],[-93.275,30.503],[-93.225,30.508],[-93.175,30.512],[-93.125,30.515],[-93.075,30.516],[-93.025,30.517],[-92.975,30.517],[-92.925,30.515],[-92.875,30.513],[-92.825,30.51],[-92.775,30.507],[-92.725,30.502],[-92.675,30.497],[-92.625,30.492],[-92.575,30.486],[-92.525,30.479],[-92.496,30.475],[-92.475,30.472]],[[-89.975,30.318],[-89.925,30.31],[-89.875,30.301],[-89.825,30.291],[-89.775,30.282],[-89.739,30.275],[-89.725,30.272],[-89.675,30.262],[-89.625,30.252],[-89.575,30.242],[-89.525,30.231],[-89.498,30.225]],[[-86.155,30.355],[-86.125,30.359],[-86.075,30.365],[-86.025,30.371],[-85.997,30.375],[-85.975,30.378],[-85.925,30.384],[-85.875,30.391],[-85.825,30.398],[-85.775,30.406],[-85.725,30.413],[-85.675,30.421],[-85.651,30.425],[-85.625,30.429],[-85.575,30.438],[-85.525,30.447],[-85.475,30.457],[-85.425,30.467],[-85.385,30.475],[-85.375,30.477],[-85.325,30.488],[-85.275,30.5],[-85.225,30.512],[-85.175,30.525],[-85.173,30.525],[-85.125,30.538],[-85.075,30.552],[-85.025,30.566],[-84.995,30.575],[-84.975,30.581],[-84.925,30.597],[-84.875,30.613],[-84.839,30.625],[-84.825,30.63],[-84.775,30.647],[-84.725,30.665],[-84.699,30.675],[-84.675,30.684],[-84.625,30.703],[-84.575,30.723],[-84.571,30.725],[-84.525,30.744],[-84.475,30.765],[-84.453,30.775],[-84.425,30.787],[-84.375,30.81],[-84.341,30.825],[-84.325,30.832],[-84.275,30.856],[-84.234,30.875],[-84.225,30.879],[-84.175,30.903],[-84.129,30.925],[-84.125,30.927],[-84.075,30.951],[-84.026,30.975],[-84.025,30.975],[-83.975,31.0],[-83.925,31.024],[-83.923,31.025],[-83.875,31.048],[-83.825,31.072],[-83.818,31.075],[-83.775,31.096],[-83.725,31.119],[-83.712,31.125],[-83.675,31.142],[-83.625,31.165],[-83.603,31.175],[-83.575,31.187],[-83.525,31.209],[-83.489,31.225],[-83.475,31.231],[-83.425,31.252],[-83.375,31.273],[-83.369,31.275],[-83.325,31.292],[-83.275,31.312],[-83.24,31.325],[-83.225,31.331],[-83.175,31.349],[-83.125,31.367],[-83.102,31.375],[-83.075,31.385],[-83.025,31.401],[-82.975,31.418],[-82.953,31.425],[-82.925,31.434],[-82.875,31.45],[-82.825,31.465],[-82.79,31.475],[-82.775,31.48],[-82.725,31.494],[-82.675,31.508],[-82.625,31.521],[-82.611,31.525],[-82.575,31.535],[-82.525,31.548],[-82.475,31.56],[-82.425,31.573],[-82.416,31.575],[-82.375,31.585],[-82.325,31.597],[-82.275,31.608],[-82.225,31.619],[-82.197,31.625],[-82.175,31.63],[-82.125,31.64],[-82.075,31.65],[-82.025,31.66],[-81.975,31.67],[-81.95,31.675],[-81.925,31.68],[-81.875,31.69],[-81.825,31.7],[-81.775,31.71],[-81.725,31.72],[-81.701,31.725],[-81.675,31.73],[-81.625,31.741],[-81.575,31.752],[-81.525,31.764],[-81.478,31.775],[-81.475,31.776],[-81.425,31.788],[-81.375,31.8],[-81.325,31.813],[-81.278,31.825],[-81.275,31.826],[-81.225,31.839],[-81.175,31.852],[-81.125,31.865],[-81.117,31.867]],[[-90.729,30.379],[-90.725,30.379],[-90.675,30.378],[-90.625,30.377],[-90.58,30.375]],[[-81.038,31.888],[-81.025,31.891],[-80.975,31.903]]]}},{"type":"Feature","properties":{"date":"2002-03-17","label":"17 Mar","yday":76,"tier":"day","major":false},"geometry":{"type":"MultiLineString","coordinates":[[[-87.747,30.297],[-87.725,30.3],[-87.675,30.309],[-87.625,30.318],[-87.59,30.325],[-87.575,30.328],[-87.525,30.338],[-87.475,30.348],[-87.452,30.352]],[[-87.384,30.366],[-87.375,30.368],[-87.337,30.375],[-87.325,30.377],[-87.275,30.386],[-87.261,30.389]],[[-94.825,30.436],[-94.775,30.444],[-94.725,30.452],[-94.706,30.456]],[[-86.925,30.443],[-86.875,30.451],[-86.825,30.459],[-86.775,30.466],[-86.725,30.473],[-86.713,30.475],[-86.675,30.481],[-86.625,30.488],[-86.575,30.495],[-86.525,30.502],[-86.495,30.505]],[[-94.492,30.492],[-94.475,30.495],[-94.425,30.504],[-94.375,30.513],[-94.325,30.522],[-94.309,30.525],[-94.275,30.531],[-94.225,30.541],[-94.175,30.55],[-94.125,30.56],[-94.075,30.57],[-94.051,30.575],[-94.025,30.58],[-93.975,30.59],[-93.925,30.6],[-93.875,30.61],[-93.825,30.62],[-93.8,30.625],[-93.775,30.63],[-93.725,30.64],[-93.675,30.649],[-93.625,30.658],[-93.575,30.667],[-93.527,30.675],[-93.525,30.675],[-93.475,30.683],[-93.425,30.691],[-93.375,30.697],[-93.325,30.704],[-93.275,30.709],[-93.225,30.714],[-93.175,30.718],[-93.125,30.721],[-93.075,30.724],[-93.031,30.725],[-93.025,30.725],[-92.975,30.726],[-92.925,30.726],[-92.875,30.725],[-92.868,30.725],[-92.825,30.724],[-92.775,30.721],[-92.725,30.719],[-92.675,30.715],[-92.625,30.711],[-92.575,30.706],[-92.525,30.701],[-92.475,30.696],[-92.425,30.69],[-92.375,30.684],[-92.325,30.677],[-92.306,30.675]],[[-86.46,30.51],[-86.425,30.514],[-86.381,30.519]],[[-86.322,30.525],[-86.275,30.53],[-86.225,30.535],[-86.175,30.54],[-86.125,30.545],[-86.075,30.551],[-86.025,30.556],[-85.975,30.562],[-85.925,30.569],[-85.876,30.575],[-85.875,30.575],[-85.825,30.582],[-85.775,30.589],[-85.725,30.597],[-85.675,30.606],[-85.625,30.614],[-85.575,30.623],[-85.567,30.625],[-85.525,30.633],[-85.475,30.644],[-85.425,30.654],[-85.375,30.666],[-85.337,30.675],[-85.325,30.678],[-85.275,30.691],[-85.225,30.704],[-85.175,30.718],[-85.149,30.725],[-85.125,30.732],[-85.075,30.747],[-85.025,30.762],[-84.984,30.775],[-84.975,30.778],[-84.925,30.794],[-84.875,30.812],[-84.837,30.825],[-84.825,30.829],[-84.775,30.848],[-84.725,30.866],[-84.703,30.875],[-84.675,30.886],[-84.625,30.906],[-84.579,30.925],[-84.575,30.927],[-84.525,30.948],[-84.475,30.969],[-84.462,30.975],[-84.425,30.991],[-84.375,31.014],[-84.351,31.025],[-84.325,31.037],[-84.275,31.06],[-84.242,31.075],[-84.225,31.083],[-84.175,31.106],[-84.135,31.125],[-84.125,31.13],[-84.075,31.153],[-84.028,31.175],[-84.025,31.177],[-83.975,31.2],[-83.925,31.223],[-83.921,31.225],[-83.875,31.246],[-83.825,31.269],[-83.812,31.275],[-83.775,31.292],[-83.725,31.314],[-83.701,31.325],[-83.675,31.336],[-83.625,31.358],[-83.585,31.375],[-83.575,31.379],[-83.525,31.4],[-83.475,31.421],[-83.465,31.425],[-83.425,31.441],[-83.375,31.461],[-83.339,31.475],[-83.325,31.48],[-83.275,31.499],[-83.225,31.518],[-83.206,31.525],[-83.175,31.536],[-83.125,31.554],[-83.075,31.571],[-83.064,31.575],[-83.025,31.588],[-82.975,31.605],[-82.925,31.622],[-82.914,31.625],[-82.875,31.638],[-82.825,31.653],[-82.775,31.669],[-82.755,31.675],[-82.725,31.684],[-82.675,31.699],[-82.625,31.714],[-82.585,31.725],[-82.575,31.728],[-82.525,31.742],[-82.475,31.756],[-82.425,31.769],[-82.402,31.775],[-82.375,31.782],[-82.325,31.794],[-82.275,31.807],[-82.225,31.818],[-82.196,31.825],[-82.175,31.83],[-82.125,31.841],[-82.075,31.851],[-82.025,31.862],[-81.975,31.872],[-81.962,31.875],[-81.925,31.883],[-81.875,31.893],[-81.825,31.903],[-81.775,31.913],[-81.725,31.924],[-81.719,31.925],[-81.675,31.934],[-81.625,31.945],[-81.575,31.956],[-81.525,31.967],[-81.49,31.975],[-81.475,31.978],[-81.425,31.99],[-81.375,32.002],[-81.325,32.014],[-81.278,32.025],[-81.275,32.026],[-81.225,32.038],[-81.175,32.05],[-81.125,32.062],[-81.075,32.074],[-81.07,32.075],[-81.025,32.086],[-80.975,32.097],[-80.925,32.109],[-80.882,32.118]],[[-91.125,30.582],[-91.075,30.58],[-91.025,30.579],[-90.975,30.577],[-90.925,30.576],[-90.898,30.575],[-90.875,30.574],[-90.825,30.572],[-90.775,30.57],[-90.725,30.568],[-90.675,30.566],[-90.625,30.563],[-90.575,30.56],[-90.525,30.557],[-90.475,30.554],[-90.425,30.55],[-90.375,30.545],[-90.325,30.541],[-90.275,30.535],[-90.225,30.53],[-90.188,30.525],[-90.175,30.523],[-90.125,30.517],[-90.075,30.51],[-90.025,30.502],[-89.975,30.494],[-89.925,30.485],[-89.875,30.476],[-89.87,30.475],[-89.825,30.467],[-89.775,30.457],[-89.725,30.447],[-89.675,30.437],[-89.625,30.427],[-89.617,30.425],[-89.575,30.416],[-89.525,30.405],[-89.475,30.394],[-89.425,30.383],[-89.39,30.375],[-89.375,30.372],[-89.325,30.36],[-89.275,30.349],[-89.225,30.338],[-89.214,30.336]]]}},{"type":"Feature","properties":{"date":"2002-03-18","label":"18 Mar","yday":77,"tier":"day","major":false},"geometry":{"type":"MultiLineString","coordinates":[[[-88.269,30.419],[-88.225,30.419],[-88.175,30.421],[-88.125,30.424]],[[-88.857,30.457],[-88.825,30.453],[-88.775,30.447],[-88.725,30.441],[-88.675,30.436],[-88.625,30.432],[-88.575,30.428],[-88.536,30.425],[-88.525,30.424],[-88.475,30.422],[-88.425,30.42],[-88.381,30.419]],[[-87.898,30.448],[-87.875,30.452],[-87.825,30.46],[-87.775,30.468],[-87.738,30.475],[-87.725,30.477],[-87.675,30.487],[-87.625,30.497],[-87.575,30.507],[-87.525,30.518],[-87.489,30.525],[-87.475,30.528],[-87.425,30.538],[-87.375,30.548],[-87.325,30.558],[-87.275,30.568],[-87.238,30.575],[-87.225,30.578],[-87.222,30.578]],[[-87.143,30.593],[-87.125,30.596],[-87.075,30.605],[-87.025,30.614],[-86.975,30.623],[-86.963,30.625],[-86.925,30.631],[-86.875,30.64],[-86.825,30.648],[-86.775,30.656],[-86.725,30.664],[-86.675,30.672],[-86.654,30.675],[-86.625,30.679],[-86.575,30.686],[-86.525,30.693],[-86.475,30.698],[-86.425,30.703],[-86.375,30.707],[-86.325,30.711],[-86.275,30.715],[-86.225,30.72],[-86.175,30.724],[-86.169,30.725],[-86.125,30.729],[-86.075,30.734],[-86.025,30.74],[-85.975,30.745],[-85.925,30.752],[-85.875,30.758],[-85.825,30.765],[-85.775,30.773],[-85.764,30.775],[-85.725,30.781],[-85.675,30.79],[-85.625,30.8],[-85.575,30.81],[-85.525,30.82],[-85.505,30.825],[-85.475,30.832],[-85.425,30.844],[-85.375,30.856],[-85.325,30.87],[-85.306,30.875],[-85.275,30.884],[-85.225,30.898],[-85.175,30.913],[-85.135,30.925],[-85.125,30.928],[-85.075,30.944],[-85.025,30.96],[-84.982,30.975],[-84.975,30.977],[-84.925,30.995],[-84.875,31.013],[-84.842,31.025],[-84.825,31.031],[-84.775,31.05],[-84.725,31.07],[-84.712,31.075],[-84.675,31.09],[-84.625,31.11],[-84.59,31.125],[-84.575,31.131],[-84.525,31.153],[-84.475,31.174],[-84.473,31.175],[-84.425,31.196],[-84.375,31.218],[-84.36,31.225],[-84.325,31.24],[-84.275,31.263],[-84.248,31.275],[-84.225,31.285],[-84.175,31.308],[-84.137,31.325],[-84.125,31.33],[-84.075,31.353],[-84.025,31.375],[-84.025,31.375],[-83.975,31.397],[-83.925,31.419],[-83.912,31.425],[-83.875,31.441],[-83.825,31.463],[-83.797,31.475],[-83.775,31.484],[-83.725,31.506],[-83.679,31.525],[-83.675,31.527],[-83.625,31.547],[-83.575,31.568],[-83.557,31.575],[-83.525,31.588],[-83.475,31.607],[-83.43,31.625],[-83.425,31.627],[-83.375,31.646],[-83.325,31.665],[-83.299,31.675],[-83.275,31.684],[-83.225,31.702],[-83.175,31.72],[-83.162,31.725],[-83.125,31.738],[-83.075,31.756],[-83.025,31.773],[-83.019,31.775],[-82.975,31.79],[-82.925,31.807],[-82.875,31.823],[-82.87,31.825],[-82.825,31.84],[-82.775,31.856],[-82.725,31.872],[-82.715,31.875],[-82.675,31.888],[-82.625,31.903],[-82.575,31.918],[-82.553,31.925],[-82.525,31.933],[-82.475,31.948],[-82.425,31.962],[-82.378,31.975],[-82.375,31.976],[-82.325,31.989],[-82.275,32.001],[-82.225,32.013],[-82.175,32.025],[-82.173,32.025],[-82.125,32.035],[-82.075,32.046],[-82.025,32.056],[-81.975,32.067],[-81.935,32.075],[-81.925,32.077],[-81.875,32.087],[-81.825,32.097],[-81.775,32.108],[-81.725,32.118],[-81.693,32.125],[-81.675,32.129],[-81.625,32.14],[-81.575,32.15],[-81.525,32.161],[-81.475,32.173],[-81.464,32.175],[-81.425,32.184],[-81.375,32.195],[-81.325,32.207],[-81.275,32.218],[-81.245,32.225],[-81.225,32.23],[-81.175,32.241],[-81.125,32.253],[-81.075,32.264],[-81.026,32.275],[-81.025,32.275],[-80.975,32.286],[-80.925,32.297],[-80.875,32.308],[-80.825,32.318],[-80.819,32.319]],[[-94.696,30.646],[-94.675,30.65],[-94.625,30.659],[-94.575,30.668],[-94.539,30.675],[-94.525,30.678],[-94.475,30.687],[-94.425,30.696],[-94.375,30.706],[-94.325,30.716],[-94.278,30.725],[-94.275,30.726],[-94.225,30.736],[-94.175,30.746],[-94.125,30.756],[-94.075,30.766],[-94.03,30.775],[-94.025,30.776],[-93.975,30.786],[-93.925,30.796],[-93.875,30.806],[-93.825,30.816],[-93.782,30.825],[-93.775,30.826],[-93.725,30.836],[-93.675,30.845],[-93.625,30.855],[-93.575,30.864],[-93.525,30.872],[-93.508,30.875],[-93.475,30.88],[-93.425,30.888],[-93.375,30.895],[-93.325,30.902],[-93.275,30.908],[-93.225,30.913],[-93.175,30.918],[-93.125,30.922],[-93.083,30.925],[-93.075,30.925],[-93.025,30.928],[-92.975,30.93],[-92.925,30.931],[-92.875,30.932],[-92.825,30.931],[-92.775,30.931],[-92.725,30.929],[-92.675,30.927],[-92.633,30.925],[-92.625,30.925],[-92.575,30.921],[-92.525,30.918],[-92.475,30.914],[-92.425,30.909],[-92.375,30.904],[-92.325,30.899],[-92.275,30.893],[-92.225,30.888],[-92.175,30.882],[-92.125,30.876]],[[-91.242,30.792],[-91.225,30.791],[-91.175,30.788],[-91.125,30.785],[-91.075,30.782],[-91.025,30.779],[-90.975,30.776],[-90.952,30.775],[-90.925,30.773],[-90.875,30.771],[-90.825,30.768],[-90.775,30.765],[-90.725,30.761],[-90.675,30.758],[-90.625,30.755],[-90.575,30.751],[-90.525,30.747],[-90.475,30.743],[-90.425,30.738],[-90.375,30.733],[-90.325,30.728],[-90.297,30.725],[-90.275,30.723],[-90.225,30.717],[-90.175,30.711],[-90.125,30.704],[-90.075,30.697],[-90.025,30.69],[-89.975,30.682],[-89.935,30.675],[-89.925,30.673],[-89.875,30.665],[-89.825,30.656],[-89.775,30.647],[-89.725,30.637],[-89.675,30.627],[-89.666,30.625],[-89.625,30.617],[-89.575,30.606],[-89.525,30.595],[-89.475,30.584],[-89.436,30.575],[-89.425,30.573],[-89.375,30.561],[-89.325,30.55],[-89.275,30.538],[-89.225,30.526],[-89.22,30.525],[-89.175,30.515],[-89.125,30.504],[-89.075,30.493],[-89.025,30.484],[-88.976,30.475],[-88.975,30.475]],[[-80.65,32.35],[-80.625,32.355],[-80.575,32.363],[-80.525,32.37],[-80.521,32.371]]]}},{"type":"Feature","properties":{"date":"2002-03-19","label":"19 Mar","yday":78,"tier":"day","major":false},"geometry":{"type":"MultiLineString","coordinates":[[[-87.925,30.629],[-87.875,30.637],[-87.825,30.646],[-87.775,30.655],[-87.725,30.664],[-87.675,30.674],[-87.669,30.675],[-87.625,30.684],[-87.575,30.694],[-87.525,30.704],[-87.475,30.714],[-87.425,30.724],[-87.418,30.725],[-87.375,30.733],[-87.325,30.743],[-87.275,30.753],[-87.225,30.762],[-87.175,30.772],[-87.158,30.775],[-87.125,30.781],[-87.075,30.79],[-87.025,30.799],[-86.975,30.807],[-86.925,30.815],[-86.875,30.823],[-86.859,30.825],[-86.825,30.83],[-86.775,30.837],[-86.725,30.844],[-86.675,30.851],[-86.625,30.858],[-86.575,30.864],[-86.525,30.869],[-86.475,30.875],[-86.471,30.875],[-86.425,30.88],[-86.375,30.885],[-86.325,30.889],[-86.275,30.894],[-86.225,30.899],[-86.175,30.904],[-86.125,30.909],[-86.075,30.914],[-86.025,30.92],[-85.984,30.925],[-85.975,30.926],[-85.925,30.933],[-85.875,30.94],[-85.825,30.947],[-85.775,30.956],[-85.725,30.965],[-85.675,30.974],[-85.672,30.975],[-85.625,30.985],[-85.575,30.996],[-85.525,31.008],[-85.475,31.021],[-85.458,31.025],[-85.425,31.034],[-85.375,31.048],[-85.325,31.062],[-85.283,31.075],[-85.275,31.077],[-85.225,31.093],[-85.175,31.109],[-85.126,31.125],[-85.125,31.125],[-85.075,31.142],[-85.025,31.16],[-84.982,31.175],[-84.975,31.178],[-84.925,31.196],[-84.875,31.215],[-84.848,31.225],[-84.825,31.234],[-84.775,31.253],[-84.725,31.273],[-84.72,31.275],[-84.675,31.293],[-84.625,31.314],[-84.597,31.325],[-84.575,31.334],[-84.525,31.355],[-84.478,31.375],[-84.475,31.376],[-84.425,31.397],[-84.375,31.419],[-84.361,31.425],[-84.325,31.44],[-84.275,31.462],[-84.244,31.475],[-84.225,31.483],[-84.175,31.504],[-84.127,31.525],[-84.125,31.526],[-84.075,31.547],[-84.025,31.568],[-84.008,31.575],[-83.975,31.589],[-83.925,31.609],[-83.887,31.625],[-83.875,31.63],[-83.825,31.65],[-83.775,31.671],[-83.765,31.675],[-83.725,31.691],[-83.675,31.711],[-83.639,31.725],[-83.625,31.73],[-83.575,31.75],[-83.525,31.769],[-83.51,31.775],[-83.475,31.788],[-83.425,31.807],[-83.377,31.825],[-83.375,31.826],[-83.325,31.844],[-83.275,31.863],[-83.241,31.875],[-83.225,31.881],[-83.175,31.898],[-83.125,31.916],[-83.1,31.925],[-83.075,31.934],[-83.025,31.951],[-82.975,31.968],[-82.954,31.975],[-82.925,31.985],[-82.875,32.002],[-82.825,32.018],[-82.805,32.025],[-82.775,32.035],[-82.725,32.051],[-82.675,32.067],[-82.651,32.075],[-82.625,32.083],[-82.575,32.099],[-82.525,32.114],[-82.49,32.125],[-82.475,32.13],[-82.425,32.144],[-82.375,32.158],[-82.325,32.171],[-82.308,32.175],[-82.275,32.183],[-82.225,32.194],[-82.175,32.205],[-82.125,32.216],[-82.082,32.225],[-82.075,32.227],[-82.025,32.237],[-81.975,32.247],[-81.925,32.258],[-81.875,32.268],[-81.844,32.275],[-81.825,32.279],[-81.775,32.29],[-81.725,32.3],[-81.675,32.311],[-81.625,32.322],[-81.614,32.325],[-81.575,32.333],[-81.525,32.345],[-81.475,32.356],[-81.425,32.367],[-81.392,32.375],[-81.375,32.379],[-81.325,32.39],[-81.275,32.402],[-81.225,32.413],[-81.175,32.425],[-81.173,32.425],[-81.125,32.436],[-81.075,32.447],[-81.025,32.458],[-80.975,32.469],[-80.945,32.475],[-80.925,32.479],[-80.875,32.489],[-80.825,32.499],[-80.775,32.508],[-80.725,32.517],[-80.68,32.525],[-80.675,32.526],[-80.625,32.534],[-80.575,32.541],[-80.557,32.543]],[[-94.806,30.806],[-94.775,30.812],[-94.725,30.821],[-94.706,30.825],[-94.675,30.831],[-94.625,30.84],[-94.575,30.85],[-94.525,30.859],[-94.475,30.869],[-94.446,30.875],[-94.425,30.879],[-94.375,30.889],[-94.325,30.899],[-94.275,30.909],[-94.225,30.92],[-94.199,30.925],[-94.175,30.93],[-94.125,30.94],[-94.075,30.951],[-94.025,30.961],[-93.975,30.972],[-93.959,30.975],[-93.925,30.982],[-93.875,30.992],[-93.825,31.002],[-93.775,31.013],[-93.725,31.023],[-93.713,31.025],[-93.675,31.032],[-93.625,31.042],[-93.575,31.051],[-93.525,31.06],[-93.475,31.069],[-93.439,31.075],[-93.425,31.077],[-93.375,31.085],[-93.325,31.093],[-93.275,31.099],[-93.225,31.106],[-93.175,31.111],[-93.125,31.117],[-93.075,31.121],[-93.025,31.125],[-93.02,31.125],[-92.975,31.128],[-92.925,31.13],[-92.875,31.132],[-92.825,31.133],[-92.775,31.134],[-92.725,31.134],[-92.683,31.133]],[[-91.358,31.008],[-91.325,31.005],[-91.275,31.0],[-91.225,30.996],[-91.175,30.992],[-91.125,30.988],[-91.075,30.984],[-91.025,30.98],[-90.975,30.976],[-90.961,30.975],[-90.925,30.972],[-90.875,30.968],[-90.825,30.965],[-90.775,30.961],[-90.725,30.957],[-90.675,30.953],[-90.625,30.949],[-90.575,30.945],[-90.525,30.941],[-90.475,30.936],[-90.425,30.932],[-90.375,30.927],[-90.357,30.925],[-90.325,30.922],[-90.275,30.917],[-90.225,30.911],[-90.175,30.905],[-90.125,30.899],[-90.075,30.893],[-90.025,30.886],[-89.975,30.879],[-89.944,30.875],[-89.925,30.872],[-89.875,30.865],[-89.825,30.857],[-89.775,30.849],[-89.725,30.84],[-89.675,30.831],[-89.641,30.825],[-89.625,30.822],[-89.575,30.813],[-89.525,30.803],[-89.475,30.792],[-89.425,30.782],[-89.394,30.775],[-89.375,30.771],[-89.325,30.76],[-89.275,30.749],[-89.225,30.737],[-89.175,30.726],[-89.171,30.725],[-89.125,30.715],[-89.075,30.704],[-89.025,30.694],[-88.975,30.683],[-88.931,30.675],[-88.925,30.674],[-88.875,30.665],[-88.825,30.657],[-88.775,30.649],[-88.725,30.642],[-88.675,30.635],[-88.625,30.629],[-88.584,30.625],[-88.575,30.624],[-88.525,30.62],[-88.475,30.616],[-88.425,30.612],[-88.375,30.61],[-88.325,30.608],[-88.275,30.607],[-88.225,30.607],[-88.175,30.607],[-88.125,30.609],[-88.089,30.611]],[[-80.501,32.551],[-80.475,32.554],[-80.425,32.56],[-80.375,32.565],[-80.325,32.57],[-80.275,32.574],[-80.262,32.575],[-80.225,32.578],[-80.175,32.581],[-80.169,32.581]]]}},{"type":"Feature","properties":{"date":"2002-03-20","label":"20 Mar","yday":79,"tier":"day","major":false},"geometry":{"type":"MultiLineString","coordinates":[[[-95.162,30.912],[-95.125,30.919],[-95.09,30.925],[-95.075,30.928],[-95.025,30.937],[-94.975,30.946],[-94.925,30.955],[-94.875,30.965],[-94.825,30.974],[-94.82,30.975],[-94.775,30.984],[-94.725,30.993],[-94.675,31.003],[-94.625,31.013],[-94.575,31.023],[-94.563,31.025],[-94.525,31.032],[-94.475,31.042],[-94.425,31.053],[-94.375,31.063],[-94.325,31.073],[-94.316,31.075],[-94.275,31.084],[-94.225,31.094],[-94.175,31.105],[-94.125,31.115],[-94.08,31.125],[-94.075,31.126],[-94.025,31.137],[-93.975,31.147],[-93.925,31.158],[-93.875,31.169],[-93.847,31.175],[-93.825,31.18],[-93.775,31.19],[-93.725,31.2],[-93.675,31.211],[-93.625,31.221],[-93.604,31.225],[-93.575,31.231],[-93.525,31.24],[-93.475,31.25],[-93.425,31.259],[-93.375,31.267],[-93.329,31.275],[-93.325,31.276],[-93.275,31.283],[-93.225,31.291],[-93.175,31.298],[-93.125,31.304],[-93.075,31.31],[-93.025,31.315],[-92.975,31.319],[-92.925,31.323],[-92.896,31.325],[-92.875,31.326],[-92.825,31.329],[-92.775,31.331],[-92.725,31.332]],[[-91.375,31.213],[-91.325,31.208],[-91.275,31.203],[-91.225,31.197],[-91.175,31.192],[-91.125,31.188],[-91.075,31.183],[-91.025,31.178],[-90.988,31.175],[-90.975,31.174],[-90.925,31.169],[-90.875,31.165],[-90.825,31.161],[-90.775,31.157],[-90.725,31.153],[-90.675,31.149],[-90.625,31.144],[-90.575,31.14],[-90.525,31.136],[-90.475,31.132],[-90.425,31.127],[-90.397,31.125],[-90.375,31.123],[-90.325,31.118],[-90.275,31.114],[-90.225,31.109],[-90.175,31.104],[-90.125,31.099],[-90.075,31.094],[-90.025,31.088],[-89.975,31.083],[-89.925,31.077],[-89.908,31.075],[-89.875,31.071],[-89.825,31.065],[-89.775,31.059],[-89.725,31.052],[-89.675,31.045],[-89.625,31.038],[-89.575,31.031],[-89.538,31.025],[-89.525,31.023],[-89.475,31.015],[-89.425,31.006],[-89.375,30.997],[-89.325,30.988],[-89.275,30.978],[-89.26,30.975],[-89.225,30.968],[-89.175,30.957],[-89.125,30.947],[-89.075,30.936],[-89.025,30.925],[-89.025,30.925],[-88.975,30.915],[-88.925,30.904],[-88.875,30.894],[-88.825,30.885],[-88.775,30.876],[-88.771,30.875],[-88.725,30.867],[-88.675,30.859],[-88.625,30.852],[-88.575,30.845],[-88.525,30.839],[-88.475,30.834],[-88.425,30.83],[-88.375,30.826],[-88.359,30.825],[-88.325,30.823],[-88.275,30.821],[-88.225,30.82],[-88.175,30.82],[-88.125,30.821],[-88.075,30.823],[-88.049,30.825],[-88.025,30.827],[-87.975,30.831],[-87.925,30.837],[-87.875,30.843],[-87.825,30.85],[-87.775,30.857],[-87.725,30.865],[-87.675,30.873],[-87.665,30.875],[-87.625,30.882],[-87.575,30.89],[-87.525,30.899],[-87.475,30.907],[-87.425,30.916],[-87.375,30.924],[-87.372,30.925],[-87.325,30.933],[-87.275,30.941],[-87.225,30.95],[-87.175,30.958],[-87.125,30.966],[-87.075,30.973],[-87.064,30.975],[-87.025,30.981],[-86.975,30.988],[-86.925,30.996],[-86.875,31.003],[-86.825,31.009],[-86.775,31.016],[-86.725,31.023],[-86.705,31.025],[-86.675,31.029],[-86.625,31.035],[-86.575,31.041],[-86.525,31.046],[-86.475,31.052],[-86.425,31.057],[-86.375,31.062],[-86.325,31.067],[-86.275,31.072],[-86.25,31.075],[-86.225,31.078],[-86.175,31.083],[-86.125,31.088],[-86.075,31.094],[-86.025,31.1],[-85.975,31.107],[-85.925,31.114],[-85.875,31.121],[-85.853,31.125],[-85.825,31.13],[-85.775,31.139],[-85.725,31.148],[-85.675,31.159],[-85.625,31.171],[-85.609,31.175],[-85.575,31.184],[-85.525,31.198],[-85.475,31.212],[-85.431,31.225],[-85.425,31.227],[-85.375,31.242],[-85.325,31.258],[-85.275,31.274],[-85.271,31.275],[-85.225,31.29],[-85.175,31.307],[-85.125,31.324],[-85.122,31.325],[-85.075,31.342],[-85.025,31.359],[-84.983,31.375],[-84.975,31.378],[-84.925,31.396],[-84.875,31.415],[-84.849,31.425],[-84.825,31.434],[-84.775,31.454],[-84.725,31.473],[-84.72,31.475],[-84.675,31.493],[-84.625,31.513],[-84.594,31.525],[-84.575,31.533],[-84.525,31.553],[-84.475,31.573],[-84.47,31.575],[-84.425,31.593],[-84.375,31.613],[-84.346,31.625],[-84.325,31.633],[-84.275,31.653],[-84.225,31.673],[-84.221,31.675],[-84.175,31.693],[-84.125,31.713],[-84.095,31.725],[-84.075,31.733],[-84.025,31.752],[-83.975,31.772],[-83.967,31.775],[-83.925,31.791],[-83.875,31.811],[-83.838,31.825],[-83.825,31.83],[-83.775,31.849],[-83.725,31.868],[-83.707,31.875],[-83.675,31.887],[-83.625,31.906],[-83.575,31.925],[-83.574,31.925],[-83.525,31.943],[-83.475,31.961],[-83.438,31.975],[-83.425,31.98],[-83.375,31.998],[-83.325,32.016],[-83.298,32.025],[-83.275,32.033],[-83.225,32.051],[-83.175,32.068],[-83.155,32.075],[-83.125,32.085],[-83.075,32.102],[-83.025,32.119],[-83.008,32.125],[-82.975,32.136],[-82.925,32.153],[-82.875,32.169],[-82.858,32.175],[-82.825,32.186],[-82.775,32.202],[-82.725,32.218],[-82.703,32.225],[-82.675,32.234],[-82.625,32.249],[-82.575,32.264],[-82.54,32.275],[-82.525,32.279],[-82.475,32.294],[-82.425,32.308],[-82.375,32.321],[-82.359,32.325],[-82.325,32.334],[-82.275,32.346],[-82.225,32.358],[-82.175,32.369],[-82.15,32.375],[-82.125,32.381],[-82.075,32.392],[-82.025,32.403],[-81.975,32.414],[-81.927,32.425],[-81.925,32.425],[-81.875,32.437],[-81.825,32.448],[-81.775,32.459],[-81.725,32.471],[-81.707,32.475],[-81.675,32.482],[-81.625,32.494],[-81.575,32.506],[-81.525,32.517],[-81.493,32.525],[-81.475,32.529],[-81.425,32.541],[-81.375,32.553],[-81.325,32.565],[-81.281,32.575],[-81.275,32.576],[-81.225,32.588],[-81.175,32.599],[-81.125,32.611],[-81.075,32.622],[-81.061,32.625],[-81.025,32.633],[-80.975,32.643],[-80.925,32.654],[-80.875,32.664],[-80.825,32.673],[-80.814,32.675],[-80.775,32.682],[-80.725,32.691],[-80.675,32.699],[-80.625,32.706],[-80.575,32.713],[-80.525,32.72],[-80.479,32.725],[-80.475,32.726],[-80.425,32.731],[-80.375,32.736],[-80.325,32.74],[-80.275,32.744],[-80.225,32.747],[-80.175,32.749],[-80.125,32.751],[-80.075,32.753],[-80.025,32.753],[-79.975,32.753],[-79.953,32.753]]]}},{"type":"Feature","properties":{"date":"2002-03-21","label":"21 Mar","yday":80,"tier":"five","major":false},"geometry":{"type":"MultiLineString","coordinates":[[[-95.175,31.072],[-95.157,31.075]],[[-94.56,31.19],[-94.525,31.197],[-94.475,31.207],[-94.425,31.218],[-94.391,31.225],[-94.375,31.228],[-94.325,31.239],[-94.275,31.249],[-94.225,31.26],[-94.175,31.271],[-94.158,31.275],[-94.125,31.282],[-94.075,31.293],[-94.025,31.304],[-93.975,31.315],[-93.932,31.325],[-93.925,31.327],[-93.875,31.338],[-93.825,31.349],[-93.775,31.36],[-93.725,31.371],[-93.707,31.375],[-93.675,31.382],[-93.625,31.393],[-93.575,31.403],[-93.525,31.414],[-93.475,31.424],[-93.469,31.425],[-93.425,31.434],[-93.375,31.443],[-93.325,31.453],[-93.275,31.461],[-93.225,31.47],[-93.193,31.475],[-93.175,31.478],[-93.125,31.485],[-93.09,31.49]],[[-91.325,31.404],[-91.275,31.398],[-91.225,31.393],[-91.175,31.387],[-91.125,31.382],[-91.075,31.377],[-91.053,31.375],[-91.025,31.372],[-90.975,31.367],[-90.925,31.363],[-90.875,31.358],[-90.825,31.354],[-90.775,31.349],[-90.725,31.345],[-90.675,31.341],[-90.625,31.337],[-90.575,31.333],[-90.525,31.329],[-90.475,31.326],[-90.468,31.325],[-90.425,31.322],[-90.375,31.318],[-90.325,31.314],[-90.275,31.31],[-90.225,31.306],[-90.175,31.302],[-90.125,31.298],[-90.075,31.294],[-90.025,31.29],[-89.975,31.286],[-89.925,31.282],[-89.875,31.278],[-89.844,31.275],[-89.825,31.273],[-89.775,31.269],[-89.725,31.265],[-89.675,31.26],[-89.625,31.255],[-89.575,31.25],[-89.525,31.245],[-89.475,31.24],[-89.425,31.234],[-89.375,31.228],[-89.349,31.225],[-89.325,31.222],[-89.275,31.215],[-89.225,31.206],[-89.175,31.197],[-89.125,31.188],[-89.075,31.178],[-89.059,31.175],[-89.025,31.168],[-88.975,31.158],[-88.925,31.148],[-88.875,31.138],[-88.825,31.129],[-88.805,31.125],[-88.775,31.12],[-88.725,31.111],[-88.675,31.102],[-88.625,31.094],[-88.575,31.087],[-88.525,31.08],[-88.48,31.075],[-88.475,31.074],[-88.425,31.069],[-88.375,31.065],[-88.325,31.061],[-88.275,31.058],[-88.225,31.056],[-88.175,31.055],[-88.125,31.055],[-88.075,31.055],[-88.025,31.057],[-87.975,31.059],[-87.925,31.062],[-87.875,31.066],[-87.825,31.07],[-87.777,31.075],[-87.775,31.075],[-87.725,31.08],[-87.675,31.086],[-87.625,31.092],[-87.575,31.098],[-87.525,31.104],[-87.475,31.11],[-87.425,31.117],[-87.375,31.123],[-87.36,31.125],[-87.325,31.129],[-87.275,31.136],[-87.225,31.142],[-87.175,31.149],[-87.125,31.155],[-87.075,31.161],[-87.025,31.168],[-86.975,31.174],[-86.967,31.175],[-86.925,31.18],[-86.875,31.187],[-86.825,31.193],[-86.775,31.199],[-86.725,31.206],[-86.675,31.212],[-86.625,31.217],[-86.575,31.223],[-86.559,31.225],[-86.525,31.229],[-86.475,31.234],[-86.425,31.24],[-86.375,31.245],[-86.325,31.25],[-86.275,31.256],[-86.225,31.261],[-86.175,31.267],[-86.125,31.272],[-86.104,31.275],[-86.075,31.279],[-86.025,31.285],[-85.975,31.292],[-85.925,31.3],[-85.875,31.308],[-85.825,31.317],[-85.783,31.325],[-85.775,31.327],[-85.725,31.338],[-85.675,31.35],[-85.625,31.363],[-85.583,31.375],[-85.575,31.377],[-85.525,31.392],[-85.475,31.407],[-85.425,31.423],[-85.418,31.425],[-85.375,31.439],[-85.325,31.455],[-85.275,31.471],[-85.264,31.475],[-85.225,31.488],[-85.175,31.505],[-85.125,31.522],[-85.118,31.525],[-85.075,31.54],[-85.025,31.558],[-84.978,31.575],[-84.975,31.576],[-84.925,31.594],[-84.875,31.613],[-84.842,31.625],[-84.825,31.631],[-84.775,31.65],[-84.725,31.668],[-84.707,31.675],[-84.675,31.687],[-84.625,31.706],[-84.575,31.724],[-84.573,31.725],[-84.525,31.743],[-84.475,31.762],[-84.439,31.775],[-84.425,31.78],[-84.375,31.799],[-84.325,31.817],[-84.305,31.825],[-84.275,31.836],[-84.225,31.854],[-84.175,31.873],[-84.169,31.875],[-84.125,31.891],[-84.075,31.909],[-84.032,31.925],[-84.025,31.928],[-83.975,31.946],[-83.925,31.964],[-83.895,31.975],[-83.875,31.982],[-83.825,32.0],[-83.775,32.019],[-83.757,32.025],[-83.725,32.037],[-83.675,32.055],[-83.625,32.073],[-83.618,32.075],[-83.575,32.09],[-83.525,32.108],[-83.477,32.125],[-83.475,32.126],[-83.425,32.143],[-83.375,32.16],[-83.332,32.175],[-83.325,32.178],[-83.275,32.194],[-83.225,32.211],[-83.184,32.225],[-83.175,32.228],[-83.125,32.244],[-83.075,32.261],[-83.032,32.275],[-83.025,32.277],[-82.975,32.293],[-82.925,32.309],[-82.876,32.325],[-82.875,32.325],[-82.825,32.341],[-82.775,32.356],[-82.725,32.372],[-82.715,32.375],[-82.675,32.387],[-82.625,32.402],[-82.575,32.416],[-82.545,32.425],[-82.525,32.431],[-82.475,32.445],[-82.425,32.458],[-82.375,32.471],[-82.361,32.475],[-82.325,32.484],[-82.275,32.497],[-82.225,32.509],[-82.175,32.522],[-82.162,32.525],[-82.125,32.534],[-82.075,32.546],[-82.025,32.558],[-81.975,32.57],[-81.956,32.575],[-81.925,32.582],[-81.875,32.594],[-81.825,32.607],[-81.775,32.619],[-81.75,32.625],[-81.725,32.631],[-81.675,32.644],[-81.625,32.656],[-81.575,32.668],[-81.548,32.675],[-81.525,32.681],[-81.475,32.693],[-81.425,32.706],[-81.375,32.718],[-81.347,32.725],[-81.325,32.73],[-81.275,32.743],[-81.225,32.755],[-81.175,32.766],[-81.138,32.775],[-81.125,32.778],[-81.075,32.789],[-81.025,32.8],[-80.975,32.811],[-80.925,32.821],[-80.906,32.825],[-80.875,32.831],[-80.825,32.84],[-80.775,32.849],[-80.725,32.858],[-80.675,32.866],[-80.625,32.873],[-80.61,32.875],[-80.575,32.88],[-80.525,32.886],[-80.475,32.892],[-80.425,32.897],[-80.375,32.901],[-80.325,32.905],[-80.275,32.908],[-80.225,32.911],[-80.175,32.913],[-80.125,32.914],[-80.075,32.915],[-80.025,32.915],[-79.975,32.914],[-79.925,32.913],[-79.875,32.911],[-79.825,32.908],[-79.775,32.905],[-79.725,32.902],[-79.675,32.899],[-79.653,32.897]],[[-92.578,31.528],[-92.575,31.528],[-92.525,31.528],[-92.475,31.527],[-92.425,31.525],[-92.422,31.525],[-92.375,31.523],[-92.325,31.52],[-92.275,31.516],[-92.237,31.513]]]}},{"type":"Feature","properties":{"date":"2002-03-22","label":"22 Mar","yday":81,"tier":"day","major":false},"geometry":{"type":"MultiLineString","coordinates":[[[-94.475,31.365],[-94.428,31.375],[-94.425,31.376],[-94.375,31.386],[-94.325,31.397],[-94.275,31.408],[-94.225,31.419],[-94.2,31.425],[-94.175,31.431],[-94.125,31.442],[-94.075,31.453],[-94.025,31.465],[-93.981,31.475],[-93.975,31.476],[-93.925,31.488],[-93.875,31.5],[-93.825,31.511],[-93.775,31.523],[-93.767,31.525],[-93.725,31.535],[-93.675,31.546],[-93.652,31.552]],[[-91.225,31.582],[-91.175,31.576],[-91.165,31.575],[-91.125,31.571],[-91.075,31.565],[-91.025,31.56],[-90.975,31.555],[-90.925,31.551],[-90.875,31.546],[-90.825,31.542],[-90.775,31.538],[-90.725,31.534],[-90.675,31.53],[-90.625,31.526],[-90.612,31.525],[-90.575,31.522],[-90.525,31.519],[-90.475,31.515],[-90.425,31.512],[-90.375,31.509],[-90.325,31.506],[-90.275,31.503],[-90.225,31.5],[-90.175,31.497],[-90.125,31.494],[-90.075,31.491],[-90.025,31.488],[-89.975,31.485],[-89.925,31.483],[-89.875,31.48],[-89.825,31.477],[-89.789,31.475],[-89.775,31.474],[-89.725,31.471],[-89.675,31.468],[-89.625,31.465],[-89.575,31.462],[-89.525,31.459],[-89.475,31.455],[-89.425,31.451],[-89.375,31.447],[-89.325,31.442],[-89.275,31.437],[-89.225,31.432],[-89.175,31.426],[-89.17,31.425],[-89.125,31.419],[-89.075,31.412],[-89.025,31.404],[-88.975,31.397],[-88.925,31.389],[-88.875,31.381],[-88.839,31.375],[-88.825,31.373],[-88.775,31.365],[-88.725,31.357],[-88.675,31.35],[-88.625,31.343],[-88.575,31.336],[-88.525,31.33],[-88.482,31.325],[-88.475,31.324],[-88.425,31.319],[-88.375,31.314],[-88.325,31.31],[-88.275,31.307],[-88.225,31.304],[-88.175,31.301],[-88.125,31.3],[-88.075,31.299],[-88.025,31.299],[-87.975,31.299],[-87.925,31.3],[-87.875,31.301],[-87.825,31.303],[-87.775,31.305],[-87.725,31.308],[-87.675,31.311],[-87.625,31.314],[-87.575,31.318],[-87.525,31.321],[-87.476,31.325],[-87.475,31.325],[-87.425,31.329],[-87.375,31.333],[-87.325,31.337],[-87.275,31.341],[-87.225,31.346],[-87.175,31.35],[-87.125,31.354],[-87.075,31.359],[-87.025,31.364],[-86.975,31.37],[-86.932,31.375],[-86.925,31.376],[-86.875,31.382],[-86.825,31.388],[-86.775,31.394],[-86.725,31.4],[-86.675,31.406],[-86.625,31.411],[-86.575,31.417],[-86.525,31.422],[-86.497,31.425],[-86.475,31.427],[-86.425,31.432],[-86.375,31.438],[-86.325,31.443],[-86.275,31.448],[-86.225,31.453],[-86.175,31.459],[-86.125,31.465],[-86.075,31.472],[-86.05,31.475],[-86.025,31.479],[-85.975,31.486],[-85.925,31.494],[-85.875,31.504],[-85.825,31.514],[-85.775,31.524],[-85.773,31.525],[-85.725,31.536],[-85.675,31.549],[-85.625,31.562],[-85.579,31.575],[-85.575,31.576],[-85.525,31.591],[-85.475,31.606],[-85.425,31.621],[-85.413,31.625],[-85.375,31.637],[-85.325,31.653],[-85.275,31.669],[-85.257,31.675],[-85.225,31.686],[-85.175,31.702],[-85.125,31.719],[-85.108,31.725],[-85.075,31.736],[-85.025,31.753],[-84.975,31.77],[-84.962,31.775],[-84.925,31.788],[-84.875,31.805],[-84.825,31.822],[-84.817,31.825],[-84.775,31.839],[-84.725,31.856],[-84.675,31.873],[-84.671,31.875],[-84.625,31.89],[-84.575,31.907],[-84.525,31.924],[-84.523,31.925],[-84.475,31.941],[-84.425,31.958],[-84.375,31.975],[-84.374,31.975],[-84.325,31.991],[-84.275,32.008],[-84.225,32.025],[-84.225,32.025],[-84.175,32.042],[-84.125,32.059],[-84.077,32.075],[-84.075,32.076],[-84.025,32.093],[-83.975,32.11],[-83.93,32.125],[-83.925,32.127],[-83.875,32.144],[-83.825,32.161],[-83.785,32.175],[-83.775,32.178],[-83.725,32.195],[-83.675,32.213],[-83.639,32.225],[-83.625,32.23],[-83.575,32.247],[-83.525,32.264],[-83.492,32.275],[-83.475,32.281],[-83.425,32.297],[-83.375,32.314],[-83.34,32.325],[-83.325,32.33],[-83.275,32.346],[-83.225,32.362],[-83.184,32.375],[-83.175,32.378],[-83.125,32.394],[-83.075,32.409],[-83.025,32.425],[-83.025,32.425],[-82.975,32.44],[-82.925,32.456],[-82.875,32.471],[-82.861,32.475],[-82.825,32.486],[-82.775,32.501],[-82.725,32.516],[-82.693,32.525],[-82.675,32.53],[-82.625,32.545],[-82.575,32.559],[-82.525,32.573],[-82.519,32.575],[-82.475,32.587],[-82.425,32.601],[-82.375,32.614],[-82.334,32.625],[-82.325,32.628],[-82.275,32.641],[-82.225,32.654],[-82.175,32.667],[-82.143,32.675],[-82.125,32.68],[-82.075,32.693],[-82.025,32.705],[-81.975,32.718],[-81.95,32.725],[-81.925,32.731],[-81.875,32.744],[-81.825,32.757],[-81.775,32.771],[-81.758,32.775],[-81.725,32.784],[-81.675,32.797],[-81.625,32.81],[-81.575,32.824],[-81.57,32.825],[-81.525,32.837],[-81.475,32.85],[-81.425,32.863],[-81.38,32.875],[-81.375,32.876],[-81.325,32.889],[-81.275,32.902],[-81.225,32.914],[-81.182,32.925],[-81.175,32.927],[-81.125,32.939],[-81.075,32.95],[-81.025,32.962],[-80.975,32.973],[-80.964,32.975],[-80.925,32.983],[-80.875,32.993],[-80.825,33.002],[-80.775,33.011],[-80.725,33.02],[-80.691,33.025],[-80.675,33.027],[-80.625,33.035],[-80.575,33.041],[-80.525,33.047],[-80.475,33.052],[-80.425,33.057],[-80.375,33.061],[-80.325,33.065],[-80.275,33.067],[-80.225,33.069],[-80.175,33.071],[-80.125,33.072],[-80.075,33.072],[-80.025,33.071],[-79.975,33.07],[-79.925,33.068],[-79.875,33.066],[-79.825,33.063],[-79.775,33.059],[-79.725,33.056],[-79.675,33.052],[-79.625,33.048],[-79.575,33.043],[-79.559,33.041]],[[-92.805,31.705],[-92.775,31.708],[-92.725,31.712],[-92.675,31.715],[-92.625,31.717],[-92.575,31.718],[-92.525,31.718],[-92.475,31.718],[-92.425,31.717],[-92.375,31.715],[-92.325,31.712],[-92.275,31.709],[-92.225,31.705],[-92.175,31.7],[-92.125,31.695],[-92.075,31.69],[-92.025,31.684],[-91.975,31.678],[-91.948,31.675],[-91.928,31.672]],[[-79.484,33.034],[-79.475,33.034],[-79.425,33.029],[-79.422,33.028]]]}},{"type":"Feature","properties":{"date":"2002-03-23","label":"23 Mar","yday":82,"tier":"day","major":false},"geometry":{"type":"MultiLineString","coordinates":[[[-94.293,31.557],[-94.275,31.561],[-94.225,31.572],[-94.213,31.575],[-94.175,31.584],[-94.125,31.596],[-94.075,31.607],[-94.025,31.619],[-94.002,31.625]],[[-91.125,31.752],[-91.075,31.747],[-91.025,31.742],[-90.975,31.737],[-90.925,31.733],[-90.875,31.728],[-90.833,31.725],[-90.825,31.724],[-90.775,31.72],[-90.725,31.717],[-90.675,31.713],[-90.625,31.71],[-90.575,31.707],[-90.525,31.704],[-90.475,31.701],[-90.425,31.698],[-90.375,31.696],[-90.325,31.693],[-90.275,31.691],[-90.225,31.689],[-90.175,31.687],[-90.125,31.685],[-90.075,31.683],[-90.025,31.682],[-89.975,31.68],[-89.925,31.678],[-89.875,31.677],[-89.827,31.675],[-89.825,31.675],[-89.775,31.673],[-89.725,31.672],[-89.675,31.67],[-89.625,31.668],[-89.575,31.666],[-89.525,31.664],[-89.475,31.662],[-89.425,31.659],[-89.375,31.656],[-89.325,31.653],[-89.275,31.65],[-89.225,31.646],[-89.175,31.642],[-89.125,31.638],[-89.075,31.634],[-89.025,31.629],[-88.984,31.625],[-88.975,31.624],[-88.925,31.619],[-88.875,31.614],[-88.825,31.608],[-88.775,31.603],[-88.725,31.598],[-88.675,31.592],[-88.625,31.587],[-88.575,31.582],[-88.525,31.577],[-88.5,31.575],[-88.475,31.573],[-88.425,31.568],[-88.375,31.564],[-88.325,31.561],[-88.275,31.557],[-88.225,31.555],[-88.175,31.552],[-88.125,31.55],[-88.075,31.548],[-88.025,31.547],[-87.975,31.546],[-87.925,31.545],[-87.875,31.545],[-87.825,31.545],[-87.775,31.546],[-87.725,31.547],[-87.675,31.548],[-87.625,31.549],[-87.575,31.551],[-87.525,31.553],[-87.475,31.555],[-87.425,31.557],[-87.375,31.559],[-87.325,31.562],[-87.275,31.565],[-87.225,31.568],[-87.175,31.571],[-87.125,31.574],[-87.118,31.575],[-87.075,31.578],[-87.025,31.583],[-86.975,31.587],[-86.925,31.592],[-86.875,31.597],[-86.825,31.602],[-86.775,31.607],[-86.725,31.612],[-86.675,31.617],[-86.625,31.622],[-86.592,31.625],[-86.575,31.627],[-86.525,31.631],[-86.475,31.636],[-86.425,31.64],[-86.375,31.644],[-86.325,31.649],[-86.275,31.653],[-86.225,31.658],[-86.175,31.663],[-86.125,31.668],[-86.075,31.674],[-86.067,31.675],[-86.025,31.681],[-85.975,31.688],[-85.925,31.697],[-85.875,31.706],[-85.825,31.716],[-85.785,31.725],[-85.775,31.727],[-85.725,31.739],[-85.675,31.751],[-85.625,31.764],[-85.585,31.775],[-85.575,31.778],[-85.525,31.792],[-85.475,31.806],[-85.425,31.82],[-85.409,31.825],[-85.375,31.835],[-85.325,31.85],[-85.275,31.865],[-85.243,31.875],[-85.225,31.881],[-85.175,31.896],[-85.125,31.912],[-85.082,31.925],[-85.075,31.927],[-85.025,31.943],[-84.975,31.958],[-84.925,31.974],[-84.922,31.975],[-84.875,31.99],[-84.825,32.005],[-84.775,32.02],[-84.76,32.025],[-84.725,32.035],[-84.675,32.05],[-84.625,32.065],[-84.593,32.075],[-84.575,32.08],[-84.525,32.095],[-84.475,32.11],[-84.425,32.125],[-84.425,32.125],[-84.375,32.14],[-84.325,32.155],[-84.275,32.17],[-84.258,32.175],[-84.225,32.185],[-84.175,32.2],[-84.125,32.216],[-84.096,32.225],[-84.075,32.231],[-84.025,32.247],[-83.975,32.263],[-83.938,32.275],[-83.925,32.279],[-83.875,32.295],[-83.825,32.312],[-83.785,32.325],[-83.775,32.328],[-83.725,32.345],[-83.675,32.361],[-83.634,32.375],[-83.625,32.378],[-83.575,32.394],[-83.525,32.41],[-83.479,32.425],[-83.475,32.426],[-83.425,32.442],[-83.375,32.458],[-83.325,32.473],[-83.319,32.475],[-83.275,32.488],[-83.225,32.503],[-83.175,32.519],[-83.154,32.525],[-83.125,32.534],[-83.075,32.549],[-83.025,32.564],[-82.987,32.575],[-82.975,32.579],[-82.925,32.593],[-82.875,32.608],[-82.825,32.623],[-82.818,32.625],[-82.775,32.638],[-82.725,32.652],[-82.675,32.667],[-82.646,32.675],[-82.625,32.681],[-82.575,32.695],[-82.525,32.709],[-82.475,32.723],[-82.469,32.725],[-82.425,32.737],[-82.375,32.751],[-82.325,32.765],[-82.287,32.775],[-82.275,32.778],[-82.225,32.792],[-82.175,32.806],[-82.125,32.819],[-82.104,32.825],[-82.075,32.833],[-82.025,32.847],[-81.975,32.86],[-81.925,32.874],[-81.922,32.875],[-81.875,32.888],[-81.825,32.902],[-81.775,32.916],[-81.743,32.925],[-81.725,32.93],[-81.675,32.944],[-81.625,32.958],[-81.575,32.973],[-81.566,32.975],[-81.525,32.987],[-81.475,33.001],[-81.425,33.015],[-81.388,33.025],[-81.375,33.029],[-81.325,33.042],[-81.275,33.056],[-81.225,33.069],[-81.201,33.075],[-81.175,33.082],[-81.125,33.094],[-81.075,33.106],[-81.025,33.118],[-80.994,33.125],[-80.975,33.129],[-80.925,33.14],[-80.875,33.15],[-80.825,33.16],[-80.775,33.169],[-80.737,33.175],[-80.725,33.177],[-80.675,33.185],[-80.625,33.192],[-80.575,33.198],[-80.525,33.204],[-80.475,33.209],[-80.425,33.213],[-80.375,33.217],[-80.325,33.22],[-80.275,33.222],[-80.225,33.224],[-80.175,33.225],[-80.125,33.225],[-80.075,33.225],[-80.025,33.224],[-79.975,33.222],[-79.925,33.22],[-79.875,33.218],[-79.825,33.215],[-79.775,33.211],[-79.725,33.207],[-79.675,33.203],[-79.625,33.198],[-79.575,33.193],[-79.525,33.188],[-79.475,33.183],[-79.425,33.178],[-79.4,33.175],[-79.375,33.172],[-79.325,33.167],[-79.287,33.163]],[[-92.877,31.875],[-92.875,31.875],[-92.825,31.882],[-92.775,31.888],[-92.725,31.893],[-92.675,31.896],[-92.625,31.899],[-92.575,31.901],[-92.525,31.902],[-92.475,31.902],[-92.425,31.901],[-92.375,31.9],[-92.325,31.897],[-92.275,31.893],[-92.225,31.889],[-92.175,31.885],[-92.125,31.88],[-92.083,31.875],[-92.075,31.874],[-92.025,31.868],[-91.975,31.862],[-91.925,31.855],[-91.875,31.849]]]}},{"type":"Feature","properties":{"date":"2002-03-24","label":"24 Mar","yday":83,"tier":"day","major":false},"geometry":{"type":"MultiLineString","coordinates":[[[-90.939,31.911],[-90.925,31.909],[-90.875,31.905],[-90.825,31.902],[-90.775,31.898],[-90.725,31.895],[-90.675,31.892],[-90.625,31.889],[-90.575,31.886],[-90.525,31.884],[-90.475,31.882],[-90.425,31.88],[-90.375,31.878],[-90.325,31.877],[-90.275,31.875],[-90.268,31.875],[-90.225,31.874],[-90.175,31.873],[-90.125,31.872],[-90.075,31.871],[-90.025,31.87],[-89.975,31.87],[-89.925,31.869],[-89.875,31.868],[-89.825,31.868],[-89.775,31.867],[-89.725,31.867],[-89.675,31.866],[-89.625,31.866],[-89.575,31.865],[-89.525,31.864],[-89.475,31.863],[-89.425,31.862],[-89.375,31.861],[-89.325,31.859],[-89.275,31.858],[-89.225,31.856],[-89.175,31.854],[-89.125,31.852],[-89.075,31.85],[-89.025,31.847],[-88.975,31.845],[-88.925,31.842],[-88.875,31.839],[-88.825,31.836],[-88.775,31.833],[-88.725,31.83],[-88.675,31.827],[-88.639,31.825],[-88.625,31.824],[-88.575,31.821],[-88.525,31.818],[-88.475,31.815],[-88.425,31.813],[-88.375,31.81],[-88.325,31.808],[-88.275,31.805],[-88.225,31.803],[-88.175,31.801],[-88.125,31.799],[-88.075,31.797],[-88.025,31.796],[-87.975,31.795],[-87.925,31.794],[-87.875,31.793],[-87.825,31.793],[-87.775,31.793],[-87.725,31.793],[-87.675,31.793],[-87.625,31.794],[-87.575,31.794],[-87.525,31.795],[-87.475,31.797],[-87.425,31.798],[-87.375,31.8],[-87.325,31.802],[-87.275,31.804],[-87.225,31.807],[-87.175,31.81],[-87.125,31.813],[-87.075,31.816],[-87.025,31.82],[-86.975,31.823],[-86.955,31.825],[-86.925,31.827],[-86.875,31.831],[-86.825,31.835],[-86.775,31.839],[-86.725,31.843],[-86.675,31.847],[-86.625,31.851],[-86.575,31.855],[-86.525,31.858],[-86.475,31.862],[-86.425,31.865],[-86.375,31.868],[-86.325,31.871],[-86.275,31.874],[-86.257,31.875],[-86.225,31.877],[-86.175,31.88],[-86.125,31.884],[-86.075,31.888],[-86.025,31.894],[-85.975,31.9],[-85.925,31.908],[-85.875,31.917],[-85.83,31.925],[-85.825,31.926],[-85.775,31.936],[-85.725,31.946],[-85.675,31.957],[-85.625,31.968],[-85.596,31.975],[-85.575,31.98],[-85.525,31.992],[-85.475,32.004],[-85.425,32.017],[-85.392,32.025],[-85.375,32.029],[-85.325,32.042],[-85.275,32.056],[-85.225,32.069],[-85.204,32.075],[-85.175,32.083],[-85.125,32.097],[-85.075,32.11],[-85.025,32.124],[-85.022,32.125],[-84.975,32.138],[-84.925,32.151],[-84.875,32.165],[-84.836,32.175],[-84.825,32.178],[-84.775,32.191],[-84.725,32.204],[-84.675,32.217],[-84.642,32.225],[-84.625,32.229],[-84.575,32.242],[-84.525,32.254],[-84.475,32.267],[-84.446,32.275],[-84.425,32.28],[-84.375,32.293],[-84.325,32.307],[-84.275,32.32],[-84.258,32.325],[-84.225,32.334],[-84.175,32.348],[-84.125,32.362],[-84.082,32.375],[-84.075,32.377],[-84.025,32.392],[-83.975,32.407],[-83.925,32.422],[-83.916,32.425],[-83.875,32.438],[-83.825,32.453],[-83.775,32.469],[-83.757,32.475],[-83.725,32.485],[-83.675,32.501],[-83.625,32.517],[-83.6,32.525],[-83.575,32.533],[-83.525,32.548],[-83.475,32.563],[-83.436,32.575],[-83.425,32.578],[-83.375,32.593],[-83.325,32.608],[-83.275,32.622],[-83.266,32.625],[-83.225,32.637],[-83.175,32.651],[-83.125,32.666],[-83.095,32.675],[-83.075,32.681],[-83.025,32.695],[-82.975,32.71],[-82.925,32.725],[-82.924,32.725],[-82.875,32.739],[-82.825,32.754],[-82.775,32.768],[-82.752,32.775],[-82.725,32.783],[-82.675,32.797],[-82.625,32.812],[-82.579,32.825],[-82.575,32.826],[-82.525,32.84],[-82.475,32.855],[-82.425,32.869],[-82.403,32.875],[-82.375,32.883],[-82.325,32.897],[-82.275,32.911],[-82.227,32.925],[-82.225,32.926],[-82.175,32.94],[-82.125,32.954],[-82.075,32.968],[-82.052,32.975],[-82.025,32.983],[-81.975,32.997],[-81.925,33.012],[-81.881,33.025],[-81.875,33.027],[-81.825,33.042],[-81.775,33.056],[-81.725,33.071],[-81.713,33.075],[-81.675,33.086],[-81.625,33.101],[-81.575,33.117],[-81.547,33.125],[-81.525,33.132],[-81.475,33.147],[-81.425,33.161],[-81.379,33.175],[-81.375,33.176],[-81.325,33.191],[-81.275,33.205],[-81.225,33.219],[-81.202,33.225],[-81.175,33.232],[-81.125,33.245],[-81.075,33.258],[-81.025,33.27],[-81.004,33.275],[-80.975,33.282],[-80.925,33.293],[-80.875,33.303],[-80.825,33.313],[-80.775,33.322],[-80.756,33.325],[-80.725,33.33],[-80.675,33.338],[-80.625,33.345],[-80.575,33.351],[-80.525,33.357],[-80.475,33.361],[-80.425,33.366],[-80.375,33.369],[-80.325,33.372],[-80.275,33.374],[-80.225,33.375],[-80.221,33.375],[-80.175,33.376],[-80.125,33.376],[-80.075,33.375],[-80.061,33.375],[-80.025,33.374],[-79.975,33.373],[-79.925,33.37],[-79.875,33.368],[-79.825,33.365],[-79.775,33.361],[-79.725,33.357],[-79.675,33.353],[-79.625,33.348],[-79.575,33.343],[-79.525,33.338],[-79.475,33.332],[-79.425,33.327],[-79.411,33.325],[-79.375,33.321],[-79.325,33.315]],[[-93.019,32.019],[-92.989,32.025],[-92.975,32.028],[-92.925,32.037],[-92.875,32.046],[-92.825,32.054],[-92.775,32.061],[-92.725,32.067],[-92.675,32.072],[-92.632,32.075],[-92.625,32.075],[-92.575,32.078],[-92.525,32.079],[-92.475,32.079],[-92.425,32.078],[-92.375,32.076],[-92.351,32.075],[-92.325,32.073],[-92.275,32.07],[-92.225,32.065],[-92.175,32.06],[-92.125,32.055],[-92.075,32.049],[-92.025,32.042]]]}},{"type":"Feature","properties":{"date":"2002-03-25","label":"25 Mar","yday":84,"tier":"day","major":false},"geometry":{"type":"MultiLineString","coordinates":[[[-90.731,32.069],[-90.725,32.069],[-90.675,32.066],[-90.625,32.064],[-90.575,32.062],[-90.525,32.061],[-90.475,32.059],[-90.425,32.058],[-90.375,32.057],[-90.325,32.056],[-90.275,32.055],[-90.225,32.055],[-90.175,32.055],[-90.125,32.055],[-90.075,32.055],[-90.025,32.055],[-89.975,32.056],[-89.925,32.056],[-89.875,32.057],[-89.825,32.057],[-89.775,32.058],[-89.725,32.059],[-89.675,32.059],[-89.625,32.06],[-89.575,32.06],[-89.525,32.061],[-89.475,32.061],[-89.425,32.062],[-89.375,32.062],[-89.325,32.062],[-89.275,32.062],[-89.225,32.062],[-89.175,32.062],[-89.125,32.061],[-89.075,32.061],[-89.025,32.06],[-88.975,32.06],[-88.925,32.059],[-88.875,32.058],[-88.825,32.057],[-88.775,32.057],[-88.725,32.056],[-88.675,32.055],[-88.625,32.054],[-88.575,32.053],[-88.525,32.052],[-88.475,32.051],[-88.425,32.05],[-88.375,32.049],[-88.325,32.048],[-88.275,32.046],[-88.225,32.045],[-88.175,32.044],[-88.125,32.043],[-88.075,32.042],[-88.025,32.041],[-87.975,32.04],[-87.939,32.039]],[[-93.025,32.177],[-92.975,32.188],[-92.925,32.198],[-92.875,32.208],[-92.825,32.217],[-92.779,32.225],[-92.775,32.226],[-92.725,32.233],[-92.675,32.239],[-92.625,32.243],[-92.575,32.246],[-92.525,32.248],[-92.475,32.248],[-92.425,32.246],[-92.375,32.244],[-92.325,32.24],[-92.275,32.236],[-92.225,32.231],[-92.175,32.225],[-92.171,32.225],[-92.125,32.22],[-92.119,32.219]],[[-85.575,32.175],[-85.525,32.184],[-85.475,32.194],[-85.425,32.204],[-85.375,32.214],[-85.325,32.225],[-85.325,32.225],[-85.275,32.236],[-85.225,32.247],[-85.175,32.259],[-85.125,32.271],[-85.108,32.275],[-85.075,32.283],[-85.025,32.294],[-84.975,32.306],[-84.925,32.318],[-84.892,32.325],[-84.875,32.329],[-84.825,32.339],[-84.775,32.35],[-84.725,32.36],[-84.675,32.371],[-84.655,32.375],[-84.625,32.381],[-84.575,32.392],[-84.525,32.402],[-84.475,32.413],[-84.425,32.425],[-84.424,32.425],[-84.375,32.436],[-84.325,32.448],[-84.275,32.46],[-84.225,32.473],[-84.218,32.475],[-84.175,32.486],[-84.125,32.499],[-84.075,32.513],[-84.032,32.525],[-84.025,32.527],[-83.975,32.541],[-83.925,32.556],[-83.875,32.571],[-83.862,32.575],[-83.825,32.586],[-83.775,32.601],[-83.725,32.617],[-83.699,32.625],[-83.675,32.632],[-83.625,32.648],[-83.575,32.663],[-83.533,32.675],[-83.525,32.677],[-83.475,32.692],[-83.425,32.706],[-83.375,32.72],[-83.359,32.725],[-83.325,32.735],[-83.275,32.749],[-83.225,32.763],[-83.185,32.775],[-83.175,32.778],[-83.125,32.792],[-83.075,32.807],[-83.025,32.821],[-83.013,32.825],[-82.975,32.836],[-82.925,32.851],[-82.875,32.865],[-82.842,32.875],[-82.825,32.88],[-82.775,32.894],[-82.725,32.909],[-82.675,32.924],[-82.67,32.925],[-82.625,32.938],[-82.575,32.953],[-82.525,32.967],[-82.499,32.975],[-82.475,32.982],[-82.425,32.997],[-82.375,33.011],[-82.328,33.025],[-82.325,33.026],[-82.275,33.041],[-82.225,33.055],[-82.175,33.07],[-82.159,33.075],[-82.125,33.085],[-82.075,33.1],[-82.025,33.115],[-81.993,33.125],[-81.975,33.13],[-81.925,33.146],[-81.875,33.161],[-81.831,33.175],[-81.825,33.177],[-81.775,33.193],[-81.725,33.209],[-81.675,33.225],[-81.674,33.225],[-81.625,33.241],[-81.575,33.256],[-81.525,33.272],[-81.517,33.275],[-81.475,33.288],[-81.425,33.304],[-81.375,33.32],[-81.357,33.325],[-81.325,33.335],[-81.275,33.35],[-81.225,33.365],[-81.188,33.375],[-81.175,33.379],[-81.125,33.393],[-81.075,33.406],[-81.025,33.418],[-80.998,33.425],[-80.975,33.43],[-80.925,33.442],[-80.875,33.452],[-80.825,33.462],[-80.775,33.472],[-80.755,33.475],[-80.725,33.48],[-80.675,33.488],[-80.625,33.495],[-80.575,33.501],[-80.525,33.506],[-80.475,33.511],[-80.425,33.514],[-80.375,33.517],[-80.325,33.52],[-80.275,33.522],[-80.225,33.523],[-80.175,33.524],[-80.125,33.524],[-80.075,33.524],[-80.025,33.523],[-79.975,33.521],[-79.925,33.519],[-79.875,33.517],[-79.825,33.514],[-79.775,33.511],[-79.725,33.507],[-79.675,33.503],[-79.625,33.498],[-79.575,33.493],[-79.525,33.488],[-79.475,33.482],[-79.425,33.477],[-79.411,33.475],[-79.375,33.471],[-79.325,33.465],[-79.275,33.459],[-79.225,33.452],[-79.175,33.446],[-79.156,33.444]]]}},{"type":"Feature","properties":{"date":"2002-03-26","label":"26 Mar","yday":85,"tier":"five","major":false},"geometry":{"type":"MultiLineString","coordinates":[[[-90.115,32.235],[-90.075,32.236],[-90.025,32.238],[-89.975,32.239],[-89.925,32.241],[-89.875,32.242],[-89.825,32.244],[-89.775,32.246],[-89.725,32.247],[-89.675,32.249],[-89.625,32.251],[-89.575,32.252]],[[-89.34,32.26],[-89.325,32.261],[-89.275,32.262],[-89.225,32.264],[-89.175,32.265],[-89.125,32.266],[-89.075,32.267],[-89.025,32.269],[-88.975,32.27],[-88.925,32.271],[-88.875,32.272],[-88.825,32.273],[-88.775,32.274],[-88.725,32.275],[-88.717,32.275],[-88.675,32.276],[-88.625,32.277],[-88.575,32.278],[-88.525,32.279],[-88.475,32.279],[-88.425,32.28],[-88.375,32.279],[-88.325,32.279],[-88.275,32.278],[-88.225,32.278],[-88.175,32.277]],[[-93.075,32.314],[-93.03,32.325],[-93.025,32.326],[-92.975,32.338],[-92.945,32.345]],[[-87.183,32.283],[-87.175,32.284],[-87.125,32.286],[-87.075,32.289],[-87.025,32.292],[-86.975,32.295],[-86.925,32.299],[-86.875,32.302]],[[-85.696,32.346],[-85.675,32.347],[-85.625,32.352],[-85.575,32.357],[-85.525,32.364],[-85.475,32.37],[-85.444,32.375],[-85.425,32.378],[-85.375,32.386],[-85.325,32.394],[-85.275,32.403],[-85.225,32.413],[-85.175,32.422],[-85.163,32.425],[-85.125,32.432],[-85.075,32.442],[-85.025,32.452],[-84.975,32.462],[-84.925,32.471],[-84.905,32.475],[-84.875,32.48],[-84.825,32.488],[-84.775,32.496],[-84.725,32.504],[-84.675,32.513],[-84.625,32.522],[-84.606,32.525],[-84.575,32.53],[-84.525,32.54],[-84.475,32.549],[-84.425,32.559],[-84.375,32.57],[-84.35,32.575],[-84.325,32.58],[-84.275,32.592],[-84.225,32.603],[-84.175,32.616],[-84.138,32.625],[-84.125,32.628],[-84.075,32.641],[-84.025,32.654],[-83.975,32.668],[-83.951,32.675],[-83.925,32.682],[-83.875,32.696],[-83.825,32.711],[-83.777,32.725],[-83.775,32.726],[-83.725,32.74],[-83.675,32.755],[-83.625,32.77],[-83.607,32.775],[-83.575,32.784],[-83.525,32.799],[-83.475,32.813],[-83.433,32.825],[-83.425,32.827],[-83.375,32.842],[-83.325,32.856],[-83.275,32.87],[-83.259,32.875],[-83.225,32.885],[-83.175,32.899],[-83.125,32.914],[-83.088,32.925],[-83.075,32.929],[-83.025,32.943],[-82.975,32.958],[-82.925,32.973],[-82.917,32.975],[-82.875,32.987],[-82.825,33.002],[-82.775,33.017],[-82.748,33.025],[-82.725,33.032],[-82.675,33.047],[-82.625,33.062],[-82.58,33.075],[-82.575,33.077],[-82.525,33.091],[-82.475,33.106],[-82.425,33.121],[-82.413,33.125],[-82.375,33.136],[-82.325,33.152],[-82.275,33.167],[-82.248,33.175],[-82.225,33.182],[-82.175,33.197],[-82.125,33.213],[-82.086,33.225],[-82.075,33.228],[-82.025,33.244],[-81.975,33.26],[-81.928,33.275],[-81.925,33.276],[-81.875,33.292],[-81.825,33.309],[-81.777,33.325],[-81.775,33.326],[-81.725,33.342],[-81.675,33.359],[-81.628,33.375],[-81.625,33.376],[-81.575,33.393],[-81.525,33.41],[-81.479,33.425],[-81.475,33.426],[-81.425,33.443],[-81.375,33.459],[-81.326,33.475],[-81.325,33.475],[-81.275,33.491],[-81.225,33.506],[-81.175,33.522],[-81.163,33.525],[-81.125,33.536],[-81.075,33.55],[-81.025,33.563],[-80.978,33.575],[-80.975,33.576],[-80.925,33.588],[-80.875,33.599],[-80.825,33.609],[-80.775,33.618],[-80.733,33.625],[-80.725,33.626],[-80.675,33.634],[-80.625,33.64],[-80.575,33.646],[-80.525,33.651],[-80.475,33.655],[-80.425,33.659],[-80.375,33.662],[-80.325,33.664],[-80.275,33.666],[-80.225,33.668],[-80.175,33.669],[-80.125,33.669],[-80.075,33.669],[-80.025,33.669],[-79.975,33.668],[-79.925,33.667],[-79.875,33.665],[-79.825,33.663],[-79.775,33.66],[-79.725,33.657],[-79.675,33.653],[-79.625,33.649],[-79.575,33.644],[-79.525,33.64],[-79.475,33.634],[-79.425,33.629],[-79.392,33.625],[-79.375,33.623],[-79.325,33.617],[-79.275,33.611],[-79.225,33.605],[-79.175,33.599],[-79.125,33.592],[-79.075,33.586],[-79.025,33.58],[-79.02,33.58]]]}},{"type":"Feature","properties":{"date":"2002-03-27","label":"27 Mar","yday":86,"tier":"day","major":false},"geometry":{"type":"MultiLineString","coordinates":[[[-89.135,32.465],[-89.125,32.466],[-89.075,32.469],[-89.025,32.471],[-88.975,32.474],[-88.956,32.475],[-88.925,32.477],[-88.875,32.479],[-88.825,32.482],[-88.775,32.485],[-88.725,32.488],[-88.675,32.491],[-88.625,32.493],[-88.575,32.495],[-88.525,32.497],[-88.475,32.497],[-88.425,32.498],[-88.375,32.498],[-88.325,32.497],[-88.275,32.497],[-88.225,32.496],[-88.195,32.495]],[[-86.072,32.522],[-86.025,32.52],[-85.975,32.519],[-85.925,32.518],[-85.875,32.517],[-85.825,32.517],[-85.775,32.518],[-85.725,32.519],[-85.675,32.52],[-85.625,32.523],[-85.587,32.525],[-85.575,32.526],[-85.525,32.529],[-85.475,32.533],[-85.425,32.538],[-85.375,32.544],[-85.325,32.551],[-85.275,32.558],[-85.225,32.565],[-85.175,32.573],[-85.161,32.575],[-85.125,32.58],[-85.075,32.588],[-85.025,32.596],[-84.975,32.603],[-84.925,32.61],[-84.875,32.617],[-84.825,32.624],[-84.818,32.625],[-84.775,32.631],[-84.725,32.637],[-84.675,32.644],[-84.625,32.652],[-84.575,32.66],[-84.525,32.668],[-84.484,32.675],[-84.475,32.677],[-84.425,32.686],[-84.375,32.695],[-84.325,32.705],[-84.275,32.716],[-84.233,32.725],[-84.225,32.727],[-84.175,32.738],[-84.125,32.75],[-84.075,32.763],[-84.027,32.775],[-84.025,32.776],[-83.975,32.789],[-83.925,32.802],[-83.875,32.816],[-83.843,32.825],[-83.825,32.83],[-83.775,32.844],[-83.725,32.858],[-83.675,32.873],[-83.667,32.875]],[[-86.6,32.525],[-86.575,32.526],[-86.525,32.528],[-86.475,32.529],[-86.471,32.529]],[[-86.176,32.526],[-86.175,32.526],[-86.15,32.525]],[[-83.608,32.892],[-83.575,32.901],[-83.525,32.916],[-83.493,32.925],[-83.475,32.93],[-83.425,32.945],[-83.375,32.959],[-83.325,32.974],[-83.321,32.975],[-83.275,32.988],[-83.225,33.003],[-83.175,33.018],[-83.15,33.025],[-83.125,33.032],[-83.075,33.047],[-83.025,33.062],[-82.982,33.075],[-82.975,33.077],[-82.925,33.092],[-82.875,33.107],[-82.825,33.122],[-82.815,33.125],[-82.775,33.137],[-82.725,33.152],[-82.675,33.167],[-82.65,33.175],[-82.625,33.182],[-82.575,33.198],[-82.525,33.213],[-82.486,33.225],[-82.475,33.228],[-82.425,33.244],[-82.375,33.259],[-82.325,33.275],[-82.324,33.275],[-82.275,33.29],[-82.225,33.306],[-82.175,33.322],[-82.165,33.325],[-82.125,33.338],[-82.075,33.354],[-82.025,33.37],[-82.011,33.375],[-81.975,33.387],[-81.925,33.404],[-81.875,33.421],[-81.863,33.425],[-81.825,33.438],[-81.775,33.455],[-81.725,33.473],[-81.719,33.475],[-81.675,33.49],[-81.625,33.508],[-81.576,33.525],[-81.575,33.525],[-81.525,33.543],[-81.475,33.56],[-81.432,33.575],[-81.425,33.577],[-81.375,33.594],[-81.325,33.611],[-81.283,33.625],[-81.275,33.628],[-81.225,33.644],[-81.175,33.66],[-81.125,33.675],[-81.124,33.675],[-81.075,33.689],[-81.025,33.703],[-80.975,33.716],[-80.939,33.725],[-80.925,33.728],[-80.875,33.739],[-80.825,33.749],[-80.775,33.758],[-80.725,33.766],[-80.675,33.773],[-80.662,33.775],[-80.625,33.779],[-80.575,33.785],[-80.525,33.789],[-80.475,33.794],[-80.425,33.797],[-80.375,33.801],[-80.325,33.804],[-80.275,33.806],[-80.225,33.808],[-80.175,33.81],[-80.125,33.811],[-80.075,33.812],[-80.025,33.813],[-79.975,33.813],[-79.925,33.812],[-79.875,33.812],[-79.825,33.81],[-79.775,33.809],[-79.725,33.806],[-79.675,33.804],[-79.625,33.801],[-79.575,33.797],[-79.525,33.793],[-79.475,33.789],[-79.425,33.784],[-79.375,33.779],[-79.336,33.775],[-79.325,33.774],[-79.275,33.768],[-79.225,33.762],[-79.175,33.757],[-79.125,33.751],[-79.075,33.745],[-79.025,33.739],[-78.975,33.733],[-78.925,33.727],[-78.901,33.725],[-78.877,33.723]]]}},{"type":"Feature","properties":{"date":"2002-03-28","label":"28 Mar","yday":87,"tier":"day","major":false},"geometry":{"type":"MultiLineString","coordinates":[[[-88.661,32.689],[-88.625,32.691],[-88.575,32.693],[-88.525,32.695],[-88.475,32.696],[-88.425,32.697],[-88.397,32.697]],[[-87.49,32.69],[-87.475,32.69],[-87.425,32.69],[-87.375,32.69],[-87.325,32.691],[-87.275,32.691],[-87.225,32.692],[-87.175,32.693],[-87.125,32.694],[-87.075,32.695],[-87.025,32.696],[-86.975,32.698],[-86.925,32.699],[-86.875,32.7],[-86.825,32.701],[-86.775,32.702],[-86.725,32.704],[-86.675,32.704],[-86.625,32.705],[-86.575,32.706],[-86.525,32.706],[-86.475,32.706],[-86.425,32.705],[-86.375,32.705],[-86.325,32.703],[-86.275,32.702],[-86.225,32.7],[-86.175,32.698],[-86.125,32.696],[-86.075,32.694],[-86.025,32.691],[-85.975,32.689],[-85.925,32.687],[-85.875,32.686],[-85.825,32.684],[-85.775,32.683],[-85.725,32.683],[-85.675,32.683],[-85.625,32.683],[-85.575,32.684],[-85.525,32.686],[-85.475,32.688],[-85.425,32.691],[-85.375,32.694],[-85.325,32.699],[-85.275,32.703],[-85.225,32.708],[-85.175,32.713],[-85.125,32.719],[-85.075,32.724],[-85.067,32.725],[-85.025,32.73],[-84.975,32.735],[-84.925,32.74],[-84.875,32.746],[-84.825,32.751],[-84.775,32.757],[-84.725,32.763],[-84.675,32.769],[-84.627,32.775],[-84.625,32.775],[-84.575,32.782],[-84.525,32.79],[-84.475,32.797],[-84.425,32.806],[-84.375,32.815],[-84.325,32.824],[-84.322,32.825],[-84.275,32.834],[-84.225,32.845],[-84.175,32.856],[-84.125,32.867],[-84.094,32.875],[-84.075,32.879],[-84.025,32.892],[-83.975,32.905],[-83.925,32.918],[-83.899,32.925],[-83.875,32.931],[-83.825,32.945],[-83.802,32.952]],[[-83.425,33.06],[-83.375,33.074],[-83.373,33.075],[-83.325,33.089],[-83.275,33.104],[-83.225,33.119],[-83.204,33.125],[-83.175,33.134],[-83.125,33.149],[-83.075,33.164],[-83.038,33.175],[-83.025,33.179],[-82.975,33.194],[-82.925,33.209],[-82.875,33.225],[-82.873,33.225],[-82.825,33.24],[-82.775,33.255],[-82.725,33.27],[-82.71,33.275],[-82.675,33.286],[-82.625,33.301],[-82.575,33.317],[-82.549,33.325],[-82.525,33.333],[-82.475,33.348],[-82.425,33.364],[-82.39,33.375],[-82.375,33.38],[-82.325,33.396],[-82.275,33.412],[-82.235,33.425],[-82.225,33.428],[-82.175,33.445],[-82.125,33.461],[-82.084,33.475],[-82.075,33.478],[-82.025,33.495],[-81.975,33.512],[-81.938,33.525],[-81.925,33.529],[-81.875,33.547],[-81.825,33.565],[-81.796,33.575],[-81.775,33.582],[-81.725,33.6],[-81.675,33.618],[-81.656,33.625],[-81.625,33.636],[-81.575,33.654],[-81.525,33.672],[-81.516,33.675],[-81.475,33.689],[-81.425,33.707],[-81.375,33.725],[-81.374,33.725],[-81.325,33.742],[-81.275,33.759],[-81.226,33.775],[-81.225,33.775],[-81.175,33.791],[-81.125,33.807],[-81.075,33.822],[-81.065,33.825],[-81.025,33.836],[-80.975,33.85],[-80.925,33.862],[-80.875,33.873],[-80.863,33.875],[-80.825,33.882],[-80.775,33.891],[-80.725,33.898],[-80.675,33.905],[-80.625,33.91],[-80.575,33.916],[-80.525,33.921],[-80.479,33.925],[-80.475,33.925],[-80.425,33.93],[-80.375,33.933],[-80.325,33.937],[-80.275,33.941],[-80.225,33.944],[-80.175,33.946],[-80.125,33.949],[-80.075,33.951],[-80.025,33.953],[-79.975,33.955],[-79.925,33.956],[-79.875,33.957],[-79.825,33.957],[-79.775,33.957],[-79.725,33.956],[-79.675,33.955],[-79.625,33.954],[-79.575,33.952],[-79.525,33.949],[-79.475,33.947],[-79.425,33.943],[-79.375,33.94],[-79.325,33.936],[-79.275,33.932],[-79.225,33.927],[-79.203,33.925],[-79.175,33.922],[-79.125,33.918],[-79.075,33.913],[-79.025,33.908],[-78.975,33.903],[-78.925,33.898],[-78.875,33.894],[-78.825,33.89],[-78.775,33.887],[-78.725,33.884],[-78.675,33.882],[-78.625,33.881],[-78.619,33.881]],[[-78.481,33.881],[-78.475,33.881],[-78.469,33.881]]]}},{"type":"Feature","properties":{"date":"2002-03-29","label":"29 Mar","yday":88,"tier":"day","major":false},"geometry":{"type":"MultiLineString","coordinates":[[[-89.65,32.8],[-89.625,32.802],[-89.575,32.806],[-89.542,32.808]],[[-87.575,32.876],[-87.525,32.876],[-87.475,32.875],[-87.425,32.875],[-87.375,32.875],[-87.333,32.875],[-87.325,32.875],[-87.275,32.875],[-87.245,32.875],[-87.225,32.875],[-87.175,32.875],[-87.125,32.875],[-87.075,32.875],[-87.025,32.876],[-86.975,32.876],[-86.925,32.876],[-86.875,32.876],[-86.825,32.876],[-86.775,32.876],[-86.725,32.876],[-86.675,32.876],[-86.625,32.875],[-86.617,32.875],[-86.575,32.874],[-86.525,32.874],[-86.475,32.872],[-86.425,32.871],[-86.375,32.869],[-86.325,32.868],[-86.275,32.865],[-86.225,32.863],[-86.175,32.861],[-86.125,32.858],[-86.075,32.855],[-86.025,32.853],[-85.975,32.85],[-85.925,32.848],[-85.875,32.845],[-85.825,32.843],[-85.775,32.841],[-85.725,32.839],[-85.675,32.838],[-85.625,32.837],[-85.575,32.836],[-85.525,32.836],[-85.475,32.837],[-85.425,32.838],[-85.375,32.839],[-85.325,32.841],[-85.275,32.843],[-85.225,32.846],[-85.175,32.848],[-85.125,32.852],[-85.075,32.855],[-85.025,32.858],[-84.975,32.862],[-84.925,32.866],[-84.875,32.87],[-84.825,32.874],[-84.812,32.875],[-84.775,32.878],[-84.725,32.883],[-84.675,32.888],[-84.625,32.894],[-84.575,32.9],[-84.525,32.907],[-84.475,32.914],[-84.425,32.922],[-84.407,32.925],[-84.375,32.93],[-84.325,32.939],[-84.275,32.949],[-84.225,32.959],[-84.212,32.962]],[[-84.051,32.999],[-84.025,33.005],[-83.975,33.018],[-83.948,33.025]],[[-83.425,33.173],[-83.419,33.175],[-83.375,33.188],[-83.325,33.203],[-83.275,33.218],[-83.252,33.225],[-83.225,33.233],[-83.175,33.248],[-83.125,33.264],[-83.088,33.275],[-83.075,33.279],[-83.025,33.294],[-82.975,33.31],[-82.925,33.325],[-82.925,33.325],[-82.875,33.341],[-82.825,33.356],[-82.775,33.372],[-82.764,33.375]],[[-82.487,33.463],[-82.475,33.467],[-82.449,33.475],[-82.425,33.483],[-82.375,33.499],[-82.325,33.515],[-82.296,33.525],[-82.275,33.532],[-82.225,33.549],[-82.175,33.565],[-82.147,33.575],[-82.125,33.582],[-82.075,33.6],[-82.025,33.617],[-82.002,33.625],[-81.975,33.634],[-81.925,33.652],[-81.875,33.67],[-81.861,33.675],[-81.825,33.688],[-81.775,33.706],[-81.725,33.724],[-81.722,33.725],[-81.675,33.742],[-81.625,33.76],[-81.583,33.775],[-81.575,33.778],[-81.525,33.796],[-81.475,33.814],[-81.443,33.825],[-81.425,33.831],[-81.375,33.849],[-81.325,33.866],[-81.299,33.875],[-81.275,33.883],[-81.225,33.9],[-81.175,33.916],[-81.146,33.925],[-81.125,33.931],[-81.075,33.946],[-81.025,33.96],[-80.975,33.973],[-80.968,33.975],[-80.925,33.984],[-80.875,33.995],[-80.825,34.004],[-80.775,34.012],[-80.725,34.02],[-80.689,34.025],[-80.675,34.027],[-80.625,34.033],[-80.575,34.039],[-80.525,34.045],[-80.475,34.05],[-80.425,34.056],[-80.375,34.061],[-80.325,34.065],[-80.275,34.07],[-80.225,34.075],[-80.22,34.075],[-80.175,34.079],[-80.125,34.083],[-80.075,34.087],[-80.025,34.09],[-79.975,34.093],[-79.925,34.097],[-79.875,34.099],[-79.825,34.102],[-79.775,34.104],[-79.725,34.106],[-79.675,34.107],[-79.625,34.107],[-79.575,34.107],[-79.525,34.107],[-79.475,34.107],[-79.425,34.106],[-79.375,34.104],[-79.325,34.103],[-79.275,34.101],[-79.225,34.099],[-79.175,34.096],[-79.125,34.094],[-79.075,34.091],[-79.025,34.088],[-78.975,34.086],[-78.925,34.083],[-78.875,34.081],[-78.825,34.079],[-78.775,34.077],[-78.725,34.075],[-78.707,34.075],[-78.675,34.074],[-78.625,34.074],[-78.575,34.074],[-78.525,34.074],[-78.475,34.075],[-78.471,34.075],[-78.425,34.076],[-78.375,34.078],[-78.325,34.08],[-78.275,34.082],[-78.225,34.085],[-78.175,34.088],[-78.125,34.091],[-78.075,34.096],[-78.025,34.1],[-77.975,34.105],[-77.941,34.109]]]}},{"type":"Feature","properties":{"date":"2002-03-30","label":"30 Mar","yday":89,"tier":"day","major":false},"geometry":{"type":"MultiLineString","coordinates":[[[-89.675,32.972],[-89.636,32.975],[-89.625,32.976],[-89.575,32.98],[-89.525,32.984]],[[-87.549,33.051],[-87.525,33.051],[-87.475,33.05],[-87.425,33.049],[-87.375,33.049],[-87.325,33.048],[-87.275,33.048],[-87.225,33.047],[-87.175,33.047],[-87.125,33.046],[-87.075,33.045],[-87.025,33.045],[-86.975,33.044],[-86.925,33.044],[-86.875,33.043],[-86.825,33.042],[-86.775,33.041],[-86.725,33.04],[-86.675,33.039],[-86.625,33.038],[-86.575,33.036],[-86.525,33.035],[-86.475,33.033],[-86.425,33.031],[-86.375,33.029],[-86.325,33.026],[-86.301,33.025],[-86.275,33.024],[-86.225,33.021],[-86.175,33.018],[-86.125,33.015],[-86.075,33.012],[-86.025,33.009],[-85.975,33.005],[-85.925,33.002],[-85.875,32.999],[-85.825,32.996],[-85.775,32.993],[-85.725,32.99],[-85.675,32.988],[-85.625,32.986],[-85.575,32.984],[-85.525,32.982],[-85.475,32.981],[-85.425,32.98],[-85.375,32.98],[-85.325,32.979],[-85.275,32.98],[-85.225,32.98],[-85.175,32.981],[-85.125,32.982],[-85.075,32.983],[-85.025,32.985],[-84.975,32.986],[-84.925,32.989],[-84.875,32.991],[-84.825,32.994],[-84.775,32.997],[-84.725,33.001],[-84.675,33.005],[-84.625,33.01],[-84.575,33.015],[-84.525,33.021],[-84.497,33.025],[-84.475,33.028],[-84.425,33.035],[-84.375,33.043],[-84.348,33.048]],[[-83.337,33.313],[-83.325,33.316],[-83.297,33.325]],[[-82.375,33.617],[-82.35,33.625],[-82.325,33.633],[-82.275,33.65],[-82.225,33.667],[-82.202,33.675],[-82.175,33.684],[-82.125,33.701],[-82.075,33.719],[-82.058,33.725],[-82.025,33.736],[-81.975,33.754],[-81.925,33.772],[-81.916,33.775],[-81.875,33.79],[-81.825,33.808],[-81.777,33.825],[-81.775,33.826],[-81.725,33.843],[-81.675,33.861],[-81.637,33.875],[-81.625,33.879],[-81.575,33.897],[-81.525,33.915],[-81.496,33.925],[-81.475,33.932],[-81.425,33.95],[-81.375,33.967],[-81.351,33.975],[-81.325,33.984],[-81.275,34.0],[-81.225,34.016],[-81.197,34.025],[-81.175,34.032],[-81.125,34.047],[-81.075,34.061],[-81.025,34.074],[-81.021,34.075],[-80.975,34.086],[-80.925,34.097],[-80.875,34.107],[-80.825,34.117],[-80.78,34.125],[-80.775,34.126],[-80.725,34.134],[-80.675,34.142],[-80.625,34.149],[-80.575,34.157],[-80.525,34.164],[-80.475,34.17],[-80.438,34.175],[-80.425,34.177],[-80.375,34.183],[-80.325,34.189],[-80.275,34.195],[-80.225,34.201],[-80.175,34.207],[-80.125,34.213],[-80.075,34.219],[-80.025,34.224],[-80.016,34.225],[-79.975,34.229],[-79.925,34.235],[-79.875,34.239],[-79.825,34.244],[-79.775,34.249],[-79.725,34.253],[-79.675,34.256],[-79.625,34.26],[-79.575,34.263],[-79.525,34.265],[-79.475,34.268],[-79.425,34.269],[-79.375,34.271],[-79.325,34.273],[-79.275,34.274],[-79.225,34.275],[-79.217,34.275],[-79.175,34.276],[-79.125,34.276],[-79.075,34.277],[-79.025,34.278],[-78.975,34.278],[-78.925,34.279],[-78.875,34.279],[-78.825,34.28],[-78.775,34.281],[-78.725,34.282],[-78.675,34.283],[-78.625,34.284],[-78.575,34.285],[-78.525,34.287],[-78.475,34.289],[-78.425,34.291],[-78.375,34.293],[-78.325,34.295],[-78.275,34.298],[-78.225,34.301],[-78.175,34.305],[-78.125,34.308],[-78.075,34.313],[-78.025,34.317],[-77.975,34.323],[-77.953,34.325],[-77.925,34.328],[-77.875,34.334],[-77.825,34.34],[-77.775,34.347],[-77.725,34.354],[-77.69,34.36]]]}},{"type":"Feature","properties":{"date":"2002-03-31","label":"31 Mar","yday":90,"tier":"index","major":true},"geometry":{"type":"MultiLineString","coordinates":[[[-87.729,33.221],[-87.725,33.221],[-87.675,33.22],[-87.625,33.219],[-87.575,33.218],[-87.525,33.217],[-87.475,33.216],[-87.425,33.215],[-87.375,33.214],[-87.325,33.213],[-87.275,33.212],[-87.225,33.211],[-87.175,33.21],[-87.125,33.209],[-87.075,33.208],[-87.025,33.207],[-86.975,33.206],[-86.925,33.205],[-86.875,33.204],[-86.825,33.202],[-86.775,33.201],[-86.725,33.199],[-86.675,33.198],[-86.625,33.196],[-86.575,33.194],[-86.525,33.192],[-86.475,33.189],[-86.425,33.187],[-86.375,33.184],[-86.325,33.181],[-86.275,33.178],[-86.225,33.175],[-86.222,33.175],[-86.175,33.172],[-86.125,33.168],[-86.075,33.165],[-86.025,33.161],[-85.975,33.158],[-85.925,33.154],[-85.875,33.15],[-85.825,33.146],[-85.775,33.143],[-85.725,33.139],[-85.675,33.135],[-85.625,33.132],[-85.575,33.129],[-85.525,33.126],[-85.51,33.125],[-85.475,33.123],[-85.425,33.121],[-85.375,33.118],[-85.325,33.116],[-85.275,33.114],[-85.225,33.113],[-85.175,33.112],[-85.125,33.111],[-85.075,33.11],[-85.025,33.11],[-84.975,33.11],[-84.925,33.111],[-84.875,33.112],[-84.825,33.113],[-84.775,33.115],[-84.725,33.118],[-84.675,33.121],[-84.625,33.124],[-84.618,33.125]],[[-82.425,33.716],[-82.398,33.725],[-82.375,33.733],[-82.325,33.749],[-82.275,33.766],[-82.25,33.775],[-82.225,33.784],[-82.175,33.801],[-82.125,33.818],[-82.106,33.825],[-82.075,33.836],[-82.025,33.853],[-81.975,33.871],[-81.963,33.875],[-81.925,33.888],[-81.875,33.906],[-81.825,33.924],[-81.822,33.925],[-81.775,33.942],[-81.725,33.959],[-81.681,33.975],[-81.675,33.977],[-81.625,33.994],[-81.575,34.012],[-81.537,34.025],[-81.525,34.029],[-81.475,34.046],[-81.425,34.063],[-81.388,34.075],[-81.375,34.079],[-81.325,34.095],[-81.275,34.111],[-81.23,34.125],[-81.225,34.127],[-81.175,34.141],[-81.125,34.155],[-81.075,34.169],[-81.05,34.175]],[[-81.017,34.183],[-80.975,34.193],[-80.925,34.205],[-80.875,34.215],[-80.827,34.225],[-80.825,34.225],[-80.775,34.235],[-80.725,34.244],[-80.675,34.253],[-80.625,34.262],[-80.575,34.27],[-80.544,34.275],[-80.525,34.278],[-80.475,34.286],[-80.425,34.294],[-80.375,34.302],[-80.325,34.31],[-80.275,34.317],[-80.225,34.325],[-80.225,34.325],[-80.175,34.333],[-80.125,34.34],[-80.075,34.348],[-80.025,34.355],[-79.975,34.363],[-79.925,34.37],[-79.89,34.375],[-79.875,34.377],[-79.825,34.384],[-79.775,34.391],[-79.725,34.398],[-79.675,34.405],[-79.625,34.411],[-79.575,34.417],[-79.525,34.423],[-79.51,34.425],[-79.475,34.429],[-79.425,34.435],[-79.375,34.44],[-79.325,34.445],[-79.275,34.45],[-79.225,34.455],[-79.175,34.46],[-79.125,34.464],[-79.075,34.469],[-79.025,34.474],[-79.011,34.475],[-78.975,34.478],[-78.925,34.483],[-78.875,34.488],[-78.825,34.492],[-78.775,34.497],[-78.725,34.501],[-78.675,34.505],[-78.625,34.509],[-78.575,34.513],[-78.525,34.516],[-78.475,34.519],[-78.425,34.522],[-78.375,34.525],[-78.373,34.525],[-78.325,34.528],[-78.275,34.53],[-78.225,34.533],[-78.175,34.536],[-78.125,34.539],[-78.075,34.543],[-78.025,34.548],[-77.975,34.552],[-77.925,34.558],[-77.875,34.564],[-77.825,34.572],[-77.804,34.575],[-77.775,34.58],[-77.725,34.589],[-77.675,34.598],[-77.625,34.609],[-77.575,34.62],[-77.555,34.625],[-77.525,34.632],[-77.475,34.645],[-77.425,34.658]],[[-77.325,34.684],[-77.275,34.697],[-77.225,34.709],[-77.175,34.721]],[[-77.09,34.74],[-77.075,34.744],[-77.025,34.754],[-76.975,34.763],[-76.925,34.772],[-76.904,34.775],[-76.875,34.78],[-76.825,34.787],[-76.775,34.793],[-76.755,34.795]],[[-76.657,34.807],[-76.625,34.81],[-76.585,34.815]],[[-76.567,34.817],[-76.525,34.822],[-76.495,34.825],[-76.475,34.827],[-76.473,34.827]]]}},{"type":"Feature","properties":{"date":"2002-04-01","label":"1 Apr","yday":91,"tier":"day","major":false},"geometry":{"type":"MultiLineString","coordinates":[[[-87.625,33.379],[-87.575,33.378],[-87.525,33.376],[-87.475,33.375],[-87.461,33.375],[-87.425,33.374],[-87.375,33.373],[-87.325,33.372],[-87.275,33.371],[-87.225,33.369],[-87.175,33.368],[-87.125,33.367],[-87.075,33.366],[-87.025,33.364],[-86.975,33.363],[-86.925,33.361],[-86.875,33.36],[-86.825,33.358],[-86.775,33.356],[-86.725,33.355],[-86.675,33.353],[-86.625,33.35],[-86.575,33.348],[-86.525,33.346],[-86.475,33.343],[-86.425,33.34],[-86.375,33.337],[-86.325,33.334],[-86.275,33.331],[-86.225,33.328],[-86.189,33.325],[-86.175,33.324],[-86.125,33.32],[-86.075,33.316],[-86.025,33.312],[-85.975,33.308],[-85.925,33.304],[-85.875,33.3],[-85.825,33.295],[-85.775,33.291],[-85.725,33.286],[-85.675,33.282],[-85.625,33.278],[-85.595,33.275],[-85.575,33.273],[-85.525,33.269],[-85.475,33.265],[-85.425,33.261],[-85.375,33.257],[-85.325,33.253],[-85.275,33.25],[-85.225,33.247],[-85.175,33.244],[-85.125,33.241],[-85.075,33.239],[-85.025,33.237],[-84.986,33.236]],[[-82.325,33.864],[-82.293,33.875],[-82.275,33.881],[-82.225,33.898],[-82.175,33.915],[-82.148,33.925],[-82.125,33.933],[-82.075,33.95],[-82.025,33.968],[-82.004,33.975],[-81.975,33.985],[-81.925,34.002],[-81.875,34.02],[-81.86,34.025],[-81.825,34.037],[-81.775,34.054],[-81.725,34.072],[-81.715,34.075]],[[-81.579,34.121],[-81.575,34.123],[-81.568,34.125],[-81.525,34.139],[-81.475,34.155],[-81.425,34.172],[-81.415,34.175]],[[-80.881,34.319],[-80.875,34.32],[-80.853,34.325],[-80.825,34.331],[-80.775,34.341],[-80.725,34.351],[-80.675,34.361],[-80.625,34.371],[-80.604,34.375],[-80.575,34.38],[-80.525,34.39],[-80.475,34.399],[-80.425,34.409],[-80.375,34.418],[-80.338,34.425],[-80.325,34.428],[-80.275,34.437],[-80.225,34.446],[-80.175,34.456],[-80.125,34.466],[-80.076,34.475],[-80.075,34.475],[-80.025,34.485],[-79.975,34.494],[-79.925,34.504],[-79.875,34.514],[-79.825,34.524],[-79.819,34.525],[-79.775,34.534],[-79.725,34.544],[-79.675,34.553],[-79.625,34.563],[-79.575,34.573],[-79.563,34.575],[-79.525,34.582],[-79.475,34.592],[-79.425,34.601],[-79.375,34.611],[-79.325,34.62],[-79.297,34.625],[-79.275,34.629],[-79.225,34.638],[-79.175,34.648],[-79.125,34.657],[-79.075,34.666],[-79.029,34.675],[-79.025,34.676],[-78.975,34.685],[-78.925,34.695],[-78.875,34.704],[-78.825,34.714],[-78.775,34.723],[-78.761,34.725],[-78.725,34.731],[-78.675,34.739],[-78.625,34.746],[-78.575,34.753],[-78.525,34.759],[-78.475,34.764],[-78.425,34.768],[-78.375,34.771],[-78.325,34.774],[-78.291,34.775],[-78.275,34.776],[-78.225,34.777],[-78.175,34.779],[-78.125,34.78],[-78.075,34.783],[-78.025,34.787],[-77.975,34.792],[-77.925,34.798],[-77.875,34.807],[-77.825,34.817],[-77.79,34.825],[-77.775,34.829],[-77.725,34.843],[-77.675,34.858],[-77.625,34.874],[-77.624,34.875],[-77.575,34.893],[-77.525,34.913],[-77.496,34.925],[-77.475,34.934],[-77.425,34.955],[-77.377,34.975],[-77.375,34.976],[-77.325,34.997],[-77.275,35.017],[-77.253,35.025],[-77.225,35.036],[-77.175,35.054],[-77.125,35.071],[-77.113,35.075],[-77.075,35.087],[-77.025,35.1],[-76.975,35.112],[-76.925,35.122],[-76.908,35.125],[-76.875,35.131],[-76.825,35.137],[-76.811,35.139]]]}},{"type":"Feature","properties":{"date":"2002-04-02","label":"2 Apr","yday":92,"tier":"day","major":false},"geometry":{"type":"MultiLineString","coordinates":[[[-87.175,33.521],[-87.125,33.519],[-87.075,33.518],[-87.025,33.517],[-86.975,33.515],[-86.925,33.514],[-86.875,33.512],[-86.825,33.51],[-86.775,33.508],[-86.725,33.506],[-86.675,33.504],[-86.625,33.502],[-86.575,33.5],[-86.525,33.497],[-86.475,33.495],[-86.425,33.492],[-86.375,33.489],[-86.325,33.486],[-86.275,33.482],[-86.225,33.479],[-86.175,33.475],[-86.174,33.475],[-86.125,33.471],[-86.075,33.467],[-86.025,33.463],[-85.975,33.459],[-85.925,33.454],[-85.875,33.449],[-85.825,33.445],[-85.775,33.44],[-85.725,33.435],[-85.675,33.43],[-85.632,33.425],[-85.625,33.424],[-85.575,33.419],[-85.525,33.414],[-85.475,33.408],[-85.425,33.403],[-85.375,33.398],[-85.325,33.393],[-85.275,33.388],[-85.225,33.383],[-85.175,33.378],[-85.135,33.375],[-85.125,33.374],[-85.075,33.37]],[[-87.736,33.536],[-87.725,33.535],[-87.675,33.534],[-87.625,33.533],[-87.575,33.532],[-87.525,33.53]],[[-82.17,34.03],[-82.125,34.045],[-82.075,34.063],[-82.039,34.075],[-82.025,34.08],[-81.975,34.097],[-81.925,34.114],[-81.892,34.125]],[[-80.684,34.466],[-80.675,34.468],[-80.643,34.475],[-80.625,34.479],[-80.575,34.49],[-80.525,34.5],[-80.475,34.511],[-80.425,34.522],[-80.412,34.525],[-80.375,34.533],[-80.325,34.544],[-80.275,34.555],[-80.225,34.567],[-80.19,34.575],[-80.175,34.578],[-80.125,34.59],[-80.075,34.602],[-80.025,34.614],[-79.98,34.625],[-79.975,34.626],[-79.925,34.638],[-79.875,34.651],[-79.825,34.664],[-79.781,34.675],[-79.775,34.676],[-79.725,34.689],[-79.675,34.702],[-79.625,34.716],[-79.589,34.725],[-79.575,34.729],[-79.525,34.742],[-79.475,34.756],[-79.425,34.769],[-79.402,34.775],[-79.375,34.782],[-79.325,34.796],[-79.275,34.81],[-79.225,34.823],[-79.219,34.825],[-79.175,34.837],[-79.125,34.851],[-79.075,34.866],[-79.042,34.875],[-79.025,34.88],[-78.975,34.894],[-78.925,34.909],[-78.875,34.923],[-78.868,34.925],[-78.825,34.937],[-78.775,34.95],[-78.725,34.962],[-78.675,34.974],[-78.668,34.975],[-78.625,34.984],[-78.575,34.993],[-78.525,35.002],[-78.475,35.009],[-78.425,35.015],[-78.375,35.02],[-78.325,35.023],[-78.279,35.025],[-78.275,35.025],[-78.225,35.027],[-78.175,35.028],[-78.125,35.03],[-78.075,35.034],[-78.025,35.039],[-77.975,35.048],[-77.925,35.062],[-77.885,35.075],[-77.875,35.078],[-77.825,35.098],[-77.775,35.121],[-77.766,35.125],[-77.725,35.145],[-77.675,35.171],[-77.668,35.175],[-77.625,35.199],[-77.579,35.225],[-77.575,35.227],[-77.525,35.255],[-77.488,35.275],[-77.475,35.282],[-77.425,35.309],[-77.393,35.325],[-77.375,35.334],[-77.325,35.359],[-77.291,35.375],[-77.275,35.382],[-77.225,35.404],[-77.175,35.424],[-77.172,35.425],[-77.125,35.442],[-77.075,35.458],[-77.025,35.472],[-77.022,35.472]]]}},{"type":"Feature","properties":{"date":"2002-04-03","label":"3 Apr","yday":93,"tier":"day","major":false},"geometry":{"type":"MultiLineString","coordinates":[[[-87.125,33.668],[-87.075,33.667],[-87.025,33.665],[-86.975,33.664],[-86.925,33.662],[-86.875,33.661],[-86.825,33.659],[-86.775,33.657],[-86.725,33.655],[-86.675,33.653],[-86.625,33.651],[-86.575,33.649],[-86.525,33.647],[-86.475,33.644],[-86.425,33.641],[-86.375,33.639],[-86.325,33.636],[-86.275,33.633],[-86.225,33.629],[-86.175,33.626],[-86.164,33.625],[-86.125,33.622],[-86.075,33.618],[-86.025,33.614],[-85.975,33.61],[-85.925,33.605],[-85.875,33.601],[-85.825,33.596],[-85.775,33.59],[-85.725,33.585],[-85.675,33.579],[-85.637,33.575],[-85.625,33.574],[-85.575,33.568],[-85.525,33.562],[-85.475,33.556],[-85.425,33.549],[-85.375,33.543],[-85.325,33.536],[-85.275,33.53],[-85.234,33.525],[-85.225,33.524],[-85.175,33.518],[-85.125,33.512],[-85.075,33.506],[-85.047,33.503]],[[-80.675,34.574],[-80.671,34.575],[-80.625,34.586],[-80.575,34.598],[-80.525,34.61],[-80.475,34.623],[-80.465,34.625],[-80.425,34.635],[-80.375,34.648],[-80.325,34.661],[-80.275,34.674],[-80.27,34.675],[-80.225,34.687],[-80.175,34.701],[-80.125,34.715],[-80.088,34.725],[-80.075,34.729],[-80.025,34.743],[-79.975,34.758],[-79.925,34.773],[-79.918,34.775],[-79.875,34.788],[-79.825,34.804],[-79.775,34.819],[-79.757,34.825],[-79.725,34.835],[-79.675,34.852],[-79.625,34.868],[-79.604,34.875],[-79.575,34.885],[-79.525,34.901],[-79.475,34.918],[-79.454,34.925],[-79.425,34.935],[-79.375,34.952],[-79.325,34.969],[-79.306,34.975],[-79.275,34.986],[-79.225,35.003],[-79.175,35.021],[-79.164,35.025],[-79.125,35.039],[-79.075,35.058],[-79.029,35.075],[-79.025,35.076],[-78.975,35.095],[-78.925,35.113],[-78.892,35.125],[-78.875,35.131],[-78.825,35.148],[-78.775,35.164],[-78.738,35.175],[-78.725,35.179],[-78.675,35.192],[-78.625,35.203],[-78.575,35.213],[-78.525,35.222],[-78.504,35.225],[-78.475,35.229],[-78.425,35.236],[-78.375,35.243],[-78.325,35.25],[-78.275,35.257],[-78.225,35.265],[-78.175,35.274],[-78.17,35.275],[-78.125,35.284],[-78.075,35.297],[-78.025,35.312],[-77.987,35.325],[-77.975,35.329],[-77.925,35.348],[-77.875,35.371],[-77.866,35.375],[-77.825,35.394],[-77.775,35.42],[-77.766,35.425],[-77.725,35.447],[-77.675,35.475],[-77.675,35.475],[-77.625,35.503],[-77.587,35.525],[-77.575,35.532],[-77.525,35.561],[-77.501,35.575],[-77.475,35.59],[-77.425,35.618],[-77.412,35.625],[-77.375,35.645],[-77.325,35.669],[-77.313,35.675],[-77.275,35.692],[-77.225,35.713],[-77.195,35.725],[-77.175,35.733],[-77.125,35.751],[-77.075,35.767],[-77.049,35.775],[-77.025,35.782],[-76.975,35.794],[-76.925,35.805],[-76.875,35.813],[-76.825,35.82],[-76.775,35.824],[-76.736,35.825],[-76.725,35.825],[-76.698,35.825],[-76.675,35.825],[-76.625,35.821],[-76.583,35.817]]]}},{"type":"Feature","properties":{"date":"2002-04-04","label":"4 Apr","yday":94,"tier":"day","major":false},"geometry":{"type":"MultiLineString","coordinates":[[[-87.319,33.819],[-87.275,33.818],[-87.225,33.816],[-87.175,33.815],[-87.125,33.813],[-87.075,33.812],[-87.025,33.811],[-86.975,33.809],[-86.925,33.808],[-86.875,33.806],[-86.825,33.805],[-86.775,33.803],[-86.725,33.802],[-86.675,33.8],[-86.625,33.798],[-86.575,33.796],[-86.525,33.794],[-86.475,33.792],[-86.425,33.79],[-86.375,33.788],[-86.325,33.785],[-86.275,33.782],[-86.225,33.779],[-86.175,33.776],[-86.154,33.775],[-86.125,33.773],[-86.075,33.77],[-86.025,33.766],[-85.975,33.762],[-85.925,33.758],[-85.875,33.753],[-85.825,33.749],[-85.775,33.744],[-85.725,33.738],[-85.675,33.733],[-85.625,33.727],[-85.611,33.725],[-85.575,33.721],[-85.525,33.714],[-85.475,33.707],[-85.425,33.7],[-85.375,33.693],[-85.325,33.686],[-85.275,33.678],[-85.253,33.675],[-85.225,33.671],[-85.175,33.663],[-85.125,33.656],[-85.075,33.649],[-85.025,33.642],[-84.975,33.635]],[[-80.6,34.7],[-80.575,34.707],[-80.525,34.72],[-80.508,34.725]],[[-80.249,34.801],[-80.225,34.808],[-80.175,34.824],[-80.171,34.825],[-80.125,34.84],[-80.075,34.856],[-80.025,34.873],[-80.019,34.875],[-79.975,34.89],[-79.925,34.907],[-79.876,34.925],[-79.875,34.925],[-79.825,34.943],[-79.775,34.962],[-79.739,34.975],[-79.725,34.98],[-79.675,34.999],[-79.625,35.018],[-79.607,35.025],[-79.575,35.037],[-79.525,35.056],[-79.476,35.075],[-79.475,35.075],[-79.425,35.094],[-79.375,35.113],[-79.345,35.125],[-79.325,35.133],[-79.275,35.153],[-79.225,35.174],[-79.223,35.175],[-79.175,35.195],[-79.125,35.217],[-79.106,35.225],[-79.075,35.239],[-79.025,35.26],[-78.99,35.275],[-78.975,35.281],[-78.925,35.302],[-78.875,35.322],[-78.867,35.325],[-78.825,35.341],[-78.775,35.358],[-78.725,35.373],[-78.719,35.375],[-78.675,35.385],[-78.625,35.396],[-78.575,35.406],[-78.525,35.415],[-78.475,35.424],[-78.467,35.425],[-78.425,35.433],[-78.375,35.442],[-78.325,35.453],[-78.275,35.464],[-78.234,35.475],[-78.225,35.477],[-78.175,35.491],[-78.125,35.507],[-78.075,35.524],[-78.074,35.525],[-78.025,35.543],[-77.975,35.564],[-77.949,35.575],[-77.925,35.586],[-77.875,35.609],[-77.844,35.625],[-77.825,35.634],[-77.775,35.661],[-77.75,35.675],[-77.725,35.689],[-77.675,35.717],[-77.662,35.725],[-77.625,35.747],[-77.577,35.775],[-77.575,35.776],[-77.525,35.806],[-77.491,35.825],[-77.475,35.834],[-77.425,35.862],[-77.4,35.875],[-77.375,35.888],[-77.325,35.913],[-77.3,35.925],[-77.275,35.937],[-77.225,35.958],[-77.185,35.975],[-77.175,35.979],[-77.125,35.997],[-77.075,36.013],[-77.036,36.025],[-77.025,36.028],[-76.975,36.04],[-76.925,36.05],[-76.875,36.059],[-76.825,36.066],[-76.775,36.07],[-76.771,36.071]],[[-76.623,36.073],[-76.575,36.069]]]}},{"type":"Feature","properties":{"date":"2002-04-05","label":"5 Apr","yday":95,"tier":"five","major":false},"geometry":{"type":"MultiLineString","coordinates":[[[-87.414,33.964],[-87.375,33.963],[-87.325,33.961],[-87.275,33.96],[-87.225,33.958],[-87.175,33.957],[-87.125,33.956],[-87.075,33.955],[-87.025,33.953],[-86.975,33.952],[-86.925,33.951],[-86.9,33.95]],[[-86.625,33.943],[-86.575,33.942],[-86.525,33.94],[-86.475,33.939],[-86.425,33.937],[-86.375,33.935],[-86.325,33.933],[-86.275,33.931],[-86.225,33.929],[-86.175,33.927],[-86.14,33.925],[-86.125,33.924],[-86.075,33.921],[-86.025,33.918],[-85.975,33.915],[-85.925,33.912],[-85.875,33.908],[-85.825,33.904],[-85.775,33.899],[-85.725,33.895],[-85.675,33.889],[-85.625,33.884],[-85.575,33.878],[-85.551,33.875],[-85.525,33.872],[-85.475,33.865],[-85.425,33.858],[-85.375,33.85],[-85.325,33.842],[-85.275,33.834],[-85.225,33.825],[-85.223,33.825],[-85.175,33.817],[-85.125,33.808],[-85.075,33.799],[-85.025,33.791],[-84.975,33.783],[-84.926,33.775],[-84.925,33.775],[-84.875,33.768],[-84.837,33.763]],[[-80.125,34.966],[-80.101,34.975],[-80.075,34.985],[-80.025,35.004],[-79.975,35.023],[-79.97,35.025],[-79.925,35.043],[-79.875,35.062],[-79.843,35.075],[-79.825,35.082],[-79.775,35.103],[-79.725,35.123],[-79.72,35.125],[-79.675,35.144],[-79.625,35.164],[-79.599,35.175],[-79.575,35.185],[-79.525,35.205],[-79.477,35.225],[-79.475,35.226],[-79.425,35.247],[-79.375,35.269],[-79.362,35.275],[-79.325,35.292],[-79.275,35.315],[-79.254,35.325],[-79.225,35.338],[-79.175,35.362],[-79.147,35.375],[-79.125,35.385],[-79.075,35.408],[-79.036,35.425],[-79.025,35.43],[-78.975,35.451],[-78.925,35.471],[-78.914,35.475],[-78.875,35.489],[-78.825,35.507],[-78.775,35.522],[-78.766,35.525],[-78.725,35.537],[-78.675,35.55],[-78.625,35.563],[-78.575,35.575],[-78.575,35.575],[-78.525,35.587],[-78.475,35.599],[-78.425,35.611],[-78.375,35.625],[-78.375,35.625],[-78.325,35.639],[-78.275,35.655],[-78.225,35.671],[-78.214,35.675],[-78.175,35.689],[-78.125,35.707],[-78.08,35.725],[-78.075,35.727],[-78.025,35.747],[-77.975,35.769],[-77.963,35.775],[-77.925,35.793],[-77.875,35.818],[-77.861,35.825],[-77.825,35.845],[-77.775,35.874],[-77.773,35.875],[-77.725,35.903],[-77.689,35.925],[-77.675,35.933],[-77.625,35.963],[-77.605,35.975],[-77.575,35.992],[-77.525,36.021],[-77.518,36.025],[-77.475,36.048],[-77.425,36.075],[-77.425,36.075],[-77.375,36.1],[-77.325,36.124],[-77.323,36.125],[-77.275,36.146],[-77.225,36.167],[-77.204,36.175],[-77.175,36.186],[-77.125,36.202],[-77.075,36.216],[-77.038,36.225],[-77.025,36.228],[-76.975,36.238],[-76.925,36.247],[-76.875,36.254],[-76.825,36.26],[-76.775,36.265],[-76.732,36.268]],[[-76.63,36.27],[-76.625,36.27],[-76.575,36.268],[-76.525,36.265]]]}},{"type":"Feature","properties":{"date":"2002-04-06","label":"6 Apr","yday":96,"tier":"day","major":false},"geometry":{"type":"MultiLineString","coordinates":[[[-86.122,34.075],[-86.075,34.073],[-86.073,34.073]],[[-85.886,34.064],[-85.875,34.063],[-85.825,34.06],[-85.775,34.057],[-85.725,34.053],[-85.675,34.049],[-85.625,34.044],[-85.575,34.039],[-85.525,34.034],[-85.475,34.028],[-85.456,34.025],[-85.425,34.021],[-85.375,34.014],[-85.325,34.006],[-85.275,33.998],[-85.225,33.989],[-85.175,33.979],[-85.155,33.975],[-85.125,33.969],[-85.075,33.959],[-85.025,33.949],[-84.975,33.939],[-84.925,33.93],[-84.899,33.925],[-84.875,33.921],[-84.825,33.912],[-84.775,33.905],[-84.725,33.898],[-84.675,33.893],[-84.625,33.888],[-84.613,33.887]],[[-87.397,34.103],[-87.375,34.103],[-87.325,34.101],[-87.275,34.1],[-87.225,34.099],[-87.175,34.098],[-87.147,34.097]],[[-86.775,34.09],[-86.725,34.089],[-86.675,34.088],[-86.625,34.087],[-86.575,34.086],[-86.525,34.085],[-86.475,34.084],[-86.425,34.083],[-86.382,34.082]],[[-80.075,35.115],[-80.051,35.125],[-80.025,35.136],[-79.975,35.157],[-79.932,35.175],[-79.925,35.178],[-79.875,35.2],[-79.825,35.221],[-79.816,35.225],[-79.775,35.243],[-79.725,35.265],[-79.702,35.275],[-79.675,35.287],[-79.625,35.309],[-79.589,35.325],[-79.575,35.332],[-79.525,35.354],[-79.48,35.375],[-79.477,35.377]],[[-79.325,35.449],[-79.275,35.473],[-79.271,35.475],[-79.225,35.497],[-79.175,35.521],[-79.166,35.525]],[[-78.875,35.643],[-78.825,35.66],[-78.778,35.675],[-78.775,35.676],[-78.725,35.692],[-78.699,35.699]],[[-77.884,36.016],[-77.875,36.021],[-77.868,36.025],[-77.825,36.049],[-77.779,36.075],[-77.775,36.077],[-77.725,36.105],[-77.69,36.125],[-77.675,36.133],[-77.625,36.161],[-77.599,36.175],[-77.575,36.188],[-77.525,36.214],[-77.502,36.225],[-77.475,36.238],[-77.425,36.262],[-77.396,36.275],[-77.375,36.284],[-77.325,36.305],[-77.275,36.325],[-77.274,36.325],[-77.225,36.342],[-77.175,36.357],[-77.125,36.37],[-77.104,36.375],[-77.075,36.382],[-77.025,36.392],[-76.975,36.401],[-76.925,36.409],[-76.875,36.416],[-76.825,36.423],[-76.806,36.425],[-76.775,36.428],[-76.725,36.433],[-76.675,36.437],[-76.625,36.439],[-76.575,36.44],[-76.525,36.44],[-76.475,36.438],[-76.463,36.437]]]}},{"type":"Feature","properties":{"date":"2002-04-07","label":"7 Apr","yday":97,"tier":"day","major":false},"geometry":{"type":"MultiLineString","coordinates":[[[-85.691,34.209],[-85.675,34.208],[-85.625,34.205],[-85.575,34.201],[-85.525,34.197],[-85.475,34.192],[-85.425,34.187],[-85.375,34.181],[-85.327,34.175],[-85.325,34.175],[-85.275,34.167],[-85.225,34.159],[-85.175,34.149],[-85.125,34.139],[-85.075,34.128],[-85.063,34.125],[-85.025,34.116],[-84.975,34.105],[-84.925,34.094],[-84.875,34.083],[-84.836,34.075],[-84.825,34.073],[-84.775,34.064],[-84.725,34.056],[-84.675,34.049],[-84.625,34.043],[-84.575,34.038],[-84.525,34.035]],[[-80.125,35.226],[-80.075,35.248],[-80.025,35.27],[-80.014,35.275],[-79.975,35.293],[-79.925,35.315],[-79.918,35.318]],[[-79.758,35.392],[-79.725,35.407],[-79.688,35.425]],[[-77.625,36.338],[-77.575,36.362],[-77.545,36.375],[-77.525,36.384],[-77.475,36.405],[-77.425,36.425],[-77.425,36.425],[-77.375,36.443],[-77.325,36.46],[-77.279,36.475],[-77.275,36.476],[-77.225,36.49],[-77.175,36.503],[-77.125,36.514],[-77.075,36.525],[-77.073,36.525],[-77.025,36.534],[-76.975,36.542],[-76.925,36.55],[-76.875,36.558],[-76.825,36.565],[-76.775,36.572],[-76.747,36.575],[-76.725,36.578],[-76.675,36.583],[-76.625,36.587],[-76.575,36.591],[-76.525,36.593],[-76.475,36.593],[-76.425,36.592],[-76.375,36.59],[-76.325,36.585]]]}},{"type":"Feature","properties":{"date":"2002-04-08","label":"8 Apr","yday":98,"tier":"day","major":false},"geometry":{"type":"MultiLineString","coordinates":[[[-85.201,34.325],[-85.175,34.321],[-85.125,34.311],[-85.075,34.3],[-85.025,34.288],[-84.975,34.276],[-84.973,34.275],[-84.925,34.263],[-84.875,34.251],[-84.825,34.24],[-84.775,34.23],[-84.75,34.225],[-84.725,34.22],[-84.675,34.212],[-84.66,34.21]],[[-77.677,36.477],[-77.675,36.478],[-77.625,36.499],[-77.575,36.519],[-77.56,36.525],[-77.525,36.538],[-77.475,36.556],[-77.425,36.573],[-77.418,36.575],[-77.375,36.588],[-77.325,36.602],[-77.275,36.615],[-77.235,36.625]],[[-77.159,36.641],[-77.125,36.648],[-77.075,36.657],[-77.025,36.665],[-76.975,36.673],[-76.959,36.675],[-76.925,36.68],[-76.875,36.687],[-76.825,36.694],[-76.775,36.701],[-76.725,36.707],[-76.675,36.713],[-76.625,36.718],[-76.575,36.722],[-76.529,36.725]]]}},{"type":"Feature","properties":{"date":"2002-04-09","label":"9 Apr","yday":99,"tier":"day","major":false},"geometry":{"type":"MultiLineString","coordinates":[[[-77.821,36.571],[-77.813,36.575],[-77.775,36.591],[-77.725,36.611],[-77.69,36.625],[-77.675,36.631],[-77.643,36.643]],[[-76.835,36.815],[-76.825,36.816],[-76.775,36.822],[-76.747,36.825]]]}}]}