{"type":"FeatureCollection","features":[{"type":"Feature","properties":{"date":"2013-02-06","label":"6 Feb","yday":37,"tier":"day","major":false},"geometry":{"type":"MultiLineString","coordinates":[[[-82.048,26.752],[-82.025,26.752],[-81.975,26.752],[-81.925,26.751],[-81.899,26.751]]]}},{"type":"Feature","properties":{"date":"2013-02-07","label":"7 Feb","yday":38,"tier":"day","major":false},"geometry":{"type":"MultiLineString","coordinates":[[[-82.425,27.042],[-82.375,27.045],[-82.325,27.047],[-82.275,27.05],[-82.225,27.052],[-82.175,27.053],[-82.125,27.054],[-82.075,27.055],[-82.025,27.056],[-81.975,27.056],[-81.925,27.056],[-81.875,27.056],[-81.825,27.056],[-81.775,27.056],[-81.725,27.055],[-81.675,27.054],[-81.625,27.053],[-81.575,27.052],[-81.525,27.051],[-81.475,27.05],[-81.425,27.049],[-81.375,27.048],[-81.325,27.047]]]}},{"type":"Feature","properties":{"date":"2013-02-08","label":"8 Feb","yday":39,"tier":"day","major":false},"geometry":{"type":"MultiLineString","coordinates":[[[-82.525,27.363],[-82.475,27.373],[-82.467,27.375],[-82.425,27.384],[-82.375,27.395],[-82.325,27.405],[-82.275,27.414],[-82.225,27.422],[-82.202,27.425],[-82.175,27.429],[-82.125,27.435],[-82.075,27.441],[-82.025,27.446],[-81.975,27.45],[-81.925,27.454],[-81.875,27.457],[-81.825,27.459],[-81.775,27.461],[-81.725,27.462],[-81.675,27.463],[-81.625,27.463],[-81.575,27.463],[-81.525,27.462],[-81.475,27.46],[-81.425,27.459],[-81.375,27.457],[-81.325,27.455],[-81.275,27.453],[-81.225,27.451],[-81.175,27.449],[-81.125,27.449],[-81.075,27.45],[-81.025,27.452],[-80.975,27.457],[-80.925,27.465],[-80.884,27.475],[-80.875,27.477],[-80.825,27.493],[-80.775,27.511]]]}},{"type":"Feature","properties":{"date":"2013-02-09","label":"9 Feb","yday":40,"tier":"five","major":false},"geometry":{"type":"MultiLineString","coordinates":[[[-82.394,27.756],[-82.375,27.76],[-82.325,27.769],[-82.296,27.775],[-82.275,27.779],[-82.225,27.788],[-82.175,27.798],[-82.125,27.807],[-82.075,27.817],[-82.037,27.825],[-82.025,27.827],[-81.975,27.837],[-81.925,27.847],[-81.875,27.858],[-81.825,27.869],[-81.796,27.875],[-81.775,27.88],[-81.725,27.891],[-81.675,27.903],[-81.625,27.916],[-81.594,27.925],[-81.575,27.93],[-81.525,27.944],[-81.475,27.959],[-81.425,27.974],[-81.42,27.975],[-81.375,27.988],[-81.325,28.003],[-81.275,28.017],[-81.247,28.025],[-81.225,28.031],[-81.175,28.043],[-81.125,28.055],[-81.075,28.065],[-81.025,28.075],[-81.023,28.075],[-80.975,28.082],[-80.925,28.088]]]}},{"type":"Feature","properties":{"date":"2013-02-10","label":"10 Feb","yday":41,"tier":"day","major":false},"geometry":{"type":"MultiLineString","coordinates":[[[-82.825,27.866],[-82.801,27.875],[-82.775,27.884],[-82.725,27.902],[-82.707,27.907]],[[-82.553,27.953],[-82.525,27.961],[-82.475,27.974],[-82.469,27.975],[-82.425,27.985],[-82.375,27.997],[-82.325,28.009],[-82.275,28.022],[-82.262,28.025],[-82.225,28.034],[-82.175,28.047],[-82.125,28.061],[-82.078,28.075],[-82.075,28.076],[-82.025,28.09],[-81.975,28.106],[-81.925,28.122],[-81.917,28.125],[-81.875,28.139],[-81.825,28.157],[-81.779,28.175],[-81.775,28.177],[-81.725,28.197],[-81.675,28.218],[-81.659,28.225],[-81.625,28.239],[-81.575,28.262],[-81.545,28.275],[-81.525,28.284],[-81.475,28.306],[-81.431,28.325],[-81.425,28.328],[-81.375,28.347],[-81.325,28.366],[-81.298,28.375],[-81.275,28.382],[-81.225,28.396],[-81.175,28.408],[-81.125,28.417],[-81.075,28.425],[-81.071,28.425],[-81.025,28.43],[-80.975,28.434]]]}},{"type":"Feature","properties":{"date":"2013-02-11","label":"11 Feb","yday":42,"tier":"day","major":false},"geometry":{"type":"MultiLineString","coordinates":[[[-82.775,28.063],[-82.737,28.075],[-82.725,28.079],[-82.675,28.093],[-82.625,28.108],[-82.575,28.122],[-82.563,28.125],[-82.525,28.135],[-82.475,28.149],[-82.425,28.163],[-82.381,28.175],[-82.375,28.177],[-82.325,28.191],[-82.275,28.205],[-82.225,28.221],[-82.213,28.225],[-82.175,28.237],[-82.125,28.254],[-82.075,28.273],[-82.068,28.275],[-82.025,28.291],[-81.975,28.312],[-81.944,28.325],[-81.925,28.333],[-81.875,28.355],[-81.833,28.375],[-81.825,28.379],[-81.775,28.403],[-81.731,28.425],[-81.725,28.428],[-81.675,28.453],[-81.632,28.475],[-81.625,28.478],[-81.575,28.503],[-81.529,28.525],[-81.525,28.527],[-81.475,28.549],[-81.425,28.571],[-81.414,28.575],[-81.375,28.589],[-81.325,28.606],[-81.275,28.62],[-81.255,28.625],[-81.225,28.632],[-81.175,28.642],[-81.125,28.651],[-81.075,28.658]]]}},{"type":"Feature","properties":{"date":"2013-02-12","label":"12 Feb","yday":43,"tier":"day","major":false},"geometry":{"type":"MultiLineString","coordinates":[[[-82.725,28.231],[-82.675,28.245],[-82.625,28.258],[-82.575,28.272],[-82.566,28.275],[-82.525,28.286],[-82.475,28.301],[-82.425,28.315],[-82.393,28.325],[-82.375,28.33],[-82.325,28.346],[-82.275,28.363],[-82.24,28.375],[-82.225,28.38],[-82.175,28.399],[-82.125,28.419],[-82.111,28.425],[-82.075,28.44],[-82.025,28.462],[-81.999,28.475],[-81.975,28.486],[-81.925,28.511],[-81.898,28.525],[-81.875,28.537],[-81.825,28.564],[-81.804,28.575],[-81.775,28.591],[-81.725,28.617],[-81.711,28.625],[-81.675,28.643],[-81.625,28.668],[-81.611,28.675],[-81.575,28.692],[-81.525,28.714],[-81.499,28.725],[-81.475,28.735],[-81.425,28.754],[-81.375,28.772],[-81.365,28.775],[-81.325,28.788],[-81.275,28.802],[-81.225,28.816],[-81.184,28.825],[-81.175,28.827],[-81.125,28.837],[-81.075,28.845],[-81.051,28.849]]]}},{"type":"Feature","properties":{"date":"2013-02-13","label":"13 Feb","yday":44,"tier":"day","major":false},"geometry":{"type":"MultiLineString","coordinates":[[[-82.664,28.386],[-82.625,28.396],[-82.575,28.41],[-82.525,28.424],[-82.522,28.425],[-82.475,28.438],[-82.425,28.453],[-82.375,28.469],[-82.358,28.475],[-82.325,28.486],[-82.275,28.504],[-82.225,28.523],[-82.221,28.525],[-82.175,28.544],[-82.125,28.566],[-82.107,28.575],[-82.075,28.59],[-82.025,28.615],[-82.007,28.625],[-81.975,28.642],[-81.925,28.67],[-81.916,28.675],[-81.875,28.698],[-81.828,28.725],[-81.825,28.727],[-81.775,28.755],[-81.737,28.775],[-81.725,28.781],[-81.675,28.806],[-81.635,28.825],[-81.625,28.83],[-81.575,28.852],[-81.525,28.874],[-81.522,28.875],[-81.475,28.894],[-81.425,28.913],[-81.393,28.925],[-81.375,28.931],[-81.325,28.948],[-81.275,28.964],[-81.236,28.975],[-81.225,28.978],[-81.175,28.991],[-81.125,29.002],[-81.075,29.011],[-81.025,29.019]]]}},{"type":"Feature","properties":{"date":"2013-02-14","label":"14 Feb","yday":45,"tier":"index","major":true},"geometry":{"type":"MultiLineString","coordinates":[[[-82.625,28.525],[-82.575,28.539],[-82.525,28.552],[-82.475,28.567],[-82.448,28.575],[-82.425,28.582],[-82.375,28.598],[-82.325,28.616],[-82.301,28.625],[-82.275,28.635],[-82.225,28.656],[-82.182,28.675],[-82.175,28.678],[-82.125,28.703],[-82.083,28.725],[-82.075,28.729],[-82.025,28.757],[-81.994,28.775],[-81.975,28.786],[-81.925,28.815],[-81.908,28.825],[-81.875,28.844],[-81.825,28.872],[-81.82,28.875],[-81.775,28.899],[-81.725,28.924],[-81.724,28.925],[-81.675,28.949],[-81.625,28.973],[-81.62,28.975],[-81.575,28.996],[-81.525,29.018],[-81.508,29.025],[-81.475,29.039],[-81.425,29.059],[-81.383,29.075],[-81.375,29.078],[-81.325,29.096],[-81.275,29.112],[-81.234,29.125],[-81.225,29.128],[-81.175,29.141],[-81.125,29.153],[-81.075,29.163],[-81.025,29.172],[-81.0,29.175],[-80.978,29.178]]]}},{"type":"Feature","properties":{"date":"2013-02-15","label":"15 Feb","yday":46,"tier":"day","major":false},"geometry":{"type":"MultiLineString","coordinates":[[[-82.625,28.649],[-82.575,28.662],[-82.527,28.675],[-82.525,28.676],[-82.475,28.69],[-82.425,28.705],[-82.375,28.721],[-82.365,28.725],[-82.325,28.74],[-82.275,28.76],[-82.242,28.775],[-82.225,28.783],[-82.175,28.808],[-82.143,28.825],[-82.125,28.835],[-82.075,28.862],[-82.053,28.875],[-82.025,28.891],[-81.975,28.92],[-81.966,28.925],[-81.925,28.949],[-81.878,28.975],[-81.875,28.977],[-81.825,29.004],[-81.787,29.025],[-81.775,29.031],[-81.725,29.057],[-81.69,29.075],[-81.675,29.083],[-81.625,29.107],[-81.587,29.125],[-81.575,29.131],[-81.525,29.154],[-81.476,29.175],[-81.475,29.176],[-81.425,29.196],[-81.375,29.216],[-81.351,29.225],[-81.325,29.234],[-81.275,29.252],[-81.225,29.267],[-81.198,29.275],[-81.175,29.281],[-81.125,29.294],[-81.075,29.304]]]}},{"type":"Feature","properties":{"date":"2013-02-16","label":"16 Feb","yday":47,"tier":"day","major":false},"geometry":{"type":"MultiLineString","coordinates":[[[-82.625,28.771],[-82.61,28.775],[-82.575,28.784],[-82.525,28.797],[-82.475,28.812],[-82.433,28.825],[-82.425,28.828],[-82.375,28.845],[-82.325,28.865],[-82.302,28.875],[-82.275,28.887],[-82.225,28.911],[-82.199,28.925],[-82.175,28.937],[-82.125,28.964],[-82.105,28.975],[-82.075,28.992],[-82.025,29.02],[-82.016,29.025],[-81.975,29.049],[-81.929,29.075],[-81.925,29.077],[-81.875,29.105],[-81.839,29.125],[-81.825,29.133],[-81.775,29.16],[-81.746,29.175],[-81.725,29.186],[-81.675,29.212],[-81.649,29.225],[-81.625,29.237],[-81.575,29.261],[-81.545,29.275],[-81.525,29.284],[-81.475,29.306],[-81.431,29.325],[-81.425,29.328],[-81.375,29.347],[-81.325,29.366],[-81.299,29.375],[-81.275,29.383],[-81.225,29.399],[-81.175,29.412],[-81.125,29.425],[-81.125,29.425]]]}},{"type":"Feature","properties":{"date":"2013-02-17","label":"17 Feb","yday":48,"tier":"day","major":false},"geometry":{"type":"MultiLineString","coordinates":[[[-82.64,28.89],[-82.625,28.894],[-82.575,28.907],[-82.525,28.921],[-82.512,28.925],[-82.475,28.937],[-82.425,28.954],[-82.375,28.973],[-82.369,28.975],[-82.325,28.993],[-82.275,29.015],[-82.255,29.025],[-82.225,29.039],[-82.175,29.065],[-82.155,29.075],[-82.125,29.091],[-82.075,29.119],[-82.064,29.125],[-82.025,29.147],[-81.976,29.175],[-81.975,29.175],[-81.925,29.204],[-81.887,29.225],[-81.875,29.232],[-81.825,29.259],[-81.796,29.275],[-81.775,29.286],[-81.725,29.313],[-81.702,29.325],[-81.675,29.339],[-81.625,29.364],[-81.601,29.375],[-81.575,29.388],[-81.525,29.411],[-81.493,29.425],[-81.475,29.433],[-81.425,29.454],[-81.375,29.474],[-81.372,29.475],[-81.325,29.492],[-81.275,29.509],[-81.225,29.524],[-81.223,29.525],[-81.175,29.538]]]}},{"type":"Feature","properties":{"date":"2013-02-18","label":"18 Feb","yday":49,"tier":"day","major":false},"geometry":{"type":"MultiLineString","coordinates":[[[-82.725,28.992],[-82.675,29.004],[-82.625,29.017],[-82.597,29.025],[-82.575,29.031],[-82.525,29.046],[-82.475,29.063],[-82.44,29.075],[-82.425,29.08],[-82.375,29.1],[-82.325,29.12],[-82.314,29.125],[-82.275,29.142],[-82.225,29.166],[-82.207,29.175],[-82.175,29.192],[-82.125,29.219],[-82.113,29.225],[-82.075,29.246],[-82.025,29.274],[-82.023,29.275],[-81.975,29.302],[-81.933,29.325],[-81.925,29.33],[-81.875,29.357],[-81.842,29.375],[-81.825,29.384],[-81.775,29.411],[-81.748,29.425],[-81.725,29.437],[-81.675,29.463],[-81.65,29.475],[-81.625,29.487],[-81.575,29.511],[-81.545,29.525],[-81.525,29.534],[-81.475,29.556],[-81.431,29.575],[-81.425,29.577],[-81.375,29.597],[-81.325,29.615],[-81.296,29.625],[-81.275,29.632],[-81.225,29.647]]]}},{"type":"Feature","properties":{"date":"2013-02-19","label":"19 Feb","yday":50,"tier":"five","major":false},"geometry":{"type":"MultiLineString","coordinates":[[[-82.757,29.107],[-82.725,29.114],[-82.683,29.125],[-82.675,29.127],[-82.625,29.141],[-82.575,29.156],[-82.525,29.171],[-82.514,29.175],[-82.475,29.188],[-82.425,29.207],[-82.379,29.225],[-82.375,29.227],[-82.325,29.248],[-82.275,29.27],[-82.265,29.275],[-82.225,29.295],[-82.175,29.32],[-82.165,29.325],[-82.125,29.346],[-82.075,29.373],[-82.071,29.375],[-82.025,29.4],[-81.978,29.425],[-81.975,29.427],[-81.925,29.453],[-81.885,29.475],[-81.875,29.48],[-81.825,29.507],[-81.79,29.525],[-81.775,29.533],[-81.725,29.558],[-81.692,29.575],[-81.675,29.584],[-81.625,29.608],[-81.59,29.625],[-81.575,29.632],[-81.525,29.655],[-81.481,29.675],[-81.475,29.677],[-81.425,29.698],[-81.375,29.718],[-81.356,29.725],[-81.325,29.736],[-81.275,29.753]]]}},{"type":"Feature","properties":{"date":"2013-02-20","label":"20 Feb","yday":51,"tier":"day","major":false},"geometry":{"type":"MultiLineString","coordinates":[[[-82.897,29.197],[-82.875,29.201],[-82.825,29.212],[-82.775,29.224],[-82.77,29.225],[-82.725,29.236],[-82.675,29.249],[-82.625,29.264],[-82.589,29.275],[-82.575,29.279],[-82.525,29.296],[-82.475,29.313],[-82.445,29.325],[-82.425,29.332],[-82.375,29.353],[-82.325,29.374],[-82.324,29.375],[-82.275,29.397],[-82.225,29.421],[-82.216,29.425],[-82.175,29.445],[-82.125,29.47],[-82.116,29.475],[-82.075,29.496],[-82.025,29.522],[-82.019,29.525],[-81.975,29.548],[-81.925,29.574],[-81.923,29.575],[-81.875,29.6],[-81.827,29.625],[-81.825,29.626],[-81.775,29.651],[-81.729,29.675],[-81.725,29.677],[-81.675,29.702],[-81.629,29.725],[-81.625,29.727],[-81.575,29.751],[-81.525,29.775],[-81.524,29.775],[-81.475,29.797],[-81.425,29.818],[-81.407,29.825],[-81.375,29.838],[-81.325,29.856],[-81.311,29.861]]]}},{"type":"Feature","properties":{"date":"2013-02-21","label":"21 Feb","yday":52,"tier":"day","major":false},"geometry":{"type":"MultiLineString","coordinates":[[[-83.081,29.281],[-83.075,29.282],[-83.025,29.29],[-82.975,29.3],[-82.925,29.309],[-82.875,29.32],[-82.852,29.325],[-82.825,29.331],[-82.775,29.343],[-82.725,29.356],[-82.675,29.37],[-82.658,29.375],[-82.625,29.385],[-82.575,29.401],[-82.525,29.418],[-82.505,29.425],[-82.475,29.436],[-82.425,29.455],[-82.377,29.475],[-82.375,29.476],[-82.325,29.497],[-82.275,29.519],[-82.263,29.525],[-82.225,29.542],[-82.175,29.566],[-82.157,29.575],[-82.125,29.59],[-82.075,29.615],[-82.055,29.625],[-82.025,29.64],[-81.975,29.665],[-81.955,29.675],[-81.925,29.69],[-81.875,29.716],[-81.857,29.725],[-81.825,29.741],[-81.775,29.767],[-81.76,29.775],[-81.725,29.793],[-81.675,29.819],[-81.662,29.825],[-81.625,29.844],[-81.575,29.869],[-81.562,29.875],[-81.525,29.893],[-81.475,29.915],[-81.452,29.925],[-81.425,29.937],[-81.375,29.956],[-81.325,29.974]]]}},{"type":"Feature","properties":{"date":"2013-02-22","label":"22 Feb","yday":53,"tier":"day","major":false},"geometry":{"type":"MultiLineString","coordinates":[[[-83.181,29.381],[-83.175,29.382],[-83.125,29.389],[-83.075,29.397],[-83.025,29.406],[-82.975,29.415],[-82.927,29.425],[-82.925,29.425],[-82.875,29.436],[-82.825,29.448],[-82.775,29.46],[-82.725,29.473],[-82.719,29.475],[-82.675,29.488],[-82.625,29.503],[-82.575,29.519],[-82.558,29.525],[-82.525,29.536],[-82.475,29.554],[-82.425,29.574],[-82.422,29.575],[-82.375,29.594],[-82.325,29.615],[-82.302,29.625],[-82.275,29.637],[-82.225,29.659],[-82.19,29.675],[-82.175,29.682],[-82.125,29.705],[-82.083,29.725],[-82.075,29.729],[-82.025,29.753],[-81.981,29.775],[-81.975,29.778],[-81.925,29.803],[-81.881,29.825],[-81.875,29.828],[-81.825,29.854],[-81.785,29.875],[-81.775,29.88],[-81.725,29.907],[-81.69,29.925],[-81.675,29.933],[-81.625,29.96],[-81.595,29.975],[-81.575,29.985],[-81.525,30.01],[-81.493,30.025],[-81.475,30.033],[-81.425,30.055],[-81.375,30.074],[-81.374,30.074]]]}},{"type":"Feature","properties":{"date":"2013-02-23","label":"23 Feb","yday":54,"tier":"day","major":false},"geometry":{"type":"MultiLineString","coordinates":[[[-83.281,29.481],[-83.275,29.482],[-83.225,29.488],[-83.175,29.495],[-83.125,29.502],[-83.075,29.51],[-83.025,29.519],[-82.993,29.525],[-82.975,29.528],[-82.925,29.538],[-82.875,29.549],[-82.825,29.561],[-82.775,29.574],[-82.77,29.575],[-82.725,29.587],[-82.675,29.601],[-82.625,29.617],[-82.6,29.625],[-82.575,29.633],[-82.525,29.65],[-82.475,29.668],[-82.458,29.675],[-82.425,29.687],[-82.375,29.707],[-82.332,29.725],[-82.325,29.728],[-82.275,29.749],[-82.225,29.77],[-82.215,29.775],[-82.175,29.792],[-82.125,29.815],[-82.104,29.825],[-82.075,29.838],[-82.025,29.862],[-81.999,29.875],[-81.975,29.887],[-81.925,29.912],[-81.899,29.925],[-81.875,29.937],[-81.825,29.964],[-81.804,29.975],[-81.775,29.991],[-81.725,30.019],[-81.714,30.025],[-81.675,30.047],[-81.625,30.075],[-81.625,30.075],[-81.575,30.102],[-81.53,30.125],[-81.525,30.127],[-81.475,30.15],[-81.425,30.171],[-81.415,30.175],[-81.375,30.189]]]}},{"type":"Feature","properties":{"date":"2013-02-24","label":"24 Feb","yday":55,"tier":"five","major":false},"geometry":{"type":"MultiLineString","coordinates":[[[-83.375,29.582],[-83.325,29.587],[-83.275,29.592],[-83.225,29.598],[-83.175,29.605],[-83.125,29.612],[-83.075,29.62],[-83.046,29.625],[-83.025,29.629],[-82.975,29.638],[-82.925,29.648],[-82.875,29.659],[-82.825,29.671],[-82.809,29.675],[-82.775,29.684],[-82.725,29.697],[-82.675,29.711],[-82.631,29.725],[-82.625,29.727],[-82.575,29.743],[-82.525,29.76],[-82.483,29.775],[-82.475,29.778],[-82.425,29.796],[-82.375,29.816],[-82.352,29.825],[-82.325,29.836],[-82.275,29.856],[-82.231,29.875],[-82.225,29.877],[-82.175,29.899],[-82.125,29.922],[-82.118,29.925],[-82.075,29.945],[-82.025,29.968],[-82.011,29.975],[-81.975,29.993],[-81.925,30.018],[-81.911,30.025],[-81.875,30.044],[-81.825,30.071],[-81.819,30.075],[-81.775,30.1],[-81.734,30.125],[-81.725,30.13],[-81.675,30.161],[-81.65,30.175],[-81.625,30.19],[-81.575,30.217],[-81.56,30.225],[-81.525,30.242],[-81.475,30.264],[-81.448,30.275],[-81.425,30.283]]]}},{"type":"Feature","properties":{"date":"2013-02-25","label":"25 Feb","yday":56,"tier":"day","major":false},"geometry":{"type":"MultiLineString","coordinates":[[[-83.435,29.685],[-83.425,29.686],[-83.375,29.69],[-83.325,29.694],[-83.275,29.699],[-83.225,29.705],[-83.175,29.711],[-83.125,29.719],[-83.085,29.725],[-83.075,29.726],[-83.025,29.735],[-82.975,29.744],[-82.925,29.754],[-82.875,29.765],[-82.835,29.775],[-82.825,29.777],[-82.775,29.79],[-82.725,29.803],[-82.675,29.818],[-82.651,29.825],[-82.625,29.833],[-82.575,29.849],[-82.525,29.866],[-82.499,29.875],[-82.475,29.883],[-82.425,29.902],[-82.375,29.921],[-82.364,29.925],[-82.325,29.94],[-82.275,29.961],[-82.241,29.975],[-82.225,29.982],[-82.175,30.003],[-82.126,30.025],[-82.125,30.025],[-82.075,30.048],[-82.025,30.072],[-82.019,30.075],[-81.975,30.096],[-81.925,30.122],[-81.919,30.125],[-81.875,30.149],[-81.83,30.175],[-81.825,30.178],[-81.775,30.21],[-81.751,30.225],[-81.725,30.242],[-81.675,30.273],[-81.671,30.275],[-81.625,30.301],[-81.58,30.325],[-81.575,30.328],[-81.525,30.351],[-81.475,30.371],[-81.463,30.375],[-81.425,30.388]]]}},{"type":"Feature","properties":{"date":"2013-02-26","label":"26 Feb","yday":57,"tier":"day","major":false},"geometry":{"type":"MultiLineString","coordinates":[[[-85.186,29.686],[-85.175,29.688],[-85.125,29.701],[-85.092,29.708]],[[-83.575,29.783],[-83.525,29.785],[-83.475,29.787],[-83.425,29.79],[-83.375,29.794],[-83.325,29.798],[-83.275,29.803],[-83.225,29.809],[-83.175,29.815],[-83.125,29.822],[-83.105,29.825],[-83.075,29.83],[-83.025,29.838],[-82.975,29.847],[-82.925,29.858],[-82.875,29.869],[-82.848,29.875],[-82.825,29.88],[-82.775,29.893],[-82.725,29.906],[-82.675,29.921],[-82.661,29.925],[-82.625,29.936],[-82.575,29.952],[-82.525,29.969],[-82.507,29.975],[-82.475,29.986],[-82.425,30.004],[-82.375,30.023],[-82.37,30.025],[-82.325,30.043],[-82.275,30.063],[-82.246,30.075],[-82.225,30.084],[-82.175,30.106],[-82.131,30.125],[-82.125,30.128],[-82.075,30.151],[-82.025,30.175],[-82.025,30.175],[-81.975,30.2],[-81.928,30.225],[-81.925,30.227],[-81.875,30.256],[-81.845,30.275],[-81.825,30.288],[-81.775,30.32],[-81.767,30.325],[-81.725,30.351],[-81.683,30.375],[-81.675,30.38],[-81.625,30.406],[-81.585,30.425],[-81.575,30.43],[-81.525,30.45],[-81.475,30.469],[-81.47,30.47]]]}},{"type":"Feature","properties":{"date":"2013-02-27","label":"27 Feb","yday":58,"tier":"day","major":false},"geometry":{"type":"MultiLineString","coordinates":[[[-85.275,29.801],[-85.225,29.814],[-85.182,29.825],[-85.175,29.827],[-85.125,29.838],[-85.075,29.848],[-85.025,29.858],[-84.975,29.867],[-84.925,29.875],[-84.922,29.875],[-84.875,29.882],[-84.825,29.888],[-84.775,29.893],[-84.725,29.897],[-84.675,29.901],[-84.625,29.904],[-84.595,29.905]],[[-83.635,29.885],[-83.625,29.885],[-83.575,29.886],[-83.525,29.887],[-83.475,29.889],[-83.425,29.892],[-83.375,29.895],[-83.325,29.899],[-83.275,29.904],[-83.225,29.909],[-83.175,29.915],[-83.125,29.922],[-83.106,29.925],[-83.075,29.93],[-83.025,29.938],[-82.975,29.948],[-82.925,29.958],[-82.875,29.969],[-82.848,29.975],[-82.825,29.98],[-82.775,29.993],[-82.725,30.007],[-82.675,30.021],[-82.662,30.025],[-82.625,30.036],[-82.575,30.052],[-82.525,30.069],[-82.508,30.075],[-82.475,30.086],[-82.425,30.105],[-82.375,30.124],[-82.372,30.125],[-82.325,30.144],[-82.275,30.164],[-82.249,30.175],[-82.225,30.185],[-82.175,30.208],[-82.137,30.225],[-82.125,30.231],[-82.075,30.255],[-82.035,30.275],[-82.025,30.28],[-81.975,30.307],[-81.944,30.325],[-81.925,30.336],[-81.875,30.366],[-81.861,30.375],[-81.825,30.397],[-81.778,30.425],[-81.775,30.427],[-81.725,30.455],[-81.687,30.475],[-81.675,30.481],[-81.625,30.504],[-81.577,30.525],[-81.575,30.526],[-81.525,30.545],[-81.502,30.552]]]}},{"type":"Feature","properties":{"date":"2013-02-28","label":"28 Feb","yday":59,"tier":"day","major":false},"geometry":{"type":"MultiLineString","coordinates":[[[-85.362,29.912],[-85.325,29.923],[-85.317,29.925],[-85.275,29.936],[-85.225,29.948],[-85.175,29.96],[-85.125,29.97],[-85.099,29.975],[-85.075,29.98],[-85.025,29.988],[-84.975,29.996],[-84.925,30.003],[-84.875,30.009],[-84.825,30.014],[-84.775,30.019],[-84.725,30.022],[-84.675,30.025],[-84.666,30.025],[-84.625,30.026],[-84.575,30.027],[-84.525,30.028],[-84.475,30.027],[-84.425,30.026],[-84.401,30.025],[-84.375,30.024]],[[-83.788,29.988],[-83.775,29.988],[-83.725,29.986],[-83.675,29.985],[-83.625,29.985],[-83.575,29.985],[-83.525,29.986],[-83.475,29.988],[-83.425,29.99],[-83.375,29.993],[-83.325,29.997],[-83.275,30.001],[-83.225,30.006],[-83.175,30.012],[-83.125,30.019],[-83.088,30.025],[-83.075,30.027],[-83.025,30.035],[-82.975,30.045],[-82.925,30.055],[-82.875,30.066],[-82.838,30.075],[-82.825,30.078],[-82.775,30.091],[-82.725,30.104],[-82.675,30.119],[-82.655,30.125],[-82.625,30.134],[-82.575,30.15],[-82.525,30.167],[-82.504,30.175],[-82.475,30.185],[-82.425,30.204],[-82.375,30.223],[-82.371,30.225],[-82.325,30.244],[-82.275,30.265],[-82.252,30.275],[-82.225,30.287],[-82.175,30.31],[-82.144,30.325],[-82.125,30.334],[-82.075,30.36],[-82.046,30.375],[-82.025,30.386],[-81.975,30.414],[-81.956,30.425],[-81.925,30.443],[-81.875,30.472],[-81.869,30.475],[-81.825,30.5],[-81.779,30.525],[-81.775,30.527],[-81.725,30.553],[-81.678,30.575],[-81.675,30.577],[-81.625,30.598],[-81.575,30.618],[-81.555,30.625],[-81.525,30.636],[-81.475,30.652]]]}},{"type":"Feature","properties":{"date":"2013-03-01","label":"1 Mar","yday":60,"tier":"index","major":true},"geometry":{"type":"MultiLineString","coordinates":[[[-85.426,30.026],[-85.425,30.026],[-85.375,30.04],[-85.325,30.053],[-85.275,30.065],[-85.232,30.075],[-85.225,30.077],[-85.175,30.087],[-85.125,30.097],[-85.075,30.105],[-85.025,30.113],[-84.975,30.12],[-84.937,30.125],[-84.925,30.126],[-84.875,30.132],[-84.825,30.136],[-84.775,30.139],[-84.725,30.142],[-84.675,30.144],[-84.625,30.145],[-84.575,30.145],[-84.525,30.144],[-84.475,30.142],[-84.425,30.14],[-84.375,30.137],[-84.325,30.133],[-84.275,30.129],[-84.232,30.125]],[[-84.224,30.124],[-84.175,30.119],[-84.135,30.115]],[[-84.003,30.103],[-83.975,30.1],[-83.925,30.096],[-83.875,30.092],[-83.825,30.089],[-83.775,30.086],[-83.725,30.084],[-83.675,30.083],[-83.625,30.082],[-83.575,30.082],[-83.525,30.082],[-83.475,30.083],[-83.425,30.085],[-83.375,30.088],[-83.325,30.092],[-83.275,30.096],[-83.225,30.101],[-83.175,30.107],[-83.125,30.114],[-83.075,30.122],[-83.056,30.125],[-83.025,30.13],[-82.975,30.14],[-82.925,30.15],[-82.875,30.161],[-82.825,30.173],[-82.819,30.175],[-82.775,30.186],[-82.725,30.2],[-82.675,30.215],[-82.643,30.225],[-82.625,30.231],[-82.575,30.247],[-82.525,30.264],[-82.496,30.275],[-82.475,30.283],[-82.425,30.302],[-82.375,30.322],[-82.367,30.325],[-82.325,30.343],[-82.275,30.365],[-82.252,30.375],[-82.225,30.388],[-82.175,30.412],[-82.148,30.425],[-82.125,30.437],[-82.075,30.463],[-82.052,30.475],[-82.025,30.489],[-81.975,30.517],[-81.96,30.525],[-81.925,30.544],[-81.875,30.571],[-81.868,30.575],[-81.825,30.597],[-81.775,30.623],[-81.77,30.625],[-81.725,30.646],[-81.675,30.668],[-81.659,30.675],[-81.625,30.689],[-81.575,30.708],[-81.525,30.725],[-81.525,30.725]]]}},{"type":"Feature","properties":{"date":"2013-03-02","label":"2 Mar","yday":61,"tier":"day","major":false},"geometry":{"type":"MultiLineString","coordinates":[[[-85.599,30.099],[-85.575,30.107]],[[-85.485,30.135],[-85.475,30.138],[-85.425,30.152],[-85.375,30.165],[-85.335,30.175],[-85.325,30.177],[-85.275,30.189],[-85.225,30.199],[-85.175,30.209],[-85.125,30.218],[-85.081,30.225],[-85.075,30.226],[-85.025,30.233],[-84.975,30.239],[-84.925,30.245],[-84.875,30.249],[-84.825,30.253],[-84.775,30.255],[-84.725,30.257],[-84.675,30.258],[-84.625,30.258],[-84.575,30.257],[-84.525,30.256],[-84.475,30.253],[-84.425,30.25],[-84.375,30.246],[-84.325,30.241],[-84.275,30.235],[-84.225,30.229],[-84.192,30.225],[-84.175,30.223],[-84.125,30.216],[-84.075,30.21],[-84.025,30.204],[-83.975,30.199],[-83.925,30.193],[-83.875,30.189],[-83.825,30.185],[-83.775,30.181],[-83.725,30.179],[-83.675,30.177],[-83.625,30.175],[-83.599,30.175],[-83.575,30.175],[-83.525,30.175],[-83.52,30.175],[-83.475,30.176],[-83.425,30.178],[-83.375,30.18],[-83.325,30.184],[-83.275,30.188],[-83.225,30.193],[-83.175,30.199],[-83.125,30.206],[-83.075,30.214],[-83.025,30.223],[-83.013,30.225],[-82.975,30.232],[-82.925,30.243],[-82.875,30.254],[-82.825,30.267],[-82.794,30.275],[-82.775,30.28],[-82.725,30.294],[-82.675,30.309],[-82.626,30.325],[-82.625,30.325],[-82.575,30.342],[-82.525,30.36],[-82.485,30.375],[-82.475,30.379],[-82.425,30.398],[-82.375,30.419],[-82.361,30.425],[-82.325,30.441],[-82.275,30.463],[-82.25,30.475],[-82.225,30.487],[-82.175,30.511],[-82.147,30.525],[-82.125,30.536],[-82.075,30.562],[-82.051,30.575],[-82.025,30.588],[-81.975,30.615],[-81.955,30.625],[-81.925,30.641],[-81.875,30.666],[-81.858,30.675],[-81.825,30.691],[-81.775,30.715],[-81.752,30.725],[-81.725,30.737],[-81.675,30.758],[-81.632,30.775],[-81.625,30.778],[-81.575,30.796],[-81.525,30.812],[-81.482,30.825],[-81.475,30.827]]]}},{"type":"Feature","properties":{"date":"2013-03-03","label":"3 Mar","yday":62,"tier":"day","major":false},"geometry":{"type":"MultiLineString","coordinates":[[[-85.641,30.209],[-85.625,30.214],[-85.591,30.225],[-85.575,30.23],[-85.525,30.245],[-85.475,30.259],[-85.425,30.272],[-85.414,30.275],[-85.375,30.285],[-85.325,30.296],[-85.275,30.307],[-85.225,30.317],[-85.18,30.325],[-85.175,30.326],[-85.125,30.334],[-85.075,30.341],[-85.025,30.348],[-84.975,30.353],[-84.925,30.358],[-84.875,30.362],[-84.825,30.364],[-84.775,30.366],[-84.725,30.367],[-84.675,30.367],[-84.625,30.366],[-84.575,30.365],[-84.525,30.362],[-84.475,30.359],[-84.425,30.355],[-84.375,30.35],[-84.325,30.344],[-84.275,30.337],[-84.225,30.329],[-84.197,30.325],[-84.175,30.322],[-84.125,30.314],[-84.075,30.307],[-84.025,30.3],[-83.975,30.293],[-83.925,30.287],[-83.875,30.282],[-83.825,30.277],[-83.796,30.275],[-83.775,30.273],[-83.725,30.27],[-83.675,30.268],[-83.625,30.266],[-83.575,30.265],[-83.525,30.265],[-83.475,30.266],[-83.425,30.268],[-83.375,30.27],[-83.325,30.274],[-83.309,30.275],[-83.275,30.278],[-83.225,30.283],[-83.175,30.289],[-83.125,30.296],[-83.075,30.304],[-83.025,30.313],[-82.975,30.323],[-82.967,30.325],[-82.925,30.334],[-82.875,30.346],[-82.825,30.358],[-82.775,30.372],[-82.765,30.375],[-82.725,30.386],[-82.675,30.402],[-82.625,30.418],[-82.606,30.425],[-82.575,30.436],[-82.525,30.454],[-82.475,30.473],[-82.471,30.475],[-82.425,30.493],[-82.375,30.515],[-82.351,30.525],[-82.325,30.537],[-82.275,30.559],[-82.242,30.575],[-82.225,30.583],[-82.175,30.608],[-82.14,30.625],[-82.125,30.633],[-82.075,30.658],[-82.042,30.675],[-82.025,30.683],[-81.975,30.709],[-81.943,30.725],[-81.925,30.734],[-81.875,30.758],[-81.839,30.775],[-81.825,30.782],[-81.775,30.804],[-81.728,30.825],[-81.725,30.826],[-81.675,30.846],[-81.625,30.865],[-81.598,30.875],[-81.575,30.883],[-81.525,30.899],[-81.505,30.905]]]}},{"type":"Feature","properties":{"date":"2013-03-04","label":"4 Mar","yday":63,"tier":"day","major":false},"geometry":{"type":"MultiLineString","coordinates":[[[-85.891,30.241],[-85.875,30.248],[-85.855,30.255]],[[-85.707,30.307],[-85.675,30.317],[-85.651,30.325],[-85.625,30.333],[-85.575,30.348],[-85.525,30.362],[-85.475,30.375],[-85.475,30.375],[-85.425,30.388],[-85.375,30.399],[-85.325,30.41],[-85.275,30.42],[-85.25,30.425],[-85.225,30.43],[-85.175,30.438],[-85.125,30.445],[-85.075,30.452],[-85.025,30.458],[-84.975,30.463],[-84.925,30.467],[-84.875,30.47],[-84.825,30.472],[-84.775,30.473],[-84.725,30.473],[-84.675,30.472],[-84.625,30.47],[-84.575,30.467],[-84.525,30.463],[-84.475,30.459],[-84.425,30.454],[-84.375,30.448],[-84.325,30.441],[-84.275,30.433],[-84.228,30.425],[-84.225,30.424],[-84.175,30.416],[-84.125,30.407],[-84.075,30.399],[-84.025,30.391],[-83.975,30.384],[-83.925,30.378],[-83.903,30.375],[-83.875,30.372],[-83.825,30.366],[-83.775,30.362],[-83.725,30.358],[-83.675,30.356],[-83.625,30.354],[-83.575,30.353],[-83.525,30.353],[-83.475,30.353],[-83.425,30.355],[-83.375,30.358],[-83.325,30.361],[-83.275,30.366],[-83.225,30.371],[-83.195,30.375],[-83.175,30.378],[-83.125,30.385],[-83.075,30.393],[-83.025,30.402],[-82.975,30.412],[-82.925,30.424],[-82.919,30.425],[-82.875,30.436],[-82.825,30.449],[-82.775,30.463],[-82.733,30.475],[-82.725,30.478],[-82.675,30.493],[-82.625,30.51],[-82.584,30.525],[-82.575,30.528],[-82.525,30.547],[-82.475,30.566],[-82.454,30.575],[-82.425,30.587],[-82.375,30.608],[-82.338,30.625],[-82.325,30.631],[-82.275,30.654],[-82.23,30.675],[-82.225,30.677],[-82.175,30.701],[-82.127,30.725],[-82.125,30.726],[-82.075,30.75],[-82.025,30.775],[-82.025,30.775],[-81.975,30.8],[-81.925,30.824],[-81.923,30.825],[-81.875,30.847],[-81.825,30.87],[-81.814,30.875],[-81.775,30.892],[-81.725,30.913],[-81.696,30.925],[-81.675,30.933],[-81.625,30.952],[-81.575,30.969],[-81.557,30.975],[-81.525,30.985],[-81.511,30.989]]]}},{"type":"Feature","properties":{"date":"2013-03-05","label":"5 Mar","yday":64,"tier":"day","major":false},"geometry":{"type":"MultiLineString","coordinates":[[[-86.016,30.316],[-85.993,30.325],[-85.975,30.332],[-85.925,30.35],[-85.875,30.368],[-85.856,30.375],[-85.825,30.386],[-85.775,30.402],[-85.725,30.418],[-85.703,30.425],[-85.675,30.433],[-85.625,30.448],[-85.575,30.462],[-85.525,30.475],[-85.524,30.475],[-85.475,30.487],[-85.425,30.498],[-85.375,30.509],[-85.325,30.52],[-85.297,30.525],[-85.275,30.529],[-85.225,30.538],[-85.175,30.545],[-85.125,30.552],[-85.075,30.559],[-85.025,30.564],[-84.975,30.568],[-84.925,30.571],[-84.875,30.574],[-84.825,30.575],[-84.775,30.575],[-84.725,30.574],[-84.675,30.572],[-84.625,30.569],[-84.575,30.565],[-84.525,30.56],[-84.475,30.555],[-84.425,30.548],[-84.375,30.541],[-84.325,30.533],[-84.28,30.525],[-84.275,30.524],[-84.225,30.515],[-84.175,30.506],[-84.125,30.497],[-84.075,30.488],[-84.025,30.48],[-83.994,30.475],[-83.975,30.472],[-83.925,30.465],[-83.875,30.458],[-83.825,30.453],[-83.775,30.448],[-83.725,30.444],[-83.675,30.442],[-83.625,30.44],[-83.575,30.439],[-83.525,30.438],[-83.475,30.439],[-83.425,30.441],[-83.375,30.444],[-83.325,30.448],[-83.275,30.452],[-83.225,30.458],[-83.175,30.464],[-83.125,30.472],[-83.107,30.475],[-83.075,30.48],[-83.025,30.49],[-82.975,30.5],[-82.925,30.512],[-82.875,30.524],[-82.872,30.525],[-82.825,30.538],[-82.775,30.552],[-82.725,30.567],[-82.701,30.575],[-82.675,30.584],[-82.625,30.601],[-82.575,30.619],[-82.559,30.625],[-82.525,30.638],[-82.475,30.658],[-82.434,30.675],[-82.425,30.679],[-82.375,30.7],[-82.325,30.722],[-82.319,30.725],[-82.275,30.745],[-82.225,30.769],[-82.212,30.775],[-82.175,30.792],[-82.125,30.816],[-82.107,30.825],[-82.075,30.84],[-82.025,30.864],[-82.003,30.875],[-81.975,30.888],[-81.925,30.912],[-81.896,30.925],[-81.875,30.935],[-81.825,30.957],[-81.784,30.975],[-81.775,30.979],[-81.725,30.999],[-81.675,31.019],[-81.659,31.025],[-81.625,31.038],[-81.575,31.055],[-81.525,31.07],[-81.507,31.075],[-81.482,31.082]]]}},{"type":"Feature","properties":{"date":"2013-03-06","label":"6 Mar","yday":65,"tier":"five","major":false},"geometry":{"type":"MultiLineString","coordinates":[[[-94.675,29.701],[-94.625,29.688],[-94.575,29.675],[-94.575,29.675],[-94.525,29.661],[-94.475,29.647]],[[-86.177,30.375],[-86.176,30.376]],[[-86.091,30.409],[-86.075,30.415],[-86.049,30.425],[-86.025,30.434],[-85.975,30.452],[-85.925,30.469],[-85.908,30.475],[-85.875,30.486],[-85.825,30.502],[-85.775,30.517],[-85.748,30.525],[-85.725,30.532],[-85.675,30.545],[-85.625,30.559],[-85.575,30.571],[-85.559,30.575],[-85.525,30.583],[-85.475,30.594],[-85.425,30.605],[-85.375,30.615],[-85.325,30.625],[-85.323,30.625],[-85.275,30.633],[-85.225,30.641],[-85.175,30.649],[-85.125,30.655],[-85.075,30.661],[-85.025,30.665],[-84.975,30.669],[-84.925,30.672],[-84.875,30.674],[-84.825,30.674],[-84.775,30.674],[-84.725,30.672],[-84.675,30.67],[-84.625,30.666],[-84.575,30.661],[-84.525,30.655],[-84.475,30.648],[-84.425,30.64],[-84.375,30.631],[-84.34,30.625],[-84.325,30.622],[-84.275,30.613],[-84.225,30.603],[-84.175,30.593],[-84.125,30.584],[-84.079,30.575],[-84.075,30.574],[-84.025,30.565],[-83.975,30.557],[-83.925,30.55],[-83.875,30.543],[-83.825,30.537],[-83.775,30.532],[-83.725,30.529],[-83.675,30.526],[-83.658,30.525],[-83.625,30.524],[-83.575,30.523],[-83.525,30.523],[-83.475,30.524],[-83.443,30.525],[-83.425,30.526],[-83.375,30.529],[-83.325,30.532],[-83.275,30.537],[-83.225,30.543],[-83.175,30.55],[-83.125,30.558],[-83.075,30.567],[-83.033,30.575],[-83.025,30.577],[-82.975,30.587],[-82.925,30.599],[-82.875,30.612],[-82.828,30.625],[-82.825,30.626],[-82.775,30.64],[-82.725,30.656],[-82.675,30.673],[-82.669,30.675],[-82.625,30.69],[-82.575,30.709],[-82.533,30.725],[-82.525,30.728],[-82.475,30.748],[-82.425,30.769],[-82.411,30.775],[-82.375,30.79],[-82.325,30.812],[-82.297,30.825],[-82.275,30.835],[-82.225,30.858],[-82.188,30.875],[-82.175,30.881],[-82.125,30.905],[-82.082,30.925],[-82.075,30.928],[-82.025,30.951],[-81.975,30.975],[-81.974,30.975],[-81.925,30.997],[-81.875,31.02],[-81.864,31.025],[-81.825,31.042],[-81.775,31.063],[-81.747,31.075],[-81.725,31.084],[-81.675,31.104],[-81.625,31.122],[-81.617,31.125],[-81.575,31.14],[-81.525,31.155],[-81.484,31.166]],[[-81.385,31.185],[-81.375,31.187],[-81.361,31.189]]]}},{"type":"Feature","properties":{"date":"2013-03-07","label":"7 Mar","yday":66,"tier":"day","major":false},"geometry":{"type":"MultiLineString","coordinates":[[[-94.528,29.775],[-94.525,29.774],[-94.475,29.761],[-94.425,29.747]],[[-86.192,30.492],[-86.175,30.498],[-86.125,30.517],[-86.105,30.525],[-86.075,30.536],[-86.025,30.553],[-85.975,30.57],[-85.959,30.575],[-85.925,30.586],[-85.875,30.601],[-85.825,30.615],[-85.788,30.625],[-85.775,30.628],[-85.725,30.641],[-85.675,30.653],[-85.625,30.665],[-85.581,30.675],[-85.575,30.676],[-85.525,30.687],[-85.475,30.697],[-85.425,30.707],[-85.375,30.716],[-85.326,30.725],[-85.325,30.725],[-85.275,30.733],[-85.225,30.741],[-85.175,30.748],[-85.125,30.754],[-85.075,30.759],[-85.025,30.763],[-84.975,30.766],[-84.925,30.769],[-84.875,30.77],[-84.825,30.771],[-84.775,30.77],[-84.725,30.768],[-84.675,30.765],[-84.625,30.76],[-84.575,30.754],[-84.525,30.747],[-84.475,30.739],[-84.425,30.73],[-84.397,30.725],[-84.375,30.721],[-84.325,30.711],[-84.275,30.7],[-84.225,30.69],[-84.175,30.679],[-84.155,30.675],[-84.125,30.669],[-84.075,30.659],[-84.025,30.649],[-83.975,30.64],[-83.925,30.633],[-83.875,30.626],[-83.869,30.625],[-83.825,30.62],[-83.775,30.615],[-83.725,30.611],[-83.675,30.608],[-83.625,30.607],[-83.575,30.606],[-83.525,30.606],[-83.475,30.607],[-83.425,30.609],[-83.375,30.613],[-83.325,30.617],[-83.275,30.622],[-83.249,30.625],[-83.225,30.628],[-83.175,30.635],[-83.125,30.643],[-83.075,30.652],[-83.025,30.663],[-82.975,30.674],[-82.97,30.675],[-82.925,30.686],[-82.875,30.699],[-82.825,30.713],[-82.786,30.725],[-82.775,30.728],[-82.725,30.744],[-82.675,30.761],[-82.636,30.775],[-82.625,30.779],[-82.575,30.797],[-82.525,30.817],[-82.504,30.825],[-82.475,30.837],[-82.425,30.857],[-82.384,30.875],[-82.375,30.879],[-82.325,30.901],[-82.275,30.923],[-82.27,30.925],[-82.225,30.945],[-82.175,30.968],[-82.16,30.975],[-82.125,30.991],[-82.075,31.014],[-82.051,31.025],[-82.025,31.037],[-81.975,31.059],[-81.939,31.075],[-81.925,31.081],[-81.875,31.103],[-81.825,31.125],[-81.825,31.125],[-81.775,31.146],[-81.725,31.166],[-81.702,31.175],[-81.675,31.186],[-81.625,31.204],[-81.575,31.222],[-81.565,31.225],[-81.525,31.237],[-81.475,31.251],[-81.425,31.26],[-81.375,31.267],[-81.325,31.273],[-81.295,31.275]]]}},{"type":"Feature","properties":{"date":"2013-03-08","label":"8 Mar","yday":67,"tier":"day","major":false},"geometry":{"type":"MultiLineString","coordinates":[[[-86.661,30.425],[-86.625,30.439],[-86.602,30.448]],[[-86.534,30.475],[-86.525,30.479],[-86.519,30.481]],[[-86.457,30.507],[-86.425,30.52],[-86.414,30.525],[-86.375,30.542],[-86.325,30.562],[-86.294,30.575],[-86.275,30.583],[-86.225,30.602],[-86.175,30.621],[-86.163,30.625],[-86.125,30.638],[-86.075,30.655],[-86.025,30.67],[-86.009,30.675],[-85.975,30.685],[-85.925,30.698],[-85.875,30.711],[-85.825,30.724],[-85.819,30.725],[-85.775,30.735],[-85.725,30.746],[-85.675,30.757],[-85.625,30.767],[-85.584,30.775],[-85.575,30.777],[-85.525,30.786],[-85.475,30.795],[-85.425,30.804],[-85.375,30.813],[-85.325,30.821],[-85.3,30.825],[-85.275,30.829],[-85.225,30.836],[-85.175,30.842],[-85.125,30.848],[-85.075,30.853],[-85.025,30.857],[-84.975,30.86],[-84.925,30.862],[-84.875,30.864],[-84.825,30.864],[-84.775,30.863],[-84.725,30.861],[-84.675,30.858],[-84.625,30.853],[-84.575,30.846],[-84.525,30.839],[-84.475,30.83],[-84.45,30.825],[-84.425,30.82],[-84.375,30.81],[-84.325,30.799],[-84.275,30.787],[-84.225,30.776],[-84.221,30.775],[-84.175,30.764],[-84.125,30.753],[-84.075,30.742],[-84.025,30.732],[-83.986,30.725],[-83.975,30.723],[-83.925,30.715],[-83.875,30.708],[-83.825,30.702],[-83.775,30.697],[-83.725,30.693],[-83.675,30.691],[-83.625,30.689],[-83.575,30.689],[-83.525,30.689],[-83.475,30.69],[-83.425,30.693],[-83.375,30.696],[-83.325,30.701],[-83.275,30.706],[-83.225,30.712],[-83.175,30.72],[-83.144,30.725],[-83.125,30.728],[-83.075,30.738],[-83.025,30.748],[-82.975,30.76],[-82.925,30.772],[-82.915,30.775],[-82.875,30.786],[-82.825,30.8],[-82.775,30.816],[-82.746,30.825],[-82.725,30.832],[-82.675,30.849],[-82.625,30.867],[-82.603,30.875],[-82.575,30.885],[-82.525,30.905],[-82.475,30.925],[-82.474,30.925],[-82.425,30.945],[-82.375,30.966],[-82.355,30.975],[-82.325,30.988],[-82.275,31.009],[-82.24,31.025],[-82.225,31.031],[-82.175,31.054],[-82.127,31.075],[-82.125,31.076],[-82.075,31.098],[-82.025,31.12],[-82.014,31.125],[-81.975,31.142],[-81.925,31.163],[-81.898,31.175],[-81.875,31.185],[-81.825,31.205],[-81.777,31.225],[-81.775,31.226],[-81.725,31.245],[-81.675,31.264],[-81.646,31.275],[-81.625,31.282],[-81.575,31.299],[-81.525,31.313],[-81.477,31.325],[-81.475,31.325],[-81.425,31.334],[-81.414,31.336]]]}},{"type":"Feature","properties":{"date":"2013-03-09","label":"9 Mar","yday":68,"tier":"day","major":false},"geometry":{"type":"MultiLineString","coordinates":[[[-86.925,30.469],[-86.911,30.475],[-86.875,30.489],[-86.825,30.507],[-86.775,30.524],[-86.773,30.525],[-86.725,30.541],[-86.675,30.558],[-86.625,30.575],[-86.624,30.575],[-86.575,30.592],[-86.525,30.61],[-86.487,30.625],[-86.475,30.63],[-86.425,30.651],[-86.375,30.671],[-86.364,30.675],[-86.325,30.69],[-86.275,30.709],[-86.229,30.725],[-86.225,30.727],[-86.175,30.743],[-86.125,30.758],[-86.075,30.771],[-86.062,30.775],[-86.025,30.784],[-85.975,30.796],[-85.925,30.807],[-85.875,30.818],[-85.839,30.825],[-85.825,30.828],[-85.775,30.837],[-85.725,30.846],[-85.675,30.855],[-85.625,30.864],[-85.575,30.873],[-85.561,30.875],[-85.525,30.881],[-85.475,30.889],[-85.425,30.897],[-85.375,30.905],[-85.325,30.913],[-85.275,30.92],[-85.236,30.925],[-85.225,30.926],[-85.175,30.932],[-85.125,30.938],[-85.075,30.943],[-85.025,30.946],[-84.975,30.95],[-84.925,30.952],[-84.875,30.953],[-84.825,30.954],[-84.775,30.953],[-84.725,30.952],[-84.675,30.948],[-84.625,30.943],[-84.575,30.937],[-84.525,30.928],[-84.507,30.925],[-84.475,30.919],[-84.425,30.909],[-84.375,30.898],[-84.325,30.886],[-84.278,30.875],[-84.275,30.874],[-84.225,30.862],[-84.175,30.85],[-84.125,30.838],[-84.075,30.826],[-84.068,30.825],[-84.025,30.816],[-83.975,30.806],[-83.925,30.797],[-83.875,30.789],[-83.825,30.783],[-83.775,30.779],[-83.725,30.775],[-83.721,30.775],[-83.675,30.773],[-83.625,30.772],[-83.575,30.772],[-83.525,30.772],[-83.475,30.774],[-83.457,30.775],[-83.425,30.777],[-83.375,30.78],[-83.325,30.785],[-83.275,30.791],[-83.225,30.797],[-83.175,30.805],[-83.125,30.814],[-83.075,30.823],[-83.068,30.825],[-83.025,30.834],[-82.975,30.846],[-82.925,30.859],[-82.875,30.873],[-82.868,30.875],[-82.825,30.888],[-82.775,30.903],[-82.725,30.919],[-82.709,30.925],[-82.675,30.937],[-82.625,30.954],[-82.575,30.973],[-82.57,30.975],[-82.525,30.992],[-82.475,31.012],[-82.443,31.025],[-82.425,31.032],[-82.375,31.053],[-82.325,31.074],[-82.322,31.075],[-82.275,31.095],[-82.225,31.117],[-82.206,31.125],[-82.175,31.138],[-82.125,31.16],[-82.089,31.175],[-82.075,31.181],[-82.025,31.202],[-81.975,31.223],[-81.97,31.225],[-81.925,31.244],[-81.875,31.264],[-81.847,31.275],[-81.825,31.284],[-81.775,31.303],[-81.725,31.322],[-81.716,31.325],[-81.675,31.34],[-81.625,31.356],[-81.575,31.372],[-81.563,31.375],[-81.525,31.385],[-81.475,31.396],[-81.425,31.405],[-81.375,31.412],[-81.363,31.413]]]}},{"type":"Feature","properties":{"date":"2013-03-10","label":"10 Mar","yday":69,"tier":"day","major":false},"geometry":{"type":"MultiLineString","coordinates":[[[-94.369,30.069],[-94.325,30.057],[-94.275,30.043],[-94.225,30.029],[-94.209,30.025]],[[-87.391,30.325],[-87.375,30.337],[-87.325,30.375],[-87.325,30.375],[-87.275,30.416],[-87.263,30.425],[-87.225,30.455],[-87.198,30.475],[-87.175,30.491]],[[-87.09,30.54],[-87.075,30.549],[-87.026,30.574]],[[-87.024,30.574],[-87.023,30.575],[-86.975,30.597],[-86.925,30.617],[-86.903,30.625],[-86.875,30.635],[-86.825,30.652],[-86.775,30.668],[-86.753,30.675],[-86.725,30.684],[-86.675,30.699],[-86.625,30.716],[-86.597,30.725],[-86.575,30.732],[-86.525,30.75],[-86.475,30.768],[-86.456,30.775],[-86.425,30.786],[-86.375,30.803],[-86.325,30.82],[-86.308,30.825],[-86.275,30.835],[-86.225,30.849],[-86.175,30.862],[-86.125,30.873],[-86.117,30.875],[-86.075,30.884],[-86.025,30.893],[-85.975,30.902],[-85.925,30.911],[-85.875,30.919],[-85.836,30.925],[-85.825,30.927],[-85.775,30.934],[-85.725,30.942],[-85.675,30.949],[-85.625,30.956],[-85.575,30.964],[-85.525,30.971],[-85.501,30.975],[-85.475,30.979],[-85.425,30.986],[-85.375,30.993],[-85.325,31.0],[-85.275,31.007],[-85.225,31.013],[-85.175,31.019],[-85.125,31.025],[-85.123,31.025],[-85.075,31.029],[-85.025,31.033],[-84.975,31.037],[-84.925,31.039],[-84.875,31.04],[-84.825,31.041],[-84.775,31.04],[-84.725,31.038],[-84.675,31.035],[-84.625,31.03],[-84.585,31.025],[-84.575,31.024],[-84.525,31.016],[-84.475,31.006],[-84.425,30.996],[-84.375,30.985],[-84.331,30.975],[-84.325,30.974],[-84.275,30.962],[-84.225,30.949],[-84.175,30.937],[-84.128,30.925],[-84.125,30.924],[-84.075,30.912],[-84.025,30.901],[-83.975,30.89],[-83.925,30.88],[-83.894,30.875],[-83.875,30.872],[-83.825,30.866],[-83.775,30.862],[-83.725,30.859],[-83.675,30.857],[-83.625,30.856],[-83.575,30.856],[-83.525,30.857],[-83.475,30.859],[-83.425,30.862],[-83.375,30.866],[-83.325,30.87],[-83.283,30.875],[-83.275,30.876],[-83.225,30.883],[-83.175,30.891],[-83.125,30.9],[-83.075,30.91],[-83.025,30.921],[-83.009,30.925],[-82.975,30.933],[-82.925,30.946],[-82.875,30.96],[-82.826,30.975],[-82.825,30.975],[-82.775,30.991],[-82.725,31.007],[-82.675,31.024],[-82.673,31.025],[-82.625,31.042],[-82.575,31.061],[-82.537,31.075],[-82.525,31.08],[-82.475,31.099],[-82.425,31.119],[-82.41,31.125],[-82.375,31.139],[-82.325,31.16],[-82.288,31.175],[-82.275,31.18],[-82.225,31.201],[-82.175,31.222],[-82.168,31.225],[-82.125,31.243],[-82.075,31.263],[-82.046,31.275],[-82.025,31.283],[-81.975,31.303],[-81.925,31.322],[-81.918,31.325],[-81.875,31.341],[-81.825,31.36],[-81.784,31.375],[-81.775,31.378],[-81.725,31.396],[-81.675,31.413],[-81.637,31.425],[-81.625,31.429],[-81.575,31.443],[-81.525,31.455],[-81.475,31.466],[-81.425,31.475],[-81.422,31.475],[-81.375,31.482],[-81.325,31.488],[-81.275,31.492],[-81.225,31.496],[-81.203,31.497]]]}},{"type":"Feature","properties":{"date":"2013-03-11","label":"11 Mar","yday":70,"tier":"five","major":false},"geometry":{"type":"MultiLineString","coordinates":[[[-94.375,30.19],[-94.325,30.177],[-94.316,30.175],[-94.275,30.164],[-94.225,30.151],[-94.175,30.137],[-94.129,30.125],[-94.125,30.124],[-94.075,30.111],[-94.025,30.098],[-94.006,30.094]],[[-89.659,30.209],[-89.625,30.199],[-89.575,30.183],[-89.569,30.181]],[[-94.76,30.26],[-94.725,30.256],[-94.675,30.249]],[[-89.73,30.23],[-89.725,30.229],[-89.712,30.225]],[[-89.975,30.279],[-89.943,30.275]],[[-87.671,30.275],[-87.625,30.303],[-87.592,30.325],[-87.575,30.337],[-87.525,30.372],[-87.521,30.375],[-87.475,30.409],[-87.455,30.425],[-87.425,30.448],[-87.391,30.475],[-87.375,30.488],[-87.328,30.525],[-87.325,30.527],[-87.275,30.565],[-87.26,30.575],[-87.225,30.599],[-87.185,30.625],[-87.175,30.631],[-87.125,30.661],[-87.099,30.675],[-87.075,30.688],[-87.025,30.712],[-86.996,30.725],[-86.975,30.734],[-86.925,30.753],[-86.875,30.77],[-86.861,30.775],[-86.825,30.787],[-86.775,30.803],[-86.725,30.82],[-86.709,30.825],[-86.675,30.836],[-86.625,30.852],[-86.575,30.869],[-86.556,30.875],[-86.525,30.885],[-86.475,30.901],[-86.425,30.916],[-86.394,30.925],[-86.375,30.93],[-86.325,30.943],[-86.275,30.955],[-86.225,30.965],[-86.175,30.974],[-86.17,30.975],[-86.125,30.982],[-86.075,30.989],[-86.025,30.996],[-85.975,31.003],[-85.925,31.009],[-85.875,31.015],[-85.825,31.021],[-85.789,31.025],[-85.775,31.027],[-85.725,31.033],[-85.675,31.039],[-85.625,31.045],[-85.575,31.051],[-85.525,31.058],[-85.475,31.065],[-85.425,31.072],[-85.402,31.075],[-85.375,31.079],[-85.325,31.085],[-85.275,31.092],[-85.225,31.098],[-85.175,31.104],[-85.125,31.11],[-85.075,31.114],[-85.025,31.118],[-84.975,31.121],[-84.925,31.124],[-84.875,31.125],[-84.841,31.125],[-84.825,31.125],[-84.821,31.125],[-84.775,31.124],[-84.725,31.122],[-84.675,31.119],[-84.625,31.114],[-84.575,31.108],[-84.525,31.101],[-84.475,31.092],[-84.425,31.082],[-84.39,31.075],[-84.375,31.072],[-84.325,31.061],[-84.275,31.049],[-84.225,31.037],[-84.176,31.025],[-84.175,31.025],[-84.125,31.012],[-84.075,31.0],[-84.025,30.989],[-83.975,30.978],[-83.961,30.975],[-83.925,30.968],[-83.875,30.96],[-83.825,30.953],[-83.775,30.949],[-83.725,30.946],[-83.675,30.944],[-83.625,30.943],[-83.575,30.943],[-83.525,30.944],[-83.475,30.946],[-83.425,30.949],[-83.375,30.953],[-83.325,30.957],[-83.275,30.963],[-83.225,30.97],[-83.193,30.975],[-83.175,30.978],[-83.125,30.987],[-83.075,30.998],[-83.025,31.009],[-82.975,31.021],[-82.962,31.025],[-82.925,31.035],[-82.875,31.049],[-82.825,31.064],[-82.789,31.075],[-82.775,31.079],[-82.725,31.096],[-82.675,31.113],[-82.64,31.125],[-82.625,31.13],[-82.575,31.149],[-82.525,31.167],[-82.505,31.175],[-82.475,31.187],[-82.425,31.206],[-82.377,31.225],[-82.375,31.226],[-82.325,31.246],[-82.275,31.266],[-82.253,31.275],[-82.225,31.286],[-82.175,31.306],[-82.127,31.325],[-82.125,31.326],[-82.075,31.345],[-82.025,31.364],[-81.995,31.375],[-81.975,31.382],[-81.925,31.4],[-81.875,31.418],[-81.855,31.425],[-81.825,31.436],[-81.775,31.453],[-81.725,31.47],[-81.709,31.475],[-81.675,31.486],[-81.625,31.501],[-81.575,31.514],[-81.528,31.525],[-81.525,31.526],[-81.475,31.536],[-81.425,31.545],[-81.375,31.552],[-81.325,31.558],[-81.275,31.562],[-81.225,31.566],[-81.175,31.569]]]}},{"type":"Feature","properties":{"date":"2013-03-12","label":"12 Mar","yday":71,"tier":"day","major":false},"geometry":{"type":"MultiLineString","coordinates":[[[-93.406,30.225],[-93.375,30.229],[-93.325,30.236],[-93.275,30.243],[-93.225,30.249],[-93.175,30.256],[-93.125,30.263],[-93.075,30.271],[-93.054,30.275],[-93.025,30.28],[-92.975,30.289],[-92.925,30.298],[-92.897,30.303]],[[-94.426,30.326],[-94.425,30.326],[-94.422,30.325],[-94.375,30.315],[-94.325,30.304],[-94.275,30.293],[-94.225,30.28],[-94.203,30.275],[-94.175,30.268],[-94.125,30.256],[-94.075,30.244],[-94.025,30.232],[-93.993,30.225],[-93.975,30.221],[-93.925,30.211]],[[-92.775,30.325],[-92.775,30.325],[-92.725,30.334],[-92.675,30.342],[-92.625,30.35],[-92.595,30.355]],[[-90.025,30.375],[-89.975,30.37],[-89.925,30.363],[-89.875,30.355],[-89.825,30.346],[-89.775,30.335],[-89.729,30.325],[-89.725,30.324],[-89.675,30.312],[-89.625,30.298],[-89.575,30.284],[-89.545,30.275],[-89.525,30.269],[-89.475,30.253],[-89.425,30.237]],[[-87.789,30.339],[-87.775,30.347],[-87.726,30.375],[-87.725,30.375],[-87.675,30.407],[-87.648,30.425],[-87.625,30.441],[-87.577,30.475],[-87.575,30.477],[-87.525,30.514],[-87.511,30.525],[-87.475,30.552],[-87.445,30.575],[-87.425,30.59],[-87.378,30.625],[-87.375,30.627],[-87.325,30.663],[-87.307,30.675],[-87.275,30.696],[-87.23,30.725],[-87.225,30.728],[-87.175,30.758],[-87.144,30.775],[-87.125,30.785],[-87.075,30.81],[-87.042,30.825],[-87.025,30.833],[-86.975,30.854],[-86.925,30.873],[-86.92,30.875],[-86.875,30.891],[-86.825,30.909],[-86.78,30.925],[-86.775,30.927],[-86.725,30.943],[-86.675,30.96],[-86.629,30.975],[-86.625,30.976],[-86.575,30.992],[-86.525,31.007],[-86.475,31.021],[-86.461,31.025],[-86.425,31.034],[-86.375,31.046],[-86.325,31.056],[-86.275,31.065],[-86.225,31.072],[-86.2,31.075],[-86.175,31.078],[-86.125,31.083],[-86.075,31.088],[-86.025,31.092],[-85.975,31.097],[-85.925,31.101],[-85.875,31.105],[-85.825,31.11],[-85.775,31.114],[-85.725,31.119],[-85.675,31.125],[-85.672,31.125],[-85.625,31.13],[-85.575,31.136],[-85.525,31.142],[-85.475,31.149],[-85.425,31.155],[-85.375,31.162],[-85.325,31.169],[-85.278,31.175],[-85.275,31.175],[-85.225,31.182],[-85.175,31.188],[-85.125,31.193],[-85.075,31.198],[-85.025,31.202],[-84.975,31.205],[-84.925,31.207],[-84.875,31.208],[-84.825,31.208],[-84.775,31.207],[-84.725,31.205],[-84.675,31.202],[-84.625,31.197],[-84.575,31.192],[-84.525,31.185],[-84.475,31.177],[-84.465,31.175],[-84.425,31.168],[-84.375,31.158],[-84.325,31.148],[-84.275,31.137],[-84.225,31.125],[-84.224,31.125],[-84.175,31.114],[-84.125,31.102],[-84.075,31.091],[-84.025,31.079],[-84.003,31.075],[-83.975,31.069],[-83.925,31.06],[-83.875,31.052],[-83.825,31.045],[-83.775,31.04],[-83.725,31.036],[-83.675,31.034],[-83.625,31.032],[-83.575,31.032],[-83.525,31.033],[-83.475,31.035],[-83.425,31.038],[-83.375,31.042],[-83.325,31.047],[-83.275,31.053],[-83.225,31.06],[-83.175,31.068],[-83.137,31.075],[-83.125,31.077],[-83.075,31.088],[-83.025,31.099],[-82.975,31.111],[-82.925,31.124],[-82.923,31.125],[-82.875,31.138],[-82.825,31.153],[-82.775,31.169],[-82.756,31.175],[-82.725,31.185],[-82.675,31.202],[-82.625,31.22],[-82.611,31.225],[-82.575,31.238],[-82.525,31.257],[-82.476,31.275],[-82.475,31.275],[-82.425,31.295],[-82.375,31.314],[-82.348,31.325],[-82.325,31.334],[-82.275,31.353],[-82.225,31.373],[-82.218,31.375],[-82.175,31.391],[-82.125,31.41],[-82.082,31.425],[-82.075,31.428],[-82.025,31.445],[-81.975,31.462],[-81.936,31.475],[-81.925,31.479],[-81.875,31.495],[-81.825,31.512],[-81.786,31.525],[-81.775,31.529],[-81.725,31.545],[-81.675,31.56],[-81.625,31.574],[-81.621,31.575],[-81.575,31.587],[-81.525,31.598],[-81.475,31.607],[-81.425,31.616],[-81.375,31.623],[-81.356,31.625],[-81.325,31.629],[-81.275,31.633],[-81.266,31.634]],[[-94.825,30.38],[-94.775,30.376],[-94.764,30.375],[-94.725,30.371],[-94.675,30.366]],[[-90.125,30.38],[-90.075,30.378],[-90.028,30.375]]]}},{"type":"Feature","properties":{"date":"2013-03-13","label":"13 Mar","yday":72,"tier":"day","major":false},"geometry":{"type":"MultiLineString","coordinates":[[[-93.691,30.341],[-93.675,30.341],[-93.625,30.343],[-93.575,30.345],[-93.525,30.349],[-93.475,30.354],[-93.425,30.359],[-93.375,30.364],[-93.325,30.37],[-93.283,30.375],[-93.275,30.376],[-93.225,30.382],[-93.175,30.389],[-93.125,30.396],[-93.075,30.404],[-93.025,30.412],[-92.975,30.42],[-92.943,30.425],[-92.925,30.428],[-92.875,30.436],[-92.825,30.444],[-92.775,30.452],[-92.725,30.46],[-92.675,30.468],[-92.625,30.475],[-92.622,30.475],[-92.575,30.481],[-92.525,30.487],[-92.475,30.493]],[[-87.872,30.422],[-87.868,30.425],[-87.825,30.448],[-87.779,30.475],[-87.775,30.477],[-87.725,30.509],[-87.7,30.525],[-87.675,30.542],[-87.628,30.575],[-87.625,30.577],[-87.575,30.613],[-87.558,30.625],[-87.525,30.649],[-87.489,30.675],[-87.475,30.685],[-87.425,30.72],[-87.418,30.725],[-87.375,30.754],[-87.342,30.775],[-87.325,30.786],[-87.275,30.817],[-87.261,30.825],[-87.225,30.845],[-87.175,30.872],[-87.17,30.875],[-87.125,30.898],[-87.075,30.921],[-87.066,30.925],[-87.025,30.943],[-86.975,30.964],[-86.947,30.975],[-86.925,30.984],[-86.875,31.002],[-86.825,31.021],[-86.813,31.025],[-86.775,31.038],[-86.725,31.055],[-86.675,31.071],[-86.664,31.075],[-86.625,31.087],[-86.575,31.102],[-86.525,31.116],[-86.49,31.125],[-86.475,31.129],[-86.425,31.14],[-86.375,31.15],[-86.325,31.158],[-86.275,31.164],[-86.225,31.169],[-86.175,31.173],[-86.147,31.175],[-86.125,31.176],[-86.075,31.179],[-86.025,31.182],[-85.975,31.185],[-85.925,31.188],[-85.875,31.191],[-85.825,31.195],[-85.775,31.199],[-85.725,31.203],[-85.675,31.207],[-85.625,31.213],[-85.575,31.218],[-85.525,31.224],[-85.519,31.225],[-85.475,31.23],[-85.425,31.237],[-85.375,31.244],[-85.325,31.251],[-85.275,31.258],[-85.225,31.264],[-85.175,31.271],[-85.135,31.275],[-85.125,31.276],[-85.075,31.281],[-85.025,31.285],[-84.975,31.288],[-84.925,31.29],[-84.875,31.291],[-84.825,31.291],[-84.775,31.29],[-84.725,31.288],[-84.675,31.285],[-84.625,31.281],[-84.575,31.275],[-84.574,31.275],[-84.525,31.269],[-84.475,31.261],[-84.425,31.253],[-84.375,31.244],[-84.325,31.234],[-84.279,31.225],[-84.275,31.224],[-84.225,31.214],[-84.175,31.203],[-84.125,31.192],[-84.075,31.182],[-84.043,31.175],[-84.025,31.171],[-83.975,31.162],[-83.925,31.153],[-83.875,31.145],[-83.825,31.139],[-83.775,31.133],[-83.725,31.129],[-83.675,31.126],[-83.63,31.125],[-83.625,31.125],[-83.575,31.124],[-83.536,31.125],[-83.525,31.125],[-83.475,31.127],[-83.425,31.13],[-83.375,31.134],[-83.325,31.139],[-83.275,31.145],[-83.225,31.152],[-83.175,31.16],[-83.125,31.169],[-83.095,31.175],[-83.075,31.179],[-83.025,31.19],[-82.975,31.203],[-82.925,31.216],[-82.891,31.225],[-82.875,31.23],[-82.825,31.244],[-82.775,31.26],[-82.729,31.275],[-82.725,31.276],[-82.675,31.293],[-82.625,31.311],[-82.586,31.325],[-82.575,31.329],[-82.525,31.348],[-82.475,31.367],[-82.453,31.375],[-82.425,31.386],[-82.375,31.405],[-82.325,31.424],[-82.322,31.425],[-82.275,31.443],[-82.225,31.461],[-82.185,31.475],[-82.175,31.479],[-82.125,31.496],[-82.075,31.513],[-82.037,31.525],[-82.025,31.529],[-81.975,31.545],[-81.925,31.56],[-81.877,31.575],[-81.875,31.576],[-81.825,31.592],[-81.775,31.608],[-81.725,31.623],[-81.718,31.625],[-81.675,31.637],[-81.625,31.65],[-81.575,31.661],[-81.525,31.672],[-81.506,31.675],[-81.475,31.681],[-81.425,31.689],[-81.375,31.695],[-81.325,31.701],[-81.275,31.706],[-81.225,31.709]],[[-94.475,30.464],[-94.425,30.456],[-94.375,30.447],[-94.325,30.438],[-94.275,30.428],[-94.261,30.425],[-94.225,30.418],[-94.175,30.407],[-94.125,30.397],[-94.075,30.387],[-94.025,30.377],[-94.016,30.375],[-93.975,30.367],[-93.925,30.359],[-93.875,30.352],[-93.825,30.347],[-93.805,30.345]],[[-90.89,30.44],[-90.875,30.44],[-90.825,30.442],[-90.775,30.444],[-90.725,30.446],[-90.675,30.449],[-90.625,30.452],[-90.575,30.455],[-90.525,30.459],[-90.475,30.462],[-90.425,30.465],[-90.375,30.468],[-90.33,30.47]],[[-90.172,30.472],[-90.125,30.47],[-90.075,30.468],[-90.025,30.464],[-89.975,30.459],[-89.925,30.453],[-89.875,30.445],[-89.825,30.437],[-89.775,30.427],[-89.764,30.425],[-89.725,30.417],[-89.675,30.406],[-89.625,30.393],[-89.575,30.381],[-89.554,30.375],[-89.525,30.367],[-89.475,30.353],[-89.425,30.338],[-89.38,30.325],[-89.376,30.324]]]}},{"type":"Feature","properties":{"date":"2013-03-14","label":"14 Mar","yday":73,"tier":"day","major":false},"geometry":{"type":"MultiLineString","coordinates":[[[-88.494,30.344],[-88.475,30.347],[-88.448,30.352]],[[-88.247,30.397],[-88.225,30.403],[-88.175,30.418],[-88.154,30.425],[-88.125,30.435]],[[-91.055,30.555],[-91.025,30.554],[-90.975,30.553],[-90.925,30.552],[-90.875,30.552],[-90.825,30.552],[-90.775,30.553],[-90.725,30.554],[-90.675,30.555],[-90.625,30.557],[-90.575,30.558],[-90.525,30.56],[-90.475,30.561],[-90.425,30.562],[-90.375,30.563],[-90.325,30.564],[-90.275,30.564],[-90.225,30.563],[-90.175,30.562],[-90.125,30.56],[-90.075,30.557],[-90.025,30.553],[-89.975,30.548],[-89.925,30.542],[-89.875,30.535],[-89.825,30.527],[-89.814,30.525],[-89.775,30.518],[-89.725,30.509],[-89.675,30.498],[-89.625,30.487],[-89.575,30.476],[-89.572,30.475],[-89.525,30.463],[-89.475,30.45],[-89.425,30.437],[-89.381,30.425],[-89.375,30.423],[-89.325,30.41],[-89.275,30.396],[-89.225,30.383],[-89.193,30.375],[-89.179,30.371]],[[-87.875,30.547],[-87.827,30.575],[-87.825,30.576],[-87.775,30.607],[-87.747,30.625],[-87.725,30.639],[-87.675,30.673],[-87.671,30.675],[-87.625,30.706],[-87.598,30.725],[-87.575,30.74],[-87.525,30.774],[-87.524,30.775],[-87.475,30.807],[-87.447,30.825],[-87.425,30.839],[-87.375,30.87],[-87.366,30.875],[-87.325,30.899],[-87.279,30.925],[-87.275,30.927],[-87.225,30.954],[-87.183,30.975],[-87.175,30.979],[-87.125,31.003],[-87.076,31.025],[-87.075,31.025],[-87.025,31.047],[-86.975,31.067],[-86.955,31.075],[-86.925,31.086],[-86.875,31.105],[-86.825,31.123],[-86.819,31.125],[-86.775,31.14],[-86.725,31.156],[-86.675,31.172],[-86.664,31.175],[-86.625,31.186],[-86.575,31.2],[-86.525,31.214],[-86.478,31.225],[-86.475,31.226],[-86.425,31.236],[-86.375,31.244],[-86.325,31.25],[-86.275,31.254],[-86.225,31.257],[-86.175,31.26],[-86.125,31.262],[-86.075,31.264],[-86.025,31.266],[-85.975,31.268],[-85.925,31.271],[-85.875,31.273],[-85.85,31.275],[-85.825,31.277],[-85.775,31.28],[-85.725,31.284],[-85.675,31.289],[-85.625,31.294],[-85.575,31.299],[-85.525,31.305],[-85.475,31.312],[-85.425,31.318],[-85.38,31.325],[-85.375,31.326],[-85.325,31.333],[-85.275,31.34],[-85.225,31.347],[-85.175,31.354],[-85.125,31.359],[-85.075,31.364],[-85.025,31.368],[-84.975,31.371],[-84.925,31.373],[-84.875,31.375],[-84.825,31.375],[-84.775,31.374],[-84.725,31.371],[-84.675,31.368],[-84.625,31.364],[-84.575,31.359],[-84.525,31.353],[-84.475,31.346],[-84.425,31.338],[-84.375,31.33],[-84.346,31.325],[-84.325,31.321],[-84.275,31.312],[-84.225,31.302],[-84.175,31.292],[-84.125,31.283],[-84.085,31.275],[-84.075,31.273],[-84.025,31.264],[-83.975,31.255],[-83.925,31.247],[-83.875,31.239],[-83.825,31.233],[-83.775,31.228],[-83.738,31.225],[-83.725,31.224],[-83.675,31.221],[-83.625,31.219],[-83.575,31.219],[-83.525,31.219],[-83.475,31.221],[-83.425,31.224],[-83.406,31.225],[-83.375,31.227],[-83.325,31.232],[-83.275,31.238],[-83.225,31.245],[-83.175,31.253],[-83.125,31.262],[-83.075,31.272],[-83.063,31.275],[-83.025,31.284],[-82.975,31.296],[-82.925,31.308],[-82.875,31.322],[-82.866,31.325],[-82.825,31.337],[-82.775,31.353],[-82.725,31.369],[-82.709,31.375],[-82.675,31.387],[-82.625,31.405],[-82.575,31.423],[-82.57,31.425],[-82.525,31.442],[-82.475,31.461],[-82.437,31.475],[-82.425,31.479],[-82.375,31.498],[-82.325,31.517],[-82.302,31.525],[-82.275,31.535],[-82.225,31.553],[-82.175,31.569],[-82.158,31.575],[-82.125,31.586],[-82.075,31.602],[-82.025,31.617],[-81.999,31.625],[-81.975,31.632],[-81.925,31.647],[-81.875,31.662],[-81.832,31.675],[-81.825,31.677],[-81.775,31.692],[-81.725,31.705],[-81.675,31.717],[-81.641,31.725],[-81.625,31.729],[-81.575,31.739],[-81.525,31.748],[-81.475,31.757],[-81.425,31.764],[-81.375,31.77],[-81.329,31.775],[-81.325,31.775],[-81.275,31.78],[-81.225,31.783],[-81.175,31.785],[-81.125,31.786],[-81.075,31.787]],[[-94.61,30.61],[-94.575,30.607],[-94.525,30.602],[-94.475,30.597],[-94.425,30.59],[-94.375,30.583],[-94.325,30.576],[-94.318,30.575],[-94.275,30.568],[-94.225,30.56],[-94.175,30.552],[-94.125,30.543],[-94.075,30.535],[-94.025,30.526],[-94.016,30.525],[-93.975,30.518],[-93.925,30.511],[-93.875,30.505],[-93.825,30.5],[-93.775,30.495],[-93.725,30.492],[-93.675,30.491],[-93.625,30.49],[-93.575,30.491],[-93.525,30.492],[-93.475,30.495],[-93.425,30.498],[-93.375,30.502],[-93.325,30.506],[-93.275,30.511],[-93.225,30.516],[-93.175,30.522],[-93.154,30.525],[-93.125,30.529],[-93.075,30.535],[-93.025,30.542],[-92.975,30.549],[-92.925,30.556],[-92.875,30.563],[-92.825,30.57],[-92.789,30.575],[-92.775,30.577],[-92.725,30.583],[-92.675,30.59],[-92.625,30.595],[-92.575,30.601],[-92.525,30.606],[-92.475,30.61],[-92.425,30.614]]]}},{"type":"Feature","properties":{"date":"2013-03-15","label":"15 Mar","yday":74,"tier":"day","major":false},"geometry":{"type":"MultiLineString","coordinates":[[[-88.834,30.434],[-88.825,30.433],[-88.775,30.433],[-88.725,30.435],[-88.675,30.437],[-88.625,30.441],[-88.575,30.446],[-88.525,30.452],[-88.475,30.46],[-88.425,30.47],[-88.4,30.475],[-88.375,30.48],[-88.325,30.493],[-88.275,30.506],[-88.225,30.52],[-88.211,30.525],[-88.175,30.536],[-88.125,30.554]],[[-91.173,30.673],[-91.125,30.669],[-91.075,30.666],[-91.025,30.664],[-90.975,30.662],[-90.925,30.66],[-90.875,30.659],[-90.825,30.658],[-90.775,30.658],[-90.725,30.657],[-90.675,30.657],[-90.625,30.657],[-90.575,30.657],[-90.525,30.657],[-90.475,30.657],[-90.425,30.657],[-90.375,30.657],[-90.325,30.656],[-90.275,30.655],[-90.225,30.654],[-90.175,30.652],[-90.125,30.649],[-90.075,30.645],[-90.025,30.641],[-89.975,30.636],[-89.925,30.631],[-89.882,30.625],[-89.875,30.624],[-89.825,30.617],[-89.775,30.609],[-89.725,30.6],[-89.675,30.591],[-89.625,30.581],[-89.596,30.575],[-89.575,30.57],[-89.525,30.559],[-89.475,30.548],[-89.425,30.536],[-89.381,30.525],[-89.375,30.523],[-89.325,30.511],[-89.275,30.499],[-89.225,30.486],[-89.176,30.475],[-89.175,30.475],[-89.125,30.464],[-89.075,30.455],[-89.025,30.447],[-89.005,30.445]],[[-87.925,30.645],[-87.875,30.673],[-87.872,30.675],[-87.825,30.702],[-87.788,30.725],[-87.775,30.733],[-87.725,30.764],[-87.708,30.775],[-87.675,30.796],[-87.63,30.825],[-87.625,30.828],[-87.575,30.859],[-87.55,30.875],[-87.525,30.89],[-87.475,30.92],[-87.467,30.925],[-87.425,30.95],[-87.381,30.975],[-87.375,30.978],[-87.325,31.005],[-87.287,31.025],[-87.275,31.031],[-87.225,31.056],[-87.185,31.075],[-87.175,31.08],[-87.125,31.102],[-87.075,31.124],[-87.072,31.125],[-87.025,31.144],[-86.975,31.164],[-86.945,31.175],[-86.925,31.182],[-86.875,31.2],[-86.825,31.217],[-86.8,31.225],[-86.775,31.233],[-86.725,31.248],[-86.675,31.263],[-86.631,31.275],[-86.625,31.276],[-86.575,31.289],[-86.525,31.301],[-86.475,31.311],[-86.425,31.321],[-86.394,31.325],[-86.375,31.328],[-86.325,31.332],[-86.275,31.335],[-86.225,31.338],[-86.175,31.34],[-86.125,31.342],[-86.075,31.343],[-86.025,31.345],[-85.975,31.347],[-85.925,31.35],[-85.875,31.352],[-85.825,31.356],[-85.775,31.359],[-85.725,31.364],[-85.675,31.369],[-85.625,31.374],[-85.617,31.375],[-85.575,31.38],[-85.525,31.386],[-85.475,31.393],[-85.425,31.401],[-85.375,31.408],[-85.325,31.416],[-85.275,31.423],[-85.264,31.425],[-85.225,31.43],[-85.175,31.437],[-85.125,31.443],[-85.075,31.448],[-85.025,31.452],[-84.975,31.455],[-84.925,31.457],[-84.875,31.458],[-84.825,31.458],[-84.775,31.457],[-84.725,31.455],[-84.675,31.452],[-84.625,31.448],[-84.575,31.443],[-84.525,31.438],[-84.475,31.431],[-84.431,31.425],[-84.425,31.424],[-84.375,31.416],[-84.325,31.408],[-84.275,31.4],[-84.225,31.391],[-84.175,31.382],[-84.136,31.375],[-84.125,31.373],[-84.075,31.364],[-84.025,31.356],[-83.975,31.348],[-83.925,31.34],[-83.875,31.334],[-83.825,31.328],[-83.794,31.325],[-83.775,31.323],[-83.725,31.319],[-83.675,31.317],[-83.625,31.315],[-83.575,31.314],[-83.525,31.315],[-83.475,31.316],[-83.425,31.319],[-83.375,31.323],[-83.352,31.325],[-83.325,31.328],[-83.275,31.334],[-83.225,31.34],[-83.175,31.348],[-83.125,31.357],[-83.075,31.367],[-83.04,31.375],[-83.025,31.378],[-82.975,31.39],[-82.925,31.403],[-82.875,31.417],[-82.849,31.425],[-82.825,31.432],[-82.775,31.449],[-82.725,31.466],[-82.698,31.475],[-82.675,31.483],[-82.625,31.502],[-82.575,31.52],[-82.562,31.525],[-82.525,31.539],[-82.475,31.558],[-82.43,31.575],[-82.425,31.577],[-82.375,31.595],[-82.325,31.614],[-82.293,31.625],[-82.275,31.631],[-82.225,31.649],[-82.175,31.665],[-82.144,31.675],[-82.125,31.681],[-82.075,31.696],[-82.025,31.711],[-81.977,31.725],[-81.975,31.726],[-81.925,31.74],[-81.875,31.753],[-81.825,31.767],[-81.791,31.775],[-81.775,31.779],[-81.725,31.791],[-81.675,31.801],[-81.625,31.811],[-81.575,31.82],[-81.543,31.825],[-81.525,31.828],[-81.475,31.836],[-81.425,31.842],[-81.375,31.848],[-81.325,31.853],[-81.275,31.856],[-81.225,31.859],[-81.175,31.861],[-81.125,31.861],[-81.111,31.861]],[[-94.749,30.749],[-94.725,30.748],[-94.675,30.746],[-94.625,30.744],[-94.575,30.741],[-94.525,30.737],[-94.475,30.732],[-94.425,30.728],[-94.401,30.725],[-94.375,30.722],[-94.325,30.716],[-94.275,30.71],[-94.225,30.704],[-94.175,30.697],[-94.125,30.69],[-94.075,30.683],[-94.025,30.676],[-94.018,30.675],[-93.975,30.669],[-93.925,30.662],[-93.875,30.656],[-93.825,30.65],[-93.775,30.645],[-93.725,30.641],[-93.675,30.638],[-93.625,30.636],[-93.575,30.635],[-93.525,30.634],[-93.475,30.635],[-93.425,30.636],[-93.375,30.638],[-93.325,30.641],[-93.275,30.645],[-93.225,30.649],[-93.175,30.654],[-93.125,30.659],[-93.075,30.664],[-93.025,30.67],[-92.981,30.675],[-92.975,30.676],[-92.925,30.682],[-92.875,30.687],[-92.825,30.693],[-92.775,30.698],[-92.725,30.704],[-92.675,30.708],[-92.625,30.713],[-92.575,30.717],[-92.525,30.72],[-92.475,30.724],[-92.454,30.725],[-92.425,30.727],[-92.375,30.729],[-92.325,30.731],[-92.275,30.733],[-92.225,30.734],[-92.175,30.735],[-92.125,30.735]]]}},{"type":"Feature","properties":{"date":"2013-03-16","label":"16 Mar","yday":75,"tier":"index","major":true},"geometry":{"type":"MultiLineString","coordinates":[[[-88.011,30.725],[-87.975,30.743],[-87.925,30.769],[-87.914,30.775],[-87.875,30.796],[-87.825,30.824],[-87.824,30.825],[-87.775,30.853],[-87.738,30.875],[-87.725,30.883],[-87.675,30.912],[-87.654,30.925],[-87.625,30.941],[-87.575,30.971],[-87.567,30.975],[-87.525,30.999],[-87.479,31.025],[-87.475,31.027],[-87.425,31.054],[-87.385,31.075],[-87.375,31.08],[-87.325,31.105],[-87.285,31.125],[-87.275,31.13],[-87.225,31.153],[-87.176,31.175],[-87.175,31.175],[-87.125,31.197],[-87.075,31.217],[-87.055,31.225],[-87.025,31.236],[-86.975,31.255],[-86.925,31.272],[-86.917,31.275],[-86.875,31.289],[-86.825,31.304],[-86.775,31.319],[-86.754,31.325],[-86.725,31.333],[-86.675,31.346],[-86.625,31.358],[-86.575,31.369],[-86.549,31.375],[-86.525,31.38],[-86.475,31.389],[-86.425,31.396],[-86.375,31.402],[-86.325,31.406],[-86.275,31.41],[-86.225,31.412],[-86.175,31.414],[-86.125,31.416],[-86.075,31.418],[-86.025,31.42],[-85.975,31.423],[-85.936,31.425],[-85.925,31.426],[-85.875,31.429],[-85.825,31.433],[-85.775,31.437],[-85.725,31.442],[-85.675,31.447],[-85.625,31.453],[-85.575,31.46],[-85.525,31.467],[-85.475,31.475],[-85.475,31.475],[-85.425,31.483],[-85.375,31.491],[-85.325,31.499],[-85.275,31.507],[-85.225,31.514],[-85.175,31.521],[-85.142,31.525],[-85.125,31.527],[-85.075,31.532],[-85.025,31.536],[-84.975,31.54],[-84.925,31.542],[-84.875,31.543],[-84.825,31.543],[-84.775,31.542],[-84.725,31.54],[-84.675,31.537],[-84.625,31.533],[-84.575,31.528],[-84.545,31.525],[-84.525,31.523],[-84.475,31.517],[-84.425,31.51],[-84.375,31.503],[-84.325,31.495],[-84.275,31.487],[-84.225,31.479],[-84.199,31.475],[-84.175,31.471],[-84.125,31.463],[-84.075,31.455],[-84.025,31.448],[-83.975,31.44],[-83.925,31.434],[-83.875,31.428],[-83.847,31.425],[-83.825,31.423],[-83.775,31.418],[-83.725,31.415],[-83.675,31.412],[-83.625,31.411],[-83.575,31.41],[-83.525,31.411],[-83.475,31.413],[-83.425,31.415],[-83.375,31.419],[-83.325,31.424],[-83.318,31.425],[-83.275,31.43],[-83.225,31.437],[-83.175,31.445],[-83.125,31.454],[-83.075,31.464],[-83.027,31.475],[-83.025,31.475],[-82.975,31.488],[-82.925,31.501],[-82.875,31.515],[-82.844,31.525],[-82.825,31.531],[-82.775,31.548],[-82.725,31.565],[-82.698,31.575],[-82.675,31.583],[-82.625,31.602],[-82.575,31.621],[-82.565,31.625],[-82.525,31.64],[-82.475,31.659],[-82.434,31.675],[-82.425,31.678],[-82.375,31.697],[-82.325,31.715],[-82.297,31.725],[-82.275,31.733],[-82.225,31.75],[-82.175,31.766],[-82.145,31.775],[-82.125,31.781],[-82.075,31.796],[-82.025,31.81],[-81.975,31.823],[-81.968,31.825],[-81.925,31.836],[-81.875,31.848],[-81.825,31.86],[-81.775,31.87],[-81.75,31.875],[-81.725,31.88],[-81.675,31.889],[-81.625,31.897],[-81.575,31.905],[-81.525,31.912],[-81.475,31.919],[-81.425,31.924],[-81.419,31.925],[-81.375,31.929],[-81.325,31.933],[-81.275,31.936],[-81.225,31.938],[-81.175,31.939],[-81.125,31.939],[-81.075,31.938],[-81.025,31.937],[-80.975,31.935],[-80.966,31.934]],[[-91.236,30.786],[-91.225,30.785],[-91.175,30.781],[-91.125,30.777],[-91.095,30.775],[-91.075,30.774],[-91.025,30.77],[-90.975,30.768],[-90.925,30.765],[-90.875,30.763],[-90.825,30.761],[-90.775,30.759],[-90.725,30.758],[-90.675,30.757],[-90.625,30.755],[-90.575,30.754],[-90.525,30.753],[-90.475,30.752],[-90.425,30.751],[-90.375,30.749],[-90.325,30.748],[-90.275,30.746],[-90.225,30.743],[-90.175,30.741],[-90.125,30.738],[-90.075,30.734],[-90.025,30.73],[-89.976,30.725],[-89.975,30.725],[-89.925,30.719],[-89.875,30.713],[-89.825,30.707],[-89.775,30.7],[-89.725,30.692],[-89.675,30.684],[-89.627,30.675],[-89.625,30.675],[-89.575,30.665],[-89.525,30.655],[-89.475,30.645],[-89.425,30.635],[-89.38,30.625],[-89.375,30.624],[-89.325,30.613],[-89.275,30.602],[-89.225,30.592],[-89.175,30.582],[-89.139,30.575],[-89.125,30.572],[-89.075,30.564],[-89.025,30.557],[-88.975,30.552],[-88.925,30.548],[-88.875,30.546],[-88.825,30.545],[-88.775,30.545],[-88.725,30.547],[-88.675,30.55],[-88.625,30.554],[-88.575,30.56],[-88.525,30.568],[-88.482,30.575],[-88.475,30.576],[-88.425,30.586],[-88.375,30.598],[-88.325,30.611],[-88.275,30.625],[-88.275,30.625],[-88.225,30.64],[-88.175,30.657],[-88.125,30.675],[-88.125,30.675],[-88.075,30.695],[-88.038,30.712]],[[-95.073,30.873],[-95.025,30.875],[-95.015,30.875],[-94.975,30.877],[-94.925,30.878],[-94.875,30.879],[-94.825,30.88],[-94.775,30.88],[-94.725,30.88],[-94.675,30.878],[-94.625,30.877],[-94.592,30.875],[-94.575,30.874],[-94.525,30.871],[-94.475,30.868],[-94.425,30.864],[-94.375,30.859],[-94.325,30.854],[-94.275,30.849],[-94.225,30.844],[-94.175,30.839],[-94.125,30.833],[-94.075,30.827],[-94.058,30.825],[-94.025,30.821],[-93.975,30.814],[-93.925,30.807],[-93.875,30.801],[-93.825,30.795],[-93.775,30.789],[-93.725,30.784],[-93.675,30.78],[-93.625,30.776],[-93.597,30.775],[-93.575,30.774],[-93.525,30.772],[-93.475,30.771],[-93.425,30.771],[-93.375,30.771],[-93.325,30.773],[-93.278,30.775],[-93.275,30.775],[-93.225,30.778],[-93.175,30.782],[-93.125,30.786],[-93.075,30.79],[-93.025,30.794],[-92.975,30.799],[-92.925,30.804],[-92.875,30.808],[-92.825,30.812],[-92.775,30.816],[-92.725,30.82],[-92.675,30.824],[-92.656,30.825],[-92.625,30.827],[-92.575,30.83],[-92.525,30.832],[-92.475,30.834],[-92.425,30.836],[-92.375,30.838],[-92.325,30.839],[-92.275,30.84],[-92.225,30.841],[-92.175,30.841],[-92.125,30.841]]]}},{"type":"Feature","properties":{"date":"2013-03-17","label":"17 Mar","yday":76,"tier":"day","major":false},"geometry":{"type":"MultiLineString","coordinates":[[[-91.325,30.899],[-91.275,30.895],[-91.225,30.891],[-91.175,30.886],[-91.125,30.882],[-91.075,30.878],[-91.028,30.875],[-91.025,30.875],[-90.975,30.871],[-90.925,30.868],[-90.875,30.865],[-90.825,30.862],[-90.775,30.859],[-90.725,30.857],[-90.675,30.854],[-90.625,30.852],[-90.575,30.85],[-90.525,30.847],[-90.475,30.845],[-90.425,30.843],[-90.375,30.841],[-90.325,30.839],[-90.275,30.836],[-90.225,30.833],[-90.175,30.83],[-90.125,30.827],[-90.104,30.825],[-90.075,30.823],[-90.025,30.819],[-89.975,30.814],[-89.925,30.809],[-89.875,30.803],[-89.825,30.797],[-89.775,30.79],[-89.725,30.783],[-89.675,30.776],[-89.668,30.775],[-89.625,30.768],[-89.575,30.76],[-89.525,30.752],[-89.475,30.743],[-89.425,30.734],[-89.377,30.725],[-89.375,30.725],[-89.325,30.716],[-89.275,30.706],[-89.225,30.698],[-89.175,30.689],[-89.125,30.682],[-89.077,30.675],[-89.075,30.675],[-89.025,30.669],[-88.975,30.664],[-88.925,30.661],[-88.875,30.659],[-88.825,30.658],[-88.775,30.659],[-88.725,30.661],[-88.675,30.665],[-88.625,30.67],[-88.585,30.675],[-88.575,30.676],[-88.525,30.684],[-88.475,30.693],[-88.425,30.704],[-88.375,30.716],[-88.342,30.725],[-88.325,30.73],[-88.275,30.744],[-88.225,30.76],[-88.181,30.775],[-88.175,30.777],[-88.125,30.796],[-88.075,30.817],[-88.056,30.825],[-88.025,30.839],[-87.975,30.863],[-87.95,30.875],[-87.925,30.887],[-87.875,30.913],[-87.853,30.925],[-87.825,30.94],[-87.775,30.967],[-87.761,30.975],[-87.725,30.994],[-87.675,31.022],[-87.669,31.025],[-87.625,31.049],[-87.576,31.075],[-87.575,31.075],[-87.525,31.102],[-87.48,31.125],[-87.475,31.128],[-87.425,31.153],[-87.379,31.175],[-87.375,31.177],[-87.325,31.201],[-87.275,31.223],[-87.272,31.225],[-87.225,31.245],[-87.175,31.266],[-87.154,31.275],[-87.125,31.287],[-87.075,31.306],[-87.025,31.324],[-87.022,31.325],[-86.975,31.341],[-86.925,31.357],[-86.875,31.372],[-86.865,31.375],[-86.825,31.386],[-86.775,31.399],[-86.725,31.412],[-86.675,31.424],[-86.669,31.425],[-86.625,31.434],[-86.575,31.444],[-86.525,31.453],[-86.475,31.461],[-86.425,31.467],[-86.375,31.472],[-86.346,31.475],[-86.325,31.477],[-86.275,31.48],[-86.225,31.483],[-86.175,31.485],[-86.125,31.488],[-86.075,31.49],[-86.025,31.493],[-85.975,31.496],[-85.925,31.499],[-85.875,31.503],[-85.825,31.507],[-85.775,31.513],[-85.725,31.518],[-85.675,31.525],[-85.675,31.525],[-85.625,31.532],[-85.575,31.54],[-85.525,31.548],[-85.475,31.556],[-85.425,31.565],[-85.375,31.573],[-85.366,31.575],[-85.325,31.582],[-85.275,31.59],[-85.225,31.598],[-85.175,31.605],[-85.125,31.612],[-85.075,31.617],[-85.025,31.621],[-84.975,31.624],[-84.961,31.625],[-84.925,31.627],[-84.875,31.628],[-84.825,31.627],[-84.775,31.626],[-84.74,31.625],[-84.725,31.624],[-84.675,31.622],[-84.625,31.618],[-84.575,31.613],[-84.525,31.608],[-84.475,31.602],[-84.425,31.596],[-84.375,31.589],[-84.325,31.582],[-84.275,31.575],[-84.274,31.575],[-84.225,31.568],[-84.175,31.56],[-84.125,31.553],[-84.075,31.546],[-84.025,31.539],[-83.975,31.533],[-83.925,31.527],[-83.909,31.525],[-83.875,31.521],[-83.825,31.517],[-83.775,31.513],[-83.725,31.51],[-83.675,31.508],[-83.625,31.507],[-83.575,31.506],[-83.525,31.507],[-83.475,31.509],[-83.425,31.512],[-83.375,31.516],[-83.325,31.521],[-83.296,31.525],[-83.275,31.528],[-83.225,31.535],[-83.175,31.543],[-83.125,31.553],[-83.075,31.563],[-83.025,31.575],[-83.024,31.575],[-82.975,31.588],[-82.925,31.602],[-82.875,31.617],[-82.849,31.625],[-82.825,31.633],[-82.775,31.65],[-82.725,31.668],[-82.707,31.675],[-82.675,31.687],[-82.625,31.706],[-82.576,31.725],[-82.575,31.725],[-82.525,31.745],[-82.475,31.764],[-82.448,31.775],[-82.425,31.784],[-82.375,31.803],[-82.325,31.821],[-82.313,31.825],[-82.275,31.838],[-82.225,31.855],[-82.175,31.871],[-82.16,31.875],[-82.125,31.885],[-82.075,31.899],[-82.025,31.912],[-81.975,31.924],[-81.971,31.925],[-81.925,31.935],[-81.875,31.946],[-81.825,31.956],[-81.775,31.965],[-81.725,31.973],[-81.715,31.975],[-81.675,31.981],[-81.625,31.988],[-81.575,31.995],[-81.525,32.001],[-81.475,32.006],[-81.425,32.011],[-81.375,32.015],[-81.325,32.017],[-81.275,32.019],[-81.225,32.02],[-81.175,32.02],[-81.125,32.019],[-81.075,32.017],[-81.025,32.015],[-80.975,32.012],[-80.925,32.009],[-80.909,32.009]],[[-95.175,30.993],[-95.125,30.995],[-95.075,30.998],[-95.025,31.001],[-94.975,31.004],[-94.925,31.006],[-94.875,31.008],[-94.825,31.009],[-94.775,31.01],[-94.725,31.01],[-94.675,31.009],[-94.625,31.007],[-94.575,31.005],[-94.525,31.002],[-94.475,30.999],[-94.425,30.995],[-94.375,30.991],[-94.325,30.987],[-94.275,30.982],[-94.225,30.977],[-94.202,30.975],[-94.175,30.972],[-94.125,30.967],[-94.075,30.961],[-94.025,30.956],[-93.975,30.949],[-93.925,30.943],[-93.875,30.937],[-93.825,30.931],[-93.777,30.925],[-93.775,30.925],[-93.725,30.919],[-93.675,30.915],[-93.625,30.91],[-93.575,30.907],[-93.525,30.904],[-93.475,30.902],[-93.425,30.901],[-93.375,30.9],[-93.325,30.9],[-93.275,30.901],[-93.225,30.903],[-93.175,30.906],[-93.125,30.909],[-93.075,30.912],[-93.025,30.915],[-92.975,30.919],[-92.925,30.922],[-92.882,30.925],[-92.875,30.925],[-92.825,30.928],[-92.775,30.931],[-92.725,30.933],[-92.675,30.936],[-92.625,30.938],[-92.575,30.94],[-92.525,30.941],[-92.475,30.942],[-92.425,30.944],[-92.375,30.945],[-92.325,30.945],[-92.275,30.946],[-92.225,30.946],[-92.175,30.946],[-92.145,30.945]]]}},{"type":"Feature","properties":{"date":"2013-03-18","label":"18 Mar","yday":77,"tier":"day","major":false},"geometry":{"type":"MultiLineString","coordinates":[[[-91.356,31.006],[-91.325,31.004],[-91.275,30.999],[-91.225,30.995],[-91.175,30.991],[-91.125,30.986],[-91.075,30.982],[-91.025,30.978],[-90.992,30.975],[-90.975,30.974],[-90.925,30.97],[-90.875,30.966],[-90.825,30.962],[-90.775,30.958],[-90.725,30.955],[-90.675,30.951],[-90.625,30.948],[-90.575,30.945],[-90.525,30.942],[-90.475,30.938],[-90.425,30.936],[-90.375,30.933],[-90.325,30.93],[-90.275,30.927],[-90.251,30.925],[-90.225,30.923],[-90.175,30.92],[-90.125,30.916],[-90.075,30.912],[-90.025,30.908],[-89.975,30.903],[-89.925,30.898],[-89.875,30.893],[-89.825,30.887],[-89.775,30.881],[-89.725,30.875],[-89.723,30.875],[-89.675,30.869],[-89.625,30.862],[-89.575,30.855],[-89.525,30.848],[-89.475,30.84],[-89.425,30.833],[-89.375,30.825],[-89.374,30.825],[-89.325,30.818],[-89.275,30.81],[-89.225,30.803],[-89.175,30.796],[-89.125,30.79],[-89.075,30.784],[-89.025,30.779],[-88.975,30.776],[-88.96,30.775],[-88.925,30.773],[-88.875,30.772],[-88.825,30.772],[-88.775,30.773],[-88.733,30.775],[-88.725,30.775],[-88.675,30.779],[-88.625,30.785],[-88.575,30.791],[-88.525,30.799],[-88.475,30.809],[-88.425,30.82],[-88.403,30.825],[-88.375,30.832],[-88.325,30.845],[-88.275,30.86],[-88.228,30.875],[-88.225,30.876],[-88.175,30.893],[-88.125,30.912],[-88.093,30.925],[-88.075,30.932],[-88.025,30.954],[-87.979,30.975],[-87.975,30.977],[-87.925,31.0],[-87.875,31.024],[-87.874,31.025],[-87.825,31.049],[-87.775,31.074],[-87.774,31.075],[-87.725,31.1],[-87.675,31.125],[-87.675,31.125],[-87.625,31.15],[-87.575,31.175],[-87.575,31.175],[-87.525,31.199],[-87.475,31.223],[-87.472,31.225],[-87.425,31.247],[-87.375,31.27],[-87.363,31.275],[-87.325,31.292],[-87.275,31.313],[-87.246,31.325],[-87.225,31.334],[-87.175,31.353],[-87.125,31.372],[-87.118,31.375],[-87.075,31.39],[-87.025,31.407],[-86.975,31.423],[-86.967,31.425],[-86.925,31.437],[-86.875,31.451],[-86.825,31.464],[-86.779,31.475],[-86.775,31.476],[-86.725,31.487],[-86.675,31.497],[-86.625,31.507],[-86.575,31.516],[-86.525,31.523],[-86.514,31.525],[-86.475,31.53],[-86.425,31.536],[-86.375,31.541],[-86.325,31.545],[-86.275,31.548],[-86.225,31.551],[-86.175,31.554],[-86.125,31.557],[-86.075,31.56],[-86.025,31.563],[-85.975,31.566],[-85.925,31.571],[-85.879,31.575],[-85.875,31.575],[-85.825,31.581],[-85.775,31.587],[-85.725,31.594],[-85.675,31.601],[-85.625,31.61],[-85.575,31.618],[-85.538,31.625],[-85.525,31.627],[-85.475,31.637],[-85.425,31.646],[-85.375,31.656],[-85.325,31.665],[-85.275,31.674],[-85.269,31.675],[-85.225,31.682],[-85.175,31.69],[-85.125,31.697],[-85.075,31.702],[-85.025,31.706],[-84.975,31.71],[-84.925,31.712],[-84.875,31.712],[-84.825,31.712],[-84.775,31.711],[-84.725,31.709],[-84.675,31.706],[-84.625,31.703],[-84.575,31.698],[-84.525,31.694],[-84.475,31.688],[-84.425,31.682],[-84.375,31.676],[-84.368,31.675],[-84.325,31.669],[-84.275,31.663],[-84.225,31.656],[-84.175,31.649],[-84.125,31.642],[-84.075,31.636],[-84.025,31.63],[-83.983,31.625],[-83.975,31.624],[-83.925,31.619],[-83.875,31.614],[-83.825,31.61],[-83.775,31.607],[-83.725,31.604],[-83.675,31.603],[-83.625,31.602],[-83.575,31.602],[-83.525,31.604],[-83.475,31.606],[-83.425,31.609],[-83.375,31.614],[-83.325,31.619],[-83.28,31.625],[-83.275,31.626],[-83.225,31.633],[-83.175,31.642],[-83.125,31.652],[-83.075,31.663],[-83.028,31.675],[-83.025,31.676],[-82.975,31.689],[-82.925,31.704],[-82.875,31.72],[-82.859,31.725],[-82.825,31.736],[-82.775,31.754],[-82.725,31.773],[-82.719,31.775],[-82.675,31.792],[-82.625,31.812],[-82.592,31.825],[-82.575,31.832],[-82.525,31.852],[-82.475,31.872],[-82.468,31.875],[-82.425,31.892],[-82.375,31.911],[-82.337,31.925],[-82.325,31.929],[-82.275,31.947],[-82.225,31.963],[-82.183,31.975],[-82.175,31.977],[-82.125,31.991],[-82.075,32.004],[-82.025,32.015],[-81.981,32.025],[-81.975,32.026],[-81.925,32.036],[-81.875,32.046],[-81.825,32.055],[-81.775,32.063],[-81.725,32.07],[-81.689,32.075],[-81.675,32.077],[-81.625,32.083],[-81.575,32.088],[-81.525,32.093],[-81.475,32.097],[-81.425,32.101],[-81.375,32.103],[-81.325,32.105],[-81.275,32.105],[-81.225,32.105],[-81.175,32.104],[-81.125,32.102],[-81.075,32.099],[-81.025,32.096],[-80.975,32.092],[-80.925,32.089],[-80.912,32.088]],[[-94.617,31.133],[-94.575,31.131],[-94.525,31.128],[-94.476,31.125],[-94.475,31.125],[-94.425,31.121],[-94.375,31.117],[-94.325,31.112],[-94.275,31.108],[-94.225,31.103],[-94.175,31.098],[-94.125,31.092],[-94.075,31.087],[-94.025,31.081],[-93.975,31.075],[-93.972,31.075],[-93.925,31.069],[-93.875,31.063],[-93.825,31.058],[-93.775,31.052],[-93.725,31.047],[-93.675,31.042],[-93.625,31.037],[-93.575,31.034],[-93.525,31.03],[-93.475,31.028],[-93.425,31.026],[-93.402,31.025],[-93.375,31.024],[-93.325,31.024],[-93.275,31.024],[-93.225,31.024],[-93.204,31.025],[-93.175,31.026],[-93.125,31.028],[-93.075,31.03],[-93.025,31.033],[-92.975,31.035],[-92.925,31.037],[-92.875,31.039],[-92.825,31.041],[-92.775,31.042],[-92.725,31.043],[-92.675,31.044],[-92.625,31.046],[-92.575,31.047],[-92.547,31.047]]]}},{"type":"Feature","properties":{"date":"2013-03-19","label":"19 Mar","yday":78,"tier":"day","major":false},"geometry":{"type":"MultiLineString","coordinates":[[[-91.375,31.111],[-91.325,31.107],[-91.275,31.103],[-91.225,31.098],[-91.175,31.094],[-91.125,31.089],[-91.075,31.085],[-91.025,31.08],[-90.975,31.076],[-90.969,31.075],[-90.925,31.071],[-90.875,31.066],[-90.825,31.062],[-90.775,31.057],[-90.725,31.053],[-90.675,31.048],[-90.625,31.044],[-90.575,31.04],[-90.525,31.036],[-90.475,31.032],[-90.425,31.028],[-90.377,31.025],[-90.375,31.025],[-90.325,31.021],[-90.275,31.018],[-90.225,31.014],[-90.175,31.01],[-90.125,31.006],[-90.075,31.002],[-90.025,30.998],[-89.975,30.993],[-89.925,30.988],[-89.875,30.983],[-89.825,30.978],[-89.796,30.975],[-89.775,30.973],[-89.725,30.967],[-89.675,30.961],[-89.625,30.955],[-89.575,30.949],[-89.525,30.943],[-89.475,30.937],[-89.425,30.931],[-89.376,30.925],[-89.375,30.925],[-89.325,30.919],[-89.275,30.913],[-89.225,30.907],[-89.175,30.901],[-89.125,30.896],[-89.075,30.892],[-89.025,30.888],[-88.975,30.885],[-88.925,30.883],[-88.875,30.882],[-88.825,30.883],[-88.775,30.884],[-88.725,30.887],[-88.675,30.891],[-88.625,30.896],[-88.575,30.903],[-88.525,30.911],[-88.475,30.921],[-88.456,30.925],[-88.425,30.932],[-88.375,30.944],[-88.325,30.957],[-88.275,30.972],[-88.264,30.975],[-88.225,30.987],[-88.175,31.005],[-88.125,31.023],[-88.12,31.025],[-88.075,31.042],[-88.025,31.063],[-87.997,31.075],[-87.975,31.085],[-87.925,31.107],[-87.885,31.125],[-87.875,31.13],[-87.825,31.153],[-87.778,31.175],[-87.775,31.176],[-87.725,31.2],[-87.675,31.223],[-87.672,31.225],[-87.625,31.247],[-87.575,31.27],[-87.564,31.275],[-87.525,31.293],[-87.475,31.315],[-87.453,31.325],[-87.425,31.337],[-87.375,31.358],[-87.335,31.375],[-87.325,31.379],[-87.275,31.399],[-87.225,31.418],[-87.207,31.425],[-87.175,31.437],[-87.125,31.454],[-87.075,31.471],[-87.061,31.475],[-87.025,31.486],[-86.975,31.5],[-86.925,31.514],[-86.882,31.525],[-86.875,31.527],[-86.825,31.538],[-86.775,31.549],[-86.725,31.559],[-86.675,31.569],[-86.64,31.575],[-86.625,31.577],[-86.575,31.585],[-86.525,31.592],[-86.475,31.598],[-86.425,31.604],[-86.375,31.608],[-86.325,31.612],[-86.275,31.616],[-86.225,31.619],[-86.175,31.622],[-86.125,31.625],[-86.122,31.625],[-86.075,31.628],[-86.025,31.632],[-85.975,31.636],[-85.925,31.641],[-85.875,31.647],[-85.825,31.653],[-85.775,31.661],[-85.725,31.669],[-85.688,31.675],[-85.675,31.677],[-85.625,31.687],[-85.575,31.696],[-85.525,31.706],[-85.475,31.717],[-85.435,31.725],[-85.425,31.727],[-85.375,31.737],[-85.325,31.747],[-85.275,31.757],[-85.225,31.766],[-85.175,31.774],[-85.17,31.775],[-85.125,31.781],[-85.075,31.787],[-85.025,31.791],[-84.975,31.794],[-84.925,31.796],[-84.875,31.797],[-84.825,31.797],[-84.775,31.795],[-84.725,31.793],[-84.675,31.791],[-84.625,31.787],[-84.575,31.783],[-84.525,31.778],[-84.491,31.775],[-84.475,31.773],[-84.425,31.768],[-84.375,31.762],[-84.325,31.756],[-84.275,31.75],[-84.225,31.743],[-84.175,31.737],[-84.125,31.731],[-84.075,31.725],[-84.072,31.725],[-84.025,31.72],[-83.975,31.715],[-83.925,31.71],[-83.875,31.706],[-83.825,31.702],[-83.775,31.7],[-83.725,31.698],[-83.675,31.697],[-83.625,31.696],[-83.575,31.697],[-83.525,31.699],[-83.475,31.702],[-83.425,31.705],[-83.375,31.71],[-83.325,31.716],[-83.275,31.723],[-83.265,31.725],[-83.225,31.732],[-83.175,31.741],[-83.125,31.752],[-83.075,31.763],[-83.031,31.775],[-83.025,31.776],[-82.975,31.791],[-82.925,31.806],[-82.875,31.822],[-82.868,31.825],[-82.825,31.84],[-82.775,31.858],[-82.732,31.875],[-82.725,31.878],[-82.675,31.898],[-82.625,31.918],[-82.608,31.925],[-82.575,31.939],[-82.525,31.96],[-82.488,31.975],[-82.475,31.98],[-82.425,32.001],[-82.375,32.02],[-82.361,32.025],[-82.325,32.038],[-82.275,32.054],[-82.225,32.069],[-82.204,32.075],[-82.175,32.083],[-82.125,32.095],[-82.075,32.107],[-82.025,32.117],[-81.988,32.125],[-81.975,32.128],[-81.925,32.137],[-81.875,32.146],[-81.825,32.154],[-81.775,32.161],[-81.725,32.168],[-81.675,32.174],[-81.665,32.175],[-81.625,32.179],[-81.575,32.184],[-81.525,32.188],[-81.475,32.19],[-81.425,32.193],[-81.375,32.194],[-81.325,32.194],[-81.275,32.194],[-81.225,32.192],[-81.175,32.19],[-81.125,32.187],[-81.075,32.183],[-81.025,32.179],[-80.975,32.175],[-80.974,32.175],[-80.925,32.171],[-80.875,32.166],[-80.837,32.163]],[[-94.525,31.247],[-94.475,31.244],[-94.425,31.24],[-94.375,31.236],[-94.325,31.232],[-94.275,31.227],[-94.254,31.225],[-94.225,31.222],[-94.175,31.217],[-94.125,31.212],[-94.075,31.206],[-94.025,31.201],[-93.975,31.195],[-93.925,31.189],[-93.875,31.184],[-93.825,31.178],[-93.795,31.175],[-93.775,31.173],[-93.725,31.168],[-93.675,31.163],[-93.625,31.158],[-93.575,31.154],[-93.525,31.151],[-93.475,31.148],[-93.425,31.145],[-93.375,31.143],[-93.325,31.142],[-93.275,31.141],[-93.225,31.141],[-93.175,31.142],[-93.125,31.142],[-93.075,31.144],[-93.025,31.145],[-92.975,31.147],[-92.925,31.147],[-92.875,31.148],[-92.825,31.149],[-92.775,31.149],[-92.725,31.15],[-92.7,31.15]]]}},{"type":"Feature","properties":{"date":"2013-03-20","label":"20 Mar","yday":79,"tier":"day","major":false},"geometry":{"type":"MultiLineString","coordinates":[[[-91.375,31.215],[-91.325,31.211],[-91.275,31.206],[-91.225,31.202],[-91.175,31.197],[-91.125,31.193],[-91.075,31.188],[-91.025,31.183],[-90.975,31.178],[-90.947,31.175],[-90.925,31.173],[-90.875,31.168],[-90.825,31.162],[-90.775,31.157],[-90.725,31.152],[-90.675,31.147],[-90.625,31.142],[-90.575,31.136],[-90.525,31.131],[-90.475,31.127],[-90.455,31.125],[-90.425,31.122],[-90.375,31.118],[-90.325,31.114],[-90.275,31.11],[-90.225,31.106],[-90.175,31.102],[-90.125,31.098],[-90.075,31.094],[-90.025,31.089],[-89.975,31.084],[-89.925,31.079],[-89.882,31.075],[-89.875,31.074],[-89.825,31.069],[-89.775,31.064],[-89.725,31.059],[-89.675,31.054],[-89.625,31.048],[-89.575,31.043],[-89.525,31.038],[-89.475,31.033],[-89.425,31.028],[-89.392,31.025],[-89.375,31.023],[-89.325,31.018],[-89.275,31.014],[-89.225,31.009],[-89.175,31.004],[-89.125,31.0],[-89.075,30.997],[-89.025,30.994],[-88.975,30.991],[-88.925,30.99],[-88.875,30.99],[-88.825,30.99],[-88.775,30.992],[-88.725,30.995],[-88.675,30.999],[-88.625,31.005],[-88.575,31.012],[-88.525,31.02],[-88.497,31.025],[-88.475,31.029],[-88.425,31.04],[-88.375,31.051],[-88.325,31.065],[-88.289,31.075],[-88.275,31.079],[-88.225,31.094],[-88.175,31.111],[-88.136,31.125],[-88.125,31.129],[-88.075,31.147],[-88.025,31.167],[-88.006,31.175],[-87.975,31.187],[-87.925,31.208],[-87.886,31.225],[-87.875,31.23],[-87.825,31.251],[-87.775,31.274],[-87.772,31.275],[-87.725,31.296],[-87.675,31.318],[-87.659,31.325],[-87.625,31.34],[-87.575,31.361],[-87.543,31.375],[-87.525,31.383],[-87.475,31.404],[-87.425,31.424],[-87.423,31.425],[-87.375,31.444],[-87.325,31.463],[-87.294,31.475],[-87.275,31.482],[-87.225,31.5],[-87.175,31.517],[-87.151,31.525],[-87.125,31.533],[-87.075,31.548],[-87.025,31.563],[-86.979,31.575],[-86.975,31.576],[-86.925,31.589],[-86.875,31.6],[-86.825,31.611],[-86.775,31.621],[-86.754,31.625],[-86.725,31.63],[-86.675,31.639],[-86.625,31.647],[-86.575,31.654],[-86.525,31.66],[-86.475,31.666],[-86.425,31.671],[-86.379,31.675],[-86.375,31.675],[-86.325,31.679],[-86.275,31.683],[-86.225,31.686],[-86.175,31.689],[-86.125,31.692],[-86.075,31.696],[-86.025,31.7],[-85.975,31.705],[-85.925,31.711],[-85.875,31.718],[-85.827,31.725],[-85.825,31.725],[-85.775,31.734],[-85.725,31.743],[-85.675,31.753],[-85.625,31.763],[-85.575,31.774],[-85.57,31.775],[-85.525,31.785],[-85.475,31.796],[-85.425,31.807],[-85.375,31.818],[-85.344,31.825],[-85.325,31.829],[-85.275,31.839],[-85.225,31.849],[-85.175,31.858],[-85.125,31.865],[-85.075,31.871],[-85.025,31.875],[-85.025,31.875],[-84.975,31.878],[-84.925,31.88],[-84.875,31.88],[-84.825,31.88],[-84.775,31.879],[-84.725,31.877],[-84.691,31.875],[-84.675,31.874],[-84.625,31.871],[-84.575,31.867],[-84.525,31.863],[-84.475,31.858],[-84.425,31.853],[-84.375,31.847],[-84.325,31.842],[-84.275,31.836],[-84.225,31.83],[-84.18,31.825],[-84.175,31.824],[-84.125,31.819],[-84.075,31.814],[-84.025,31.809],[-83.975,31.804],[-83.925,31.8],[-83.875,31.796],[-83.825,31.794],[-83.775,31.791],[-83.725,31.79],[-83.675,31.789],[-83.625,31.79],[-83.575,31.791],[-83.525,31.793],[-83.475,31.796],[-83.425,31.801],[-83.375,31.806],[-83.325,31.812],[-83.275,31.82],[-83.247,31.825],[-83.225,31.829],[-83.175,31.839],[-83.125,31.85],[-83.075,31.862],[-83.029,31.875],[-83.025,31.876],[-82.975,31.891],[-82.925,31.907],[-82.875,31.924],[-82.872,31.925],[-82.825,31.942],[-82.775,31.961],[-82.739,31.975],[-82.725,31.981],[-82.675,32.001],[-82.625,32.022],[-82.619,32.025],[-82.575,32.043],[-82.525,32.065],[-82.501,32.075],[-82.475,32.086],[-82.425,32.107],[-82.377,32.125],[-82.375,32.126],[-82.325,32.143],[-82.275,32.158],[-82.225,32.171],[-82.211,32.175],[-82.175,32.184],[-82.125,32.195],[-82.075,32.206],[-82.025,32.216],[-81.981,32.225],[-81.975,32.226],[-81.925,32.235],[-81.875,32.244],[-81.825,32.252],[-81.775,32.259],[-81.725,32.266],[-81.675,32.271],[-81.637,32.275],[-81.625,32.276],[-81.575,32.28],[-81.525,32.283],[-81.475,32.285],[-81.425,32.286],[-81.375,32.286],[-81.325,32.286],[-81.275,32.284],[-81.225,32.282],[-81.175,32.279],[-81.125,32.275],[-81.124,32.275],[-81.075,32.271],[-81.025,32.267],[-80.975,32.262],[-80.925,32.257],[-80.875,32.253],[-80.825,32.248],[-80.803,32.247]],[[-94.475,31.357],[-94.425,31.354],[-94.375,31.35],[-94.325,31.346],[-94.275,31.341],[-94.225,31.337],[-94.175,31.332],[-94.125,31.327],[-94.11,31.325],[-94.075,31.321],[-94.025,31.316],[-93.975,31.31],[-93.925,31.305],[-93.875,31.299],[-93.825,31.294],[-93.775,31.288],[-93.725,31.283],[-93.675,31.278],[-93.639,31.275],[-93.625,31.274],[-93.575,31.27],[-93.525,31.266],[-93.475,31.262],[-93.425,31.26],[-93.375,31.257],[-93.325,31.255],[-93.275,31.254],[-93.225,31.253],[-93.175,31.252],[-93.125,31.252],[-93.075,31.252],[-93.025,31.253],[-92.975,31.253],[-92.925,31.253],[-92.875,31.253],[-92.825,31.253],[-92.775,31.253],[-92.725,31.253]]]}},{"type":"Feature","properties":{"date":"2013-03-21","label":"21 Mar","yday":80,"tier":"five","major":false},"geometry":{"type":"MultiLineString","coordinates":[[[-91.375,31.318],[-91.325,31.314],[-91.275,31.31],[-91.225,31.306],[-91.175,31.301],[-91.125,31.297],[-91.075,31.292],[-91.025,31.287],[-90.975,31.281],[-90.925,31.276],[-90.917,31.275],[-90.875,31.27],[-90.825,31.265],[-90.775,31.259],[-90.725,31.253],[-90.675,31.247],[-90.625,31.241],[-90.575,31.236],[-90.525,31.23],[-90.481,31.225],[-90.475,31.224],[-90.425,31.219],[-90.375,31.215],[-90.325,31.21],[-90.275,31.205],[-90.225,31.201],[-90.175,31.196],[-90.125,31.191],[-90.075,31.186],[-90.025,31.181],[-89.975,31.176],[-89.964,31.175],[-89.925,31.171],[-89.875,31.166],[-89.825,31.161],[-89.775,31.155],[-89.725,31.15],[-89.675,31.145],[-89.625,31.141],[-89.575,31.136],[-89.525,31.132],[-89.475,31.127],[-89.444,31.125],[-89.425,31.123],[-89.375,31.12],[-89.325,31.116],[-89.275,31.112],[-89.225,31.109],[-89.175,31.105],[-89.125,31.101],[-89.075,31.098],[-89.025,31.096],[-88.975,31.094],[-88.925,31.093],[-88.875,31.093],[-88.825,31.094],[-88.775,31.096],[-88.725,31.099],[-88.675,31.103],[-88.625,31.109],[-88.575,31.116],[-88.525,31.124],[-88.519,31.125],[-88.475,31.133],[-88.425,31.144],[-88.375,31.155],[-88.325,31.168],[-88.3,31.175],[-88.275,31.182],[-88.225,31.197],[-88.175,31.213],[-88.14,31.225],[-88.125,31.23],[-88.075,31.248],[-88.025,31.267],[-88.003,31.275],[-87.975,31.286],[-87.925,31.306],[-87.877,31.325],[-87.875,31.326],[-87.825,31.346],[-87.775,31.367],[-87.756,31.375],[-87.725,31.388],[-87.675,31.409],[-87.636,31.425],[-87.625,31.429],[-87.575,31.45],[-87.525,31.47],[-87.512,31.475],[-87.475,31.489],[-87.425,31.509],[-87.382,31.525],[-87.375,31.527],[-87.325,31.545],[-87.275,31.563],[-87.239,31.575],[-87.225,31.58],[-87.175,31.595],[-87.125,31.61],[-87.075,31.625],[-87.073,31.625],[-87.025,31.638],[-86.975,31.65],[-86.925,31.662],[-86.875,31.673],[-86.864,31.675],[-86.825,31.683],[-86.775,31.692],[-86.725,31.701],[-86.675,31.709],[-86.625,31.716],[-86.575,31.722],[-86.553,31.725],[-86.525,31.728],[-86.475,31.734],[-86.425,31.739],[-86.375,31.743],[-86.325,31.747],[-86.275,31.75],[-86.225,31.754],[-86.175,31.757],[-86.125,31.76],[-86.075,31.764],[-86.025,31.768],[-85.975,31.774],[-85.968,31.775],[-85.925,31.781],[-85.875,31.789],[-85.825,31.798],[-85.775,31.807],[-85.725,31.818],[-85.691,31.825],[-85.675,31.829],[-85.625,31.84],[-85.575,31.851],[-85.525,31.863],[-85.475,31.875],[-85.474,31.875],[-85.425,31.887],[-85.375,31.898],[-85.325,31.909],[-85.275,31.92],[-85.251,31.925],[-85.225,31.93],[-85.175,31.939],[-85.125,31.947],[-85.075,31.952],[-85.025,31.956],[-84.975,31.959],[-84.925,31.961],[-84.875,31.962],[-84.825,31.962],[-84.775,31.961],[-84.725,31.959],[-84.675,31.956],[-84.625,31.953],[-84.575,31.95],[-84.525,31.946],[-84.475,31.941],[-84.425,31.936],[-84.375,31.931],[-84.325,31.926],[-84.313,31.925],[-84.275,31.921],[-84.225,31.916],[-84.175,31.911],[-84.125,31.905],[-84.075,31.901],[-84.025,31.896],[-83.975,31.892],[-83.925,31.889],[-83.875,31.886],[-83.825,31.883],[-83.775,31.882],[-83.725,31.881],[-83.675,31.881],[-83.625,31.882],[-83.575,31.883],[-83.525,31.886],[-83.475,31.89],[-83.425,31.894],[-83.375,31.9],[-83.325,31.907],[-83.275,31.915],[-83.225,31.925],[-83.223,31.925],[-83.175,31.935],[-83.125,31.947],[-83.075,31.959],[-83.025,31.974],[-83.02,31.975],[-82.975,31.989],[-82.925,32.005],[-82.875,32.023],[-82.868,32.025],[-82.825,32.041],[-82.775,32.06],[-82.738,32.075],[-82.725,32.08],[-82.675,32.101],[-82.625,32.122],[-82.619,32.125],[-82.575,32.143],[-82.525,32.165],[-82.501,32.175],[-82.475,32.186],[-82.425,32.205],[-82.375,32.223],[-82.37,32.225],[-82.325,32.239],[-82.275,32.253],[-82.225,32.266],[-82.188,32.275],[-82.175,32.278],[-82.125,32.29],[-82.075,32.301],[-82.025,32.311],[-81.975,32.321],[-81.955,32.325],[-81.925,32.331],[-81.875,32.339],[-81.825,32.348],[-81.775,32.355],[-81.725,32.362],[-81.675,32.368],[-81.625,32.373],[-81.593,32.375],[-81.575,32.376],[-81.525,32.379],[-81.475,32.38],[-81.425,32.381],[-81.375,32.38],[-81.325,32.378],[-81.275,32.376],[-81.255,32.375],[-81.225,32.373],[-81.175,32.37],[-81.125,32.366],[-81.075,32.362],[-81.025,32.357],[-80.975,32.353],[-80.925,32.348],[-80.875,32.344],[-80.825,32.34]],[[-92.403,31.353],[-92.375,31.353],[-92.325,31.352],[-92.298,31.352]],[[-94.435,31.465],[-94.425,31.464],[-94.375,31.461],[-94.325,31.457],[-94.275,31.452],[-94.225,31.448],[-94.175,31.443],[-94.125,31.438],[-94.075,31.433],[-94.025,31.427],[-94.006,31.425],[-93.975,31.422],[-93.925,31.416],[-93.875,31.41],[-93.825,31.405],[-93.775,31.4],[-93.725,31.394],[-93.675,31.389],[-93.625,31.385],[-93.575,31.38],[-93.525,31.376],[-93.505,31.375],[-93.475,31.373],[-93.425,31.37],[-93.375,31.367],[-93.325,31.364],[-93.275,31.362],[-93.225,31.361],[-93.175,31.359],[-93.125,31.358],[-93.075,31.358],[-93.025,31.357],[-92.975,31.356],[-92.925,31.356],[-92.875,31.356],[-92.825,31.355],[-92.775,31.355],[-92.725,31.355]],[[-80.666,32.334],[-80.625,32.335],[-80.575,32.337],[-80.525,32.339],[-80.491,32.341]]]}},{"type":"Feature","properties":{"date":"2013-03-22","label":"22 Mar","yday":81,"tier":"day","major":false},"geometry":{"type":"MultiLineString","coordinates":[[[-91.325,31.418],[-91.275,31.414],[-91.225,31.41],[-91.175,31.406],[-91.125,31.401],[-91.075,31.396],[-91.025,31.391],[-90.975,31.386],[-90.925,31.38],[-90.878,31.375],[-90.875,31.375],[-90.825,31.369],[-90.775,31.363],[-90.725,31.357],[-90.675,31.35],[-90.625,31.344],[-90.575,31.338],[-90.525,31.332],[-90.475,31.326],[-90.47,31.325],[-90.425,31.32],[-90.375,31.314],[-90.325,31.308],[-90.275,31.303],[-90.225,31.297],[-90.175,31.292],[-90.125,31.286],[-90.075,31.281],[-90.025,31.275],[-90.023,31.275],[-89.975,31.27],[-89.925,31.264],[-89.875,31.258],[-89.825,31.253],[-89.775,31.247],[-89.725,31.242],[-89.675,31.237],[-89.625,31.232],[-89.575,31.227],[-89.547,31.225],[-89.525,31.223],[-89.475,31.219],[-89.425,31.216],[-89.375,31.213],[-89.325,31.211],[-89.275,31.208],[-89.225,31.205],[-89.175,31.202],[-89.125,31.199],[-89.075,31.196],[-89.025,31.194],[-88.975,31.192],[-88.925,31.192],[-88.875,31.192],[-88.825,31.193],[-88.775,31.196],[-88.725,31.199],[-88.675,31.204],[-88.625,31.209],[-88.575,31.216],[-88.525,31.224],[-88.521,31.225],[-88.475,31.233],[-88.425,31.244],[-88.375,31.255],[-88.325,31.268],[-88.298,31.275],[-88.275,31.281],[-88.225,31.296],[-88.175,31.311],[-88.133,31.325],[-88.125,31.328],[-88.075,31.345],[-88.025,31.362],[-87.991,31.375],[-87.975,31.381],[-87.925,31.4],[-87.875,31.419],[-87.859,31.425],[-87.825,31.438],[-87.775,31.458],[-87.732,31.475],[-87.725,31.478],[-87.675,31.497],[-87.625,31.517],[-87.603,31.525],[-87.575,31.536],[-87.525,31.555],[-87.475,31.573],[-87.47,31.575],[-87.425,31.591],[-87.375,31.609],[-87.328,31.625],[-87.325,31.626],[-87.275,31.642],[-87.225,31.658],[-87.175,31.673],[-87.166,31.675],[-87.125,31.687],[-87.075,31.7],[-87.025,31.712],[-86.975,31.724],[-86.97,31.725],[-86.925,31.735],[-86.875,31.745],[-86.825,31.754],[-86.775,31.763],[-86.725,31.771],[-86.698,31.775],[-86.675,31.778],[-86.625,31.785],[-86.575,31.791],[-86.525,31.797],[-86.475,31.803],[-86.425,31.807],[-86.375,31.812],[-86.325,31.816],[-86.275,31.819],[-86.225,31.822],[-86.185,31.825],[-86.175,31.826],[-86.125,31.829],[-86.075,31.833],[-86.025,31.838],[-85.975,31.845],[-85.925,31.853],[-85.875,31.862],[-85.825,31.872],[-85.809,31.875],[-85.775,31.882],[-85.725,31.893],[-85.675,31.905],[-85.625,31.917],[-85.59,31.925],[-85.575,31.929],[-85.525,31.941],[-85.475,31.953],[-85.425,31.965],[-85.382,31.975],[-85.375,31.977],[-85.325,31.988],[-85.275,31.998],[-85.225,32.008],[-85.175,32.017],[-85.125,32.025],[-85.121,32.025],[-85.075,32.03],[-85.025,32.035],[-84.975,32.038],[-84.925,32.04],[-84.875,32.041],[-84.825,32.041],[-84.775,32.041],[-84.725,32.039],[-84.675,32.037],[-84.625,32.035],[-84.575,32.031],[-84.525,32.028],[-84.492,32.025],[-84.475,32.024],[-84.425,32.019],[-84.375,32.015],[-84.325,32.01],[-84.275,32.005],[-84.225,32.0],[-84.175,31.995],[-84.125,31.991],[-84.075,31.987],[-84.025,31.983],[-83.975,31.979],[-83.925,31.976],[-83.902,31.975],[-83.875,31.974],[-83.825,31.972],[-83.775,31.971],[-83.725,31.97],[-83.675,31.971],[-83.625,31.972],[-83.575,31.974],[-83.559,31.975],[-83.525,31.977],[-83.475,31.981],[-83.425,31.986],[-83.375,31.993],[-83.325,32.0],[-83.275,32.008],[-83.225,32.018],[-83.193,32.025],[-83.175,32.029],[-83.125,32.041],[-83.075,32.054],[-83.025,32.068],[-83.004,32.075],[-82.975,32.084],[-82.925,32.1],[-82.875,32.118],[-82.856,32.125],[-82.825,32.136],[-82.775,32.156],[-82.727,32.175],[-82.725,32.176],[-82.675,32.196],[-82.625,32.217],[-82.605,32.225],[-82.575,32.237],[-82.525,32.258],[-82.48,32.275],[-82.475,32.277],[-82.425,32.295],[-82.375,32.312],[-82.333,32.325],[-82.325,32.327],[-82.275,32.341],[-82.225,32.355],[-82.175,32.368],[-82.144,32.375],[-82.125,32.38],[-82.075,32.391],[-82.025,32.402],[-81.975,32.413],[-81.925,32.423],[-81.913,32.425],[-81.875,32.432],[-81.825,32.441],[-81.775,32.449],[-81.725,32.456],[-81.675,32.463],[-81.625,32.468],[-81.575,32.472],[-81.525,32.474],[-81.48,32.475],[-81.475,32.475],[-81.432,32.475],[-81.425,32.475],[-81.375,32.474],[-81.325,32.472],[-81.275,32.469],[-81.225,32.466],[-81.175,32.463],[-81.125,32.459],[-81.075,32.455],[-81.025,32.451],[-80.975,32.447],[-80.925,32.443],[-80.875,32.44],[-80.825,32.437],[-80.775,32.435],[-80.725,32.434],[-80.716,32.434]],[[-92.502,31.452],[-92.475,31.452],[-92.425,31.452],[-92.375,31.452],[-92.325,31.452],[-92.275,31.451]],[[-94.288,31.562],[-94.275,31.561],[-94.225,31.557],[-94.175,31.552],[-94.125,31.547],[-94.075,31.541],[-94.025,31.536],[-93.975,31.53],[-93.928,31.525],[-93.925,31.525],[-93.875,31.519],[-93.825,31.513],[-93.775,31.508],[-93.725,31.502],[-93.675,31.497],[-93.625,31.492],[-93.575,31.488],[-93.525,31.484],[-93.475,31.48],[-93.425,31.476],[-93.41,31.475],[-93.375,31.473],[-93.325,31.47],[-93.275,31.467],[-93.225,31.465],[-93.175,31.463],[-93.125,31.461],[-93.075,31.46],[-93.025,31.459],[-92.975,31.458],[-92.925,31.457],[-92.907,31.457]],[[-80.636,32.436],[-80.625,32.436],[-80.575,32.439],[-80.525,32.442],[-80.494,32.444]]]}},{"type":"Feature","properties":{"date":"2013-03-23","label":"23 Mar","yday":82,"tier":"day","major":false},"geometry":{"type":"MultiLineString","coordinates":[[[-91.28,31.52],[-91.275,31.52],[-91.225,31.516],[-91.175,31.512],[-91.125,31.507],[-91.075,31.503],[-91.025,31.498],[-90.975,31.492],[-90.925,31.487],[-90.875,31.481],[-90.825,31.475],[-90.824,31.475],[-90.775,31.469],[-90.725,31.463],[-90.675,31.456],[-90.625,31.45],[-90.575,31.443],[-90.525,31.436],[-90.475,31.43],[-90.441,31.425],[-90.425,31.423],[-90.375,31.416],[-90.325,31.41],[-90.275,31.403],[-90.225,31.397],[-90.175,31.391],[-90.125,31.384],[-90.075,31.378],[-90.055,31.375],[-90.025,31.371],[-89.975,31.365],[-89.925,31.358],[-89.875,31.352],[-89.825,31.346],[-89.775,31.34],[-89.725,31.334],[-89.675,31.328],[-89.648,31.325],[-89.625,31.323],[-89.575,31.318],[-89.525,31.313],[-89.475,31.309],[-89.425,31.305],[-89.375,31.303],[-89.325,31.3],[-89.275,31.298],[-89.225,31.296],[-89.175,31.294],[-89.125,31.291],[-89.075,31.289],[-89.025,31.287],[-88.975,31.287],[-88.925,31.287],[-88.875,31.287],[-88.825,31.289],[-88.775,31.292],[-88.725,31.296],[-88.675,31.3],[-88.625,31.306],[-88.575,31.313],[-88.525,31.321],[-88.504,31.325],[-88.475,31.33],[-88.425,31.34],[-88.375,31.352],[-88.325,31.364],[-88.283,31.375],[-88.275,31.377],[-88.225,31.391],[-88.175,31.406],[-88.125,31.422],[-88.116,31.425],[-88.075,31.438],[-88.025,31.455],[-87.975,31.473],[-87.969,31.475],[-87.925,31.491],[-87.875,31.509],[-87.833,31.525],[-87.825,31.528],[-87.775,31.546],[-87.725,31.565],[-87.698,31.575],[-87.675,31.584],[-87.625,31.602],[-87.575,31.62],[-87.562,31.625],[-87.525,31.638],[-87.475,31.656],[-87.425,31.673],[-87.418,31.675],[-87.375,31.689],[-87.325,31.705],[-87.275,31.721],[-87.26,31.725],[-87.225,31.735],[-87.175,31.749],[-87.125,31.762],[-87.075,31.775],[-87.074,31.775],[-87.025,31.787],[-86.975,31.798],[-86.925,31.808],[-86.875,31.817],[-86.832,31.825],[-86.825,31.826],[-86.775,31.835],[-86.725,31.842],[-86.675,31.849],[-86.625,31.856],[-86.575,31.862],[-86.525,31.867],[-86.475,31.873],[-86.451,31.875]],[[-92.601,31.551],[-92.575,31.551],[-92.525,31.551],[-92.475,31.55],[-92.425,31.55],[-92.375,31.55],[-92.325,31.55],[-92.275,31.55],[-92.225,31.55],[-92.2,31.55]],[[-93.873,31.625],[-93.825,31.619],[-93.775,31.614],[-93.762,31.612]],[[-94.175,31.66],[-94.125,31.654],[-94.102,31.652]],[[-86.367,31.883],[-86.325,31.886],[-86.275,31.89],[-86.225,31.894],[-86.175,31.897],[-86.125,31.901],[-86.075,31.906],[-86.025,31.912],[-85.975,31.919],[-85.938,31.925],[-85.925,31.927],[-85.875,31.937],[-85.825,31.947],[-85.775,31.958],[-85.725,31.97],[-85.702,31.975],[-85.675,31.981],[-85.625,31.993],[-85.575,32.006],[-85.525,32.018],[-85.495,32.025],[-85.475,32.03],[-85.425,32.042],[-85.375,32.053],[-85.325,32.064],[-85.275,32.075],[-85.274,32.075],[-85.225,32.084],[-85.175,32.093],[-85.125,32.1],[-85.075,32.106],[-85.025,32.111],[-84.975,32.115],[-84.925,32.118],[-84.875,32.119],[-84.825,32.12],[-84.775,32.12],[-84.725,32.119],[-84.675,32.117],[-84.625,32.115],[-84.575,32.112],[-84.525,32.108],[-84.475,32.105],[-84.425,32.101],[-84.375,32.096],[-84.325,32.092],[-84.275,32.088],[-84.225,32.083],[-84.175,32.079],[-84.126,32.075],[-84.125,32.075],[-84.075,32.071],[-84.025,32.068],[-83.975,32.065],[-83.925,32.062],[-83.875,32.06],[-83.825,32.059],[-83.775,32.058],[-83.725,32.058],[-83.675,32.059],[-83.625,32.061],[-83.575,32.063],[-83.525,32.067],[-83.475,32.071],[-83.441,32.075],[-83.425,32.077],[-83.375,32.083],[-83.325,32.091],[-83.275,32.1],[-83.225,32.11],[-83.175,32.121],[-83.157,32.125],[-83.125,32.133],[-83.075,32.146],[-83.025,32.16],[-82.978,32.175],[-82.975,32.176],[-82.925,32.192],[-82.875,32.21],[-82.834,32.225],[-82.825,32.228],[-82.775,32.247],[-82.725,32.267],[-82.704,32.275],[-82.675,32.287],[-82.625,32.306],[-82.578,32.325],[-82.575,32.326],[-82.525,32.345],[-82.475,32.363],[-82.442,32.375],[-82.425,32.381],[-82.375,32.397],[-82.325,32.412],[-82.281,32.425],[-82.275,32.427],[-82.225,32.44],[-82.175,32.454],[-82.125,32.466],[-82.088,32.475],[-82.075,32.478],[-82.025,32.49],[-81.975,32.501],[-81.925,32.511],[-81.875,32.522],[-81.857,32.525],[-81.825,32.531],[-81.775,32.54],[-81.725,32.548],[-81.675,32.555],[-81.625,32.561],[-81.575,32.565],[-81.525,32.567],[-81.475,32.568],[-81.425,32.568],[-81.375,32.567],[-81.325,32.565],[-81.275,32.562],[-81.225,32.56],[-81.175,32.556],[-81.125,32.553],[-81.075,32.55],[-81.025,32.546],[-80.975,32.543],[-80.925,32.54],[-80.875,32.538],[-80.825,32.537],[-80.775,32.536],[-80.725,32.537],[-80.675,32.539],[-80.625,32.542],[-80.575,32.546],[-80.552,32.548]],[[-80.503,32.553],[-80.475,32.556],[-80.425,32.561],[-80.375,32.567],[-80.325,32.572],[-80.293,32.575],[-80.275,32.577],[-80.225,32.58],[-80.175,32.581],[-80.169,32.581]]]}},{"type":"Feature","properties":{"date":"2013-03-24","label":"24 Mar","yday":83,"tier":"day","major":false},"geometry":{"type":"MultiLineString","coordinates":[[[-91.225,31.622],[-91.175,31.619],[-91.125,31.614],[-91.075,31.61],[-91.025,31.605],[-90.975,31.6],[-90.925,31.595],[-90.875,31.589],[-90.825,31.583],[-90.775,31.577],[-90.758,31.575],[-90.725,31.571],[-90.675,31.564],[-90.625,31.557],[-90.575,31.55],[-90.525,31.543],[-90.475,31.536],[-90.425,31.529],[-90.4,31.525],[-90.375,31.521],[-90.325,31.514],[-90.275,31.507],[-90.225,31.499],[-90.175,31.492],[-90.125,31.484],[-90.075,31.477],[-90.062,31.475],[-90.025,31.47],[-89.975,31.462],[-89.925,31.455],[-89.875,31.448],[-89.825,31.44],[-89.775,31.433],[-89.725,31.427],[-89.713,31.425],[-89.675,31.42],[-89.625,31.414],[-89.575,31.408],[-89.525,31.402],[-89.475,31.397],[-89.425,31.393],[-89.375,31.389],[-89.325,31.386],[-89.275,31.384],[-89.225,31.383],[-89.175,31.381],[-89.125,31.38],[-89.075,31.379],[-89.025,31.378],[-88.975,31.378],[-88.925,31.379],[-88.875,31.38],[-88.825,31.382],[-88.775,31.385],[-88.725,31.389],[-88.675,31.394],[-88.625,31.4],[-88.575,31.407],[-88.525,31.415],[-88.475,31.425],[-88.473,31.425],[-88.425,31.435],[-88.375,31.446],[-88.325,31.458],[-88.275,31.471],[-88.259,31.475],[-88.225,31.484],[-88.175,31.499],[-88.125,31.514],[-88.09,31.525],[-88.075,31.53],[-88.025,31.546],[-87.975,31.563],[-87.941,31.575],[-87.925,31.58],[-87.875,31.598],[-87.825,31.615],[-87.798,31.625],[-87.775,31.633],[-87.725,31.651],[-87.675,31.669],[-87.657,31.675],[-87.625,31.686],[-87.575,31.704],[-87.525,31.721],[-87.512,31.725],[-87.475,31.737],[-87.425,31.753],[-87.375,31.769],[-87.355,31.775],[-87.325,31.784],[-87.275,31.799],[-87.225,31.813],[-87.178,31.825],[-87.175,31.826],[-87.125,31.838],[-87.075,31.85],[-87.025,31.861],[-86.975,31.872],[-86.958,31.875],[-86.925,31.882],[-86.875,31.891],[-86.825,31.899],[-86.775,31.907],[-86.76,31.91]],[[-92.7,31.65],[-92.675,31.649],[-92.625,31.649],[-92.575,31.648],[-92.525,31.648],[-92.475,31.648],[-92.425,31.648],[-92.375,31.648],[-92.325,31.648],[-92.275,31.648],[-92.225,31.648],[-92.175,31.648],[-92.125,31.648],[-92.075,31.648],[-92.025,31.648],[-91.975,31.648],[-91.952,31.648]],[[-86.124,31.976],[-86.075,31.982],[-86.025,31.988],[-85.975,31.996],[-85.925,32.005],[-85.875,32.014],[-85.825,32.025],[-85.823,32.025],[-85.775,32.035],[-85.725,32.047],[-85.675,32.058],[-85.625,32.07],[-85.605,32.075],[-85.575,32.082],[-85.525,32.094],[-85.475,32.106],[-85.425,32.117],[-85.392,32.125],[-85.375,32.129],[-85.325,32.139],[-85.275,32.149],[-85.225,32.159],[-85.175,32.167],[-85.125,32.175],[-85.123,32.175],[-85.075,32.181],[-85.025,32.186],[-84.975,32.191],[-84.925,32.194],[-84.875,32.196],[-84.825,32.197],[-84.775,32.198],[-84.725,32.197],[-84.675,32.196],[-84.625,32.193],[-84.575,32.191],[-84.525,32.188],[-84.475,32.184],[-84.425,32.181],[-84.375,32.177],[-84.351,32.175],[-84.325,32.173],[-84.275,32.169],[-84.225,32.165],[-84.175,32.161],[-84.125,32.158],[-84.075,32.154],[-84.025,32.151],[-83.975,32.149],[-83.925,32.147],[-83.875,32.145],[-83.825,32.144],[-83.775,32.144],[-83.725,32.145],[-83.675,32.146],[-83.625,32.148],[-83.575,32.151],[-83.525,32.155],[-83.475,32.16],[-83.425,32.166],[-83.375,32.172],[-83.359,32.175],[-83.325,32.18],[-83.275,32.189],[-83.225,32.199],[-83.175,32.21],[-83.125,32.223],[-83.116,32.225],[-83.075,32.236],[-83.025,32.25],[-82.975,32.265],[-82.946,32.275],[-82.925,32.282],[-82.875,32.299],[-82.825,32.317],[-82.803,32.325],[-82.775,32.335],[-82.725,32.354],[-82.675,32.374],[-82.672,32.375],[-82.625,32.393],[-82.575,32.412],[-82.538,32.425],[-82.525,32.43],[-82.475,32.447],[-82.425,32.464],[-82.391,32.475],[-82.375,32.48],[-82.325,32.495],[-82.275,32.51],[-82.225,32.524],[-82.221,32.525],[-82.175,32.537],[-82.125,32.55],[-82.075,32.563],[-82.025,32.575],[-82.023,32.575],[-81.975,32.586],[-81.925,32.597],[-81.875,32.608],[-81.825,32.618],[-81.786,32.625],[-81.775,32.627],[-81.725,32.635],[-81.675,32.643],[-81.625,32.649],[-81.575,32.654],[-81.525,32.656],[-81.475,32.657],[-81.425,32.658],[-81.375,32.657],[-81.325,32.656],[-81.275,32.654],[-81.225,32.652],[-81.175,32.65],[-81.125,32.647],[-81.075,32.645],[-81.025,32.643],[-80.975,32.641],[-80.925,32.639],[-80.875,32.638],[-80.825,32.638],[-80.775,32.639],[-80.725,32.641],[-80.675,32.645],[-80.625,32.649],[-80.575,32.655],[-80.525,32.662],[-80.475,32.67],[-80.442,32.675],[-80.425,32.678],[-80.375,32.686],[-80.325,32.694],[-80.275,32.701],[-80.225,32.706],[-80.175,32.709],[-80.125,32.709],[-80.075,32.706],[-80.025,32.699],[-79.975,32.689],[-79.925,32.676],[-79.924,32.676]]]}},{"type":"Feature","properties":{"date":"2013-03-25","label":"25 Mar","yday":84,"tier":"day","major":false},"geometry":{"type":"MultiLineString","coordinates":[[[-91.127,31.723],[-91.125,31.723],[-91.075,31.719],[-91.025,31.715],[-90.975,31.71],[-90.925,31.705],[-90.875,31.699],[-90.825,31.694],[-90.775,31.688],[-90.725,31.681],[-90.679,31.675],[-90.675,31.674],[-90.625,31.668],[-90.575,31.66],[-90.525,31.653],[-90.475,31.645],[-90.425,31.637],[-90.375,31.629],[-90.349,31.625],[-90.325,31.621],[-90.275,31.613],[-90.225,31.605],[-90.175,31.596],[-90.125,31.588],[-90.075,31.579],[-90.051,31.575],[-90.025,31.571],[-89.975,31.562],[-89.925,31.554],[-89.875,31.546],[-89.825,31.537],[-89.775,31.529],[-89.748,31.525],[-89.725,31.522],[-89.675,31.514],[-89.625,31.507],[-89.575,31.5],[-89.525,31.493],[-89.475,31.487],[-89.425,31.482],[-89.375,31.477],[-89.352,31.475],[-89.325,31.473],[-89.275,31.471],[-89.225,31.469],[-89.175,31.468],[-89.125,31.468],[-89.075,31.467],[-89.025,31.467],[-88.975,31.468],[-88.925,31.469],[-88.875,31.471],[-88.825,31.473],[-88.8,31.475],[-88.775,31.477],[-88.725,31.481],[-88.675,31.486],[-88.625,31.492],[-88.575,31.5],[-88.525,31.508],[-88.475,31.517],[-88.434,31.525],[-88.425,31.527],[-88.375,31.538],[-88.325,31.549],[-88.275,31.562],[-88.226,31.575],[-88.225,31.575],[-88.175,31.589],[-88.125,31.604],[-88.075,31.62],[-88.058,31.625],[-88.025,31.635],[-87.975,31.652],[-87.925,31.668],[-87.905,31.675],[-87.875,31.685],[-87.825,31.702],[-87.775,31.719],[-87.758,31.725],[-87.725,31.736],[-87.675,31.753],[-87.625,31.77],[-87.61,31.775],[-87.575,31.787],[-87.525,31.803],[-87.475,31.819],[-87.454,31.825],[-87.425,31.834],[-87.375,31.849],[-87.325,31.863],[-87.282,31.875],[-87.275,31.877],[-87.225,31.89],[-87.175,31.903],[-87.125,31.915],[-87.079,31.925]],[[-92.825,31.748],[-92.775,31.747],[-92.725,31.747],[-92.675,31.746],[-92.625,31.745],[-92.575,31.745],[-92.525,31.745],[-92.475,31.745],[-92.425,31.745],[-92.375,31.745],[-92.325,31.746],[-92.275,31.746],[-92.225,31.746],[-92.175,31.747],[-92.125,31.747],[-92.075,31.747],[-92.025,31.748],[-91.975,31.748],[-91.925,31.748],[-91.875,31.748]],[[-86.035,32.065],[-86.025,32.067],[-85.975,32.074],[-85.971,32.075]],[[-85.597,32.153],[-85.575,32.158],[-85.525,32.17],[-85.502,32.175],[-85.475,32.181],[-85.425,32.192],[-85.375,32.203],[-85.325,32.214],[-85.275,32.224],[-85.267,32.225],[-85.225,32.233],[-85.175,32.241],[-85.125,32.249],[-85.075,32.255],[-85.025,32.261],[-84.975,32.266],[-84.925,32.27],[-84.875,32.272],[-84.825,32.274],[-84.775,32.274],[-84.725,32.274],[-84.675,32.273],[-84.625,32.271],[-84.575,32.269],[-84.525,32.266],[-84.475,32.263],[-84.425,32.26],[-84.375,32.256],[-84.325,32.253],[-84.275,32.249],[-84.225,32.246],[-84.175,32.242],[-84.125,32.239],[-84.075,32.236],[-84.025,32.234],[-83.975,32.232],[-83.925,32.23],[-83.875,32.229],[-83.825,32.229],[-83.775,32.229],[-83.725,32.23],[-83.675,32.232],[-83.625,32.234],[-83.575,32.238],[-83.525,32.242],[-83.475,32.247],[-83.425,32.253],[-83.375,32.26],[-83.325,32.268],[-83.289,32.275],[-83.275,32.277],[-83.225,32.288],[-83.175,32.299],[-83.125,32.311],[-83.075,32.324],[-83.07,32.325],[-83.025,32.338],[-82.975,32.353],[-82.925,32.369],[-82.907,32.375],[-82.875,32.386],[-82.825,32.403],[-82.775,32.422],[-82.766,32.425],[-82.725,32.44],[-82.675,32.459],[-82.632,32.475],[-82.625,32.477],[-82.575,32.495],[-82.525,32.513],[-82.49,32.525],[-82.475,32.53],[-82.425,32.546],[-82.375,32.562],[-82.333,32.575],[-82.325,32.577],[-82.275,32.592],[-82.225,32.606],[-82.175,32.619],[-82.153,32.625],[-82.125,32.632],[-82.075,32.645],[-82.025,32.657],[-81.975,32.669],[-81.947,32.675],[-81.925,32.68],[-81.875,32.69],[-81.825,32.7],[-81.775,32.71],[-81.725,32.718],[-81.682,32.725],[-81.675,32.726],[-81.625,32.732],[-81.575,32.737],[-81.525,32.74],[-81.475,32.742],[-81.425,32.744],[-81.375,32.744],[-81.325,32.744],[-81.275,32.744],[-81.225,32.743],[-81.175,32.742],[-81.125,32.741],[-81.075,32.74],[-81.025,32.739],[-80.975,32.739],[-80.925,32.738],[-80.875,32.739],[-80.825,32.74],[-80.775,32.743],[-80.725,32.746],[-80.675,32.751],[-80.625,32.758],[-80.575,32.766],[-80.526,32.775],[-80.525,32.775],[-80.475,32.786],[-80.425,32.797],[-80.375,32.809],[-80.325,32.819],[-80.295,32.825],[-80.275,32.829],[-80.225,32.837],[-80.175,32.842],[-80.125,32.843],[-80.075,32.841],[-80.025,32.833],[-79.994,32.825],[-79.975,32.82]]]}},{"type":"Feature","properties":{"date":"2013-03-26","label":"26 Mar","yday":85,"tier":"five","major":false},"geometry":{"type":"MultiLineString","coordinates":[[[-92.845,31.845],[-92.825,31.844],[-92.775,31.843],[-92.725,31.843],[-92.675,31.842],[-92.625,31.842],[-92.575,31.842],[-92.525,31.842],[-92.475,31.842],[-92.425,31.842],[-92.375,31.843],[-92.325,31.843],[-92.275,31.844],[-92.225,31.845],[-92.175,31.845],[-92.125,31.846],[-92.075,31.847],[-92.025,31.848],[-91.975,31.848],[-91.925,31.849],[-91.875,31.85]],[[-91.071,31.829],[-91.025,31.825],[-91.02,31.825],[-90.975,31.821],[-90.925,31.816],[-90.875,31.811],[-90.825,31.806],[-90.775,31.8],[-90.725,31.794],[-90.675,31.787],[-90.625,31.78],[-90.591,31.775],[-90.575,31.773],[-90.525,31.765],[-90.475,31.757],[-90.425,31.749],[-90.375,31.74],[-90.325,31.731],[-90.291,31.725],[-90.275,31.722],[-90.225,31.713],[-90.175,31.704],[-90.125,31.694],[-90.075,31.684],[-90.026,31.675],[-90.025,31.675],[-89.975,31.665],[-89.925,31.656],[-89.875,31.647],[-89.825,31.637],[-89.775,31.628],[-89.758,31.625],[-89.725,31.619],[-89.675,31.611],[-89.625,31.603],[-89.575,31.595],[-89.525,31.587],[-89.475,31.58],[-89.432,31.575],[-89.425,31.574],[-89.375,31.569],[-89.325,31.565],[-89.275,31.561],[-89.225,31.559],[-89.175,31.558],[-89.125,31.557],[-89.075,31.556],[-89.025,31.557],[-88.975,31.557],[-88.925,31.559],[-88.875,31.561],[-88.825,31.564],[-88.775,31.567],[-88.725,31.572],[-88.694,31.575],[-88.675,31.577],[-88.625,31.583],[-88.575,31.59],[-88.525,31.598],[-88.475,31.607],[-88.425,31.617],[-88.389,31.625],[-88.375,31.628],[-88.325,31.64],[-88.275,31.652],[-88.225,31.665],[-88.189,31.675],[-88.175,31.679],[-88.125,31.693],[-88.075,31.708],[-88.025,31.724],[-88.021,31.725],[-87.975,31.739],[-87.925,31.756],[-87.875,31.772],[-87.865,31.775],[-87.825,31.788],[-87.775,31.805],[-87.725,31.821],[-87.713,31.825],[-87.675,31.837],[-87.625,31.854],[-87.575,31.869],[-87.557,31.875],[-87.525,31.885],[-87.475,31.9],[-87.425,31.915],[-87.389,31.925]],[[-85.575,32.234],[-85.525,32.245],[-85.475,32.256],[-85.425,32.267],[-85.385,32.275],[-85.375,32.277],[-85.325,32.287],[-85.275,32.297],[-85.225,32.306],[-85.175,32.315],[-85.125,32.323],[-85.108,32.325],[-85.075,32.33],[-85.025,32.336],[-84.975,32.341],[-84.925,32.345],[-84.875,32.348],[-84.825,32.35],[-84.775,32.35],[-84.725,32.35],[-84.675,32.349],[-84.625,32.348],[-84.575,32.345],[-84.525,32.343],[-84.475,32.34],[-84.425,32.337],[-84.375,32.334],[-84.325,32.331],[-84.275,32.328],[-84.225,32.325],[-84.222,32.325],[-84.175,32.322],[-84.125,32.32],[-84.075,32.317],[-84.025,32.315],[-83.975,32.314],[-83.925,32.313],[-83.875,32.312],[-83.825,32.312],[-83.775,32.313],[-83.725,32.314],[-83.675,32.317],[-83.625,32.32],[-83.575,32.323],[-83.558,32.325],[-83.525,32.328],[-83.475,32.334],[-83.425,32.34],[-83.375,32.347],[-83.325,32.356],[-83.275,32.365],[-83.225,32.375],[-83.225,32.375],[-83.175,32.386],[-83.125,32.398],[-83.075,32.41],[-83.025,32.424],[-83.022,32.425],[-82.975,32.439],[-82.925,32.455],[-82.875,32.472],[-82.865,32.475],[-82.825,32.489],[-82.775,32.507],[-82.726,32.525],[-82.725,32.525],[-82.675,32.544],[-82.625,32.561],[-82.586,32.575],[-82.575,32.579],[-82.525,32.596],[-82.475,32.612],[-82.435,32.625],[-82.425,32.628],[-82.375,32.643],[-82.325,32.658],[-82.275,32.673],[-82.266,32.675],[-82.225,32.686],[-82.175,32.7],[-82.125,32.713],[-82.076,32.725],[-82.075,32.725],[-82.025,32.737],[-81.975,32.749],[-81.925,32.76],[-81.875,32.771],[-81.854,32.775],[-81.825,32.781],[-81.775,32.79],[-81.725,32.798],[-81.675,32.806],[-81.625,32.812],[-81.575,32.817],[-81.525,32.822],[-81.477,32.825],[-81.475,32.825],[-81.425,32.828],[-81.375,32.83],[-81.325,32.831],[-81.275,32.832],[-81.225,32.833],[-81.175,32.834],[-81.125,32.834],[-81.075,32.835],[-81.025,32.836],[-80.975,32.837],[-80.925,32.838],[-80.875,32.841],[-80.825,32.843],[-80.775,32.847],[-80.725,32.852],[-80.675,32.858],[-80.625,32.867],[-80.586,32.875],[-80.575,32.878],[-80.525,32.89],[-80.475,32.904],[-80.425,32.918],[-80.401,32.925],[-80.375,32.932],[-80.325,32.945],[-80.275,32.956],[-80.225,32.965],[-80.175,32.971],[-80.125,32.972],[-80.075,32.969],[-80.025,32.961],[-79.975,32.948],[-79.925,32.93],[-79.915,32.925],[-79.875,32.908],[-79.825,32.884],[-79.808,32.875],[-79.775,32.858],[-79.725,32.832],[-79.721,32.829]]]}},{"type":"Feature","properties":{"date":"2013-03-27","label":"27 Mar","yday":86,"tier":"day","major":false},"geometry":{"type":"MultiLineString","coordinates":[[[-92.975,31.945],[-92.925,31.943],[-92.875,31.941],[-92.825,31.94],[-92.775,31.939],[-92.725,31.938],[-92.675,31.938],[-92.625,31.938],[-92.575,31.938],[-92.525,31.938],[-92.475,31.938],[-92.425,31.939],[-92.375,31.94],[-92.325,31.941],[-92.275,31.942],[-92.225,31.943],[-92.175,31.944],[-92.125,31.946],[-92.075,31.947],[-92.025,31.948],[-91.975,31.949],[-91.95,31.95]],[[-90.921,31.929],[-90.876,31.925],[-90.875,31.925],[-90.825,31.92],[-90.775,31.914],[-90.725,31.908],[-90.675,31.902],[-90.625,31.895],[-90.575,31.887],[-90.525,31.88],[-90.497,31.875],[-90.475,31.871],[-90.425,31.863],[-90.375,31.854],[-90.325,31.844],[-90.275,31.834],[-90.228,31.825],[-90.225,31.824],[-90.175,31.814],[-90.125,31.804],[-90.075,31.793],[-90.025,31.782],[-89.99,31.775],[-89.975,31.772],[-89.925,31.761],[-89.875,31.751],[-89.825,31.74],[-89.775,31.73],[-89.749,31.725],[-89.725,31.72],[-89.675,31.711],[-89.625,31.702],[-89.575,31.693],[-89.525,31.685],[-89.475,31.677],[-89.46,31.675],[-89.425,31.67],[-89.375,31.664],[-89.325,31.659],[-89.275,31.655],[-89.225,31.652],[-89.175,31.65],[-89.125,31.648],[-89.075,31.647],[-89.025,31.647],[-88.975,31.648],[-88.925,31.649],[-88.875,31.651],[-88.825,31.654],[-88.775,31.657],[-88.725,31.662],[-88.675,31.667],[-88.625,31.673],[-88.613,31.675],[-88.575,31.68],[-88.525,31.688],[-88.475,31.697],[-88.425,31.707],[-88.375,31.718],[-88.343,31.725],[-88.325,31.729],[-88.275,31.741],[-88.225,31.754],[-88.175,31.768],[-88.149,31.775],[-88.125,31.782],[-88.075,31.797],[-88.025,31.812],[-87.981,31.825],[-87.975,31.827],[-87.925,31.843],[-87.875,31.858],[-87.825,31.874],[-87.823,31.875],[-87.775,31.89],[-87.725,31.906],[-87.675,31.922],[-87.665,31.925]],[[-87.08,32.08],[-87.075,32.081],[-87.067,32.083]],[[-85.603,32.303],[-85.575,32.309],[-85.525,32.32],[-85.499,32.325],[-85.475,32.33],[-85.425,32.34],[-85.375,32.35],[-85.325,32.36],[-85.275,32.37],[-85.247,32.375],[-85.225,32.379],[-85.175,32.388],[-85.125,32.396],[-85.075,32.404],[-85.025,32.41],[-84.975,32.416],[-84.925,32.42],[-84.875,32.423],[-84.825,32.425],[-84.802,32.425],[-84.775,32.425],[-84.725,32.425],[-84.723,32.425],[-84.675,32.424],[-84.625,32.423],[-84.575,32.421],[-84.525,32.419],[-84.475,32.416],[-84.425,32.414],[-84.375,32.411],[-84.325,32.409],[-84.275,32.406],[-84.225,32.404],[-84.175,32.401],[-84.125,32.399],[-84.075,32.398],[-84.025,32.396],[-83.975,32.395],[-83.925,32.395],[-83.875,32.395],[-83.825,32.395],[-83.775,32.396],[-83.725,32.398],[-83.675,32.401],[-83.625,32.404],[-83.575,32.409],[-83.525,32.414],[-83.475,32.42],[-83.439,32.425],[-83.425,32.427],[-83.375,32.435],[-83.325,32.443],[-83.275,32.453],[-83.225,32.463],[-83.175,32.473],[-83.168,32.475],[-83.125,32.485],[-83.075,32.498],[-83.025,32.511],[-82.976,32.525],[-82.975,32.525],[-82.925,32.541],[-82.875,32.558],[-82.827,32.575],[-82.825,32.576],[-82.775,32.593],[-82.725,32.611],[-82.685,32.625],[-82.675,32.628],[-82.625,32.645],[-82.575,32.662],[-82.535,32.675],[-82.525,32.678],[-82.475,32.694],[-82.425,32.709],[-82.375,32.724],[-82.372,32.725],[-82.325,32.739],[-82.275,32.753],[-82.225,32.766],[-82.191,32.775],[-82.175,32.779],[-82.125,32.792],[-82.075,32.804],[-82.025,32.816],[-81.987,32.825],[-81.975,32.828],[-81.925,32.839],[-81.875,32.849],[-81.825,32.859],[-81.775,32.868],[-81.735,32.875],[-81.725,32.877],[-81.675,32.884],[-81.625,32.891],[-81.575,32.897],[-81.525,32.902],[-81.475,32.907],[-81.425,32.911],[-81.375,32.914],[-81.325,32.917],[-81.275,32.92],[-81.225,32.923],[-81.183,32.925],[-81.175,32.925],[-81.125,32.928],[-81.075,32.931],[-81.025,32.933],[-80.975,32.937],[-80.925,32.94],[-80.875,32.944],[-80.825,32.949],[-80.775,32.955],[-80.725,32.962],[-80.675,32.971],[-80.655,32.975],[-80.625,32.982],[-80.575,32.995],[-80.525,33.01],[-80.476,33.025],[-80.475,33.025],[-80.425,33.04],[-80.375,33.054],[-80.325,33.067],[-80.288,33.075],[-80.275,33.078],[-80.225,33.086],[-80.175,33.091],[-80.125,33.092],[-80.075,33.089],[-80.025,33.08],[-80.008,33.075],[-79.975,33.066],[-79.925,33.047],[-79.877,33.025],[-79.875,33.024],[-79.825,32.998],[-79.782,32.975],[-79.775,32.971],[-79.725,32.942],[-79.696,32.925],[-79.675,32.913],[-79.651,32.899]]]}},{"type":"Feature","properties":{"date":"2013-03-28","label":"28 Mar","yday":87,"tier":"day","major":false},"geometry":{"type":"MultiLineString","coordinates":[[[-93.025,32.043],[-92.975,32.041],[-92.925,32.039],[-92.875,32.037],[-92.825,32.036],[-92.775,32.035],[-92.725,32.034],[-92.675,32.034],[-92.625,32.034],[-92.575,32.034],[-92.525,32.034],[-92.475,32.035],[-92.425,32.036],[-92.375,32.037],[-92.325,32.039],[-92.275,32.04],[-92.225,32.042],[-92.175,32.044],[-92.125,32.045],[-92.075,32.047],[-92.025,32.049]],[[-90.771,32.029],[-90.733,32.025],[-90.725,32.024],[-90.675,32.018],[-90.625,32.011],[-90.575,32.004],[-90.525,31.996],[-90.475,31.988],[-90.425,31.979],[-90.401,31.975],[-90.375,31.97],[-90.325,31.96],[-90.275,31.95],[-90.225,31.939],[-90.175,31.928],[-90.161,31.925],[-90.125,31.917],[-90.075,31.905],[-90.025,31.894],[-89.975,31.882],[-89.947,31.875],[-89.925,31.87],[-89.875,31.858],[-89.825,31.847],[-89.775,31.836],[-89.727,31.825],[-89.725,31.825],[-89.675,31.814],[-89.625,31.804],[-89.575,31.794],[-89.525,31.785],[-89.475,31.777],[-89.464,31.775],[-89.425,31.769],[-89.375,31.762],[-89.325,31.756],[-89.275,31.751],[-89.225,31.747],[-89.175,31.744],[-89.125,31.741],[-89.075,31.74],[-89.025,31.739],[-88.975,31.739],[-88.925,31.74],[-88.875,31.742],[-88.825,31.744],[-88.775,31.748],[-88.725,31.752],[-88.675,31.757],[-88.625,31.763],[-88.575,31.77],[-88.544,31.775],[-88.525,31.778],[-88.475,31.787],[-88.425,31.797],[-88.375,31.807],[-88.325,31.818],[-88.298,31.825],[-88.275,31.83],[-88.225,31.843],[-88.175,31.857],[-88.125,31.87],[-88.109,31.875],[-88.075,31.885],[-88.025,31.9],[-87.975,31.915],[-87.941,31.925],[-87.925,31.93],[-87.875,31.945],[-87.825,31.961],[-87.78,31.975]],[[-87.146,32.146],[-87.125,32.151],[-87.075,32.161],[-87.025,32.17],[-87.0,32.175],[-86.975,32.18],[-86.969,32.181]],[[-85.708,32.358],[-85.675,32.365],[-85.625,32.374],[-85.621,32.375],[-85.575,32.384],[-85.525,32.394],[-85.475,32.403],[-85.425,32.413],[-85.375,32.423],[-85.365,32.425],[-85.325,32.433],[-85.275,32.442],[-85.225,32.451],[-85.175,32.46],[-85.125,32.469],[-85.086,32.475],[-85.075,32.477],[-85.025,32.484],[-84.975,32.49],[-84.925,32.494],[-84.875,32.496],[-84.825,32.498],[-84.775,32.498],[-84.725,32.498],[-84.675,32.497],[-84.625,32.496],[-84.575,32.495],[-84.525,32.493],[-84.475,32.491],[-84.425,32.489],[-84.375,32.487],[-84.325,32.485],[-84.275,32.483],[-84.225,32.481],[-84.175,32.48],[-84.125,32.478],[-84.075,32.477],[-84.025,32.476],[-83.975,32.476],[-83.925,32.476],[-83.875,32.477],[-83.825,32.478],[-83.775,32.479],[-83.725,32.482],[-83.675,32.485],[-83.625,32.489],[-83.575,32.494],[-83.525,32.5],[-83.475,32.507],[-83.425,32.514],[-83.375,32.523],[-83.362,32.525],[-83.325,32.532],[-83.275,32.542],[-83.225,32.552],[-83.175,32.563],[-83.125,32.574],[-83.123,32.575],[-83.075,32.587],[-83.025,32.6],[-82.975,32.615],[-82.943,32.625],[-82.925,32.631],[-82.875,32.647],[-82.825,32.664],[-82.792,32.675],[-82.775,32.681],[-82.725,32.697],[-82.675,32.714],[-82.64,32.725],[-82.625,32.73],[-82.575,32.746],[-82.525,32.761],[-82.478,32.775],[-82.475,32.776],[-82.425,32.79],[-82.375,32.805],[-82.325,32.818],[-82.301,32.825],[-82.275,32.832],[-82.225,32.845],[-82.175,32.858],[-82.125,32.87],[-82.106,32.875],[-82.075,32.883],[-82.025,32.894],[-81.975,32.906],[-81.925,32.917],[-81.884,32.925],[-81.875,32.927],[-81.825,32.937],[-81.775,32.946],[-81.725,32.955],[-81.675,32.963],[-81.625,32.97],[-81.587,32.975],[-81.575,32.977],[-81.525,32.983],[-81.475,32.989],[-81.425,32.994],[-81.375,32.999],[-81.325,33.004],[-81.275,33.008],[-81.225,33.013],[-81.175,33.018],[-81.125,33.022],[-81.096,33.025],[-81.075,33.027],[-81.025,33.032],[-80.975,33.038],[-80.925,33.044],[-80.875,33.051],[-80.825,33.058],[-80.775,33.067],[-80.734,33.075],[-80.725,33.077],[-80.675,33.088],[-80.625,33.101],[-80.575,33.115],[-80.54,33.125],[-80.525,33.129],[-80.475,33.143],[-80.425,33.157],[-80.375,33.169],[-80.35,33.175],[-80.325,33.18],[-80.275,33.189],[-80.225,33.196],[-80.175,33.2],[-80.125,33.2],[-80.075,33.197],[-80.025,33.189],[-79.975,33.175],[-79.975,33.175],[-79.925,33.155],[-79.875,33.132],[-79.861,33.125],[-79.825,33.106],[-79.775,33.078],[-79.769,33.075],[-79.725,33.048],[-79.687,33.025],[-79.675,33.018],[-79.625,32.987],[-79.618,32.982]]]}},{"type":"Feature","properties":{"date":"2013-03-29","label":"29 Mar","yday":88,"tier":"day","major":false},"geometry":{"type":"MultiLineString","coordinates":[[[-90.491,32.109],[-90.475,32.107],[-90.425,32.098],[-90.375,32.089],[-90.325,32.079],[-90.306,32.075],[-90.275,32.068],[-90.225,32.057],[-90.175,32.045],[-90.125,32.033],[-90.093,32.025],[-90.075,32.021],[-90.025,32.008],[-89.975,31.995],[-89.925,31.982],[-89.897,31.975],[-89.875,31.969],[-89.825,31.957],[-89.775,31.944],[-89.725,31.932],[-89.694,31.925],[-89.675,31.921],[-89.625,31.909],[-89.575,31.899],[-89.525,31.889],[-89.475,31.879],[-89.451,31.875],[-89.425,31.87],[-89.375,31.863],[-89.325,31.856],[-89.275,31.849],[-89.225,31.844],[-89.175,31.84],[-89.125,31.837],[-89.075,31.834],[-89.025,31.832],[-88.975,31.832],[-88.925,31.832],[-88.875,31.833],[-88.825,31.835],[-88.775,31.838],[-88.725,31.842],[-88.675,31.847],[-88.625,31.853],[-88.575,31.86],[-88.525,31.868],[-88.484,31.875],[-88.475,31.877],[-88.425,31.886],[-88.375,31.897],[-88.325,31.908],[-88.275,31.92],[-88.255,31.925],[-88.225,31.933],[-88.175,31.946],[-88.125,31.96],[-88.075,31.974],[-88.071,31.975],[-88.025,31.988],[-87.975,32.003],[-87.925,32.018],[-87.92,32.02]],[[-93.025,32.139],[-92.975,32.137],[-92.925,32.135],[-92.875,32.133],[-92.825,32.132],[-92.775,32.131],[-92.725,32.13],[-92.675,32.13],[-92.625,32.13],[-92.575,32.13],[-92.525,32.131],[-92.475,32.132],[-92.425,32.134],[-92.375,32.135],[-92.325,32.137],[-92.275,32.139],[-92.225,32.141],[-92.175,32.144],[-92.125,32.146],[-92.075,32.148],[-92.049,32.149]],[[-87.175,32.222],[-87.16,32.225],[-87.125,32.232],[-87.075,32.242],[-87.025,32.252],[-86.975,32.26],[-86.925,32.269],[-86.888,32.275],[-86.875,32.277]],[[-85.946,32.396],[-85.925,32.399],[-85.875,32.407],[-85.825,32.415],[-85.775,32.423],[-85.766,32.425],[-85.725,32.432],[-85.675,32.441],[-85.625,32.449],[-85.575,32.458],[-85.525,32.467],[-85.484,32.475],[-85.475,32.477],[-85.425,32.486],[-85.375,32.495],[-85.325,32.505],[-85.275,32.514],[-85.225,32.523],[-85.215,32.525],[-85.175,32.532],[-85.125,32.54],[-85.075,32.548],[-85.025,32.555],[-84.975,32.56],[-84.925,32.564],[-84.875,32.567],[-84.825,32.569],[-84.775,32.569],[-84.725,32.57],[-84.675,32.569],[-84.625,32.568],[-84.575,32.567],[-84.525,32.566],[-84.475,32.565],[-84.425,32.563],[-84.375,32.562],[-84.325,32.56],[-84.275,32.559],[-84.225,32.558],[-84.175,32.557],[-84.125,32.556],[-84.075,32.556],[-84.025,32.556],[-83.975,32.556],[-83.925,32.557],[-83.875,32.558],[-83.825,32.56],[-83.775,32.563],[-83.725,32.566],[-83.675,32.57],[-83.625,32.575],[-83.624,32.575],[-83.575,32.581],[-83.525,32.588],[-83.475,32.595],[-83.425,32.604],[-83.375,32.613],[-83.325,32.622],[-83.312,32.625],[-83.275,32.633],[-83.225,32.644],[-83.175,32.655],[-83.125,32.667],[-83.094,32.675],[-83.075,32.68],[-83.025,32.694],[-82.975,32.708],[-82.925,32.723],[-82.918,32.725],[-82.875,32.738],[-82.825,32.754],[-82.775,32.769],[-82.756,32.775],[-82.725,32.785],[-82.675,32.8],[-82.625,32.814],[-82.589,32.825],[-82.575,32.829],[-82.525,32.843],[-82.475,32.857],[-82.425,32.871],[-82.411,32.875],[-82.375,32.885],[-82.325,32.898],[-82.275,32.911],[-82.225,32.924],[-82.22,32.925],[-82.175,32.936],[-82.125,32.948],[-82.075,32.96],[-82.025,32.972],[-82.012,32.975],[-81.975,32.983],[-81.925,32.994],[-81.875,33.004],[-81.825,33.014],[-81.775,33.024],[-81.768,33.025],[-81.725,33.033],[-81.675,33.041],[-81.625,33.049],[-81.575,33.057],[-81.525,33.064],[-81.475,33.071],[-81.444,33.075],[-81.425,33.078],[-81.375,33.084],[-81.325,33.091],[-81.275,33.097],[-81.225,33.104],[-81.175,33.111],[-81.125,33.118],[-81.075,33.125],[-81.075,33.125],[-81.025,33.133],[-80.975,33.141],[-80.925,33.149],[-80.875,33.158],[-80.825,33.168],[-80.794,33.175],[-80.775,33.179],[-80.725,33.191],[-80.675,33.203],[-80.625,33.216],[-80.591,33.225],[-80.575,33.229],[-80.525,33.242],[-80.475,33.254],[-80.425,33.266],[-80.381,33.275],[-80.375,33.276],[-80.325,33.285],[-80.275,33.291],[-80.225,33.296],[-80.175,33.298],[-80.125,33.297],[-80.075,33.292],[-80.025,33.284],[-79.991,33.275],[-79.975,33.271],[-79.925,33.254],[-79.875,33.232],[-79.86,33.225],[-79.825,33.207],[-79.775,33.18],[-79.767,33.175],[-79.725,33.15],[-79.685,33.125],[-79.675,33.119],[-79.625,33.087],[-79.607,33.075],[-79.575,33.054],[-79.557,33.043]]]}},{"type":"Feature","properties":{"date":"2013-03-30","label":"30 Mar","yday":89,"tier":"day","major":false},"geometry":{"type":"MultiLineString","coordinates":[[[-90.388,32.212],[-90.375,32.209],[-90.325,32.2],[-90.275,32.189],[-90.225,32.178],[-90.215,32.175],[-90.175,32.165],[-90.125,32.152],[-90.075,32.139],[-90.025,32.125],[-90.024,32.125],[-89.975,32.111],[-89.925,32.097],[-89.875,32.084],[-89.844,32.075],[-89.825,32.07],[-89.775,32.056],[-89.725,32.043],[-89.675,32.03],[-89.653,32.025],[-89.625,32.018],[-89.575,32.006],[-89.525,31.995],[-89.475,31.984],[-89.427,31.975],[-89.425,31.975],[-89.375,31.966],[-89.325,31.957],[-89.275,31.95],[-89.225,31.944],[-89.175,31.938],[-89.125,31.934],[-89.075,31.93],[-89.025,31.928],[-88.975,31.926],[-88.925,31.926],[-88.875,31.926],[-88.825,31.928],[-88.775,31.93],[-88.725,31.934],[-88.675,31.938],[-88.625,31.944],[-88.575,31.951],[-88.525,31.959],[-88.475,31.967],[-88.434,31.975],[-88.425,31.977],[-88.375,31.987],[-88.325,31.999],[-88.275,32.011],[-88.225,32.023],[-88.218,32.025],[-88.175,32.036],[-88.125,32.05],[-88.075,32.064],[-88.038,32.075],[-88.025,32.079],[-87.989,32.089]],[[-93.037,32.237],[-93.025,32.236],[-92.975,32.233],[-92.925,32.231],[-92.875,32.23],[-92.825,32.228],[-92.775,32.227],[-92.725,32.227],[-92.675,32.227],[-92.625,32.227],[-92.575,32.228],[-92.525,32.229],[-92.475,32.23],[-92.425,32.232],[-92.375,32.234],[-92.325,32.236],[-92.275,32.239],[-92.225,32.242],[-92.175,32.244],[-92.146,32.246]],[[-87.201,32.301],[-87.175,32.306],[-87.125,32.316],[-87.076,32.325],[-87.075,32.325],[-87.025,32.334],[-86.975,32.343],[-86.925,32.351],[-86.875,32.359],[-86.835,32.365]],[[-86.016,32.466],[-85.975,32.471],[-85.95,32.475],[-85.925,32.478],[-85.875,32.486],[-85.825,32.493],[-85.775,32.501],[-85.725,32.509],[-85.675,32.517],[-85.625,32.525],[-85.624,32.525],[-85.575,32.533],[-85.525,32.541],[-85.475,32.55],[-85.425,32.558],[-85.375,32.567],[-85.333,32.575],[-85.325,32.577],[-85.275,32.586],[-85.225,32.594],[-85.175,32.603],[-85.125,32.61],[-85.075,32.617],[-85.025,32.624],[-85.012,32.625],[-84.975,32.629],[-84.925,32.633],[-84.875,32.636],[-84.825,32.638],[-84.775,32.639],[-84.725,32.639],[-84.675,32.639],[-84.625,32.639],[-84.575,32.639],[-84.525,32.638],[-84.475,32.637],[-84.425,32.637],[-84.375,32.636],[-84.325,32.635],[-84.275,32.635],[-84.225,32.634],[-84.175,32.634],[-84.125,32.634],[-84.075,32.635],[-84.025,32.636],[-83.975,32.637],[-83.925,32.639],[-83.875,32.641],[-83.825,32.644],[-83.775,32.647],[-83.725,32.651],[-83.675,32.656],[-83.625,32.662],[-83.575,32.669],[-83.536,32.675],[-83.525,32.677],[-83.475,32.686],[-83.425,32.695],[-83.375,32.705],[-83.325,32.716],[-83.284,32.725],[-83.275,32.727],[-83.225,32.739],[-83.175,32.751],[-83.125,32.763],[-83.078,32.775],[-83.075,32.776],[-83.025,32.789],[-82.975,32.803],[-82.925,32.816],[-82.894,32.825],[-82.875,32.83],[-82.825,32.844],[-82.775,32.858],[-82.725,32.872],[-82.714,32.875],[-82.675,32.886],[-82.625,32.899],[-82.575,32.912],[-82.527,32.925],[-82.525,32.926],[-82.475,32.939],[-82.425,32.952],[-82.375,32.964],[-82.334,32.975],[-82.325,32.977],[-82.275,32.99],[-82.225,33.002],[-82.175,33.014],[-82.131,33.025],[-82.125,33.026],[-82.075,33.038],[-82.025,33.05],[-81.975,33.061],[-81.925,33.072],[-81.91,33.075],[-81.875,33.082],[-81.825,33.093],[-81.775,33.102],[-81.725,33.112],[-81.675,33.121],[-81.651,33.125],[-81.625,33.13],[-81.575,33.138],[-81.525,33.146],[-81.475,33.155],[-81.425,33.163],[-81.375,33.171],[-81.35,33.175],[-81.325,33.179],[-81.275,33.188],[-81.225,33.197],[-81.175,33.206],[-81.125,33.215],[-81.075,33.224],[-81.071,33.225],[-81.025,33.234],[-80.975,33.244],[-80.925,33.254],[-80.875,33.265],[-80.833,33.275],[-80.825,33.277],[-80.775,33.288],[-80.725,33.3],[-80.675,33.313],[-80.625,33.325],[-80.625,33.325],[-80.575,33.337],[-80.525,33.348],[-80.475,33.359],[-80.425,33.368],[-80.383,33.375],[-80.375,33.376],[-80.325,33.383],[-80.275,33.387],[-80.225,33.39],[-80.175,33.39],[-80.125,33.388],[-80.075,33.382],[-80.032,33.375],[-80.025,33.374],[-79.975,33.362],[-79.925,33.346],[-79.875,33.326],[-79.872,33.325],[-79.825,33.303],[-79.775,33.277],[-79.772,33.275],[-79.725,33.248],[-79.689,33.225],[-79.675,33.216],[-79.625,33.184],[-79.612,33.175],[-79.575,33.151],[-79.536,33.125],[-79.525,33.118],[-79.475,33.086],[-79.458,33.075],[-79.425,33.055],[-79.406,33.044]]]}},{"type":"Feature","properties":{"date":"2013-03-31","label":"31 Mar","yday":90,"tier":"index","major":true},"geometry":{"type":"MultiLineString","coordinates":[[[-90.088,32.262],[-90.075,32.259],[-90.025,32.245],[-89.975,32.23],[-89.958,32.225],[-89.925,32.215],[-89.875,32.201],[-89.825,32.186],[-89.787,32.175],[-89.775,32.171],[-89.725,32.157],[-89.675,32.143],[-89.625,32.13],[-89.606,32.125],[-89.575,32.117],[-89.525,32.105],[-89.475,32.093],[-89.425,32.082],[-89.393,32.075],[-89.375,32.071],[-89.325,32.062],[-89.275,32.053],[-89.225,32.046],[-89.175,32.039],[-89.125,32.033],[-89.075,32.029],[-89.026,32.025],[-89.025,32.025],[-88.975,32.022],[-88.925,32.021],[-88.875,32.021],[-88.825,32.021],[-88.775,32.023],[-88.748,32.025],[-88.725,32.026],[-88.675,32.031],[-88.625,32.036],[-88.575,32.043],[-88.525,32.051],[-88.475,32.059],[-88.425,32.069],[-88.396,32.075],[-88.375,32.079],[-88.325,32.091],[-88.275,32.103],[-88.225,32.116],[-88.189,32.125],[-88.175,32.129],[-88.125,32.143],[-88.075,32.157],[-88.061,32.161]],[[-93.064,32.336],[-93.025,32.334],[-92.975,32.331],[-92.929,32.329]],[[-87.272,32.372],[-87.259,32.375],[-87.225,32.382],[-87.175,32.392],[-87.125,32.402],[-87.075,32.411],[-87.025,32.419],[-86.99,32.425]],[[-86.177,32.527],[-86.175,32.527],[-86.125,32.533],[-86.075,32.539],[-86.025,32.545],[-85.975,32.552],[-85.925,32.558],[-85.875,32.565],[-85.825,32.572],[-85.804,32.575],[-85.775,32.579],[-85.725,32.586],[-85.675,32.594],[-85.625,32.601],[-85.575,32.608],[-85.525,32.616],[-85.475,32.624],[-85.466,32.625],[-85.425,32.632],[-85.375,32.64],[-85.325,32.649],[-85.275,32.657],[-85.225,32.665],[-85.175,32.673],[-85.16,32.675],[-85.125,32.68],[-85.075,32.686],[-85.025,32.692],[-84.975,32.697],[-84.925,32.7],[-84.875,32.703],[-84.825,32.706],[-84.775,32.707],[-84.725,32.708],[-84.675,32.709],[-84.625,32.709],[-84.575,32.709],[-84.525,32.709],[-84.475,32.709],[-84.425,32.709],[-84.375,32.709],[-84.325,32.709],[-84.275,32.71],[-84.225,32.71],[-84.175,32.711],[-84.125,32.712],[-84.075,32.714],[-84.025,32.716],[-83.975,32.718],[-83.925,32.721],[-83.875,32.724],[-83.865,32.725],[-83.825,32.728],[-83.775,32.733],[-83.725,32.738],[-83.675,32.744],[-83.625,32.752],[-83.575,32.76],[-83.525,32.769],[-83.495,32.775],[-83.475,32.779],[-83.425,32.79],[-83.375,32.801],[-83.325,32.812],[-83.275,32.824],[-83.271,32.825],[-83.225,32.836],[-83.175,32.848],[-83.125,32.861],[-83.075,32.873],[-83.066,32.875],[-83.025,32.885],[-82.975,32.897],[-82.925,32.91],[-82.875,32.922],[-82.864,32.925],[-82.825,32.934],[-82.775,32.947],[-82.725,32.959],[-82.675,32.971],[-82.66,32.975],[-82.625,32.983],[-82.575,32.996],[-82.525,33.008],[-82.475,33.02],[-82.455,33.025],[-82.425,33.032],[-82.375,33.044],[-82.325,33.057],[-82.275,33.069],[-82.249,33.075],[-82.225,33.081],[-82.175,33.093],[-82.125,33.105],[-82.075,33.117],[-82.038,33.125],[-82.025,33.128],[-81.975,33.139],[-81.925,33.151],[-81.875,33.161],[-81.825,33.172],[-81.809,33.175],[-81.775,33.182],[-81.725,33.192],[-81.675,33.202],[-81.625,33.211],[-81.575,33.221],[-81.553,33.225],[-81.525,33.23],[-81.475,33.24],[-81.425,33.25],[-81.375,33.26],[-81.325,33.27],[-81.301,33.275],[-81.275,33.281],[-81.225,33.291],[-81.175,33.302],[-81.125,33.314],[-81.075,33.325],[-81.074,33.325],[-81.025,33.336],[-80.975,33.348],[-80.925,33.36],[-80.875,33.371],[-80.859,33.375],[-80.825,33.383],[-80.775,33.395],[-80.725,33.406],[-80.675,33.418],[-80.643,33.425],[-80.625,33.429],[-80.575,33.439],[-80.525,33.449],[-80.475,33.458],[-80.425,33.466],[-80.375,33.472],[-80.348,33.475],[-80.325,33.477],[-80.275,33.481],[-80.225,33.482],[-80.175,33.481],[-80.125,33.478],[-80.098,33.475],[-80.075,33.472],[-80.025,33.464],[-79.975,33.452],[-79.925,33.437],[-79.892,33.425],[-79.875,33.419],[-79.825,33.397],[-79.781,33.375],[-79.775,33.372],[-79.725,33.344],[-79.695,33.325],[-79.675,33.313],[-79.625,33.28],[-79.617,33.275],[-79.575,33.247],[-79.543,33.225],[-79.525,33.213],[-79.475,33.179],[-79.469,33.175],[-79.425,33.147],[-79.39,33.125],[-79.375,33.116],[-79.35,33.1]]]}},{"type":"Feature","properties":{"date":"2013-04-01","label":"1 Apr","yday":91,"tier":"day","major":false},"geometry":{"type":"MultiLineString","coordinates":[[[-89.411,32.189],[-89.375,32.181],[-89.348,32.175],[-89.325,32.17],[-89.275,32.16],[-89.225,32.151],[-89.175,32.143],[-89.125,32.136],[-89.075,32.13],[-89.025,32.125],[-89.023,32.125],[-88.975,32.121],[-88.925,32.119],[-88.875,32.117],[-88.825,32.117],[-88.775,32.119],[-88.725,32.121],[-88.677,32.125],[-88.675,32.125],[-88.625,32.13],[-88.575,32.137],[-88.525,32.145],[-88.475,32.154],[-88.425,32.163],[-88.375,32.174],[-88.371,32.175],[-88.325,32.186],[-88.275,32.198],[-88.225,32.211],[-88.175,32.224],[-88.172,32.225],[-88.135,32.235]],[[-89.917,32.333],[-89.893,32.325],[-89.875,32.32],[-89.825,32.305],[-89.775,32.289],[-89.727,32.275],[-89.725,32.274],[-89.675,32.26],[-89.625,32.245],[-89.575,32.231]],[[-86.701,32.551],[-86.675,32.555],[-86.625,32.56],[-86.575,32.566],[-86.525,32.572],[-86.495,32.575],[-86.475,32.577],[-86.425,32.583],[-86.375,32.588],[-86.325,32.593],[-86.275,32.599],[-86.225,32.604],[-86.175,32.61],[-86.125,32.615],[-86.075,32.621],[-86.041,32.625],[-86.025,32.627],[-85.975,32.633],[-85.925,32.639],[-85.875,32.645],[-85.825,32.652],[-85.775,32.658],[-85.725,32.665],[-85.675,32.671],[-85.646,32.675],[-85.625,32.678],[-85.575,32.685],[-85.525,32.692],[-85.475,32.699],[-85.425,32.706],[-85.375,32.714],[-85.325,32.722],[-85.303,32.725],[-85.275,32.729],[-85.225,32.736],[-85.175,32.743],[-85.125,32.749],[-85.075,32.755],[-85.025,32.76],[-84.975,32.764],[-84.925,32.768],[-84.875,32.771],[-84.825,32.773],[-84.781,32.775],[-84.775,32.775],[-84.725,32.777],[-84.675,32.778],[-84.625,32.779],[-84.575,32.779],[-84.525,32.78],[-84.475,32.781],[-84.425,32.781],[-84.375,32.782],[-84.325,32.783],[-84.275,32.785],[-84.225,32.786],[-84.175,32.788],[-84.125,32.79],[-84.075,32.793],[-84.025,32.796],[-83.975,32.8],[-83.925,32.804],[-83.875,32.809],[-83.825,32.814],[-83.775,32.82],[-83.739,32.825],[-83.725,32.827],[-83.675,32.835],[-83.625,32.844],[-83.575,32.853],[-83.525,32.864],[-83.475,32.875],[-83.474,32.875],[-83.425,32.887],[-83.375,32.899],[-83.325,32.911],[-83.275,32.923],[-83.268,32.925],[-83.225,32.935],[-83.175,32.947],[-83.125,32.959],[-83.075,32.97],[-83.054,32.975],[-83.025,32.981],[-82.975,32.992],[-82.925,33.003],[-82.875,33.014],[-82.825,33.024],[-82.822,33.025],[-82.775,33.035],[-82.725,33.046],[-82.675,33.057],[-82.625,33.068],[-82.592,33.075],[-82.575,33.079],[-82.525,33.09],[-82.475,33.101],[-82.425,33.113],[-82.375,33.124],[-82.372,33.125],[-82.325,33.136],[-82.275,33.148],[-82.225,33.16],[-82.175,33.172],[-82.162,33.175],[-82.125,33.184],[-82.075,33.196],[-82.025,33.208],[-81.975,33.219],[-81.949,33.225],[-81.925,33.23],[-81.875,33.242],[-81.825,33.253],[-81.775,33.263],[-81.725,33.274],[-81.72,33.275],[-81.675,33.285],[-81.625,33.295],[-81.575,33.306],[-81.525,33.317],[-81.489,33.325],[-81.475,33.328],[-81.425,33.34],[-81.375,33.352],[-81.325,33.364],[-81.28,33.375],[-81.275,33.376],[-81.225,33.389],[-81.175,33.402],[-81.125,33.415],[-81.084,33.425],[-81.075,33.427],[-81.025,33.44],[-80.975,33.452],[-80.925,33.464],[-80.88,33.475],[-80.875,33.476],[-80.825,33.488],[-80.775,33.499],[-80.725,33.51],[-80.675,33.52],[-80.649,33.525],[-80.625,33.53],[-80.575,33.539],[-80.525,33.547],[-80.475,33.554],[-80.425,33.561],[-80.375,33.566],[-80.325,33.57],[-80.275,33.573],[-80.225,33.573],[-80.175,33.572],[-80.125,33.569],[-80.075,33.563],[-80.025,33.555],[-79.975,33.544],[-79.925,33.53],[-79.912,33.525],[-79.875,33.512],[-79.825,33.492],[-79.79,33.475],[-79.775,33.468],[-79.725,33.44],[-79.699,33.425],[-79.675,33.411],[-79.625,33.378],[-79.62,33.375],[-79.575,33.344],[-79.548,33.325],[-79.525,33.309],[-79.477,33.275],[-79.475,33.274],[-79.425,33.24],[-79.403,33.225],[-79.375,33.207],[-79.325,33.176],[-79.323,33.175],[-79.293,33.157]]]}},{"type":"Feature","properties":{"date":"2013-04-02","label":"2 Apr","yday":92,"tier":"day","major":false},"geometry":{"type":"MultiLineString","coordinates":[[[-89.318,32.282],[-89.29,32.275],[-89.275,32.272],[-89.225,32.261],[-89.175,32.252],[-89.125,32.244],[-89.075,32.236],[-89.025,32.23],[-88.981,32.225],[-88.975,32.224],[-88.925,32.221],[-88.875,32.218],[-88.825,32.217],[-88.775,32.217],[-88.725,32.219],[-88.675,32.223],[-88.654,32.225],[-88.625,32.228],[-88.575,32.235],[-88.525,32.243],[-88.475,32.252],[-88.425,32.262],[-88.375,32.273],[-88.365,32.275],[-88.325,32.285],[-88.275,32.297],[-88.225,32.31],[-88.175,32.323]],[[-89.786,32.414],[-89.775,32.41],[-89.725,32.395],[-89.675,32.379],[-89.661,32.375],[-89.625,32.364],[-89.575,32.349]],[[-86.823,32.623],[-86.81,32.625],[-86.775,32.629],[-86.725,32.635],[-86.675,32.641],[-86.625,32.647],[-86.575,32.652],[-86.525,32.657],[-86.475,32.663],[-86.425,32.668],[-86.375,32.673],[-86.354,32.675],[-86.325,32.678],[-86.275,32.683],[-86.225,32.688],[-86.175,32.694],[-86.125,32.699],[-86.075,32.704],[-86.025,32.71],[-85.975,32.715],[-85.925,32.721],[-85.887,32.725],[-85.875,32.726],[-85.825,32.732],[-85.775,32.738],[-85.725,32.744],[-85.675,32.75],[-85.625,32.756],[-85.575,32.762],[-85.525,32.769],[-85.476,32.775],[-85.475,32.775],[-85.425,32.782],[-85.375,32.789],[-85.325,32.795],[-85.275,32.802],[-85.225,32.808],[-85.175,32.814],[-85.125,32.819],[-85.075,32.824],[-85.067,32.825],[-85.025,32.829],[-84.975,32.833],[-84.925,32.836],[-84.875,32.839],[-84.825,32.841],[-84.775,32.843],[-84.725,32.845],[-84.675,32.847],[-84.625,32.848],[-84.575,32.849],[-84.525,32.851],[-84.475,32.852],[-84.425,32.854],[-84.375,32.855],[-84.325,32.857],[-84.275,32.86],[-84.225,32.862],[-84.175,32.865],[-84.125,32.869],[-84.075,32.873],[-84.048,32.875],[-84.025,32.877],[-83.975,32.882],[-83.925,32.888],[-83.875,32.894],[-83.825,32.901],[-83.775,32.909],[-83.761,32.911]],[[-83.545,32.955],[-83.525,32.96],[-83.475,32.972],[-83.463,32.975],[-83.425,32.985],[-83.375,32.998],[-83.325,33.01],[-83.275,33.023],[-83.268,33.025],[-83.225,33.035],[-83.175,33.047],[-83.125,33.057],[-83.075,33.067],[-83.033,33.075],[-83.025,33.077],[-82.975,33.086],[-82.925,33.095],[-82.875,33.104],[-82.825,33.113],[-82.775,33.123],[-82.763,33.125],[-82.725,33.132],[-82.675,33.142],[-82.625,33.152],[-82.575,33.162],[-82.525,33.172],[-82.512,33.175],[-82.475,33.183],[-82.425,33.194],[-82.375,33.205],[-82.325,33.217],[-82.289,33.225],[-82.275,33.228],[-82.225,33.24],[-82.175,33.252],[-82.125,33.264],[-82.081,33.275],[-82.075,33.276],[-82.025,33.289],[-81.975,33.301],[-81.925,33.312],[-81.875,33.324],[-81.869,33.325],[-81.825,33.335],[-81.775,33.347],[-81.725,33.358],[-81.675,33.37],[-81.652,33.375],[-81.625,33.381],[-81.575,33.394],[-81.525,33.406],[-81.475,33.419],[-81.454,33.425],[-81.425,33.433],[-81.375,33.447],[-81.325,33.461],[-81.276,33.475],[-81.275,33.475],[-81.225,33.49],[-81.175,33.504],[-81.125,33.518],[-81.1,33.525],[-81.075,33.532],[-81.025,33.545],[-80.975,33.557],[-80.925,33.569],[-80.899,33.575],[-80.875,33.58],[-80.825,33.591],[-80.775,33.601],[-80.725,33.61],[-80.675,33.619],[-80.641,33.625],[-80.625,33.628],[-80.575,33.635],[-80.525,33.642],[-80.475,33.649],[-80.425,33.654],[-80.375,33.659],[-80.325,33.662],[-80.275,33.664],[-80.225,33.665],[-80.175,33.664],[-80.125,33.661],[-80.075,33.655],[-80.025,33.648],[-79.975,33.638],[-79.926,33.625],[-79.925,33.625],[-79.875,33.609],[-79.825,33.589],[-79.795,33.575],[-79.775,33.566],[-79.725,33.54],[-79.699,33.525],[-79.675,33.511],[-79.625,33.479],[-79.619,33.475],[-79.575,33.445],[-79.546,33.425],[-79.525,33.41],[-79.477,33.375],[-79.475,33.373],[-79.425,33.337],[-79.409,33.325],[-79.375,33.301],[-79.336,33.275],[-79.325,33.268],[-79.308,33.258]],[[-79.252,33.225],[-79.225,33.21]]]}},{"type":"Feature","properties":{"date":"2013-04-03","label":"3 Apr","yday":93,"tier":"day","major":false},"geometry":{"type":"MultiLineString","coordinates":[[[-89.223,32.377],[-89.213,32.375],[-89.175,32.367],[-89.125,32.357],[-89.075,32.348],[-89.025,32.341],[-88.975,32.334],[-88.925,32.329],[-88.882,32.325],[-88.875,32.324],[-88.825,32.322],[-88.775,32.321],[-88.725,32.323],[-88.691,32.325],[-88.675,32.326],[-88.625,32.332],[-88.575,32.338],[-88.525,32.347],[-88.475,32.356],[-88.425,32.366],[-88.383,32.375],[-88.375,32.377],[-88.325,32.389],[-88.275,32.402],[-88.225,32.415],[-88.186,32.425],[-88.175,32.428]],[[-87.121,32.675],[-87.075,32.682],[-87.025,32.689],[-86.975,32.695],[-86.925,32.702],[-86.875,32.708],[-86.825,32.713],[-86.775,32.719],[-86.725,32.724],[-86.719,32.725],[-86.675,32.73],[-86.625,32.735],[-86.575,32.74],[-86.525,32.745],[-86.475,32.75],[-86.425,32.755],[-86.375,32.76],[-86.325,32.765],[-86.275,32.769],[-86.225,32.774],[-86.217,32.775],[-86.175,32.779],[-86.125,32.784],[-86.075,32.789],[-86.025,32.794],[-85.975,32.799],[-85.925,32.804],[-85.875,32.809],[-85.825,32.814],[-85.775,32.819],[-85.725,32.825],[-85.722,32.825],[-85.675,32.83],[-85.625,32.835],[-85.575,32.841],[-85.525,32.847],[-85.475,32.852],[-85.425,32.858],[-85.375,32.864],[-85.325,32.869],[-85.275,32.875],[-85.274,32.875],[-85.225,32.88],[-85.175,32.885],[-85.125,32.89],[-85.075,32.894],[-85.025,32.898],[-84.975,32.902],[-84.925,32.905],[-84.875,32.907],[-84.825,32.91],[-84.775,32.912],[-84.725,32.914],[-84.675,32.916],[-84.625,32.918],[-84.575,32.92],[-84.525,32.921],[-84.475,32.924],[-84.444,32.925],[-84.425,32.926],[-84.375,32.929],[-84.325,32.932],[-84.275,32.935],[-84.225,32.939],[-84.191,32.941]],[[-84.1,32.95],[-84.075,32.953],[-84.025,32.959],[-83.975,32.965],[-83.925,32.972],[-83.906,32.975],[-83.875,32.98],[-83.836,32.986]],[[-83.425,33.082],[-83.375,33.096],[-83.325,33.109],[-83.275,33.122],[-83.263,33.125],[-83.225,33.134],[-83.175,33.144],[-83.125,33.153],[-83.075,33.161],[-83.025,33.17],[-82.993,33.175],[-82.975,33.178],[-82.925,33.186],[-82.875,33.194],[-82.825,33.202],[-82.775,33.21],[-82.725,33.218],[-82.687,33.225],[-82.675,33.227],[-82.625,33.236],[-82.575,33.245],[-82.525,33.255],[-82.475,33.265],[-82.427,33.275],[-82.425,33.276],[-82.375,33.287],[-82.325,33.298],[-82.275,33.31],[-82.225,33.322],[-82.212,33.325],[-82.175,33.334],[-82.125,33.347],[-82.075,33.359],[-82.025,33.371],[-82.011,33.375],[-81.975,33.384],[-81.925,33.396],[-81.875,33.408],[-81.825,33.42],[-81.804,33.425],[-81.775,33.432],[-81.725,33.444],[-81.675,33.457],[-81.625,33.47],[-81.608,33.475],[-81.575,33.484],[-81.525,33.499],[-81.475,33.514],[-81.44,33.525],[-81.425,33.53],[-81.375,33.546],[-81.325,33.562],[-81.284,33.575],[-81.275,33.578],[-81.225,33.594],[-81.175,33.609],[-81.125,33.624],[-81.123,33.625],[-81.075,33.638],[-81.025,33.651],[-80.975,33.663],[-80.925,33.674],[-80.921,33.675],[-80.875,33.684],[-80.825,33.693],[-80.775,33.702],[-80.725,33.71],[-80.675,33.717],[-80.625,33.724],[-80.619,33.725],[-80.575,33.731],[-80.525,33.737],[-80.475,33.742],[-80.425,33.747],[-80.375,33.751],[-80.325,33.754],[-80.275,33.756],[-80.225,33.757],[-80.175,33.756],[-80.125,33.754],[-80.075,33.749],[-80.025,33.743],[-79.975,33.734],[-79.938,33.725],[-79.925,33.722],[-79.875,33.707],[-79.825,33.689],[-79.792,33.675],[-79.775,33.668],[-79.725,33.643],[-79.693,33.625],[-79.675,33.615],[-79.625,33.584],[-79.611,33.575],[-79.575,33.551],[-79.538,33.525],[-79.525,33.516],[-79.475,33.479],[-79.469,33.475],[-79.425,33.442],[-79.402,33.425],[-79.375,33.405],[-79.334,33.375],[-79.325,33.368],[-79.299,33.351]]]}},{"type":"Feature","properties":{"date":"2013-04-04","label":"4 Apr","yday":94,"tier":"day","major":false},"geometry":{"type":"MultiLineString","coordinates":[[[-89.106,32.475],[-89.075,32.469],[-89.025,32.46],[-88.975,32.453],[-88.925,32.447],[-88.875,32.442],[-88.825,32.438],[-88.775,32.437],[-88.725,32.438],[-88.675,32.44],[-88.625,32.445],[-88.575,32.451],[-88.525,32.458],[-88.475,32.467],[-88.437,32.475],[-88.425,32.477],[-88.375,32.489],[-88.325,32.501],[-88.275,32.513],[-88.228,32.525],[-88.226,32.526]],[[-87.508,32.708],[-87.475,32.715],[-87.425,32.725],[-87.422,32.725],[-87.375,32.734],[-87.325,32.742],[-87.275,32.75],[-87.225,32.758],[-87.175,32.765],[-87.125,32.772],[-87.099,32.775],[-87.075,32.778],[-87.025,32.784],[-86.975,32.79],[-86.925,32.796],[-86.875,32.801],[-86.825,32.806],[-86.775,32.811],[-86.725,32.816],[-86.675,32.821],[-86.634,32.825],[-86.625,32.826],[-86.575,32.831],[-86.525,32.835],[-86.475,32.84],[-86.425,32.844],[-86.375,32.849],[-86.325,32.853],[-86.275,32.858],[-86.225,32.862],[-86.175,32.867],[-86.125,32.871],[-86.08,32.875],[-86.075,32.875],[-86.025,32.88],[-85.975,32.884],[-85.925,32.889],[-85.875,32.893],[-85.825,32.898],[-85.775,32.902],[-85.725,32.907],[-85.675,32.911],[-85.625,32.916],[-85.575,32.921],[-85.531,32.925],[-85.525,32.926],[-85.475,32.93],[-85.425,32.935],[-85.375,32.94],[-85.325,32.945],[-85.275,32.949],[-85.225,32.954],[-85.175,32.958],[-85.125,32.962],[-85.075,32.965],[-85.025,32.969],[-84.975,32.972],[-84.925,32.974],[-84.911,32.975],[-84.875,32.977],[-84.825,32.979],[-84.775,32.981],[-84.725,32.984],[-84.675,32.986],[-84.625,32.988],[-84.575,32.99],[-84.525,32.993],[-84.475,32.996],[-84.425,32.999],[-84.375,33.002],[-84.325,33.006],[-84.275,33.011],[-84.262,33.012]],[[-83.425,33.178],[-83.375,33.192],[-83.325,33.205],[-83.275,33.217],[-83.236,33.225],[-83.225,33.227],[-83.175,33.237],[-83.125,33.246],[-83.075,33.254],[-83.025,33.261],[-82.975,33.269],[-82.931,33.275],[-82.925,33.276],[-82.875,33.283],[-82.825,33.29],[-82.775,33.298],[-82.725,33.305],[-82.675,33.313],[-82.625,33.321],[-82.601,33.325],[-82.575,33.329],[-82.525,33.339],[-82.475,33.348],[-82.425,33.359],[-82.375,33.37],[-82.353,33.375],[-82.325,33.382],[-82.275,33.394],[-82.225,33.406],[-82.175,33.419],[-82.15,33.425],[-82.125,33.431],[-82.075,33.444],[-82.025,33.457],[-81.975,33.47],[-81.954,33.475],[-81.925,33.482],[-81.875,33.495],[-81.825,33.508],[-81.775,33.521],[-81.758,33.525],[-81.725,33.534],[-81.675,33.548],[-81.625,33.563],[-81.587,33.575],[-81.575,33.579],[-81.525,33.596],[-81.475,33.613],[-81.441,33.625],[-81.425,33.631],[-81.375,33.649],[-81.325,33.667],[-81.301,33.675],[-81.275,33.684],[-81.225,33.702],[-81.175,33.718],[-81.152,33.725],[-81.125,33.733],[-81.075,33.747],[-81.025,33.759],[-80.975,33.77],[-80.948,33.775],[-80.925,33.779],[-80.875,33.787],[-80.825,33.794],[-80.775,33.801],[-80.725,33.807],[-80.675,33.814],[-80.625,33.82],[-80.579,33.825],[-80.575,33.825],[-80.525,33.831],[-80.475,33.836],[-80.425,33.84],[-80.375,33.844],[-80.325,33.847],[-80.275,33.85],[-80.225,33.851],[-80.175,33.85],[-80.125,33.848],[-80.075,33.845],[-80.025,33.839],[-79.975,33.831],[-79.947,33.825],[-79.925,33.82],[-79.875,33.807],[-79.825,33.791],[-79.784,33.775],[-79.775,33.772],[-79.725,33.749],[-79.68,33.725],[-79.675,33.723],[-79.625,33.694],[-79.596,33.675],[-79.575,33.662],[-79.525,33.628],[-79.521,33.625],[-79.475,33.592],[-79.453,33.575],[-79.425,33.554],[-79.387,33.525],[-79.375,33.516],[-79.325,33.479],[-79.32,33.475],[-79.275,33.443],[-79.25,33.425],[-79.225,33.409],[-79.175,33.377]]]}},{"type":"Feature","properties":{"date":"2013-04-05","label":"5 Apr","yday":95,"tier":"five","major":false},"geometry":{"type":"MultiLineString","coordinates":[[[-88.924,32.576],[-88.919,32.575],[-88.875,32.57],[-88.825,32.567],[-88.775,32.565],[-88.725,32.564],[-88.675,32.566],[-88.625,32.569],[-88.575,32.574],[-88.569,32.575],[-88.525,32.581],[-88.475,32.59],[-88.425,32.6],[-88.375,32.61],[-88.325,32.621],[-88.31,32.625],[-88.282,32.632]],[[-87.558,32.808],[-87.525,32.814],[-87.475,32.823],[-87.465,32.825],[-87.425,32.832],[-87.375,32.84],[-87.325,32.847],[-87.275,32.854],[-87.225,32.861],[-87.175,32.867],[-87.125,32.873],[-87.104,32.875],[-87.075,32.878],[-87.025,32.883],[-86.975,32.888],[-86.925,32.893],[-86.875,32.898],[-86.825,32.902],[-86.775,32.907],[-86.725,32.911],[-86.675,32.915],[-86.625,32.92],[-86.575,32.924],[-86.562,32.925],[-86.525,32.928],[-86.475,32.932],[-86.425,32.937],[-86.375,32.941],[-86.325,32.945],[-86.275,32.949],[-86.225,32.953],[-86.175,32.957],[-86.125,32.96],[-86.075,32.964],[-86.025,32.968],[-85.975,32.972],[-85.931,32.975],[-85.925,32.975],[-85.875,32.979],[-85.825,32.983],[-85.775,32.987],[-85.725,32.991],[-85.675,32.994],[-85.625,32.998],[-85.575,33.002],[-85.525,33.006],[-85.475,33.01],[-85.425,33.014],[-85.375,33.017],[-85.325,33.021],[-85.275,33.025],[-85.269,33.025],[-85.225,33.028],[-85.175,33.031],[-85.125,33.035],[-85.075,33.037],[-85.025,33.04],[-84.975,33.043],[-84.925,33.045],[-84.875,33.047],[-84.825,33.05],[-84.775,33.052],[-84.725,33.054],[-84.675,33.056],[-84.625,33.059],[-84.575,33.062],[-84.525,33.065],[-84.475,33.068],[-84.425,33.072],[-84.392,33.075],[-84.376,33.076]],[[-83.362,33.288],[-83.325,33.297],[-83.275,33.309],[-83.225,33.319],[-83.193,33.325]],[[-83.171,33.329],[-83.125,33.337],[-83.075,33.345],[-83.025,33.353],[-82.975,33.36],[-82.925,33.367],[-82.875,33.373],[-82.861,33.375]],[[-82.526,33.424],[-82.525,33.424],[-82.522,33.425],[-82.475,33.434],[-82.425,33.445],[-82.375,33.456],[-82.325,33.468],[-82.298,33.475],[-82.275,33.481],[-82.225,33.494],[-82.175,33.507],[-82.125,33.52],[-82.106,33.525],[-82.075,33.533],[-82.025,33.546],[-81.975,33.56],[-81.925,33.573],[-81.916,33.575],[-81.875,33.586],[-81.825,33.6],[-81.775,33.614],[-81.735,33.625],[-81.725,33.628],[-81.675,33.644],[-81.625,33.661],[-81.586,33.675],[-81.575,33.679],[-81.525,33.698],[-81.475,33.717],[-81.454,33.725],[-81.425,33.737],[-81.375,33.756],[-81.326,33.775],[-81.325,33.775],[-81.275,33.794],[-81.225,33.812],[-81.186,33.825],[-81.175,33.829],[-81.125,33.844],[-81.075,33.857],[-81.025,33.868],[-80.984,33.875],[-80.975,33.877],[-80.925,33.883],[-80.875,33.889],[-80.825,33.894],[-80.775,33.899],[-80.725,33.905],[-80.675,33.91],[-80.625,33.915],[-80.575,33.92],[-80.526,33.925],[-80.525,33.925],[-80.475,33.93],[-80.425,33.934],[-80.375,33.938],[-80.325,33.942],[-80.275,33.945],[-80.225,33.946],[-80.175,33.947],[-80.125,33.945],[-80.075,33.943],[-80.025,33.938],[-79.975,33.931],[-79.943,33.925],[-79.925,33.922],[-79.875,33.91],[-79.825,33.896],[-79.775,33.878],[-79.767,33.875],[-79.725,33.858],[-79.675,33.834],[-79.658,33.825],[-79.625,33.807],[-79.575,33.777],[-79.572,33.775],[-79.525,33.745],[-79.497,33.725],[-79.475,33.71],[-79.428,33.675],[-79.425,33.673],[-79.375,33.635],[-79.362,33.625],[-79.325,33.597],[-79.297,33.575],[-79.275,33.559],[-79.229,33.525],[-79.225,33.522],[-79.175,33.488],[-79.156,33.475],[-79.137,33.463]]]}},{"type":"Feature","properties":{"date":"2013-04-06","label":"6 Apr","yday":96,"tier":"day","major":false},"geometry":{"type":"MultiLineString","coordinates":[[[-88.644,32.706],[-88.625,32.707],[-88.575,32.712],[-88.525,32.717],[-88.475,32.725],[-88.472,32.725]],[[-89.675,32.898],[-89.625,32.884],[-89.595,32.875],[-89.575,32.869],[-89.525,32.855]],[[-87.575,32.921],[-87.55,32.925],[-87.525,32.929],[-87.475,32.937],[-87.425,32.944],[-87.375,32.951],[-87.325,32.957],[-87.275,32.963],[-87.225,32.968],[-87.175,32.973],[-87.157,32.975],[-87.125,32.978],[-87.075,32.982],[-87.025,32.987],[-86.975,32.991],[-86.925,32.994],[-86.875,32.998],[-86.825,33.002],[-86.775,33.005],[-86.725,33.009],[-86.675,33.013],[-86.625,33.017],[-86.575,33.021],[-86.525,33.024],[-86.517,33.025],[-86.475,33.028],[-86.425,33.032],[-86.375,33.036],[-86.325,33.039],[-86.275,33.043],[-86.225,33.046],[-86.175,33.049],[-86.125,33.052],[-86.075,33.055],[-86.025,33.059],[-85.975,33.062],[-85.925,33.065],[-85.875,33.067],[-85.825,33.07],[-85.775,33.073],[-85.745,33.075],[-85.725,33.076],[-85.675,33.079],[-85.625,33.082],[-85.575,33.085],[-85.525,33.088],[-85.475,33.091],[-85.425,33.093],[-85.375,33.096],[-85.325,33.099],[-85.275,33.102],[-85.225,33.104],[-85.175,33.107],[-85.125,33.109],[-85.075,33.111],[-85.025,33.113],[-84.975,33.115],[-84.925,33.117],[-84.875,33.119],[-84.825,33.121],[-84.775,33.123],[-84.736,33.125]],[[-82.411,33.539],[-82.375,33.548],[-82.325,33.561],[-82.275,33.573],[-82.269,33.575],[-82.225,33.587],[-82.175,33.6],[-82.125,33.614],[-82.083,33.625],[-82.075,33.627],[-82.025,33.641],[-81.975,33.655],[-81.925,33.669],[-81.904,33.675],[-81.875,33.683],[-81.825,33.698],[-81.775,33.714],[-81.74,33.725],[-81.725,33.73],[-81.675,33.748],[-81.625,33.766],[-81.602,33.775],[-81.575,33.786],[-81.525,33.806],[-81.477,33.825],[-81.475,33.826],[-81.425,33.846],[-81.375,33.866],[-81.351,33.875],[-81.325,33.885],[-81.275,33.904],[-81.225,33.921],[-81.214,33.925],[-81.175,33.938],[-81.125,33.952],[-81.075,33.963],[-81.025,33.973],[-81.01,33.975],[-80.975,33.98],[-80.925,33.985],[-80.875,33.99],[-80.825,33.994],[-80.775,33.999],[-80.725,34.003],[-80.675,34.008],[-80.625,34.012],[-80.575,34.017],[-80.525,34.022],[-80.487,34.025],[-80.475,34.026],[-80.425,34.031],[-80.375,34.035],[-80.325,34.039],[-80.275,34.042],[-80.225,34.045],[-80.175,34.046],[-80.125,34.045],[-80.075,34.044],[-80.025,34.04],[-79.975,34.035],[-79.925,34.027],[-79.915,34.025],[-79.875,34.017],[-79.825,34.005],[-79.775,33.99],[-79.735,33.975],[-79.725,33.971],[-79.675,33.95],[-79.625,33.925],[-79.624,33.925],[-79.575,33.898],[-79.537,33.875],[-79.525,33.868],[-79.475,33.834],[-79.462,33.825],[-79.425,33.799],[-79.393,33.775],[-79.375,33.761],[-79.328,33.725],[-79.325,33.723],[-79.275,33.684],[-79.264,33.675],[-79.225,33.646],[-79.198,33.625],[-79.175,33.608],[-79.128,33.575],[-79.125,33.573],[-79.075,33.54],[-79.066,33.534]]]}},{"type":"Feature","properties":{"date":"2013-04-07","label":"7 Apr","yday":97,"tier":"day","major":false},"geometry":{"type":"MultiLineString","coordinates":[[[-89.625,33.026],[-89.621,33.025],[-89.575,33.013],[-89.525,32.999]],[[-87.554,33.046],[-87.525,33.05],[-87.475,33.056],[-87.425,33.062],[-87.375,33.067],[-87.325,33.072],[-87.293,33.075],[-87.275,33.077],[-87.225,33.081],[-87.175,33.084],[-87.125,33.088],[-87.075,33.091],[-87.025,33.094],[-86.975,33.097],[-86.925,33.1],[-86.875,33.103],[-86.825,33.105],[-86.775,33.108],[-86.725,33.112],[-86.675,33.115],[-86.625,33.118],[-86.575,33.122],[-86.525,33.125],[-86.522,33.125],[-86.475,33.128],[-86.425,33.131],[-86.375,33.134],[-86.325,33.137],[-86.275,33.14],[-86.225,33.142],[-86.175,33.145],[-86.125,33.147],[-86.075,33.15],[-86.025,33.152],[-85.975,33.154],[-85.925,33.156],[-85.875,33.158],[-85.825,33.16],[-85.775,33.162],[-85.725,33.164],[-85.675,33.166],[-85.625,33.168],[-85.575,33.17],[-85.525,33.172],[-85.475,33.173],[-85.428,33.175],[-85.425,33.175],[-85.375,33.177],[-85.325,33.179],[-85.275,33.18],[-85.225,33.182],[-85.175,33.184],[-85.125,33.185],[-85.075,33.187],[-85.025,33.188],[-84.975,33.19],[-84.941,33.191]],[[-82.393,33.643],[-82.375,33.647],[-82.325,33.66],[-82.275,33.673],[-82.268,33.675],[-82.225,33.687],[-82.175,33.7],[-82.125,33.714],[-82.086,33.725],[-82.075,33.728],[-82.025,33.743],[-81.975,33.757],[-81.925,33.772],[-81.916,33.775],[-81.875,33.788],[-81.825,33.804],[-81.775,33.821],[-81.764,33.825],[-81.725,33.839],[-81.675,33.858],[-81.63,33.875],[-81.625,33.877],[-81.575,33.897],[-81.525,33.917],[-81.504,33.925],[-81.475,33.936],[-81.425,33.956],[-81.375,33.975],[-81.375,33.975],[-81.325,33.993],[-81.275,34.01],[-81.229,34.025],[-81.225,34.026],[-81.175,34.04],[-81.125,34.052],[-81.075,34.062],[-81.025,34.071],[-80.996,34.075],[-80.975,34.078],[-80.925,34.084],[-80.875,34.088],[-80.825,34.093],[-80.775,34.097],[-80.725,34.101],[-80.675,34.106],[-80.625,34.11],[-80.575,34.115],[-80.525,34.12],[-80.475,34.125],[-80.472,34.125],[-80.425,34.13],[-80.375,34.135],[-80.325,34.139],[-80.275,34.143],[-80.225,34.146],[-80.175,34.148],[-80.125,34.149],[-80.075,34.148],[-80.025,34.146],[-79.975,34.142],[-79.925,34.136],[-79.875,34.128],[-79.858,34.125],[-79.825,34.118],[-79.775,34.106],[-79.725,34.09],[-79.684,34.075],[-79.675,34.072],[-79.625,34.05],[-79.575,34.025],[-79.575,34.025],[-79.525,33.998],[-79.488,33.975],[-79.475,33.967],[-79.425,33.934],[-79.413,33.925],[-79.375,33.898],[-79.345,33.875],[-79.325,33.86],[-79.281,33.825],[-79.275,33.82],[-79.225,33.78],[-79.218,33.775],[-79.175,33.741],[-79.154,33.725],[-79.125,33.703],[-79.087,33.675],[-79.075,33.666],[-79.025,33.632],[-79.015,33.625],[-78.991,33.609]]]}},{"type":"Feature","properties":{"date":"2013-04-08","label":"8 Apr","yday":98,"tier":"day","major":false},"geometry":{"type":"MultiLineString","coordinates":[[[-87.825,33.133],[-87.775,33.141],[-87.725,33.149],[-87.675,33.157],[-87.625,33.164],[-87.58,33.17]],[[-87.571,33.171],[-87.53,33.175],[-87.525,33.176],[-87.475,33.18],[-87.425,33.185],[-87.375,33.188],[-87.325,33.192],[-87.275,33.195],[-87.225,33.198],[-87.175,33.201],[-87.125,33.203],[-87.075,33.206],[-87.025,33.208],[-86.975,33.21],[-86.925,33.212],[-86.875,33.213],[-86.825,33.215],[-86.775,33.217],[-86.725,33.22],[-86.675,33.223],[-86.629,33.225],[-86.625,33.225],[-86.575,33.228],[-86.525,33.23],[-86.475,33.233],[-86.425,33.235],[-86.375,33.237],[-86.325,33.239],[-86.275,33.241],[-86.225,33.243],[-86.175,33.244],[-86.125,33.246],[-86.075,33.247],[-86.025,33.248],[-85.975,33.25],[-85.925,33.251],[-85.875,33.252],[-85.825,33.253],[-85.775,33.254],[-85.725,33.255],[-85.675,33.255],[-85.625,33.256],[-85.575,33.257],[-85.525,33.258],[-85.475,33.259],[-85.425,33.259],[-85.375,33.26],[-85.325,33.261],[-85.275,33.262],[-85.225,33.262],[-85.175,33.263],[-85.125,33.264],[-85.075,33.265],[-85.025,33.266],[-85.016,33.266]],[[-82.402,33.748],[-82.375,33.755],[-82.325,33.768],[-82.296,33.775],[-82.275,33.781],[-82.225,33.794],[-82.175,33.808],[-82.125,33.822],[-82.114,33.825],[-82.075,33.837],[-82.025,33.851],[-81.975,33.867],[-81.949,33.875],[-81.925,33.883],[-81.875,33.899],[-81.825,33.916],[-81.8,33.925],[-81.775,33.934],[-81.725,33.952],[-81.675,33.971],[-81.665,33.975],[-81.625,33.99],[-81.575,34.009],[-81.534,34.025],[-81.525,34.028],[-81.475,34.047],[-81.425,34.065],[-81.397,34.075],[-81.375,34.082],[-81.325,34.099],[-81.275,34.114],[-81.234,34.125],[-81.225,34.127],[-81.175,34.139],[-81.125,34.15],[-81.075,34.159],[-81.025,34.167],[-80.975,34.174],[-80.968,34.175],[-80.925,34.18],[-80.875,34.185],[-80.825,34.19],[-80.775,34.195],[-80.725,34.199],[-80.675,34.204],[-80.625,34.209],[-80.575,34.214],[-80.525,34.219],[-80.475,34.225],[-80.471,34.225],[-80.425,34.23],[-80.375,34.236],[-80.325,34.241],[-80.275,34.246],[-80.225,34.25],[-80.175,34.253],[-80.125,34.254],[-80.075,34.255],[-80.025,34.254],[-79.975,34.252],[-79.925,34.248],[-79.875,34.242],[-79.825,34.234],[-79.778,34.225],[-79.775,34.224],[-79.725,34.212],[-79.675,34.197],[-79.625,34.179],[-79.615,34.175],[-79.575,34.158],[-79.525,34.134],[-79.507,34.125],[-79.475,34.108],[-79.425,34.078],[-79.42,34.075],[-79.375,34.045],[-79.346,34.025],[-79.325,34.01],[-79.278,33.975],[-79.275,33.972],[-79.225,33.933],[-79.216,33.925],[-79.175,33.892],[-79.155,33.875],[-79.125,33.851],[-79.093,33.825],[-79.075,33.811],[-79.029,33.775],[-79.025,33.772],[-78.975,33.736],[-78.959,33.725],[-78.925,33.702],[-78.908,33.692]]]}},{"type":"Feature","properties":{"date":"2013-04-09","label":"9 Apr","yday":99,"tier":"day","major":false},"geometry":{"type":"MultiLineString","coordinates":[[[-87.659,33.291],[-87.625,33.295],[-87.575,33.3],[-87.525,33.304],[-87.475,33.307],[-87.425,33.31],[-87.375,33.313],[-87.325,33.316],[-87.275,33.318],[-87.225,33.32],[-87.175,33.322],[-87.125,33.324],[-87.09,33.325],[-87.075,33.326],[-87.025,33.327],[-86.975,33.329],[-86.925,33.33],[-86.875,33.331],[-86.825,33.333],[-86.775,33.334],[-86.725,33.336],[-86.675,33.337],[-86.625,33.339],[-86.575,33.34],[-86.525,33.342],[-86.475,33.343],[-86.425,33.344],[-86.375,33.345],[-86.325,33.346],[-86.275,33.347],[-86.225,33.347],[-86.175,33.348],[-86.125,33.348],[-86.075,33.349],[-86.025,33.349],[-85.975,33.349],[-85.925,33.349],[-85.875,33.349],[-85.825,33.349],[-85.775,33.349],[-85.725,33.348],[-85.675,33.348],[-85.625,33.348],[-85.575,33.347],[-85.525,33.347],[-85.475,33.347],[-85.425,33.346],[-85.375,33.346],[-85.325,33.346],[-85.275,33.346],[-85.225,33.345],[-85.175,33.345],[-85.125,33.345],[-85.075,33.345]],[[-82.314,33.886],[-82.275,33.896],[-82.225,33.91],[-82.175,33.923],[-82.169,33.925],[-82.125,33.938],[-82.075,33.952],[-82.025,33.967],[-82.001,33.975],[-81.975,33.983],[-81.925,33.999],[-81.875,34.016],[-81.849,34.025],[-81.825,34.033],[-81.775,34.051],[-81.725,34.069],[-81.708,34.075]],[[-81.578,34.122],[-81.575,34.123],[-81.57,34.125],[-81.525,34.141],[-81.475,34.158],[-81.425,34.174],[-81.422,34.175]],[[-80.923,34.277],[-80.875,34.283],[-80.825,34.288],[-80.775,34.293],[-80.725,34.298],[-80.675,34.303],[-80.625,34.308],[-80.575,34.314],[-80.525,34.32],[-80.481,34.325],[-80.475,34.326],[-80.425,34.332],[-80.375,34.338],[-80.325,34.344],[-80.275,34.35],[-80.225,34.355],[-80.175,34.359],[-80.125,34.362],[-80.075,34.364],[-80.025,34.364],[-79.975,34.363],[-79.925,34.36],[-79.875,34.356],[-79.825,34.35],[-79.775,34.343],[-79.725,34.334],[-79.686,34.325],[-79.675,34.322],[-79.625,34.309],[-79.575,34.293],[-79.527,34.275],[-79.525,34.274],[-79.475,34.253],[-79.425,34.229],[-79.418,34.225],[-79.375,34.202],[-79.329,34.175],[-79.325,34.172],[-79.275,34.14],[-79.254,34.125],[-79.225,34.104],[-79.187,34.075],[-79.175,34.066],[-79.125,34.026],[-79.124,34.025],[-79.075,33.984],[-79.064,33.975],[-79.025,33.943],[-79.003,33.925],[-78.975,33.902],[-78.941,33.875],[-78.925,33.863],[-78.875,33.826],[-78.874,33.825],[-78.825,33.791],[-78.8,33.775]]]}},{"type":"Feature","properties":{"date":"2013-04-10","label":"10 Apr","yday":100,"tier":"five","major":false},"geometry":{"type":"MultiLineString","coordinates":[[[-87.628,33.428],[-87.625,33.428],[-87.575,33.432],[-87.525,33.435],[-87.475,33.437],[-87.439,33.439]],[[-87.175,33.449],[-87.125,33.45],[-87.075,33.451],[-87.025,33.453],[-86.975,33.454],[-86.925,33.455],[-86.875,33.456],[-86.825,33.456],[-86.775,33.457],[-86.725,33.458],[-86.675,33.458],[-86.625,33.458],[-86.575,33.458],[-86.525,33.458],[-86.475,33.458],[-86.425,33.458],[-86.375,33.458],[-86.325,33.457],[-86.275,33.457],[-86.225,33.456],[-86.175,33.456],[-86.125,33.455],[-86.075,33.454],[-86.025,33.453],[-85.975,33.452],[-85.925,33.451],[-85.875,33.45],[-85.825,33.449],[-85.775,33.447],[-85.725,33.446],[-85.675,33.444],[-85.625,33.443],[-85.575,33.441],[-85.525,33.44],[-85.475,33.438],[-85.425,33.437],[-85.375,33.435],[-85.325,33.434],[-85.275,33.433],[-85.225,33.432],[-85.175,33.431],[-85.125,33.43],[-85.075,33.429]],[[-82.145,34.055],[-82.125,34.061],[-82.076,34.075]],[[-82.075,34.075],[-82.025,34.09],[-81.975,34.106],[-81.925,34.122],[-81.915,34.125]],[[-80.756,34.394],[-80.725,34.397],[-80.675,34.403],[-80.625,34.409],[-80.575,34.415],[-80.525,34.422],[-80.502,34.425],[-80.475,34.429],[-80.425,34.436],[-80.375,34.442],[-80.325,34.449],[-80.275,34.455],[-80.225,34.461],[-80.175,34.465],[-80.125,34.469],[-80.075,34.472],[-80.025,34.474],[-79.975,34.474],[-79.925,34.473],[-79.875,34.471],[-79.825,34.468],[-79.775,34.463],[-79.725,34.457],[-79.675,34.449],[-79.625,34.439],[-79.575,34.428],[-79.563,34.425],[-79.525,34.415],[-79.475,34.4],[-79.425,34.383],[-79.404,34.375],[-79.375,34.363],[-79.325,34.342],[-79.291,34.325],[-79.275,34.317],[-79.225,34.29],[-79.2,34.275],[-79.175,34.26],[-79.125,34.227],[-79.123,34.225],[-79.075,34.19],[-79.055,34.175],[-79.025,34.152],[-78.992,34.125],[-78.975,34.111],[-78.933,34.075],[-78.925,34.068],[-78.875,34.026],[-78.873,34.025],[-78.825,33.986],[-78.812,33.975],[-78.775,33.947],[-78.746,33.925],[-78.725,33.91],[-78.675,33.875],[-78.674,33.875],[-78.644,33.856]]]}},{"type":"Feature","properties":{"date":"2013-04-11","label":"11 Apr","yday":101,"tier":"day","major":false},"geometry":{"type":"MultiLineString","coordinates":[[[-87.759,33.559],[-87.725,33.561],[-87.675,33.563],[-87.625,33.566],[-87.575,33.568],[-87.525,33.57]],[[-87.125,33.581],[-87.075,33.582],[-87.025,33.583],[-86.975,33.584],[-86.925,33.584],[-86.875,33.585],[-86.825,33.585],[-86.775,33.585],[-86.725,33.585],[-86.675,33.584],[-86.625,33.583],[-86.575,33.582],[-86.525,33.58],[-86.475,33.579],[-86.425,33.577],[-86.375,33.576],[-86.354,33.575],[-86.325,33.574],[-86.275,33.572],[-86.225,33.571],[-86.175,33.569],[-86.125,33.567],[-86.075,33.565],[-86.025,33.563],[-85.975,33.56],[-85.925,33.558],[-85.875,33.556],[-85.825,33.553],[-85.775,33.55],[-85.725,33.548],[-85.675,33.545],[-85.625,33.542],[-85.575,33.539],[-85.525,33.537],[-85.475,33.534],[-85.425,33.531],[-85.375,33.529],[-85.325,33.526],[-85.3,33.525],[-85.275,33.524],[-85.225,33.522],[-85.175,33.52],[-85.125,33.518],[-85.075,33.517],[-85.034,33.516]],[[-80.675,34.504],[-80.625,34.511],[-80.575,34.518],[-80.525,34.525],[-80.525,34.525],[-80.475,34.532],[-80.425,34.54],[-80.375,34.547],[-80.325,34.554],[-80.275,34.56],[-80.225,34.566],[-80.175,34.572],[-80.14,34.575],[-80.125,34.576],[-80.075,34.58],[-80.025,34.583],[-79.975,34.586],[-79.925,34.587],[-79.875,34.587],[-79.825,34.586],[-79.775,34.584],[-79.725,34.581],[-79.675,34.577],[-79.659,34.575],[-79.625,34.571],[-79.575,34.565],[-79.525,34.557],[-79.475,34.548],[-79.425,34.538],[-79.375,34.526],[-79.371,34.525],[-79.325,34.513],[-79.275,34.498],[-79.225,34.482],[-79.205,34.475],[-79.175,34.464],[-79.125,34.444],[-79.081,34.425],[-79.075,34.422],[-79.025,34.397],[-78.984,34.375],[-78.975,34.369],[-78.925,34.338],[-78.907,34.325],[-78.875,34.302],[-78.841,34.275],[-78.825,34.262],[-78.781,34.225],[-78.775,34.22],[-78.725,34.177],[-78.723,34.175],[-78.675,34.135],[-78.663,34.125],[-78.625,34.094],[-78.602,34.075],[-78.575,34.054],[-78.537,34.025],[-78.525,34.016],[-78.475,33.981],[-78.466,33.975],[-78.425,33.95],[-78.409,33.941]]]}},{"type":"Feature","properties":{"date":"2013-04-12","label":"12 Apr","yday":102,"tier":"day","major":false},"geometry":{"type":"MultiLineString","coordinates":[[[-87.167,33.717],[-87.125,33.718],[-87.075,33.718],[-87.025,33.718],[-86.975,33.719],[-86.925,33.718],[-86.875,33.718],[-86.825,33.717],[-86.775,33.716],[-86.725,33.715],[-86.675,33.714],[-86.625,33.712],[-86.575,33.71],[-86.525,33.707],[-86.475,33.705],[-86.425,33.702],[-86.375,33.699],[-86.325,33.696],[-86.275,33.693],[-86.225,33.69],[-86.175,33.687],[-86.125,33.684],[-86.075,33.68],[-86.025,33.677],[-85.997,33.675],[-85.975,33.674],[-85.925,33.67],[-85.875,33.666],[-85.825,33.663],[-85.775,33.659],[-85.725,33.655],[-85.675,33.651],[-85.625,33.646],[-85.575,33.642],[-85.525,33.638],[-85.475,33.634],[-85.425,33.631],[-85.375,33.627],[-85.348,33.625],[-85.325,33.623],[-85.275,33.62],[-85.225,33.617],[-85.175,33.614],[-85.125,33.612],[-85.075,33.61],[-85.025,33.608],[-84.993,33.607]],[[-80.638,34.612],[-80.625,34.614],[-80.575,34.622],[-80.553,34.625],[-80.525,34.629],[-80.475,34.637],[-80.425,34.644],[-80.375,34.652],[-80.325,34.659],[-80.275,34.666],[-80.225,34.673],[-80.205,34.675],[-80.175,34.679],[-80.125,34.684],[-80.075,34.689],[-80.025,34.694],[-79.975,34.698],[-79.925,34.701],[-79.875,34.703],[-79.825,34.705],[-79.775,34.706],[-79.725,34.706],[-79.675,34.705],[-79.625,34.703],[-79.575,34.701],[-79.525,34.698],[-79.475,34.695],[-79.425,34.691],[-79.375,34.687],[-79.325,34.682],[-79.275,34.678],[-79.247,34.675],[-79.225,34.673],[-79.175,34.667],[-79.125,34.662],[-79.075,34.656],[-79.025,34.651],[-78.975,34.646],[-78.925,34.641],[-78.875,34.635],[-78.825,34.63],[-78.781,34.625],[-78.775,34.624],[-78.725,34.617],[-78.675,34.609],[-78.625,34.599],[-78.575,34.585],[-78.548,34.575],[-78.525,34.564],[-78.475,34.536],[-78.456,34.525],[-78.425,34.504],[-78.383,34.475],[-78.375,34.469],[-78.325,34.433],[-78.313,34.425],[-78.275,34.398],[-78.237,34.375],[-78.225,34.367],[-78.175,34.343],[-78.125,34.327],[-78.107,34.325],[-78.075,34.321],[-78.025,34.324],[-78.021,34.325],[-77.975,34.332],[-77.925,34.342],[-77.875,34.352],[-77.825,34.36],[-77.775,34.368],[-77.741,34.375],[-77.725,34.378],[-77.675,34.388],[-77.625,34.398]]]}},{"type":"Feature","properties":{"date":"2013-04-13","label":"13 Apr","yday":103,"tier":"day","major":false},"geometry":{"type":"MultiLineString","coordinates":[[[-87.36,33.86],[-87.325,33.86],[-87.275,33.86],[-87.225,33.861],[-87.175,33.861],[-87.125,33.861],[-87.075,33.861],[-87.025,33.86],[-86.975,33.86],[-86.925,33.859],[-86.875,33.857],[-86.825,33.856],[-86.805,33.855]],[[-86.7,33.85],[-86.675,33.849],[-86.625,33.846],[-86.575,33.843],[-86.525,33.84],[-86.475,33.836],[-86.425,33.833],[-86.375,33.829],[-86.332,33.825],[-86.325,33.824],[-86.275,33.82],[-86.225,33.816],[-86.175,33.812],[-86.125,33.807],[-86.075,33.803],[-86.025,33.798],[-85.975,33.793],[-85.925,33.788],[-85.875,33.783],[-85.825,33.778],[-85.798,33.775],[-85.775,33.773],[-85.725,33.768],[-85.675,33.762],[-85.625,33.757],[-85.575,33.752],[-85.525,33.747],[-85.475,33.741],[-85.425,33.736],[-85.375,33.731],[-85.325,33.727],[-85.306,33.725],[-85.275,33.722],[-85.225,33.718],[-85.175,33.714],[-85.125,33.711],[-85.075,33.708],[-85.025,33.706],[-84.975,33.704],[-84.947,33.703]],[[-80.336,34.764],[-80.325,34.765],[-80.275,34.773],[-80.258,34.775],[-80.225,34.78],[-80.175,34.786],[-80.125,34.793],[-80.075,34.799],[-80.025,34.805],[-79.975,34.81],[-79.925,34.815],[-79.875,34.82],[-79.825,34.824],[-79.809,34.825],[-79.775,34.827],[-79.725,34.83],[-79.675,34.832],[-79.625,34.834],[-79.575,34.835],[-79.525,34.837],[-79.475,34.838],[-79.425,34.84],[-79.375,34.843],[-79.325,34.846],[-79.275,34.85],[-79.225,34.855],[-79.175,34.86],[-79.125,34.866],[-79.075,34.873],[-79.061,34.875],[-79.025,34.88],[-78.975,34.887],[-78.925,34.894],[-78.875,34.901],[-78.825,34.906],[-78.775,34.91],[-78.725,34.913],[-78.675,34.915],[-78.625,34.916],[-78.575,34.915],[-78.525,34.914],[-78.475,34.912],[-78.425,34.909],[-78.375,34.904],[-78.325,34.899],[-78.275,34.892],[-78.225,34.885],[-78.175,34.878],[-78.15,34.875],[-78.125,34.872],[-78.075,34.866],[-78.025,34.862],[-77.975,34.86],[-77.925,34.86],[-77.875,34.862],[-77.825,34.865],[-77.775,34.871],[-77.744,34.875],[-77.725,34.877],[-77.675,34.885],[-77.625,34.895],[-77.575,34.906],[-77.525,34.917],[-77.489,34.925],[-77.475,34.928],[-77.425,34.938],[-77.375,34.947],[-77.325,34.955],[-77.275,34.962],[-77.225,34.966],[-77.175,34.969],[-77.125,34.968],[-77.075,34.964],[-77.025,34.955],[-76.975,34.943],[-76.927,34.927]],[[-76.922,34.925],[-76.875,34.905],[-76.825,34.88],[-76.815,34.875],[-76.775,34.853],[-76.726,34.825],[-76.725,34.825]]]}},{"type":"Feature","properties":{"date":"2013-04-14","label":"14 Apr","yday":104,"tier":"day","major":false},"geometry":{"type":"MultiLineString","coordinates":[[[-87.425,34.013],[-87.375,34.013],[-87.325,34.013],[-87.275,34.013],[-87.225,34.013],[-87.175,34.013],[-87.125,34.012],[-87.075,34.012],[-87.025,34.01],[-87.01,34.01]],[[-86.64,33.99],[-86.625,33.989],[-86.575,33.985],[-86.525,33.98],[-86.475,33.975],[-86.471,33.975],[-86.425,33.971],[-86.375,33.965],[-86.325,33.96],[-86.275,33.955],[-86.225,33.949],[-86.175,33.944],[-86.125,33.938],[-86.075,33.932],[-86.025,33.926],[-86.018,33.925],[-85.975,33.92],[-85.925,33.914],[-85.875,33.908],[-85.825,33.901],[-85.775,33.895],[-85.725,33.888],[-85.675,33.882],[-85.625,33.875],[-85.623,33.875],[-85.575,33.869],[-85.525,33.862],[-85.475,33.856],[-85.425,33.85],[-85.375,33.844],[-85.325,33.838],[-85.275,33.832],[-85.225,33.827],[-85.206,33.825],[-85.175,33.822],[-85.125,33.818],[-85.075,33.814],[-85.025,33.81],[-84.975,33.808],[-84.925,33.806],[-84.875,33.804],[-84.825,33.804],[-84.775,33.805],[-84.744,33.806]],[[-80.152,34.898],[-80.125,34.902],[-80.075,34.909],[-80.025,34.915],[-79.975,34.922],[-79.953,34.925],[-79.925,34.929],[-79.875,34.935],[-79.825,34.941],[-79.775,34.947],[-79.725,34.952],[-79.675,34.956],[-79.625,34.961],[-79.575,34.966],[-79.525,34.971],[-79.489,34.975],[-79.475,34.977],[-79.425,34.984],[-79.375,34.992],[-79.325,35.001],[-79.275,35.011],[-79.225,35.021],[-79.21,35.025],[-79.175,35.033],[-79.125,35.045],[-79.075,35.057],[-79.025,35.07],[-79.002,35.075],[-78.975,35.081],[-78.925,35.091],[-78.875,35.1],[-78.825,35.108],[-78.775,35.114],[-78.725,35.12],[-78.675,35.124],[-78.664,35.125],[-78.625,35.128],[-78.575,35.131],[-78.525,35.133],[-78.475,35.135],[-78.425,35.137],[-78.375,35.138],[-78.325,35.139],[-78.275,35.139],[-78.225,35.139],[-78.175,35.14],[-78.125,35.141],[-78.075,35.142],[-78.025,35.145],[-77.975,35.148],[-77.925,35.153],[-77.875,35.159],[-77.825,35.167],[-77.775,35.175],[-77.775,35.175],[-77.725,35.183],[-77.675,35.192],[-77.625,35.201],[-77.575,35.21],[-77.525,35.219],[-77.489,35.225],[-77.475,35.227],[-77.425,35.235],[-77.375,35.241],[-77.325,35.247],[-77.275,35.253],[-77.225,35.257],[-77.175,35.259],[-77.125,35.26],[-77.075,35.258],[-77.025,35.255],[-76.975,35.249],[-76.925,35.241],[-76.875,35.231],[-76.851,35.225],[-76.825,35.218],[-76.775,35.203]]]}},{"type":"Feature","properties":{"date":"2013-04-15","label":"15 Apr","yday":105,"tier":"index","major":true},"geometry":{"type":"MultiLineString","coordinates":[[[-86.107,34.075],[-86.075,34.071],[-86.07,34.07]],[[-85.904,34.046],[-85.875,34.042],[-85.825,34.034],[-85.775,34.027],[-85.765,34.025],[-85.725,34.019],[-85.675,34.011],[-85.625,34.004],[-85.575,33.996],[-85.525,33.988],[-85.475,33.981],[-85.436,33.975],[-85.425,33.973],[-85.375,33.966],[-85.325,33.959],[-85.275,33.952],[-85.225,33.946],[-85.175,33.94],[-85.125,33.934],[-85.075,33.929],[-85.031,33.925],[-85.025,33.924],[-84.975,33.921],[-84.925,33.918],[-84.875,33.917],[-84.825,33.916],[-84.775,33.917],[-84.725,33.919],[-84.675,33.922],[-84.64,33.925],[-84.625,33.927],[-84.575,33.933]],[[-86.488,34.125],[-86.475,34.123],[-86.425,34.117],[-86.416,34.116]],[[-86.747,34.153],[-86.725,34.151],[-86.675,34.146],[-86.625,34.141],[-86.587,34.137]],[[-80.125,35.01],[-80.075,35.018],[-80.028,35.025],[-80.025,35.026],[-79.975,35.033],[-79.925,35.041],[-79.875,35.049],[-79.825,35.056],[-79.775,35.064],[-79.725,35.071],[-79.699,35.075],[-79.675,35.079],[-79.625,35.086],[-79.575,35.094],[-79.525,35.103],[-79.475,35.112],[-79.425,35.123],[-79.417,35.125],[-79.375,35.135],[-79.325,35.147],[-79.275,35.16],[-79.225,35.174],[-79.221,35.175],[-79.175,35.188],[-79.125,35.202],[-79.075,35.215],[-79.039,35.225],[-79.025,35.229],[-78.975,35.241],[-78.925,35.252],[-78.875,35.262],[-78.825,35.272],[-78.806,35.275],[-78.775,35.28],[-78.725,35.288],[-78.675,35.295],[-78.625,35.301],[-78.575,35.306],[-78.525,35.311],[-78.475,35.316],[-78.425,35.321],[-78.38,35.325],[-78.375,35.326],[-78.325,35.33],[-78.275,35.335],[-78.225,35.341],[-78.175,35.346],[-78.125,35.353],[-78.075,35.359],[-78.025,35.366],[-77.975,35.374],[-77.965,35.375],[-77.925,35.381],[-77.875,35.388],[-77.825,35.396],[-77.775,35.403],[-77.725,35.411],[-77.675,35.419],[-77.634,35.425],[-77.625,35.426],[-77.575,35.433],[-77.525,35.44],[-77.475,35.446],[-77.425,35.453],[-77.375,35.458],[-77.325,35.464],[-77.275,35.469],[-77.225,35.473],[-77.2,35.475],[-77.175,35.477],[-77.125,35.479],[-77.075,35.481],[-77.025,35.48],[-77.02,35.48]]]}},{"type":"Feature","properties":{"date":"2013-04-16","label":"16 Apr","yday":106,"tier":"day","major":false},"geometry":{"type":"MultiLineString","coordinates":[[[-85.779,34.171],[-85.775,34.171],[-85.725,34.162],[-85.675,34.154],[-85.625,34.145],[-85.575,34.136],[-85.525,34.127],[-85.512,34.125],[-85.475,34.119],[-85.425,34.11],[-85.375,34.102],[-85.325,34.094],[-85.275,34.086],[-85.225,34.078],[-85.206,34.075],[-85.175,34.071],[-85.125,34.064],[-85.075,34.058],[-85.025,34.052],[-84.975,34.048],[-84.925,34.044],[-84.875,34.042],[-84.825,34.041],[-84.775,34.042],[-84.725,34.045],[-84.675,34.049],[-84.625,34.055],[-84.575,34.063],[-84.525,34.072]],[[-80.076,35.126],[-80.075,35.127],[-80.025,35.135],[-79.975,35.144],[-79.925,35.154],[-79.875,35.163],[-79.825,35.172],[-79.811,35.175],[-79.775,35.182],[-79.725,35.192],[-79.675,35.202],[-79.625,35.212],[-79.575,35.223],[-79.565,35.225],[-79.525,35.234],[-79.475,35.246],[-79.425,35.259],[-79.375,35.273],[-79.367,35.275],[-79.325,35.287],[-79.275,35.301],[-79.225,35.316],[-79.194,35.325],[-79.175,35.33],[-79.125,35.345],[-79.075,35.359],[-79.025,35.373],[-79.016,35.375],[-78.975,35.386],[-78.925,35.398],[-78.875,35.41],[-78.825,35.421],[-78.808,35.425],[-78.775,35.432],[-78.725,35.442],[-78.675,35.45],[-78.625,35.459],[-78.575,35.466],[-78.525,35.474],[-78.516,35.475],[-78.475,35.481],[-78.425,35.488],[-78.375,35.495],[-78.325,35.504],[-78.275,35.512],[-78.225,35.521],[-78.204,35.525],[-78.175,35.53],[-78.125,35.539],[-78.075,35.548],[-78.025,35.556],[-77.975,35.564],[-77.925,35.572],[-77.907,35.575],[-77.875,35.58],[-77.825,35.587],[-77.775,35.594],[-77.725,35.6],[-77.675,35.607],[-77.625,35.613],[-77.575,35.619],[-77.525,35.625],[-77.523,35.625],[-77.475,35.63],[-77.425,35.636],[-77.375,35.642],[-77.325,35.647],[-77.275,35.652],[-77.225,35.657],[-77.175,35.662],[-77.125,35.666],[-77.075,35.67],[-77.025,35.673],[-76.975,35.675],[-76.964,35.675],[-76.925,35.676],[-76.875,35.676],[-76.825,35.676],[-76.775,35.676],[-76.729,35.675],[-76.725,35.675]]]}},{"type":"Feature","properties":{"date":"2013-04-17","label":"17 Apr","yday":107,"tier":"day","major":false},"geometry":{"type":"MultiLineString","coordinates":[[[-85.482,34.275],[-85.475,34.274],[-85.425,34.264],[-85.375,34.255],[-85.325,34.246],[-85.275,34.237],[-85.225,34.229],[-85.204,34.225],[-85.175,34.22],[-85.125,34.212],[-85.075,34.205],[-85.025,34.199],[-84.975,34.193],[-84.925,34.189],[-84.875,34.186],[-84.825,34.186],[-84.775,34.187],[-84.725,34.191],[-84.675,34.196],[-84.65,34.2]],[[-80.125,35.226],[-80.075,35.236],[-80.025,35.246],[-79.975,35.257],[-79.925,35.267],[-79.89,35.275],[-79.878,35.278]],[[-79.871,35.279],[-79.825,35.29],[-79.775,35.301],[-79.725,35.313],[-79.677,35.325],[-79.675,35.326],[-79.625,35.338],[-79.575,35.351],[-79.525,35.365],[-79.488,35.375],[-79.478,35.378]],[[-79.328,35.422],[-79.325,35.423],[-79.317,35.425],[-79.275,35.438],[-79.225,35.453],[-79.175,35.468],[-79.151,35.475],[-79.125,35.483],[-79.075,35.498],[-79.054,35.504]],[[-78.925,35.541],[-78.875,35.554],[-78.825,35.567],[-78.793,35.575],[-78.775,35.579],[-78.725,35.591],[-78.675,35.603],[-78.625,35.614],[-78.575,35.624],[-78.572,35.625],[-78.525,35.635],[-78.475,35.645],[-78.45,35.65]],[[-78.26,35.69],[-78.225,35.697],[-78.175,35.707],[-78.125,35.717],[-78.078,35.725],[-78.075,35.726],[-78.025,35.734],[-77.975,35.742],[-77.925,35.749],[-77.875,35.755],[-77.825,35.762],[-77.775,35.767],[-77.725,35.773],[-77.702,35.775],[-77.675,35.778],[-77.625,35.783],[-77.575,35.788],[-77.525,35.793],[-77.475,35.798],[-77.425,35.804],[-77.375,35.809],[-77.325,35.815],[-77.275,35.82],[-77.234,35.825],[-77.225,35.826],[-77.175,35.832],[-77.125,35.838],[-77.075,35.844],[-77.025,35.849],[-76.975,35.855],[-76.925,35.861],[-76.875,35.867],[-76.825,35.873],[-76.806,35.875],[-76.775,35.879],[-76.725,35.885],[-76.675,35.891],[-76.625,35.898],[-76.575,35.904]]]}},{"type":"Feature","properties":{"date":"2013-04-18","label":"18 Apr","yday":108,"tier":"day","major":false},"geometry":{"type":"MultiLineString","coordinates":[[[-80.112,35.338],[-80.075,35.347],[-80.025,35.358],[-79.975,35.371],[-79.971,35.371]],[[-78.84,35.71],[-78.825,35.715],[-78.79,35.725]],[[-77.988,35.912],[-77.975,35.913],[-77.925,35.919],[-77.875,35.925],[-77.871,35.925],[-77.825,35.929],[-77.775,35.934],[-77.725,35.938],[-77.675,35.942],[-77.625,35.946],[-77.575,35.951],[-77.525,35.956],[-77.475,35.961],[-77.425,35.966],[-77.375,35.972],[-77.347,35.975],[-77.325,35.978],[-77.275,35.985],[-77.225,35.992],[-77.175,36.0],[-77.125,36.008],[-77.075,36.017],[-77.036,36.025],[-77.025,36.027],[-76.975,36.038],[-76.925,36.049],[-76.875,36.061],[-76.825,36.073],[-76.819,36.075],[-76.775,36.087]],[[-76.675,36.115],[-76.64,36.125],[-76.625,36.13],[-76.575,36.145]]]}},{"type":"Feature","properties":{"date":"2013-04-19","label":"19 Apr","yday":109,"tier":"day","major":false},"geometry":{"type":"MultiLineString","coordinates":[[[-77.799,36.101],[-77.775,36.102],[-77.725,36.106],[-77.675,36.109],[-77.625,36.113],[-77.575,36.117],[-77.525,36.122],[-77.497,36.125],[-77.475,36.127],[-77.425,36.133],[-77.375,36.14],[-77.325,36.148],[-77.275,36.157],[-77.225,36.167],[-77.187,36.175],[-77.175,36.178],[-77.125,36.191],[-77.075,36.206],[-77.025,36.223],[-77.018,36.225],[-76.975,36.241],[-76.925,36.261],[-76.891,36.275],[-76.875,36.282],[-76.825,36.305],[-76.778,36.325],[-76.775,36.327],[-76.725,36.35],[-76.675,36.372],[-76.667,36.375],[-76.625,36.394],[-76.575,36.415],[-76.549,36.425],[-76.525,36.435],[-76.475,36.454],[-76.429,36.471]]]}},{"type":"Feature","properties":{"date":"2013-04-20","label":"20 Apr","yday":110,"tier":"five","major":false},"geometry":{"type":"MultiLineString","coordinates":[[[-77.653,36.297],[-77.625,36.3],[-77.575,36.304],[-77.525,36.31],[-77.475,36.317],[-77.43,36.325],[-77.425,36.326],[-77.375,36.337],[-77.325,36.349],[-77.275,36.364],[-77.242,36.375],[-77.225,36.382],[-77.175,36.404],[-77.134,36.425],[-77.125,36.43],[-77.075,36.461],[-77.052,36.475],[-77.025,36.494],[-76.981,36.525],[-76.975,36.53],[-76.925,36.566],[-76.911,36.575],[-76.875,36.6],[-76.833,36.625],[-76.825,36.63],[-76.775,36.655],[-76.727,36.675],[-76.725,36.676],[-76.675,36.694],[-76.625,36.71],[-76.575,36.723],[-76.569,36.725]]]}},{"type":"Feature","properties":{"date":"2013-04-21","label":"21 Apr","yday":111,"tier":"day","major":false},"geometry":{"type":"MultiLineString","coordinates":[[[-77.81,36.56],[-77.775,36.561],[-77.725,36.562],[-77.675,36.563],[-77.625,36.566],[-77.575,36.571],[-77.548,36.575],[-77.525,36.58],[-77.475,36.595],[-77.425,36.616],[-77.41,36.625]]]}}]}