{"type":"FeatureCollection","features":[{"type":"Feature","properties":{"date":"2023-02-07","label":"7 Feb","yday":38,"tier":"day","major":false},"geometry":{"type":"MultiLineString","coordinates":[[[-82.232,26.832],[-82.225,26.833],[-82.175,26.845]],[[-82.025,26.882],[-81.975,26.894],[-81.925,26.908],[-81.875,26.921],[-81.862,26.925],[-81.825,26.935],[-81.775,26.949],[-81.725,26.963],[-81.68,26.975],[-81.675,26.976],[-81.625,26.99],[-81.575,27.004],[-81.525,27.017],[-81.493,27.025],[-81.475,27.03],[-81.425,27.043],[-81.375,27.055],[-81.325,27.068]]]}},{"type":"Feature","properties":{"date":"2023-02-08","label":"8 Feb","yday":39,"tier":"day","major":false},"geometry":{"type":"MultiLineString","coordinates":[[[-82.421,27.021],[-82.405,27.025],[-82.375,27.033],[-82.325,27.046],[-82.275,27.06],[-82.225,27.074],[-82.22,27.075],[-82.175,27.088],[-82.125,27.102],[-82.075,27.117],[-82.048,27.125],[-82.025,27.132],[-81.975,27.148],[-81.925,27.164],[-81.89,27.175],[-81.875,27.18],[-81.825,27.196],[-81.775,27.213],[-81.737,27.225],[-81.725,27.229],[-81.675,27.245],[-81.625,27.261],[-81.582,27.275],[-81.575,27.277],[-81.525,27.293],[-81.475,27.308],[-81.425,27.323],[-81.417,27.325],[-81.375,27.337],[-81.325,27.351],[-81.275,27.364],[-81.231,27.375],[-81.225,27.377],[-81.175,27.389],[-81.125,27.401],[-81.075,27.413],[-81.025,27.425],[-81.023,27.425],[-80.975,27.437],[-80.925,27.449],[-80.875,27.461],[-80.825,27.474],[-80.822,27.475],[-80.775,27.487]]]}},{"type":"Feature","properties":{"date":"2023-02-09","label":"9 Feb","yday":40,"tier":"five","major":false},"geometry":{"type":"MultiLineString","coordinates":[[[-82.525,27.23],[-82.475,27.245],[-82.425,27.26],[-82.377,27.275],[-82.375,27.276],[-82.325,27.292],[-82.275,27.308],[-82.225,27.325],[-82.225,27.325],[-82.175,27.342],[-82.125,27.36],[-82.084,27.375],[-82.075,27.378],[-82.025,27.397],[-81.975,27.417],[-81.954,27.425],[-81.925,27.437],[-81.875,27.457],[-81.832,27.475],[-81.825,27.478],[-81.775,27.499],[-81.725,27.52],[-81.713,27.525],[-81.675,27.541],[-81.625,27.563],[-81.595,27.575],[-81.575,27.583],[-81.525,27.604],[-81.475,27.624],[-81.472,27.625],[-81.425,27.643],[-81.375,27.662],[-81.338,27.675],[-81.325,27.68],[-81.275,27.697],[-81.225,27.713],[-81.185,27.725],[-81.175,27.728],[-81.125,27.742],[-81.075,27.755],[-81.025,27.768],[-80.993,27.775],[-80.975,27.779],[-80.925,27.79],[-80.875,27.8],[-80.854,27.804]]]}},{"type":"Feature","properties":{"date":"2023-02-10","label":"10 Feb","yday":41,"tier":"day","major":false},"geometry":{"type":"MultiLineString","coordinates":[[[-82.594,27.444],[-82.575,27.45],[-82.525,27.466],[-82.497,27.475],[-82.475,27.482],[-82.425,27.499],[-82.375,27.516],[-82.351,27.525],[-82.325,27.534],[-82.275,27.553],[-82.225,27.572],[-82.218,27.575],[-82.175,27.593],[-82.125,27.614],[-82.1,27.625],[-82.075,27.636],[-82.025,27.659],[-81.992,27.675],[-81.975,27.683],[-81.925,27.708],[-81.893,27.725],[-81.875,27.734],[-81.825,27.761],[-81.799,27.775],[-81.775,27.788],[-81.725,27.816],[-81.708,27.825],[-81.675,27.843],[-81.625,27.87],[-81.615,27.875],[-81.575,27.896],[-81.525,27.921],[-81.516,27.925],[-81.475,27.945],[-81.425,27.968],[-81.409,27.975],[-81.375,27.99],[-81.325,28.01],[-81.285,28.025],[-81.275,28.029],[-81.225,28.045],[-81.175,28.06],[-81.125,28.073],[-81.119,28.075],[-81.075,28.085],[-81.025,28.095],[-80.975,28.104],[-80.925,28.111]]]}},{"type":"Feature","properties":{"date":"2023-02-11","label":"11 Feb","yday":42,"tier":"day","major":false},"geometry":{"type":"MultiLineString","coordinates":[[[-82.429,27.721],[-82.425,27.722],[-82.417,27.725],[-82.375,27.74],[-82.325,27.759],[-82.286,27.775],[-82.275,27.779],[-82.225,27.801],[-82.175,27.824],[-82.172,27.825],[-82.125,27.847],[-82.075,27.872],[-82.07,27.875],[-82.025,27.899],[-81.978,27.925],[-81.975,27.926],[-81.925,27.955],[-81.893,27.975],[-81.875,27.986],[-81.825,28.016],[-81.811,28.025],[-81.775,28.047],[-81.729,28.075],[-81.725,28.077],[-81.675,28.106],[-81.642,28.125],[-81.625,28.135],[-81.575,28.163],[-81.553,28.175],[-81.525,28.191],[-81.475,28.217],[-81.459,28.225],[-81.425,28.242],[-81.375,28.265],[-81.352,28.275],[-81.325,28.286],[-81.275,28.303],[-81.225,28.318],[-81.195,28.325],[-81.175,28.329],[-81.125,28.338],[-81.075,28.345],[-81.025,28.35],[-80.975,28.354]]]}},{"type":"Feature","properties":{"date":"2023-02-12","label":"12 Feb","yday":43,"tier":"day","major":false},"geometry":{"type":"MultiLineString","coordinates":[[[-82.767,27.817],[-82.745,27.825],[-82.725,27.832],[-82.675,27.848],[-82.625,27.862],[-82.58,27.875]],[[-82.573,27.877],[-82.525,27.891],[-82.501,27.899]],[[-82.425,27.925],[-82.425,27.925],[-82.375,27.943],[-82.325,27.963],[-82.296,27.975],[-82.275,27.983],[-82.225,28.005],[-82.183,28.025],[-82.175,28.029],[-82.125,28.053],[-82.084,28.075],[-82.075,28.08],[-82.025,28.108],[-81.995,28.125],[-81.975,28.137],[-81.925,28.167],[-81.912,28.175],[-81.875,28.198],[-81.831,28.225],[-81.825,28.229],[-81.775,28.26],[-81.751,28.275],[-81.725,28.291],[-81.675,28.323],[-81.671,28.325],[-81.625,28.354],[-81.59,28.375],[-81.575,28.384],[-81.525,28.413],[-81.503,28.425],[-81.475,28.44],[-81.425,28.465],[-81.404,28.475],[-81.375,28.488],[-81.325,28.507],[-81.275,28.522],[-81.261,28.525],[-81.225,28.533],[-81.175,28.542],[-81.125,28.548],[-81.075,28.553],[-81.025,28.557]]]}},{"type":"Feature","properties":{"date":"2023-02-13","label":"13 Feb","yday":44,"tier":"day","major":false},"geometry":{"type":"MultiLineString","coordinates":[[[-82.821,27.979],[-82.775,27.994],[-82.725,28.009],[-82.675,28.025]],[[-82.675,28.025],[-82.625,28.04],[-82.575,28.055],[-82.525,28.07],[-82.51,28.075],[-82.475,28.086],[-82.425,28.103],[-82.375,28.121],[-82.365,28.125],[-82.325,28.14],[-82.275,28.162],[-82.245,28.175],[-82.225,28.184],[-82.175,28.208],[-82.143,28.225],[-82.125,28.234],[-82.075,28.262],[-82.052,28.275],[-82.025,28.291],[-81.975,28.321],[-81.968,28.325],[-81.925,28.352],[-81.889,28.375],[-81.875,28.384],[-81.825,28.416],[-81.812,28.425],[-81.775,28.449],[-81.735,28.475],[-81.725,28.481],[-81.675,28.513],[-81.656,28.525],[-81.625,28.544],[-81.575,28.573],[-81.572,28.575],[-81.525,28.601],[-81.477,28.625],[-81.475,28.626],[-81.425,28.649],[-81.375,28.669],[-81.357,28.675],[-81.325,28.686],[-81.275,28.701],[-81.225,28.713],[-81.175,28.724],[-81.17,28.725],[-81.125,28.733],[-81.075,28.74]]]}},{"type":"Feature","properties":{"date":"2023-02-14","label":"14 Feb","yday":45,"tier":"index","major":true},"geometry":{"type":"MultiLineString","coordinates":[[[-82.775,28.151],[-82.725,28.165],[-82.692,28.175],[-82.675,28.18],[-82.625,28.194],[-82.575,28.21],[-82.526,28.225],[-82.525,28.225],[-82.475,28.242],[-82.425,28.26],[-82.385,28.275],[-82.375,28.279],[-82.325,28.3],[-82.275,28.322],[-82.269,28.325],[-82.225,28.346],[-82.175,28.372],[-82.17,28.375],[-82.125,28.4],[-82.082,28.425],[-82.075,28.429],[-82.025,28.459],[-82.001,28.475],[-81.975,28.491],[-81.925,28.524],[-81.924,28.525],[-81.875,28.558],[-81.849,28.575],[-81.825,28.591],[-81.775,28.625],[-81.774,28.625],[-81.725,28.657],[-81.697,28.675],[-81.675,28.688],[-81.625,28.718],[-81.613,28.725],[-81.575,28.746],[-81.525,28.772],[-81.519,28.775],[-81.475,28.796],[-81.425,28.818],[-81.408,28.825],[-81.375,28.838],[-81.325,28.857],[-81.275,28.874],[-81.27,28.875],[-81.225,28.889],[-81.175,28.902],[-81.125,28.915],[-81.079,28.925],[-81.075,28.926],[-81.025,28.936]]]}},{"type":"Feature","properties":{"date":"2023-02-15","label":"15 Feb","yday":46,"tier":"day","major":false},"geometry":{"type":"MultiLineString","coordinates":[[[-82.675,28.328],[-82.625,28.342],[-82.575,28.357],[-82.525,28.372],[-82.518,28.375],[-82.475,28.39],[-82.425,28.408],[-82.384,28.425],[-82.375,28.429],[-82.325,28.451],[-82.276,28.475],[-82.275,28.475],[-82.225,28.502],[-82.183,28.525],[-82.175,28.53],[-82.125,28.559],[-82.1,28.575],[-82.075,28.591],[-82.025,28.623],[-82.023,28.625],[-81.975,28.658],[-81.95,28.675],[-81.925,28.692],[-81.879,28.725],[-81.875,28.728],[-81.825,28.762],[-81.806,28.775],[-81.775,28.796],[-81.73,28.825],[-81.725,28.828],[-81.675,28.859],[-81.647,28.875],[-81.625,28.888],[-81.575,28.916],[-81.557,28.925],[-81.525,28.942],[-81.475,28.967],[-81.458,28.975],[-81.425,28.991],[-81.375,29.013],[-81.347,29.025],[-81.325,29.034],[-81.275,29.054],[-81.225,29.073],[-81.218,29.075],[-81.175,29.09],[-81.125,29.107],[-81.075,29.123],[-81.068,29.125],[-81.025,29.138],[-80.975,29.153]]]}},{"type":"Feature","properties":{"date":"2023-02-16","label":"16 Feb","yday":47,"tier":"day","major":false},"geometry":{"type":"MultiLineString","coordinates":[[[-82.625,28.489],[-82.575,28.504],[-82.525,28.521],[-82.513,28.525],[-82.475,28.539],[-82.425,28.559],[-82.387,28.575],[-82.375,28.58],[-82.325,28.604],[-82.285,28.625],[-82.275,28.63],[-82.225,28.658],[-82.197,28.675],[-82.175,28.688],[-82.125,28.721],[-82.118,28.725],[-82.075,28.755],[-82.046,28.775],[-82.025,28.79],[-81.977,28.825],[-81.975,28.827],[-81.925,28.863],[-81.909,28.875],[-81.875,28.899],[-81.838,28.925],[-81.825,28.934],[-81.775,28.968],[-81.765,28.975],[-81.725,29.002],[-81.688,29.025],[-81.675,29.034],[-81.625,29.065],[-81.608,29.075],[-81.575,29.095],[-81.525,29.124],[-81.523,29.125],[-81.475,29.152],[-81.432,29.175],[-81.425,29.179],[-81.375,29.205],[-81.334,29.225],[-81.325,29.23],[-81.275,29.254],[-81.228,29.275],[-81.225,29.277],[-81.175,29.299],[-81.125,29.32],[-81.113,29.325],[-81.075,29.341]]]}},{"type":"Feature","properties":{"date":"2023-02-17","label":"17 Feb","yday":48,"tier":"day","major":false},"geometry":{"type":"MultiLineString","coordinates":[[[-82.625,28.645],[-82.575,28.66],[-82.532,28.675],[-82.525,28.677],[-82.475,28.696],[-82.425,28.717],[-82.406,28.725],[-82.375,28.739],[-82.325,28.764],[-82.305,28.775],[-82.275,28.792],[-82.225,28.824],[-82.223,28.825],[-82.175,28.858],[-82.151,28.875],[-82.125,28.893],[-82.082,28.925],[-82.075,28.93],[-82.025,28.968],[-82.016,28.975],[-81.975,29.006],[-81.95,29.025],[-81.925,29.044],[-81.884,29.075],[-81.875,29.082],[-81.825,29.119],[-81.817,29.125],[-81.775,29.156],[-81.749,29.175],[-81.725,29.193],[-81.68,29.225],[-81.675,29.228],[-81.625,29.264],[-81.608,29.275],[-81.575,29.298],[-81.534,29.325],[-81.525,29.331],[-81.475,29.364],[-81.457,29.375],[-81.425,29.396],[-81.377,29.425],[-81.375,29.426],[-81.325,29.456],[-81.292,29.475],[-81.275,29.485],[-81.225,29.513],[-81.202,29.525],[-81.175,29.539]]]}},{"type":"Feature","properties":{"date":"2023-02-18","label":"18 Feb","yday":49,"tier":"day","major":false},"geometry":{"type":"MultiLineString","coordinates":[[[-82.625,28.814],[-82.592,28.825],[-82.575,28.831],[-82.525,28.85],[-82.475,28.87],[-82.464,28.875],[-82.425,28.893],[-82.375,28.919],[-82.364,28.925],[-82.325,28.948],[-82.282,28.975],[-82.275,28.98],[-82.225,29.014],[-82.209,29.025],[-82.175,29.05],[-82.141,29.075],[-82.125,29.088],[-82.078,29.125],[-82.075,29.127],[-82.025,29.168],[-82.017,29.175],[-81.975,29.21],[-81.957,29.225],[-81.925,29.252],[-81.898,29.275],[-81.875,29.295],[-81.839,29.325],[-81.825,29.338],[-81.781,29.375],[-81.775,29.38],[-81.725,29.423],[-81.722,29.425],[-81.675,29.465],[-81.663,29.475],[-81.625,29.507],[-81.603,29.525],[-81.575,29.548],[-81.541,29.575],[-81.525,29.588],[-81.477,29.625],[-81.475,29.627],[-81.425,29.665],[-81.41,29.675],[-81.375,29.701],[-81.339,29.725],[-81.325,29.735],[-81.275,29.768]]]}},{"type":"Feature","properties":{"date":"2023-02-19","label":"19 Feb","yday":50,"tier":"five","major":false},"geometry":{"type":"MultiLineString","coordinates":[[[-82.724,28.974],[-82.719,28.975],[-82.675,28.99],[-82.625,29.008],[-82.582,29.025],[-82.575,29.028],[-82.525,29.05],[-82.475,29.074],[-82.474,29.075],[-82.425,29.101],[-82.385,29.125],[-82.375,29.131],[-82.325,29.163],[-82.308,29.175],[-82.275,29.198],[-82.24,29.225],[-82.225,29.237],[-82.179,29.275],[-82.175,29.278],[-82.125,29.322],[-82.122,29.325],[-82.075,29.368],[-82.068,29.375],[-82.025,29.416],[-82.016,29.425],[-81.975,29.466],[-81.965,29.475],[-81.925,29.517],[-81.917,29.525],[-81.875,29.57],[-81.87,29.575],[-81.825,29.624],[-81.824,29.625],[-81.779,29.675],[-81.775,29.68],[-81.735,29.725],[-81.725,29.736],[-81.69,29.775],[-81.675,29.793],[-81.646,29.825],[-81.625,29.849],[-81.6,29.875],[-81.575,29.903],[-81.553,29.925],[-81.525,29.954],[-81.503,29.975],[-81.475,30.003],[-81.45,30.025],[-81.425,30.047],[-81.391,30.075],[-81.375,30.088]]]}},{"type":"Feature","properties":{"date":"2023-02-20","label":"20 Feb","yday":51,"tier":"day","major":false},"geometry":{"type":"MultiLineString","coordinates":[[[-82.814,29.164],[-82.782,29.175],[-82.775,29.177],[-82.725,29.196],[-82.675,29.217],[-82.656,29.225],[-82.625,29.239],[-82.575,29.264],[-82.555,29.275],[-82.525,29.292],[-82.475,29.322],[-82.47,29.325],[-82.425,29.355],[-82.398,29.375],[-82.375,29.392],[-82.333,29.425],[-82.325,29.432],[-82.275,29.475],[-82.275,29.475],[-82.225,29.522],[-82.222,29.525],[-82.175,29.574],[-82.174,29.575],[-82.13,29.625],[-82.125,29.63],[-82.089,29.675],[-82.075,29.693],[-82.051,29.725],[-82.025,29.761],[-82.015,29.775],[-81.981,29.825],[-81.975,29.835],[-81.948,29.875],[-81.925,29.912],[-81.917,29.925],[-81.885,29.975],[-81.875,29.992],[-81.854,30.025],[-81.825,30.071],[-81.823,30.075],[-81.79,30.125],[-81.775,30.146],[-81.754,30.175],[-81.725,30.212],[-81.714,30.225],[-81.675,30.264],[-81.663,30.275],[-81.625,30.304],[-81.596,30.325],[-81.575,30.339],[-81.525,30.37],[-81.517,30.375],[-81.475,30.397],[-81.425,30.421]]]}},{"type":"Feature","properties":{"date":"2023-02-21","label":"21 Feb","yday":52,"tier":"day","major":false},"geometry":{"type":"MultiLineString","coordinates":[[[-83.123,29.323],[-83.115,29.325],[-83.075,29.336],[-83.025,29.35],[-82.975,29.366],[-82.949,29.375],[-82.925,29.383],[-82.875,29.402],[-82.825,29.423],[-82.82,29.425],[-82.775,29.446],[-82.725,29.47],[-82.716,29.475],[-82.675,29.498],[-82.63,29.525],[-82.625,29.528],[-82.575,29.562],[-82.556,29.575],[-82.525,29.599],[-82.492,29.625],[-82.475,29.639],[-82.435,29.675],[-82.425,29.685],[-82.385,29.725],[-82.375,29.736],[-82.341,29.775],[-82.325,29.795],[-82.302,29.825],[-82.275,29.862],[-82.266,29.875],[-82.232,29.925],[-82.225,29.936],[-82.199,29.975],[-82.175,30.012],[-82.166,30.025],[-82.133,30.075],[-82.125,30.087],[-82.1,30.125],[-82.075,30.16],[-82.064,30.175],[-82.027,30.225],[-82.025,30.227],[-81.986,30.275],[-81.975,30.287],[-81.941,30.325],[-81.925,30.341],[-81.89,30.375],[-81.875,30.388],[-81.831,30.425],[-81.825,30.43],[-81.775,30.466],[-81.762,30.475],[-81.725,30.499],[-81.682,30.525],[-81.675,30.529],[-81.625,30.557],[-81.589,30.575],[-81.575,30.582],[-81.525,30.605],[-81.475,30.625],[-81.475,30.625]]]}},{"type":"Feature","properties":{"date":"2023-02-22","label":"22 Feb","yday":53,"tier":"day","major":false},"geometry":{"type":"MultiLineString","coordinates":[[[-83.375,29.538],[-83.325,29.55],[-83.275,29.564],[-83.236,29.575],[-83.225,29.578],[-83.175,29.594],[-83.125,29.611],[-83.088,29.625],[-83.075,29.63],[-83.025,29.65],[-82.975,29.673],[-82.971,29.675],[-82.925,29.698],[-82.875,29.725],[-82.875,29.725],[-82.825,29.755],[-82.795,29.775],[-82.775,29.788],[-82.725,29.825],[-82.725,29.825],[-82.675,29.866],[-82.665,29.875],[-82.625,29.912],[-82.611,29.925],[-82.575,29.962],[-82.563,29.975],[-82.525,30.016],[-82.517,30.025],[-82.475,30.074],[-82.474,30.075],[-82.433,30.125],[-82.425,30.134],[-82.391,30.175],[-82.375,30.194],[-82.35,30.225],[-82.325,30.254],[-82.307,30.275],[-82.275,30.311],[-82.263,30.325],[-82.225,30.365],[-82.216,30.375],[-82.175,30.416],[-82.166,30.425],[-82.125,30.463],[-82.111,30.475],[-82.075,30.506],[-82.051,30.525],[-82.025,30.545],[-81.985,30.575],[-81.975,30.582],[-81.925,30.615],[-81.91,30.625],[-81.875,30.646],[-81.825,30.675],[-81.825,30.675],[-81.775,30.702],[-81.728,30.725],[-81.725,30.727],[-81.675,30.75],[-81.625,30.771],[-81.615,30.775],[-81.575,30.791],[-81.525,30.809],[-81.48,30.825],[-81.475,30.827]]]}},{"type":"Feature","properties":{"date":"2023-02-23","label":"23 Feb","yday":54,"tier":"day","major":false},"geometry":{"type":"MultiLineString","coordinates":[[[-83.575,29.802],[-83.525,29.814],[-83.483,29.825],[-83.475,29.827],[-83.425,29.842],[-83.375,29.857],[-83.325,29.874],[-83.322,29.875],[-83.275,29.893],[-83.225,29.913],[-83.197,29.925],[-83.175,29.935],[-83.125,29.959],[-83.095,29.975],[-83.075,29.985],[-83.025,30.014],[-83.008,30.025],[-82.975,30.046],[-82.932,30.075],[-82.925,30.08],[-82.875,30.116],[-82.864,30.125],[-82.825,30.156],[-82.802,30.175],[-82.775,30.197],[-82.743,30.225],[-82.725,30.241],[-82.688,30.275],[-82.675,30.287],[-82.634,30.325],[-82.625,30.333],[-82.58,30.375],[-82.575,30.38],[-82.526,30.425],[-82.525,30.426],[-82.475,30.472],[-82.472,30.475],[-82.425,30.516],[-82.415,30.525],[-82.375,30.558],[-82.355,30.575],[-82.325,30.599],[-82.292,30.625],[-82.275,30.638],[-82.225,30.674],[-82.224,30.675],[-82.175,30.708],[-82.149,30.725],[-82.125,30.74],[-82.075,30.771],[-82.067,30.775],[-82.025,30.799],[-81.976,30.825],[-81.975,30.825],[-81.925,30.85],[-81.875,30.873],[-81.872,30.875],[-81.825,30.895],[-81.775,30.916],[-81.752,30.925],[-81.725,30.935],[-81.675,30.954],[-81.625,30.971],[-81.615,30.975],[-81.575,30.988],[-81.525,31.004],[-81.483,31.017]],[[-81.458,31.025],[-81.425,31.035]]]}},{"type":"Feature","properties":{"date":"2023-02-24","label":"24 Feb","yday":55,"tier":"five","major":false},"geometry":{"type":"MultiLineString","coordinates":[[[-94.675,29.691],[-94.625,29.689],[-94.575,29.688],[-94.525,29.687],[-94.475,29.686],[-94.464,29.686]],[[-85.404,29.954],[-85.375,29.953],[-85.325,29.951],[-85.275,29.95],[-85.225,29.95],[-85.175,29.951],[-85.125,29.952],[-85.075,29.954],[-85.025,29.957],[-84.975,29.96],[-84.925,29.964],[-84.875,29.969],[-84.825,29.974],[-84.813,29.975],[-84.775,29.979],[-84.725,29.985],[-84.675,29.991],[-84.625,29.997],[-84.575,30.003],[-84.525,30.009],[-84.475,30.014],[-84.431,30.019]],[[-84.421,30.021],[-84.379,30.025],[-84.375,30.025],[-84.374,30.026]],[[-83.928,30.075],[-83.925,30.075],[-83.875,30.083],[-83.825,30.091],[-83.775,30.1],[-83.725,30.109],[-83.675,30.12],[-83.654,30.125],[-83.625,30.132],[-83.575,30.145],[-83.525,30.16],[-83.477,30.175],[-83.475,30.176],[-83.425,30.193],[-83.375,30.212],[-83.344,30.225],[-83.325,30.233],[-83.275,30.255],[-83.235,30.275],[-83.225,30.28],[-83.175,30.306],[-83.141,30.325],[-83.125,30.334],[-83.075,30.364],[-83.058,30.375],[-83.025,30.396],[-82.981,30.425],[-82.975,30.429],[-82.925,30.464],[-82.909,30.475],[-82.875,30.499],[-82.84,30.525],[-82.825,30.536],[-82.775,30.573],[-82.772,30.575],[-82.725,30.61],[-82.705,30.625],[-82.675,30.647],[-82.637,30.675],[-82.625,30.684],[-82.575,30.72],[-82.568,30.725],[-82.525,30.755],[-82.496,30.775],[-82.475,30.789],[-82.425,30.822],[-82.42,30.825],[-82.375,30.853],[-82.339,30.875],[-82.325,30.883],[-82.275,30.911],[-82.25,30.925],[-82.225,30.938],[-82.175,30.964],[-82.152,30.975],[-82.125,30.988],[-82.075,31.01],[-82.04,31.025],[-82.025,31.031],[-81.975,31.052],[-81.925,31.071],[-81.913,31.075],[-81.875,31.089],[-81.825,31.106],[-81.775,31.122],[-81.766,31.125],[-81.725,31.138],[-81.675,31.153],[-81.625,31.168],[-81.6,31.175],[-81.575,31.182],[-81.525,31.196],[-81.475,31.211],[-81.425,31.225],[-81.425,31.225],[-81.375,31.24],[-81.325,31.255],[-81.282,31.268]]]}},{"type":"Feature","properties":{"date":"2023-02-25","label":"25 Feb","yday":56,"tier":"day","major":false},"geometry":{"type":"MultiLineString","coordinates":[[[-90.018,30.368],[-89.975,30.37],[-89.925,30.372],[-89.875,30.374],[-89.827,30.375],[-89.825,30.375],[-89.814,30.375],[-89.775,30.375],[-89.725,30.374],[-89.675,30.372],[-89.625,30.37],[-89.575,30.367],[-89.525,30.364],[-89.475,30.36],[-89.425,30.356],[-89.375,30.353],[-89.325,30.348],[-89.275,30.344],[-89.225,30.34],[-89.211,30.339]],[[-88.504,30.354],[-88.475,30.358],[-88.436,30.364]],[[-88.244,30.394],[-88.225,30.397],[-88.175,30.404],[-88.125,30.412]],[[-86.228,30.422],[-86.225,30.422],[-86.221,30.421]],[[-86.088,30.412],[-86.075,30.41],[-86.025,30.406],[-85.975,30.401],[-85.925,30.396],[-85.875,30.391],[-85.825,30.386],[-85.775,30.381],[-85.725,30.376],[-85.711,30.375],[-85.675,30.372],[-85.625,30.368],[-85.575,30.365],[-85.525,30.363],[-85.475,30.361],[-85.425,30.36],[-85.375,30.36],[-85.325,30.36],[-85.275,30.361],[-85.225,30.362],[-85.175,30.364],[-85.125,30.366],[-85.075,30.369],[-85.025,30.372],[-84.975,30.375],[-84.971,30.375],[-84.925,30.378],[-84.875,30.382],[-84.825,30.385],[-84.775,30.389],[-84.725,30.392],[-84.675,30.396],[-84.625,30.399],[-84.575,30.403],[-84.525,30.406],[-84.475,30.409],[-84.425,30.411],[-84.375,30.413],[-84.325,30.414],[-84.275,30.414],[-84.225,30.414],[-84.175,30.414],[-84.125,30.415],[-84.075,30.416],[-84.025,30.418],[-83.975,30.421],[-83.928,30.425],[-83.925,30.425],[-83.875,30.43],[-83.825,30.437],[-83.775,30.445],[-83.725,30.454],[-83.675,30.465],[-83.635,30.475],[-83.625,30.477],[-83.575,30.491],[-83.525,30.507],[-83.475,30.524],[-83.473,30.525],[-83.425,30.543],[-83.375,30.564],[-83.35,30.575],[-83.325,30.586],[-83.275,30.61],[-83.245,30.625],[-83.225,30.635],[-83.175,30.661],[-83.151,30.675],[-83.125,30.689],[-83.075,30.718],[-83.063,30.725],[-83.025,30.747],[-82.979,30.775],[-82.975,30.777],[-82.925,30.808],[-82.897,30.825],[-82.875,30.839],[-82.825,30.869],[-82.816,30.875],[-82.775,30.9],[-82.734,30.925],[-82.725,30.93],[-82.675,30.96],[-82.65,30.975],[-82.625,30.989],[-82.575,31.018],[-82.562,31.025],[-82.525,31.046],[-82.475,31.072],[-82.47,31.075],[-82.425,31.098],[-82.375,31.122],[-82.369,31.125],[-82.325,31.145],[-82.275,31.167],[-82.256,31.175],[-82.225,31.187],[-82.175,31.207],[-82.125,31.225],[-82.124,31.225],[-82.075,31.242],[-82.025,31.258],[-81.975,31.274],[-81.972,31.275],[-81.925,31.289],[-81.875,31.304],[-81.825,31.318],[-81.799,31.325],[-81.775,31.332],[-81.725,31.345],[-81.675,31.359],[-81.625,31.373],[-81.616,31.375],[-81.575,31.386],[-81.525,31.401],[-81.475,31.415],[-81.44,31.425],[-81.425,31.43],[-81.375,31.444],[-81.348,31.452]],[[-87.897,30.447],[-87.875,30.45],[-87.825,30.458],[-87.775,30.467],[-87.729,30.475],[-87.725,30.476],[-87.675,30.484],[-87.625,30.493],[-87.575,30.502],[-87.525,30.51],[-87.475,30.517],[-87.425,30.524],[-87.417,30.525],[-87.375,30.53],[-87.325,30.534],[-87.275,30.536],[-87.225,30.537],[-87.185,30.535]],[[-86.943,30.493],[-86.925,30.489],[-86.875,30.477],[-86.865,30.475],[-86.825,30.466],[-86.775,30.455],[-86.725,30.445],[-86.675,30.438],[-86.625,30.434],[-86.617,30.433]],[[-81.312,31.462],[-81.275,31.473],[-81.268,31.475],[-81.225,31.487],[-81.209,31.491]]]}},{"type":"Feature","properties":{"date":"2023-02-26","label":"26 Feb","yday":57,"tier":"day","major":false},"geometry":{"type":"MultiLineString","coordinates":[[[-94.375,30.157],[-94.325,30.159],[-94.275,30.161],[-94.225,30.162],[-94.175,30.163],[-94.125,30.164],[-94.075,30.164],[-94.025,30.164],[-93.975,30.164],[-93.937,30.163]],[[-91.049,30.549],[-91.025,30.548],[-90.975,30.547],[-90.925,30.546],[-90.875,30.545],[-90.825,30.543],[-90.775,30.542],[-90.725,30.541],[-90.675,30.54],[-90.625,30.54],[-90.575,30.54],[-90.525,30.54],[-90.475,30.541],[-90.425,30.543],[-90.375,30.545],[-90.325,30.549],[-90.275,30.553],[-90.225,30.557],[-90.175,30.561],[-90.125,30.566],[-90.075,30.57],[-90.025,30.574],[-90.012,30.575],[-89.975,30.578],[-89.925,30.581],[-89.875,30.584],[-89.825,30.587],[-89.775,30.589],[-89.725,30.59],[-89.675,30.591],[-89.625,30.592],[-89.575,30.592],[-89.525,30.592],[-89.475,30.592],[-89.425,30.591],[-89.375,30.59],[-89.325,30.589],[-89.275,30.588],[-89.225,30.587],[-89.175,30.586],[-89.125,30.586],[-89.075,30.585],[-89.025,30.586],[-88.975,30.587],[-88.925,30.589],[-88.875,30.592],[-88.825,30.597],[-88.775,30.603],[-88.725,30.61],[-88.675,30.617],[-88.63,30.625],[-88.625,30.626],[-88.575,30.635],[-88.525,30.645],[-88.475,30.656],[-88.425,30.667],[-88.386,30.675],[-88.375,30.677],[-88.325,30.687],[-88.275,30.697],[-88.225,30.704],[-88.175,30.71],[-88.125,30.716],[-88.075,30.721],[-88.041,30.725],[-88.025,30.727],[-87.975,30.733],[-87.925,30.74],[-87.875,30.746],[-87.825,30.753],[-87.775,30.76],[-87.725,30.766],[-87.675,30.772],[-87.652,30.775],[-87.625,30.778],[-87.575,30.783],[-87.525,30.788],[-87.475,30.792],[-87.425,30.796],[-87.375,30.799],[-87.325,30.801],[-87.275,30.802],[-87.225,30.803],[-87.175,30.802],[-87.125,30.801],[-87.075,30.799],[-87.025,30.797],[-86.975,30.795],[-86.925,30.793],[-86.875,30.79],[-86.825,30.788],[-86.775,30.786],[-86.725,30.785],[-86.675,30.784],[-86.625,30.784],[-86.575,30.785],[-86.525,30.788],[-86.475,30.792],[-86.425,30.796],[-86.375,30.801],[-86.325,30.805],[-86.275,30.809],[-86.225,30.812],[-86.175,30.814],[-86.125,30.815],[-86.075,30.815],[-86.025,30.814],[-85.975,30.812],[-85.925,30.811],[-85.875,30.809],[-85.825,30.806],[-85.775,30.804],[-85.725,30.802],[-85.675,30.801],[-85.625,30.799],[-85.575,30.798],[-85.525,30.797],[-85.475,30.797],[-85.425,30.796],[-85.375,30.796],[-85.325,30.796],[-85.275,30.796],[-85.225,30.796],[-85.175,30.796],[-85.125,30.796],[-85.075,30.796],[-85.025,30.796],[-84.975,30.795],[-84.925,30.795],[-84.875,30.794],[-84.825,30.793],[-84.775,30.791],[-84.725,30.789],[-84.675,30.787],[-84.625,30.784],[-84.575,30.781],[-84.525,30.778],[-84.49,30.775],[-84.475,30.774],[-84.425,30.77],[-84.375,30.766],[-84.325,30.762],[-84.275,30.758],[-84.225,30.755],[-84.175,30.752],[-84.125,30.749],[-84.075,30.748],[-84.025,30.747],[-83.975,30.748],[-83.925,30.751],[-83.875,30.756],[-83.825,30.762],[-83.775,30.771],[-83.755,30.775],[-83.725,30.782],[-83.675,30.794],[-83.625,30.809],[-83.575,30.825],[-83.574,30.825],[-83.525,30.842],[-83.475,30.862],[-83.442,30.875],[-83.425,30.882],[-83.375,30.903],[-83.326,30.925],[-83.325,30.926],[-83.275,30.949],[-83.225,30.973],[-83.22,30.975],[-83.175,30.997],[-83.125,31.022],[-83.12,31.025],[-83.075,31.048],[-83.025,31.073],[-83.022,31.075],[-82.975,31.099],[-82.925,31.124],[-82.924,31.125],[-82.875,31.15],[-82.825,31.175],[-82.825,31.175],[-82.775,31.2],[-82.725,31.225],[-82.725,31.225],[-82.675,31.249],[-82.625,31.274],[-82.622,31.275],[-82.575,31.297],[-82.525,31.319],[-82.512,31.325],[-82.475,31.341],[-82.425,31.362],[-82.39,31.375],[-82.375,31.381],[-82.325,31.399],[-82.275,31.416],[-82.248,31.425],[-82.225,31.432],[-82.175,31.448],[-82.125,31.462],[-82.078,31.475],[-82.075,31.476],[-82.025,31.489],[-81.975,31.502],[-81.925,31.514],[-81.881,31.525],[-81.875,31.527],[-81.825,31.539],[-81.775,31.553],[-81.725,31.566],[-81.69,31.575],[-81.675,31.579],[-81.625,31.592],[-81.575,31.606],[-81.525,31.619],[-81.503,31.625],[-81.475,31.632],[-81.425,31.646],[-81.375,31.659],[-81.325,31.672],[-81.314,31.675],[-81.275,31.685],[-81.225,31.697]]]}},{"type":"Feature","properties":{"date":"2023-02-27","label":"27 Feb","yday":58,"tier":"day","major":false},"geometry":{"type":"MultiLineString","coordinates":[[[-94.825,30.348],[-94.775,30.353],[-94.725,30.358],[-94.675,30.362]],[[-94.475,30.377],[-94.425,30.38],[-94.375,30.383],[-94.325,30.386],[-94.275,30.388],[-94.225,30.39],[-94.175,30.391],[-94.125,30.393],[-94.075,30.394],[-94.025,30.394],[-93.975,30.395],[-93.925,30.394],[-93.875,30.394],[-93.825,30.393],[-93.775,30.391],[-93.725,30.39],[-93.675,30.387],[-93.625,30.385],[-93.575,30.382],[-93.525,30.38],[-93.475,30.378],[-93.425,30.376],[-93.387,30.375],[-93.375,30.375],[-93.325,30.375],[-93.318,30.375],[-93.275,30.376],[-93.225,30.379],[-93.175,30.385],[-93.125,30.392],[-93.075,30.401],[-93.025,30.411],[-92.975,30.424],[-92.97,30.425],[-92.925,30.437],[-92.875,30.452],[-92.825,30.468],[-92.803,30.475],[-92.775,30.484],[-92.725,30.501],[-92.675,30.519],[-92.657,30.525],[-92.625,30.537],[-92.575,30.555],[-92.525,30.572],[-92.518,30.575],[-92.475,30.59],[-92.425,30.608]],[[-92.219,30.675],[-92.175,30.688],[-92.157,30.693]],[[-91.259,30.809],[-91.225,30.808],[-91.175,30.806],[-91.125,30.804],[-91.075,30.801],[-91.025,30.797],[-90.975,30.794],[-90.925,30.789],[-90.875,30.785],[-90.825,30.781],[-90.775,30.777],[-90.754,30.775],[-90.725,30.773],[-90.675,30.77],[-90.625,30.767],[-90.575,30.765],[-90.525,30.764],[-90.475,30.763],[-90.425,30.764],[-90.375,30.765],[-90.325,30.768],[-90.275,30.771],[-90.225,30.774],[-90.215,30.775],[-90.175,30.778],[-90.125,30.783],[-90.075,30.787],[-90.025,30.792],[-89.975,30.797],[-89.925,30.802],[-89.875,30.807],[-89.825,30.811],[-89.775,30.815],[-89.725,30.819],[-89.675,30.823],[-89.653,30.825],[-89.625,30.827],[-89.575,30.831],[-89.525,30.834],[-89.475,30.838],[-89.425,30.841],[-89.375,30.844],[-89.325,30.847],[-89.275,30.851],[-89.225,30.854],[-89.175,30.858],[-89.125,30.862],[-89.075,30.867],[-89.025,30.872],[-88.996,30.875],[-88.975,30.877],[-88.925,30.883],[-88.875,30.89],[-88.825,30.897],[-88.775,30.905],[-88.725,30.913],[-88.675,30.922],[-88.658,30.925],[-88.625,30.931],[-88.575,30.94],[-88.525,30.949],[-88.475,30.957],[-88.425,30.966],[-88.375,30.974],[-88.368,30.975],[-88.325,30.981],[-88.275,30.988],[-88.225,30.995],[-88.175,31.001],[-88.125,31.006],[-88.075,31.012],[-88.025,31.016],[-87.975,31.021],[-87.926,31.025],[-87.925,31.025],[-87.875,31.029],[-87.825,31.033],[-87.775,31.036],[-87.725,31.04],[-87.675,31.043],[-87.625,31.046],[-87.575,31.048],[-87.525,31.051],[-87.475,31.053],[-87.425,31.055],[-87.375,31.057],[-87.325,31.059],[-87.275,31.061],[-87.225,31.062],[-87.175,31.065],[-87.125,31.067],[-87.075,31.07],[-87.025,31.073],[-87.001,31.075],[-86.975,31.077],[-86.925,31.082],[-86.875,31.087],[-86.825,31.094],[-86.775,31.101],[-86.725,31.11],[-86.675,31.12],[-86.651,31.125],[-86.625,31.13],[-86.575,31.141],[-86.525,31.152],[-86.475,31.163],[-86.425,31.173],[-86.412,31.175],[-86.375,31.181],[-86.325,31.186],[-86.275,31.189],[-86.225,31.19],[-86.175,31.189],[-86.125,31.188],[-86.075,31.185],[-86.025,31.182],[-85.975,31.178],[-85.935,31.175],[-85.925,31.174],[-85.875,31.17],[-85.825,31.166],[-85.775,31.163],[-85.725,31.16],[-85.675,31.159],[-85.625,31.158],[-85.575,31.158],[-85.525,31.159],[-85.475,31.159],[-85.425,31.16],[-85.375,31.16],[-85.325,31.16],[-85.275,31.159],[-85.225,31.158],[-85.175,31.157],[-85.125,31.156],[-85.075,31.154],[-85.025,31.152],[-84.975,31.149],[-84.925,31.147],[-84.875,31.144],[-84.825,31.141],[-84.775,31.137],[-84.725,31.134],[-84.675,31.13],[-84.625,31.125],[-84.623,31.125],[-84.575,31.12],[-84.525,31.115],[-84.475,31.11],[-84.425,31.105],[-84.375,31.1],[-84.325,31.096],[-84.275,31.091],[-84.225,31.088],[-84.175,31.085],[-84.125,31.083],[-84.075,31.082],[-84.025,31.082],[-83.975,31.084],[-83.925,31.088],[-83.875,31.094],[-83.825,31.102],[-83.775,31.112],[-83.725,31.124],[-83.722,31.125],[-83.675,31.138],[-83.625,31.152],[-83.575,31.168],[-83.556,31.175],[-83.525,31.185],[-83.475,31.203],[-83.425,31.222],[-83.417,31.225],[-83.375,31.241],[-83.325,31.26],[-83.289,31.275],[-83.275,31.28],[-83.225,31.301],[-83.175,31.321],[-83.165,31.325],[-83.125,31.341],[-83.075,31.362],[-83.043,31.375],[-83.025,31.382],[-82.975,31.403],[-82.925,31.423],[-82.921,31.425],[-82.875,31.444],[-82.825,31.465],[-82.802,31.475],[-82.775,31.487],[-82.725,31.508],[-82.685,31.525],[-82.675,31.529],[-82.625,31.55],[-82.575,31.569],[-82.56,31.575],[-82.525,31.588],[-82.475,31.606],[-82.425,31.623],[-82.42,31.625],[-82.375,31.64],[-82.325,31.655],[-82.275,31.669],[-82.254,31.675],[-82.225,31.683],[-82.175,31.696],[-82.125,31.708],[-82.075,31.719],[-82.05,31.725],[-82.025,31.73],[-81.975,31.741],[-81.925,31.752],[-81.875,31.763],[-81.825,31.774],[-81.82,31.775],[-81.775,31.785],[-81.725,31.795],[-81.675,31.806],[-81.625,31.818],[-81.592,31.825],[-81.575,31.829],[-81.525,31.84],[-81.475,31.852],[-81.425,31.864],[-81.379,31.875],[-81.375,31.876],[-81.325,31.887],[-81.275,31.898],[-81.225,31.909],[-81.175,31.919],[-81.141,31.925],[-81.125,31.928],[-81.075,31.937],[-81.025,31.945],[-80.975,31.953],[-80.942,31.958]]]}},{"type":"Feature","properties":{"date":"2023-02-28","label":"28 Feb","yday":59,"tier":"day","major":false},"geometry":{"type":"MultiLineString","coordinates":[[[-94.595,30.595],[-94.575,30.597],[-94.525,30.601],[-94.475,30.605],[-94.425,30.608],[-94.375,30.612],[-94.325,30.615],[-94.275,30.617],[-94.225,30.62],[-94.175,30.622],[-94.125,30.624],[-94.113,30.625],[-94.075,30.627],[-94.025,30.629],[-93.975,30.632],[-93.925,30.634],[-93.875,30.637],[-93.825,30.639],[-93.775,30.642],[-93.725,30.645],[-93.675,30.648],[-93.625,30.652],[-93.575,30.656],[-93.525,30.66],[-93.475,30.665],[-93.425,30.671],[-93.392,30.675],[-93.375,30.677],[-93.325,30.685],[-93.275,30.695],[-93.225,30.705],[-93.175,30.717],[-93.145,30.725],[-93.125,30.73],[-93.075,30.745],[-93.025,30.76],[-92.977,30.775],[-92.975,30.776],[-92.925,30.792],[-92.875,30.808],[-92.825,30.825],[-92.824,30.825],[-92.775,30.841],[-92.725,30.858],[-92.675,30.874],[-92.672,30.875],[-92.625,30.89],[-92.575,30.906],[-92.525,30.921],[-92.513,30.925],[-92.475,30.936],[-92.425,30.95],[-92.375,30.964],[-92.334,30.975],[-92.325,30.977],[-92.275,30.99],[-92.246,30.996]],[[-91.375,31.092],[-91.325,31.09],[-91.275,31.087],[-91.225,31.083],[-91.175,31.079],[-91.137,31.075],[-91.125,31.074],[-91.075,31.068],[-91.025,31.062],[-90.975,31.055],[-90.925,31.048],[-90.875,31.041],[-90.825,31.034],[-90.775,31.026],[-90.764,31.025],[-90.725,31.02],[-90.675,31.014],[-90.625,31.009],[-90.575,31.004],[-90.525,31.001],[-90.475,31.0],[-90.425,31.0],[-90.375,31.001],[-90.325,31.003],[-90.275,31.007],[-90.225,31.011],[-90.175,31.016],[-90.125,31.022],[-90.099,31.025],[-90.075,31.028],[-90.025,31.034],[-89.975,31.041],[-89.925,31.048],[-89.875,31.054],[-89.825,31.061],[-89.775,31.067],[-89.725,31.074],[-89.713,31.075],[-89.675,31.08],[-89.625,31.086],[-89.575,31.093],[-89.525,31.099],[-89.475,31.105],[-89.425,31.112],[-89.375,31.118],[-89.325,31.125],[-89.323,31.125],[-89.275,31.131],[-89.225,31.138],[-89.175,31.145],[-89.125,31.152],[-89.075,31.159],[-89.025,31.166],[-88.975,31.174],[-88.965,31.175],[-88.925,31.181],[-88.875,31.189],[-88.825,31.196],[-88.775,31.204],[-88.725,31.212],[-88.675,31.22],[-88.64,31.225],[-88.625,31.227],[-88.575,31.235],[-88.525,31.242],[-88.475,31.249],[-88.425,31.255],[-88.375,31.261],[-88.325,31.267],[-88.275,31.272],[-88.241,31.275],[-88.225,31.276],[-88.175,31.281],[-88.125,31.284],[-88.075,31.288],[-88.025,31.291],[-87.975,31.293],[-87.925,31.295],[-87.875,31.297],[-87.825,31.298],[-87.775,31.3],[-87.725,31.3],[-87.675,31.301],[-87.625,31.301],[-87.575,31.302],[-87.525,31.302],[-87.475,31.302],[-87.425,31.302],[-87.375,31.302],[-87.325,31.303],[-87.275,31.303],[-87.225,31.304],[-87.175,31.306],[-87.125,31.308],[-87.075,31.311],[-87.025,31.314],[-86.975,31.319],[-86.925,31.325],[-86.922,31.325],[-86.875,31.331],[-86.825,31.338],[-86.775,31.347],[-86.725,31.356],[-86.675,31.366],[-86.632,31.375],[-86.625,31.376],[-86.575,31.387],[-86.525,31.398],[-86.475,31.408],[-86.425,31.417],[-86.379,31.425],[-86.375,31.426],[-86.325,31.432],[-86.275,31.438],[-86.225,31.443],[-86.175,31.447],[-86.125,31.45],[-86.075,31.452],[-86.025,31.453],[-85.975,31.454],[-85.925,31.454],[-85.875,31.454],[-85.825,31.453],[-85.775,31.452],[-85.725,31.452],[-85.675,31.451],[-85.625,31.451],[-85.575,31.451],[-85.525,31.452],[-85.475,31.452],[-85.425,31.452],[-85.375,31.451],[-85.325,31.45],[-85.275,31.449],[-85.225,31.447],[-85.175,31.446],[-85.125,31.444],[-85.075,31.441],[-85.025,31.439],[-84.975,31.436],[-84.925,31.433],[-84.875,31.429],[-84.825,31.426],[-84.811,31.425],[-84.775,31.422],[-84.725,31.419],[-84.675,31.415],[-84.625,31.412],[-84.575,31.408],[-84.525,31.405],[-84.475,31.402],[-84.425,31.399],[-84.375,31.396],[-84.325,31.395],[-84.275,31.394],[-84.225,31.393],[-84.175,31.394],[-84.125,31.396],[-84.075,31.399],[-84.025,31.403],[-83.975,31.409],[-83.925,31.416],[-83.875,31.424],[-83.869,31.425],[-83.825,31.433],[-83.775,31.443],[-83.725,31.455],[-83.675,31.467],[-83.647,31.475],[-83.625,31.481],[-83.575,31.495],[-83.525,31.51],[-83.476,31.525],[-83.475,31.525],[-83.425,31.541],[-83.375,31.557],[-83.325,31.574],[-83.323,31.575],[-83.275,31.591],[-83.225,31.608],[-83.177,31.625],[-83.175,31.626],[-83.125,31.643],[-83.075,31.661],[-83.036,31.675],[-83.025,31.679],[-82.975,31.697],[-82.925,31.715],[-82.897,31.725],[-82.875,31.733],[-82.825,31.751],[-82.775,31.768],[-82.757,31.775],[-82.725,31.786],[-82.675,31.803],[-82.625,31.819],[-82.606,31.825],[-82.575,31.835],[-82.525,31.85],[-82.475,31.864],[-82.436,31.875],[-82.425,31.878],[-82.375,31.89],[-82.325,31.903],[-82.275,31.914],[-82.225,31.925],[-82.223,31.925],[-82.175,31.935],[-82.125,31.944],[-82.075,31.953],[-82.025,31.962],[-81.975,31.971],[-81.953,31.975],[-81.925,31.98],[-81.875,31.989],[-81.825,31.997],[-81.775,32.007],[-81.725,32.016],[-81.677,32.025],[-81.675,32.025],[-81.625,32.035],[-81.575,32.045],[-81.525,32.055],[-81.475,32.066],[-81.43,32.075],[-81.425,32.076],[-81.375,32.086],[-81.325,32.096],[-81.275,32.105],[-81.225,32.114],[-81.175,32.122],[-81.155,32.125],[-81.125,32.129],[-81.075,32.136],[-81.025,32.142],[-80.975,32.147],[-80.925,32.152],[-80.875,32.157],[-80.84,32.16]]]}},{"type":"Feature","properties":{"date":"2023-03-01","label":"1 Mar","yday":60,"tier":"index","major":true},"geometry":{"type":"MultiLineString","coordinates":[[[-94.803,30.803],[-94.775,30.807],[-94.725,30.813],[-94.675,30.818],[-94.625,30.824],[-94.615,30.825],[-94.575,30.829],[-94.525,30.834],[-94.475,30.839],[-94.425,30.843],[-94.375,30.847],[-94.325,30.851],[-94.275,30.855],[-94.225,30.859],[-94.175,30.863],[-94.125,30.867],[-94.075,30.871],[-94.034,30.875],[-94.025,30.876],[-93.975,30.882],[-93.925,30.889],[-93.875,30.896],[-93.825,30.904],[-93.775,30.912],[-93.725,30.92],[-93.699,30.925],[-93.675,30.929],[-93.625,30.939],[-93.575,30.949],[-93.525,30.96],[-93.475,30.971],[-93.459,30.975],[-93.425,30.984],[-93.375,30.997],[-93.325,31.011],[-93.279,31.025],[-93.275,31.026],[-93.225,31.042],[-93.175,31.058],[-93.125,31.075],[-93.124,31.075],[-93.075,31.091],[-93.025,31.107],[-92.975,31.123],[-92.968,31.125],[-92.925,31.137],[-92.875,31.151],[-92.825,31.164],[-92.786,31.175],[-92.775,31.178],[-92.725,31.191]],[[-91.325,31.391],[-91.275,31.389],[-91.225,31.386],[-91.175,31.383],[-91.125,31.378],[-91.096,31.375],[-91.075,31.373],[-91.025,31.367],[-90.975,31.36],[-90.925,31.352],[-90.875,31.344],[-90.825,31.336],[-90.775,31.327],[-90.765,31.325],[-90.725,31.318],[-90.675,31.31],[-90.625,31.302],[-90.575,31.295],[-90.525,31.29],[-90.475,31.287],[-90.425,31.286],[-90.375,31.287],[-90.325,31.29],[-90.275,31.295],[-90.225,31.3],[-90.175,31.306],[-90.125,31.312],[-90.075,31.319],[-90.027,31.325],[-90.025,31.325],[-89.975,31.332],[-89.925,31.339],[-89.875,31.346],[-89.825,31.353],[-89.775,31.359],[-89.725,31.366],[-89.675,31.372],[-89.65,31.375],[-89.625,31.378],[-89.575,31.384],[-89.525,31.391],[-89.475,31.397],[-89.425,31.403],[-89.375,31.409],[-89.325,31.416],[-89.275,31.423],[-89.264,31.425],[-89.225,31.431],[-89.175,31.439],[-89.125,31.447],[-89.075,31.454],[-89.025,31.462],[-88.975,31.47],[-88.94,31.475],[-88.925,31.477],[-88.875,31.484],[-88.825,31.492],[-88.775,31.498],[-88.725,31.505],[-88.675,31.512],[-88.625,31.518],[-88.575,31.523],[-88.559,31.525],[-88.525,31.529],[-88.475,31.534],[-88.425,31.538],[-88.375,31.542],[-88.325,31.546],[-88.275,31.549],[-88.225,31.552],[-88.175,31.554],[-88.125,31.555],[-88.075,31.557],[-88.025,31.557],[-87.975,31.557],[-87.925,31.557],[-87.875,31.557],[-87.825,31.556],[-87.775,31.555],[-87.725,31.553],[-87.675,31.551],[-87.625,31.549],[-87.575,31.547],[-87.525,31.545],[-87.475,31.542],[-87.425,31.54],[-87.375,31.538],[-87.325,31.535],[-87.275,31.534],[-87.225,31.532],[-87.175,31.531],[-87.125,31.53],[-87.075,31.53],[-87.025,31.531],[-86.975,31.533],[-86.925,31.536],[-86.875,31.539],[-86.825,31.544],[-86.775,31.549],[-86.725,31.555],[-86.675,31.562],[-86.625,31.569],[-86.593,31.575],[-86.575,31.578],[-86.525,31.587],[-86.475,31.597],[-86.425,31.607],[-86.375,31.617],[-86.337,31.625],[-86.325,31.628],[-86.275,31.637],[-86.225,31.647],[-86.175,31.656],[-86.125,31.663],[-86.075,31.67],[-86.033,31.675],[-86.025,31.676],[-85.975,31.68],[-85.925,31.683],[-85.875,31.685],[-85.825,31.686],[-85.775,31.687],[-85.725,31.687],[-85.675,31.686],[-85.625,31.686],[-85.575,31.685],[-85.525,31.684],[-85.475,31.684],[-85.425,31.683],[-85.375,31.682],[-85.325,31.681],[-85.275,31.68],[-85.225,31.678],[-85.175,31.677],[-85.127,31.675],[-85.125,31.675],[-85.075,31.673],[-85.025,31.67],[-84.975,31.668],[-84.925,31.665],[-84.875,31.662],[-84.825,31.66],[-84.775,31.657],[-84.725,31.655],[-84.675,31.652],[-84.625,31.65],[-84.575,31.649],[-84.525,31.648],[-84.475,31.647],[-84.425,31.646],[-84.375,31.647],[-84.325,31.648],[-84.275,31.649],[-84.225,31.652],[-84.175,31.656],[-84.125,31.661],[-84.075,31.666],[-84.025,31.673],[-84.013,31.675],[-83.975,31.681],[-83.925,31.689],[-83.875,31.699],[-83.825,31.709],[-83.775,31.72],[-83.755,31.725],[-83.725,31.732],[-83.675,31.744],[-83.625,31.757],[-83.575,31.771],[-83.56,31.775],[-83.525,31.785],[-83.475,31.799],[-83.425,31.814],[-83.388,31.825],[-83.375,31.829],[-83.325,31.844],[-83.275,31.859],[-83.225,31.875],[-83.223,31.875],[-83.175,31.89],[-83.125,31.905],[-83.075,31.92],[-83.06,31.925],[-83.025,31.935],[-82.975,31.95],[-82.925,31.965],[-82.892,31.975],[-82.875,31.98],[-82.825,31.994],[-82.775,32.008],[-82.725,32.022],[-82.713,32.025],[-82.675,32.035],[-82.625,32.048],[-82.575,32.06],[-82.525,32.072],[-82.514,32.075],[-82.475,32.084],[-82.425,32.095],[-82.375,32.105],[-82.325,32.114],[-82.275,32.123],[-82.261,32.125],[-82.225,32.131],[-82.175,32.138],[-82.125,32.145],[-82.075,32.153],[-82.025,32.16],[-81.975,32.168],[-81.932,32.175],[-81.925,32.176],[-81.875,32.184],[-81.825,32.192],[-81.775,32.201],[-81.725,32.209],[-81.675,32.219],[-81.641,32.225],[-81.625,32.228],[-81.575,32.237],[-81.525,32.246],[-81.475,32.255],[-81.425,32.265],[-81.375,32.274],[-81.367,32.275],[-81.325,32.282],[-81.275,32.29],[-81.225,32.298],[-81.175,32.305],[-81.125,32.311],[-81.075,32.317],[-81.025,32.323],[-81.005,32.325],[-80.975,32.328],[-80.925,32.333],[-80.875,32.337],[-80.825,32.342]],[[-80.644,32.356],[-80.625,32.358],[-80.575,32.361],[-80.525,32.364],[-80.515,32.365]]]}},{"type":"Feature","properties":{"date":"2023-03-02","label":"2 Mar","yday":61,"tier":"day","major":false},"geometry":{"type":"MultiLineString","coordinates":[[[-95.175,30.97],[-95.138,30.975],[-95.125,30.977],[-95.075,30.984],[-95.025,30.991],[-94.975,30.999],[-94.925,31.007],[-94.875,31.015],[-94.825,31.023],[-94.813,31.025],[-94.775,31.031],[-94.725,31.039],[-94.675,31.047],[-94.625,31.054],[-94.575,31.061],[-94.525,31.068],[-94.477,31.075],[-94.475,31.075],[-94.425,31.082],[-94.375,31.089],[-94.325,31.096],[-94.275,31.103],[-94.225,31.11],[-94.175,31.118],[-94.13,31.125],[-94.125,31.126],[-94.075,31.134],[-94.025,31.143],[-93.975,31.153],[-93.925,31.162],[-93.875,31.173],[-93.865,31.175],[-93.825,31.184],[-93.775,31.195],[-93.725,31.206],[-93.675,31.218],[-93.647,31.225],[-93.625,31.23],[-93.575,31.243],[-93.525,31.255],[-93.475,31.268],[-93.45,31.275],[-93.425,31.282],[-93.375,31.295],[-93.325,31.308],[-93.275,31.321],[-93.262,31.325],[-93.225,31.335],[-93.175,31.347],[-93.125,31.36],[-93.075,31.373],[-93.068,31.375],[-93.025,31.385],[-92.975,31.397],[-92.925,31.409],[-92.875,31.421],[-92.858,31.425]],[[-92.544,31.494],[-92.525,31.498],[-92.475,31.508],[-92.425,31.518],[-92.393,31.525],[-92.375,31.529],[-92.325,31.539],[-92.275,31.549],[-92.225,31.559],[-92.183,31.567]],[[-91.143,31.707],[-91.125,31.707],[-91.075,31.707],[-91.025,31.707],[-90.975,31.706],[-90.925,31.704],[-90.875,31.701],[-90.825,31.698],[-90.775,31.695],[-90.725,31.692],[-90.675,31.688],[-90.625,31.685],[-90.575,31.682],[-90.525,31.679],[-90.475,31.677],[-90.428,31.675],[-90.425,31.675],[-90.375,31.674],[-90.325,31.674],[-90.275,31.674],[-90.225,31.675],[-90.215,31.675],[-90.175,31.676],[-90.125,31.678],[-90.075,31.68],[-90.025,31.683],[-89.975,31.686],[-89.925,31.688],[-89.875,31.691],[-89.825,31.695],[-89.775,31.698],[-89.725,31.701],[-89.675,31.704],[-89.625,31.707],[-89.575,31.711],[-89.525,31.714],[-89.475,31.718],[-89.425,31.722],[-89.384,31.725],[-89.375,31.726],[-89.325,31.73],[-89.275,31.735],[-89.225,31.739],[-89.175,31.744],[-89.125,31.749],[-89.075,31.754],[-89.025,31.76],[-88.975,31.765],[-88.925,31.77],[-88.875,31.775],[-88.872,31.775],[-88.825,31.78],[-88.775,31.784],[-88.725,31.789],[-88.675,31.793],[-88.625,31.797],[-88.575,31.801],[-88.525,31.805],[-88.475,31.808],[-88.425,31.81],[-88.375,31.812],[-88.325,31.814],[-88.275,31.815],[-88.225,31.816],[-88.175,31.816],[-88.125,31.816],[-88.075,31.815],[-88.025,31.814],[-87.975,31.812],[-87.925,31.81],[-87.875,31.808],[-87.825,31.805],[-87.775,31.801],[-87.725,31.798],[-87.675,31.794],[-87.625,31.79],[-87.575,31.786],[-87.525,31.782],[-87.475,31.777],[-87.451,31.775],[-87.425,31.773],[-87.375,31.768],[-87.325,31.764],[-87.275,31.759],[-87.225,31.755],[-87.175,31.751],[-87.125,31.748],[-87.075,31.744],[-87.025,31.742],[-86.975,31.739],[-86.925,31.738],[-86.875,31.737],[-86.825,31.737],[-86.775,31.738],[-86.725,31.74],[-86.675,31.744],[-86.625,31.749],[-86.575,31.757],[-86.525,31.767],[-86.488,31.775],[-86.475,31.778],[-86.425,31.791],[-86.375,31.804],[-86.325,31.817],[-86.29,31.825],[-86.275,31.829],[-86.225,31.84],[-86.175,31.85],[-86.125,31.859],[-86.075,31.866],[-86.025,31.872],[-85.976,31.875],[-85.975,31.875],[-85.925,31.877],[-85.875,31.877],[-85.825,31.877],[-85.775,31.877],[-85.725,31.876],[-85.696,31.875],[-85.675,31.874],[-85.625,31.873],[-85.575,31.872],[-85.525,31.871],[-85.475,31.87],[-85.425,31.869],[-85.375,31.868],[-85.325,31.867],[-85.275,31.866],[-85.225,31.865],[-85.175,31.864],[-85.125,31.863],[-85.075,31.861],[-85.025,31.859],[-84.975,31.857],[-84.925,31.855],[-84.875,31.853],[-84.825,31.851],[-84.775,31.85],[-84.725,31.849],[-84.675,31.848],[-84.625,31.848],[-84.575,31.848],[-84.525,31.849],[-84.475,31.85],[-84.425,31.852],[-84.375,31.855],[-84.325,31.858],[-84.275,31.862],[-84.225,31.867],[-84.175,31.873],[-84.158,31.875],[-84.125,31.879],[-84.075,31.886],[-84.025,31.894],[-83.975,31.903],[-83.925,31.913],[-83.875,31.923],[-83.866,31.925],[-83.825,31.934],[-83.775,31.945],[-83.725,31.957],[-83.675,31.97],[-83.654,31.975],[-83.625,31.982],[-83.575,31.995],[-83.525,32.009],[-83.475,32.022],[-83.465,32.025],[-83.425,32.036],[-83.375,32.049],[-83.325,32.063],[-83.282,32.075],[-83.275,32.077],[-83.225,32.09],[-83.175,32.103],[-83.125,32.116],[-83.092,32.125],[-83.075,32.129],[-83.025,32.141],[-82.975,32.154],[-82.925,32.166],[-82.885,32.175],[-82.875,32.177],[-82.825,32.188],[-82.775,32.199],[-82.725,32.21],[-82.675,32.22],[-82.652,32.225],[-82.625,32.23],[-82.575,32.24],[-82.525,32.249],[-82.475,32.258],[-82.425,32.267],[-82.375,32.275],[-82.375,32.275],[-82.325,32.282],[-82.275,32.289],[-82.225,32.296],[-82.175,32.303],[-82.125,32.31],[-82.075,32.317],[-82.025,32.325],[-82.023,32.325],[-81.975,32.332],[-81.925,32.34],[-81.875,32.348],[-81.825,32.357],[-81.775,32.365],[-81.725,32.375],[-81.723,32.375],[-81.675,32.383],[-81.625,32.393],[-81.575,32.402],[-81.525,32.411],[-81.475,32.42],[-81.447,32.425],[-81.425,32.429],[-81.375,32.437],[-81.325,32.445],[-81.275,32.453],[-81.225,32.46],[-81.175,32.467],[-81.125,32.474],[-81.119,32.475],[-81.075,32.48],[-81.025,32.486],[-80.975,32.492],[-80.925,32.497],[-80.875,32.502],[-80.825,32.506],[-80.775,32.511],[-80.725,32.515],[-80.675,32.518],[-80.625,32.521],[-80.575,32.524],[-80.574,32.524]],[[-80.478,32.528],[-80.475,32.528],[-80.425,32.529],[-80.375,32.53],[-80.325,32.53],[-80.275,32.529],[-80.272,32.528]]]}},{"type":"Feature","properties":{"date":"2023-03-03","label":"3 Mar","yday":62,"tier":"day","major":false},"geometry":{"type":"MultiLineString","coordinates":[[[-94.503,31.297],[-94.475,31.303],[-94.425,31.313],[-94.375,31.323],[-94.368,31.325],[-94.325,31.334],[-94.275,31.345],[-94.225,31.356],[-94.175,31.367],[-94.139,31.375],[-94.125,31.378],[-94.075,31.39],[-94.025,31.401],[-93.975,31.413],[-93.925,31.425],[-93.923,31.425],[-93.875,31.436],[-93.825,31.448],[-93.775,31.459],[-93.725,31.471],[-93.707,31.475],[-93.675,31.482],[-93.625,31.493],[-93.575,31.504],[-93.525,31.515],[-93.479,31.525]],[[-92.724,31.674],[-92.717,31.675],[-92.675,31.683],[-92.625,31.693],[-92.575,31.703],[-92.525,31.714],[-92.475,31.725],[-92.473,31.725],[-92.425,31.735],[-92.375,31.746],[-92.325,31.757],[-92.275,31.768],[-92.247,31.775],[-92.225,31.78],[-92.175,31.791],[-92.125,31.803],[-92.075,31.815],[-92.032,31.825],[-92.025,31.827],[-91.975,31.838],[-91.925,31.85],[-91.875,31.862]],[[-90.763,32.037],[-90.725,32.037],[-90.675,32.038],[-90.625,32.038],[-90.575,32.038],[-90.525,32.038],[-90.475,32.038],[-90.425,32.037],[-90.375,32.037],[-90.325,32.037],[-90.275,32.036],[-90.225,32.036],[-90.175,32.036],[-90.125,32.036],[-90.075,32.036],[-90.025,32.035],[-89.975,32.035],[-89.925,32.035],[-89.875,32.034],[-89.825,32.033],[-89.775,32.033],[-89.725,32.032],[-89.675,32.031],[-89.625,32.031],[-89.575,32.03],[-89.525,32.03],[-89.475,32.029],[-89.425,32.029],[-89.375,32.03],[-89.325,32.03],[-89.275,32.03],[-89.225,32.031],[-89.175,32.032],[-89.125,32.033],[-89.075,32.035],[-89.025,32.036],[-88.975,32.038],[-88.925,32.04],[-88.875,32.042],[-88.825,32.045],[-88.775,32.047],[-88.725,32.05],[-88.675,32.052],[-88.625,32.055],[-88.575,32.057],[-88.525,32.059],[-88.475,32.061],[-88.425,32.062],[-88.375,32.063],[-88.325,32.063],[-88.275,32.063],[-88.225,32.062],[-88.175,32.06],[-88.125,32.058],[-88.075,32.056],[-88.025,32.053],[-87.975,32.05],[-87.948,32.048]],[[-86.062,32.038],[-86.025,32.04],[-85.975,32.04],[-85.925,32.04],[-85.875,32.039],[-85.825,32.038],[-85.775,32.036],[-85.725,32.034],[-85.675,32.032],[-85.625,32.03],[-85.575,32.028],[-85.525,32.026],[-85.493,32.025],[-85.475,32.024],[-85.425,32.023],[-85.375,32.022],[-85.325,32.021],[-85.275,32.02],[-85.225,32.019],[-85.175,32.019],[-85.125,32.018],[-85.075,32.017],[-85.025,32.015],[-84.975,32.014],[-84.925,32.013],[-84.875,32.012],[-84.825,32.012],[-84.775,32.012],[-84.725,32.012],[-84.675,32.013],[-84.625,32.014],[-84.575,32.016],[-84.525,32.018],[-84.475,32.021],[-84.425,32.025],[-84.421,32.025],[-84.375,32.029],[-84.325,32.034],[-84.275,32.039],[-84.225,32.045],[-84.175,32.052],[-84.125,32.06],[-84.075,32.068],[-84.038,32.075],[-84.025,32.077],[-83.975,32.087],[-83.925,32.097],[-83.875,32.108],[-83.825,32.119],[-83.8,32.125],[-83.775,32.131],[-83.725,32.143],[-83.675,32.155],[-83.625,32.168],[-83.596,32.175],[-83.575,32.18],[-83.525,32.193],[-83.475,32.205],[-83.425,32.218],[-83.398,32.225],[-83.375,32.231],[-83.325,32.243],[-83.275,32.255],[-83.225,32.266],[-83.188,32.275],[-83.175,32.278],[-83.125,32.289],[-83.075,32.299],[-83.025,32.31],[-82.975,32.32],[-82.949,32.325],[-82.925,32.329],[-82.875,32.338],[-82.825,32.347],[-82.775,32.355],[-82.725,32.364],[-82.675,32.372],[-82.654,32.375],[-82.625,32.379],[-82.575,32.387],[-82.525,32.394],[-82.475,32.401],[-82.425,32.408],[-82.375,32.415],[-82.325,32.422],[-82.302,32.425],[-82.275,32.428],[-82.225,32.435],[-82.175,32.442],[-82.125,32.449],[-82.075,32.456],[-82.025,32.464],[-81.975,32.472],[-81.959,32.475],[-81.925,32.481],[-81.875,32.489],[-81.825,32.498],[-81.775,32.507],[-81.725,32.517],[-81.684,32.525],[-81.675,32.527],[-81.625,32.536],[-81.575,32.546],[-81.525,32.555],[-81.475,32.564],[-81.425,32.573],[-81.415,32.575],[-81.375,32.582],[-81.325,32.59],[-81.275,32.598],[-81.225,32.606],[-81.175,32.613],[-81.125,32.62],[-81.087,32.625],[-81.075,32.626],[-81.025,32.632],[-80.975,32.638],[-80.925,32.643],[-80.875,32.647],[-80.825,32.651],[-80.775,32.655],[-80.725,32.659],[-80.675,32.662],[-80.625,32.664],[-80.575,32.667],[-80.525,32.669],[-80.475,32.671],[-80.425,32.672],[-80.375,32.672],[-80.325,32.672],[-80.275,32.671],[-80.225,32.669],[-80.175,32.666],[-80.125,32.661],[-80.075,32.655],[-80.025,32.647],[-80.007,32.643]]]}},{"type":"Feature","properties":{"date":"2023-03-04","label":"4 Mar","yday":63,"tier":"day","major":false},"geometry":{"type":"MultiLineString","coordinates":[[[-94.28,31.57],[-94.275,31.571],[-94.262,31.575]],[[-94.211,31.589],[-94.175,31.599],[-94.125,31.612],[-94.075,31.625],[-94.075,31.625]],[[-92.84,31.84],[-92.825,31.843],[-92.775,31.852],[-92.725,31.861],[-92.675,31.87],[-92.651,31.875],[-92.625,31.88],[-92.575,31.89],[-92.525,31.901],[-92.475,31.912],[-92.425,31.923],[-92.418,31.925],[-92.375,31.935],[-92.325,31.947],[-92.275,31.96],[-92.225,31.972],[-92.216,31.975],[-92.175,31.986],[-92.125,31.999],[-92.075,32.012],[-92.029,32.025],[-92.025,32.026]],[[-85.585,32.165],[-85.575,32.164],[-85.525,32.162],[-85.475,32.159],[-85.425,32.157],[-85.375,32.155],[-85.325,32.154],[-85.275,32.153],[-85.225,32.152],[-85.175,32.151],[-85.125,32.15],[-85.075,32.15],[-85.025,32.149],[-84.975,32.149],[-84.925,32.149],[-84.875,32.15],[-84.825,32.151],[-84.775,32.152],[-84.725,32.154],[-84.675,32.156],[-84.625,32.158],[-84.575,32.161],[-84.525,32.164],[-84.475,32.169],[-84.425,32.173],[-84.408,32.175],[-84.375,32.178],[-84.325,32.184],[-84.275,32.191],[-84.225,32.198],[-84.175,32.205],[-84.125,32.214],[-84.075,32.223],[-84.065,32.225],[-84.025,32.233],[-83.975,32.243],[-83.925,32.253],[-83.875,32.265],[-83.83,32.275],[-83.825,32.276],[-83.775,32.288],[-83.725,32.3],[-83.675,32.312],[-83.625,32.324],[-83.623,32.325],[-83.575,32.336],[-83.525,32.348],[-83.475,32.36],[-83.425,32.372],[-83.412,32.375],[-83.375,32.383],[-83.325,32.394],[-83.275,32.405],[-83.225,32.415],[-83.175,32.425],[-83.175,32.425],[-83.125,32.434],[-83.075,32.443],[-83.025,32.452],[-82.975,32.46],[-82.925,32.468],[-82.877,32.475],[-82.875,32.475],[-82.825,32.482],[-82.775,32.488],[-82.725,32.495],[-82.675,32.501],[-82.625,32.507],[-82.575,32.513],[-82.525,32.519],[-82.479,32.525],[-82.475,32.525],[-82.425,32.531],[-82.375,32.538],[-82.325,32.544],[-82.275,32.55],[-82.225,32.557],[-82.175,32.564],[-82.125,32.571],[-82.102,32.575],[-82.075,32.579],[-82.025,32.587],[-81.975,32.595],[-81.925,32.604],[-81.875,32.613],[-81.825,32.623],[-81.814,32.625],[-81.775,32.633],[-81.725,32.643],[-81.675,32.653],[-81.625,32.663],[-81.575,32.673],[-81.567,32.675],[-81.525,32.683],[-81.475,32.693],[-81.425,32.702],[-81.375,32.712],[-81.325,32.721],[-81.3,32.725],[-81.275,32.729],[-81.225,32.737],[-81.175,32.745],[-81.125,32.752],[-81.075,32.759],[-81.025,32.765],[-80.975,32.77],[-80.925,32.775],[-80.925,32.775],[-80.875,32.779],[-80.825,32.783],[-80.775,32.786],[-80.725,32.788],[-80.675,32.791],[-80.625,32.793],[-80.575,32.795],[-80.525,32.797],[-80.475,32.798],[-80.425,32.799],[-80.375,32.799],[-80.325,32.799],[-80.275,32.798],[-80.225,32.796],[-80.175,32.793],[-80.125,32.788],[-80.075,32.782],[-80.028,32.775],[-80.025,32.774],[-79.975,32.764],[-79.962,32.762]],[[-87.175,32.187],[-87.125,32.183],[-87.075,32.179],[-87.025,32.176],[-87.007,32.175],[-86.977,32.173]],[[-89.93,32.32],[-89.925,32.32],[-89.875,32.317],[-89.825,32.315],[-89.775,32.312],[-89.725,32.309],[-89.675,32.306],[-89.625,32.302],[-89.575,32.299]],[[-89.315,32.285],[-89.275,32.284],[-89.225,32.282],[-89.175,32.28],[-89.125,32.279],[-89.075,32.278],[-89.025,32.277],[-88.975,32.277],[-88.925,32.276],[-88.875,32.277],[-88.825,32.277],[-88.775,32.278],[-88.725,32.28],[-88.675,32.282],[-88.625,32.284],[-88.575,32.286],[-88.525,32.288],[-88.475,32.288],[-88.425,32.288],[-88.375,32.287],[-88.325,32.285],[-88.275,32.283],[-88.225,32.28],[-88.175,32.277]]]}},{"type":"Feature","properties":{"date":"2023-03-05","label":"5 Mar","yday":64,"tier":"day","major":false},"geometry":{"type":"MultiLineString","coordinates":[[[-92.986,31.986],[-92.975,31.988],[-92.925,31.994],[-92.875,32.001],[-92.825,32.009],[-92.775,32.017],[-92.727,32.025],[-92.725,32.025],[-92.675,32.034],[-92.625,32.044],[-92.575,32.054],[-92.525,32.065],[-92.483,32.075],[-92.475,32.077],[-92.425,32.089],[-92.375,32.101],[-92.325,32.115],[-92.288,32.125],[-92.275,32.128],[-92.225,32.142],[-92.175,32.157],[-92.125,32.172],[-92.115,32.175],[-92.084,32.184]],[[-85.589,32.289],[-85.575,32.288],[-85.525,32.285],[-85.475,32.282],[-85.425,32.279],[-85.375,32.277],[-85.325,32.275],[-85.309,32.275],[-85.275,32.274],[-85.225,32.273],[-85.175,32.272],[-85.125,32.272],[-85.075,32.272],[-85.025,32.272],[-84.975,32.272],[-84.925,32.274],[-84.878,32.275],[-84.875,32.275],[-84.825,32.277],[-84.775,32.279],[-84.725,32.281],[-84.675,32.284],[-84.625,32.287],[-84.575,32.291],[-84.525,32.295],[-84.475,32.299],[-84.425,32.305],[-84.375,32.31],[-84.325,32.317],[-84.275,32.324],[-84.269,32.325],[-84.225,32.332],[-84.175,32.34],[-84.125,32.349],[-84.075,32.358],[-84.025,32.368],[-83.993,32.375],[-83.975,32.379],[-83.925,32.39],[-83.875,32.401],[-83.825,32.413],[-83.775,32.425],[-83.774,32.425],[-83.725,32.436],[-83.675,32.448],[-83.625,32.46],[-83.575,32.472],[-83.562,32.475],[-83.525,32.483],[-83.475,32.494],[-83.425,32.505],[-83.375,32.515],[-83.325,32.525],[-83.324,32.525],[-83.275,32.534],[-83.225,32.543],[-83.175,32.552],[-83.125,32.56],[-83.075,32.568],[-83.029,32.575],[-83.025,32.576],[-82.975,32.582],[-82.925,32.588],[-82.875,32.594],[-82.825,32.6],[-82.775,32.605],[-82.725,32.61],[-82.675,32.615],[-82.625,32.621],[-82.584,32.625],[-82.575,32.626],[-82.525,32.631],[-82.475,32.636],[-82.425,32.642],[-82.375,32.648],[-82.325,32.654],[-82.275,32.66],[-82.225,32.667],[-82.175,32.674],[-82.169,32.675],[-82.125,32.681],[-82.075,32.689],[-82.025,32.697],[-81.975,32.706],[-81.925,32.715],[-81.875,32.725],[-81.875,32.725],[-81.825,32.735],[-81.775,32.745],[-81.725,32.756],[-81.675,32.766],[-81.636,32.775],[-81.625,32.777],[-81.575,32.788],[-81.525,32.799],[-81.475,32.809],[-81.425,32.82],[-81.401,32.825],[-81.375,32.83],[-81.325,32.84],[-81.275,32.849],[-81.225,32.858],[-81.175,32.867],[-81.125,32.874],[-81.121,32.875],[-81.075,32.881],[-81.025,32.887],[-80.975,32.893],[-80.925,32.897],[-80.875,32.901],[-80.825,32.904],[-80.775,32.907],[-80.725,32.908],[-80.675,32.91],[-80.625,32.911],[-80.575,32.913],[-80.525,32.914],[-80.475,32.915],[-80.425,32.915],[-80.375,32.914],[-80.325,32.913],[-80.275,32.912],[-80.225,32.909],[-80.175,32.906],[-80.125,32.901],[-80.075,32.895],[-80.025,32.887],[-79.975,32.877],[-79.965,32.875],[-79.933,32.867]],[[-87.263,32.387],[-87.225,32.384],[-87.175,32.38],[-87.125,32.377],[-87.098,32.375],[-87.075,32.374],[-87.025,32.371],[-86.975,32.368],[-86.925,32.366],[-86.875,32.364],[-86.837,32.363]],[[-89.066,32.484],[-89.025,32.483],[-88.975,32.482],[-88.925,32.481],[-88.875,32.481],[-88.825,32.481],[-88.775,32.482],[-88.725,32.483],[-88.675,32.485],[-88.625,32.486],[-88.575,32.487],[-88.525,32.486],[-88.475,32.484],[-88.425,32.481],[-88.375,32.478],[-88.332,32.475],[-88.325,32.474],[-88.275,32.47],[-88.225,32.466],[-88.175,32.462]],[[-79.912,32.862],[-79.875,32.853],[-79.825,32.84],[-79.775,32.826],[-79.771,32.825]]]}},{"type":"Feature","properties":{"date":"2023-03-06","label":"6 Mar","yday":65,"tier":"five","major":false},"geometry":{"type":"MultiLineString","coordinates":[[[-93.025,32.132],[-92.975,32.137],[-92.925,32.143],[-92.875,32.149],[-92.825,32.156],[-92.775,32.163],[-92.725,32.172],[-92.707,32.175],[-92.675,32.181],[-92.625,32.19],[-92.575,32.201],[-92.525,32.212],[-92.475,32.224],[-92.471,32.225],[-92.425,32.237],[-92.375,32.25],[-92.325,32.264],[-92.29,32.275]],[[-86.004,32.454],[-85.975,32.45],[-85.925,32.444],[-85.875,32.437],[-85.825,32.431],[-85.778,32.425],[-85.775,32.425],[-85.725,32.419],[-85.675,32.413],[-85.625,32.408],[-85.575,32.403],[-85.525,32.399],[-85.475,32.395],[-85.425,32.392],[-85.375,32.39],[-85.325,32.388],[-85.275,32.387],[-85.225,32.386],[-85.175,32.386],[-85.125,32.386],[-85.075,32.386],[-85.025,32.387],[-84.975,32.388],[-84.925,32.39],[-84.875,32.392],[-84.825,32.394],[-84.775,32.396],[-84.725,32.399],[-84.675,32.401],[-84.625,32.405],[-84.575,32.409],[-84.525,32.413],[-84.475,32.418],[-84.425,32.424],[-84.414,32.425],[-84.375,32.43],[-84.325,32.436],[-84.275,32.444],[-84.225,32.451],[-84.175,32.46],[-84.125,32.469],[-84.095,32.475],[-84.075,32.479],[-84.025,32.489],[-83.975,32.499],[-83.925,32.511],[-83.875,32.522],[-83.863,32.525],[-83.825,32.534],[-83.775,32.545],[-83.725,32.557],[-83.675,32.569],[-83.65,32.575],[-83.625,32.581],[-83.575,32.592],[-83.525,32.602],[-83.475,32.612],[-83.425,32.622],[-83.409,32.625],[-83.375,32.631],[-83.325,32.64],[-83.275,32.648],[-83.225,32.657],[-83.175,32.664],[-83.125,32.672],[-83.101,32.675],[-83.075,32.678],[-83.025,32.685],[-82.975,32.69],[-82.925,32.696],[-82.875,32.701],[-82.825,32.705],[-82.775,32.71],[-82.725,32.715],[-82.675,32.719],[-82.625,32.724],[-82.612,32.725],[-82.575,32.728],[-82.525,32.733],[-82.475,32.738],[-82.425,32.743],[-82.375,32.749],[-82.325,32.755],[-82.275,32.761],[-82.225,32.768],[-82.175,32.775],[-82.173,32.775],[-82.125,32.782],[-82.075,32.79],[-82.025,32.799],[-81.975,32.808],[-81.925,32.817],[-81.886,32.825],[-81.875,32.827],[-81.825,32.837],[-81.775,32.848],[-81.725,32.859],[-81.675,32.871],[-81.658,32.875],[-81.625,32.883],[-81.575,32.894],[-81.525,32.906],[-81.475,32.918],[-81.444,32.925],[-81.425,32.929],[-81.375,32.94],[-81.325,32.951],[-81.275,32.962],[-81.225,32.971],[-81.205,32.975],[-81.175,32.98],[-81.125,32.988],[-81.075,32.996],[-81.025,33.002],[-80.975,33.008],[-80.925,33.013],[-80.875,33.016],[-80.825,33.019],[-80.775,33.021],[-80.725,33.023],[-80.675,33.024],[-80.625,33.024],[-80.575,33.024],[-80.525,33.024],[-80.475,33.023],[-80.425,33.022],[-80.375,33.02],[-80.325,33.017],[-80.275,33.014],[-80.225,33.011],[-80.175,33.006],[-80.125,33.0],[-80.075,32.994],[-80.025,32.986],[-79.975,32.976],[-79.97,32.975],[-79.925,32.965],[-79.875,32.953],[-79.825,32.94],[-79.775,32.927],[-79.767,32.925],[-79.725,32.914],[-79.675,32.9],[-79.656,32.894]],[[-88.803,32.647],[-88.775,32.647],[-88.725,32.647],[-88.675,32.646],[-88.625,32.646],[-88.575,32.645],[-88.525,32.643],[-88.475,32.64],[-88.425,32.637],[-88.375,32.633],[-88.325,32.63],[-88.276,32.626]]]}},{"type":"Feature","properties":{"date":"2023-03-07","label":"7 Mar","yday":66,"tier":"day","major":false},"geometry":{"type":"MultiLineString","coordinates":[[[-93.065,32.265],[-93.025,32.268],[-92.975,32.272],[-92.946,32.275],[-92.925,32.277],[-92.875,32.282],[-92.837,32.287]],[[-87.52,32.72],[-87.475,32.717],[-87.425,32.714],[-87.375,32.711],[-87.325,32.708],[-87.275,32.705],[-87.225,32.701],[-87.175,32.698],[-87.125,32.694],[-87.075,32.691],[-87.025,32.687],[-86.975,32.683],[-86.925,32.679],[-86.875,32.675],[-86.869,32.675],[-86.825,32.671],[-86.775,32.667],[-86.725,32.663],[-86.675,32.658],[-86.625,32.653],[-86.575,32.648],[-86.525,32.643],[-86.475,32.638],[-86.425,32.632],[-86.375,32.626],[-86.367,32.625],[-86.325,32.62],[-86.275,32.613],[-86.225,32.606],[-86.175,32.598],[-86.125,32.591],[-86.075,32.583],[-86.025,32.575],[-86.022,32.575],[-85.975,32.568],[-85.925,32.56],[-85.875,32.552],[-85.825,32.545],[-85.775,32.538],[-85.725,32.531],[-85.681,32.525],[-85.675,32.524],[-85.625,32.518],[-85.575,32.512],[-85.525,32.507],[-85.475,32.503],[-85.425,32.5],[-85.375,32.497],[-85.325,32.495],[-85.275,32.494],[-85.225,32.494],[-85.175,32.494],[-85.125,32.494],[-85.075,32.495],[-85.025,32.496],[-84.975,32.498],[-84.925,32.5],[-84.875,32.501],[-84.825,32.503],[-84.775,32.505],[-84.725,32.507],[-84.675,32.51],[-84.625,32.513],[-84.575,32.517],[-84.525,32.522],[-84.493,32.525],[-84.475,32.527],[-84.425,32.532],[-84.375,32.538],[-84.325,32.545],[-84.275,32.553],[-84.225,32.561],[-84.175,32.569],[-84.144,32.575],[-84.125,32.579],[-84.075,32.588],[-84.025,32.598],[-83.975,32.609],[-83.925,32.62],[-83.903,32.625],[-83.875,32.631],[-83.825,32.642],[-83.775,32.654],[-83.725,32.666],[-83.685,32.675],[-83.675,32.677],[-83.625,32.688],[-83.575,32.698],[-83.525,32.708],[-83.475,32.718],[-83.436,32.725],[-83.425,32.727],[-83.375,32.736],[-83.325,32.744],[-83.275,32.752],[-83.225,32.759],[-83.175,32.766],[-83.125,32.773],[-83.108,32.775],[-83.075,32.779],[-83.025,32.784],[-82.975,32.789],[-82.925,32.794],[-82.875,32.798],[-82.825,32.802],[-82.775,32.807],[-82.725,32.811],[-82.675,32.815],[-82.625,32.819],[-82.575,32.823],[-82.555,32.825],[-82.525,32.828],[-82.475,32.832],[-82.425,32.837],[-82.375,32.843],[-82.325,32.848],[-82.275,32.855],[-82.225,32.861],[-82.175,32.868],[-82.132,32.875],[-82.125,32.876],[-82.075,32.884],[-82.025,32.893],[-81.975,32.902],[-81.925,32.912],[-81.875,32.922],[-81.863,32.925],[-81.825,32.933],[-81.775,32.945],[-81.725,32.956],[-81.675,32.969],[-81.65,32.975],[-81.625,32.981],[-81.575,32.994],[-81.525,33.007],[-81.475,33.02],[-81.453,33.025],[-81.425,33.032],[-81.375,33.044],[-81.325,33.056],[-81.275,33.067],[-81.238,33.075],[-81.225,33.078],[-81.175,33.087],[-81.125,33.096],[-81.075,33.104],[-81.025,33.111],[-80.975,33.117],[-80.925,33.122],[-80.883,33.125],[-80.875,33.126],[-80.825,33.128],[-80.775,33.13],[-80.725,33.131],[-80.675,33.131],[-80.625,33.13],[-80.575,33.129],[-80.525,33.127],[-80.484,33.125],[-80.475,33.125],[-80.425,33.122],[-80.375,33.118],[-80.325,33.114],[-80.275,33.109],[-80.225,33.104],[-80.175,33.098],[-80.125,33.092],[-80.075,33.084],[-80.025,33.076],[-80.02,33.075],[-79.975,33.066],[-79.925,33.056],[-79.875,33.044],[-79.825,33.032],[-79.794,33.025],[-79.775,33.02],[-79.725,33.007],[-79.675,32.994],[-79.625,32.981],[-79.62,32.98]],[[-89.675,32.89],[-89.625,32.882],[-89.575,32.875],[-89.574,32.875],[-89.525,32.868]]]}},{"type":"Feature","properties":{"date":"2023-03-08","label":"8 Mar","yday":67,"tier":"day","major":false},"geometry":{"type":"MultiLineString","coordinates":[[[-87.575,32.854],[-87.525,32.852],[-87.475,32.85],[-87.425,32.847],[-87.375,32.845],[-87.325,32.842],[-87.275,32.839],[-87.225,32.835],[-87.175,32.832],[-87.125,32.829],[-87.076,32.825],[-87.075,32.825],[-87.025,32.821],[-86.975,32.817],[-86.925,32.812],[-86.875,32.808],[-86.825,32.803],[-86.775,32.797],[-86.725,32.792],[-86.675,32.786],[-86.625,32.78],[-86.585,32.775],[-86.575,32.774],[-86.525,32.767],[-86.475,32.76],[-86.425,32.753],[-86.375,32.745],[-86.325,32.738],[-86.275,32.73],[-86.245,32.725],[-86.225,32.722],[-86.175,32.713],[-86.125,32.705],[-86.075,32.696],[-86.025,32.688],[-85.975,32.679],[-85.949,32.675],[-85.925,32.671],[-85.875,32.662],[-85.825,32.654],[-85.775,32.646],[-85.725,32.639],[-85.675,32.631],[-85.629,32.625],[-85.625,32.624],[-85.575,32.618],[-85.525,32.612],[-85.475,32.607],[-85.425,32.603],[-85.375,32.6],[-85.325,32.598],[-85.275,32.597],[-85.225,32.596],[-85.175,32.596],[-85.125,32.596],[-85.075,32.597],[-85.025,32.598],[-84.975,32.599],[-84.925,32.601],[-84.875,32.602],[-84.825,32.604],[-84.775,32.606],[-84.725,32.608],[-84.675,32.611],[-84.625,32.614],[-84.575,32.618],[-84.525,32.623],[-84.501,32.625],[-84.475,32.628],[-84.425,32.633],[-84.375,32.639],[-84.325,32.646],[-84.275,32.653],[-84.225,32.661],[-84.175,32.67],[-84.148,32.675],[-84.125,32.679],[-84.075,32.689],[-84.025,32.698],[-83.975,32.709],[-83.925,32.72],[-83.901,32.725],[-83.875,32.731],[-83.825,32.741],[-83.775,32.753],[-83.725,32.764],[-83.675,32.775],[-83.673,32.775],[-83.625,32.785],[-83.575,32.795],[-83.525,32.805],[-83.475,32.814],[-83.425,32.823],[-83.414,32.825],[-83.375,32.832],[-83.325,32.84],[-83.275,32.847],[-83.225,32.854],[-83.175,32.861],[-83.125,32.867],[-83.075,32.872],[-83.046,32.875],[-83.025,32.877],[-82.975,32.881],[-82.925,32.885],[-82.875,32.889],[-82.825,32.893],[-82.775,32.897],[-82.725,32.9],[-82.675,32.904],[-82.625,32.908],[-82.575,32.912],[-82.525,32.916],[-82.475,32.921],[-82.433,32.925],[-82.425,32.926],[-82.375,32.931],[-82.325,32.937],[-82.275,32.943],[-82.225,32.949],[-82.175,32.957],[-82.125,32.964],[-82.075,32.973],[-82.062,32.975],[-82.025,32.982],[-81.975,32.991],[-81.925,33.001],[-81.875,33.012],[-81.825,33.024],[-81.819,33.025],[-81.775,33.035],[-81.725,33.048],[-81.675,33.061],[-81.625,33.075],[-81.623,33.075],[-81.575,33.088],[-81.525,33.102],[-81.475,33.116],[-81.442,33.125],[-81.425,33.13],[-81.375,33.143],[-81.325,33.155],[-81.275,33.167],[-81.238,33.175],[-81.225,33.178],[-81.175,33.188],[-81.125,33.197],[-81.075,33.206],[-81.025,33.213],[-80.975,33.22],[-80.925,33.225],[-80.924,33.225],[-80.875,33.229],[-80.825,33.231],[-80.775,33.233],[-80.725,33.233],[-80.675,33.232],[-80.625,33.23],[-80.575,33.227],[-80.537,33.225],[-80.525,33.224],[-80.475,33.22],[-80.425,33.216],[-80.375,33.211],[-80.325,33.205],[-80.275,33.199],[-80.225,33.193],[-80.175,33.186],[-80.125,33.179],[-80.103,33.175],[-80.075,33.17],[-80.025,33.161],[-79.975,33.152],[-79.925,33.141],[-79.875,33.13],[-79.852,33.125],[-79.825,33.119],[-79.775,33.107],[-79.725,33.095],[-79.675,33.083],[-79.642,33.075],[-79.625,33.071],[-79.575,33.059],[-79.548,33.052]],[[-89.625,33.033],[-89.579,33.025],[-89.575,33.024],[-89.525,33.015]],[[-79.488,33.038],[-79.475,33.035],[-79.433,33.025]]]}},{"type":"Feature","properties":{"date":"2023-03-09","label":"9 Mar","yday":68,"tier":"day","major":false},"geometry":{"type":"MultiLineString","coordinates":[[[-87.575,32.975],[-87.525,32.973],[-87.475,32.971],[-87.425,32.969],[-87.375,32.967],[-87.325,32.964],[-87.275,32.961],[-87.225,32.958],[-87.175,32.955],[-87.125,32.951],[-87.075,32.947],[-87.025,32.944],[-86.975,32.939],[-86.925,32.935],[-86.875,32.93],[-86.83,32.925],[-86.825,32.924],[-86.775,32.919],[-86.725,32.912],[-86.675,32.906],[-86.625,32.899],[-86.575,32.891],[-86.525,32.884],[-86.475,32.876],[-86.47,32.875],[-86.425,32.868],[-86.375,32.859],[-86.325,32.85],[-86.275,32.842],[-86.225,32.833],[-86.182,32.825],[-86.175,32.824],[-86.125,32.815],[-86.075,32.805],[-86.025,32.796],[-85.975,32.787],[-85.925,32.778],[-85.908,32.775],[-85.875,32.769],[-85.825,32.76],[-85.775,32.752],[-85.725,32.743],[-85.675,32.736],[-85.625,32.728],[-85.601,32.725],[-85.575,32.721],[-85.525,32.715],[-85.475,32.709],[-85.425,32.705],[-85.375,32.701],[-85.325,32.698],[-85.275,32.696],[-85.225,32.695],[-85.175,32.694],[-85.125,32.694],[-85.075,32.694],[-85.025,32.694],[-84.975,32.695],[-84.925,32.696],[-84.875,32.697],[-84.825,32.699],[-84.775,32.701],[-84.725,32.703],[-84.675,32.706],[-84.625,32.709],[-84.575,32.713],[-84.525,32.717],[-84.475,32.722],[-84.449,32.725],[-84.425,32.728],[-84.375,32.734],[-84.325,32.74],[-84.275,32.748],[-84.225,32.756],[-84.175,32.764],[-84.125,32.773],[-84.114,32.775],[-84.075,32.782],[-84.025,32.792],[-83.975,32.802],[-83.925,32.812],[-83.875,32.823],[-83.864,32.825],[-83.825,32.833],[-83.775,32.844],[-83.725,32.854],[-83.675,32.865],[-83.625,32.875],[-83.624,32.875],[-83.575,32.885],[-83.525,32.894],[-83.475,32.903],[-83.425,32.912],[-83.375,32.921],[-83.351,32.925],[-83.325,32.929],[-83.275,32.937],[-83.225,32.943],[-83.175,32.949],[-83.125,32.955],[-83.075,32.96],[-83.025,32.964],[-82.975,32.968],[-82.925,32.972],[-82.879,32.975],[-82.875,32.975],[-82.825,32.979],[-82.775,32.982],[-82.725,32.985],[-82.675,32.989],[-82.625,32.992],[-82.575,32.996],[-82.525,33.0],[-82.475,33.005],[-82.425,33.01],[-82.375,33.015],[-82.325,33.021],[-82.29,33.025],[-82.275,33.027],[-82.225,33.033],[-82.175,33.041],[-82.125,33.048],[-82.075,33.057],[-82.025,33.066],[-81.98,33.075],[-81.975,33.076],[-81.925,33.086],[-81.875,33.097],[-81.825,33.109],[-81.775,33.122],[-81.764,33.125],[-81.725,33.135],[-81.675,33.149],[-81.625,33.163],[-81.585,33.175],[-81.575,33.178],[-81.525,33.193],[-81.475,33.207],[-81.425,33.222],[-81.414,33.225],[-81.375,33.236],[-81.325,33.248],[-81.275,33.261],[-81.225,33.272],[-81.212,33.275],[-81.175,33.283],[-81.125,33.293],[-81.075,33.302],[-81.025,33.31],[-80.975,33.317],[-80.925,33.322],[-80.894,33.325],[-80.875,33.327],[-80.825,33.329],[-80.775,33.33],[-80.725,33.329],[-80.675,33.328],[-80.63,33.325],[-80.625,33.325],[-80.575,33.321],[-80.525,33.316],[-80.475,33.311],[-80.425,33.305],[-80.375,33.299],[-80.325,33.292],[-80.275,33.285],[-80.225,33.278],[-80.208,33.275],[-80.175,33.27],[-80.125,33.261],[-80.075,33.252],[-80.025,33.243],[-79.975,33.233],[-79.935,33.225],[-79.925,33.223],[-79.875,33.212],[-79.825,33.201],[-79.775,33.19],[-79.725,33.179],[-79.709,33.175],[-79.675,33.167],[-79.625,33.156],[-79.575,33.145],[-79.525,33.134],[-79.485,33.125],[-79.475,33.123],[-79.425,33.112],[-79.375,33.101],[-79.353,33.097]]]}},{"type":"Feature","properties":{"date":"2023-03-10","label":"10 Mar","yday":69,"tier":"day","major":false},"geometry":{"type":"MultiLineString","coordinates":[[[-83.459,32.991],[-83.425,32.997],[-83.375,33.005],[-83.325,33.013],[-83.275,33.021],[-83.245,33.025],[-83.225,33.028],[-83.175,33.033],[-83.125,33.038],[-83.075,33.043],[-83.025,33.046],[-82.975,33.05],[-82.925,33.053],[-82.875,33.057],[-82.825,33.06],[-82.775,33.063],[-82.725,33.066],[-82.675,33.07],[-82.625,33.073],[-82.602,33.075],[-82.575,33.077],[-82.525,33.081],[-82.475,33.085],[-82.425,33.09],[-82.375,33.095],[-82.325,33.101],[-82.275,33.107],[-82.225,33.114],[-82.175,33.121],[-82.153,33.125],[-82.125,33.129],[-82.075,33.138],[-82.025,33.147],[-81.975,33.157],[-81.925,33.168],[-81.895,33.175],[-81.875,33.18],[-81.825,33.192],[-81.775,33.205],[-81.725,33.219],[-81.705,33.225],[-81.675,33.233],[-81.625,33.248],[-81.575,33.263],[-81.537,33.275],[-81.525,33.279],[-81.475,33.294],[-81.425,33.309],[-81.375,33.323],[-81.367,33.325],[-81.325,33.336],[-81.275,33.349],[-81.225,33.361],[-81.175,33.372],[-81.162,33.375],[-81.125,33.383],[-81.075,33.392],[-81.025,33.401],[-80.975,33.408],[-80.925,33.414],[-80.875,33.419],[-80.825,33.421],[-80.775,33.422],[-80.725,33.421],[-80.675,33.418],[-80.625,33.415],[-80.575,33.41],[-80.525,33.405],[-80.475,33.399],[-80.425,33.392],[-80.375,33.384],[-80.325,33.377],[-80.315,33.375],[-80.275,33.368],[-80.225,33.36],[-80.175,33.351],[-80.125,33.342],[-80.075,33.332],[-80.039,33.325],[-80.025,33.322],[-79.975,33.312],[-79.925,33.302],[-79.875,33.291],[-79.825,33.281],[-79.798,33.275],[-79.775,33.27],[-79.725,33.259],[-79.675,33.249],[-79.625,33.238],[-79.575,33.228],[-79.561,33.225],[-79.525,33.218],[-79.475,33.208],[-79.425,33.198],[-79.375,33.188],[-79.325,33.179],[-79.301,33.175],[-79.279,33.171]],[[-87.825,33.086],[-87.775,33.087],[-87.725,33.087],[-87.713,33.087]],[[-87.525,33.085],[-87.475,33.084],[-87.425,33.082],[-87.375,33.079],[-87.325,33.077],[-87.292,33.075],[-87.275,33.074],[-87.225,33.071],[-87.175,33.068],[-87.125,33.065],[-87.075,33.061],[-87.025,33.057],[-86.975,33.053],[-86.925,33.049],[-86.875,33.044],[-86.825,33.038],[-86.775,33.032],[-86.725,33.026],[-86.719,33.025],[-86.675,33.019],[-86.625,33.011],[-86.575,33.003],[-86.525,32.995],[-86.475,32.986],[-86.425,32.977],[-86.413,32.975],[-86.375,32.968],[-86.325,32.959],[-86.275,32.949],[-86.225,32.94],[-86.175,32.93],[-86.149,32.925],[-86.125,32.92],[-86.075,32.911],[-86.025,32.901],[-85.975,32.891],[-85.925,32.882],[-85.889,32.875],[-85.875,32.872],[-85.825,32.863],[-85.775,32.854],[-85.725,32.846],[-85.675,32.837],[-85.625,32.83],[-85.592,32.825],[-85.575,32.822],[-85.525,32.816],[-85.475,32.81],[-85.425,32.805],[-85.375,32.8],[-85.325,32.796],[-85.275,32.793],[-85.225,32.791],[-85.175,32.79],[-85.125,32.788],[-85.075,32.788],[-85.025,32.787],[-84.975,32.787],[-84.925,32.788],[-84.875,32.789],[-84.825,32.79],[-84.775,32.791],[-84.725,32.793],[-84.675,32.796],[-84.625,32.799],[-84.575,32.803],[-84.525,32.807],[-84.475,32.812],[-84.425,32.817],[-84.375,32.823],[-84.363,32.825],[-84.325,32.83],[-84.275,32.837],[-84.225,32.845],[-84.175,32.853],[-84.125,32.861],[-84.075,32.87],[-84.051,32.875],[-84.025,32.88],[-83.975,32.889],[-83.925,32.899],[-83.875,32.909],[-83.825,32.919],[-83.798,32.925],[-83.779,32.929]]]}},{"type":"Feature","properties":{"date":"2023-03-11","label":"11 Mar","yday":70,"tier":"five","major":false},"geometry":{"type":"MultiLineString","coordinates":[[[-84.1,32.95],[-84.075,32.955],[-84.025,32.964],[-83.975,32.973],[-83.963,32.975],[-83.925,32.982],[-83.875,32.992],[-83.847,32.997]],[[-83.425,33.077],[-83.375,33.085],[-83.325,33.093],[-83.275,33.101],[-83.225,33.107],[-83.175,33.113],[-83.125,33.117],[-83.075,33.121],[-83.025,33.125],[-83.025,33.125],[-82.975,33.128],[-82.925,33.131],[-82.875,33.135],[-82.825,33.138],[-82.775,33.141],[-82.725,33.144],[-82.675,33.147],[-82.625,33.151],[-82.575,33.155],[-82.525,33.159],[-82.475,33.163],[-82.425,33.168],[-82.375,33.174],[-82.364,33.175],[-82.325,33.179],[-82.275,33.186],[-82.225,33.192],[-82.175,33.2],[-82.125,33.208],[-82.075,33.216],[-82.03,33.225],[-82.025,33.226],[-81.975,33.236],[-81.925,33.247],[-81.875,33.259],[-81.825,33.272],[-81.815,33.275],[-81.775,33.286],[-81.725,33.3],[-81.675,33.315],[-81.642,33.325],[-81.625,33.33],[-81.575,33.346],[-81.525,33.361],[-81.48,33.375],[-81.475,33.377],[-81.425,33.391],[-81.375,33.406],[-81.325,33.42],[-81.306,33.425],[-81.275,33.433],[-81.225,33.446],[-81.175,33.457],[-81.125,33.468],[-81.092,33.475],[-81.075,33.478],[-81.025,33.487],[-80.975,33.495],[-80.925,33.501],[-80.875,33.505],[-80.825,33.507],[-80.775,33.508],[-80.725,33.507],[-80.675,33.504],[-80.625,33.5],[-80.575,33.496],[-80.525,33.49],[-80.475,33.483],[-80.425,33.476],[-80.419,33.475],[-80.375,33.468],[-80.325,33.459],[-80.275,33.45],[-80.225,33.441],[-80.175,33.431],[-80.146,33.425],[-80.125,33.421],[-80.075,33.41],[-80.025,33.4],[-79.975,33.39],[-79.925,33.379],[-79.905,33.375],[-79.875,33.369],[-79.825,33.358],[-79.775,33.348],[-79.725,33.338],[-79.675,33.328],[-79.659,33.325],[-79.625,33.318],[-79.575,33.309],[-79.525,33.299],[-79.475,33.29],[-79.425,33.282],[-79.386,33.275],[-79.375,33.273],[-79.325,33.265],[-79.313,33.263]],[[-87.761,33.189],[-87.725,33.189],[-87.675,33.19],[-87.625,33.191],[-87.575,33.19],[-87.525,33.189],[-87.475,33.188],[-87.425,33.186],[-87.375,33.184],[-87.325,33.181],[-87.275,33.179],[-87.225,33.176],[-87.2,33.175],[-87.175,33.174],[-87.125,33.171],[-87.075,33.167],[-87.025,33.164],[-86.975,33.16],[-86.925,33.156],[-86.875,33.151],[-86.825,33.146],[-86.775,33.14],[-86.725,33.133],[-86.675,33.126],[-86.67,33.125],[-86.625,33.118],[-86.575,33.109],[-86.525,33.101],[-86.475,33.092],[-86.425,33.082],[-86.386,33.075],[-86.375,33.073],[-86.325,33.063],[-86.275,33.053],[-86.225,33.043],[-86.175,33.033],[-86.135,33.025],[-86.125,33.023],[-86.075,33.013],[-86.025,33.003],[-85.975,32.993],[-85.925,32.983],[-85.884,32.975],[-85.875,32.973],[-85.825,32.964],[-85.775,32.954],[-85.725,32.945],[-85.675,32.937],[-85.625,32.929],[-85.6,32.925],[-85.575,32.921],[-85.525,32.914],[-85.475,32.908],[-85.425,32.902],[-85.375,32.897],[-85.325,32.892],[-85.275,32.888],[-85.225,32.885],[-85.175,32.882],[-85.125,32.88],[-85.075,32.879],[-85.025,32.878],[-84.975,32.877],[-84.925,32.877],[-84.875,32.877],[-84.825,32.878],[-84.775,32.879],[-84.725,32.881],[-84.675,32.883],[-84.625,32.886],[-84.575,32.889],[-84.525,32.893],[-84.475,32.898],[-84.425,32.903],[-84.375,32.909],[-84.325,32.915],[-84.275,32.922],[-84.258,32.925],[-84.225,32.93],[-84.186,32.936]]]}},{"type":"Feature","properties":{"date":"2023-03-12","label":"12 Mar","yday":71,"tier":"day","major":false},"geometry":{"type":"MultiLineString","coordinates":[[[-83.425,33.153],[-83.375,33.161],[-83.325,33.169],[-83.285,33.175],[-83.275,33.176],[-83.225,33.183],[-83.175,33.188],[-83.125,33.192],[-83.075,33.196],[-83.025,33.2],[-82.975,33.203],[-82.925,33.206],[-82.875,33.21],[-82.825,33.213],[-82.775,33.216],[-82.725,33.219],[-82.675,33.223],[-82.648,33.225],[-82.625,33.227],[-82.575,33.231],[-82.525,33.235],[-82.475,33.239],[-82.425,33.244],[-82.375,33.25],[-82.325,33.256],[-82.275,33.262],[-82.225,33.269],[-82.186,33.275],[-82.175,33.277],[-82.125,33.285],[-82.075,33.293],[-82.025,33.303],[-81.975,33.313],[-81.925,33.325],[-81.924,33.325],[-81.875,33.337],[-81.825,33.351],[-81.775,33.365],[-81.74,33.375],[-81.725,33.379],[-81.675,33.395],[-81.625,33.41],[-81.577,33.425],[-81.575,33.426],[-81.525,33.441],[-81.475,33.457],[-81.425,33.472],[-81.414,33.475],[-81.375,33.487],[-81.325,33.501],[-81.275,33.515],[-81.235,33.525],[-81.225,33.528],[-81.175,33.54],[-81.125,33.551],[-81.075,33.561],[-81.025,33.57],[-80.989,33.575],[-80.975,33.577],[-80.925,33.583],[-80.875,33.587],[-80.825,33.589],[-80.775,33.59],[-80.725,33.589],[-80.675,33.587],[-80.625,33.584],[-80.575,33.579],[-80.541,33.575],[-80.525,33.573],[-80.475,33.566],[-80.425,33.559],[-80.375,33.55],[-80.325,33.541],[-80.275,33.531],[-80.245,33.525],[-80.225,33.521],[-80.175,33.51],[-80.125,33.5],[-80.075,33.489],[-80.025,33.478],[-80.013,33.475],[-79.975,33.467],[-79.925,33.456],[-79.875,33.446],[-79.825,33.436],[-79.775,33.426],[-79.771,33.425],[-79.725,33.416],[-79.675,33.407],[-79.625,33.398],[-79.575,33.389],[-79.525,33.38],[-79.493,33.375],[-79.475,33.372],[-79.425,33.364],[-79.375,33.357],[-79.325,33.349],[-79.303,33.347]],[[-87.664,33.286],[-87.625,33.286],[-87.575,33.286],[-87.525,33.286],[-87.475,33.285],[-87.425,33.283],[-87.375,33.282],[-87.325,33.28],[-87.275,33.278],[-87.225,33.275],[-87.218,33.275],[-87.175,33.273],[-87.125,33.27],[-87.075,33.267],[-87.025,33.264],[-86.975,33.26],[-86.925,33.256],[-86.875,33.252],[-86.825,33.247],[-86.775,33.241],[-86.725,33.235],[-86.675,33.227],[-86.659,33.225],[-86.625,33.22],[-86.575,33.211],[-86.525,33.202],[-86.475,33.193],[-86.425,33.184],[-86.379,33.175],[-86.375,33.174],[-86.325,33.164],[-86.275,33.154],[-86.225,33.144],[-86.175,33.133],[-86.134,33.125],[-86.125,33.123],[-86.075,33.113],[-86.025,33.102],[-85.975,33.092],[-85.925,33.082],[-85.891,33.075],[-85.875,33.072],[-85.825,33.062],[-85.775,33.052],[-85.725,33.043],[-85.675,33.034],[-85.625,33.026],[-85.62,33.025],[-85.575,33.018],[-85.525,33.01],[-85.475,33.003],[-85.425,32.997],[-85.375,32.991],[-85.325,32.985],[-85.275,32.981],[-85.225,32.977],[-85.199,32.975],[-85.175,32.973],[-85.125,32.97],[-85.075,32.968],[-85.025,32.966],[-84.975,32.965],[-84.925,32.964],[-84.875,32.963],[-84.825,32.964],[-84.775,32.964],[-84.725,32.965],[-84.675,32.967],[-84.625,32.97],[-84.575,32.973],[-84.548,32.975],[-84.525,32.977],[-84.475,32.981],[-84.425,32.986],[-84.375,32.992],[-84.325,32.998],[-84.275,33.005],[-84.257,33.007]],[[-79.237,33.337],[-79.225,33.336],[-79.175,33.33]]]}},{"type":"Feature","properties":{"date":"2023-03-13","label":"13 Mar","yday":72,"tier":"day","major":false},"geometry":{"type":"MultiLineString","coordinates":[[[-83.425,33.225],[-83.375,33.233],[-83.325,33.241],[-83.275,33.248],[-83.225,33.254],[-83.175,33.259],[-83.125,33.264],[-83.075,33.268],[-83.025,33.272],[-82.985,33.275],[-82.975,33.276],[-82.925,33.279],[-82.875,33.283],[-82.825,33.286],[-82.775,33.29],[-82.725,33.293],[-82.675,33.297],[-82.625,33.301],[-82.575,33.305],[-82.525,33.309],[-82.475,33.314],[-82.425,33.319],[-82.377,33.325],[-82.375,33.325],[-82.325,33.331],[-82.275,33.338],[-82.225,33.345],[-82.175,33.353],[-82.125,33.361],[-82.075,33.37],[-82.049,33.375],[-82.025,33.38],[-81.975,33.39],[-81.925,33.402],[-81.875,33.415],[-81.838,33.425],[-81.825,33.429],[-81.775,33.443],[-81.725,33.458],[-81.675,33.473],[-81.668,33.475],[-81.625,33.488],[-81.575,33.504],[-81.525,33.52],[-81.508,33.525],[-81.475,33.535],[-81.425,33.551],[-81.375,33.566],[-81.344,33.575],[-81.325,33.581],[-81.275,33.594],[-81.225,33.608],[-81.175,33.62],[-81.152,33.625],[-81.125,33.631],[-81.075,33.641],[-81.025,33.65],[-80.975,33.657],[-80.925,33.663],[-80.875,33.667],[-80.825,33.669],[-80.775,33.67],[-80.725,33.67],[-80.675,33.668],[-80.625,33.665],[-80.575,33.661],[-80.525,33.655],[-80.475,33.648],[-80.425,33.641],[-80.375,33.632],[-80.338,33.625],[-80.325,33.623],[-80.275,33.613],[-80.225,33.602],[-80.175,33.591],[-80.125,33.579],[-80.107,33.575],[-80.075,33.568],[-80.025,33.556],[-79.975,33.545],[-79.925,33.534],[-79.884,33.525],[-79.875,33.523],[-79.825,33.513],[-79.775,33.504],[-79.725,33.494],[-79.675,33.486],[-79.625,33.477],[-79.612,33.475],[-79.575,33.469],[-79.525,33.461],[-79.475,33.454],[-79.425,33.447],[-79.375,33.44],[-79.325,33.433],[-79.275,33.427],[-79.253,33.425],[-79.225,33.422],[-79.175,33.417]],[[-87.625,33.377],[-87.575,33.378],[-87.525,33.377],[-87.475,33.377],[-87.425,33.376],[-87.392,33.375],[-87.375,33.375],[-87.325,33.373],[-87.275,33.372],[-87.225,33.37],[-87.175,33.367],[-87.125,33.365],[-87.075,33.362],[-87.025,33.359],[-86.975,33.356],[-86.925,33.352],[-86.875,33.348],[-86.825,33.343],[-86.775,33.338],[-86.725,33.331],[-86.677,33.325],[-86.675,33.325],[-86.625,33.317],[-86.575,33.309],[-86.525,33.3],[-86.475,33.292],[-86.425,33.282],[-86.388,33.275],[-86.375,33.273],[-86.325,33.263],[-86.275,33.252],[-86.225,33.242],[-86.175,33.232],[-86.144,33.225],[-86.125,33.221],[-86.075,33.21],[-86.025,33.2],[-85.975,33.189],[-85.925,33.179],[-85.906,33.175],[-85.875,33.169],[-85.825,33.158],[-85.775,33.149],[-85.725,33.139],[-85.675,33.13],[-85.648,33.125],[-85.625,33.121],[-85.575,33.112],[-85.525,33.104],[-85.475,33.097],[-85.425,33.09],[-85.375,33.083],[-85.325,33.077],[-85.304,33.075],[-85.275,33.072],[-85.225,33.067],[-85.175,33.063],[-85.125,33.059],[-85.075,33.056],[-85.025,33.053],[-84.975,33.051],[-84.925,33.049],[-84.875,33.048],[-84.825,33.048],[-84.775,33.048],[-84.725,33.048],[-84.675,33.05],[-84.625,33.052],[-84.575,33.055],[-84.525,33.058],[-84.475,33.062],[-84.425,33.067],[-84.375,33.072],[-84.373,33.073]]]}},{"type":"Feature","properties":{"date":"2023-03-14","label":"14 Mar","yday":73,"tier":"day","major":false},"geometry":{"type":"MultiLineString","coordinates":[[[-83.342,33.308],[-83.325,33.31],[-83.275,33.317],[-83.225,33.323],[-83.206,33.325]],[[-83.171,33.329],[-83.125,33.333],[-83.075,33.338],[-83.025,33.342],[-82.975,33.347],[-82.925,33.351],[-82.875,33.354],[-82.825,33.358],[-82.775,33.362],[-82.725,33.366],[-82.675,33.37],[-82.625,33.374],[-82.614,33.375]],[[-82.571,33.379],[-82.525,33.383],[-82.475,33.388],[-82.425,33.394],[-82.375,33.4],[-82.325,33.406],[-82.275,33.413],[-82.225,33.421],[-82.199,33.425],[-82.175,33.429],[-82.125,33.437],[-82.075,33.447],[-82.025,33.457],[-81.975,33.468],[-81.946,33.475],[-81.925,33.48],[-81.875,33.493],[-81.825,33.506],[-81.775,33.52],[-81.76,33.525],[-81.725,33.535],[-81.675,33.55],[-81.625,33.566],[-81.595,33.575],[-81.575,33.581],[-81.525,33.597],[-81.475,33.613],[-81.438,33.625],[-81.425,33.629],[-81.375,33.644],[-81.325,33.659],[-81.275,33.673],[-81.268,33.675],[-81.225,33.686],[-81.175,33.699],[-81.125,33.71],[-81.075,33.72],[-81.045,33.725],[-81.025,33.728],[-80.975,33.736],[-80.925,33.741],[-80.875,33.745],[-80.825,33.748],[-80.775,33.749],[-80.725,33.749],[-80.675,33.748],[-80.625,33.745],[-80.575,33.741],[-80.525,33.736],[-80.475,33.73],[-80.44,33.725],[-80.425,33.723],[-80.375,33.714],[-80.325,33.705],[-80.275,33.695],[-80.225,33.684],[-80.185,33.675],[-80.175,33.673],[-80.125,33.661],[-80.075,33.649],[-80.025,33.636],[-79.978,33.625],[-79.975,33.624],[-79.925,33.613],[-79.875,33.602],[-79.825,33.592],[-79.775,33.583],[-79.73,33.575],[-79.725,33.574],[-79.675,33.566],[-79.625,33.558],[-79.575,33.551],[-79.525,33.544],[-79.475,33.537],[-79.425,33.53],[-79.382,33.525],[-79.375,33.524],[-79.325,33.519],[-79.275,33.514],[-79.225,33.509],[-79.175,33.505],[-79.125,33.502],[-79.099,33.501]],[[-87.666,33.466],[-87.625,33.466],[-87.575,33.466],[-87.525,33.466],[-87.475,33.466],[-87.466,33.466]],[[-87.175,33.459],[-87.125,33.457],[-87.075,33.455],[-87.025,33.452],[-86.975,33.449],[-86.925,33.445],[-86.875,33.441],[-86.825,33.437],[-86.775,33.432],[-86.725,33.426],[-86.719,33.425],[-86.675,33.419],[-86.625,33.412],[-86.575,33.404],[-86.525,33.396],[-86.475,33.387],[-86.425,33.378],[-86.408,33.375],[-86.375,33.369],[-86.325,33.359],[-86.275,33.349],[-86.225,33.338],[-86.175,33.328],[-86.161,33.325],[-86.125,33.317],[-86.075,33.307],[-86.025,33.296],[-85.975,33.285],[-85.927,33.275],[-85.925,33.275],[-85.875,33.264],[-85.825,33.254],[-85.775,33.244],[-85.725,33.234],[-85.679,33.225],[-85.675,33.224],[-85.625,33.215],[-85.575,33.206],[-85.525,33.198],[-85.475,33.189],[-85.425,33.182],[-85.377,33.175],[-85.375,33.175],[-85.325,33.168],[-85.275,33.162],[-85.225,33.156],[-85.175,33.151],[-85.125,33.147],[-85.075,33.143],[-85.025,33.139],[-84.975,33.136],[-84.925,33.134],[-84.875,33.132],[-84.825,33.131],[-84.78,33.13]]]}},{"type":"Feature","properties":{"date":"2023-03-15","label":"15 Mar","yday":74,"tier":"day","major":false},"geometry":{"type":"MultiLineString","coordinates":[[[-82.489,33.461],[-82.475,33.462],[-82.425,33.468],[-82.375,33.475],[-82.373,33.475],[-82.325,33.482],[-82.275,33.489],[-82.225,33.497],[-82.175,33.505],[-82.125,33.514],[-82.075,33.524],[-82.071,33.525],[-82.025,33.535],[-81.975,33.546],[-81.925,33.558],[-81.875,33.571],[-81.859,33.575],[-81.825,33.584],[-81.775,33.598],[-81.725,33.612],[-81.683,33.625],[-81.675,33.627],[-81.625,33.643],[-81.575,33.659],[-81.525,33.675],[-81.525,33.675],[-81.475,33.691],[-81.425,33.707],[-81.375,33.722],[-81.365,33.725],[-81.325,33.737],[-81.275,33.751],[-81.225,33.764],[-81.182,33.775],[-81.175,33.777],[-81.125,33.788],[-81.075,33.798],[-81.025,33.806],[-80.975,33.813],[-80.925,33.819],[-80.875,33.823],[-80.845,33.825],[-80.825,33.826],[-80.775,33.828],[-80.725,33.828],[-80.675,33.827],[-80.625,33.825],[-80.622,33.825],[-80.575,33.822],[-80.525,33.818],[-80.475,33.812],[-80.425,33.805],[-80.375,33.798],[-80.325,33.789],[-80.275,33.779],[-80.255,33.775],[-80.225,33.769],[-80.175,33.757],[-80.125,33.746],[-80.075,33.733],[-80.043,33.725],[-80.025,33.721],[-79.975,33.708],[-79.925,33.696],[-79.875,33.684],[-79.829,33.675],[-79.825,33.674],[-79.775,33.666],[-79.725,33.658],[-79.675,33.65],[-79.625,33.643],[-79.575,33.636],[-79.525,33.629],[-79.492,33.625],[-79.475,33.623],[-79.425,33.617],[-79.375,33.612],[-79.325,33.607],[-79.275,33.602],[-79.225,33.599],[-79.175,33.596],[-79.125,33.594],[-79.075,33.593],[-79.025,33.593],[-79.007,33.593]],[[-87.752,33.552],[-87.725,33.552],[-87.675,33.553],[-87.625,33.553],[-87.575,33.553],[-87.525,33.554]],[[-87.152,33.548],[-87.125,33.547],[-87.075,33.545],[-87.025,33.542],[-86.975,33.54],[-86.925,33.536],[-86.875,33.533],[-86.825,33.529],[-86.787,33.525],[-86.775,33.524],[-86.725,33.518],[-86.675,33.512],[-86.625,33.505],[-86.575,33.498],[-86.525,33.49],[-86.475,33.482],[-86.437,33.475],[-86.425,33.473],[-86.375,33.463],[-86.325,33.454],[-86.275,33.444],[-86.225,33.434],[-86.184,33.425],[-86.175,33.423],[-86.125,33.412],[-86.075,33.402],[-86.025,33.391],[-85.975,33.38],[-85.952,33.375],[-85.925,33.369],[-85.875,33.359],[-85.825,33.348],[-85.775,33.338],[-85.725,33.328],[-85.712,33.325],[-85.675,33.318],[-85.625,33.308],[-85.575,33.299],[-85.525,33.29],[-85.475,33.281],[-85.437,33.275],[-85.425,33.273],[-85.375,33.265],[-85.325,33.258],[-85.275,33.251],[-85.225,33.245],[-85.175,33.239],[-85.125,33.234],[-85.075,33.229],[-85.028,33.225],[-85.025,33.225],[-84.975,33.221],[-84.971,33.221]]]}},{"type":"Feature","properties":{"date":"2023-03-16","label":"16 Mar","yday":75,"tier":"index","major":true},"geometry":{"type":"MultiLineString","coordinates":[[[-82.404,33.546],[-82.375,33.55],[-82.325,33.558],[-82.275,33.565],[-82.225,33.574],[-82.217,33.575],[-82.175,33.582],[-82.125,33.592],[-82.075,33.602],[-82.025,33.613],[-81.975,33.624],[-81.971,33.625],[-81.925,33.636],[-81.875,33.649],[-81.825,33.662],[-81.778,33.675],[-81.775,33.676],[-81.725,33.69],[-81.675,33.705],[-81.625,33.721],[-81.612,33.725],[-81.575,33.737],[-81.525,33.753],[-81.475,33.769],[-81.455,33.775],[-81.425,33.784],[-81.375,33.8],[-81.325,33.814],[-81.287,33.825],[-81.275,33.828],[-81.225,33.842],[-81.175,33.854],[-81.125,33.865],[-81.077,33.875],[-81.075,33.875],[-81.025,33.884],[-80.975,33.891],[-80.925,33.896],[-80.875,33.9],[-80.825,33.903],[-80.775,33.905],[-80.725,33.906],[-80.675,33.906],[-80.625,33.905],[-80.575,33.902],[-80.525,33.899],[-80.475,33.895],[-80.425,33.889],[-80.375,33.882],[-80.331,33.875],[-80.325,33.874],[-80.275,33.865],[-80.225,33.856],[-80.175,33.845],[-80.125,33.834],[-80.085,33.825],[-80.075,33.823],[-80.025,33.811],[-79.975,33.799],[-79.925,33.787],[-79.875,33.775],[-79.875,33.775],[-79.825,33.765],[-79.775,33.756],[-79.725,33.748],[-79.675,33.741],[-79.625,33.734],[-79.575,33.727],[-79.56,33.725],[-79.525,33.721],[-79.475,33.715],[-79.425,33.709],[-79.375,33.704],[-79.325,33.7],[-79.275,33.696],[-79.225,33.693],[-79.175,33.691],[-79.125,33.69],[-79.075,33.69],[-79.025,33.692],[-78.975,33.695],[-78.925,33.699],[-78.899,33.701]],[[-87.76,33.64],[-87.725,33.64],[-87.675,33.64],[-87.625,33.64],[-87.59,33.64]],[[-87.125,33.636],[-87.075,33.634],[-87.025,33.632],[-86.975,33.629],[-86.925,33.627],[-86.902,33.625],[-86.875,33.623],[-86.825,33.619],[-86.775,33.615],[-86.725,33.61],[-86.675,33.604],[-86.625,33.598],[-86.575,33.591],[-86.525,33.583],[-86.475,33.575],[-86.475,33.575],[-86.425,33.567],[-86.375,33.558],[-86.325,33.548],[-86.275,33.538],[-86.225,33.528],[-86.209,33.525],[-86.175,33.518],[-86.125,33.507],[-86.075,33.496],[-86.025,33.486],[-85.977,33.475],[-85.975,33.475],[-85.925,33.464],[-85.875,33.453],[-85.825,33.442],[-85.775,33.431],[-85.744,33.425],[-85.725,33.421],[-85.675,33.411],[-85.625,33.401],[-85.575,33.391],[-85.525,33.382],[-85.487,33.375],[-85.475,33.373],[-85.425,33.364],[-85.375,33.356],[-85.325,33.348],[-85.275,33.34],[-85.225,33.333],[-85.175,33.327],[-85.159,33.325],[-85.125,33.321],[-85.075,33.315],[-85.064,33.314]],[[-78.317,33.925],[-78.275,33.955],[-78.247,33.975],[-78.225,33.991],[-78.177,34.025],[-78.175,34.027],[-78.125,34.061],[-78.104,34.075],[-78.075,34.093],[-78.025,34.122],[-78.018,34.125],[-77.975,34.144],[-77.925,34.162],[-77.875,34.172],[-77.835,34.175],[-77.825,34.176]]]}},{"type":"Feature","properties":{"date":"2023-03-17","label":"17 Mar","yday":76,"tier":"day","major":false},"geometry":{"type":"MultiLineString","coordinates":[[[-82.377,33.627],[-82.375,33.627],[-82.325,33.635],[-82.275,33.643],[-82.225,33.651],[-82.175,33.66],[-82.125,33.67],[-82.101,33.675],[-82.075,33.68],[-82.025,33.691],[-81.975,33.703],[-81.925,33.715],[-81.884,33.725],[-81.875,33.727],[-81.825,33.741],[-81.775,33.755],[-81.725,33.769],[-81.705,33.775],[-81.675,33.784],[-81.625,33.799],[-81.575,33.815],[-81.543,33.825],[-81.525,33.831],[-81.475,33.846],[-81.425,33.862],[-81.38,33.875],[-81.375,33.877],[-81.325,33.891],[-81.275,33.905],[-81.225,33.918],[-81.199,33.925],[-81.175,33.931],[-81.125,33.942],[-81.075,33.952],[-81.025,33.96],[-80.975,33.967],[-80.925,33.972],[-80.895,33.975],[-80.875,33.977],[-80.825,33.98],[-80.775,33.982],[-80.725,33.984],[-80.675,33.984],[-80.625,33.984],[-80.575,33.982],[-80.525,33.98],[-80.475,33.977],[-80.453,33.975],[-80.425,33.972],[-80.375,33.967],[-80.325,33.96],[-80.275,33.953],[-80.225,33.945],[-80.175,33.936],[-80.125,33.927],[-80.115,33.925],[-80.075,33.917],[-80.025,33.907],[-79.975,33.897],[-79.925,33.886],[-79.875,33.876],[-79.87,33.875],[-79.825,33.866],[-79.775,33.857],[-79.725,33.849],[-79.675,33.841],[-79.625,33.834],[-79.575,33.827],[-79.558,33.825],[-79.525,33.821],[-79.475,33.815],[-79.425,33.81],[-79.375,33.805],[-79.325,33.801],[-79.275,33.797],[-79.225,33.795],[-79.175,33.794],[-79.125,33.794],[-79.075,33.797],[-79.025,33.801],[-78.975,33.806],[-78.925,33.813],[-78.875,33.82],[-78.849,33.825],[-78.825,33.83],[-78.775,33.842],[-78.725,33.859],[-78.69,33.875],[-78.675,33.882],[-78.625,33.912],[-78.604,33.925],[-78.575,33.945],[-78.534,33.975],[-78.525,33.982],[-78.475,34.022],[-78.471,34.025],[-78.425,34.063],[-78.41,34.075],[-78.375,34.103],[-78.347,34.125],[-78.325,34.142],[-78.279,34.175],[-78.275,34.178],[-78.225,34.21],[-78.201,34.225],[-78.175,34.239],[-78.125,34.265],[-78.102,34.275],[-78.075,34.286],[-78.025,34.303],[-77.975,34.317],[-77.93,34.325],[-77.925,34.326],[-77.875,34.329],[-77.825,34.329],[-77.781,34.325],[-77.775,34.324],[-77.732,34.318]],[[-87.175,33.725],[-87.175,33.725],[-87.165,33.725],[-87.125,33.724],[-87.075,33.723],[-87.025,33.721],[-86.975,33.719],[-86.925,33.716],[-86.875,33.713],[-86.825,33.71],[-86.775,33.706],[-86.725,33.701],[-86.675,33.695],[-86.625,33.69],[-86.575,33.683],[-86.525,33.676],[-86.519,33.675],[-86.475,33.668],[-86.425,33.66],[-86.375,33.651],[-86.325,33.642],[-86.275,33.633],[-86.236,33.625],[-86.225,33.623],[-86.175,33.613],[-86.125,33.602],[-86.075,33.591],[-86.025,33.581],[-86.0,33.575],[-85.975,33.569],[-85.925,33.558],[-85.875,33.547],[-85.825,33.536],[-85.775,33.526],[-85.773,33.525],[-85.725,33.515],[-85.675,33.504],[-85.625,33.494],[-85.575,33.484],[-85.529,33.475],[-85.525,33.474],[-85.475,33.465],[-85.425,33.455],[-85.375,33.446],[-85.325,33.438],[-85.275,33.43],[-85.244,33.425],[-85.225,33.422],[-85.175,33.415],[-85.125,33.408],[-85.075,33.402]]]}},{"type":"Feature","properties":{"date":"2023-03-18","label":"18 Mar","yday":77,"tier":"day","major":false},"geometry":{"type":"MultiLineString","coordinates":[[[-82.425,33.697],[-82.375,33.705],[-82.325,33.713],[-82.275,33.721],[-82.253,33.725],[-82.225,33.73],[-82.175,33.739],[-82.125,33.749],[-82.075,33.76],[-82.025,33.77],[-82.005,33.775],[-81.975,33.782],[-81.925,33.794],[-81.875,33.807],[-81.825,33.82],[-81.807,33.825],[-81.775,33.834],[-81.725,33.848],[-81.675,33.863],[-81.635,33.875],[-81.625,33.878],[-81.575,33.893],[-81.525,33.908],[-81.475,33.924],[-81.47,33.925],[-81.425,33.939],[-81.375,33.953],[-81.325,33.968],[-81.298,33.975],[-81.275,33.981],[-81.225,33.994],[-81.175,34.006],[-81.125,34.017],[-81.083,34.025],[-81.075,34.027],[-81.025,34.035],[-80.975,34.042],[-80.925,34.048],[-80.875,34.053],[-80.825,34.056],[-80.775,34.059],[-80.725,34.061],[-80.675,34.062],[-80.625,34.062],[-80.575,34.062],[-80.525,34.061],[-80.475,34.059],[-80.425,34.056],[-80.375,34.052],[-80.325,34.047],[-80.275,34.042],[-80.225,34.036],[-80.175,34.03],[-80.141,34.025],[-80.125,34.023],[-80.075,34.016],[-80.025,34.008],[-79.975,34.001],[-79.925,33.993],[-79.875,33.985],[-79.825,33.977],[-79.811,33.975],[-79.775,33.969],[-79.725,33.962],[-79.675,33.955],[-79.625,33.947],[-79.575,33.941],[-79.525,33.934],[-79.475,33.928],[-79.445,33.925],[-79.425,33.923],[-79.375,33.919],[-79.325,33.916],[-79.275,33.914],[-79.225,33.914],[-79.175,33.915],[-79.125,33.919],[-79.075,33.925],[-79.073,33.925],[-79.025,33.934],[-78.975,33.945],[-78.925,33.959],[-78.879,33.975],[-78.875,33.976],[-78.825,33.999],[-78.776,34.025],[-78.775,34.026],[-78.725,34.058],[-78.702,34.075],[-78.675,34.095],[-78.638,34.125],[-78.625,34.135],[-78.575,34.175],[-78.575,34.175],[-78.525,34.213],[-78.509,34.225],[-78.475,34.248],[-78.435,34.275],[-78.425,34.281],[-78.375,34.31],[-78.347,34.325],[-78.325,34.336],[-78.275,34.358],[-78.235,34.375],[-78.225,34.379],[-78.175,34.396],[-78.125,34.411],[-78.075,34.423],[-78.066,34.425],[-78.025,34.433],[-77.975,34.439],[-77.925,34.444],[-77.875,34.445],[-77.825,34.444],[-77.775,34.441],[-77.725,34.436],[-77.675,34.429],[-77.647,34.425],[-77.625,34.421]],[[-87.315,33.815],[-87.275,33.815],[-87.225,33.815],[-87.175,33.814],[-87.125,33.813],[-87.075,33.812],[-87.025,33.811],[-86.975,33.809],[-86.925,33.807],[-86.875,33.804],[-86.825,33.801],[-86.775,33.797],[-86.725,33.792],[-86.675,33.787],[-86.625,33.782],[-86.575,33.776],[-86.57,33.775],[-86.525,33.769],[-86.475,33.762],[-86.425,33.754],[-86.375,33.746],[-86.325,33.737],[-86.275,33.728],[-86.26,33.725],[-86.225,33.718],[-86.175,33.708],[-86.125,33.698],[-86.075,33.687],[-86.025,33.676],[-86.019,33.675],[-85.975,33.665],[-85.925,33.654],[-85.875,33.643],[-85.825,33.632],[-85.795,33.625],[-85.775,33.621],[-85.725,33.61],[-85.675,33.599],[-85.625,33.588],[-85.575,33.578],[-85.562,33.575],[-85.525,33.567],[-85.475,33.557],[-85.425,33.547],[-85.375,33.538],[-85.325,33.529],[-85.305,33.525],[-85.275,33.52],[-85.225,33.511],[-85.175,33.504],[-85.125,33.496],[-85.075,33.489],[-85.062,33.488]]]}},{"type":"Feature","properties":{"date":"2023-03-19","label":"19 Mar","yday":78,"tier":"day","major":false},"geometry":{"type":"MultiLineString","coordinates":[[[-82.364,33.786],[-82.325,33.793],[-82.275,33.801],[-82.225,33.81],[-82.175,33.819],[-82.146,33.825],[-82.125,33.829],[-82.075,33.84],[-82.025,33.851],[-81.975,33.862],[-81.925,33.874],[-81.922,33.875],[-81.875,33.887],[-81.825,33.9],[-81.775,33.913],[-81.734,33.925],[-81.725,33.927],[-81.675,33.942],[-81.625,33.957],[-81.575,33.971],[-81.563,33.975],[-81.525,33.986],[-81.475,34.001],[-81.425,34.016],[-81.392,34.025],[-81.375,34.03],[-81.325,34.044],[-81.275,34.057],[-81.225,34.07],[-81.202,34.075],[-81.175,34.081],[-81.125,34.092],[-81.075,34.101],[-81.025,34.11],[-80.975,34.117],[-80.925,34.123],[-80.91,34.125],[-80.875,34.129],[-80.825,34.133],[-80.775,34.136],[-80.725,34.139],[-80.675,34.141],[-80.625,34.142],[-80.575,34.142],[-80.525,34.142],[-80.475,34.141],[-80.425,34.14],[-80.375,34.138],[-80.325,34.136],[-80.275,34.132],[-80.225,34.129],[-80.175,34.125],[-80.175,34.125],[-80.125,34.121],[-80.075,34.117],[-80.025,34.113],[-79.975,34.108],[-79.925,34.104],[-79.875,34.1],[-79.825,34.096],[-79.775,34.092],[-79.725,34.087],[-79.675,34.081],[-79.628,34.075],[-79.625,34.075],[-79.575,34.069],[-79.525,34.063],[-79.475,34.058],[-79.425,34.054],[-79.375,34.052],[-79.325,34.051],[-79.275,34.053],[-79.225,34.058],[-79.175,34.065],[-79.129,34.075],[-79.125,34.076],[-79.075,34.091],[-79.025,34.109],[-78.988,34.125],[-78.975,34.131],[-78.925,34.158],[-78.897,34.175],[-78.875,34.189],[-78.825,34.223],[-78.822,34.225],[-78.775,34.259],[-78.753,34.275],[-78.725,34.294],[-78.678,34.325],[-78.675,34.327],[-78.625,34.357],[-78.594,34.375],[-78.575,34.385],[-78.525,34.41],[-78.493,34.425],[-78.475,34.433],[-78.425,34.452],[-78.375,34.47],[-78.361,34.475],[-78.325,34.486],[-78.275,34.5],[-78.225,34.512],[-78.175,34.523],[-78.164,34.525],[-78.125,34.532],[-78.075,34.539],[-78.025,34.545],[-77.975,34.549],[-77.925,34.551],[-77.875,34.551],[-77.825,34.55],[-77.775,34.548],[-77.725,34.543],[-77.675,34.538],[-77.625,34.531],[-77.584,34.525],[-77.575,34.524],[-77.525,34.515],[-77.475,34.506],[-77.449,34.501]],[[-87.375,33.904],[-87.325,33.905],[-87.275,33.905],[-87.225,33.905],[-87.175,33.904],[-87.125,33.904],[-87.075,33.903],[-87.025,33.902],[-86.975,33.9],[-86.925,33.898],[-86.875,33.896],[-86.844,33.894]],[[-86.67,33.88],[-86.625,33.875],[-86.622,33.875],[-86.575,33.87],[-86.525,33.863],[-86.475,33.856],[-86.425,33.849],[-86.375,33.841],[-86.325,33.833],[-86.281,33.825],[-86.275,33.824],[-86.225,33.815],[-86.175,33.805],[-86.125,33.795],[-86.075,33.784],[-86.031,33.775],[-86.025,33.774],[-85.975,33.763],[-85.925,33.752],[-85.875,33.74],[-85.825,33.729],[-85.808,33.725],[-85.775,33.717],[-85.725,33.706],[-85.675,33.695],[-85.625,33.684],[-85.586,33.675],[-85.575,33.673],[-85.525,33.662],[-85.475,33.651],[-85.425,33.641],[-85.375,33.63],[-85.349,33.625],[-85.325,33.62],[-85.275,33.611],[-85.225,33.602],[-85.175,33.593],[-85.125,33.585],[-85.075,33.577],[-85.06,33.575],[-85.025,33.57]]]}},{"type":"Feature","properties":{"date":"2023-03-20","label":"20 Mar","yday":79,"tier":"day","major":false},"geometry":{"type":"MultiLineString","coordinates":[[[-82.325,33.874],[-82.319,33.875],[-82.275,33.883],[-82.225,33.892],[-82.175,33.901],[-82.125,33.911],[-82.075,33.921],[-82.057,33.925],[-82.025,33.932],[-81.975,33.943],[-81.925,33.955],[-81.875,33.968],[-81.846,33.975],[-81.825,33.98],[-81.775,33.994],[-81.725,34.007],[-81.675,34.021],[-81.662,34.025],[-81.625,34.036],[-81.575,34.05],[-81.525,34.064],[-81.488,34.075],[-81.475,34.079],[-81.425,34.093],[-81.375,34.107],[-81.325,34.12],[-81.307,34.125],[-81.275,34.133],[-81.225,34.145],[-81.175,34.157],[-81.125,34.167],[-81.086,34.175]],[[-86.625,33.971],[-86.575,33.965],[-86.525,33.959],[-86.475,33.953],[-86.425,33.946],[-86.375,33.938],[-86.325,33.93],[-86.295,33.925],[-86.275,33.922],[-86.225,33.913],[-86.175,33.903],[-86.125,33.893],[-86.075,33.883],[-86.036,33.875],[-86.025,33.873],[-85.975,33.862],[-85.925,33.851],[-85.875,33.839],[-85.825,33.828],[-85.813,33.825],[-85.775,33.816],[-85.725,33.805],[-85.675,33.793],[-85.625,33.781],[-85.598,33.775],[-85.575,33.77],[-85.525,33.758],[-85.475,33.747],[-85.425,33.735],[-85.378,33.725],[-85.375,33.724],[-85.325,33.714],[-85.275,33.703],[-85.225,33.693],[-85.175,33.684],[-85.128,33.675],[-85.125,33.675],[-85.075,33.666],[-85.025,33.658],[-84.975,33.651]],[[-87.425,33.996],[-87.375,33.996],[-87.325,33.996],[-87.275,33.997],[-87.225,33.997],[-87.175,33.997],[-87.125,33.997],[-87.075,33.996],[-87.025,33.995],[-86.994,33.994]],[[-81.012,34.188],[-80.975,34.194],[-80.925,34.2],[-80.875,34.206],[-80.825,34.211],[-80.775,34.215],[-80.725,34.219],[-80.675,34.221],[-80.625,34.223],[-80.575,34.224],[-80.541,34.225],[-80.525,34.225],[-80.475,34.226],[-80.425,34.227],[-80.375,34.227],[-80.325,34.226],[-80.275,34.225],[-80.265,34.225],[-80.225,34.224],[-80.175,34.223],[-80.125,34.221],[-80.075,34.22],[-80.025,34.219],[-79.975,34.218],[-79.925,34.218],[-79.875,34.218],[-79.825,34.218],[-79.775,34.219],[-79.725,34.218],[-79.675,34.217],[-79.625,34.214],[-79.575,34.212],[-79.525,34.209],[-79.475,34.208],[-79.425,34.207],[-79.375,34.209],[-79.325,34.213],[-79.275,34.222],[-79.264,34.225],[-79.225,34.236],[-79.175,34.253],[-79.125,34.273],[-79.12,34.275],[-79.075,34.296],[-79.025,34.322],[-79.02,34.325],[-78.975,34.35],[-78.932,34.375],[-78.925,34.379],[-78.875,34.408],[-78.845,34.425],[-78.825,34.436],[-78.775,34.462],[-78.751,34.475],[-78.725,34.487],[-78.675,34.51],[-78.641,34.525],[-78.625,34.531],[-78.575,34.55],[-78.525,34.566],[-78.493,34.575],[-78.475,34.58],[-78.425,34.592],[-78.375,34.603],[-78.325,34.613],[-78.275,34.622],[-78.254,34.625],[-78.225,34.629],[-78.175,34.636],[-78.125,34.642],[-78.075,34.647],[-78.025,34.65],[-77.975,34.653],[-77.925,34.654],[-77.875,34.654],[-77.825,34.653],[-77.775,34.65],[-77.725,34.646],[-77.675,34.642],[-77.625,34.636],[-77.575,34.63],[-77.537,34.625],[-77.525,34.623],[-77.475,34.616],[-77.425,34.608]],[[-77.325,34.592],[-77.311,34.589]]]}},{"type":"Feature","properties":{"date":"2023-03-21","label":"21 Mar","yday":80,"tier":"five","major":false},"geometry":{"type":"MultiLineString","coordinates":[[[-82.225,33.975],[-82.175,33.984],[-82.125,33.994],[-82.075,34.004],[-82.025,34.015],[-81.979,34.025],[-81.975,34.026],[-81.925,34.038],[-81.875,34.05],[-81.825,34.062],[-81.775,34.075]],[[-87.41,34.09],[-87.375,34.091],[-87.325,34.091],[-87.275,34.092],[-87.225,34.092],[-87.175,34.092],[-87.142,34.092]],[[-86.775,34.081],[-86.725,34.077],[-86.699,34.075],[-86.675,34.073],[-86.625,34.068],[-86.575,34.063],[-86.525,34.058],[-86.475,34.051],[-86.425,34.045],[-86.375,34.037],[-86.325,34.03],[-86.297,34.025],[-86.275,34.021],[-86.225,34.013],[-86.175,34.004],[-86.125,33.994],[-86.075,33.984],[-86.031,33.975],[-86.025,33.974],[-85.975,33.963],[-85.925,33.952],[-85.875,33.941],[-85.825,33.929],[-85.807,33.925],[-85.775,33.917],[-85.725,33.906],[-85.675,33.893],[-85.625,33.881],[-85.6,33.875],[-85.575,33.869],[-85.525,33.857],[-85.475,33.845],[-85.425,33.833],[-85.393,33.825],[-85.375,33.821],[-85.325,33.809],[-85.275,33.798],[-85.225,33.787],[-85.175,33.776],[-85.17,33.775],[-85.125,33.766],[-85.075,33.756],[-85.025,33.747],[-84.975,33.739],[-84.925,33.731],[-84.884,33.725]],[[-81.575,34.129],[-81.525,34.143],[-81.475,34.157],[-81.425,34.171],[-81.411,34.175]],[[-80.92,34.28],[-80.875,34.286],[-80.825,34.292],[-80.775,34.297],[-80.725,34.301],[-80.675,34.305],[-80.625,34.308],[-80.575,34.31],[-80.525,34.313],[-80.475,34.315],[-80.425,34.317],[-80.375,34.319],[-80.325,34.321],[-80.275,34.322],[-80.225,34.323],[-80.175,34.324],[-80.125,34.325],[-80.116,34.325],[-80.075,34.326],[-80.025,34.328],[-79.975,34.331],[-79.925,34.334],[-79.875,34.337],[-79.825,34.341],[-79.775,34.346],[-79.725,34.35],[-79.675,34.355],[-79.625,34.36],[-79.575,34.365],[-79.525,34.371],[-79.497,34.375],[-79.475,34.378],[-79.425,34.387],[-79.375,34.398],[-79.325,34.411],[-79.281,34.425],[-79.275,34.427],[-79.225,34.444],[-79.175,34.463],[-79.145,34.475],[-79.125,34.483],[-79.075,34.504],[-79.025,34.525],[-79.025,34.525],[-78.975,34.546],[-78.925,34.568],[-78.908,34.575],[-78.875,34.588],[-78.825,34.608],[-78.779,34.625],[-78.775,34.626],[-78.725,34.643],[-78.675,34.659],[-78.625,34.672],[-78.615,34.675],[-78.575,34.684],[-78.525,34.695],[-78.475,34.704],[-78.425,34.712],[-78.375,34.719],[-78.334,34.725],[-78.325,34.726],[-78.275,34.732],[-78.225,34.738],[-78.175,34.743],[-78.125,34.747],[-78.075,34.75],[-78.025,34.753],[-77.975,34.755],[-77.925,34.756],[-77.875,34.756],[-77.825,34.754],[-77.775,34.753],[-77.725,34.75],[-77.675,34.746],[-77.625,34.742],[-77.575,34.737],[-77.525,34.732],[-77.475,34.726],[-77.474,34.726]],[[-77.325,34.709],[-77.275,34.702],[-77.225,34.694],[-77.175,34.685]]]}},{"type":"Feature","properties":{"date":"2023-03-22","label":"22 Mar","yday":81,"tier":"day","major":false},"geometry":{"type":"MultiLineString","coordinates":[[[-85.899,34.051],[-85.875,34.045],[-85.825,34.033],[-85.79,34.025],[-85.775,34.022],[-85.725,34.009],[-85.675,33.997],[-85.625,33.984],[-85.588,33.975],[-85.575,33.972],[-85.525,33.959],[-85.475,33.946],[-85.425,33.933],[-85.394,33.925],[-85.375,33.92],[-85.325,33.908],[-85.275,33.895],[-85.225,33.883],[-85.192,33.875],[-85.175,33.871],[-85.125,33.859],[-85.075,33.848],[-85.025,33.838],[-84.975,33.828],[-84.959,33.825],[-84.925,33.819],[-84.875,33.81],[-84.825,33.803],[-84.775,33.796],[-84.757,33.793]],[[-82.057,34.093],[-82.025,34.1],[-81.975,34.111],[-81.925,34.122],[-81.912,34.125]],[[-86.692,34.175],[-86.675,34.174],[-86.625,34.169],[-86.618,34.168]],[[-80.766,34.384],[-80.725,34.388],[-80.675,34.393],[-80.625,34.398],[-80.575,34.402],[-80.525,34.406],[-80.475,34.41],[-80.425,34.414],[-80.375,34.417],[-80.325,34.42],[-80.275,34.423],[-80.244,34.425],[-80.225,34.426],[-80.175,34.429],[-80.125,34.433],[-80.075,34.437],[-80.025,34.442],[-79.975,34.447],[-79.925,34.453],[-79.875,34.46],[-79.825,34.468],[-79.789,34.475],[-79.775,34.478],[-79.725,34.488],[-79.675,34.499],[-79.625,34.51],[-79.575,34.523],[-79.569,34.525],[-79.525,34.537],[-79.475,34.552],[-79.425,34.568],[-79.403,34.575],[-79.375,34.584],[-79.325,34.6],[-79.275,34.617],[-79.249,34.625],[-79.225,34.632],[-79.175,34.647],[-79.125,34.662],[-79.084,34.675],[-79.075,34.678],[-79.025,34.693],[-78.975,34.708],[-78.925,34.723],[-78.918,34.725],[-78.875,34.737],[-78.825,34.751],[-78.775,34.763],[-78.725,34.775],[-78.724,34.775],[-78.675,34.785],[-78.625,34.794],[-78.575,34.803],[-78.525,34.81],[-78.475,34.816],[-78.425,34.822],[-78.401,34.825],[-78.375,34.828],[-78.325,34.833],[-78.275,34.838],[-78.225,34.842],[-78.175,34.846],[-78.125,34.85],[-78.075,34.853],[-78.025,34.855],[-77.975,34.857],[-77.925,34.858],[-77.875,34.859],[-77.825,34.859],[-77.775,34.858],[-77.725,34.856],[-77.675,34.854],[-77.625,34.851],[-77.575,34.849],[-77.525,34.846],[-77.475,34.843],[-77.425,34.839],[-77.375,34.836],[-77.325,34.831],[-77.275,34.826],[-77.267,34.825],[-77.225,34.82],[-77.175,34.813],[-77.125,34.805],[-77.075,34.795],[-77.025,34.784],[-76.99,34.775],[-76.975,34.771],[-76.925,34.757],[-76.9,34.75]]]}},{"type":"Feature","properties":{"date":"2023-03-23","label":"23 Mar","yday":82,"tier":"day","major":false},"geometry":{"type":"MultiLineString","coordinates":[[[-85.812,34.138],[-85.775,34.129],[-85.758,34.125],[-85.725,34.117],[-85.675,34.104],[-85.625,34.091],[-85.575,34.078],[-85.564,34.075],[-85.525,34.065],[-85.475,34.051],[-85.425,34.037],[-85.381,34.025],[-85.375,34.023],[-85.325,34.01],[-85.275,33.996],[-85.225,33.983],[-85.197,33.975],[-85.175,33.969],[-85.125,33.956],[-85.075,33.944],[-85.025,33.932],[-84.996,33.925],[-84.975,33.92],[-84.925,33.909],[-84.875,33.899],[-84.825,33.89],[-84.775,33.881],[-84.739,33.875],[-84.725,33.873],[-84.675,33.866],[-84.639,33.861]],[[-80.675,34.487],[-80.625,34.493],[-80.575,34.499],[-80.525,34.505],[-80.475,34.51],[-80.425,34.515],[-80.375,34.52],[-80.325,34.525],[-80.323,34.525],[-80.275,34.53],[-80.225,34.535],[-80.175,34.541],[-80.125,34.547],[-80.075,34.553],[-80.025,34.561],[-79.975,34.569],[-79.942,34.575],[-79.925,34.578],[-79.875,34.589],[-79.825,34.6],[-79.775,34.612],[-79.728,34.625],[-79.725,34.626],[-79.675,34.64],[-79.625,34.656],[-79.575,34.672],[-79.568,34.675],[-79.525,34.689],[-79.475,34.707],[-79.427,34.725],[-79.425,34.726],[-79.375,34.742],[-79.325,34.757],[-79.275,34.771],[-79.259,34.775],[-79.225,34.783],[-79.175,34.794],[-79.125,34.806],[-79.075,34.818],[-79.048,34.825],[-79.025,34.83],[-78.975,34.842],[-78.925,34.853],[-78.875,34.864],[-78.825,34.875],[-78.824,34.875],[-78.775,34.884],[-78.725,34.893],[-78.675,34.9],[-78.625,34.907],[-78.575,34.913],[-78.525,34.919],[-78.475,34.924],[-78.46,34.925],[-78.425,34.928],[-78.375,34.932],[-78.325,34.937],[-78.275,34.941],[-78.225,34.946],[-78.175,34.95],[-78.125,34.953],[-78.075,34.956],[-78.025,34.959],[-77.975,34.961],[-77.925,34.964],[-77.875,34.966],[-77.825,34.967],[-77.775,34.968],[-77.725,34.969],[-77.675,34.969],[-77.625,34.968],[-77.575,34.968],[-77.525,34.967],[-77.475,34.965],[-77.425,34.964],[-77.375,34.961],[-77.325,34.958],[-77.275,34.955],[-77.225,34.95],[-77.175,34.945],[-77.125,34.938],[-77.075,34.93],[-77.052,34.925],[-77.025,34.92],[-76.975,34.909],[-76.925,34.896],[-76.875,34.882],[-76.855,34.875],[-76.825,34.865],[-76.775,34.848],[-76.725,34.829],[-76.714,34.825]],[[-76.651,34.801],[-76.625,34.791],[-76.614,34.786]]]}},{"type":"Feature","properties":{"date":"2023-03-24","label":"24 Mar","yday":83,"tier":"day","major":false},"geometry":{"type":"MultiLineString","coordinates":[[[-85.682,34.218],[-85.675,34.216],[-85.625,34.203],[-85.575,34.189],[-85.525,34.175],[-85.524,34.175],[-85.475,34.161],[-85.425,34.147],[-85.375,34.132],[-85.352,34.125],[-85.325,34.117],[-85.275,34.102],[-85.225,34.087],[-85.184,34.075],[-85.175,34.072],[-85.125,34.058],[-85.075,34.044],[-85.025,34.03],[-85.007,34.025],[-84.975,34.017],[-84.925,34.004],[-84.875,33.992],[-84.825,33.98],[-84.801,33.975],[-84.775,33.97],[-84.725,33.96],[-84.675,33.951],[-84.625,33.943],[-84.575,33.936]],[[-80.663,34.587],[-80.625,34.593],[-80.575,34.6],[-80.525,34.607],[-80.475,34.614],[-80.425,34.62],[-80.388,34.625],[-80.375,34.627],[-80.325,34.633],[-80.275,34.639],[-80.225,34.646],[-80.175,34.653],[-80.125,34.661],[-80.075,34.67],[-80.049,34.675],[-80.025,34.679],[-79.975,34.69],[-79.925,34.7],[-79.875,34.712],[-79.825,34.725],[-79.824,34.725],[-79.775,34.738],[-79.725,34.752],[-79.675,34.768],[-79.652,34.775],[-79.625,34.784],[-79.575,34.8],[-79.525,34.817],[-79.501,34.825],[-79.475,34.833],[-79.425,34.849],[-79.375,34.864],[-79.334,34.875],[-79.325,34.877],[-79.275,34.889],[-79.225,34.901],[-79.175,34.913],[-79.125,34.924],[-79.121,34.925],[-79.075,34.935],[-79.025,34.946],[-78.975,34.957],[-78.925,34.968],[-78.889,34.975],[-78.875,34.978],[-78.825,34.986],[-78.775,34.994],[-78.725,35.002],[-78.675,35.008],[-78.625,35.014],[-78.575,35.02],[-78.525,35.025],[-78.523,35.025],[-78.475,35.029],[-78.425,35.034],[-78.375,35.038],[-78.325,35.042],[-78.275,35.047],[-78.225,35.051],[-78.175,35.055],[-78.125,35.059],[-78.075,35.063],[-78.025,35.066],[-77.975,35.07],[-77.925,35.073],[-77.897,35.075],[-77.875,35.076],[-77.825,35.08],[-77.775,35.082],[-77.725,35.085],[-77.675,35.087],[-77.625,35.089],[-77.575,35.09],[-77.525,35.091],[-77.475,35.091],[-77.425,35.091],[-77.375,35.089],[-77.325,35.088],[-77.275,35.085],[-77.225,35.082],[-77.175,35.077],[-77.154,35.075],[-77.125,35.072],[-77.075,35.065],[-77.025,35.056],[-76.999,35.051]],[[-76.654,34.946],[-76.625,34.935],[-76.601,34.925],[-76.575,34.915],[-76.525,34.894],[-76.478,34.875],[-76.475,34.874],[-76.44,34.86]]]}},{"type":"Feature","properties":{"date":"2023-03-25","label":"25 Mar","yday":84,"tier":"day","major":false},"geometry":{"type":"MultiLineString","coordinates":[[[-85.468,34.275],[-85.425,34.262],[-85.375,34.246],[-85.325,34.23],[-85.309,34.225],[-85.275,34.214],[-85.225,34.198],[-85.175,34.182],[-85.155,34.175],[-85.125,34.165],[-85.075,34.149],[-85.025,34.134],[-84.997,34.125],[-84.975,34.118],[-84.925,34.104],[-84.875,34.09],[-84.825,34.076],[-84.822,34.075],[-84.775,34.063],[-84.725,34.052],[-84.675,34.041],[-84.625,34.031],[-84.591,34.025],[-84.575,34.022],[-84.534,34.016]],[[-80.598,34.702],[-80.575,34.706],[-80.525,34.713],[-80.475,34.721],[-80.445,34.725]],[[-80.364,34.736],[-80.325,34.742],[-80.275,34.749],[-80.225,34.756],[-80.175,34.764],[-80.125,34.773],[-80.112,34.775],[-80.075,34.782],[-80.025,34.791],[-79.975,34.802],[-79.925,34.813],[-79.875,34.825],[-79.875,34.825],[-79.825,34.837],[-79.775,34.851],[-79.725,34.865],[-79.689,34.875],[-79.675,34.879],[-79.625,34.894],[-79.575,34.908],[-79.525,34.924],[-79.52,34.925],[-79.475,34.938],[-79.425,34.952],[-79.375,34.966],[-79.34,34.975],[-79.325,34.979],[-79.275,34.991],[-79.225,35.003],[-79.175,35.015],[-79.134,35.025],[-79.125,35.027],[-79.075,35.038],[-79.025,35.049],[-78.975,35.06],[-78.925,35.071],[-78.903,35.075],[-78.875,35.08],[-78.825,35.089],[-78.775,35.097],[-78.725,35.104],[-78.675,35.111],[-78.625,35.118],[-78.575,35.123],[-78.561,35.125],[-78.525,35.129],[-78.475,35.134],[-78.425,35.139],[-78.375,35.144],[-78.325,35.148],[-78.275,35.153],[-78.225,35.158],[-78.175,35.162],[-78.125,35.167],[-78.075,35.171],[-78.034,35.175],[-78.025,35.176],[-77.975,35.18],[-77.925,35.185],[-77.875,35.189],[-77.825,35.194],[-77.775,35.198],[-77.725,35.202],[-77.675,35.206],[-77.625,35.209],[-77.575,35.212],[-77.525,35.214],[-77.475,35.216],[-77.425,35.216],[-77.375,35.216],[-77.325,35.215],[-77.275,35.214],[-77.225,35.211],[-77.175,35.207],[-77.125,35.203],[-77.075,35.197],[-77.025,35.19],[-76.975,35.181],[-76.945,35.175],[-76.925,35.171],[-76.875,35.159],[-76.825,35.146],[-76.809,35.141]],[[-76.48,35.02],[-76.475,35.018],[-76.463,35.013]]]}},{"type":"Feature","properties":{"date":"2023-03-26","label":"26 Mar","yday":85,"tier":"five","major":false},"geometry":{"type":"MultiLineString","coordinates":[[[-85.25,34.325],[-85.225,34.316],[-85.175,34.299],[-85.125,34.28],[-85.11,34.275],[-85.075,34.263],[-85.025,34.245],[-84.975,34.227],[-84.969,34.225],[-84.925,34.21],[-84.875,34.194],[-84.825,34.178],[-84.814,34.175],[-84.775,34.164],[-84.725,34.15],[-84.675,34.137],[-84.625,34.125],[-84.625,34.125],[-84.575,34.115],[-84.563,34.113]],[[-80.181,34.869],[-80.175,34.87],[-80.143,34.875],[-80.125,34.878],[-80.075,34.886],[-80.025,34.896],[-79.975,34.906],[-79.925,34.917],[-79.889,34.925],[-79.875,34.928],[-79.825,34.94],[-79.775,34.953],[-79.725,34.966],[-79.691,34.975],[-79.675,34.979],[-79.625,34.992],[-79.575,35.006],[-79.525,35.02],[-79.506,35.025],[-79.475,35.033],[-79.425,35.047],[-79.375,35.06],[-79.325,35.073],[-79.316,35.075],[-79.275,35.085],[-79.225,35.097],[-79.175,35.109],[-79.125,35.121],[-79.11,35.125],[-79.075,35.133],[-79.025,35.144],[-78.975,35.155],[-78.925,35.166],[-78.879,35.175],[-78.875,35.176],[-78.825,35.185],[-78.775,35.194],[-78.725,35.202],[-78.675,35.21],[-78.625,35.217],[-78.575,35.224],[-78.566,35.225],[-78.525,35.23],[-78.475,35.236],[-78.425,35.242],[-78.375,35.247],[-78.325,35.253],[-78.275,35.258],[-78.225,35.263],[-78.175,35.268],[-78.125,35.273],[-78.109,35.275],[-78.075,35.279],[-78.025,35.284],[-77.975,35.289],[-77.925,35.295],[-77.875,35.3],[-77.825,35.306],[-77.775,35.311],[-77.725,35.317],[-77.675,35.322],[-77.643,35.325],[-77.625,35.327],[-77.575,35.331],[-77.525,35.334],[-77.475,35.336],[-77.425,35.338],[-77.375,35.339],[-77.325,35.339],[-77.275,35.338],[-77.225,35.337],[-77.175,35.334],[-77.125,35.331],[-77.075,35.326],[-77.065,35.325],[-77.025,35.32],[-76.975,35.313],[-76.925,35.305],[-76.875,35.296],[-76.825,35.285],[-76.787,35.275],[-76.775,35.272]]]}},{"type":"Feature","properties":{"date":"2023-03-27","label":"27 Mar","yday":86,"tier":"day","major":false},"geometry":{"type":"MultiLineString","coordinates":[[[-84.922,34.325],[-84.875,34.308],[-84.825,34.29],[-84.783,34.275],[-84.775,34.272],[-84.771,34.271]],[[-80.125,34.978],[-80.075,34.985],[-80.025,34.994],[-79.975,35.004],[-79.925,35.014],[-79.875,35.025],[-79.874,35.025],[-79.825,35.036],[-79.775,35.048],[-79.725,35.06],[-79.675,35.073],[-79.665,35.075],[-79.625,35.085],[-79.575,35.098],[-79.525,35.111],[-79.475,35.124],[-79.47,35.125],[-79.425,35.137],[-79.375,35.149],[-79.325,35.162],[-79.275,35.174],[-79.272,35.175],[-79.225,35.186],[-79.175,35.199],[-79.125,35.21],[-79.075,35.222],[-79.064,35.225],[-79.025,35.234],[-78.975,35.245],[-78.925,35.256],[-78.875,35.267],[-78.836,35.275],[-78.825,35.277],[-78.775,35.287],[-78.725,35.296],[-78.675,35.305],[-78.625,35.313],[-78.575,35.321],[-78.546,35.325],[-78.525,35.328],[-78.475,35.335],[-78.425,35.341],[-78.375,35.347],[-78.325,35.353],[-78.275,35.359],[-78.225,35.365],[-78.175,35.37],[-78.135,35.375],[-78.125,35.376],[-78.075,35.382],[-78.025,35.388],[-77.975,35.394],[-77.925,35.4],[-77.875,35.406],[-77.825,35.413],[-77.775,35.419],[-77.729,35.425],[-77.725,35.426],[-77.675,35.431],[-77.625,35.437],[-77.575,35.442],[-77.525,35.447],[-77.475,35.451],[-77.425,35.454],[-77.375,35.456],[-77.325,35.458],[-77.275,35.458],[-77.225,35.458],[-77.175,35.457],[-77.125,35.455],[-77.075,35.452],[-77.025,35.448],[-76.995,35.445]]]}},{"type":"Feature","properties":{"date":"2023-03-28","label":"28 Mar","yday":87,"tier":"day","major":false},"geometry":{"type":"MultiLineString","coordinates":[[[-80.075,35.08],[-80.025,35.088],[-79.975,35.097],[-79.925,35.107],[-79.875,35.117],[-79.837,35.125],[-79.825,35.127],[-79.775,35.139],[-79.725,35.15],[-79.675,35.162],[-79.625,35.174],[-79.622,35.175],[-79.575,35.186],[-79.525,35.199],[-79.475,35.211],[-79.425,35.223],[-79.419,35.225],[-79.375,35.236],[-79.325,35.248],[-79.275,35.26],[-79.225,35.272],[-79.213,35.275],[-79.175,35.284],[-79.125,35.296],[-79.075,35.308],[-79.025,35.32],[-79.004,35.325],[-78.975,35.332],[-78.925,35.344],[-78.875,35.355],[-78.825,35.366],[-78.786,35.375],[-78.775,35.377],[-78.725,35.388],[-78.675,35.397],[-78.625,35.406],[-78.575,35.414],[-78.525,35.422],[-78.507,35.425],[-78.475,35.43],[-78.425,35.437],[-78.375,35.443],[-78.325,35.45],[-78.275,35.456],[-78.225,35.462],[-78.175,35.468],[-78.125,35.474],[-78.12,35.475],[-78.075,35.481],[-78.025,35.487],[-77.975,35.494],[-77.925,35.5],[-77.875,35.507],[-77.825,35.514],[-77.775,35.521],[-77.748,35.525],[-77.725,35.528],[-77.675,35.535],[-77.625,35.541],[-77.575,35.547],[-77.525,35.553],[-77.475,35.558],[-77.425,35.563],[-77.375,35.567],[-77.325,35.57],[-77.275,35.572],[-77.225,35.573],[-77.175,35.574],[-77.125,35.574],[-77.075,35.573],[-77.025,35.573],[-76.975,35.571],[-76.925,35.569],[-76.884,35.566]]]}},{"type":"Feature","properties":{"date":"2023-03-29","label":"29 Mar","yday":88,"tier":"day","major":false},"geometry":{"type":"MultiLineString","coordinates":[[[-80.116,35.166],[-80.075,35.172],[-80.052,35.175],[-80.025,35.179],[-79.975,35.187],[-79.925,35.196],[-79.875,35.206],[-79.825,35.216],[-79.783,35.225],[-79.775,35.227],[-79.725,35.238],[-79.675,35.249],[-79.625,35.261],[-79.575,35.273],[-79.565,35.275],[-79.525,35.284],[-79.475,35.296],[-79.425,35.308],[-79.375,35.32],[-79.354,35.325],[-79.325,35.332],[-79.275,35.344],[-79.225,35.355],[-79.175,35.367],[-79.143,35.375],[-79.125,35.379],[-79.075,35.392],[-79.025,35.404],[-78.975,35.416],[-78.941,35.425],[-78.925,35.429],[-78.875,35.441],[-78.825,35.454],[-78.775,35.465],[-78.73,35.475],[-78.725,35.476],[-78.675,35.486],[-78.625,35.496],[-78.575,35.505],[-78.525,35.513],[-78.475,35.521],[-78.447,35.525],[-78.425,35.528],[-78.375,35.535],[-78.325,35.542],[-78.275,35.548],[-78.225,35.554],[-78.175,35.561],[-78.125,35.568],[-78.075,35.574],[-78.071,35.575],[-78.025,35.581],[-77.975,35.589],[-77.925,35.596],[-77.875,35.603],[-77.825,35.611],[-77.775,35.618],[-77.726,35.625],[-77.725,35.625],[-77.675,35.632],[-77.625,35.639],[-77.575,35.646],[-77.525,35.652],[-77.475,35.659],[-77.425,35.665],[-77.375,35.671],[-77.326,35.675],[-77.325,35.675],[-77.275,35.679],[-77.225,35.682],[-77.175,35.686],[-77.125,35.689],[-77.075,35.691],[-77.025,35.694],[-76.975,35.696],[-76.925,35.697],[-76.875,35.698],[-76.825,35.698],[-76.775,35.695],[-76.725,35.691],[-76.71,35.69]]]}},{"type":"Feature","properties":{"date":"2023-03-30","label":"30 Mar","yday":89,"tier":"day","major":false},"geometry":{"type":"MultiLineString","coordinates":[[[-80.125,35.254],[-80.075,35.26],[-80.025,35.267],[-79.977,35.275],[-79.975,35.275],[-79.925,35.284],[-79.89,35.29]],[[-79.852,35.298],[-79.825,35.303],[-79.775,35.313],[-79.725,35.324],[-79.721,35.325],[-79.675,35.335],[-79.625,35.346],[-79.575,35.357],[-79.525,35.369],[-79.498,35.375],[-79.479,35.379]],[[-79.339,35.411],[-79.325,35.415],[-79.28,35.425],[-79.275,35.426],[-79.225,35.438],[-79.175,35.449],[-79.125,35.461],[-79.075,35.474],[-79.071,35.475],[-79.034,35.484]],[[-78.94,35.51],[-78.925,35.514],[-78.882,35.525],[-78.875,35.527],[-78.825,35.54],[-78.775,35.552],[-78.725,35.563],[-78.675,35.573],[-78.667,35.575],[-78.625,35.583],[-78.575,35.592],[-78.525,35.6],[-78.475,35.608],[-78.425,35.615],[-78.375,35.622],[-78.354,35.625],[-78.325,35.629],[-78.275,35.635],[-78.225,35.642],[-78.175,35.649],[-78.125,35.656],[-78.075,35.664],[-78.025,35.671],[-78.001,35.675],[-77.975,35.679],[-77.925,35.687],[-77.875,35.694],[-77.825,35.702],[-77.775,35.709],[-77.725,35.717],[-77.675,35.724],[-77.668,35.725],[-77.625,35.731],[-77.575,35.738],[-77.525,35.745],[-77.475,35.753],[-77.425,35.76],[-77.375,35.766],[-77.325,35.773],[-77.307,35.775],[-77.275,35.779],[-77.225,35.785],[-77.175,35.791],[-77.125,35.798],[-77.075,35.804],[-77.025,35.81],[-76.975,35.817],[-76.925,35.823],[-76.903,35.825],[-76.875,35.828],[-76.825,35.833],[-76.775,35.836],[-76.725,35.838],[-76.675,35.837],[-76.625,35.834],[-76.575,35.827]]]}},{"type":"Feature","properties":{"date":"2023-03-31","label":"31 Mar","yday":90,"tier":"index","major":true},"geometry":{"type":"MultiLineString","coordinates":[[[-80.106,35.344],[-80.075,35.348],[-80.025,35.355],[-79.975,35.363],[-79.965,35.365]],[[-79.744,35.406],[-79.725,35.41],[-79.675,35.421],[-79.655,35.425]],[[-79.296,35.504],[-79.275,35.508],[-79.225,35.52],[-79.202,35.525]],[[-78.893,35.607],[-78.875,35.612],[-78.826,35.625],[-78.825,35.625],[-78.775,35.637],[-78.725,35.649],[-78.675,35.659],[-78.625,35.668],[-78.585,35.675]],[[-75.975,35.685],[-75.96,35.675]],[[-78.165,35.735],[-78.125,35.741],[-78.075,35.749],[-78.025,35.757],[-77.975,35.765],[-77.925,35.774],[-77.916,35.775],[-77.875,35.782],[-77.825,35.789],[-77.775,35.796],[-77.725,35.804],[-77.675,35.811],[-77.625,35.819],[-77.584,35.825],[-77.575,35.826],[-77.525,35.834],[-77.475,35.842],[-77.425,35.85],[-77.375,35.858],[-77.325,35.866],[-77.275,35.875],[-77.275,35.875],[-77.225,35.884],[-77.175,35.893],[-77.125,35.903],[-77.075,35.912],[-77.025,35.923],[-77.013,35.925],[-76.975,35.933],[-76.925,35.943],[-76.875,35.953],[-76.825,35.963],[-76.775,35.972],[-76.757,35.975],[-76.725,35.98]]]}},{"type":"Feature","properties":{"date":"2023-04-01","label":"1 Apr","yday":91,"tier":"day","major":false},"geometry":{"type":"MultiLineString","coordinates":[[[-78.845,35.705],[-78.825,35.71],[-78.775,35.722],[-78.763,35.725]],[[-75.926,35.825],[-75.925,35.824],[-75.875,35.788],[-75.856,35.775],[-75.837,35.763]],[[-78.068,35.832],[-78.025,35.839],[-77.975,35.848],[-77.925,35.856],[-77.875,35.865],[-77.825,35.872],[-77.808,35.875],[-77.775,35.88],[-77.725,35.887],[-77.675,35.895],[-77.625,35.903],[-77.575,35.911],[-77.525,35.92],[-77.495,35.925],[-77.475,35.929],[-77.425,35.938],[-77.375,35.948],[-77.325,35.958],[-77.275,35.969],[-77.248,35.975],[-77.225,35.98],[-77.175,35.992],[-77.125,36.005],[-77.075,36.018],[-77.049,36.025],[-77.025,36.032],[-76.975,36.046],[-76.925,36.06],[-76.875,36.074],[-76.871,36.075],[-76.825,36.088],[-76.775,36.1]],[[-76.675,36.122],[-76.655,36.125],[-76.625,36.129],[-76.575,36.133]]]}},{"type":"Feature","properties":{"date":"2023-04-02","label":"2 Apr","yday":92,"tier":"day","major":false},"geometry":{"type":"MultiLineString","coordinates":[[[-77.972,35.928],[-77.925,35.936],[-77.875,35.944],[-77.825,35.952],[-77.775,35.96],[-77.725,35.968],[-77.685,35.975],[-77.675,35.977],[-77.625,35.985],[-77.575,35.994],[-77.525,36.004],[-77.475,36.014],[-77.426,36.025],[-77.425,36.025],[-77.375,36.037],[-77.325,36.049],[-77.275,36.062],[-77.229,36.075],[-77.225,36.076],[-77.175,36.091],[-77.125,36.106],[-77.075,36.123],[-77.068,36.125],[-77.025,36.14],[-76.975,36.157],[-76.925,36.175],[-76.924,36.175],[-76.875,36.192],[-76.825,36.209],[-76.775,36.225],[-76.775,36.225]],[[-76.641,36.259],[-76.625,36.262],[-76.575,36.27],[-76.525,36.275]]]}},{"type":"Feature","properties":{"date":"2023-04-03","label":"3 Apr","yday":93,"tier":"day","major":false},"geometry":{"type":"MultiLineString","coordinates":[[[-77.877,36.023],[-77.875,36.024],[-77.866,36.025],[-77.825,36.032],[-77.775,36.04],[-77.725,36.049],[-77.675,36.058],[-77.625,36.067],[-77.587,36.075],[-77.575,36.078],[-77.525,36.089],[-77.475,36.1],[-77.425,36.113],[-77.381,36.125],[-77.375,36.127],[-77.325,36.142],[-77.275,36.157],[-77.225,36.174],[-77.221,36.175],[-77.175,36.191],[-77.125,36.21],[-77.086,36.225],[-77.075,36.23],[-77.025,36.25],[-76.975,36.271],[-76.965,36.275],[-76.925,36.292],[-76.875,36.313],[-76.843,36.325],[-76.825,36.332],[-76.775,36.351],[-76.725,36.368],[-76.702,36.375],[-76.675,36.384],[-76.625,36.397],[-76.575,36.409],[-76.525,36.418],[-76.475,36.425]]]}},{"type":"Feature","properties":{"date":"2023-04-04","label":"4 Apr","yday":94,"tier":"day","major":false},"geometry":{"type":"MultiLineString","coordinates":[[[-77.779,36.121],[-77.775,36.122],[-77.757,36.125],[-77.725,36.131],[-77.675,36.141],[-77.625,36.151],[-77.575,36.163],[-77.525,36.175],[-77.525,36.175],[-77.475,36.189],[-77.425,36.204],[-77.375,36.22],[-77.362,36.225],[-77.325,36.238],[-77.275,36.257],[-77.228,36.275],[-77.225,36.276],[-77.175,36.297],[-77.125,36.32],[-77.114,36.325],[-77.075,36.344],[-77.025,36.368],[-77.01,36.375],[-76.975,36.392],[-76.925,36.416],[-76.906,36.425],[-76.875,36.44],[-76.825,36.462],[-76.795,36.475],[-76.775,36.483],[-76.725,36.503],[-76.675,36.521],[-76.662,36.525],[-76.625,36.537],[-76.575,36.551],[-76.525,36.563],[-76.475,36.573],[-76.462,36.575],[-76.425,36.581],[-76.375,36.587],[-76.325,36.591]]]}},{"type":"Feature","properties":{"date":"2023-04-05","label":"5 Apr","yday":95,"tier":"five","major":false},"geometry":{"type":"MultiLineString","coordinates":[[[-77.725,36.217],[-77.684,36.225],[-77.675,36.227],[-77.625,36.239],[-77.575,36.252],[-77.525,36.267],[-77.501,36.275],[-77.475,36.284],[-77.425,36.303],[-77.375,36.322],[-77.368,36.325],[-77.325,36.343],[-77.275,36.366],[-77.255,36.375],[-77.225,36.39],[-77.175,36.415],[-77.157,36.425],[-77.125,36.442],[-77.075,36.47],[-77.065,36.475],[-77.025,36.497],[-76.975,36.524],[-76.974,36.525],[-76.925,36.551],[-76.878,36.575],[-76.875,36.576],[-76.825,36.601],[-76.775,36.623],[-76.77,36.625],[-76.725,36.643],[-76.675,36.662],[-76.637,36.675],[-76.625,36.679],[-76.575,36.694],[-76.525,36.706],[-76.475,36.718],[-76.469,36.719]]]}},{"type":"Feature","properties":{"date":"2023-04-06","label":"6 Apr","yday":96,"tier":"day","major":false},"geometry":{"type":"MultiLineString","coordinates":[[[-77.625,36.335],[-77.575,36.352],[-77.525,36.371],[-77.514,36.375],[-77.475,36.392],[-77.425,36.414],[-77.401,36.425],[-77.375,36.438],[-77.325,36.463],[-77.302,36.475],[-77.275,36.49],[-77.225,36.519],[-77.215,36.525],[-77.175,36.549],[-77.132,36.575],[-77.125,36.579],[-77.075,36.61],[-77.05,36.625],[-77.025,36.64],[-76.975,36.669],[-76.964,36.675],[-76.925,36.696],[-76.875,36.722],[-76.868,36.725],[-76.825,36.745],[-76.775,36.766],[-76.752,36.775],[-76.725,36.785],[-76.675,36.802],[-76.657,36.807]]]}},{"type":"Feature","properties":{"date":"2023-04-07","label":"7 Apr","yday":97,"tier":"day","major":false},"geometry":{"type":"MultiLineString","coordinates":[[[-77.646,36.446],[-77.625,36.453],[-77.575,36.472],[-77.568,36.475],[-77.525,36.494],[-77.475,36.518],[-77.461,36.525],[-77.425,36.544],[-77.375,36.572],[-77.37,36.575],[-77.325,36.603],[-77.29,36.625]]]}},{"type":"Feature","properties":{"date":"2023-04-08","label":"8 Apr","yday":98,"tier":"day","major":false},"geometry":{"type":"MultiLineString","coordinates":[[[-77.784,36.534],[-77.775,36.537],[-77.725,36.554],[-77.675,36.573],[-77.669,36.575],[-77.625,36.593],[-77.575,36.616],[-77.556,36.625]]]}},{"type":"Feature","properties":{"date":"2023-04-09","label":"9 Apr","yday":99,"tier":"day","major":false},"geometry":{"type":"MultiLineString","coordinates":[[[-77.875,36.656],[-77.825,36.674],[-77.823,36.675],[-77.775,36.694],[-77.753,36.703]]]}}]}