{"type":"FeatureCollection","features":[{"type":"Feature","properties":{"date":"2006-02-14","label":"14 Feb","yday":45,"tier":"index","major":true},"geometry":{"type":"MultiLineString","coordinates":[[[-82.025,26.796],[-81.975,26.805],[-81.925,26.815],[-81.881,26.825],[-81.875,26.826],[-81.825,26.838],[-81.775,26.85],[-81.742,26.858]],[[-81.673,26.875],[-81.625,26.887],[-81.575,26.9],[-81.525,26.912],[-81.475,26.925],[-81.474,26.925],[-81.425,26.937],[-81.375,26.95],[-81.342,26.958]]]}},{"type":"Feature","properties":{"date":"2006-02-15","label":"15 Feb","yday":46,"tier":"day","major":false},"geometry":{"type":"MultiLineString","coordinates":[[[-82.361,26.961],[-82.325,26.966],[-82.275,26.972],[-82.25,26.975],[-82.225,26.978],[-82.175,26.985],[-82.125,26.992],[-82.075,27.0],[-82.025,27.008],[-81.975,27.018],[-81.939,27.025],[-81.925,27.028],[-81.875,27.039],[-81.825,27.05],[-81.775,27.061],[-81.725,27.073],[-81.715,27.075],[-81.675,27.084],[-81.625,27.096],[-81.575,27.108],[-81.525,27.12],[-81.504,27.125],[-81.475,27.132],[-81.425,27.144],[-81.375,27.155],[-81.325,27.167],[-81.291,27.175],[-81.275,27.179],[-81.27,27.18]]]}},{"type":"Feature","properties":{"date":"2006-02-16","label":"16 Feb","yday":47,"tier":"day","major":false},"geometry":{"type":"MultiLineString","coordinates":[[[-82.471,27.171],[-82.434,27.175],[-82.425,27.176],[-82.375,27.182],[-82.325,27.188],[-82.275,27.195],[-82.225,27.201],[-82.175,27.208],[-82.125,27.216],[-82.075,27.223],[-82.064,27.225],[-82.025,27.231],[-81.975,27.24],[-81.925,27.249],[-81.875,27.258],[-81.825,27.268],[-81.788,27.275],[-81.775,27.278],[-81.725,27.288],[-81.675,27.298],[-81.625,27.308],[-81.575,27.319],[-81.546,27.325],[-81.525,27.329],[-81.475,27.34],[-81.425,27.351],[-81.375,27.361],[-81.325,27.371],[-81.307,27.375],[-81.275,27.382],[-81.225,27.392],[-81.175,27.401],[-81.125,27.411],[-81.075,27.42],[-81.05,27.425],[-81.025,27.429],[-80.975,27.438],[-80.925,27.447],[-80.875,27.455],[-80.825,27.463],[-80.775,27.47]]]}},{"type":"Feature","properties":{"date":"2006-02-17","label":"17 Feb","yday":48,"tier":"day","major":false},"geometry":{"type":"MultiLineString","coordinates":[[[-82.536,27.386],[-82.525,27.388],[-82.475,27.394],[-82.425,27.4],[-82.375,27.406],[-82.325,27.412],[-82.275,27.418],[-82.225,27.424],[-82.221,27.425],[-82.175,27.431],[-82.125,27.437],[-82.075,27.444],[-82.025,27.451],[-81.975,27.458],[-81.925,27.466],[-81.875,27.474],[-81.87,27.475],[-81.825,27.483],[-81.775,27.491],[-81.725,27.5],[-81.675,27.509],[-81.625,27.518],[-81.59,27.525],[-81.575,27.528],[-81.525,27.537],[-81.475,27.547],[-81.425,27.556],[-81.375,27.566],[-81.325,27.575],[-81.325,27.575],[-81.275,27.584],[-81.225,27.593],[-81.175,27.602],[-81.125,27.61],[-81.075,27.618],[-81.032,27.625],[-81.025,27.626],[-80.975,27.634],[-80.925,27.641],[-80.875,27.648],[-80.825,27.654],[-80.775,27.66]]]}},{"type":"Feature","properties":{"date":"2006-02-18","label":"18 Feb","yday":49,"tier":"day","major":false},"geometry":{"type":"MultiLineString","coordinates":[[[-82.546,27.604],[-82.525,27.607],[-82.475,27.612],[-82.425,27.617],[-82.375,27.622],[-82.342,27.625],[-82.325,27.627],[-82.275,27.632],[-82.225,27.637],[-82.175,27.642],[-82.125,27.648],[-82.075,27.654],[-82.025,27.66],[-81.975,27.667],[-81.925,27.674],[-81.921,27.675],[-81.875,27.682],[-81.825,27.69],[-81.775,27.698],[-81.725,27.706],[-81.675,27.715],[-81.625,27.724],[-81.62,27.725],[-81.575,27.733],[-81.525,27.742],[-81.475,27.751],[-81.425,27.76],[-81.375,27.769],[-81.344,27.775],[-81.325,27.778],[-81.275,27.787],[-81.225,27.795],[-81.175,27.804],[-81.125,27.811],[-81.075,27.819],[-81.032,27.825],[-81.025,27.826],[-80.975,27.833],[-80.925,27.839],[-80.875,27.845]]]}},{"type":"Feature","properties":{"date":"2006-02-19","label":"19 Feb","yday":50,"tier":"five","major":false},"geometry":{"type":"MultiLineString","coordinates":[[[-82.729,27.779],[-82.725,27.779],[-82.675,27.788],[-82.625,27.794]],[[-82.375,27.817],[-82.325,27.822],[-82.297,27.825],[-82.275,27.827],[-82.225,27.833],[-82.175,27.838],[-82.125,27.845],[-82.075,27.851],[-82.025,27.858],[-81.975,27.865],[-81.925,27.873],[-81.91,27.875],[-81.875,27.881],[-81.825,27.889],[-81.775,27.897],[-81.725,27.906],[-81.675,27.916],[-81.626,27.925],[-81.625,27.925],[-81.575,27.935],[-81.525,27.944],[-81.475,27.954],[-81.425,27.963],[-81.375,27.973],[-81.361,27.975],[-81.325,27.982],[-81.275,27.99],[-81.225,27.999],[-81.175,28.007],[-81.125,28.014],[-81.075,28.021],[-81.049,28.025],[-81.025,28.028],[-80.975,28.035],[-80.925,28.04]]]}},{"type":"Feature","properties":{"date":"2006-02-20","label":"20 Feb","yday":51,"tier":"day","major":false},"geometry":{"type":"MultiLineString","coordinates":[[[-82.793,27.943],[-82.775,27.947],[-82.725,27.955]],[[-82.573,27.973],[-82.559,27.975],[-82.525,27.979],[-82.475,27.984],[-82.425,27.99],[-82.375,27.996],[-82.325,28.003],[-82.275,28.009],[-82.225,28.016],[-82.175,28.023],[-82.163,28.025],[-82.125,28.031],[-82.075,28.038],[-82.025,28.047],[-81.975,28.055],[-81.925,28.064],[-81.875,28.073],[-81.865,28.075],[-81.825,28.083],[-81.775,28.092],[-81.725,28.102],[-81.675,28.113],[-81.625,28.123],[-81.616,28.125],[-81.575,28.134],[-81.525,28.144],[-81.475,28.154],[-81.425,28.164],[-81.375,28.174],[-81.369,28.175],[-81.325,28.183],[-81.275,28.192],[-81.225,28.201],[-81.175,28.209],[-81.125,28.216],[-81.075,28.223],[-81.057,28.225],[-81.025,28.229],[-80.975,28.235],[-80.939,28.239]]]}},{"type":"Feature","properties":{"date":"2006-02-21","label":"21 Feb","yday":52,"tier":"day","major":false},"geometry":{"type":"MultiLineString","coordinates":[[[-82.775,28.111],[-82.725,28.119],[-82.684,28.125],[-82.675,28.126],[-82.625,28.133],[-82.575,28.14],[-82.525,28.147],[-82.475,28.154],[-82.425,28.161],[-82.375,28.169],[-82.334,28.175],[-82.325,28.176],[-82.275,28.184],[-82.225,28.193],[-82.175,28.201],[-82.125,28.21],[-82.075,28.22],[-82.048,28.225],[-82.025,28.23],[-81.975,28.24],[-81.925,28.25],[-81.875,28.261],[-81.825,28.272],[-81.81,28.275],[-81.775,28.283],[-81.725,28.294],[-81.675,28.305],[-81.625,28.317],[-81.588,28.325],[-81.575,28.328],[-81.525,28.339],[-81.475,28.35],[-81.425,28.36],[-81.375,28.371],[-81.353,28.375],[-81.325,28.38],[-81.275,28.389],[-81.225,28.397],[-81.175,28.404],[-81.125,28.411],[-81.075,28.417],[-81.025,28.423],[-81.001,28.425],[-80.975,28.428]]]}},{"type":"Feature","properties":{"date":"2006-02-22","label":"22 Feb","yday":53,"tier":"day","major":false},"geometry":{"type":"MultiLineString","coordinates":[[[-82.718,28.282],[-82.675,28.289],[-82.625,28.296],[-82.575,28.304],[-82.525,28.312],[-82.475,28.319],[-82.442,28.325],[-82.425,28.328],[-82.375,28.336],[-82.325,28.345],[-82.275,28.355],[-82.225,28.365],[-82.175,28.375],[-82.175,28.375],[-82.125,28.386],[-82.075,28.396],[-82.025,28.408],[-81.975,28.419],[-81.949,28.425],[-81.925,28.431],[-81.875,28.442],[-81.825,28.454],[-81.775,28.466],[-81.739,28.475],[-81.725,28.478],[-81.675,28.49],[-81.625,28.502],[-81.575,28.514],[-81.527,28.525],[-81.525,28.526],[-81.475,28.537],[-81.425,28.547],[-81.375,28.557],[-81.325,28.567],[-81.275,28.575],[-81.275,28.575],[-81.225,28.583],[-81.175,28.589],[-81.125,28.595],[-81.075,28.601],[-81.053,28.603]]]}},{"type":"Feature","properties":{"date":"2006-02-23","label":"23 Feb","yday":54,"tier":"day","major":false},"geometry":{"type":"MultiLineString","coordinates":[[[-82.625,28.459],[-82.575,28.467],[-82.525,28.475],[-82.525,28.475],[-82.475,28.484],[-82.425,28.493],[-82.375,28.503],[-82.325,28.513],[-82.275,28.524],[-82.269,28.525],[-82.225,28.535],[-82.175,28.546],[-82.125,28.557],[-82.075,28.569],[-82.051,28.575],[-82.025,28.581],[-81.975,28.593],[-81.925,28.606],[-81.875,28.618],[-81.847,28.625],[-81.825,28.63],[-81.775,28.643],[-81.725,28.655],[-81.675,28.667],[-81.64,28.675],[-81.625,28.678],[-81.575,28.69],[-81.525,28.701],[-81.475,28.712],[-81.425,28.722],[-81.408,28.725],[-81.375,28.731],[-81.325,28.74],[-81.275,28.749],[-81.225,28.756],[-81.175,28.763],[-81.125,28.769],[-81.075,28.774]]]}},{"type":"Feature","properties":{"date":"2006-02-24","label":"24 Feb","yday":55,"tier":"five","major":false},"geometry":{"type":"MultiLineString","coordinates":[[[-82.625,28.623],[-82.613,28.625],[-82.575,28.632],[-82.525,28.641],[-82.475,28.65],[-82.425,28.66],[-82.375,28.67],[-82.353,28.675],[-82.325,28.681],[-82.275,28.692],[-82.225,28.703],[-82.175,28.714],[-82.13,28.725],[-82.125,28.726],[-82.075,28.738],[-82.025,28.75],[-81.975,28.763],[-81.925,28.775],[-81.925,28.775],[-81.875,28.787],[-81.825,28.799],[-81.775,28.811],[-81.725,28.823],[-81.716,28.825],[-81.675,28.834],[-81.625,28.845],[-81.575,28.856],[-81.525,28.866],[-81.482,28.875],[-81.475,28.876],[-81.425,28.886],[-81.375,28.895],[-81.325,28.903],[-81.275,28.911],[-81.225,28.918],[-81.175,28.925],[-81.173,28.925],[-81.125,28.931],[-81.075,28.936],[-81.025,28.941]]]}},{"type":"Feature","properties":{"date":"2006-02-25","label":"25 Feb","yday":56,"tier":"day","major":false},"geometry":{"type":"MultiLineString","coordinates":[[[-82.625,28.789],[-82.575,28.798],[-82.525,28.807],[-82.475,28.817],[-82.434,28.825],[-82.425,28.827],[-82.375,28.837],[-82.325,28.847],[-82.275,28.858],[-82.225,28.869],[-82.198,28.875],[-82.175,28.88],[-82.125,28.892],[-82.075,28.903],[-82.025,28.915],[-81.984,28.925],[-81.975,28.927],[-81.925,28.939],[-81.875,28.951],[-81.825,28.962],[-81.775,28.974],[-81.769,28.975],[-81.725,28.985],[-81.675,28.995],[-81.625,29.006],[-81.575,29.015],[-81.525,29.025],[-81.525,29.025],[-81.475,29.034],[-81.425,29.043],[-81.375,29.051],[-81.325,29.058],[-81.275,29.066],[-81.225,29.072],[-81.206,29.075],[-81.175,29.079],[-81.125,29.085],[-81.075,29.091],[-81.025,29.096],[-80.975,29.1]]]}},{"type":"Feature","properties":{"date":"2006-02-26","label":"26 Feb","yday":57,"tier":"day","major":false},"geometry":{"type":"MultiLineString","coordinates":[[[-82.694,28.944],[-82.675,28.948],[-82.625,28.957],[-82.575,28.965],[-82.525,28.974],[-82.522,28.975],[-82.475,28.984],[-82.425,28.993],[-82.375,29.003],[-82.325,29.013],[-82.275,29.023],[-82.265,29.025],[-82.225,29.033],[-82.175,29.044],[-82.125,29.055],[-82.075,29.066],[-82.038,29.075],[-82.025,29.078],[-81.975,29.089],[-81.925,29.101],[-81.875,29.112],[-81.825,29.123],[-81.815,29.125],[-81.775,29.133],[-81.725,29.144],[-81.675,29.154],[-81.625,29.163],[-81.575,29.172],[-81.559,29.175],[-81.525,29.181],[-81.475,29.189],[-81.425,29.197],[-81.375,29.204],[-81.325,29.21],[-81.275,29.217],[-81.225,29.223],[-81.204,29.225],[-81.175,29.228],[-81.125,29.234],[-81.075,29.239],[-81.042,29.242]]]}},{"type":"Feature","properties":{"date":"2006-02-27","label":"27 Feb","yday":58,"tier":"day","major":false},"geometry":{"type":"MultiLineString","coordinates":[[[-82.755,29.105],[-82.725,29.11],[-82.675,29.118],[-82.634,29.125],[-82.625,29.126],[-82.575,29.135],[-82.525,29.144],[-82.475,29.153],[-82.425,29.161],[-82.375,29.171],[-82.351,29.175],[-82.325,29.18],[-82.275,29.189],[-82.225,29.2],[-82.175,29.21],[-82.125,29.221],[-82.106,29.225],[-82.075,29.232],[-82.025,29.243],[-81.975,29.254],[-81.925,29.264],[-81.875,29.275],[-81.873,29.275],[-81.825,29.285],[-81.775,29.295],[-81.725,29.304],[-81.675,29.313],[-81.625,29.322],[-81.606,29.325],[-81.575,29.33],[-81.525,29.338],[-81.475,29.345],[-81.425,29.352],[-81.375,29.358],[-81.325,29.364],[-81.275,29.369],[-81.225,29.374],[-81.219,29.375],[-81.175,29.379],[-81.125,29.384],[-81.088,29.388]]]}},{"type":"Feature","properties":{"date":"2006-02-28","label":"28 Feb","yday":59,"tier":"day","major":false},"geometry":{"type":"MultiLineString","coordinates":[[[-83.033,29.233],[-83.025,29.235],[-82.975,29.243],[-82.925,29.251],[-82.875,29.26],[-82.825,29.268],[-82.782,29.275],[-82.775,29.276],[-82.725,29.284],[-82.675,29.293],[-82.625,29.301],[-82.575,29.309],[-82.525,29.317],[-82.479,29.325],[-82.475,29.326],[-82.425,29.334],[-82.375,29.343],[-82.325,29.352],[-82.275,29.362],[-82.225,29.371],[-82.207,29.375],[-82.175,29.381],[-82.125,29.391],[-82.075,29.402],[-82.025,29.412],[-81.975,29.422],[-81.959,29.425],[-81.925,29.432],[-81.875,29.441],[-81.825,29.451],[-81.775,29.46],[-81.725,29.468],[-81.685,29.475],[-81.675,29.477],[-81.625,29.484],[-81.575,29.492],[-81.525,29.499],[-81.475,29.505],[-81.425,29.511],[-81.375,29.516],[-81.325,29.522],[-81.29,29.525],[-81.275,29.526],[-81.225,29.531],[-81.175,29.536]]]}},{"type":"Feature","properties":{"date":"2006-03-01","label":"1 Mar","yday":60,"tier":"index","major":true},"geometry":{"type":"MultiLineString","coordinates":[[[-83.188,29.388],[-83.175,29.39],[-83.125,29.399],[-83.075,29.407],[-83.025,29.416],[-82.975,29.424],[-82.97,29.425],[-82.925,29.432],[-82.875,29.441],[-82.825,29.449],[-82.775,29.456],[-82.725,29.464],[-82.675,29.472],[-82.657,29.475],[-82.625,29.48],[-82.575,29.488],[-82.525,29.496],[-82.475,29.504],[-82.425,29.512],[-82.375,29.521],[-82.349,29.525],[-82.325,29.529],[-82.275,29.538],[-82.225,29.547],[-82.175,29.557],[-82.125,29.566],[-82.079,29.575],[-82.075,29.576],[-82.025,29.585],[-81.975,29.595],[-81.925,29.604],[-81.875,29.613],[-81.825,29.622],[-81.804,29.625],[-81.775,29.63],[-81.725,29.637],[-81.675,29.645],[-81.625,29.651],[-81.575,29.658],[-81.525,29.664],[-81.475,29.669],[-81.425,29.674],[-81.412,29.675],[-81.375,29.678],[-81.325,29.683],[-81.275,29.687],[-81.24,29.69]]]}},{"type":"Feature","properties":{"date":"2006-03-02","label":"2 Mar","yday":61,"tier":"day","major":false},"geometry":{"type":"MultiLineString","coordinates":[[[-83.375,29.542],[-83.325,29.551],[-83.275,29.56],[-83.225,29.569],[-83.191,29.575],[-83.175,29.578],[-83.125,29.586],[-83.075,29.595],[-83.025,29.603],[-82.975,29.611],[-82.925,29.619],[-82.887,29.625],[-82.875,29.627],[-82.825,29.635],[-82.775,29.642],[-82.725,29.65],[-82.675,29.657],[-82.625,29.665],[-82.575,29.672],[-82.556,29.675],[-82.525,29.68],[-82.475,29.687],[-82.425,29.695],[-82.375,29.703],[-82.325,29.711],[-82.275,29.719],[-82.242,29.725],[-82.225,29.728],[-82.175,29.737],[-82.125,29.746],[-82.075,29.755],[-82.025,29.764],[-81.975,29.773],[-81.963,29.775],[-81.925,29.781],[-81.875,29.789],[-81.825,29.797],[-81.775,29.804],[-81.725,29.811],[-81.675,29.817],[-81.625,29.822],[-81.598,29.825],[-81.575,29.827],[-81.525,29.832],[-81.475,29.836],[-81.425,29.839],[-81.375,29.842],[-81.325,29.845],[-81.297,29.847]]]}},{"type":"Feature","properties":{"date":"2006-03-03","label":"3 Mar","yday":62,"tier":"day","major":false},"geometry":{"type":"MultiLineString","coordinates":[[[-94.637,29.637],[-94.625,29.633],[-94.603,29.625]],[[-83.468,29.718],[-83.434,29.725],[-83.425,29.727],[-83.375,29.736],[-83.325,29.745],[-83.275,29.754],[-83.225,29.763],[-83.175,29.771],[-83.153,29.775],[-83.125,29.78],[-83.075,29.788],[-83.025,29.795],[-82.975,29.803],[-82.925,29.811],[-82.875,29.818],[-82.828,29.825],[-82.825,29.825],[-82.775,29.833],[-82.725,29.84],[-82.675,29.847],[-82.625,29.854],[-82.575,29.861],[-82.525,29.868],[-82.478,29.875],[-82.475,29.875],[-82.425,29.883],[-82.375,29.89],[-82.325,29.898],[-82.275,29.906],[-82.225,29.914],[-82.175,29.922],[-82.156,29.925],[-82.125,29.93],[-82.075,29.938],[-82.025,29.946],[-81.975,29.954],[-81.925,29.961],[-81.875,29.968],[-81.825,29.975],[-81.822,29.975],[-81.775,29.981],[-81.725,29.986],[-81.675,29.991],[-81.625,29.995],[-81.575,29.998],[-81.525,30.001],[-81.475,30.003],[-81.425,30.005],[-81.375,30.007],[-81.325,30.008]]]}},{"type":"Feature","properties":{"date":"2006-03-04","label":"4 Mar","yday":63,"tier":"day","major":false},"geometry":{"type":"MultiLineString","coordinates":[[[-94.516,29.775],[-94.475,29.76],[-94.425,29.743]],[[-83.636,29.886],[-83.625,29.888],[-83.575,29.898],[-83.525,29.908],[-83.475,29.917],[-83.433,29.925],[-83.425,29.927],[-83.375,29.935],[-83.325,29.944],[-83.275,29.952],[-83.225,29.961],[-83.175,29.968],[-83.132,29.975],[-83.125,29.976],[-83.075,29.984],[-83.025,29.991],[-82.975,29.998],[-82.925,30.005],[-82.875,30.012],[-82.825,30.018],[-82.775,30.025],[-82.774,30.025],[-82.725,30.031],[-82.675,30.038],[-82.625,30.044],[-82.575,30.051],[-82.525,30.057],[-82.475,30.064],[-82.425,30.07],[-82.389,30.075],[-82.375,30.077],[-82.325,30.083],[-82.275,30.09],[-82.225,30.097],[-82.175,30.104],[-82.125,30.11],[-82.075,30.117],[-82.025,30.124],[-82.016,30.125],[-81.975,30.13],[-81.925,30.136],[-81.875,30.142],[-81.825,30.148],[-81.775,30.153],[-81.725,30.158],[-81.675,30.161],[-81.625,30.164],[-81.575,30.166],[-81.525,30.167],[-81.475,30.168],[-81.425,30.168],[-81.375,30.168]]]}},{"type":"Feature","properties":{"date":"2006-03-05","label":"5 Mar","yday":64,"tier":"day","major":false},"geometry":{"type":"MultiLineString","coordinates":[[[-85.275,29.76],[-85.225,29.761],[-85.175,29.763],[-85.125,29.766],[-85.075,29.77],[-85.032,29.775],[-85.025,29.776],[-84.975,29.783],[-84.925,29.792],[-84.903,29.797]],[[-84.856,29.806],[-84.825,29.813],[-84.776,29.824]],[[-84.772,29.825],[-84.725,29.836],[-84.71,29.84]],[[-83.89,30.04],[-83.875,30.044],[-83.825,30.054],[-83.775,30.064],[-83.725,30.074],[-83.722,30.075],[-83.675,30.084],[-83.625,30.093],[-83.575,30.103],[-83.525,30.111],[-83.475,30.12],[-83.445,30.125],[-83.425,30.128],[-83.375,30.136],[-83.325,30.144],[-83.275,30.152],[-83.225,30.159],[-83.175,30.166],[-83.125,30.173],[-83.108,30.175],[-83.075,30.179],[-83.025,30.186],[-82.975,30.192],[-82.925,30.198],[-82.875,30.204],[-82.825,30.209],[-82.775,30.215],[-82.725,30.22],[-82.682,30.225],[-82.675,30.226],[-82.625,30.231],[-82.575,30.236],[-82.525,30.241],[-82.475,30.247],[-82.425,30.252],[-82.375,30.257],[-82.325,30.262],[-82.275,30.267],[-82.225,30.272],[-82.199,30.275],[-82.175,30.277],[-82.125,30.282],[-82.075,30.287],[-82.025,30.292],[-81.975,30.297],[-81.925,30.301],[-81.875,30.305],[-81.825,30.309],[-81.775,30.313],[-81.725,30.316],[-81.675,30.318],[-81.625,30.32],[-81.575,30.321],[-81.525,30.322],[-81.475,30.322],[-81.425,30.322]]]}},{"type":"Feature","properties":{"date":"2006-03-06","label":"6 Mar","yday":65,"tier":"five","major":false},"geometry":{"type":"MultiLineString","coordinates":[[[-85.464,29.986],[-85.425,29.986],[-85.375,29.987],[-85.325,29.988],[-85.275,29.99],[-85.225,29.993],[-85.175,29.997],[-85.125,30.001],[-85.075,30.007],[-85.025,30.013],[-84.975,30.021],[-84.949,30.025],[-84.925,30.029],[-84.875,30.038],[-84.825,30.048],[-84.775,30.059],[-84.725,30.069],[-84.7,30.075],[-84.675,30.08],[-84.625,30.092],[-84.575,30.103],[-84.525,30.115],[-84.481,30.125],[-84.475,30.126],[-84.425,30.138],[-84.375,30.149],[-84.325,30.161],[-84.275,30.172],[-84.261,30.175],[-84.225,30.183],[-84.175,30.194],[-84.125,30.204],[-84.075,30.215],[-84.025,30.225],[-84.023,30.225],[-83.975,30.235],[-83.925,30.244],[-83.875,30.254],[-83.825,30.263],[-83.775,30.272],[-83.757,30.275],[-83.725,30.281],[-83.675,30.289],[-83.625,30.297],[-83.575,30.305],[-83.525,30.313],[-83.475,30.321],[-83.444,30.325],[-83.425,30.328],[-83.375,30.335],[-83.325,30.341],[-83.275,30.348],[-83.225,30.354],[-83.175,30.36],[-83.125,30.366],[-83.075,30.371],[-83.039,30.375],[-83.025,30.376],[-82.975,30.381],[-82.925,30.386],[-82.875,30.391],[-82.825,30.395],[-82.775,30.4],[-82.725,30.404],[-82.675,30.408],[-82.625,30.412],[-82.575,30.415],[-82.525,30.419],[-82.475,30.423],[-82.442,30.425],[-82.425,30.426],[-82.375,30.43],[-82.325,30.433],[-82.275,30.436],[-82.225,30.439],[-82.175,30.443],[-82.125,30.446],[-82.075,30.448],[-82.025,30.451],[-81.975,30.454],[-81.925,30.456],[-81.875,30.458],[-81.825,30.46],[-81.775,30.462],[-81.725,30.463],[-81.675,30.464],[-81.625,30.465],[-81.575,30.466],[-81.525,30.467],[-81.475,30.467],[-81.467,30.467]],[[-94.375,30.079],[-94.366,30.075],[-94.325,30.059],[-94.275,30.04],[-94.237,30.025]]]}},{"type":"Feature","properties":{"date":"2006-03-07","label":"7 Mar","yday":66,"tier":"day","major":false},"geometry":{"type":"MultiLineString","coordinates":[[[-94.375,30.262],[-94.325,30.24],[-94.29,30.225],[-94.275,30.218],[-94.225,30.197],[-94.175,30.177],[-94.171,30.175],[-94.125,30.156],[-94.075,30.136],[-94.047,30.125],[-94.025,30.116],[-93.995,30.105]],[[-89.771,30.271],[-89.725,30.268],[-89.675,30.266],[-89.625,30.263],[-89.575,30.261],[-89.525,30.258],[-89.475,30.256],[-89.425,30.253]],[[-85.884,30.234],[-85.875,30.234],[-85.832,30.232]],[[-85.627,30.227],[-85.625,30.227],[-85.575,30.227],[-85.525,30.227],[-85.475,30.228],[-85.425,30.229],[-85.375,30.231],[-85.325,30.234],[-85.275,30.237],[-85.225,30.24],[-85.175,30.245],[-85.125,30.25],[-85.075,30.255],[-85.025,30.261],[-84.975,30.268],[-84.928,30.275],[-84.925,30.275],[-84.875,30.283],[-84.825,30.291],[-84.775,30.3],[-84.725,30.309],[-84.675,30.318],[-84.634,30.325],[-84.625,30.327],[-84.575,30.336],[-84.525,30.345],[-84.475,30.354],[-84.425,30.364],[-84.375,30.373],[-84.363,30.375],[-84.325,30.382],[-84.275,30.391],[-84.225,30.4],[-84.175,30.408],[-84.125,30.417],[-84.078,30.425],[-84.075,30.425],[-84.025,30.434],[-83.975,30.442],[-83.925,30.45],[-83.875,30.458],[-83.825,30.465],[-83.775,30.473],[-83.761,30.475],[-83.725,30.48],[-83.675,30.487],[-83.625,30.494],[-83.575,30.501],[-83.525,30.508],[-83.475,30.514],[-83.425,30.52],[-83.386,30.525],[-83.375,30.526],[-83.325,30.532],[-83.275,30.537],[-83.225,30.543],[-83.175,30.547],[-83.125,30.552],[-83.075,30.556],[-83.025,30.561],[-82.975,30.564],[-82.925,30.568],[-82.875,30.571],[-82.825,30.575],[-82.818,30.575],[-82.775,30.578],[-82.725,30.58],[-82.675,30.583],[-82.625,30.585],[-82.575,30.588],[-82.525,30.59],[-82.475,30.592],[-82.425,30.594],[-82.375,30.596],[-82.325,30.598],[-82.275,30.599],[-82.225,30.601],[-82.175,30.602],[-82.125,30.603],[-82.075,30.605],[-82.025,30.606],[-81.975,30.606],[-81.925,30.607],[-81.875,30.608],[-81.825,30.608],[-81.775,30.609],[-81.725,30.609],[-81.675,30.609],[-81.625,30.609],[-81.575,30.61],[-81.525,30.61],[-81.49,30.61]],[[-89.975,30.282],[-89.925,30.279],[-89.875,30.276],[-89.85,30.275]],[[-94.825,30.462],[-94.775,30.44],[-94.742,30.425],[-94.725,30.417],[-94.675,30.395]]]}},{"type":"Feature","properties":{"date":"2006-03-08","label":"8 Mar","yday":67,"tier":"day","major":false},"geometry":{"type":"MultiLineString","coordinates":[[[-90.762,30.412],[-90.725,30.413],[-90.675,30.416],[-90.625,30.418],[-90.575,30.42],[-90.525,30.422],[-90.477,30.423]],[[-90.125,30.425],[-90.075,30.424],[-90.025,30.422],[-89.975,30.421],[-89.925,30.419],[-89.875,30.417],[-89.825,30.416],[-89.775,30.414],[-89.725,30.413],[-89.675,30.411],[-89.625,30.41],[-89.575,30.408],[-89.525,30.407],[-89.475,30.405],[-89.425,30.404],[-89.375,30.402],[-89.325,30.401],[-89.275,30.399],[-89.225,30.398],[-89.175,30.397],[-89.125,30.395],[-89.075,30.394],[-89.025,30.393]],[[-88.791,30.391],[-88.775,30.391],[-88.725,30.391],[-88.675,30.391],[-88.625,30.391],[-88.575,30.391],[-88.525,30.392],[-88.475,30.392],[-88.425,30.393],[-88.406,30.394]],[[-88.249,30.399],[-88.225,30.4],[-88.175,30.403],[-88.125,30.406]],[[-87.88,30.43],[-87.875,30.431],[-87.825,30.438],[-87.775,30.444],[-87.725,30.451],[-87.675,30.459],[-87.625,30.466],[-87.575,30.473],[-87.562,30.475],[-87.525,30.48],[-87.475,30.487],[-87.425,30.494],[-87.375,30.5],[-87.325,30.506],[-87.275,30.511],[-87.225,30.516],[-87.175,30.519]],[[-86.974,30.524],[-86.925,30.522],[-86.875,30.52],[-86.825,30.517],[-86.775,30.514],[-86.725,30.51],[-86.675,30.507],[-86.625,30.504],[-86.575,30.501],[-86.525,30.498],[-86.503,30.497]],[[-86.444,30.494],[-86.425,30.493],[-86.408,30.492]],[[-86.183,30.483],[-86.175,30.482],[-86.125,30.48],[-86.075,30.478],[-86.025,30.476],[-86.001,30.475],[-85.975,30.474],[-85.925,30.472],[-85.875,30.47],[-85.825,30.469],[-85.775,30.468],[-85.725,30.467],[-85.675,30.466],[-85.625,30.466],[-85.575,30.466],[-85.525,30.467],[-85.475,30.468],[-85.425,30.47],[-85.375,30.472],[-85.325,30.474],[-85.313,30.475],[-85.275,30.477],[-85.225,30.481],[-85.175,30.484],[-85.125,30.489],[-85.075,30.493],[-85.025,30.498],[-84.975,30.504],[-84.925,30.51],[-84.875,30.516],[-84.825,30.522],[-84.801,30.525],[-84.775,30.528],[-84.725,30.535],[-84.675,30.542],[-84.625,30.548],[-84.575,30.555],[-84.525,30.562],[-84.475,30.569],[-84.435,30.575],[-84.425,30.576],[-84.375,30.583],[-84.325,30.59],[-84.275,30.597],[-84.225,30.604],[-84.175,30.61],[-84.125,30.617],[-84.075,30.624],[-84.065,30.625],[-84.025,30.63],[-83.975,30.637],[-83.925,30.643],[-83.875,30.649],[-83.825,30.656],[-83.775,30.662],[-83.725,30.668],[-83.675,30.674],[-83.67,30.675],[-83.625,30.68],[-83.575,30.686],[-83.525,30.692],[-83.475,30.697],[-83.425,30.703],[-83.375,30.708],[-83.325,30.713],[-83.275,30.718],[-83.225,30.722],[-83.189,30.725],[-83.175,30.726],[-83.125,30.73],[-83.075,30.733],[-83.025,30.736],[-82.975,30.739],[-82.925,30.742],[-82.875,30.744],[-82.825,30.746],[-82.775,30.748],[-82.725,30.75],[-82.675,30.751],[-82.625,30.753],[-82.575,30.754],[-82.525,30.755],[-82.475,30.756],[-82.425,30.756],[-82.375,30.757],[-82.325,30.757],[-82.275,30.758],[-82.225,30.758],[-82.175,30.758],[-82.125,30.758],[-82.075,30.758],[-82.025,30.758],[-81.975,30.758],[-81.925,30.757],[-81.875,30.757],[-81.825,30.756],[-81.775,30.756],[-81.725,30.755],[-81.675,30.755],[-81.625,30.754],[-81.575,30.754],[-81.525,30.754]],[[-94.535,30.535],[-94.525,30.53],[-94.515,30.525],[-94.475,30.505],[-94.425,30.48],[-94.414,30.475],[-94.375,30.456],[-94.325,30.432],[-94.311,30.425],[-94.275,30.408],[-94.225,30.384],[-94.206,30.375],[-94.175,30.361],[-94.125,30.338],[-94.097,30.325],[-94.075,30.315],[-94.025,30.293],[-93.982,30.275],[-93.975,30.272],[-93.925,30.251],[-93.906,30.244]]]}},{"type":"Feature","properties":{"date":"2006-03-09","label":"9 Mar","yday":68,"tier":"day","major":false},"geometry":{"type":"MultiLineString","coordinates":[[[-93.609,30.309],[-93.575,30.297],[-93.525,30.282],[-93.503,30.275],[-93.475,30.267],[-93.425,30.254],[-93.375,30.242],[-93.325,30.231],[-93.291,30.225]],[[-93.686,30.336],[-93.675,30.332],[-93.656,30.325]],[[-91.033,30.533],[-91.025,30.533],[-90.975,30.537],[-90.925,30.54],[-90.875,30.543],[-90.825,30.545],[-90.775,30.548],[-90.725,30.55],[-90.675,30.552],[-90.625,30.553],[-90.575,30.555],[-90.525,30.556],[-90.475,30.557],[-90.425,30.558],[-90.375,30.559],[-90.325,30.56],[-90.275,30.56],[-90.225,30.561],[-90.175,30.561],[-90.125,30.561],[-90.075,30.561],[-90.025,30.56],[-89.975,30.56],[-89.925,30.559],[-89.875,30.559],[-89.825,30.558],[-89.775,30.557],[-89.725,30.557],[-89.675,30.556],[-89.625,30.556],[-89.575,30.556],[-89.525,30.555],[-89.475,30.555],[-89.425,30.554],[-89.375,30.554],[-89.325,30.554],[-89.275,30.553],[-89.225,30.553],[-89.175,30.553],[-89.125,30.553],[-89.075,30.553],[-89.025,30.553],[-88.975,30.553],[-88.925,30.554],[-88.875,30.554],[-88.825,30.555],[-88.775,30.555],[-88.725,30.556],[-88.675,30.557],[-88.625,30.558],[-88.575,30.559],[-88.525,30.56],[-88.475,30.562],[-88.425,30.563],[-88.375,30.565],[-88.325,30.567],[-88.275,30.57],[-88.225,30.573],[-88.19,30.575],[-88.175,30.576],[-88.125,30.58],[-88.119,30.581]],[[-87.907,30.607],[-87.875,30.613],[-87.825,30.621],[-87.801,30.625],[-87.775,30.629],[-87.725,30.638],[-87.675,30.647],[-87.625,30.656],[-87.575,30.664],[-87.525,30.673],[-87.514,30.675],[-87.475,30.682],[-87.425,30.69],[-87.375,30.698],[-87.325,30.705],[-87.275,30.712],[-87.225,30.719],[-87.175,30.725],[-87.172,30.725],[-87.125,30.73],[-87.075,30.734],[-87.025,30.738],[-86.975,30.74],[-86.925,30.741],[-86.875,30.741],[-86.825,30.741],[-86.775,30.74],[-86.725,30.739],[-86.675,30.738],[-86.625,30.736],[-86.575,30.735],[-86.525,30.732],[-86.475,30.73],[-86.425,30.728],[-86.379,30.725],[-86.375,30.725],[-86.325,30.722],[-86.275,30.719],[-86.225,30.715],[-86.175,30.712],[-86.125,30.709],[-86.075,30.705],[-86.025,30.702],[-85.975,30.699],[-85.925,30.696],[-85.875,30.694],[-85.825,30.692],[-85.775,30.69],[-85.725,30.688],[-85.675,30.687],[-85.625,30.686],[-85.575,30.686],[-85.525,30.686],[-85.475,30.687],[-85.425,30.688],[-85.375,30.689],[-85.325,30.692],[-85.275,30.694],[-85.225,30.697],[-85.175,30.7],[-85.125,30.703],[-85.075,30.707],[-85.025,30.71],[-84.975,30.714],[-84.925,30.719],[-84.875,30.723],[-84.859,30.725],[-84.825,30.728],[-84.775,30.733],[-84.725,30.738],[-84.675,30.743],[-84.625,30.748],[-84.575,30.754],[-84.525,30.759],[-84.475,30.764],[-84.425,30.769],[-84.375,30.774],[-84.368,30.775],[-84.325,30.779],[-84.275,30.784],[-84.225,30.789],[-84.175,30.795],[-84.125,30.8],[-84.075,30.805],[-84.025,30.81],[-83.975,30.816],[-83.925,30.821],[-83.889,30.825],[-83.875,30.827],[-83.825,30.832],[-83.775,30.837],[-83.725,30.842],[-83.675,30.848],[-83.625,30.853],[-83.575,30.858],[-83.525,30.863],[-83.475,30.868],[-83.425,30.873],[-83.405,30.875],[-83.375,30.878],[-83.325,30.882],[-83.275,30.887],[-83.225,30.891],[-83.175,30.894],[-83.125,30.897],[-83.075,30.9],[-83.025,30.903],[-82.975,30.905],[-82.925,30.907],[-82.875,30.909],[-82.825,30.91],[-82.775,30.911],[-82.725,30.912],[-82.675,30.913],[-82.625,30.913],[-82.575,30.914],[-82.525,30.914],[-82.475,30.914],[-82.425,30.914],[-82.375,30.914],[-82.325,30.914],[-82.275,30.913],[-82.225,30.913],[-82.175,30.912],[-82.125,30.912],[-82.075,30.911],[-82.025,30.91],[-81.975,30.909],[-81.925,30.908],[-81.875,30.906],[-81.825,30.905],[-81.775,30.904],[-81.725,30.903],[-81.675,30.901],[-81.625,30.9],[-81.575,30.899],[-81.525,30.898],[-81.498,30.898]],[[-95.097,31.075],[-95.075,31.063],[-95.025,31.035],[-95.006,31.025],[-94.975,31.008],[-94.925,30.98],[-94.917,30.975],[-94.875,30.952],[-94.828,30.925],[-94.825,30.923],[-94.775,30.895],[-94.74,30.875],[-94.725,30.866],[-94.675,30.838],[-94.653,30.825],[-94.625,30.809],[-94.575,30.781],[-94.565,30.775],[-94.525,30.753],[-94.476,30.725],[-94.475,30.724],[-94.425,30.696],[-94.387,30.675],[-94.375,30.668],[-94.325,30.641],[-94.296,30.625],[-94.275,30.614],[-94.225,30.587],[-94.203,30.575],[-94.175,30.56],[-94.125,30.534],[-94.107,30.525],[-94.075,30.509],[-94.025,30.484],[-94.007,30.475],[-93.975,30.46],[-93.925,30.436],[-93.9,30.425],[-93.875,30.414],[-93.825,30.392],[-93.785,30.375],[-93.778,30.372]]]}},{"type":"Feature","properties":{"date":"2006-03-10","label":"10 Mar","yday":69,"tier":"day","major":false},"geometry":{"type":"MultiLineString","coordinates":[[[-91.158,30.658],[-91.125,30.661],[-91.075,30.665],[-91.025,30.668],[-90.975,30.671],[-90.925,30.674],[-90.899,30.675],[-90.875,30.676],[-90.825,30.678],[-90.775,30.68],[-90.725,30.682],[-90.675,30.684],[-90.625,30.685],[-90.575,30.687],[-90.525,30.688],[-90.475,30.689],[-90.425,30.691],[-90.375,30.692],[-90.325,30.693],[-90.275,30.694],[-90.225,30.694],[-90.175,30.695],[-90.125,30.696],[-90.075,30.697],[-90.025,30.697],[-89.975,30.698],[-89.925,30.698],[-89.875,30.699],[-89.825,30.699],[-89.775,30.7],[-89.725,30.701],[-89.675,30.701],[-89.625,30.702],[-89.575,30.703],[-89.525,30.704],[-89.475,30.704],[-89.425,30.705],[-89.375,30.706],[-89.325,30.707],[-89.275,30.708],[-89.225,30.709],[-89.175,30.71],[-89.125,30.711],[-89.075,30.713],[-89.025,30.714],[-88.975,30.715],[-88.925,30.717],[-88.875,30.718],[-88.825,30.72],[-88.775,30.722],[-88.725,30.723],[-88.679,30.725],[-88.675,30.725],[-88.625,30.727],[-88.575,30.729],[-88.525,30.732],[-88.475,30.734],[-88.425,30.737],[-88.375,30.74],[-88.325,30.743],[-88.275,30.746],[-88.225,30.751],[-88.175,30.755],[-88.125,30.761],[-88.075,30.767],[-88.025,30.774],[-88.015,30.775],[-87.975,30.781],[-87.925,30.789],[-87.875,30.797],[-87.825,30.806],[-87.775,30.815],[-87.725,30.824],[-87.719,30.825],[-87.675,30.833],[-87.625,30.842],[-87.575,30.851],[-87.525,30.859],[-87.475,30.868],[-87.433,30.875],[-87.425,30.876],[-87.375,30.884],[-87.325,30.892],[-87.275,30.899],[-87.225,30.906],[-87.175,30.912],[-87.125,30.918],[-87.075,30.923],[-87.051,30.925],[-87.025,30.927],[-86.975,30.931],[-86.925,30.934],[-86.875,30.937],[-86.825,30.939],[-86.775,30.941],[-86.725,30.942],[-86.675,30.942],[-86.625,30.942],[-86.575,30.942],[-86.525,30.941],[-86.475,30.939],[-86.425,30.937],[-86.375,30.935],[-86.325,30.932],[-86.275,30.928],[-86.234,30.925],[-86.225,30.924],[-86.175,30.92],[-86.125,30.915],[-86.075,30.911],[-86.025,30.906],[-85.975,30.902],[-85.925,30.898],[-85.875,30.894],[-85.825,30.89],[-85.775,30.887],[-85.725,30.884],[-85.675,30.882],[-85.625,30.88],[-85.575,30.879],[-85.525,30.878],[-85.475,30.878],[-85.425,30.878],[-85.375,30.879],[-85.325,30.88],[-85.275,30.882],[-85.225,30.884],[-85.175,30.886],[-85.125,30.888],[-85.075,30.891],[-85.025,30.894],[-84.975,30.897],[-84.925,30.9],[-84.875,30.904],[-84.825,30.908],[-84.775,30.912],[-84.725,30.917],[-84.675,30.921],[-84.627,30.925],[-84.625,30.925],[-84.575,30.929],[-84.525,30.933],[-84.475,30.937],[-84.425,30.941],[-84.375,30.945],[-84.325,30.949],[-84.275,30.953],[-84.225,30.957],[-84.175,30.961],[-84.125,30.966],[-84.075,30.97],[-84.025,30.975],[-84.021,30.975],[-83.975,30.979],[-83.925,30.984],[-83.875,30.988],[-83.825,30.993],[-83.775,30.998],[-83.725,31.002],[-83.675,31.007],[-83.625,31.012],[-83.575,31.016],[-83.525,31.021],[-83.485,31.025],[-83.475,31.026],[-83.425,31.03],[-83.375,31.035],[-83.325,31.039],[-83.275,31.043],[-83.225,31.047],[-83.175,31.05],[-83.125,31.054],[-83.075,31.056],[-83.025,31.059],[-82.975,31.061],[-82.925,31.063],[-82.875,31.064],[-82.825,31.066],[-82.775,31.067],[-82.725,31.068],[-82.675,31.068],[-82.625,31.068],[-82.575,31.068],[-82.525,31.068],[-82.475,31.068],[-82.425,31.068],[-82.375,31.068],[-82.325,31.067],[-82.275,31.067],[-82.225,31.066],[-82.175,31.065],[-82.125,31.064],[-82.075,31.063],[-82.025,31.062],[-81.975,31.061],[-81.925,31.059],[-81.875,31.058],[-81.825,31.056],[-81.775,31.054],[-81.725,31.052],[-81.675,31.05],[-81.625,31.049],[-81.575,31.047],[-81.525,31.045],[-81.475,31.044],[-81.425,31.044]],[[-94.723,31.125],[-94.675,31.095],[-94.643,31.075],[-94.625,31.064],[-94.575,31.033],[-94.563,31.025],[-94.525,31.001],[-94.484,30.975],[-94.475,30.97],[-94.425,30.938],[-94.404,30.925],[-94.375,30.907],[-94.325,30.875],[-94.325,30.875],[-94.275,30.844],[-94.244,30.825],[-94.225,30.814],[-94.175,30.783],[-94.161,30.775],[-94.125,30.754],[-94.076,30.725],[-94.075,30.724],[-94.025,30.696],[-93.987,30.675],[-93.975,30.668],[-93.925,30.641],[-93.894,30.625],[-93.875,30.615],[-93.825,30.59],[-93.794,30.575],[-93.775,30.566],[-93.725,30.543],[-93.684,30.525],[-93.675,30.521],[-93.625,30.501],[-93.575,30.482],[-93.557,30.475],[-93.525,30.464],[-93.475,30.448],[-93.425,30.433],[-93.396,30.425],[-93.375,30.419],[-93.325,30.408],[-93.275,30.398],[-93.225,30.389],[-93.175,30.383],[-93.125,30.378],[-93.075,30.375],[-93.047,30.375],[-93.025,30.375],[-93.003,30.375],[-92.975,30.375],[-92.925,30.378],[-92.875,30.381],[-92.825,30.386],[-92.775,30.392],[-92.725,30.398],[-92.675,30.405],[-92.625,30.413],[-92.575,30.422],[-92.556,30.425],[-92.525,30.431],[-92.475,30.44]]]}},{"type":"Feature","properties":{"date":"2006-03-11","label":"11 Mar","yday":70,"tier":"five","major":false},"geometry":{"type":"MultiLineString","coordinates":[[[-91.235,30.785],[-91.225,30.786],[-91.175,30.79],[-91.125,30.793],[-91.075,30.796],[-91.025,30.799],[-90.975,30.802],[-90.925,30.804],[-90.875,30.806],[-90.825,30.808],[-90.775,30.81],[-90.725,30.812],[-90.675,30.813],[-90.625,30.815],[-90.575,30.817],[-90.525,30.818],[-90.475,30.819],[-90.425,30.821],[-90.375,30.822],[-90.325,30.824],[-90.29,30.825],[-90.275,30.825],[-90.225,30.827],[-90.175,30.828],[-90.125,30.83],[-90.075,30.832],[-90.025,30.833],[-89.975,30.835],[-89.925,30.836],[-89.875,30.838],[-89.825,30.84],[-89.775,30.842],[-89.725,30.844],[-89.675,30.846],[-89.625,30.848],[-89.575,30.85],[-89.525,30.852],[-89.475,30.854],[-89.425,30.856],[-89.375,30.858],[-89.325,30.861],[-89.275,30.863],[-89.225,30.865],[-89.175,30.868],[-89.125,30.87],[-89.075,30.873],[-89.034,30.875],[-89.025,30.875],[-88.975,30.878],[-88.925,30.881],[-88.875,30.883],[-88.825,30.886],[-88.775,30.889],[-88.725,30.892],[-88.675,30.895],[-88.625,30.898],[-88.575,30.902],[-88.525,30.905],[-88.475,30.909],[-88.425,30.913],[-88.375,30.917],[-88.325,30.922],[-88.294,30.925],[-88.275,30.927],[-88.225,30.932],[-88.175,30.938],[-88.125,30.944],[-88.075,30.951],[-88.025,30.958],[-87.975,30.965],[-87.925,30.973],[-87.912,30.975],[-87.875,30.981],[-87.825,30.989],[-87.775,30.997],[-87.725,31.005],[-87.675,31.014],[-87.625,31.022],[-87.605,31.025],[-87.575,31.03],[-87.525,31.038],[-87.475,31.045],[-87.425,31.053],[-87.375,31.06],[-87.325,31.067],[-87.275,31.073],[-87.261,31.075],[-87.225,31.079],[-87.175,31.085],[-87.125,31.091],[-87.075,31.096],[-87.025,31.101],[-86.975,31.105],[-86.925,31.109],[-86.875,31.113],[-86.825,31.116],[-86.775,31.12],[-86.725,31.122],[-86.675,31.124],[-86.656,31.125],[-86.625,31.126],[-86.575,31.127],[-86.525,31.127],[-86.475,31.127],[-86.425,31.125],[-86.422,31.125],[-86.375,31.123],[-86.325,31.119],[-86.275,31.114],[-86.225,31.109],[-86.175,31.104],[-86.125,31.098],[-86.075,31.092],[-86.025,31.086],[-85.975,31.08],[-85.926,31.075],[-85.925,31.075],[-85.875,31.07],[-85.825,31.065],[-85.775,31.06],[-85.725,31.056],[-85.675,31.053],[-85.625,31.05],[-85.575,31.047],[-85.525,31.046],[-85.475,31.044],[-85.425,31.044],[-85.375,31.043],[-85.325,31.044],[-85.275,31.044],[-85.225,31.046],[-85.175,31.047],[-85.125,31.049],[-85.075,31.051],[-85.025,31.053],[-84.975,31.056],[-84.925,31.059],[-84.875,31.062],[-84.825,31.065],[-84.775,31.069],[-84.725,31.073],[-84.692,31.075],[-84.675,31.076],[-84.625,31.08],[-84.575,31.083],[-84.525,31.087],[-84.475,31.09],[-84.425,31.094],[-84.375,31.097],[-84.325,31.101],[-84.275,31.105],[-84.225,31.108],[-84.175,31.112],[-84.125,31.116],[-84.075,31.12],[-84.025,31.124],[-84.016,31.125],[-83.975,31.128],[-83.925,31.132],[-83.875,31.137],[-83.825,31.141],[-83.775,31.145],[-83.725,31.149],[-83.675,31.154],[-83.625,31.158],[-83.575,31.163],[-83.525,31.167],[-83.475,31.172],[-83.437,31.175],[-83.425,31.176],[-83.375,31.18],[-83.325,31.184],[-83.275,31.189],[-83.225,31.192],[-83.175,31.196],[-83.125,31.2],[-83.075,31.203],[-83.025,31.206],[-82.975,31.208],[-82.925,31.211],[-82.875,31.213],[-82.825,31.214],[-82.775,31.215],[-82.725,31.216],[-82.675,31.217],[-82.625,31.218],[-82.575,31.218],[-82.525,31.218],[-82.475,31.218],[-82.425,31.218],[-82.375,31.218],[-82.325,31.218],[-82.275,31.218],[-82.225,31.217],[-82.175,31.217],[-82.125,31.216],[-82.075,31.216],[-82.025,31.215],[-81.975,31.214],[-81.925,31.213],[-81.875,31.212],[-81.825,31.21],[-81.775,31.208],[-81.725,31.207],[-81.675,31.205],[-81.625,31.203],[-81.575,31.201],[-81.525,31.199],[-81.475,31.198],[-81.453,31.197]],[[-81.397,31.197],[-81.375,31.197],[-81.353,31.197]],[[-94.525,31.275],[-94.475,31.242],[-94.45,31.225],[-94.425,31.208],[-94.376,31.175],[-94.375,31.174],[-94.325,31.14],[-94.303,31.125],[-94.275,31.106],[-94.229,31.075],[-94.225,31.072],[-94.175,31.038],[-94.155,31.025],[-94.125,31.005],[-94.08,30.975],[-94.075,30.972],[-94.025,30.939],[-94.003,30.925],[-93.975,30.907],[-93.925,30.876],[-93.924,30.875],[-93.875,30.846],[-93.841,30.825],[-93.825,30.816],[-93.775,30.788],[-93.752,30.775],[-93.725,30.76],[-93.675,30.735],[-93.656,30.725],[-93.625,30.71],[-93.575,30.687],[-93.546,30.675],[-93.525,30.666],[-93.475,30.648],[-93.425,30.63],[-93.407,30.625],[-93.375,30.615],[-93.325,30.603],[-93.275,30.592],[-93.225,30.583],[-93.175,30.575],[-93.172,30.575],[-93.125,30.57],[-93.075,30.566],[-93.025,30.564],[-92.975,30.564],[-92.925,30.565],[-92.875,30.567],[-92.825,30.57],[-92.775,30.574],[-92.767,30.575],[-92.725,30.579],[-92.675,30.585],[-92.625,30.592],[-92.575,30.599],[-92.525,30.606],[-92.475,30.614],[-92.425,30.622]]]}},{"type":"Feature","properties":{"date":"2006-03-12","label":"12 Mar","yday":71,"tier":"day","major":false},"geometry":{"type":"MultiLineString","coordinates":[[[-91.325,30.911],[-91.275,30.914],[-91.225,30.918],[-91.175,30.921],[-91.125,30.923],[-91.092,30.925],[-91.075,30.926],[-91.025,30.928],[-90.975,30.93],[-90.925,30.932],[-90.875,30.934],[-90.825,30.936],[-90.775,30.938],[-90.725,30.94],[-90.675,30.941],[-90.625,30.943],[-90.575,30.945],[-90.525,30.946],[-90.475,30.948],[-90.425,30.95],[-90.375,30.952],[-90.325,30.954],[-90.275,30.956],[-90.225,30.959],[-90.175,30.961],[-90.125,30.963],[-90.075,30.966],[-90.025,30.968],[-89.975,30.971],[-89.925,30.974],[-89.907,30.975],[-89.875,30.977],[-89.825,30.98],[-89.775,30.983],[-89.725,30.986],[-89.675,30.989],[-89.625,30.993],[-89.575,30.996],[-89.525,30.999],[-89.475,31.003],[-89.425,31.007],[-89.375,31.01],[-89.325,31.014],[-89.275,31.018],[-89.225,31.022],[-89.179,31.025],[-89.175,31.025],[-89.125,31.029],[-89.075,31.033],[-89.025,31.037],[-88.975,31.041],[-88.925,31.045],[-88.875,31.049],[-88.825,31.053],[-88.775,31.057],[-88.725,31.061],[-88.675,31.065],[-88.625,31.07],[-88.575,31.074],[-88.569,31.075],[-88.525,31.079],[-88.475,31.084],[-88.425,31.089],[-88.375,31.094],[-88.325,31.1],[-88.275,31.105],[-88.225,31.111],[-88.175,31.117],[-88.125,31.124],[-88.116,31.125],[-88.075,31.13],[-88.025,31.137],[-87.975,31.144],[-87.925,31.151],[-87.875,31.158],[-87.825,31.165],[-87.775,31.173],[-87.758,31.175],[-87.725,31.18],[-87.675,31.187],[-87.625,31.194],[-87.575,31.2],[-87.525,31.207],[-87.475,31.214],[-87.425,31.22],[-87.381,31.225],[-87.375,31.226],[-87.325,31.231],[-87.275,31.237],[-87.225,31.242],[-87.175,31.247],[-87.125,31.252],[-87.075,31.257],[-87.025,31.261],[-86.975,31.265],[-86.925,31.27],[-86.875,31.274],[-86.856,31.275],[-86.825,31.277],[-86.775,31.281],[-86.725,31.283],[-86.675,31.286],[-86.625,31.288],[-86.575,31.289],[-86.525,31.29],[-86.475,31.29],[-86.425,31.289],[-86.375,31.286],[-86.325,31.282],[-86.275,31.277],[-86.258,31.275],[-86.225,31.271],[-86.175,31.264],[-86.125,31.258],[-86.075,31.251],[-86.025,31.244],[-85.975,31.237],[-85.925,31.231],[-85.875,31.225],[-85.873,31.225],[-85.825,31.219],[-85.775,31.214],[-85.725,31.209],[-85.675,31.205],[-85.625,31.201],[-85.575,31.198],[-85.525,31.195],[-85.475,31.193],[-85.425,31.192],[-85.375,31.191],[-85.325,31.19],[-85.275,31.191],[-85.225,31.191],[-85.175,31.192],[-85.125,31.193],[-85.075,31.195],[-85.025,31.196],[-84.975,31.199],[-84.925,31.201],[-84.875,31.204],[-84.825,31.206],[-84.775,31.209],[-84.725,31.212],[-84.675,31.216],[-84.625,31.219],[-84.575,31.222],[-84.536,31.225],[-84.525,31.226],[-84.475,31.229],[-84.425,31.233],[-84.375,31.236],[-84.325,31.24],[-84.275,31.243],[-84.225,31.247],[-84.175,31.251],[-84.125,31.254],[-84.075,31.258],[-84.025,31.262],[-83.975,31.266],[-83.925,31.27],[-83.875,31.273],[-83.856,31.275],[-83.825,31.277],[-83.775,31.281],[-83.725,31.286],[-83.675,31.29],[-83.625,31.294],[-83.575,31.298],[-83.525,31.303],[-83.475,31.307],[-83.425,31.312],[-83.375,31.316],[-83.325,31.321],[-83.275,31.325],[-83.274,31.325],[-83.225,31.329],[-83.175,31.333],[-83.125,31.337],[-83.075,31.341],[-83.025,31.344],[-82.975,31.348],[-82.925,31.351],[-82.875,31.353],[-82.825,31.356],[-82.775,31.357],[-82.725,31.359],[-82.675,31.36],[-82.625,31.361],[-82.575,31.362],[-82.525,31.363],[-82.475,31.363],[-82.425,31.364],[-82.375,31.365],[-82.325,31.366],[-82.275,31.366],[-82.225,31.367],[-82.175,31.368],[-82.125,31.368],[-82.075,31.369],[-82.025,31.369],[-81.975,31.369],[-81.925,31.369],[-81.875,31.369],[-81.825,31.368],[-81.775,31.368],[-81.725,31.367],[-81.675,31.366],[-81.625,31.365],[-81.575,31.364],[-81.525,31.363],[-81.475,31.363],[-81.425,31.362],[-81.388,31.362]],[[-94.413,31.487],[-94.395,31.475],[-94.375,31.462],[-94.325,31.428],[-94.321,31.425],[-94.275,31.394],[-94.248,31.375],[-94.225,31.359],[-94.177,31.325],[-94.175,31.324],[-94.125,31.289],[-94.106,31.275],[-94.075,31.253],[-94.035,31.225],[-94.025,31.218],[-93.975,31.184],[-93.963,31.175],[-93.925,31.149],[-93.889,31.125],[-93.875,31.115],[-93.825,31.082],[-93.814,31.075],[-93.775,31.05],[-93.736,31.025],[-93.725,31.018],[-93.675,30.988],[-93.652,30.975],[-93.625,30.959],[-93.575,30.932],[-93.563,30.925],[-93.525,30.906],[-93.475,30.881],[-93.461,30.875],[-93.425,30.859],[-93.375,30.839],[-93.332,30.825],[-93.325,30.823],[-93.275,30.81],[-93.225,30.8],[-93.175,30.792],[-93.125,30.785],[-93.075,30.78],[-93.025,30.776],[-93.014,30.775],[-92.975,30.773],[-92.925,30.771],[-92.875,30.771],[-92.825,30.771],[-92.775,30.773],[-92.725,30.775],[-92.724,30.775],[-92.675,30.778],[-92.625,30.782],[-92.575,30.786],[-92.525,30.791],[-92.475,30.796],[-92.425,30.801],[-92.375,30.807],[-92.325,30.813],[-92.275,30.818],[-92.225,30.824],[-92.215,30.825],[-92.175,30.829],[-92.125,30.835]]]}},{"type":"Feature","properties":{"date":"2006-03-13","label":"13 Mar","yday":72,"tier":"day","major":false},"geometry":{"type":"MultiLineString","coordinates":[[[-91.375,31.042],[-91.325,31.044],[-91.275,31.046],[-91.225,31.048],[-91.175,31.051],[-91.125,31.053],[-91.075,31.054],[-91.025,31.056],[-90.975,31.058],[-90.925,31.06],[-90.875,31.061],[-90.825,31.063],[-90.775,31.065],[-90.725,31.066],[-90.675,31.068],[-90.625,31.07],[-90.575,31.072],[-90.525,31.074],[-90.496,31.075],[-90.475,31.076],[-90.425,31.078],[-90.375,31.081],[-90.325,31.084],[-90.275,31.086],[-90.225,31.09],[-90.175,31.093],[-90.125,31.096],[-90.075,31.1],[-90.025,31.103],[-89.975,31.107],[-89.925,31.111],[-89.875,31.115],[-89.825,31.119],[-89.775,31.123],[-89.754,31.125],[-89.725,31.128],[-89.675,31.132],[-89.625,31.137],[-89.575,31.141],[-89.525,31.146],[-89.475,31.151],[-89.425,31.156],[-89.375,31.161],[-89.325,31.166],[-89.275,31.172],[-89.241,31.175],[-89.225,31.177],[-89.175,31.182],[-89.125,31.187],[-89.075,31.192],[-89.025,31.197],[-88.975,31.202],[-88.925,31.207],[-88.875,31.213],[-88.825,31.218],[-88.775,31.223],[-88.758,31.225],[-88.725,31.229],[-88.675,31.234],[-88.625,31.239],[-88.575,31.245],[-88.525,31.25],[-88.475,31.256],[-88.425,31.262],[-88.375,31.268],[-88.325,31.273],[-88.312,31.275],[-88.275,31.279],[-88.225,31.285],[-88.175,31.291],[-88.125,31.298],[-88.075,31.304],[-88.025,31.31],[-87.975,31.316],[-87.925,31.322],[-87.903,31.325],[-87.875,31.328],[-87.825,31.334],[-87.775,31.34],[-87.725,31.346],[-87.675,31.352],[-87.625,31.358],[-87.575,31.363],[-87.525,31.369],[-87.475,31.374],[-87.463,31.375],[-87.425,31.379],[-87.375,31.383],[-87.325,31.388],[-87.275,31.392],[-87.225,31.396],[-87.175,31.4],[-87.125,31.404],[-87.075,31.408],[-87.025,31.411],[-86.975,31.415],[-86.925,31.418],[-86.875,31.422],[-86.825,31.425],[-86.819,31.425],[-86.775,31.427],[-86.725,31.429],[-86.675,31.431],[-86.625,31.432],[-86.575,31.432],[-86.525,31.432],[-86.475,31.431],[-86.425,31.429],[-86.375,31.426],[-86.361,31.425],[-86.325,31.422],[-86.275,31.417],[-86.225,31.411],[-86.175,31.405],[-86.125,31.398],[-86.075,31.392],[-86.025,31.385],[-85.975,31.378],[-85.951,31.375],[-85.925,31.372],[-85.875,31.365],[-85.825,31.359],[-85.775,31.353],[-85.725,31.348],[-85.675,31.344],[-85.625,31.339],[-85.575,31.336],[-85.525,31.332],[-85.475,31.33],[-85.425,31.328],[-85.375,31.326],[-85.325,31.325],[-85.281,31.325],[-85.275,31.325],[-85.225,31.325],[-85.209,31.325],[-85.175,31.325],[-85.125,31.326],[-85.075,31.327],[-85.025,31.328],[-84.975,31.33],[-84.925,31.332],[-84.875,31.334],[-84.825,31.336],[-84.775,31.339],[-84.725,31.342],[-84.675,31.344],[-84.625,31.347],[-84.575,31.351],[-84.525,31.354],[-84.475,31.357],[-84.425,31.361],[-84.375,31.364],[-84.325,31.368],[-84.275,31.372],[-84.231,31.375],[-84.225,31.375],[-84.175,31.379],[-84.125,31.383],[-84.075,31.386],[-84.025,31.39],[-83.975,31.393],[-83.925,31.397],[-83.875,31.401],[-83.825,31.404],[-83.775,31.408],[-83.725,31.413],[-83.675,31.417],[-83.625,31.421],[-83.581,31.425],[-83.575,31.426],[-83.525,31.43],[-83.475,31.435],[-83.425,31.439],[-83.375,31.444],[-83.325,31.448],[-83.275,31.453],[-83.225,31.458],[-83.175,31.462],[-83.125,31.467],[-83.075,31.471],[-83.033,31.475],[-83.025,31.476],[-82.975,31.48],[-82.925,31.484],[-82.875,31.487],[-82.825,31.49],[-82.775,31.492],[-82.725,31.495],[-82.675,31.497],[-82.625,31.498],[-82.575,31.5],[-82.525,31.502],[-82.475,31.504],[-82.425,31.506],[-82.375,31.508],[-82.325,31.51],[-82.275,31.512],[-82.225,31.514],[-82.175,31.516],[-82.125,31.518],[-82.075,31.52],[-82.025,31.522],[-81.975,31.524],[-81.946,31.525],[-81.925,31.526],[-81.875,31.527],[-81.825,31.529],[-81.775,31.53],[-81.725,31.531],[-81.675,31.532],[-81.625,31.532],[-81.575,31.532],[-81.525,31.533],[-81.475,31.533],[-81.425,31.533],[-81.375,31.533],[-81.325,31.533],[-81.275,31.532],[-81.225,31.532],[-81.175,31.532]],[[-94.178,31.622],[-94.175,31.621],[-94.125,31.587],[-94.108,31.575],[-94.075,31.552],[-94.036,31.525],[-94.025,31.518],[-93.975,31.483],[-93.964,31.475],[-93.925,31.448],[-93.892,31.425],[-93.875,31.413],[-93.825,31.379],[-93.819,31.375],[-93.775,31.345],[-93.745,31.325],[-93.725,31.312],[-93.675,31.28],[-93.667,31.275],[-93.625,31.249],[-93.584,31.225],[-93.575,31.22],[-93.525,31.192],[-93.493,31.175],[-93.475,31.165],[-93.425,31.141],[-93.39,31.125],[-93.375,31.119],[-93.325,31.098],[-93.275,31.08],[-93.258,31.075],[-93.225,31.065],[-93.175,31.05],[-93.125,31.038],[-93.075,31.027],[-93.067,31.025],[-93.025,31.017],[-92.975,31.009],[-92.925,31.002],[-92.875,30.997],[-92.825,30.993],[-92.775,30.99],[-92.725,30.987],[-92.675,30.986],[-92.625,30.985],[-92.575,30.985],[-92.525,30.986],[-92.475,30.987],[-92.425,30.988],[-92.375,30.989],[-92.325,30.991],[-92.275,30.993],[-92.245,30.995]]]}},{"type":"Feature","properties":{"date":"2006-03-14","label":"14 Mar","yday":73,"tier":"day","major":false},"geometry":{"type":"MultiLineString","coordinates":[[[-91.375,31.175],[-91.325,31.176],[-91.275,31.178],[-91.225,31.179],[-91.175,31.18],[-91.125,31.181],[-91.075,31.183],[-91.025,31.184],[-90.975,31.185],[-90.925,31.187],[-90.875,31.188],[-90.825,31.19],[-90.775,31.191],[-90.725,31.193],[-90.675,31.195],[-90.625,31.197],[-90.575,31.199],[-90.525,31.201],[-90.475,31.204],[-90.425,31.207],[-90.375,31.21],[-90.325,31.213],[-90.275,31.217],[-90.225,31.22],[-90.175,31.224],[-90.169,31.225],[-90.125,31.229],[-90.075,31.233],[-90.025,31.238],[-89.975,31.242],[-89.925,31.247],[-89.875,31.252],[-89.825,31.257],[-89.775,31.263],[-89.725,31.268],[-89.675,31.274],[-89.667,31.275],[-89.625,31.28],[-89.575,31.286],[-89.525,31.292],[-89.475,31.298],[-89.425,31.304],[-89.375,31.311],[-89.325,31.317],[-89.275,31.324],[-89.264,31.325],[-89.225,31.33],[-89.175,31.336],[-89.125,31.343],[-89.075,31.349],[-89.025,31.355],[-88.975,31.362],[-88.925,31.368],[-88.875,31.374],[-88.87,31.375],[-88.825,31.381],[-88.775,31.387],[-88.725,31.393],[-88.675,31.399],[-88.625,31.406],[-88.575,31.412],[-88.525,31.418],[-88.475,31.424],[-88.467,31.425],[-88.425,31.43],[-88.375,31.436],[-88.325,31.442],[-88.275,31.448],[-88.225,31.453],[-88.175,31.459],[-88.125,31.465],[-88.075,31.47],[-88.032,31.475],[-88.025,31.476],[-87.975,31.481],[-87.925,31.486],[-87.875,31.491],[-87.825,31.496],[-87.775,31.501],[-87.725,31.506],[-87.675,31.51],[-87.625,31.515],[-87.575,31.519],[-87.525,31.523],[-87.501,31.525],[-87.475,31.527],[-87.425,31.531],[-87.375,31.534],[-87.325,31.538],[-87.275,31.541],[-87.225,31.544],[-87.175,31.547],[-87.125,31.549],[-87.075,31.552],[-87.025,31.555],[-86.975,31.557],[-86.925,31.559],[-86.875,31.561],[-86.825,31.563],[-86.775,31.564],[-86.725,31.565],[-86.675,31.565],[-86.625,31.565],[-86.575,31.564],[-86.525,31.562],[-86.475,31.56],[-86.425,31.557],[-86.375,31.553],[-86.325,31.549],[-86.275,31.544],[-86.225,31.538],[-86.175,31.532],[-86.125,31.526],[-86.115,31.525],[-86.075,31.52],[-86.025,31.513],[-85.975,31.507],[-85.925,31.5],[-85.875,31.494],[-85.825,31.488],[-85.775,31.482],[-85.725,31.477],[-85.703,31.475],[-85.675,31.472],[-85.625,31.468],[-85.575,31.464],[-85.525,31.46],[-85.475,31.457],[-85.425,31.455],[-85.375,31.453],[-85.325,31.451],[-85.275,31.45],[-85.225,31.45],[-85.175,31.45],[-85.125,31.45],[-85.075,31.45],[-85.025,31.451],[-84.975,31.452],[-84.925,31.454],[-84.875,31.456],[-84.825,31.458],[-84.775,31.46],[-84.725,31.462],[-84.675,31.465],[-84.625,31.468],[-84.575,31.471],[-84.525,31.474],[-84.51,31.475],[-84.475,31.477],[-84.425,31.481],[-84.375,31.484],[-84.325,31.488],[-84.275,31.491],[-84.225,31.495],[-84.175,31.499],[-84.125,31.502],[-84.075,31.505],[-84.025,31.509],[-83.975,31.512],[-83.925,31.516],[-83.875,31.52],[-83.825,31.524],[-83.809,31.525],[-83.775,31.528],[-83.725,31.532],[-83.675,31.536],[-83.625,31.541],[-83.575,31.545],[-83.525,31.55],[-83.475,31.555],[-83.425,31.56],[-83.375,31.565],[-83.325,31.57],[-83.275,31.575],[-83.272,31.575],[-83.225,31.58],[-83.175,31.585],[-83.125,31.59],[-83.075,31.595],[-83.025,31.599],[-82.975,31.604],[-82.925,31.609],[-82.875,31.613],[-82.825,31.617],[-82.775,31.62],[-82.725,31.624],[-82.703,31.625],[-82.675,31.627],[-82.625,31.63],[-82.575,31.633],[-82.525,31.636],[-82.475,31.639],[-82.425,31.643],[-82.375,31.646],[-82.325,31.65],[-82.275,31.653],[-82.225,31.657],[-82.175,31.661],[-82.125,31.665],[-82.075,31.669],[-82.025,31.672],[-81.99,31.675],[-81.975,31.676],[-81.925,31.68],[-81.875,31.683],[-81.825,31.687],[-81.775,31.69],[-81.725,31.693],[-81.675,31.696],[-81.625,31.698],[-81.575,31.699],[-81.525,31.701],[-81.475,31.701],[-81.425,31.702],[-81.375,31.702],[-81.325,31.701],[-81.275,31.701],[-81.225,31.7]],[[-93.595,31.525],[-93.575,31.512],[-93.525,31.482],[-93.512,31.475],[-93.475,31.454],[-93.425,31.426],[-93.422,31.425],[-93.375,31.401],[-93.325,31.376],[-93.322,31.375],[-93.275,31.354],[-93.225,31.333],[-93.204,31.325],[-93.175,31.314],[-93.125,31.297],[-93.075,31.281],[-93.056,31.275],[-93.025,31.266],[-92.975,31.253],[-92.925,31.241],[-92.875,31.23],[-92.847,31.225],[-92.825,31.221],[-92.775,31.213],[-92.725,31.205]]]}},{"type":"Feature","properties":{"date":"2006-03-15","label":"15 Mar","yday":74,"tier":"day","major":false},"geometry":{"type":"MultiLineString","coordinates":[[[-91.375,31.308],[-91.325,31.308],[-91.275,31.309],[-91.225,31.309],[-91.175,31.31],[-91.125,31.31],[-91.075,31.311],[-91.025,31.312],[-90.975,31.313],[-90.925,31.314],[-90.875,31.315],[-90.825,31.317],[-90.775,31.318],[-90.725,31.32],[-90.675,31.322],[-90.625,31.324],[-90.607,31.325],[-90.575,31.327],[-90.525,31.329],[-90.475,31.332],[-90.425,31.336],[-90.375,31.339],[-90.325,31.343],[-90.275,31.347],[-90.225,31.352],[-90.175,31.356],[-90.125,31.361],[-90.075,31.366],[-90.025,31.372],[-89.995,31.375],[-89.975,31.377],[-89.925,31.383],[-89.875,31.389],[-89.825,31.395],[-89.775,31.402],[-89.725,31.408],[-89.675,31.415],[-89.625,31.422],[-89.604,31.425],[-89.575,31.429],[-89.525,31.436],[-89.475,31.444],[-89.425,31.451],[-89.375,31.458],[-89.325,31.466],[-89.275,31.473],[-89.265,31.475],[-89.225,31.481],[-89.175,31.489],[-89.125,31.496],[-89.075,31.504],[-89.025,31.511],[-88.975,31.518],[-88.931,31.525],[-88.925,31.526],[-88.875,31.533],[-88.825,31.54],[-88.775,31.547],[-88.725,31.554],[-88.675,31.561],[-88.625,31.568],[-88.575,31.575],[-88.572,31.575],[-88.525,31.581],[-88.475,31.587],[-88.425,31.593],[-88.375,31.599],[-88.325,31.605],[-88.275,31.61],[-88.225,31.616],[-88.175,31.621],[-88.132,31.625],[-88.125,31.626],[-88.075,31.63],[-88.025,31.635],[-87.975,31.639],[-87.925,31.643],[-87.875,31.647],[-87.825,31.651],[-87.775,31.655],[-87.725,31.658],[-87.675,31.662],[-87.625,31.665],[-87.575,31.668],[-87.525,31.671],[-87.475,31.674],[-87.447,31.675],[-87.425,31.676],[-87.375,31.679],[-87.325,31.681],[-87.275,31.683],[-87.225,31.685],[-87.175,31.687],[-87.125,31.688],[-87.075,31.69],[-87.025,31.691],[-86.975,31.692],[-86.925,31.693],[-86.875,31.694],[-86.825,31.694],[-86.775,31.694],[-86.725,31.693],[-86.675,31.692],[-86.625,31.691],[-86.575,31.689],[-86.525,31.686],[-86.475,31.683],[-86.425,31.679],[-86.375,31.675],[-86.375,31.675],[-86.325,31.67],[-86.275,31.665],[-86.225,31.659],[-86.175,31.653],[-86.125,31.646],[-86.075,31.64],[-86.025,31.633],[-85.975,31.627],[-85.959,31.625],[-85.925,31.621],[-85.875,31.615],[-85.825,31.609],[-85.775,31.603],[-85.725,31.598],[-85.675,31.593],[-85.625,31.588],[-85.575,31.584],[-85.525,31.581],[-85.475,31.577],[-85.431,31.575],[-85.425,31.575],[-85.375,31.572],[-85.325,31.57],[-85.275,31.569],[-85.225,31.568],[-85.175,31.567],[-85.125,31.567],[-85.075,31.567],[-85.025,31.568],[-84.975,31.568],[-84.925,31.569],[-84.875,31.571],[-84.825,31.572],[-84.775,31.574],[-84.759,31.575],[-84.725,31.576],[-84.675,31.579],[-84.625,31.581],[-84.575,31.584],[-84.525,31.587],[-84.475,31.59],[-84.425,31.593],[-84.375,31.597],[-84.325,31.6],[-84.275,31.604],[-84.225,31.607],[-84.175,31.611],[-84.125,31.614],[-84.075,31.617],[-84.025,31.621],[-83.975,31.625],[-83.969,31.625],[-83.925,31.628],[-83.875,31.632],[-83.825,31.636],[-83.775,31.64],[-83.725,31.645],[-83.675,31.649],[-83.625,31.654],[-83.575,31.659],[-83.525,31.664],[-83.475,31.669],[-83.425,31.674],[-83.418,31.675],[-83.375,31.68],[-83.325,31.685],[-83.275,31.69],[-83.225,31.696],[-83.175,31.702],[-83.125,31.707],[-83.075,31.713],[-83.025,31.718],[-82.975,31.723],[-82.957,31.725],[-82.925,31.728],[-82.875,31.733],[-82.825,31.738],[-82.775,31.743],[-82.725,31.747],[-82.675,31.752],[-82.625,31.756],[-82.575,31.761],[-82.525,31.765],[-82.475,31.77],[-82.425,31.775],[-82.423,31.775],[-82.375,31.78],[-82.325,31.785],[-82.275,31.79],[-82.225,31.795],[-82.175,31.801],[-82.125,31.806],[-82.075,31.812],[-82.025,31.818],[-81.975,31.823],[-81.959,31.825],[-81.925,31.829],[-81.875,31.834],[-81.825,31.839],[-81.775,31.844],[-81.725,31.849],[-81.675,31.853],[-81.625,31.857],[-81.575,31.86],[-81.525,31.862],[-81.475,31.863],[-81.425,31.864],[-81.375,31.863],[-81.325,31.863],[-81.275,31.862],[-81.225,31.861],[-81.175,31.86],[-81.125,31.858],[-81.107,31.857]],[[-92.411,31.361],[-92.375,31.356],[-92.325,31.349],[-92.303,31.347]],[[-92.941,31.475],[-92.925,31.47],[-92.918,31.468]]]}},{"type":"Feature","properties":{"date":"2006-03-16","label":"16 Mar","yday":75,"tier":"index","major":true},"geometry":{"type":"MultiLineString","coordinates":[[[-91.325,31.44],[-91.275,31.44],[-91.225,31.439],[-91.175,31.439],[-91.125,31.439],[-91.075,31.439],[-91.025,31.44],[-90.975,31.44],[-90.925,31.441],[-90.875,31.442],[-90.825,31.444],[-90.775,31.445],[-90.725,31.447],[-90.675,31.449],[-90.625,31.452],[-90.575,31.455],[-90.525,31.458],[-90.475,31.461],[-90.425,31.465],[-90.375,31.469],[-90.325,31.473],[-90.304,31.475],[-90.275,31.478],[-90.225,31.483],[-90.175,31.488],[-90.125,31.494],[-90.075,31.499],[-90.025,31.506],[-89.975,31.512],[-89.925,31.519],[-89.878,31.525],[-89.875,31.525],[-89.825,31.533],[-89.775,31.54],[-89.725,31.547],[-89.675,31.555],[-89.625,31.563],[-89.575,31.571],[-89.551,31.575],[-89.525,31.579],[-89.475,31.588],[-89.425,31.596],[-89.375,31.604],[-89.325,31.613],[-89.275,31.622],[-89.255,31.625],[-89.225,31.63],[-89.175,31.639],[-89.125,31.647],[-89.075,31.656],[-89.025,31.664],[-88.975,31.673],[-88.961,31.675],[-88.925,31.681],[-88.875,31.689],[-88.825,31.697],[-88.775,31.705],[-88.725,31.712],[-88.675,31.719],[-88.636,31.725],[-88.625,31.727],[-88.575,31.733],[-88.525,31.74],[-88.475,31.746],[-88.425,31.752],[-88.375,31.757],[-88.325,31.762],[-88.275,31.767],[-88.225,31.772],[-88.191,31.775],[-88.175,31.776],[-88.125,31.78],[-88.075,31.784],[-88.025,31.788],[-87.975,31.791],[-87.925,31.794],[-87.875,31.797],[-87.825,31.8],[-87.775,31.802],[-87.725,31.804],[-87.675,31.807],[-87.625,31.809],[-87.575,31.81],[-87.525,31.812],[-87.475,31.814],[-87.425,31.815],[-87.375,31.817],[-87.325,31.818],[-87.275,31.819],[-87.225,31.82],[-87.175,31.821],[-87.125,31.821],[-87.075,31.822],[-87.025,31.822],[-86.975,31.822],[-86.925,31.822],[-86.875,31.821],[-86.825,31.821],[-86.775,31.819],[-86.725,31.818],[-86.675,31.816],[-86.625,31.813],[-86.575,31.81],[-86.525,31.807],[-86.475,31.802],[-86.425,31.798],[-86.375,31.793],[-86.325,31.787],[-86.275,31.781],[-86.225,31.775],[-86.225,31.775],[-86.175,31.768],[-86.125,31.762],[-86.075,31.755],[-86.025,31.748],[-85.975,31.742],[-85.925,31.735],[-85.875,31.729],[-85.838,31.725],[-85.825,31.724],[-85.775,31.718],[-85.725,31.713],[-85.675,31.708],[-85.625,31.703],[-85.575,31.699],[-85.525,31.695],[-85.475,31.691],[-85.425,31.688],[-85.375,31.686],[-85.325,31.683],[-85.275,31.682],[-85.225,31.68],[-85.175,31.679],[-85.125,31.679],[-85.075,31.678],[-85.025,31.678],[-84.975,31.679],[-84.925,31.679],[-84.875,31.68],[-84.825,31.682],[-84.775,31.683],[-84.725,31.685],[-84.675,31.687],[-84.625,31.689],[-84.575,31.692],[-84.525,31.694],[-84.475,31.697],[-84.425,31.7],[-84.375,31.703],[-84.325,31.706],[-84.275,31.71],[-84.225,31.713],[-84.175,31.716],[-84.125,31.72],[-84.075,31.724],[-84.055,31.725],[-84.025,31.727],[-83.975,31.731],[-83.925,31.735],[-83.875,31.739],[-83.825,31.743],[-83.775,31.748],[-83.725,31.752],[-83.675,31.757],[-83.625,31.762],[-83.575,31.768],[-83.525,31.773],[-83.507,31.775],[-83.475,31.778],[-83.425,31.784],[-83.375,31.79],[-83.325,31.796],[-83.275,31.802],[-83.225,31.808],[-83.175,31.814],[-83.125,31.82],[-83.085,31.825],[-83.075,31.826],[-83.025,31.832],[-82.975,31.838],[-82.925,31.844],[-82.875,31.85],[-82.825,31.856],[-82.775,31.861],[-82.725,31.867],[-82.675,31.873],[-82.656,31.875],[-82.625,31.878],[-82.575,31.884],[-82.525,31.89],[-82.475,31.896],[-82.425,31.902],[-82.375,31.908],[-82.325,31.915],[-82.275,31.922],[-82.25,31.925],[-82.225,31.928],[-82.175,31.935],[-82.125,31.942],[-82.075,31.95],[-82.025,31.957],[-81.975,31.964],[-81.925,31.971],[-81.898,31.975],[-81.875,31.978],[-81.825,31.985],[-81.775,31.991],[-81.725,31.997],[-81.675,32.002],[-81.625,32.006],[-81.575,32.01],[-81.525,32.012],[-81.475,32.014],[-81.425,32.015],[-81.375,32.015],[-81.325,32.015],[-81.275,32.014],[-81.225,32.013],[-81.175,32.012],[-81.125,32.011],[-81.075,32.009],[-81.025,32.007],[-80.975,32.005],[-80.925,32.003],[-80.901,32.001]],[[-92.643,31.593],[-92.625,31.588],[-92.575,31.575],[-92.573,31.575],[-92.525,31.563],[-92.475,31.552],[-92.425,31.541],[-92.375,31.532],[-92.34,31.525],[-92.325,31.522],[-92.275,31.514],[-92.242,31.508]]]}},{"type":"Feature","properties":{"date":"2006-03-17","label":"17 Mar","yday":76,"tier":"day","major":false},"geometry":{"type":"MultiLineString","coordinates":[[[-91.23,31.57],[-91.225,31.57],[-91.175,31.569],[-91.125,31.568],[-91.075,31.568],[-91.025,31.568],[-90.975,31.568],[-90.925,31.569],[-90.875,31.57],[-90.825,31.571],[-90.775,31.573],[-90.725,31.575],[-90.716,31.575],[-90.675,31.577],[-90.625,31.58],[-90.575,31.583],[-90.525,31.586],[-90.475,31.59],[-90.425,31.594],[-90.375,31.598],[-90.325,31.603],[-90.275,31.608],[-90.225,31.614],[-90.175,31.62],[-90.131,31.625],[-90.125,31.626],[-90.075,31.632],[-90.025,31.639],[-89.975,31.646],[-89.925,31.654],[-89.875,31.661],[-89.825,31.669],[-89.789,31.675],[-89.775,31.677],[-89.725,31.686],[-89.675,31.694],[-89.625,31.703],[-89.575,31.712],[-89.525,31.721],[-89.504,31.725],[-89.475,31.73],[-89.425,31.74],[-89.375,31.749],[-89.325,31.759],[-89.275,31.768],[-89.238,31.775],[-89.225,31.778],[-89.175,31.787],[-89.125,31.796],[-89.075,31.806],[-89.025,31.815],[-88.975,31.824],[-88.97,31.825],[-88.925,31.833],[-88.875,31.842],[-88.825,31.85],[-88.775,31.858],[-88.725,31.866],[-88.675,31.874],[-88.667,31.875],[-88.625,31.881],[-88.575,31.888],[-88.525,31.894],[-88.475,31.9],[-88.425,31.905],[-88.375,31.91],[-88.325,31.915],[-88.275,31.919],[-88.225,31.923],[-88.193,31.925],[-88.175,31.926],[-88.125,31.929],[-88.075,31.932],[-88.025,31.934],[-87.975,31.937],[-87.925,31.938],[-87.875,31.94],[-87.825,31.942],[-87.775,31.943],[-87.744,31.944]],[[-92.864,31.864],[-92.825,31.847],[-92.775,31.827],[-92.769,31.825],[-92.725,31.808],[-92.675,31.791],[-92.629,31.775],[-92.625,31.774],[-92.575,31.758],[-92.525,31.743],[-92.475,31.729],[-92.462,31.725],[-92.425,31.715],[-92.375,31.703],[-92.325,31.691],[-92.275,31.68],[-92.253,31.675],[-92.225,31.669],[-92.175,31.659],[-92.125,31.65],[-92.075,31.642],[-92.025,31.634],[-91.975,31.627],[-91.974,31.626]],[[-92.955,31.905],[-92.925,31.891],[-92.89,31.875]],[[-86.345,31.905],[-86.325,31.902],[-86.275,31.896],[-86.225,31.889],[-86.175,31.882],[-86.128,31.875],[-86.125,31.874],[-86.075,31.867],[-86.025,31.86],[-85.975,31.853],[-85.925,31.847],[-85.875,31.84],[-85.825,31.834],[-85.775,31.829],[-85.742,31.825],[-85.725,31.823],[-85.675,31.818],[-85.625,31.813],[-85.575,31.809],[-85.525,31.804],[-85.475,31.801],[-85.425,31.797],[-85.375,31.794],[-85.325,31.792],[-85.275,31.79],[-85.225,31.788],[-85.175,31.787],[-85.125,31.786],[-85.075,31.785],[-85.025,31.785],[-84.975,31.785],[-84.925,31.785],[-84.875,31.786],[-84.825,31.786],[-84.775,31.788],[-84.725,31.789],[-84.675,31.791],[-84.625,31.793],[-84.575,31.795],[-84.525,31.797],[-84.475,31.8],[-84.425,31.802],[-84.375,31.805],[-84.325,31.808],[-84.275,31.811],[-84.225,31.815],[-84.175,31.818],[-84.125,31.822],[-84.08,31.825],[-84.075,31.825],[-84.025,31.829],[-83.975,31.833],[-83.925,31.837],[-83.875,31.842],[-83.825,31.846],[-83.775,31.851],[-83.725,31.856],[-83.675,31.861],[-83.625,31.867],[-83.575,31.872],[-83.551,31.875],[-83.525,31.878],[-83.475,31.884],[-83.425,31.89],[-83.375,31.897],[-83.325,31.903],[-83.275,31.91],[-83.225,31.916],[-83.175,31.923],[-83.161,31.925],[-83.125,31.93],[-83.075,31.937],[-83.025,31.943],[-82.975,31.95],[-82.925,31.957],[-82.875,31.964],[-82.825,31.97],[-82.791,31.975],[-82.775,31.977],[-82.725,31.984],[-82.675,31.991],[-82.625,31.997],[-82.575,32.004],[-82.525,32.011],[-82.475,32.018],[-82.427,32.025],[-82.425,32.025],[-82.375,32.033],[-82.325,32.041],[-82.275,32.049],[-82.225,32.057],[-82.175,32.065],[-82.125,32.074],[-82.12,32.075],[-82.075,32.083],[-82.025,32.091],[-81.975,32.1],[-81.925,32.108],[-81.875,32.116],[-81.825,32.124],[-81.816,32.125],[-81.775,32.131],[-81.725,32.137],[-81.675,32.143],[-81.625,32.148],[-81.575,32.152],[-81.525,32.155],[-81.475,32.158],[-81.425,32.159],[-81.375,32.16],[-81.325,32.16],[-81.275,32.159],[-81.225,32.159],[-81.175,32.158],[-81.125,32.156],[-81.075,32.155],[-81.025,32.153],[-80.975,32.151],[-80.925,32.149],[-80.875,32.147],[-80.854,32.146]]]}},{"type":"Feature","properties":{"date":"2006-03-18","label":"18 Mar","yday":77,"tier":"day","major":false},"geometry":{"type":"MultiLineString","coordinates":[[[-91.152,31.698],[-91.125,31.698],[-91.075,31.697],[-91.025,31.696],[-90.975,31.696],[-90.925,31.697],[-90.875,31.697],[-90.825,31.699],[-90.775,31.7],[-90.725,31.702],[-90.675,31.705],[-90.625,31.707],[-90.575,31.711],[-90.525,31.714],[-90.475,31.718],[-90.425,31.723],[-90.402,31.725],[-90.375,31.728],[-90.325,31.733],[-90.275,31.738],[-90.225,31.744],[-90.175,31.751],[-90.125,31.758],[-90.075,31.765],[-90.025,31.772],[-90.007,31.775],[-89.975,31.78],[-89.925,31.788],[-89.875,31.797],[-89.825,31.805],[-89.775,31.814],[-89.725,31.823],[-89.716,31.825],[-89.675,31.833],[-89.625,31.842],[-89.575,31.852],[-89.525,31.862],[-89.475,31.872],[-89.459,31.875],[-89.425,31.882],[-89.375,31.892],[-89.325,31.902],[-89.275,31.913],[-89.225,31.923],[-89.214,31.925],[-89.175,31.933],[-89.125,31.943],[-89.075,31.953],[-89.025,31.963],[-88.975,31.973],[-88.963,31.975],[-88.925,31.982],[-88.875,31.991],[-88.825,32.0],[-88.775,32.009],[-88.725,32.017],[-88.675,32.024],[-88.67,32.025],[-88.625,32.031],[-88.575,32.038],[-88.525,32.044],[-88.475,32.049],[-88.425,32.054],[-88.375,32.058],[-88.325,32.062],[-88.275,32.065],[-88.225,32.068],[-88.175,32.07],[-88.125,32.072],[-88.075,32.074],[-88.037,32.075],[-88.025,32.075],[-87.976,32.076]],[[-86.116,31.984],[-86.075,31.978],[-86.054,31.975],[-86.025,31.97],[-85.975,31.963],[-85.925,31.956],[-85.875,31.949],[-85.825,31.943],[-85.775,31.936],[-85.725,31.931],[-85.675,31.925],[-85.675,31.925],[-85.625,31.92],[-85.575,31.915],[-85.525,31.91],[-85.475,31.906],[-85.425,31.903],[-85.375,31.899],[-85.325,31.896],[-85.275,31.894],[-85.225,31.892],[-85.175,31.89],[-85.125,31.889],[-85.075,31.888],[-85.025,31.887],[-84.975,31.887],[-84.925,31.887],[-84.875,31.887],[-84.825,31.888],[-84.775,31.889],[-84.725,31.89],[-84.675,31.891],[-84.625,31.893],[-84.575,31.895],[-84.525,31.897],[-84.475,31.899],[-84.425,31.901],[-84.375,31.904],[-84.325,31.907],[-84.275,31.91],[-84.225,31.913],[-84.175,31.916],[-84.125,31.92],[-84.075,31.924],[-84.059,31.925],[-84.025,31.928],[-83.975,31.932],[-83.925,31.936],[-83.875,31.941],[-83.825,31.946],[-83.775,31.951],[-83.725,31.956],[-83.675,31.962],[-83.625,31.967],[-83.575,31.974],[-83.564,31.975],[-83.525,31.98],[-83.475,31.986],[-83.425,31.993],[-83.375,32.0],[-83.325,32.007],[-83.275,32.014],[-83.225,32.022],[-83.204,32.025],[-83.175,32.029],[-83.125,32.037],[-83.075,32.044],[-83.025,32.052],[-82.975,32.06],[-82.925,32.067],[-82.876,32.075],[-82.875,32.075],[-82.825,32.083],[-82.775,32.09],[-82.725,32.098],[-82.675,32.106],[-82.625,32.113],[-82.575,32.121],[-82.551,32.125],[-82.525,32.129],[-82.475,32.137],[-82.425,32.145],[-82.375,32.154],[-82.325,32.163],[-82.275,32.172],[-82.262,32.175],[-82.225,32.182],[-82.175,32.192],[-82.125,32.202],[-82.075,32.212],[-82.025,32.222],[-82.007,32.225],[-81.975,32.231],[-81.925,32.241],[-81.875,32.25],[-81.825,32.258],[-81.775,32.266],[-81.725,32.274],[-81.714,32.275],[-81.675,32.28],[-81.625,32.286],[-81.575,32.291],[-81.525,32.295],[-81.475,32.298],[-81.425,32.3],[-81.375,32.301],[-81.325,32.302],[-81.275,32.302],[-81.225,32.301],[-81.175,32.3],[-81.125,32.299],[-81.075,32.298],[-81.025,32.296],[-80.975,32.294],[-80.925,32.292],[-80.875,32.289],[-80.825,32.287],[-80.784,32.284]],[[-93.025,32.136],[-93.004,32.125],[-92.975,32.11],[-92.925,32.084],[-92.906,32.075],[-92.875,32.06],[-92.825,32.037],[-92.799,32.025],[-92.775,32.014],[-92.725,31.993],[-92.681,31.975],[-92.675,31.973],[-92.625,31.953],[-92.575,31.935],[-92.547,31.925],[-92.525,31.917],[-92.475,31.901],[-92.425,31.885],[-92.391,31.875],[-92.375,31.87],[-92.325,31.856],[-92.275,31.843],[-92.225,31.83],[-92.204,31.825],[-92.175,31.818],[-92.125,31.807],[-92.075,31.796],[-92.025,31.787],[-91.975,31.777],[-91.961,31.775],[-91.925,31.769],[-91.875,31.761]],[[-80.626,32.276],[-80.625,32.276],[-80.611,32.275]]]}},{"type":"Feature","properties":{"date":"2006-03-19","label":"19 Mar","yday":78,"tier":"day","major":false},"geometry":{"type":"MultiLineString","coordinates":[[[-91.074,31.826],[-91.025,31.825],[-90.991,31.825],[-90.975,31.825],[-90.931,31.825],[-90.925,31.825],[-90.875,31.826],[-90.825,31.827],[-90.775,31.828],[-90.725,31.83],[-90.675,31.833],[-90.625,31.836],[-90.575,31.839],[-90.525,31.843],[-90.475,31.847],[-90.425,31.852],[-90.375,31.857],[-90.325,31.863],[-90.275,31.869],[-90.228,31.875],[-90.225,31.875],[-90.175,31.882],[-90.125,31.89],[-90.075,31.897],[-90.025,31.905],[-89.975,31.914],[-89.925,31.922],[-89.911,31.925],[-89.875,31.931],[-89.825,31.941],[-89.775,31.95],[-89.725,31.96],[-89.675,31.97],[-89.651,31.975],[-89.625,31.98],[-89.575,31.991],[-89.525,32.001],[-89.475,32.012],[-89.425,32.022],[-89.413,32.025],[-89.375,32.033],[-89.325,32.044],[-89.275,32.055],[-89.225,32.066],[-89.181,32.075],[-89.175,32.076],[-89.125,32.087],[-89.075,32.097],[-89.025,32.108],[-88.975,32.118],[-88.939,32.125],[-88.925,32.128],[-88.875,32.137],[-88.825,32.146],[-88.775,32.155],[-88.725,32.163],[-88.675,32.17],[-88.642,32.175],[-88.625,32.177],[-88.575,32.183],[-88.525,32.189],[-88.475,32.194],[-88.425,32.198],[-88.375,32.201],[-88.325,32.204],[-88.275,32.206],[-88.225,32.208],[-88.175,32.209],[-88.125,32.21],[-88.11,32.21]],[[-86.0,32.075],[-85.975,32.071],[-85.925,32.063],[-85.875,32.056],[-85.825,32.049],[-85.775,32.042],[-85.725,32.035],[-85.675,32.029],[-85.638,32.025],[-85.625,32.024],[-85.575,32.018],[-85.525,32.013],[-85.475,32.009],[-85.425,32.005],[-85.375,32.001],[-85.325,31.998],[-85.275,31.995],[-85.225,31.993],[-85.175,31.991],[-85.125,31.989],[-85.075,31.988],[-85.025,31.987],[-84.975,31.986],[-84.925,31.986],[-84.875,31.986],[-84.825,31.986],[-84.775,31.987],[-84.725,31.987],[-84.675,31.989],[-84.625,31.99],[-84.575,31.991],[-84.525,31.993],[-84.475,31.995],[-84.425,31.997],[-84.375,32.0],[-84.325,32.003],[-84.275,32.005],[-84.225,32.009],[-84.175,32.012],[-84.125,32.016],[-84.075,32.019],[-84.025,32.023],[-84.007,32.025],[-83.975,32.028],[-83.925,32.032],[-83.875,32.037],[-83.825,32.042],[-83.775,32.048],[-83.725,32.053],[-83.675,32.059],[-83.625,32.066],[-83.575,32.072],[-83.554,32.075],[-83.525,32.079],[-83.475,32.086],[-83.425,32.093],[-83.375,32.101],[-83.325,32.109],[-83.275,32.117],[-83.225,32.125],[-83.225,32.125],[-83.175,32.133],[-83.125,32.142],[-83.075,32.15],[-83.025,32.159],[-82.975,32.167],[-82.93,32.175],[-82.925,32.176],[-82.875,32.184],[-82.825,32.193],[-82.775,32.202],[-82.725,32.21],[-82.675,32.219],[-82.64,32.225],[-82.625,32.228],[-82.575,32.236],[-82.525,32.245],[-82.475,32.254],[-82.425,32.264],[-82.375,32.274],[-82.368,32.275],[-82.325,32.284],[-82.275,32.294],[-82.225,32.305],[-82.175,32.316],[-82.132,32.325],[-82.125,32.326],[-82.075,32.337],[-82.025,32.348],[-81.975,32.359],[-81.925,32.369],[-81.895,32.375],[-81.875,32.379],[-81.825,32.389],[-81.775,32.398],[-81.725,32.406],[-81.675,32.414],[-81.625,32.42],[-81.586,32.425],[-81.575,32.426],[-81.525,32.431],[-81.475,32.434],[-81.425,32.437],[-81.375,32.439],[-81.325,32.44],[-81.275,32.44],[-81.225,32.44],[-81.175,32.439],[-81.125,32.438],[-81.075,32.437],[-81.025,32.435],[-80.975,32.433],[-80.925,32.43],[-80.875,32.428],[-80.825,32.425],[-80.82,32.425],[-80.777,32.423]],[[-87.175,32.192],[-87.125,32.191],[-87.075,32.189],[-87.025,32.186],[-86.975,32.184],[-86.966,32.184]],[[-93.06,32.34],[-93.033,32.325],[-93.025,32.321],[-92.975,32.293],[-92.94,32.275],[-92.925,32.267],[-92.875,32.241],[-92.842,32.225],[-92.825,32.217],[-92.775,32.193],[-92.736,32.175],[-92.725,32.17],[-92.675,32.148],[-92.625,32.127],[-92.62,32.125],[-92.575,32.107],[-92.525,32.087],[-92.492,32.075],[-92.475,32.069],[-92.425,32.051],[-92.375,32.034],[-92.346,32.025],[-92.325,32.018],[-92.275,32.003],[-92.225,31.989],[-92.175,31.975],[-92.174,31.975],[-92.125,31.962],[-92.075,31.95],[-92.025,31.938],[-91.975,31.927],[-91.963,31.925],[-91.925,31.917],[-91.875,31.907]],[[-80.772,32.422],[-80.725,32.42]],[[-80.625,32.415],[-80.575,32.413],[-80.525,32.41],[-80.492,32.408]]]}},{"type":"Feature","properties":{"date":"2006-03-20","label":"20 Mar","yday":79,"tier":"day","major":false},"geometry":{"type":"MultiLineString","coordinates":[[[-90.896,31.954],[-90.875,31.955],[-90.825,31.956],[-90.775,31.957],[-90.725,31.959],[-90.675,31.962],[-90.625,31.965],[-90.575,31.968],[-90.525,31.972],[-90.496,31.975],[-90.475,31.977],[-90.425,31.982],[-90.375,31.987],[-90.325,31.993],[-90.275,32.0],[-90.225,32.007],[-90.175,32.014],[-90.125,32.022],[-90.105,32.025],[-90.075,32.03],[-90.025,32.039],[-89.975,32.047],[-89.925,32.057],[-89.875,32.066],[-89.831,32.075],[-89.825,32.076],[-89.775,32.086],[-89.725,32.096],[-89.675,32.107],[-89.625,32.118],[-89.59,32.125],[-89.575,32.128],[-89.525,32.139],[-89.496,32.146]],[[-85.625,32.125],[-85.625,32.125],[-85.575,32.119],[-85.525,32.114],[-85.475,32.109],[-85.425,32.104],[-85.375,32.1],[-85.325,32.097],[-85.275,32.094],[-85.225,32.091],[-85.175,32.089],[-85.125,32.087],[-85.075,32.085],[-85.025,32.084],[-84.975,32.083],[-84.925,32.082],[-84.875,32.082],[-84.825,32.082],[-84.775,32.082],[-84.725,32.083],[-84.675,32.084],[-84.625,32.085],[-84.575,32.086],[-84.525,32.088],[-84.475,32.089],[-84.425,32.091],[-84.375,32.094],[-84.325,32.096],[-84.275,32.099],[-84.225,32.102],[-84.175,32.105],[-84.125,32.109],[-84.075,32.113],[-84.025,32.117],[-83.975,32.121],[-83.937,32.125],[-83.925,32.126],[-83.875,32.131],[-83.825,32.137],[-83.775,32.142],[-83.725,32.148],[-83.675,32.155],[-83.625,32.161],[-83.575,32.169],[-83.531,32.175],[-83.525,32.176],[-83.475,32.184],[-83.425,32.192],[-83.375,32.2],[-83.325,32.208],[-83.275,32.217],[-83.232,32.225],[-83.225,32.226],[-83.175,32.235],[-83.125,32.245],[-83.075,32.254],[-83.025,32.264],[-82.975,32.273],[-82.965,32.275],[-82.925,32.283],[-82.875,32.292],[-82.825,32.302],[-82.775,32.311],[-82.725,32.321],[-82.701,32.325],[-82.675,32.33],[-82.625,32.34],[-82.575,32.349],[-82.525,32.359],[-82.475,32.37],[-82.449,32.375],[-82.425,32.38],[-82.375,32.391],[-82.325,32.402],[-82.275,32.413],[-82.225,32.424],[-82.222,32.425],[-82.175,32.436],[-82.125,32.447],[-82.075,32.459],[-82.025,32.47],[-82.005,32.475],[-81.975,32.482],[-81.925,32.493],[-81.875,32.504],[-81.825,32.514],[-81.775,32.525],[-81.773,32.525],[-81.725,32.534],[-81.675,32.543],[-81.625,32.55],[-81.575,32.557],[-81.525,32.562],[-81.475,32.566],[-81.425,32.569],[-81.375,32.571],[-81.325,32.572],[-81.275,32.573],[-81.225,32.573],[-81.175,32.573],[-81.125,32.572],[-81.075,32.571],[-81.025,32.57],[-80.975,32.568],[-80.925,32.566],[-80.875,32.564],[-80.825,32.562],[-80.775,32.56],[-80.725,32.557],[-80.675,32.555],[-80.625,32.553],[-80.575,32.551],[-80.55,32.55]],[[-89.443,32.157],[-89.425,32.161],[-89.375,32.172],[-89.363,32.175],[-89.325,32.184],[-89.275,32.195],[-89.225,32.206],[-89.175,32.217],[-89.137,32.225],[-89.125,32.228],[-89.075,32.238],[-89.025,32.249],[-88.975,32.259],[-88.925,32.269],[-88.894,32.275],[-88.875,32.279],[-88.825,32.288],[-88.775,32.296],[-88.725,32.304],[-88.675,32.312],[-88.625,32.318],[-88.575,32.324],[-88.567,32.325],[-88.525,32.329],[-88.475,32.333],[-88.425,32.336],[-88.375,32.338],[-88.325,32.34],[-88.275,32.341],[-88.225,32.342],[-88.175,32.342]],[[-92.578,32.275],[-92.575,32.274],[-92.525,32.253],[-92.475,32.233],[-92.454,32.225],[-92.425,32.214],[-92.375,32.196],[-92.325,32.179],[-92.315,32.175],[-92.275,32.162],[-92.225,32.146],[-92.175,32.131],[-92.155,32.125],[-92.125,32.116],[-92.075,32.103],[-92.025,32.09]],[[-87.21,32.31],[-87.175,32.308],[-87.125,32.306],[-87.075,32.303],[-87.025,32.3],[-86.975,32.297],[-86.925,32.294],[-86.875,32.291]],[[-80.497,32.547],[-80.475,32.546],[-80.425,32.543],[-80.375,32.54],[-80.325,32.537],[-80.275,32.534],[-80.266,32.534]]]}},{"type":"Feature","properties":{"date":"2006-03-21","label":"21 Mar","yday":80,"tier":"five","major":false},"geometry":{"type":"MultiLineString","coordinates":[[[-90.494,32.106],[-90.475,32.108],[-90.425,32.113],[-90.375,32.119],[-90.325,32.125],[-90.324,32.125],[-90.275,32.132],[-90.225,32.139],[-90.175,32.146],[-90.125,32.155],[-90.075,32.163],[-90.025,32.172],[-90.011,32.175],[-89.975,32.182],[-89.925,32.191],[-89.875,32.201],[-89.825,32.211],[-89.775,32.222],[-89.76,32.225],[-89.725,32.232],[-89.675,32.243],[-89.625,32.254],[-89.575,32.265]],[[-85.575,32.218],[-85.525,32.212],[-85.475,32.206],[-85.425,32.202],[-85.375,32.197],[-85.325,32.193],[-85.275,32.19],[-85.225,32.187],[-85.175,32.185],[-85.125,32.182],[-85.075,32.181],[-85.025,32.179],[-84.975,32.178],[-84.925,32.177],[-84.875,32.177],[-84.825,32.176],[-84.775,32.176],[-84.725,32.177],[-84.675,32.177],[-84.625,32.178],[-84.575,32.179],[-84.525,32.18],[-84.475,32.182],[-84.425,32.183],[-84.375,32.185],[-84.325,32.188],[-84.275,32.191],[-84.225,32.193],[-84.175,32.197],[-84.125,32.2],[-84.075,32.204],[-84.025,32.209],[-83.975,32.213],[-83.925,32.218],[-83.875,32.223],[-83.86,32.225],[-83.825,32.229],[-83.775,32.235],[-83.725,32.241],[-83.675,32.248],[-83.625,32.255],[-83.575,32.263],[-83.525,32.271],[-83.501,32.275],[-83.475,32.279],[-83.425,32.288],[-83.375,32.297],[-83.325,32.306],[-83.275,32.316],[-83.229,32.325],[-83.225,32.326],[-83.175,32.336],[-83.125,32.346],[-83.075,32.356],[-83.025,32.367],[-82.986,32.375],[-82.975,32.377],[-82.925,32.388],[-82.875,32.398],[-82.825,32.408],[-82.775,32.418],[-82.743,32.425],[-82.725,32.429],[-82.675,32.439],[-82.625,32.449],[-82.575,32.46],[-82.525,32.471],[-82.506,32.475],[-82.475,32.482],[-82.425,32.493],[-82.375,32.505],[-82.325,32.516],[-82.288,32.525],[-82.275,32.528],[-82.225,32.54],[-82.175,32.552],[-82.125,32.564],[-82.08,32.575],[-82.075,32.576],[-82.025,32.588],[-81.975,32.6],[-81.925,32.612],[-81.875,32.623],[-81.867,32.625],[-81.825,32.634],[-81.775,32.645],[-81.725,32.655],[-81.675,32.664],[-81.625,32.673],[-81.608,32.675],[-81.575,32.68],[-81.525,32.685],[-81.475,32.689],[-81.425,32.693],[-81.375,32.696],[-81.325,32.698],[-81.275,32.699],[-81.225,32.701],[-81.175,32.701],[-81.125,32.701],[-81.075,32.701],[-81.025,32.701],[-80.975,32.7],[-80.925,32.699],[-80.875,32.698],[-80.825,32.696],[-80.775,32.695],[-80.725,32.693],[-80.675,32.691],[-80.625,32.689],[-80.575,32.687],[-80.525,32.685],[-80.475,32.683],[-80.425,32.68],[-80.375,32.678],[-80.33,32.675],[-80.325,32.675],[-80.275,32.672],[-80.225,32.668],[-80.175,32.664],[-80.125,32.66],[-80.075,32.656],[-80.025,32.651],[-80.001,32.649]],[[-89.267,32.333],[-89.225,32.343],[-89.175,32.353],[-89.125,32.364],[-89.075,32.375],[-89.075,32.375],[-89.025,32.385],[-88.975,32.395],[-88.925,32.405],[-88.875,32.415],[-88.825,32.424],[-88.817,32.425],[-88.775,32.432],[-88.725,32.44],[-88.675,32.447],[-88.625,32.453],[-88.575,32.459],[-88.525,32.463],[-88.475,32.466],[-88.425,32.468],[-88.375,32.469],[-88.325,32.47],[-88.275,32.47],[-88.225,32.469],[-88.175,32.469]],[[-87.226,32.424],[-87.225,32.424],[-87.175,32.421],[-87.125,32.418],[-87.075,32.414],[-87.025,32.411],[-86.975,32.408],[-86.925,32.404],[-86.903,32.403]]]}},{"type":"Feature","properties":{"date":"2006-03-22","label":"22 Mar","yday":81,"tier":"day","major":false},"geometry":{"type":"MultiLineString","coordinates":[[[-85.62,32.32],[-85.575,32.314],[-85.525,32.308],[-85.475,32.302],[-85.425,32.297],[-85.375,32.292],[-85.325,32.288],[-85.275,32.285],[-85.225,32.282],[-85.175,32.279],[-85.125,32.277],[-85.087,32.275],[-85.075,32.274],[-85.025,32.273],[-84.975,32.271],[-84.925,32.27],[-84.875,32.27],[-84.825,32.269],[-84.775,32.269],[-84.725,32.269],[-84.675,32.269],[-84.625,32.269],[-84.575,32.27],[-84.525,32.271],[-84.475,32.272],[-84.425,32.274],[-84.396,32.275],[-84.375,32.276],[-84.325,32.278],[-84.275,32.281],[-84.225,32.283],[-84.175,32.287],[-84.125,32.29],[-84.075,32.294],[-84.025,32.299],[-83.975,32.303],[-83.925,32.308],[-83.875,32.314],[-83.825,32.32],[-83.784,32.325],[-83.775,32.326],[-83.725,32.333],[-83.675,32.34],[-83.625,32.348],[-83.575,32.356],[-83.525,32.364],[-83.475,32.373],[-83.466,32.375],[-83.425,32.383],[-83.375,32.392],[-83.325,32.403],[-83.275,32.413],[-83.225,32.424],[-83.22,32.425],[-83.175,32.435],[-83.125,32.446],[-83.075,32.457],[-83.025,32.469],[-82.997,32.475],[-82.975,32.48],[-82.925,32.491],[-82.875,32.502],[-82.825,32.513],[-82.775,32.524],[-82.769,32.525],[-82.725,32.535],[-82.675,32.546],[-82.625,32.557],[-82.575,32.568],[-82.545,32.575],[-82.525,32.58],[-82.475,32.591],[-82.425,32.603],[-82.375,32.615],[-82.334,32.625],[-82.325,32.627],[-82.275,32.639],[-82.225,32.652],[-82.175,32.664],[-82.132,32.675],[-82.125,32.677],[-82.075,32.689],[-82.025,32.701],[-81.975,32.713],[-81.926,32.725],[-81.925,32.725],[-81.875,32.737],[-81.825,32.748],[-81.775,32.759],[-81.725,32.769],[-81.691,32.775],[-81.675,32.778],[-81.625,32.786],[-81.575,32.794],[-81.525,32.8],[-81.475,32.806],[-81.425,32.81],[-81.375,32.814],[-81.325,32.818],[-81.275,32.821],[-81.225,32.823],[-81.175,32.825],[-81.173,32.825],[-81.125,32.826],[-81.075,32.827],[-81.025,32.828],[-80.975,32.828],[-80.925,32.828],[-80.875,32.828],[-80.825,32.827],[-80.775,32.826],[-80.725,32.825],[-80.72,32.825],[-80.675,32.824],[-80.625,32.822],[-80.575,32.821],[-80.525,32.819],[-80.475,32.817],[-80.425,32.814],[-80.375,32.812],[-80.325,32.809],[-80.275,32.806],[-80.225,32.803],[-80.175,32.799],[-80.125,32.795],[-80.075,32.791],[-80.025,32.786],[-79.975,32.781]],[[-89.923,32.327],[-89.875,32.337],[-89.825,32.347],[-89.775,32.357],[-89.725,32.368],[-89.691,32.375],[-89.675,32.378],[-89.625,32.389],[-89.596,32.396]],[[-85.679,32.329],[-85.675,32.328],[-85.652,32.325]],[[-89.035,32.515],[-89.025,32.517],[-88.983,32.525],[-88.975,32.526],[-88.925,32.536],[-88.875,32.544],[-88.825,32.553],[-88.775,32.561],[-88.725,32.568],[-88.675,32.575],[-88.672,32.575],[-88.625,32.58],[-88.575,32.585],[-88.525,32.588],[-88.475,32.591],[-88.425,32.592],[-88.375,32.592],[-88.325,32.592],[-88.275,32.592]]]}},{"type":"Feature","properties":{"date":"2006-03-23","label":"23 Mar","yday":82,"tier":"day","major":false},"geometry":{"type":"MultiLineString","coordinates":[[[-86.043,32.493],[-86.025,32.489],[-85.975,32.479],[-85.952,32.475],[-85.925,32.47],[-85.875,32.46],[-85.825,32.451],[-85.775,32.442],[-85.725,32.433],[-85.677,32.425],[-85.675,32.425],[-85.625,32.417],[-85.575,32.41],[-85.525,32.403],[-85.475,32.397],[-85.425,32.391],[-85.375,32.386],[-85.325,32.382],[-85.275,32.378],[-85.227,32.375],[-85.225,32.375],[-85.175,32.372],[-85.125,32.37],[-85.075,32.367],[-85.025,32.366],[-84.975,32.364],[-84.925,32.363],[-84.875,32.362],[-84.825,32.361],[-84.775,32.36],[-84.725,32.36],[-84.675,32.359],[-84.625,32.359],[-84.575,32.36],[-84.525,32.361],[-84.475,32.362],[-84.425,32.363],[-84.375,32.365],[-84.325,32.367],[-84.275,32.369],[-84.225,32.372],[-84.183,32.375],[-84.175,32.376],[-84.125,32.379],[-84.075,32.383],[-84.025,32.388],[-83.975,32.392],[-83.925,32.398],[-83.875,32.403],[-83.825,32.409],[-83.775,32.416],[-83.725,32.423],[-83.713,32.425],[-83.675,32.431],[-83.625,32.439],[-83.575,32.447],[-83.525,32.457],[-83.475,32.466],[-83.431,32.475],[-83.425,32.476],[-83.375,32.487],[-83.325,32.498],[-83.275,32.509],[-83.225,32.52],[-83.205,32.525],[-83.175,32.532],[-83.125,32.544],[-83.075,32.556],[-83.025,32.568],[-82.997,32.575],[-82.975,32.58],[-82.925,32.592],[-82.875,32.603],[-82.825,32.615],[-82.781,32.625],[-82.775,32.626],[-82.725,32.638],[-82.675,32.65],[-82.625,32.661],[-82.575,32.673],[-82.569,32.675],[-82.525,32.686],[-82.475,32.698],[-82.425,32.71],[-82.375,32.723],[-82.366,32.725],[-82.325,32.735],[-82.275,32.748],[-82.225,32.76],[-82.175,32.773],[-82.168,32.775],[-82.125,32.786],[-82.075,32.798],[-82.025,32.811],[-81.975,32.823],[-81.966,32.825],[-81.925,32.835],[-81.875,32.846],[-81.825,32.857],[-81.775,32.868],[-81.74,32.875],[-81.725,32.878],[-81.675,32.888],[-81.625,32.896],[-81.575,32.904],[-81.525,32.912],[-81.475,32.918],[-81.425,32.924],[-81.419,32.925],[-81.375,32.93],[-81.325,32.934],[-81.275,32.939],[-81.225,32.942],[-81.175,32.945],[-81.125,32.948],[-81.075,32.95],[-81.025,32.952],[-80.975,32.953],[-80.925,32.954],[-80.875,32.955],[-80.825,32.955],[-80.775,32.955],[-80.725,32.954],[-80.675,32.954],[-80.625,32.953],[-80.575,32.951],[-80.525,32.95],[-80.475,32.948],[-80.425,32.946],[-80.375,32.943],[-80.325,32.94],[-80.275,32.938],[-80.225,32.934],[-80.175,32.931],[-80.125,32.927],[-80.106,32.925],[-80.075,32.922],[-80.025,32.917],[-79.975,32.912],[-79.925,32.906],[-79.875,32.9],[-79.825,32.893],[-79.775,32.887],[-79.725,32.88],[-79.685,32.875],[-79.676,32.874]],[[-86.805,32.605],[-86.775,32.602],[-86.725,32.597],[-86.675,32.591],[-86.625,32.586],[-86.575,32.58],[-86.536,32.575],[-86.525,32.574],[-86.475,32.567],[-86.438,32.562]],[[-88.654,32.696],[-88.625,32.699],[-88.575,32.703],[-88.525,32.706],[-88.475,32.708],[-88.425,32.709],[-88.409,32.709]]]}},{"type":"Feature","properties":{"date":"2006-03-24","label":"24 Mar","yday":83,"tier":"day","major":false},"geometry":{"type":"MultiLineString","coordinates":[[[-87.529,32.779],[-87.525,32.778],[-87.486,32.775],[-87.475,32.774],[-87.425,32.77],[-87.375,32.765],[-87.325,32.761],[-87.275,32.756],[-87.225,32.751],[-87.175,32.746],[-87.125,32.741],[-87.075,32.736],[-87.025,32.731],[-86.975,32.726],[-86.964,32.725],[-86.925,32.721],[-86.875,32.715],[-86.825,32.71],[-86.775,32.704],[-86.725,32.699],[-86.675,32.693],[-86.625,32.686],[-86.575,32.68],[-86.537,32.675],[-86.525,32.673],[-86.475,32.666],[-86.425,32.659],[-86.375,32.651],[-86.325,32.643],[-86.275,32.635],[-86.225,32.626],[-86.221,32.625],[-86.175,32.616],[-86.125,32.607],[-86.075,32.597],[-86.025,32.587],[-85.975,32.577],[-85.963,32.575],[-85.925,32.567],[-85.875,32.558],[-85.825,32.548],[-85.775,32.538],[-85.725,32.529],[-85.701,32.525],[-85.675,32.52],[-85.625,32.512],[-85.575,32.504],[-85.525,32.497],[-85.475,32.49],[-85.425,32.484],[-85.375,32.479],[-85.33,32.475],[-85.325,32.475],[-85.275,32.471],[-85.225,32.467],[-85.175,32.464],[-85.125,32.462],[-85.075,32.459],[-85.025,32.458],[-84.975,32.456],[-84.925,32.454],[-84.875,32.453],[-84.825,32.451],[-84.775,32.45],[-84.725,32.449],[-84.675,32.449],[-84.625,32.449],[-84.575,32.449],[-84.525,32.449],[-84.475,32.45],[-84.425,32.451],[-84.375,32.453],[-84.325,32.455],[-84.275,32.457],[-84.225,32.46],[-84.175,32.463],[-84.125,32.467],[-84.075,32.471],[-84.032,32.475],[-84.025,32.476],[-83.975,32.481],[-83.925,32.486],[-83.875,32.492],[-83.825,32.498],[-83.775,32.505],[-83.725,32.513],[-83.675,32.521],[-83.649,32.525],[-83.625,32.529],[-83.575,32.538],[-83.525,32.548],[-83.475,32.558],[-83.425,32.569],[-83.398,32.575],[-83.375,32.58],[-83.325,32.592],[-83.275,32.603],[-83.225,32.616],[-83.187,32.625],[-83.175,32.628],[-83.125,32.641],[-83.075,32.653],[-83.025,32.666],[-82.987,32.675],[-82.975,32.678],[-82.925,32.69],[-82.875,32.702],[-82.825,32.715],[-82.783,32.725],[-82.775,32.727],[-82.725,32.739],[-82.675,32.752],[-82.625,32.764],[-82.582,32.775],[-82.575,32.777],[-82.525,32.789],[-82.475,32.802],[-82.425,32.815],[-82.387,32.825],[-82.375,32.828],[-82.325,32.841],[-82.275,32.854],[-82.225,32.867],[-82.192,32.875],[-82.175,32.879],[-82.125,32.892],[-82.075,32.905],[-82.025,32.917],[-81.993,32.925],[-81.975,32.929],[-81.925,32.941],[-81.875,32.953],[-81.825,32.964],[-81.776,32.975],[-81.775,32.975],[-81.725,32.986],[-81.675,32.996],[-81.625,33.005],[-81.575,33.014],[-81.525,33.022],[-81.505,33.025],[-81.475,33.03],[-81.425,33.037],[-81.375,33.043],[-81.325,33.049],[-81.275,33.055],[-81.225,33.06],[-81.175,33.064],[-81.125,33.068],[-81.075,33.071],[-81.025,33.074],[-81.002,33.075],[-80.975,33.076],[-80.925,33.078],[-80.875,33.08],[-80.825,33.081],[-80.775,33.081],[-80.725,33.081],[-80.675,33.081],[-80.625,33.081],[-80.575,33.079],[-80.525,33.078],[-80.475,33.076],[-80.444,33.075],[-80.425,33.074],[-80.375,33.072],[-80.325,33.069],[-80.275,33.066],[-80.225,33.062],[-80.175,33.058],[-80.125,33.054],[-80.075,33.049],[-80.025,33.044],[-79.975,33.039],[-79.925,33.033],[-79.875,33.027],[-79.862,33.025],[-79.825,33.02],[-79.775,33.014],[-79.725,33.007],[-79.675,33.001],[-79.625,32.994],[-79.608,32.992]]]}},{"type":"Feature","properties":{"date":"2006-03-25","label":"25 Mar","yday":84,"tier":"day","major":false},"geometry":{"type":"MultiLineString","coordinates":[[[-89.639,32.789],[-89.625,32.791],[-89.575,32.8],[-89.544,32.806]],[[-87.575,32.893],[-87.525,32.888],[-87.475,32.884],[-87.425,32.879],[-87.385,32.875],[-87.375,32.874],[-87.325,32.869],[-87.275,32.864],[-87.225,32.859],[-87.175,32.853],[-87.125,32.848],[-87.075,32.842],[-87.025,32.836],[-86.975,32.831],[-86.927,32.825],[-86.925,32.825],[-86.875,32.819],[-86.825,32.813],[-86.775,32.807],[-86.725,32.8],[-86.675,32.794],[-86.625,32.787],[-86.575,32.78],[-86.538,32.775],[-86.525,32.773],[-86.475,32.766],[-86.425,32.758],[-86.375,32.75],[-86.325,32.742],[-86.275,32.733],[-86.232,32.725],[-86.225,32.724],[-86.175,32.714],[-86.125,32.705],[-86.075,32.695],[-86.025,32.685],[-85.975,32.675],[-85.975,32.675],[-85.925,32.665],[-85.875,32.655],[-85.825,32.645],[-85.775,32.635],[-85.725,32.625],[-85.723,32.625],[-85.675,32.616],[-85.625,32.607],[-85.575,32.599],[-85.525,32.591],[-85.475,32.584],[-85.425,32.577],[-85.407,32.575],[-85.375,32.572],[-85.325,32.567],[-85.275,32.562],[-85.225,32.559],[-85.175,32.556],[-85.125,32.553],[-85.075,32.55],[-85.025,32.548],[-84.975,32.546],[-84.925,32.544],[-84.875,32.543],[-84.825,32.541],[-84.775,32.539],[-84.725,32.538],[-84.675,32.537],[-84.625,32.537],[-84.575,32.537],[-84.525,32.537],[-84.475,32.537],[-84.425,32.539],[-84.375,32.54],[-84.325,32.542],[-84.275,32.544],[-84.225,32.547],[-84.175,32.551],[-84.125,32.554],[-84.075,32.559],[-84.025,32.563],[-83.975,32.568],[-83.925,32.574],[-83.917,32.575],[-83.875,32.58],[-83.825,32.587],[-83.775,32.594],[-83.725,32.602],[-83.675,32.61],[-83.625,32.619],[-83.593,32.625],[-83.575,32.629],[-83.525,32.639],[-83.475,32.65],[-83.425,32.661],[-83.375,32.673],[-83.366,32.675],[-83.325,32.685],[-83.275,32.697],[-83.225,32.71],[-83.175,32.723],[-83.167,32.725],[-83.125,32.736],[-83.075,32.749],[-83.025,32.762],[-82.975,32.775],[-82.974,32.775],[-82.925,32.788],[-82.875,32.801],[-82.825,32.814],[-82.781,32.825],[-82.775,32.827],[-82.725,32.84],[-82.675,32.853],[-82.625,32.866],[-82.59,32.875],[-82.575,32.879],[-82.525,32.892],[-82.475,32.905],[-82.425,32.919],[-82.401,32.925],[-82.375,32.932],[-82.325,32.945],[-82.275,32.958],[-82.225,32.971],[-82.21,32.975],[-82.175,32.984],[-82.125,32.997],[-82.075,33.01],[-82.025,33.022],[-82.014,33.025],[-81.975,33.035],[-81.925,33.047],[-81.875,33.059],[-81.825,33.07],[-81.804,33.075],[-81.775,33.082],[-81.725,33.093],[-81.675,33.103],[-81.625,33.113],[-81.575,33.123],[-81.564,33.125],[-81.525,33.132],[-81.475,33.141],[-81.425,33.149],[-81.375,33.157],[-81.325,33.164],[-81.275,33.171],[-81.239,33.175],[-81.225,33.177],[-81.175,33.182],[-81.125,33.187],[-81.075,33.192],[-81.025,33.195],[-80.975,33.199],[-80.925,33.201],[-80.875,33.204],[-80.825,33.205],[-80.775,33.207],[-80.725,33.207],[-80.675,33.208],[-80.625,33.207],[-80.575,33.206],[-80.525,33.205],[-80.475,33.203],[-80.425,33.201],[-80.375,33.198],[-80.325,33.195],[-80.275,33.192],[-80.225,33.188],[-80.175,33.184],[-80.125,33.179],[-80.083,33.175],[-80.075,33.174],[-80.025,33.169],[-79.975,33.163],[-79.925,33.157],[-79.875,33.151],[-79.825,33.145],[-79.775,33.138],[-79.725,33.132],[-79.675,33.125],[-79.672,33.125],[-79.625,33.119],[-79.575,33.112],[-79.525,33.106],[-79.475,33.1],[-79.425,33.094],[-79.375,33.088],[-79.363,33.087]]]}},{"type":"Feature","properties":{"date":"2006-03-26","label":"26 Mar","yday":85,"tier":"five","major":false},"geometry":{"type":"MultiLineString","coordinates":[[[-89.675,32.917],[-89.625,32.925],[-89.625,32.925],[-89.575,32.933],[-89.525,32.941]],[[-87.575,33.004],[-87.525,32.999],[-87.475,32.994],[-87.425,32.989],[-87.375,32.983],[-87.325,32.978],[-87.3,32.975],[-87.275,32.972],[-87.225,32.966],[-87.175,32.961],[-87.125,32.955],[-87.075,32.948],[-87.025,32.942],[-86.975,32.936],[-86.925,32.929],[-86.893,32.925],[-86.875,32.923],[-86.825,32.916],[-86.775,32.909],[-86.725,32.903],[-86.675,32.896],[-86.625,32.888],[-86.575,32.881],[-86.535,32.875],[-86.525,32.874],[-86.475,32.866],[-86.425,32.858],[-86.375,32.849],[-86.325,32.841],[-86.275,32.832],[-86.238,32.825],[-86.225,32.823],[-86.175,32.813],[-86.125,32.804],[-86.075,32.794],[-86.025,32.783],[-85.984,32.775],[-85.975,32.773],[-85.925,32.763],[-85.875,32.753],[-85.825,32.742],[-85.775,32.732],[-85.738,32.725],[-85.725,32.722],[-85.675,32.713],[-85.625,32.703],[-85.575,32.695],[-85.525,32.686],[-85.475,32.678],[-85.452,32.675],[-85.425,32.671],[-85.375,32.665],[-85.325,32.66],[-85.275,32.655],[-85.225,32.651],[-85.175,32.647],[-85.125,32.643],[-85.075,32.64],[-85.025,32.638],[-84.975,32.635],[-84.925,32.633],[-84.875,32.631],[-84.825,32.629],[-84.775,32.627],[-84.725,32.626],[-84.692,32.625],[-84.675,32.625],[-84.625,32.624],[-84.575,32.624],[-84.525,32.624],[-84.475,32.624],[-84.442,32.625],[-84.425,32.625],[-84.375,32.627],[-84.325,32.629],[-84.275,32.631],[-84.225,32.634],[-84.175,32.638],[-84.125,32.641],[-84.075,32.646],[-84.025,32.651],[-83.975,32.656],[-83.925,32.662],[-83.875,32.668],[-83.827,32.675],[-83.825,32.675],[-83.775,32.683],[-83.725,32.691],[-83.675,32.7],[-83.625,32.709],[-83.575,32.719],[-83.549,32.725],[-83.525,32.73],[-83.475,32.742],[-83.425,32.754],[-83.375,32.766],[-83.338,32.775],[-83.325,32.778],[-83.275,32.791],[-83.225,32.804],[-83.175,32.818],[-83.147,32.825],[-83.125,32.831],[-83.075,32.844],[-83.025,32.858],[-82.975,32.871],[-82.962,32.875],[-82.925,32.885],[-82.875,32.899],[-82.825,32.912],[-82.778,32.925],[-82.775,32.926],[-82.725,32.94],[-82.675,32.953],[-82.625,32.967],[-82.595,32.975],[-82.575,32.981],[-82.525,32.994],[-82.475,33.008],[-82.425,33.022],[-82.412,33.025],[-82.375,33.035],[-82.325,33.049],[-82.275,33.062],[-82.226,33.075],[-82.225,33.075],[-82.175,33.088],[-82.125,33.101],[-82.075,33.114],[-82.032,33.125],[-82.025,33.127],[-81.975,33.139],[-81.925,33.152],[-81.875,33.164],[-81.831,33.175],[-81.825,33.176],[-81.775,33.188],[-81.725,33.2],[-81.675,33.212],[-81.625,33.223],[-81.614,33.225],[-81.575,33.233],[-81.525,33.244],[-81.475,33.253],[-81.425,33.263],[-81.375,33.272],[-81.354,33.275],[-81.325,33.28],[-81.275,33.288],[-81.225,33.295],[-81.175,33.301],[-81.125,33.307],[-81.075,33.313],[-81.025,33.317],[-80.975,33.322],[-80.927,33.325],[-80.925,33.325],[-80.875,33.328],[-80.825,33.33],[-80.775,33.332],[-80.725,33.333],[-80.675,33.334],[-80.625,33.334],[-80.575,33.333],[-80.525,33.332],[-80.475,33.33],[-80.425,33.328],[-80.379,33.325],[-80.375,33.325],[-80.325,33.321],[-80.275,33.318],[-80.225,33.313],[-80.175,33.309],[-80.125,33.304],[-80.075,33.298],[-80.025,33.293],[-79.975,33.287],[-79.925,33.281],[-79.876,33.275],[-79.875,33.275],[-79.825,33.268],[-79.775,33.262],[-79.725,33.255],[-79.675,33.249],[-79.625,33.242],[-79.575,33.236],[-79.525,33.23],[-79.486,33.225],[-79.475,33.224],[-79.425,33.218],[-79.375,33.212],[-79.325,33.207],[-79.275,33.202],[-79.225,33.197]]]}},{"type":"Feature","properties":{"date":"2006-03-27","label":"27 Mar","yday":86,"tier":"day","major":false},"geometry":{"type":"MultiLineString","coordinates":[[[-89.625,33.06],[-89.575,33.067],[-89.568,33.068]],[[-87.525,33.111],[-87.475,33.105],[-87.425,33.1],[-87.375,33.094],[-87.325,33.088],[-87.275,33.082],[-87.225,33.076],[-87.219,33.075],[-87.175,33.069],[-87.125,33.063],[-87.075,33.056],[-87.025,33.049],[-86.975,33.042],[-86.925,33.035],[-86.875,33.028],[-86.856,33.025],[-86.825,33.021],[-86.775,33.013],[-86.725,33.006],[-86.675,32.999],[-86.625,32.991],[-86.575,32.984],[-86.525,32.976],[-86.521,32.975],[-86.475,32.967],[-86.425,32.959],[-86.375,32.951],[-86.325,32.942],[-86.275,32.932],[-86.236,32.925],[-86.225,32.923],[-86.175,32.913],[-86.125,32.903],[-86.075,32.893],[-86.025,32.883],[-85.987,32.875],[-85.975,32.873],[-85.925,32.862],[-85.875,32.852],[-85.825,32.841],[-85.775,32.831],[-85.747,32.825],[-85.725,32.821],[-85.675,32.811],[-85.625,32.801],[-85.575,32.792],[-85.525,32.783],[-85.478,32.775],[-85.475,32.775],[-85.425,32.767],[-85.375,32.76],[-85.325,32.754],[-85.275,32.748],[-85.225,32.743],[-85.175,32.738],[-85.125,32.734],[-85.075,32.731],[-85.025,32.727],[-84.99,32.725],[-84.975,32.724],[-84.925,32.721],[-84.875,32.719],[-84.825,32.716],[-84.775,32.714],[-84.725,32.713],[-84.675,32.712],[-84.625,32.711],[-84.575,32.71],[-84.525,32.71],[-84.475,32.711],[-84.425,32.712],[-84.375,32.713],[-84.325,32.715],[-84.275,32.718],[-84.225,32.721],[-84.175,32.725],[-84.169,32.725],[-84.125,32.729],[-84.075,32.733],[-84.025,32.738],[-83.975,32.744],[-83.925,32.75],[-83.875,32.757],[-83.825,32.764],[-83.775,32.772],[-83.76,32.775],[-83.725,32.781],[-83.675,32.79],[-83.625,32.8],[-83.575,32.811],[-83.525,32.822],[-83.514,32.825],[-83.475,32.834],[-83.425,32.846],[-83.375,32.859],[-83.325,32.872],[-83.314,32.875],[-83.275,32.885],[-83.225,32.899],[-83.175,32.913],[-83.13,32.925],[-83.125,32.926],[-83.075,32.94],[-83.025,32.954],[-82.975,32.969],[-82.952,32.975],[-82.925,32.983],[-82.875,32.997],[-82.825,33.011],[-82.777,33.025],[-82.775,33.025],[-82.725,33.04],[-82.675,33.054],[-82.625,33.068],[-82.601,33.075],[-82.575,33.083],[-82.525,33.097],[-82.475,33.111],[-82.425,33.125],[-82.424,33.125],[-82.375,33.139],[-82.325,33.153],[-82.275,33.166],[-82.242,33.175],[-82.225,33.18],[-82.175,33.193],[-82.125,33.206],[-82.075,33.219],[-82.052,33.225],[-82.025,33.232],[-81.975,33.245],[-81.925,33.258],[-81.875,33.271],[-81.859,33.275],[-81.825,33.284],[-81.775,33.297],[-81.725,33.309],[-81.675,33.322],[-81.661,33.325],[-81.625,33.334],[-81.575,33.346],[-81.525,33.357],[-81.475,33.368],[-81.44,33.375],[-81.425,33.378],[-81.375,33.388],[-81.325,33.397],[-81.275,33.406],[-81.225,33.415],[-81.175,33.422],[-81.155,33.425],[-81.125,33.429],[-81.075,33.436],[-81.025,33.441],[-80.975,33.447],[-80.925,33.451],[-80.875,33.454],[-80.825,33.457],[-80.775,33.46],[-80.725,33.461],[-80.675,33.462],[-80.625,33.462],[-80.575,33.461],[-80.525,33.46],[-80.475,33.458],[-80.425,33.455],[-80.375,33.451],[-80.325,33.448],[-80.275,33.443],[-80.225,33.439],[-80.175,33.434],[-80.125,33.428],[-80.095,33.425],[-80.075,33.423],[-80.025,33.417],[-79.975,33.411],[-79.925,33.405],[-79.875,33.398],[-79.825,33.392],[-79.775,33.385],[-79.725,33.379],[-79.696,33.375],[-79.675,33.372],[-79.625,33.366],[-79.575,33.359],[-79.525,33.353],[-79.475,33.347],[-79.425,33.341],[-79.375,33.336],[-79.325,33.33],[-79.32,33.33]],[[-87.825,33.139],[-87.775,33.134],[-87.725,33.13],[-87.675,33.125],[-87.671,33.125]]]}},{"type":"Feature","properties":{"date":"2006-03-28","label":"28 Mar","yday":87,"tier":"day","major":false},"geometry":{"type":"MultiLineString","coordinates":[[[-83.602,32.898],[-83.575,32.904],[-83.525,32.915],[-83.486,32.925],[-83.475,32.928],[-83.425,32.94],[-83.375,32.953],[-83.325,32.967],[-83.294,32.975],[-83.275,32.98],[-83.225,32.994],[-83.175,33.008],[-83.125,33.023],[-83.117,33.025],[-83.075,33.037],[-83.025,33.052],[-82.975,33.067],[-82.947,33.075],[-82.925,33.081],[-82.875,33.096],[-82.825,33.111],[-82.779,33.125],[-82.775,33.126],[-82.725,33.141],[-82.675,33.156],[-82.625,33.171],[-82.61,33.175],[-82.575,33.186],[-82.525,33.2],[-82.475,33.215],[-82.439,33.225],[-82.425,33.229],[-82.375,33.243],[-82.325,33.258],[-82.275,33.272],[-82.262,33.275],[-82.225,33.285],[-82.175,33.299],[-82.125,33.312],[-82.078,33.325],[-82.075,33.326],[-82.025,33.339],[-81.975,33.353],[-81.925,33.366],[-81.893,33.375],[-81.875,33.38],[-81.825,33.394],[-81.775,33.408],[-81.725,33.421],[-81.711,33.425],[-81.675,33.435],[-81.625,33.448],[-81.575,33.46],[-81.525,33.473],[-81.515,33.475],[-81.475,33.484],[-81.425,33.496],[-81.375,33.507],[-81.325,33.517],[-81.286,33.525],[-81.275,33.527],[-81.225,33.537],[-81.175,33.545],[-81.125,33.554],[-81.075,33.561],[-81.025,33.568],[-80.975,33.574],[-80.969,33.575],[-80.925,33.58],[-80.875,33.584],[-80.825,33.588],[-80.775,33.59],[-80.725,33.592],[-80.675,33.592],[-80.625,33.592],[-80.575,33.591],[-80.525,33.589],[-80.475,33.586],[-80.425,33.582],[-80.375,33.579],[-80.335,33.575],[-80.325,33.574],[-80.275,33.569],[-80.225,33.564],[-80.175,33.559],[-80.125,33.553],[-80.075,33.548],[-80.025,33.542],[-79.975,33.535],[-79.925,33.529],[-79.894,33.525],[-79.875,33.523],[-79.825,33.516],[-79.775,33.509],[-79.725,33.503],[-79.675,33.496],[-79.625,33.49],[-79.575,33.483],[-79.525,33.477],[-79.507,33.475],[-79.475,33.471],[-79.425,33.465],[-79.375,33.46],[-79.325,33.455],[-79.275,33.45],[-79.225,33.446],[-79.175,33.442],[-79.159,33.441]],[[-87.707,33.243],[-87.675,33.24],[-87.625,33.235],[-87.575,33.23],[-87.529,33.225],[-87.525,33.225],[-87.475,33.219],[-87.425,33.213],[-87.375,33.207],[-87.325,33.201],[-87.275,33.194],[-87.225,33.188],[-87.175,33.181],[-87.135,33.175],[-87.125,33.174],[-87.075,33.166],[-87.025,33.159],[-86.975,33.151],[-86.925,33.143],[-86.875,33.136],[-86.825,33.128],[-86.809,33.125],[-86.775,33.12],[-86.725,33.112],[-86.675,33.104],[-86.625,33.096],[-86.575,33.088],[-86.525,33.08],[-86.496,33.075],[-86.475,33.071],[-86.425,33.063],[-86.375,33.054],[-86.325,33.045],[-86.275,33.035],[-86.225,33.025],[-86.223,33.025],[-86.175,33.015],[-86.125,33.005],[-86.075,32.995],[-86.025,32.984],[-85.981,32.975],[-85.975,32.974],[-85.925,32.963],[-85.875,32.952],[-85.825,32.942],[-85.775,32.931],[-85.747,32.925],[-85.725,32.92],[-85.675,32.91],[-85.625,32.9],[-85.575,32.89],[-85.525,32.881],[-85.492,32.875],[-85.475,32.872],[-85.425,32.864],[-85.375,32.856],[-85.325,32.849],[-85.275,32.842],[-85.225,32.836],[-85.175,32.831],[-85.125,32.826],[-85.116,32.825],[-85.075,32.821],[-85.025,32.817],[-84.975,32.813],[-84.925,32.81],[-84.875,32.807],[-84.825,32.804],[-84.775,32.802],[-84.725,32.8],[-84.675,32.799],[-84.625,32.798],[-84.575,32.797],[-84.525,32.797],[-84.475,32.798],[-84.425,32.799],[-84.375,32.8],[-84.325,32.802],[-84.275,32.805],[-84.225,32.808],[-84.175,32.812],[-84.125,32.816],[-84.075,32.821],[-84.039,32.825],[-84.025,32.827],[-83.975,32.833],[-83.925,32.839],[-83.875,32.847],[-83.825,32.855],[-83.775,32.863],[-83.725,32.872],[-83.711,32.875]]]}},{"type":"Feature","properties":{"date":"2006-03-29","label":"29 Mar","yday":88,"tier":"day","major":false},"geometry":{"type":"MultiLineString","coordinates":[[[-83.425,33.035],[-83.375,33.049],[-83.325,33.062],[-83.281,33.075],[-83.275,33.077],[-83.225,33.091],[-83.175,33.106],[-83.125,33.121],[-83.11,33.125],[-83.075,33.136],[-83.025,33.151],[-82.975,33.166],[-82.947,33.175],[-82.925,33.182],[-82.875,33.197],[-82.825,33.213],[-82.785,33.225],[-82.775,33.228],[-82.725,33.244],[-82.675,33.259],[-82.625,33.275],[-82.624,33.275],[-82.575,33.29],[-82.525,33.305],[-82.475,33.32],[-82.46,33.325],[-82.425,33.335],[-82.375,33.35],[-82.325,33.365],[-82.29,33.375],[-82.275,33.379],[-82.225,33.394],[-82.175,33.408],[-82.125,33.422],[-82.114,33.425],[-82.075,33.436],[-82.025,33.45],[-81.975,33.465],[-81.939,33.475],[-81.925,33.479],[-81.875,33.494],[-81.825,33.508],[-81.775,33.523],[-81.767,33.525],[-81.725,33.537],[-81.675,33.551],[-81.625,33.565],[-81.586,33.575],[-81.575,33.578],[-81.525,33.591],[-81.475,33.604],[-81.425,33.616],[-81.387,33.625],[-81.375,33.628],[-81.325,33.639],[-81.275,33.65],[-81.225,33.661],[-81.175,33.67],[-81.151,33.675],[-81.125,33.68],[-81.075,33.689],[-81.025,33.697],[-80.975,33.704],[-80.925,33.711],[-80.875,33.716],[-80.825,33.72],[-80.775,33.723],[-80.725,33.724],[-80.675,33.724],[-80.625,33.723],[-80.575,33.721],[-80.525,33.718],[-80.475,33.714],[-80.425,33.71],[-80.375,33.706],[-80.325,33.701],[-80.275,33.696],[-80.225,33.69],[-80.175,33.685],[-80.125,33.679],[-80.091,33.675],[-80.075,33.673],[-80.025,33.667],[-79.975,33.661],[-79.925,33.654],[-79.875,33.648],[-79.825,33.641],[-79.775,33.635],[-79.725,33.628],[-79.699,33.625],[-79.675,33.622],[-79.625,33.616],[-79.575,33.609],[-79.525,33.603],[-79.475,33.597],[-79.425,33.592],[-79.375,33.586],[-79.325,33.581],[-79.275,33.576],[-79.257,33.575],[-79.225,33.572],[-79.175,33.569],[-79.125,33.566],[-79.075,33.563],[-79.038,33.562]],[[-87.625,33.354],[-87.575,33.348],[-87.525,33.342],[-87.475,33.336],[-87.425,33.33],[-87.385,33.325],[-87.375,33.324],[-87.325,33.317],[-87.275,33.31],[-87.225,33.303],[-87.175,33.296],[-87.125,33.288],[-87.075,33.28],[-87.043,33.275],[-87.025,33.272],[-86.975,33.264],[-86.925,33.256],[-86.875,33.247],[-86.825,33.239],[-86.775,33.23],[-86.745,33.225],[-86.725,33.222],[-86.675,33.213],[-86.625,33.205],[-86.575,33.196],[-86.525,33.188],[-86.475,33.179],[-86.455,33.175],[-86.425,33.169],[-86.375,33.16],[-86.325,33.151],[-86.275,33.141],[-86.225,33.131],[-86.198,33.125],[-86.175,33.12],[-86.125,33.11],[-86.075,33.099],[-86.025,33.088],[-85.975,33.077],[-85.965,33.075],[-85.925,33.066],[-85.875,33.055],[-85.825,33.044],[-85.775,33.033],[-85.739,33.025],[-85.725,33.022],[-85.675,33.011],[-85.625,33.001],[-85.575,32.99],[-85.525,32.981],[-85.496,32.975],[-85.475,32.971],[-85.425,32.962],[-85.375,32.953],[-85.325,32.945],[-85.275,32.938],[-85.225,32.931],[-85.178,32.925],[-85.175,32.925],[-85.125,32.919],[-85.075,32.913],[-85.025,32.908],[-84.975,32.904],[-84.925,32.9],[-84.875,32.896],[-84.825,32.893],[-84.775,32.89],[-84.725,32.888],[-84.675,32.886],[-84.625,32.885],[-84.575,32.884],[-84.525,32.884],[-84.475,32.885],[-84.425,32.886],[-84.375,32.887],[-84.325,32.889],[-84.275,32.892],[-84.225,32.896],[-84.175,32.9],[-84.125,32.905],[-84.075,32.91],[-84.025,32.916],[-83.975,32.922],[-83.955,32.925],[-83.925,32.929],[-83.875,32.937],[-83.825,32.946],[-83.8,32.95]]]}},{"type":"Feature","properties":{"date":"2006-03-30","label":"30 Mar","yday":89,"tier":"day","major":false},"geometry":{"type":"MultiLineString","coordinates":[[[-84.047,33.003],[-84.025,33.006],[-83.975,33.013],[-83.925,33.021],[-83.899,33.025]],[[-83.425,33.132],[-83.375,33.146],[-83.325,33.16],[-83.275,33.175],[-83.273,33.175],[-83.225,33.19],[-83.175,33.205],[-83.125,33.22],[-83.11,33.225],[-83.075,33.236],[-83.025,33.252],[-82.975,33.268],[-82.953,33.275],[-82.925,33.284],[-82.875,33.3],[-82.825,33.316],[-82.798,33.325],[-82.775,33.333],[-82.725,33.349],[-82.675,33.365],[-82.644,33.375]],[[-87.184,33.416],[-87.175,33.415],[-87.125,33.407],[-87.075,33.398],[-87.025,33.39],[-86.975,33.381],[-86.94,33.375],[-86.925,33.372],[-86.875,33.363],[-86.825,33.354],[-86.775,33.345],[-86.725,33.336],[-86.675,33.327],[-86.664,33.325],[-86.625,33.318],[-86.575,33.309],[-86.525,33.299],[-86.475,33.29],[-86.425,33.28],[-86.399,33.275],[-86.375,33.27],[-86.325,33.26],[-86.275,33.25],[-86.225,33.239],[-86.175,33.229],[-86.159,33.225],[-86.125,33.218],[-86.075,33.207],[-86.025,33.195],[-85.975,33.184],[-85.937,33.175],[-85.925,33.172],[-85.875,33.161],[-85.825,33.149],[-85.775,33.138],[-85.725,33.126],[-85.72,33.125],[-85.675,33.115],[-85.625,33.104],[-85.575,33.093],[-85.525,33.082],[-85.49,33.075],[-85.475,33.072],[-85.425,33.062],[-85.375,33.053],[-85.325,33.044],[-85.275,33.035],[-85.225,33.027],[-85.208,33.025],[-85.175,33.02],[-85.125,33.013],[-85.075,33.007],[-85.025,33.001],[-84.975,32.996],[-84.925,32.991],[-84.875,32.986],[-84.825,32.983],[-84.775,32.979],[-84.725,32.977],[-84.685,32.975],[-84.675,32.975],[-84.625,32.973],[-84.575,32.972],[-84.525,32.972],[-84.475,32.972],[-84.425,32.973],[-84.381,32.975],[-84.375,32.975],[-84.325,32.978],[-84.275,32.981],[-84.234,32.984]],[[-82.542,33.408],[-82.525,33.413],[-82.487,33.425],[-82.475,33.429],[-82.425,33.444],[-82.375,33.46],[-82.325,33.475],[-82.325,33.475],[-82.275,33.49],[-82.225,33.505],[-82.175,33.52],[-82.158,33.525],[-82.125,33.535],[-82.075,33.55],[-82.025,33.565],[-81.993,33.575],[-81.975,33.58],[-81.925,33.596],[-81.875,33.611],[-81.828,33.625],[-81.825,33.626],[-81.775,33.641],[-81.725,33.656],[-81.675,33.67],[-81.659,33.675],[-81.625,33.685],[-81.575,33.699],[-81.525,33.712],[-81.477,33.725],[-81.475,33.725],[-81.425,33.738],[-81.375,33.751],[-81.325,33.763],[-81.275,33.774],[-81.272,33.775],[-81.225,33.786],[-81.175,33.796],[-81.125,33.806],[-81.075,33.816],[-81.027,33.825],[-81.025,33.825],[-80.975,33.834],[-80.925,33.841],[-80.875,33.848],[-80.825,33.853],[-80.775,33.855],[-80.725,33.856],[-80.675,33.855],[-80.625,33.853],[-80.575,33.85],[-80.525,33.846],[-80.475,33.842],[-80.425,33.837],[-80.375,33.832],[-80.325,33.827],[-80.302,33.825],[-80.275,33.822],[-80.225,33.817],[-80.175,33.811],[-80.125,33.805],[-80.075,33.799],[-80.025,33.793],[-79.975,33.787],[-79.925,33.781],[-79.877,33.775],[-79.875,33.775],[-79.825,33.768],[-79.775,33.762],[-79.725,33.756],[-79.675,33.75],[-79.625,33.744],[-79.575,33.738],[-79.525,33.732],[-79.475,33.727],[-79.46,33.725],[-79.425,33.721],[-79.375,33.716],[-79.325,33.712],[-79.275,33.707],[-79.225,33.703],[-79.175,33.7],[-79.125,33.697],[-79.075,33.695],[-79.025,33.694],[-78.975,33.693],[-78.925,33.694],[-78.905,33.695]],[[-87.682,33.482],[-87.675,33.481],[-87.625,33.476],[-87.617,33.475],[-87.575,33.47],[-87.525,33.464],[-87.475,33.458],[-87.455,33.455]]]}},{"type":"Feature","properties":{"date":"2006-03-31","label":"31 Mar","yday":90,"tier":"index","major":true},"geometry":{"type":"MultiLineString","coordinates":[[[-83.418,33.232],[-83.375,33.245],[-83.325,33.26],[-83.275,33.275],[-83.274,33.275],[-83.225,33.29],[-83.175,33.306],[-83.125,33.322],[-83.117,33.325],[-83.075,33.339],[-83.025,33.355],[-82.975,33.372],[-82.966,33.375]],[[-87.164,33.536],[-87.125,33.53],[-87.098,33.525],[-87.075,33.521],[-87.025,33.512],[-86.975,33.503],[-86.925,33.494],[-86.875,33.484],[-86.826,33.475],[-86.825,33.475],[-86.775,33.465],[-86.725,33.456],[-86.675,33.446],[-86.625,33.436],[-86.575,33.426],[-86.571,33.425],[-86.525,33.416],[-86.475,33.406],[-86.425,33.395],[-86.375,33.385],[-86.33,33.375],[-86.325,33.374],[-86.275,33.363],[-86.225,33.352],[-86.175,33.341],[-86.125,33.329],[-86.106,33.325],[-86.075,33.318],[-86.025,33.306],[-85.975,33.294],[-85.925,33.282],[-85.896,33.275],[-85.875,33.27],[-85.825,33.258],[-85.775,33.246],[-85.725,33.233],[-85.69,33.225],[-85.675,33.221],[-85.625,33.21],[-85.575,33.198],[-85.525,33.187],[-85.475,33.175],[-85.473,33.175],[-85.425,33.165],[-85.375,33.155],[-85.325,33.145],[-85.275,33.135],[-85.225,33.126],[-85.218,33.125],[-85.175,33.118],[-85.125,33.11],[-85.075,33.103],[-85.025,33.096],[-84.975,33.09],[-84.925,33.084],[-84.875,33.079],[-84.834,33.075],[-84.825,33.074],[-84.775,33.07],[-84.725,33.067],[-84.675,33.065],[-84.625,33.063],[-84.575,33.062],[-84.525,33.061],[-84.475,33.062],[-84.425,33.063],[-84.375,33.065],[-84.365,33.065]],[[-82.379,33.571],[-82.375,33.572],[-82.367,33.575],[-82.325,33.588],[-82.275,33.604],[-82.225,33.62],[-82.209,33.625],[-82.175,33.636],[-82.125,33.652],[-82.075,33.668],[-82.052,33.675],[-82.025,33.684],[-81.975,33.7],[-81.925,33.715],[-81.895,33.725],[-81.875,33.731],[-81.825,33.747],[-81.775,33.762],[-81.733,33.775],[-81.725,33.778],[-81.675,33.793],[-81.625,33.807],[-81.575,33.822],[-81.563,33.825],[-81.525,33.836],[-81.475,33.849],[-81.425,33.862],[-81.375,33.875],[-81.375,33.875],[-81.325,33.887],[-81.275,33.899],[-81.225,33.91],[-81.175,33.921],[-81.157,33.925],[-81.125,33.932],[-81.075,33.942],[-81.025,33.951],[-80.975,33.959],[-80.925,33.967],[-80.875,33.973],[-80.859,33.975],[-80.825,33.978],[-80.775,33.981],[-80.725,33.981],[-80.675,33.98],[-80.625,33.978],[-80.577,33.975],[-80.575,33.975],[-80.525,33.971],[-80.475,33.967],[-80.425,33.962],[-80.375,33.958],[-80.325,33.953],[-80.275,33.948],[-80.225,33.943],[-80.175,33.938],[-80.125,33.932],[-80.075,33.927],[-80.059,33.925],[-80.025,33.921],[-79.975,33.915],[-79.925,33.91],[-79.875,33.904],[-79.825,33.898],[-79.775,33.892],[-79.725,33.887],[-79.675,33.881],[-79.625,33.876],[-79.619,33.875],[-79.575,33.87],[-79.525,33.865],[-79.475,33.861],[-79.425,33.856],[-79.375,33.852],[-79.325,33.848],[-79.275,33.844],[-79.225,33.841],[-79.175,33.839],[-79.125,33.837],[-79.075,33.836],[-79.025,33.835],[-78.975,33.836],[-78.925,33.838],[-78.875,33.841],[-78.825,33.846],[-78.775,33.852],[-78.725,33.861],[-78.675,33.872],[-78.662,33.875],[-78.625,33.884],[-78.612,33.888]],[[-87.775,33.619],[-87.725,33.614],[-87.675,33.609],[-87.625,33.603],[-87.575,33.597],[-87.543,33.593]],[[-78.516,33.916],[-78.487,33.925],[-78.475,33.929],[-78.425,33.945],[-78.397,33.953]],[[-78.364,33.964],[-78.327,33.975],[-78.325,33.976],[-78.275,33.99],[-78.225,34.004],[-78.175,34.015],[-78.127,34.025],[-78.125,34.025],[-78.075,34.033],[-78.025,34.039],[-77.975,34.042]]]}},{"type":"Feature","properties":{"date":"2006-04-01","label":"1 Apr","yday":91,"tier":"day","major":false},"geometry":{"type":"MultiLineString","coordinates":[[[-84.888,33.175],[-84.875,33.173],[-84.825,33.168],[-84.817,33.167]],[[-87.125,33.658],[-87.075,33.649],[-87.025,33.64],[-86.975,33.63],[-86.949,33.625],[-86.925,33.62],[-86.875,33.611],[-86.825,33.601],[-86.775,33.59],[-86.725,33.58],[-86.702,33.575],[-86.675,33.569],[-86.625,33.559],[-86.575,33.548],[-86.525,33.538],[-86.475,33.527],[-86.468,33.525],[-86.425,33.516],[-86.375,33.504],[-86.325,33.493],[-86.275,33.481],[-86.248,33.475],[-86.225,33.47],[-86.175,33.458],[-86.125,33.446],[-86.075,33.434],[-86.041,33.425],[-86.025,33.421],[-85.975,33.409],[-85.925,33.396],[-85.875,33.383],[-85.843,33.375],[-85.825,33.37],[-85.775,33.358],[-85.725,33.345],[-85.675,33.332],[-85.648,33.325],[-85.625,33.319],[-85.575,33.307],[-85.525,33.295],[-85.475,33.282],[-85.443,33.275],[-85.425,33.271],[-85.375,33.26],[-85.325,33.249],[-85.275,33.238],[-85.225,33.228],[-85.209,33.225],[-85.175,33.219],[-85.125,33.21],[-85.075,33.201],[-85.025,33.193],[-84.975,33.186],[-84.93,33.18]],[[-82.422,33.672],[-82.415,33.675],[-82.375,33.688],[-82.325,33.705],[-82.275,33.722],[-82.266,33.725],[-82.225,33.739],[-82.175,33.756],[-82.125,33.772],[-82.116,33.775],[-82.075,33.789],[-82.025,33.805],[-81.975,33.822],[-81.966,33.825],[-81.925,33.838],[-81.875,33.855],[-81.825,33.871],[-81.811,33.875],[-81.775,33.887],[-81.725,33.902],[-81.675,33.917],[-81.649,33.925],[-81.625,33.932],[-81.575,33.947],[-81.525,33.961],[-81.475,33.975],[-81.474,33.975],[-81.425,33.988],[-81.375,34.001],[-81.325,34.013],[-81.275,34.024],[-81.273,34.025],[-81.225,34.036],[-81.175,34.046],[-81.125,34.056],[-81.075,34.065],[-81.025,34.074],[-81.018,34.075],[-80.975,34.082],[-80.925,34.088],[-80.875,34.093],[-80.825,34.097],[-80.775,34.1],[-80.725,34.101],[-80.675,34.101],[-80.625,34.1],[-80.575,34.098],[-80.525,34.095],[-80.475,34.091],[-80.425,34.088],[-80.375,34.084],[-80.325,34.08],[-80.275,34.075],[-80.273,34.075],[-80.225,34.071],[-80.175,34.066],[-80.125,34.061],[-80.075,34.056],[-80.025,34.051],[-79.975,34.046],[-79.925,34.041],[-79.875,34.035],[-79.825,34.03],[-79.775,34.025],[-79.771,34.025],[-79.725,34.021],[-79.675,34.016],[-79.625,34.012],[-79.575,34.007],[-79.525,34.004],[-79.475,34.0],[-79.425,33.996],[-79.375,33.993],[-79.325,33.991],[-79.275,33.989],[-79.225,33.987],[-79.175,33.986],[-79.125,33.986],[-79.075,33.987],[-79.025,33.988],[-78.975,33.991],[-78.925,33.995],[-78.875,34.0],[-78.825,34.007],[-78.775,34.016],[-78.73,34.025],[-78.725,34.026],[-78.675,34.038],[-78.625,34.051],[-78.575,34.065],[-78.539,34.075],[-78.525,34.079],[-78.475,34.094],[-78.425,34.108],[-78.375,34.122],[-78.366,34.125],[-78.325,34.136],[-78.275,34.149],[-78.225,34.16],[-78.175,34.17],[-78.148,34.175],[-78.125,34.179],[-78.075,34.186],[-78.025,34.192],[-77.975,34.196],[-77.925,34.198],[-77.875,34.199],[-77.825,34.199]]]}},{"type":"Feature","properties":{"date":"2006-04-02","label":"2 Apr","yday":92,"tier":"day","major":false},"geometry":{"type":"MultiLineString","coordinates":[[[-87.328,33.828],[-87.325,33.828],[-87.309,33.825],[-87.275,33.819],[-87.225,33.81],[-87.175,33.801],[-87.125,33.792],[-87.075,33.783],[-87.037,33.775],[-87.025,33.773],[-86.975,33.763],[-86.925,33.753],[-86.875,33.742],[-86.825,33.732],[-86.795,33.725],[-86.775,33.721],[-86.725,33.71],[-86.675,33.699],[-86.625,33.688],[-86.575,33.676],[-86.57,33.675],[-86.525,33.665],[-86.475,33.653],[-86.425,33.641],[-86.375,33.629],[-86.357,33.625],[-86.325,33.617],[-86.275,33.605],[-86.225,33.593],[-86.175,33.58],[-86.155,33.575],[-86.125,33.567],[-86.075,33.555],[-86.025,33.542],[-85.975,33.528],[-85.963,33.525],[-85.925,33.515],[-85.875,33.502],[-85.825,33.488],[-85.778,33.475],[-85.775,33.474],[-85.725,33.461],[-85.675,33.447],[-85.625,33.433],[-85.594,33.425],[-85.575,33.42],[-85.525,33.407],[-85.475,33.394],[-85.425,33.381],[-85.401,33.375],[-85.375,33.369],[-85.325,33.357],[-85.275,33.345],[-85.225,33.334],[-85.184,33.325],[-85.175,33.323],[-85.125,33.313],[-85.075,33.304],[-85.049,33.299]],[[-82.325,33.826],[-82.275,33.844],[-82.225,33.861],[-82.186,33.875],[-82.175,33.879],[-82.125,33.896],[-82.075,33.914],[-82.042,33.925],[-82.025,33.931],[-81.975,33.948],[-81.925,33.965],[-81.894,33.975],[-81.875,33.981],[-81.825,33.998],[-81.775,34.014],[-81.739,34.025],[-81.725,34.03],[-81.675,34.045],[-81.625,34.06],[-81.575,34.074],[-81.573,34.075],[-81.525,34.088],[-81.475,34.102],[-81.425,34.115],[-81.384,34.125],[-81.375,34.127],[-81.325,34.139],[-81.275,34.15],[-81.225,34.161],[-81.175,34.171],[-81.153,34.175]],[[-81.001,34.199],[-80.975,34.203],[-80.925,34.208],[-80.875,34.213],[-80.825,34.217],[-80.775,34.219],[-80.725,34.221],[-80.675,34.221],[-80.625,34.221],[-80.575,34.22],[-80.525,34.218],[-80.475,34.216],[-80.425,34.213],[-80.375,34.21],[-80.325,34.207],[-80.275,34.203],[-80.225,34.199],[-80.175,34.195],[-80.125,34.191],[-80.075,34.187],[-80.025,34.183],[-79.975,34.179],[-79.932,34.175],[-79.925,34.174],[-79.875,34.17],[-79.825,34.166],[-79.775,34.163],[-79.725,34.159],[-79.675,34.156],[-79.625,34.153],[-79.575,34.15],[-79.525,34.148],[-79.475,34.145],[-79.425,34.144],[-79.375,34.142],[-79.325,34.142],[-79.275,34.141],[-79.225,34.142],[-79.175,34.143],[-79.125,34.144],[-79.075,34.147],[-79.025,34.151],[-78.975,34.156],[-78.925,34.162],[-78.875,34.169],[-78.837,34.175],[-78.825,34.177],[-78.775,34.187],[-78.725,34.197],[-78.675,34.209],[-78.625,34.221],[-78.611,34.225],[-78.575,34.234],[-78.525,34.247],[-78.475,34.261],[-78.425,34.274],[-78.419,34.275],[-78.375,34.286],[-78.325,34.298],[-78.275,34.309],[-78.225,34.319],[-78.194,34.325],[-78.175,34.328],[-78.125,34.336],[-78.075,34.343],[-78.025,34.349],[-77.975,34.353],[-77.925,34.356],[-77.875,34.358],[-77.825,34.359],[-77.775,34.358],[-77.725,34.357],[-77.695,34.355]]]}},{"type":"Feature","properties":{"date":"2006-04-03","label":"3 Apr","yday":93,"tier":"day","major":false},"geometry":{"type":"MultiLineString","coordinates":[[[-86.708,33.842],[-86.675,33.834],[-86.638,33.825],[-86.625,33.822],[-86.575,33.81],[-86.525,33.798],[-86.475,33.785],[-86.433,33.775],[-86.425,33.773],[-86.375,33.76],[-86.325,33.748],[-86.275,33.735],[-86.239,33.725],[-86.225,33.721],[-86.175,33.708],[-86.125,33.695],[-86.075,33.681],[-86.053,33.675],[-86.025,33.668],[-85.975,33.654],[-85.925,33.64],[-85.875,33.625],[-85.874,33.625],[-85.825,33.611],[-85.775,33.597],[-85.725,33.582],[-85.701,33.575],[-85.675,33.568],[-85.625,33.553],[-85.575,33.539],[-85.528,33.525],[-85.525,33.524],[-85.475,33.51],[-85.425,33.497],[-85.375,33.483],[-85.345,33.475],[-85.325,33.47],[-85.275,33.457],[-85.225,33.445],[-85.175,33.433],[-85.141,33.425],[-85.125,33.422],[-85.075,33.411]],[[-87.425,33.986],[-87.375,33.977],[-87.361,33.975],[-87.325,33.969],[-87.275,33.96],[-87.225,33.951],[-87.175,33.942],[-87.125,33.932],[-87.091,33.925],[-87.075,33.922],[-87.025,33.912],[-86.975,33.901],[-86.925,33.89],[-86.875,33.879],[-86.855,33.875],[-86.825,33.868],[-86.816,33.866]],[[-82.204,33.996],[-82.175,34.007],[-82.125,34.025],[-82.124,34.025],[-82.075,34.043],[-82.025,34.06],[-81.982,34.075],[-81.975,34.078],[-81.925,34.095],[-81.875,34.112],[-81.865,34.115]],[[-80.865,34.335],[-80.825,34.338],[-80.775,34.34],[-80.725,34.342],[-80.675,34.343],[-80.625,34.343],[-80.575,34.343],[-80.525,34.342],[-80.475,34.341],[-80.425,34.339],[-80.375,34.337],[-80.325,34.335],[-80.275,34.332],[-80.225,34.33],[-80.175,34.327],[-80.144,34.325],[-80.125,34.324],[-80.075,34.321],[-80.025,34.318],[-79.975,34.315],[-79.925,34.312],[-79.875,34.31],[-79.825,34.307],[-79.775,34.305],[-79.725,34.303],[-79.675,34.301],[-79.625,34.3],[-79.575,34.299],[-79.525,34.299],[-79.475,34.298],[-79.425,34.299],[-79.375,34.299],[-79.325,34.3],[-79.275,34.302],[-79.225,34.305],[-79.175,34.308],[-79.125,34.311],[-79.075,34.316],[-79.025,34.322],[-79.0,34.325],[-78.975,34.328],[-78.925,34.336],[-78.875,34.344],[-78.825,34.353],[-78.775,34.364],[-78.725,34.374],[-78.721,34.375],[-78.675,34.386],[-78.625,34.397],[-78.575,34.409],[-78.525,34.421],[-78.509,34.425],[-78.475,34.433],[-78.425,34.445],[-78.375,34.456],[-78.325,34.467],[-78.286,34.475],[-78.275,34.477],[-78.225,34.487],[-78.175,34.495],[-78.125,34.503],[-78.075,34.509],[-78.025,34.515],[-77.975,34.52],[-77.925,34.523],[-77.89,34.525],[-77.875,34.526],[-77.825,34.527],[-77.775,34.528],[-77.725,34.527],[-77.681,34.525],[-77.675,34.525],[-77.625,34.522],[-77.575,34.517],[-77.525,34.512],[-77.475,34.504],[-77.45,34.5]]]}},{"type":"Feature","properties":{"date":"2006-04-04","label":"4 Apr","yday":94,"tier":"day","major":false},"geometry":{"type":"MultiLineString","coordinates":[[[-86.625,33.963],[-86.575,33.95],[-86.525,33.937],[-86.478,33.925],[-86.475,33.924],[-86.425,33.911],[-86.375,33.898],[-86.325,33.884],[-86.291,33.875],[-86.275,33.871],[-86.225,33.857],[-86.175,33.843],[-86.125,33.829],[-86.112,33.825],[-86.075,33.814],[-86.025,33.8],[-85.975,33.785],[-85.94,33.775],[-85.925,33.771],[-85.875,33.756],[-85.825,33.741],[-85.775,33.725],[-85.774,33.725],[-85.725,33.71],[-85.675,33.695],[-85.625,33.679],[-85.612,33.675],[-85.575,33.664],[-85.525,33.649],[-85.475,33.633],[-85.447,33.625],[-85.425,33.618],[-85.375,33.604],[-85.325,33.589],[-85.275,33.575],[-85.274,33.575],[-85.225,33.562],[-85.175,33.549],[-85.125,33.536],[-85.079,33.525],[-85.075,33.524],[-85.035,33.515]],[[-87.113,34.075],[-87.075,34.067],[-87.065,34.065]],[[-87.375,34.125],[-87.375,34.125],[-87.325,34.116],[-87.275,34.107],[-87.225,34.097],[-87.175,34.088],[-87.128,34.078]],[[-80.683,34.467],[-80.675,34.467],[-80.625,34.468],[-80.575,34.469],[-80.525,34.469],[-80.475,34.468],[-80.425,34.467],[-80.375,34.467],[-80.325,34.465],[-80.275,34.464],[-80.225,34.463],[-80.175,34.461],[-80.125,34.46],[-80.075,34.458],[-80.025,34.457],[-79.975,34.455],[-79.925,34.454],[-79.875,34.453],[-79.825,34.453],[-79.775,34.453],[-79.725,34.453],[-79.675,34.454],[-79.625,34.455],[-79.575,34.456],[-79.525,34.457],[-79.475,34.459],[-79.425,34.462],[-79.375,34.465],[-79.325,34.468],[-79.275,34.472],[-79.245,34.475],[-79.225,34.477],[-79.175,34.482],[-79.125,34.488],[-79.075,34.495],[-79.025,34.503],[-78.975,34.511],[-78.925,34.52],[-78.9,34.525],[-78.875,34.53],[-78.825,34.54],[-78.775,34.551],[-78.725,34.562],[-78.675,34.573],[-78.664,34.575],[-78.625,34.584],[-78.575,34.595],[-78.525,34.606],[-78.475,34.618],[-78.44,34.625],[-78.425,34.628],[-78.375,34.639],[-78.325,34.649],[-78.275,34.658],[-78.225,34.667],[-78.175,34.675],[-78.174,34.675],[-78.125,34.682],[-78.075,34.689],[-78.025,34.694],[-77.975,34.699],[-77.925,34.703],[-77.875,34.706],[-77.825,34.708],[-77.775,34.709],[-77.725,34.709],[-77.675,34.708],[-77.625,34.706],[-77.575,34.703],[-77.525,34.698],[-77.475,34.692],[-77.436,34.686]],[[-77.325,34.663],[-77.275,34.651],[-77.255,34.645]]]}},{"type":"Feature","properties":{"date":"2006-04-05","label":"5 Apr","yday":95,"tier":"five","major":false},"geometry":{"type":"MultiLineString","coordinates":[[[-86.756,34.144],[-86.725,34.136],[-86.682,34.125],[-86.675,34.123],[-86.625,34.11],[-86.575,34.097],[-86.525,34.084],[-86.493,34.075],[-86.475,34.07],[-86.425,34.057],[-86.375,34.043],[-86.325,34.028],[-86.313,34.025],[-86.275,34.014],[-86.225,34.0],[-86.175,33.985],[-86.142,33.975],[-86.125,33.97],[-86.075,33.955],[-86.025,33.94],[-85.977,33.925],[-85.975,33.925],[-85.925,33.909],[-85.875,33.893],[-85.825,33.878],[-85.817,33.875],[-85.775,33.862],[-85.725,33.846],[-85.675,33.829],[-85.662,33.825],[-85.625,33.813],[-85.575,33.797],[-85.525,33.781],[-85.508,33.775],[-85.475,33.764],[-85.425,33.749],[-85.375,33.733],[-85.351,33.725],[-85.325,33.717],[-85.275,33.702],[-85.225,33.687],[-85.184,33.675],[-85.175,33.672],[-85.125,33.659],[-85.075,33.645],[-85.025,33.633],[-84.994,33.625],[-84.979,33.621]],[[-80.655,34.595],[-80.625,34.596],[-80.575,34.597],[-80.525,34.597],[-80.475,34.598],[-80.425,34.598],[-80.375,34.598],[-80.325,34.598],[-80.275,34.598],[-80.225,34.598],[-80.175,34.598],[-80.125,34.598],[-80.075,34.599],[-80.025,34.599],[-79.975,34.6],[-79.925,34.601],[-79.875,34.603],[-79.825,34.605],[-79.775,34.607],[-79.725,34.61],[-79.675,34.613],[-79.625,34.617],[-79.575,34.621],[-79.525,34.625],[-79.524,34.625],[-79.475,34.63],[-79.425,34.635],[-79.375,34.641],[-79.325,34.647],[-79.275,34.654],[-79.225,34.662],[-79.175,34.67],[-79.148,34.675],[-79.125,34.679],[-79.075,34.689],[-79.025,34.7],[-78.975,34.711],[-78.925,34.722],[-78.912,34.725],[-78.875,34.734],[-78.825,34.745],[-78.775,34.757],[-78.725,34.768],[-78.692,34.775],[-78.675,34.779],[-78.625,34.789],[-78.575,34.8],[-78.525,34.81],[-78.475,34.819],[-78.445,34.825],[-78.425,34.829],[-78.375,34.838],[-78.325,34.847],[-78.275,34.855],[-78.225,34.863],[-78.175,34.871],[-78.146,34.875],[-78.125,34.878],[-78.075,34.885],[-78.025,34.891],[-77.975,34.896],[-77.925,34.901],[-77.875,34.905],[-77.825,34.909],[-77.775,34.911],[-77.725,34.912],[-77.675,34.912],[-77.625,34.911],[-77.575,34.908],[-77.525,34.905],[-77.475,34.899],[-77.425,34.892],[-77.375,34.882],[-77.343,34.875],[-77.325,34.871],[-77.275,34.858],[-77.225,34.843],[-77.175,34.826],[-77.173,34.825],[-77.125,34.808],[-77.075,34.788],[-77.044,34.775],[-77.025,34.767],[-76.975,34.746],[-76.93,34.725],[-76.926,34.724]]]}},{"type":"Feature","properties":{"date":"2006-04-06","label":"6 Apr","yday":96,"tier":"day","major":false},"geometry":{"type":"MultiLineString","coordinates":[[[-85.901,34.049],[-85.875,34.04],[-85.83,34.025],[-85.825,34.024],[-85.775,34.007],[-85.725,33.99],[-85.68,33.975],[-85.675,33.973],[-85.625,33.957],[-85.575,33.939],[-85.533,33.925],[-85.525,33.922],[-85.475,33.905],[-85.425,33.888],[-85.386,33.875],[-85.375,33.871],[-85.325,33.855],[-85.275,33.838],[-85.236,33.825],[-85.225,33.822],[-85.175,33.806],[-85.125,33.791],[-85.075,33.776],[-85.073,33.775],[-85.025,33.762],[-84.975,33.748],[-84.925,33.736],[-84.879,33.725]],[[-80.367,34.733],[-80.325,34.734],[-80.275,34.735],[-80.225,34.737],[-80.175,34.738],[-80.125,34.74],[-80.075,34.743],[-80.025,34.746],[-79.975,34.749],[-79.925,34.752],[-79.875,34.757],[-79.825,34.761],[-79.775,34.767],[-79.725,34.772],[-79.705,34.775],[-79.675,34.779],[-79.625,34.786],[-79.575,34.793],[-79.525,34.801],[-79.475,34.809],[-79.425,34.818],[-79.39,34.825],[-79.375,34.828],[-79.325,34.838],[-79.275,34.849],[-79.225,34.861],[-79.175,34.873],[-79.168,34.875],[-79.125,34.886],[-79.075,34.899],[-79.025,34.913],[-78.983,34.925],[-78.975,34.927],[-78.925,34.941],[-78.875,34.954],[-78.825,34.967],[-78.788,34.975],[-78.775,34.978],[-78.725,34.989],[-78.675,34.999],[-78.625,35.009],[-78.575,35.018],[-78.535,35.025],[-78.525,35.027],[-78.475,35.035],[-78.425,35.044],[-78.375,35.053],[-78.325,35.061],[-78.275,35.07],[-78.242,35.075],[-78.225,35.078],[-78.175,35.086],[-78.125,35.094],[-78.075,35.102],[-78.025,35.11],[-77.975,35.117],[-77.925,35.124],[-77.921,35.125],[-77.875,35.131],[-77.825,35.137],[-77.775,35.142],[-77.725,35.146],[-77.675,35.149],[-77.625,35.15],[-77.575,35.15],[-77.525,35.148],[-77.475,35.143],[-77.425,35.136],[-77.375,35.126],[-77.37,35.125],[-77.325,35.114],[-77.275,35.1],[-77.225,35.083],[-77.205,35.075],[-77.175,35.064],[-77.125,35.042],[-77.088,35.025],[-77.075,35.019],[-77.025,34.995],[-76.986,34.975],[-76.975,34.969],[-76.963,34.963]],[[-76.632,34.782],[-76.625,34.778],[-76.623,34.777]],[[-76.892,34.925],[-76.875,34.916],[-76.825,34.888],[-76.802,34.875],[-76.775,34.86],[-76.725,34.833],[-76.712,34.825]]]}},{"type":"Feature","properties":{"date":"2006-04-07","label":"7 Apr","yday":97,"tier":"day","major":false},"geometry":{"type":"MultiLineString","coordinates":[[[-85.785,34.165],[-85.775,34.162],[-85.725,34.145],[-85.675,34.128],[-85.667,34.125],[-85.625,34.11],[-85.575,34.093],[-85.525,34.075],[-85.524,34.075],[-85.475,34.058],[-85.425,34.04],[-85.384,34.025],[-85.375,34.022],[-85.325,34.004],[-85.275,33.986],[-85.243,33.975],[-85.225,33.969],[-85.175,33.952],[-85.125,33.935],[-85.095,33.925],[-85.075,33.919],[-85.025,33.903],[-84.975,33.888],[-84.929,33.875],[-84.925,33.874],[-84.875,33.861],[-84.825,33.849],[-84.775,33.838],[-84.725,33.828],[-84.706,33.825]],[[-80.169,34.881],[-80.125,34.885],[-80.075,34.889],[-80.025,34.894],[-79.975,34.9],[-79.925,34.906],[-79.875,34.913],[-79.825,34.921],[-79.8,34.925],[-79.775,34.929],[-79.725,34.938],[-79.675,34.948],[-79.625,34.959],[-79.575,34.97],[-79.555,34.975],[-79.525,34.982],[-79.475,34.994],[-79.425,35.007],[-79.375,35.019],[-79.354,35.025],[-79.325,35.033],[-79.275,35.046],[-79.225,35.061],[-79.18,35.075],[-79.175,35.076],[-79.125,35.092],[-79.075,35.108],[-79.025,35.124],[-79.022,35.125],[-78.975,35.14],[-78.925,35.155],[-78.875,35.169],[-78.852,35.175],[-78.825,35.182],[-78.775,35.195],[-78.725,35.207],[-78.675,35.218],[-78.64,35.225],[-78.625,35.228],[-78.575,35.238],[-78.525,35.247],[-78.475,35.256],[-78.425,35.265],[-78.375,35.275],[-78.373,35.275],[-78.325,35.284],[-78.275,35.294],[-78.225,35.303],[-78.175,35.313],[-78.125,35.324],[-78.118,35.325],[-78.075,35.334],[-78.025,35.344],[-77.975,35.355],[-77.925,35.365],[-77.875,35.375],[-77.875,35.375],[-77.825,35.385],[-77.775,35.393],[-77.725,35.402],[-77.675,35.409],[-77.625,35.415],[-77.575,35.419],[-77.525,35.421],[-77.475,35.42],[-77.425,35.417],[-77.375,35.41],[-77.325,35.4],[-77.275,35.386],[-77.242,35.375],[-77.225,35.369],[-77.175,35.348],[-77.127,35.325],[-77.125,35.324],[-77.075,35.297],[-77.039,35.275],[-77.025,35.267],[-76.975,35.235],[-76.96,35.225],[-76.925,35.202],[-76.885,35.175],[-76.875,35.168],[-76.825,35.134],[-76.82,35.13]],[[-76.55,34.95],[-76.525,34.935],[-76.509,34.925],[-76.475,34.905],[-76.425,34.875],[-76.425,34.875]]]}},{"type":"Feature","properties":{"date":"2006-04-08","label":"8 Apr","yday":98,"tier":"day","major":false},"geometry":{"type":"MultiLineString","coordinates":[[[-85.588,34.262],[-85.575,34.258],[-85.525,34.24],[-85.483,34.225],[-85.475,34.222],[-85.425,34.204],[-85.375,34.186],[-85.345,34.175],[-85.325,34.168],[-85.275,34.15],[-85.225,34.131],[-85.208,34.125],[-85.175,34.113],[-85.125,34.095],[-85.075,34.077],[-85.07,34.075],[-85.025,34.06],[-84.975,34.043],[-84.925,34.027],[-84.919,34.025],[-84.875,34.012],[-84.825,33.998],[-84.775,33.986],[-84.728,33.975],[-84.725,33.974],[-84.675,33.965],[-84.625,33.957],[-84.575,33.951]],[[-80.118,35.032],[-80.075,35.037],[-80.025,35.045],[-79.975,35.052],[-79.925,35.061],[-79.875,35.071],[-79.854,35.075],[-79.825,35.081],[-79.775,35.092],[-79.725,35.104],[-79.675,35.117],[-79.645,35.125],[-79.625,35.13],[-79.575,35.144],[-79.525,35.158],[-79.475,35.173],[-79.468,35.175],[-79.425,35.188],[-79.375,35.203],[-79.325,35.219],[-79.308,35.225],[-79.275,35.236],[-79.225,35.254],[-79.175,35.271],[-79.164,35.275],[-79.125,35.289],[-79.075,35.307],[-79.025,35.324],[-79.022,35.325],[-78.975,35.341],[-78.925,35.358],[-78.875,35.374],[-78.872,35.375],[-78.825,35.39],[-78.775,35.404],[-78.725,35.417],[-78.694,35.425],[-78.675,35.43],[-78.625,35.441],[-78.575,35.451],[-78.525,35.462],[-78.475,35.472],[-78.459,35.475],[-78.425,35.482],[-78.375,35.493],[-78.325,35.504],[-78.275,35.515],[-78.235,35.525],[-78.225,35.527],[-78.175,35.54],[-78.125,35.552],[-78.075,35.564],[-78.032,35.575],[-78.025,35.577],[-77.975,35.589],[-77.925,35.602],[-77.875,35.614],[-77.829,35.625],[-77.825,35.626],[-77.775,35.638],[-77.725,35.649],[-77.675,35.659],[-77.625,35.669],[-77.587,35.675],[-77.575,35.677],[-77.525,35.683],[-77.475,35.687],[-77.425,35.688],[-77.375,35.686],[-77.325,35.679],[-77.302,35.675],[-77.275,35.669],[-77.225,35.656],[-77.175,35.638],[-77.142,35.625],[-77.125,35.618],[-77.075,35.593],[-77.043,35.575],[-77.025,35.564],[-76.975,35.531],[-76.967,35.525]]]}},{"type":"Feature","properties":{"date":"2006-04-09","label":"9 Apr","yday":99,"tier":"day","major":false},"geometry":{"type":"MultiLineString","coordinates":[[[-85.27,34.325],[-85.225,34.309],[-85.175,34.29],[-85.134,34.275],[-85.125,34.272],[-85.075,34.253],[-85.025,34.234],[-84.999,34.225],[-84.975,34.216],[-84.925,34.199],[-84.875,34.183],[-84.85,34.175],[-84.825,34.168],[-84.775,34.154],[-84.725,34.141],[-84.675,34.13],[-84.649,34.125],[-84.625,34.121],[-84.575,34.113],[-84.562,34.112]],[[-80.125,35.18],[-80.075,35.188],[-80.025,35.197],[-79.975,35.207],[-79.925,35.218],[-79.896,35.225],[-79.875,35.23],[-79.825,35.243],[-79.775,35.257],[-79.725,35.271],[-79.712,35.275],[-79.675,35.286],[-79.625,35.302],[-79.575,35.318],[-79.555,35.325],[-79.525,35.335],[-79.475,35.353],[-79.425,35.371],[-79.413,35.375]],[[-79.352,35.398],[-79.325,35.408],[-79.281,35.425],[-79.275,35.427],[-79.225,35.447],[-79.175,35.466],[-79.152,35.475],[-79.125,35.485],[-79.075,35.505],[-79.06,35.51]],[[-78.925,35.561],[-78.884,35.575],[-78.875,35.578],[-78.825,35.595],[-78.775,35.61],[-78.725,35.625],[-78.725,35.625],[-78.675,35.639],[-78.625,35.652],[-78.575,35.665],[-78.536,35.675]],[[-78.119,35.781],[-78.075,35.792],[-78.025,35.805],[-77.975,35.818],[-77.946,35.825],[-77.925,35.831],[-77.875,35.844],[-77.825,35.857],[-77.775,35.871],[-77.758,35.875],[-77.725,35.884],[-77.675,35.895],[-77.625,35.905],[-77.575,35.914],[-77.525,35.92],[-77.475,35.924],[-77.461,35.925],[-77.425,35.926],[-77.375,35.925],[-77.371,35.925],[-77.325,35.921],[-77.275,35.914],[-77.225,35.904],[-77.175,35.889],[-77.134,35.875],[-77.125,35.872],[-77.075,35.85],[-77.025,35.825],[-77.025,35.825],[-76.975,35.797],[-76.941,35.775],[-76.925,35.765],[-76.875,35.729],[-76.869,35.725],[-76.825,35.691],[-76.805,35.675],[-76.775,35.651],[-76.745,35.625]]]}},{"type":"Feature","properties":{"date":"2006-04-10","label":"10 Apr","yday":100,"tier":"five","major":false},"geometry":{"type":"MultiLineString","coordinates":[[[-80.114,35.336],[-80.075,35.344],[-80.025,35.355],[-79.975,35.368],[-79.969,35.369]],[[-77.798,36.102],[-77.775,36.108],[-77.725,36.12],[-77.702,36.125],[-77.675,36.131],[-77.625,36.14],[-77.575,36.149],[-77.525,36.156],[-77.475,36.161],[-77.425,36.164],[-77.375,36.165],[-77.325,36.163],[-77.275,36.159],[-77.225,36.152],[-77.175,36.14],[-77.125,36.125],[-77.124,36.125],[-77.075,36.106],[-77.025,36.083],[-77.01,36.075],[-76.975,36.056],[-76.925,36.026],[-76.923,36.025],[-76.875,35.993],[-76.851,35.975],[-76.825,35.956],[-76.785,35.925],[-76.775,35.917],[-76.725,35.876],[-76.724,35.875],[-76.675,35.833],[-76.666,35.825],[-76.625,35.789],[-76.618,35.782]]]}},{"type":"Feature","properties":{"date":"2006-04-11","label":"11 Apr","yday":101,"tier":"day","major":false},"geometry":{"type":"MultiLineString","coordinates":[[[-76.675,36.113],[-76.633,36.075]],[[-77.625,36.369],[-77.584,36.375],[-77.575,36.376],[-77.525,36.382],[-77.475,36.387],[-77.425,36.391],[-77.375,36.393],[-77.325,36.393],[-77.275,36.392],[-77.225,36.388],[-77.175,36.381],[-77.143,36.375],[-77.125,36.371],[-77.075,36.358],[-77.025,36.34],[-76.988,36.325],[-76.975,36.319],[-76.925,36.295],[-76.89,36.275],[-76.875,36.266],[-76.825,36.234],[-76.813,36.225],[-76.775,36.197],[-76.747,36.175],[-76.735,36.165]]]}},{"type":"Feature","properties":{"date":"2006-04-12","label":"12 Apr","yday":102,"tier":"day","major":false},"geometry":{"type":"MultiLineString","coordinates":[[[-75.975,35.733],[-75.966,35.725],[-75.925,35.689],[-75.918,35.682]],[[-77.811,36.561],[-77.775,36.567],[-77.725,36.575],[-77.724,36.575],[-77.675,36.582],[-77.625,36.588],[-77.575,36.593],[-77.525,36.597],[-77.475,36.601],[-77.425,36.603],[-77.375,36.605],[-77.325,36.605],[-77.275,36.604],[-77.225,36.602],[-77.175,36.597],[-77.125,36.591],[-77.075,36.583],[-77.036,36.575],[-77.025,36.573],[-76.975,36.56],[-76.925,36.544],[-76.875,36.525],[-76.875,36.525],[-76.825,36.503],[-76.775,36.477],[-76.771,36.475],[-76.725,36.448],[-76.691,36.425],[-76.675,36.414],[-76.625,36.376],[-76.623,36.375],[-76.575,36.335],[-76.564,36.325],[-76.525,36.289],[-76.518,36.282]]]}},{"type":"Feature","properties":{"date":"2006-04-13","label":"13 Apr","yday":103,"tier":"day","major":false},"geometry":{"type":"MultiLineString","coordinates":[[[-76.938,36.775],[-76.925,36.772],[-76.875,36.761],[-76.825,36.746],[-76.775,36.73],[-76.761,36.725],[-76.725,36.711],[-76.675,36.689],[-76.646,36.675],[-76.625,36.665],[-76.575,36.636],[-76.556,36.625],[-76.525,36.605],[-76.483,36.575],[-76.475,36.569],[-76.425,36.529],[-76.42,36.525],[-76.396,36.504]]]}}]}