{"type":"FeatureCollection","features":[{"type":"Feature","properties":{"date":"2005-02-15","label":"15 Feb","yday":46,"tier":"day","major":false},"geometry":{"type":"MultiLineString","coordinates":[[[-82.263,26.863],[-82.225,26.862],[-82.175,26.861]],[[-82.025,26.866],[-81.975,26.872],[-81.955,26.875],[-81.925,26.88],[-81.875,26.891],[-81.825,26.903],[-81.775,26.918],[-81.751,26.925],[-81.725,26.933],[-81.675,26.951],[-81.625,26.969],[-81.609,26.975],[-81.575,26.988],[-81.525,27.008],[-81.484,27.025],[-81.475,27.029],[-81.425,27.05],[-81.375,27.072],[-81.368,27.075],[-81.325,27.094],[-81.292,27.108]]]}},{"type":"Feature","properties":{"date":"2005-02-16","label":"16 Feb","yday":47,"tier":"day","major":false},"geometry":{"type":"MultiLineString","coordinates":[[[-82.458,27.158],[-82.425,27.158],[-82.375,27.158],[-82.325,27.158],[-82.275,27.159],[-82.225,27.161],[-82.175,27.164],[-82.125,27.168],[-82.075,27.174],[-82.067,27.175],[-82.025,27.182],[-81.975,27.192],[-81.925,27.203],[-81.875,27.217],[-81.849,27.225],[-81.825,27.233],[-81.775,27.25],[-81.725,27.268],[-81.708,27.275],[-81.675,27.288],[-81.625,27.309],[-81.59,27.325],[-81.575,27.332],[-81.525,27.355],[-81.482,27.375],[-81.475,27.378],[-81.425,27.402],[-81.379,27.425],[-81.375,27.427],[-81.325,27.452],[-81.278,27.475],[-81.275,27.477],[-81.225,27.501],[-81.175,27.525],[-81.174,27.525],[-81.125,27.548],[-81.075,27.569],[-81.061,27.575],[-81.025,27.589],[-80.975,27.608],[-80.925,27.624],[-80.919,27.625],[-80.875,27.637],[-80.825,27.648],[-80.775,27.657]]]}},{"type":"Feature","properties":{"date":"2005-02-17","label":"17 Feb","yday":48,"tier":"day","major":false},"geometry":{"type":"MultiLineString","coordinates":[[[-82.625,27.486],[-82.575,27.49],[-82.525,27.494],[-82.475,27.498],[-82.425,27.501],[-82.375,27.504],[-82.325,27.507],[-82.275,27.51],[-82.225,27.514],[-82.175,27.52],[-82.131,27.525],[-82.125,27.526],[-82.075,27.533],[-82.025,27.542],[-81.975,27.552],[-81.925,27.564],[-81.887,27.575],[-81.875,27.578],[-81.825,27.594],[-81.775,27.612],[-81.741,27.625],[-81.725,27.631],[-81.675,27.653],[-81.629,27.675],[-81.625,27.677],[-81.575,27.702],[-81.534,27.725],[-81.525,27.73],[-81.475,27.76],[-81.45,27.775],[-81.425,27.791],[-81.375,27.823],[-81.371,27.825],[-81.325,27.855],[-81.294,27.875],[-81.275,27.887],[-81.225,27.919],[-81.215,27.925],[-81.175,27.95],[-81.131,27.975],[-81.125,27.979],[-81.075,28.005],[-81.035,28.025],[-81.025,28.03],[-80.975,28.051],[-80.925,28.071]]]}},{"type":"Feature","properties":{"date":"2005-02-18","label":"18 Feb","yday":49,"tier":"day","major":false},"geometry":{"type":"MultiLineString","coordinates":[[[-82.721,27.771],[-82.706,27.775],[-82.675,27.782],[-82.625,27.791]],[[-82.375,27.803],[-82.325,27.806],[-82.275,27.809],[-82.225,27.813],[-82.175,27.818],[-82.125,27.825],[-82.123,27.825],[-82.075,27.832],[-82.025,27.842],[-81.975,27.853],[-81.925,27.867],[-81.901,27.875],[-81.875,27.883],[-81.825,27.902],[-81.775,27.924],[-81.772,27.925],[-81.725,27.95],[-81.683,27.975],[-81.675,27.98],[-81.625,28.012],[-81.605,28.025],[-81.575,28.045],[-81.532,28.075],[-81.525,28.08],[-81.475,28.114],[-81.458,28.125],[-81.425,28.147],[-81.382,28.175],[-81.375,28.179],[-81.325,28.209],[-81.296,28.225],[-81.275,28.236],[-81.225,28.261],[-81.195,28.275],[-81.175,28.283],[-81.125,28.303],[-81.075,28.32],[-81.06,28.325],[-81.025,28.335],[-80.975,28.347]]]}},{"type":"Feature","properties":{"date":"2005-02-19","label":"19 Feb","yday":50,"tier":"five","major":false},"geometry":{"type":"MultiLineString","coordinates":[[[-82.798,27.948],[-82.775,27.955],[-82.725,27.967]],[[-82.59,27.99],[-82.575,27.993],[-82.525,27.998],[-82.475,28.003],[-82.425,28.009],[-82.375,28.015],[-82.325,28.021],[-82.297,28.025],[-82.275,28.028],[-82.225,28.037],[-82.175,28.046],[-82.125,28.058],[-82.075,28.071],[-82.064,28.075],[-82.025,28.087],[-81.975,28.105],[-81.928,28.125],[-81.925,28.126],[-81.875,28.149],[-81.826,28.175],[-81.825,28.176],[-81.775,28.203],[-81.738,28.225],[-81.725,28.233],[-81.675,28.263],[-81.656,28.275],[-81.625,28.294],[-81.575,28.325],[-81.575,28.325],[-81.525,28.354],[-81.488,28.375],[-81.475,28.382],[-81.425,28.409],[-81.392,28.425],[-81.375,28.433],[-81.325,28.454],[-81.275,28.474],[-81.272,28.475],[-81.225,28.49],[-81.175,28.504],[-81.125,28.516],[-81.079,28.525],[-81.075,28.526],[-81.025,28.533]]]}},{"type":"Feature","properties":{"date":"2005-02-20","label":"20 Feb","yday":51,"tier":"day","major":false},"geometry":{"type":"MultiLineString","coordinates":[[[-82.775,28.109],[-82.725,28.12],[-82.703,28.125],[-82.675,28.131],[-82.625,28.14],[-82.575,28.149],[-82.525,28.158],[-82.475,28.167],[-82.43,28.175],[-82.425,28.176],[-82.375,28.186],[-82.325,28.197],[-82.275,28.209],[-82.225,28.223],[-82.219,28.225],[-82.175,28.239],[-82.125,28.256],[-82.077,28.275],[-82.075,28.276],[-82.025,28.297],[-81.975,28.32],[-81.965,28.325],[-81.925,28.345],[-81.875,28.371],[-81.868,28.375],[-81.825,28.398],[-81.777,28.425],[-81.775,28.426],[-81.725,28.454],[-81.687,28.475],[-81.675,28.482],[-81.625,28.508],[-81.593,28.525],[-81.575,28.534],[-81.525,28.558],[-81.49,28.575],[-81.475,28.581],[-81.425,28.602],[-81.375,28.621],[-81.363,28.625],[-81.325,28.637],[-81.275,28.651],[-81.225,28.664],[-81.175,28.674],[-81.168,28.675],[-81.125,28.682],[-81.075,28.688]]]}},{"type":"Feature","properties":{"date":"2005-02-21","label":"21 Feb","yday":52,"tier":"day","major":false},"geometry":{"type":"MultiLineString","coordinates":[[[-82.725,28.262],[-82.675,28.273],[-82.663,28.275],[-82.625,28.283],[-82.575,28.293],[-82.525,28.304],[-82.475,28.316],[-82.437,28.325],[-82.425,28.328],[-82.375,28.342],[-82.325,28.357],[-82.275,28.374],[-82.273,28.375],[-82.225,28.393],[-82.175,28.413],[-82.148,28.425],[-82.125,28.435],[-82.075,28.459],[-82.041,28.475],[-82.025,28.483],[-81.975,28.508],[-81.943,28.525],[-81.925,28.534],[-81.875,28.56],[-81.847,28.575],[-81.825,28.586],[-81.775,28.612],[-81.749,28.625],[-81.725,28.637],[-81.675,28.661],[-81.644,28.675],[-81.625,28.684],[-81.575,28.705],[-81.525,28.725],[-81.525,28.725],[-81.475,28.743],[-81.425,28.76],[-81.375,28.775],[-81.375,28.775],[-81.325,28.788],[-81.275,28.8],[-81.225,28.81],[-81.175,28.818],[-81.125,28.825],[-81.124,28.825],[-81.075,28.83],[-81.07,28.83]]]}},{"type":"Feature","properties":{"date":"2005-02-22","label":"22 Feb","yday":53,"tier":"day","major":false},"geometry":{"type":"MultiLineString","coordinates":[[[-82.626,28.424],[-82.625,28.424],[-82.622,28.425],[-82.575,28.436],[-82.525,28.449],[-82.475,28.462],[-82.434,28.475],[-82.425,28.478],[-82.375,28.496],[-82.325,28.516],[-82.303,28.525],[-82.275,28.537],[-82.225,28.559],[-82.191,28.575],[-82.175,28.582],[-82.125,28.606],[-82.087,28.625],[-82.075,28.631],[-82.025,28.656],[-81.986,28.675],[-81.975,28.68],[-81.925,28.705],[-81.884,28.725],[-81.875,28.729],[-81.825,28.753],[-81.777,28.775],[-81.775,28.776],[-81.725,28.797],[-81.675,28.817],[-81.655,28.825],[-81.625,28.836],[-81.575,28.854],[-81.525,28.87],[-81.51,28.875],[-81.475,28.885],[-81.425,28.899],[-81.375,28.911],[-81.325,28.922],[-81.311,28.925],[-81.275,28.932],[-81.225,28.94],[-81.175,28.947],[-81.125,28.953],[-81.075,28.958],[-81.025,28.961]]]}},{"type":"Feature","properties":{"date":"2005-02-23","label":"23 Feb","yday":54,"tier":"day","major":false},"geometry":{"type":"MultiLineString","coordinates":[[[-82.625,28.572],[-82.613,28.575],[-82.575,28.586],[-82.525,28.602],[-82.475,28.619],[-82.46,28.625],[-82.425,28.638],[-82.375,28.658],[-82.335,28.675],[-82.325,28.679],[-82.275,28.701],[-82.225,28.724],[-82.223,28.725],[-82.175,28.747],[-82.125,28.771],[-82.116,28.775],[-82.075,28.794],[-82.025,28.817],[-82.008,28.825],[-81.975,28.84],[-81.925,28.862],[-81.896,28.875],[-81.875,28.884],[-81.825,28.905],[-81.775,28.924],[-81.773,28.925],[-81.725,28.942],[-81.675,28.96],[-81.627,28.975],[-81.625,28.976],[-81.575,28.99],[-81.525,29.004],[-81.475,29.016],[-81.436,29.025],[-81.425,29.027],[-81.375,29.037],[-81.325,29.046],[-81.275,29.054],[-81.225,29.061],[-81.175,29.067],[-81.125,29.072],[-81.083,29.075],[-81.075,29.076],[-81.025,29.079],[-80.975,29.08]]]}},{"type":"Feature","properties":{"date":"2005-02-24","label":"24 Feb","yday":55,"tier":"five","major":false},"geometry":{"type":"MultiLineString","coordinates":[[[-82.625,28.726],[-82.575,28.743],[-82.525,28.761],[-82.488,28.775],[-82.475,28.78],[-82.425,28.8],[-82.375,28.82],[-82.364,28.825],[-82.325,28.841],[-82.275,28.862],[-82.246,28.875],[-82.225,28.884],[-82.175,28.906],[-82.13,28.925],[-82.125,28.927],[-82.075,28.949],[-82.025,28.97],[-82.013,28.975],[-81.975,28.99],[-81.925,29.01],[-81.886,29.025],[-81.875,29.029],[-81.825,29.047],[-81.775,29.064],[-81.74,29.075],[-81.725,29.08],[-81.675,29.094],[-81.625,29.108],[-81.575,29.12],[-81.552,29.125],[-81.525,29.131],[-81.475,29.141],[-81.425,29.149],[-81.375,29.157],[-81.325,29.164],[-81.275,29.17],[-81.225,29.175],[-81.222,29.175],[-81.175,29.179],[-81.125,29.183],[-81.075,29.186],[-81.025,29.188],[-80.989,29.189]]]}},{"type":"Feature","properties":{"date":"2005-02-25","label":"25 Feb","yday":56,"tier":"day","major":false},"geometry":{"type":"MultiLineString","coordinates":[[[-82.631,28.881],[-82.625,28.883],[-82.575,28.901],[-82.525,28.92],[-82.512,28.925],[-82.475,28.939],[-82.425,28.959],[-82.385,28.975],[-82.375,28.979],[-82.325,28.999],[-82.275,29.019],[-82.259,29.025],[-82.225,29.039],[-82.175,29.059],[-82.134,29.075],[-82.125,29.079],[-82.075,29.098],[-82.025,29.117],[-82.004,29.125],[-81.975,29.136],[-81.925,29.153],[-81.875,29.17],[-81.858,29.175],[-81.825,29.185],[-81.775,29.199],[-81.725,29.213],[-81.675,29.225],[-81.674,29.225],[-81.625,29.236],[-81.575,29.245],[-81.525,29.254],[-81.475,29.262],[-81.425,29.268],[-81.375,29.274],[-81.366,29.275],[-81.325,29.279],[-81.275,29.283],[-81.225,29.286],[-81.175,29.288],[-81.125,29.29],[-81.075,29.292]]]}},{"type":"Feature","properties":{"date":"2005-02-26","label":"26 Feb","yday":57,"tier":"day","major":false},"geometry":{"type":"MultiLineString","coordinates":[[[-82.725,29.003],[-82.675,29.022],[-82.667,29.025],[-82.625,29.041],[-82.575,29.06],[-82.535,29.075],[-82.525,29.079],[-82.475,29.098],[-82.425,29.117],[-82.403,29.125],[-82.375,29.136],[-82.325,29.154],[-82.275,29.173],[-82.27,29.175],[-82.225,29.192],[-82.175,29.21],[-82.135,29.225],[-82.125,29.229],[-82.075,29.246],[-82.025,29.263],[-81.989,29.275],[-81.975,29.279],[-81.925,29.294],[-81.875,29.308],[-81.825,29.321],[-81.809,29.325],[-81.775,29.333],[-81.725,29.344],[-81.675,29.353],[-81.625,29.362],[-81.575,29.37],[-81.535,29.375],[-81.525,29.376],[-81.475,29.382],[-81.425,29.387],[-81.375,29.391],[-81.325,29.394],[-81.275,29.396],[-81.225,29.398],[-81.175,29.399],[-81.125,29.4],[-81.101,29.401]]]}},{"type":"Feature","properties":{"date":"2005-02-27","label":"27 Feb","yday":58,"tier":"day","major":false},"geometry":{"type":"MultiLineString","coordinates":[[[-82.787,29.137],[-82.775,29.142],[-82.725,29.162],[-82.69,29.175],[-82.675,29.181],[-82.625,29.2],[-82.575,29.22],[-82.561,29.225],[-82.525,29.239],[-82.475,29.257],[-82.428,29.275],[-82.425,29.276],[-82.375,29.294],[-82.325,29.312],[-82.289,29.325],[-82.275,29.33],[-82.225,29.347],[-82.175,29.363],[-82.139,29.375],[-82.125,29.379],[-82.075,29.394],[-82.025,29.408],[-81.975,29.421],[-81.96,29.425],[-81.925,29.434],[-81.875,29.445],[-81.825,29.455],[-81.775,29.465],[-81.725,29.473],[-81.713,29.475],[-81.675,29.481],[-81.625,29.487],[-81.575,29.493],[-81.525,29.498],[-81.475,29.502],[-81.425,29.506],[-81.375,29.508],[-81.325,29.51],[-81.275,29.511],[-81.225,29.512],[-81.175,29.512],[-81.162,29.512]]]}},{"type":"Feature","properties":{"date":"2005-02-28","label":"28 Feb","yday":59,"tier":"day","major":false},"geometry":{"type":"MultiLineString","coordinates":[[[-83.025,29.2],[-82.982,29.218]],[[-82.965,29.225],[-82.925,29.241],[-82.875,29.262],[-82.842,29.275],[-82.825,29.282],[-82.775,29.302],[-82.725,29.322],[-82.718,29.325],[-82.675,29.342],[-82.625,29.361],[-82.589,29.375],[-82.575,29.38],[-82.525,29.399],[-82.475,29.417],[-82.454,29.425],[-82.425,29.435],[-82.375,29.452],[-82.325,29.469],[-82.306,29.475],[-82.275,29.485],[-82.225,29.5],[-82.175,29.513],[-82.131,29.525],[-82.125,29.526],[-82.075,29.538],[-82.025,29.55],[-81.975,29.56],[-81.925,29.57],[-81.895,29.575],[-81.875,29.579],[-81.825,29.587],[-81.775,29.594],[-81.725,29.601],[-81.675,29.606],[-81.625,29.612],[-81.575,29.616],[-81.525,29.619],[-81.475,29.622],[-81.425,29.624],[-81.377,29.625],[-81.375,29.625],[-81.325,29.626],[-81.275,29.626],[-81.225,29.625]]]}},{"type":"Feature","properties":{"date":"2005-03-01","label":"1 Mar","yday":60,"tier":"index","major":true},"geometry":{"type":"MultiLineString","coordinates":[[[-83.118,29.318],[-83.103,29.325],[-83.075,29.337],[-83.025,29.359],[-82.988,29.375],[-82.975,29.38],[-82.925,29.402],[-82.875,29.423],[-82.869,29.425],[-82.825,29.443],[-82.775,29.464],[-82.746,29.475],[-82.725,29.483],[-82.675,29.503],[-82.625,29.522],[-82.616,29.525],[-82.575,29.54],[-82.525,29.558],[-82.475,29.575],[-82.474,29.575],[-82.425,29.591],[-82.375,29.606],[-82.325,29.621],[-82.31,29.625],[-82.275,29.634],[-82.225,29.646],[-82.175,29.657],[-82.125,29.667],[-82.084,29.675],[-82.075,29.677],[-82.025,29.685],[-81.975,29.693],[-81.925,29.701],[-81.875,29.708],[-81.825,29.715],[-81.775,29.72],[-81.731,29.725],[-81.725,29.726],[-81.675,29.73],[-81.625,29.734],[-81.575,29.737],[-81.525,29.739],[-81.475,29.74],[-81.425,29.741],[-81.375,29.741],[-81.325,29.74],[-81.275,29.739]]]}},{"type":"Feature","properties":{"date":"2005-03-02","label":"2 Mar","yday":61,"tier":"day","major":false},"geometry":{"type":"MultiLineString","coordinates":[[[-83.229,29.429],[-83.225,29.43],[-83.175,29.453],[-83.127,29.475],[-83.125,29.476],[-83.075,29.499],[-83.025,29.521],[-83.015,29.525],[-82.975,29.543],[-82.925,29.564],[-82.899,29.575],[-82.875,29.585],[-82.825,29.605],[-82.775,29.624],[-82.774,29.625],[-82.725,29.643],[-82.675,29.661],[-82.636,29.675],[-82.625,29.679],[-82.575,29.695],[-82.525,29.71],[-82.476,29.725],[-82.475,29.725],[-82.425,29.739],[-82.375,29.752],[-82.325,29.763],[-82.275,29.774],[-82.269,29.775],[-82.225,29.783],[-82.175,29.792],[-82.125,29.8],[-82.075,29.807],[-82.025,29.814],[-81.975,29.821],[-81.941,29.825],[-81.925,29.827],[-81.875,29.833],[-81.825,29.838],[-81.775,29.843],[-81.725,29.848],[-81.675,29.851],[-81.625,29.854],[-81.575,29.856],[-81.525,29.857],[-81.475,29.857],[-81.425,29.856],[-81.375,29.855],[-81.325,29.853],[-81.301,29.851]]]}},{"type":"Feature","properties":{"date":"2005-03-03","label":"3 Mar","yday":62,"tier":"day","major":false},"geometry":{"type":"MultiLineString","coordinates":[[[-83.367,29.525],[-83.325,29.545],[-83.275,29.57],[-83.264,29.575],[-83.225,29.594],[-83.175,29.617],[-83.159,29.625],[-83.125,29.641],[-83.075,29.663],[-83.049,29.675],[-83.025,29.685],[-82.975,29.707],[-82.931,29.725],[-82.925,29.727],[-82.875,29.747],[-82.825,29.766],[-82.799,29.775],[-82.775,29.784],[-82.725,29.8],[-82.675,29.816],[-82.644,29.825],[-82.625,29.831],[-82.575,29.844],[-82.525,29.857],[-82.475,29.868],[-82.445,29.875],[-82.425,29.879],[-82.375,29.889],[-82.325,29.898],[-82.275,29.906],[-82.225,29.913],[-82.175,29.919],[-82.13,29.925],[-82.125,29.926],[-82.075,29.931],[-82.025,29.937],[-81.975,29.942],[-81.925,29.948],[-81.875,29.953],[-81.825,29.958],[-81.775,29.962],[-81.725,29.966],[-81.675,29.97],[-81.625,29.972],[-81.575,29.973],[-81.525,29.973],[-81.475,29.971],[-81.425,29.969],[-81.375,29.966],[-81.325,29.962]]]}},{"type":"Feature","properties":{"date":"2005-03-04","label":"4 Mar","yday":63,"tier":"day","major":false},"geometry":{"type":"MultiLineString","coordinates":[[[-83.416,29.666],[-83.398,29.675],[-83.375,29.687],[-83.325,29.713],[-83.3,29.725],[-83.275,29.738],[-83.225,29.762],[-83.198,29.775],[-83.175,29.786],[-83.125,29.809],[-83.09,29.825],[-83.075,29.832],[-83.025,29.853],[-82.975,29.873],[-82.969,29.875],[-82.925,29.892],[-82.875,29.909],[-82.827,29.925],[-82.825,29.926],[-82.775,29.941],[-82.725,29.955],[-82.675,29.967],[-82.643,29.975],[-82.625,29.979],[-82.575,29.989],[-82.525,29.999],[-82.475,30.007],[-82.425,30.015],[-82.375,30.022],[-82.35,30.025],[-82.325,30.028],[-82.275,30.033],[-82.225,30.038],[-82.175,30.043],[-82.125,30.047],[-82.075,30.051],[-82.025,30.055],[-81.975,30.059],[-81.925,30.063],[-81.875,30.068],[-81.825,30.073],[-81.805,30.075],[-81.775,30.078],[-81.725,30.082],[-81.675,30.086],[-81.625,30.087],[-81.575,30.087],[-81.525,30.085],[-81.475,30.083],[-81.425,30.079],[-81.384,30.075],[-81.375,30.074],[-81.374,30.074]],[[-94.663,29.737],[-94.625,29.734],[-94.575,29.732],[-94.525,29.73],[-94.475,29.729],[-94.425,29.729]]]}},{"type":"Feature","properties":{"date":"2005-03-05","label":"5 Mar","yday":64,"tier":"day","major":false},"geometry":{"type":"MultiLineString","coordinates":[[[-83.56,29.76],[-83.533,29.775],[-83.525,29.779],[-83.475,29.807],[-83.442,29.825],[-83.425,29.834],[-83.375,29.861],[-83.348,29.875],[-83.325,29.887],[-83.275,29.913],[-83.25,29.925],[-83.225,29.937],[-83.175,29.961],[-83.143,29.975],[-83.125,29.983],[-83.075,30.004],[-83.025,30.023],[-83.019,30.025],[-82.975,30.041],[-82.925,30.057],[-82.875,30.072],[-82.864,30.075],[-82.825,30.085],[-82.775,30.097],[-82.725,30.108],[-82.675,30.117],[-82.629,30.125],[-82.625,30.126],[-82.575,30.133],[-82.525,30.139],[-82.475,30.144],[-82.425,30.149],[-82.375,30.153],[-82.325,30.156],[-82.275,30.159],[-82.225,30.162],[-82.175,30.164],[-82.125,30.166],[-82.075,30.168],[-82.025,30.17],[-81.975,30.172],[-81.929,30.175],[-81.925,30.175],[-81.875,30.179],[-81.825,30.184],[-81.775,30.19],[-81.725,30.195],[-81.675,30.198],[-81.625,30.199],[-81.575,30.197],[-81.525,30.194],[-81.475,30.189],[-81.425,30.184],[-81.375,30.178]],[[-90.73,30.38],[-90.725,30.38],[-90.675,30.377],[-90.647,30.375]]]}},{"type":"Feature","properties":{"date":"2005-03-06","label":"6 Mar","yday":65,"tier":"five","major":false},"geometry":{"type":"MultiLineString","coordinates":[[[-83.641,29.891],[-83.625,29.9],[-83.583,29.925],[-83.575,29.93],[-83.525,29.959],[-83.498,29.975],[-83.475,29.988],[-83.425,30.017],[-83.41,30.025],[-83.375,30.044],[-83.325,30.071],[-83.316,30.075],[-83.275,30.096],[-83.225,30.12],[-83.213,30.125],[-83.175,30.142],[-83.125,30.162],[-83.09,30.175],[-83.075,30.18],[-83.025,30.197],[-82.975,30.212],[-82.925,30.225],[-82.925,30.225],[-82.875,30.236],[-82.825,30.246],[-82.775,30.254],[-82.725,30.261],[-82.675,30.267],[-82.625,30.272],[-82.58,30.275],[-82.575,30.275],[-82.525,30.278],[-82.475,30.28],[-82.425,30.282],[-82.375,30.283],[-82.325,30.284],[-82.275,30.284],[-82.225,30.285],[-82.175,30.285],[-82.125,30.285],[-82.075,30.285],[-82.025,30.285],[-81.975,30.286],[-81.925,30.288],[-81.875,30.29],[-81.825,30.294],[-81.775,30.297],[-81.725,30.3],[-81.675,30.302],[-81.625,30.301],[-81.575,30.299],[-81.525,30.295],[-81.475,30.289],[-81.425,30.282]],[[-90.923,30.473],[-90.893,30.475],[-90.875,30.476],[-90.825,30.478],[-90.775,30.479],[-90.725,30.479],[-90.675,30.478],[-90.625,30.475],[-90.62,30.475],[-90.575,30.471],[-90.525,30.464],[-90.475,30.455],[-90.425,30.441],[-90.383,30.425]]]}},{"type":"Feature","properties":{"date":"2005-03-07","label":"7 Mar","yday":66,"tier":"day","major":false},"geometry":{"type":"MultiLineString","coordinates":[[[-83.787,29.987],[-83.775,29.994],[-83.726,30.025],[-83.725,30.025],[-83.675,30.057],[-83.647,30.075],[-83.625,30.089],[-83.575,30.121],[-83.568,30.125],[-83.525,30.152],[-83.486,30.175],[-83.475,30.182],[-83.425,30.211],[-83.399,30.225],[-83.375,30.238],[-83.325,30.264],[-83.302,30.275],[-83.275,30.288],[-83.225,30.31],[-83.187,30.325],[-83.175,30.33],[-83.125,30.347],[-83.075,30.362],[-83.027,30.375],[-83.025,30.375],[-82.975,30.386],[-82.925,30.395],[-82.875,30.402],[-82.825,30.408],[-82.775,30.412],[-82.725,30.415],[-82.675,30.416],[-82.625,30.417],[-82.575,30.417],[-82.525,30.417],[-82.475,30.416],[-82.425,30.414],[-82.375,30.413],[-82.325,30.411],[-82.275,30.409],[-82.225,30.407],[-82.175,30.405],[-82.125,30.403],[-82.075,30.401],[-82.025,30.4],[-81.975,30.399],[-81.925,30.399],[-81.875,30.399],[-81.825,30.399],[-81.775,30.4],[-81.725,30.399],[-81.675,30.398],[-81.625,30.396],[-81.575,30.393],[-81.525,30.388],[-81.475,30.382],[-81.426,30.375],[-81.425,30.375]],[[-94.333,30.033],[-94.325,30.033],[-94.275,30.033],[-94.225,30.034],[-94.175,30.036],[-94.164,30.036]],[[-93.306,30.225],[-93.275,30.234],[-93.225,30.249],[-93.175,30.262],[-93.125,30.274],[-93.12,30.275],[-93.075,30.283],[-93.025,30.291],[-92.975,30.299],[-92.925,30.306],[-92.889,30.311]],[[-89.975,30.302],[-89.929,30.275]],[[-92.78,30.325],[-92.775,30.326],[-92.725,30.332],[-92.675,30.338],[-92.625,30.345],[-92.602,30.348]],[[-90.125,30.394],[-90.093,30.375]],[[-91.055,30.555],[-91.025,30.557],[-90.975,30.561],[-90.925,30.564],[-90.875,30.566],[-90.825,30.568],[-90.775,30.568],[-90.725,30.569],[-90.675,30.568],[-90.625,30.565],[-90.575,30.562],[-90.525,30.556],[-90.475,30.549],[-90.425,30.539],[-90.38,30.525],[-90.375,30.523],[-90.325,30.502],[-90.275,30.479],[-90.267,30.475]]]}},{"type":"Feature","properties":{"date":"2005-03-08","label":"8 Mar","yday":67,"tier":"day","major":false},"geometry":{"type":"MultiLineString","coordinates":[[[-85.275,29.746],[-85.225,29.731],[-85.205,29.725],[-85.175,29.717],[-85.125,29.706],[-85.098,29.702]],[[-83.947,30.075],[-83.925,30.089],[-83.875,30.122],[-83.871,30.125],[-83.825,30.156],[-83.797,30.175],[-83.775,30.19],[-83.725,30.224],[-83.724,30.225],[-83.675,30.258],[-83.65,30.275],[-83.625,30.292],[-83.575,30.325],[-83.575,30.325],[-83.525,30.357],[-83.495,30.375],[-83.475,30.387],[-83.425,30.415],[-83.407,30.425],[-83.375,30.442],[-83.325,30.466],[-83.304,30.475],[-83.275,30.488],[-83.225,30.507],[-83.175,30.523],[-83.168,30.525],[-83.125,30.537],[-83.075,30.547],[-83.025,30.556],[-82.975,30.562],[-82.925,30.566],[-82.875,30.568],[-82.825,30.569],[-82.775,30.568],[-82.725,30.567],[-82.675,30.564],[-82.625,30.561],[-82.575,30.557],[-82.525,30.553],[-82.475,30.549],[-82.425,30.545],[-82.375,30.54],[-82.325,30.536],[-82.275,30.531],[-82.225,30.527],[-82.199,30.525],[-82.175,30.523],[-82.125,30.519],[-82.075,30.515],[-82.025,30.512],[-81.975,30.509],[-81.925,30.506],[-81.875,30.504],[-81.825,30.501],[-81.775,30.499],[-81.725,30.496],[-81.675,30.493],[-81.625,30.489],[-81.575,30.484],[-81.525,30.479],[-81.495,30.475],[-81.475,30.473],[-81.472,30.472]],[[-94.375,30.13],[-94.325,30.128],[-94.275,30.127],[-94.225,30.127],[-94.175,30.128],[-94.125,30.13],[-94.075,30.133],[-94.025,30.138],[-93.975,30.143],[-93.954,30.146]],[[-93.533,30.233],[-93.525,30.235],[-93.475,30.249],[-93.425,30.263],[-93.383,30.275],[-93.375,30.277],[-93.325,30.291],[-93.275,30.305],[-93.225,30.319],[-93.199,30.325],[-93.175,30.331],[-93.125,30.342],[-93.075,30.352],[-93.025,30.361],[-92.975,30.369],[-92.94,30.375],[-92.925,30.377],[-92.875,30.385],[-92.825,30.393],[-92.775,30.401],[-92.725,30.409],[-92.675,30.417],[-92.625,30.424],[-92.622,30.425],[-92.575,30.432],[-92.525,30.44],[-92.475,30.448]],[[-91.136,30.636],[-91.125,30.637],[-91.075,30.641],[-91.025,30.644],[-90.975,30.647],[-90.925,30.649],[-90.875,30.651],[-90.825,30.652],[-90.775,30.652],[-90.725,30.651],[-90.675,30.649],[-90.625,30.647],[-90.575,30.643],[-90.525,30.638],[-90.475,30.63],[-90.448,30.625],[-90.425,30.62],[-90.375,30.607],[-90.325,30.591],[-90.283,30.575],[-90.275,30.572],[-90.225,30.549],[-90.176,30.525],[-90.175,30.525],[-90.125,30.497],[-90.085,30.475],[-90.075,30.469],[-90.025,30.439],[-90.001,30.425],[-89.975,30.409],[-89.925,30.379],[-89.917,30.375],[-89.875,30.35],[-89.83,30.325],[-89.825,30.322],[-89.775,30.296],[-89.731,30.275],[-89.725,30.272],[-89.675,30.249],[-89.625,30.227],[-89.62,30.225],[-89.575,30.206],[-89.553,30.197]]]}},{"type":"Feature","properties":{"date":"2005-03-09","label":"9 Mar","yday":68,"tier":"day","major":false},"geometry":{"type":"MultiLineString","coordinates":[[[-85.434,30.016],[-85.425,30.013],[-85.375,29.994],[-85.325,29.975],[-85.325,29.975],[-85.275,29.956],[-85.225,29.939],[-85.182,29.925],[-85.175,29.923],[-85.125,29.909],[-85.075,29.898],[-85.025,29.89],[-84.975,29.886],[-84.925,29.886],[-84.875,29.889],[-84.825,29.894],[-84.775,29.902],[-84.725,29.912],[-84.675,29.924],[-84.672,29.925],[-84.625,29.938],[-84.575,29.953],[-84.525,29.969],[-84.51,29.975],[-84.475,29.988],[-84.454,29.996]],[[-84.413,30.013],[-84.382,30.025],[-84.375,30.028],[-84.369,30.031]],[[-84.21,30.11],[-84.182,30.125],[-84.175,30.129],[-84.125,30.158],[-84.098,30.175],[-84.075,30.19],[-84.025,30.223],[-84.021,30.225],[-83.975,30.257],[-83.949,30.275],[-83.925,30.292],[-83.88,30.325],[-83.875,30.329],[-83.825,30.365],[-83.811,30.375],[-83.775,30.401],[-83.742,30.425],[-83.725,30.437],[-83.675,30.472],[-83.67,30.475],[-83.625,30.506],[-83.595,30.525],[-83.575,30.538],[-83.525,30.568],[-83.514,30.575],[-83.475,30.597],[-83.425,30.623],[-83.422,30.625],[-83.375,30.647],[-83.325,30.669],[-83.309,30.675],[-83.275,30.687],[-83.225,30.703],[-83.175,30.715],[-83.125,30.724],[-83.118,30.725],[-83.075,30.73],[-83.025,30.733],[-82.975,30.734],[-82.925,30.733],[-82.875,30.73],[-82.825,30.726],[-82.816,30.725],[-82.775,30.721],[-82.725,30.715],[-82.675,30.709],[-82.625,30.702],[-82.575,30.695],[-82.525,30.688],[-82.475,30.68],[-82.437,30.675],[-82.425,30.673],[-82.375,30.666],[-82.325,30.659],[-82.275,30.652],[-82.225,30.646],[-82.175,30.639],[-82.125,30.633],[-82.075,30.627],[-82.053,30.625],[-82.025,30.622],[-81.975,30.617],[-81.925,30.612],[-81.875,30.607],[-81.825,30.602],[-81.775,30.597],[-81.725,30.592],[-81.675,30.587],[-81.625,30.582],[-81.575,30.576],[-81.566,30.575],[-81.525,30.57],[-81.519,30.569]],[[-94.375,30.225],[-94.373,30.225],[-94.325,30.222],[-94.275,30.22],[-94.225,30.219],[-94.175,30.218],[-94.125,30.219],[-94.075,30.221],[-94.025,30.224],[-94.018,30.225],[-93.975,30.229],[-93.925,30.234],[-93.915,30.235]],[[-94.775,30.275],[-94.775,30.275],[-94.774,30.275],[-94.725,30.267],[-94.675,30.26]],[[-93.593,30.293],[-93.575,30.297],[-93.525,30.309],[-93.475,30.321],[-93.461,30.325],[-93.425,30.334],[-93.375,30.347],[-93.325,30.36],[-93.275,30.373],[-93.266,30.375],[-93.225,30.385],[-93.175,30.396],[-93.125,30.407],[-93.075,30.418],[-93.04,30.425],[-93.025,30.428],[-92.975,30.438],[-92.925,30.447],[-92.875,30.457],[-92.825,30.466],[-92.777,30.475],[-92.775,30.475],[-92.725,30.485],[-92.675,30.494],[-92.625,30.504],[-92.575,30.513],[-92.525,30.522],[-92.51,30.525],[-92.475,30.532],[-92.467,30.533]],[[-91.216,30.716],[-91.175,30.719],[-91.125,30.723],[-91.083,30.725],[-91.075,30.725],[-91.025,30.728],[-90.975,30.73],[-90.925,30.731],[-90.875,30.731],[-90.825,30.731],[-90.775,30.731],[-90.725,30.729],[-90.675,30.727],[-90.647,30.725],[-90.625,30.723],[-90.575,30.719],[-90.525,30.713],[-90.475,30.705],[-90.425,30.696],[-90.375,30.685],[-90.34,30.675],[-90.325,30.671],[-90.275,30.654],[-90.225,30.635],[-90.2,30.625],[-90.175,30.614],[-90.125,30.591],[-90.092,30.575],[-90.075,30.566],[-90.025,30.539],[-89.998,30.525],[-89.975,30.512],[-89.925,30.484],[-89.909,30.475],[-89.875,30.455],[-89.825,30.427],[-89.82,30.425],[-89.775,30.401],[-89.725,30.376],[-89.724,30.375],[-89.675,30.352],[-89.625,30.329],[-89.615,30.325],[-89.575,30.308],[-89.525,30.287],[-89.494,30.275],[-89.475,30.267],[-89.425,30.248]]]}},{"type":"Feature","properties":{"date":"2005-03-10","label":"10 Mar","yday":69,"tier":"day","major":false},"geometry":{"type":"MultiLineString","coordinates":[[[-85.919,30.269],[-85.875,30.267],[-85.866,30.266]],[[-85.646,30.246],[-85.625,30.244],[-85.575,30.236],[-85.525,30.228],[-85.512,30.225],[-85.475,30.217],[-85.425,30.206],[-85.375,30.193],[-85.325,30.181],[-85.303,30.175],[-85.275,30.167],[-85.225,30.154],[-85.175,30.142],[-85.125,30.131],[-85.095,30.125],[-85.075,30.121],[-85.025,30.114],[-84.975,30.108],[-84.925,30.106],[-84.875,30.106],[-84.825,30.108],[-84.775,30.113],[-84.725,30.12],[-84.697,30.125],[-84.675,30.129],[-84.625,30.14],[-84.575,30.153],[-84.525,30.168],[-84.504,30.175],[-84.475,30.185],[-84.425,30.203],[-84.375,30.224],[-84.373,30.225],[-84.325,30.247],[-84.275,30.273],[-84.271,30.275],[-84.225,30.301],[-84.187,30.325],[-84.175,30.333],[-84.125,30.367],[-84.113,30.375],[-84.075,30.402],[-84.043,30.425],[-84.025,30.438],[-83.975,30.475],[-83.975,30.475],[-83.925,30.512],[-83.907,30.525],[-83.875,30.548],[-83.838,30.575],[-83.825,30.584],[-83.775,30.619],[-83.765,30.625],[-83.725,30.652],[-83.689,30.675],[-83.675,30.684],[-83.625,30.714],[-83.607,30.725],[-83.575,30.743],[-83.525,30.77],[-83.516,30.775],[-83.475,30.795],[-83.425,30.819],[-83.411,30.825],[-83.375,30.84],[-83.325,30.858],[-83.275,30.874],[-83.271,30.875],[-83.225,30.886],[-83.175,30.895],[-83.125,30.899],[-83.075,30.9],[-83.025,30.898],[-82.975,30.895],[-82.925,30.89],[-82.875,30.883],[-82.825,30.875],[-82.823,30.875],[-82.775,30.867],[-82.725,30.858],[-82.675,30.848],[-82.625,30.838],[-82.575,30.828],[-82.558,30.825],[-82.525,30.819],[-82.475,30.809],[-82.425,30.799],[-82.375,30.79],[-82.325,30.78],[-82.295,30.775],[-82.275,30.771],[-82.225,30.763],[-82.175,30.754],[-82.125,30.746],[-82.075,30.738],[-82.025,30.731],[-81.987,30.725],[-81.975,30.723],[-81.925,30.716],[-81.875,30.709],[-81.825,30.702],[-81.775,30.696],[-81.725,30.689],[-81.675,30.682],[-81.625,30.676],[-81.62,30.675],[-81.575,30.669],[-81.525,30.662],[-81.475,30.655]],[[-94.426,30.326],[-94.425,30.326],[-94.417,30.325],[-94.375,30.32],[-94.325,30.316],[-94.275,30.312],[-94.225,30.309],[-94.175,30.308],[-94.125,30.307],[-94.075,30.308],[-94.025,30.309],[-93.975,30.312],[-93.925,30.316],[-93.875,30.321],[-93.842,30.325],[-93.825,30.327],[-93.823,30.327]],[[-93.697,30.347],[-93.675,30.35],[-93.625,30.359],[-93.575,30.369],[-93.549,30.375],[-93.525,30.38],[-93.475,30.391],[-93.425,30.402],[-93.375,30.414],[-93.329,30.425],[-93.325,30.426],[-93.275,30.438],[-93.225,30.45],[-93.175,30.461],[-93.125,30.472],[-93.113,30.475],[-93.075,30.484],[-93.025,30.495],[-92.975,30.506],[-92.925,30.517],[-92.886,30.525],[-92.875,30.528],[-92.825,30.539],[-92.775,30.55],[-92.725,30.561],[-92.675,30.572],[-92.661,30.575],[-92.625,30.583],[-92.575,30.594],[-92.525,30.605],[-92.475,30.616],[-92.434,30.625],[-92.425,30.627],[-92.423,30.627]],[[-94.825,30.392],[-94.775,30.382],[-94.736,30.375],[-94.725,30.373],[-94.675,30.364]],[[-92.188,30.675],[-92.175,30.678],[-92.172,30.678]],[[-91.249,30.799],[-91.225,30.801],[-91.175,30.803],[-91.125,30.806],[-91.075,30.807],[-91.025,30.809],[-90.975,30.81],[-90.925,30.81],[-90.875,30.809],[-90.825,30.808],[-90.775,30.807],[-90.725,30.804],[-90.675,30.801],[-90.625,30.797],[-90.575,30.792],[-90.525,30.786],[-90.475,30.778],[-90.457,30.775],[-90.425,30.769],[-90.375,30.759],[-90.325,30.746],[-90.275,30.732],[-90.253,30.725],[-90.225,30.716],[-90.175,30.697],[-90.125,30.677],[-90.119,30.675],[-90.075,30.655],[-90.025,30.632],[-90.01,30.625],[-89.975,30.608],[-89.925,30.582],[-89.91,30.575],[-89.875,30.556],[-89.825,30.53],[-89.815,30.525],[-89.775,30.504],[-89.725,30.479],[-89.716,30.475],[-89.675,30.455],[-89.625,30.432],[-89.609,30.425],[-89.575,30.41],[-89.525,30.389],[-89.49,30.375],[-89.475,30.369],[-89.425,30.35],[-89.375,30.331],[-89.358,30.325]]]}},{"type":"Feature","properties":{"date":"2005-03-11","label":"11 Mar","yday":70,"tier":"five","major":false},"geometry":{"type":"MultiLineString","coordinates":[[[-87.331,30.325],[-87.325,30.326],[-87.275,30.337],[-87.244,30.344]],[[-86.925,30.403],[-86.893,30.407]],[[-94.475,30.432],[-94.432,30.425],[-94.425,30.424],[-94.375,30.417],[-94.325,30.41],[-94.275,30.405],[-94.225,30.4],[-94.175,30.397],[-94.125,30.395],[-94.075,30.394],[-94.025,30.394],[-93.975,30.395],[-93.925,30.397],[-93.875,30.401],[-93.825,30.405],[-93.775,30.41],[-93.725,30.417],[-93.675,30.424],[-93.667,30.425],[-93.625,30.432],[-93.575,30.44],[-93.525,30.449],[-93.475,30.459],[-93.425,30.469],[-93.399,30.475],[-93.375,30.48],[-93.325,30.491],[-93.275,30.502],[-93.225,30.514],[-93.178,30.525],[-93.175,30.526],[-93.125,30.538],[-93.075,30.55],[-93.025,30.562],[-92.975,30.574],[-92.972,30.575],[-92.925,30.587],[-92.875,30.6],[-92.825,30.612],[-92.776,30.625],[-92.775,30.625],[-92.725,30.639],[-92.675,30.652],[-92.625,30.665],[-92.584,30.675],[-92.575,30.677],[-92.525,30.69],[-92.475,30.703],[-92.425,30.715],[-92.383,30.725],[-92.375,30.727],[-92.325,30.739],[-92.275,30.75],[-92.225,30.76],[-92.175,30.771],[-92.153,30.775],[-92.125,30.781]],[[-86.671,30.425],[-86.625,30.429],[-86.621,30.429]],[[-86.089,30.439],[-86.075,30.438],[-86.025,30.435],[-85.975,30.432],[-85.925,30.429],[-85.875,30.425],[-85.871,30.425],[-85.825,30.421],[-85.775,30.417],[-85.725,30.412],[-85.675,30.407],[-85.625,30.402],[-85.575,30.396],[-85.525,30.39],[-85.475,30.383],[-85.425,30.376],[-85.417,30.375],[-85.375,30.369],[-85.325,30.361],[-85.275,30.354],[-85.225,30.347],[-85.175,30.341],[-85.125,30.335],[-85.075,30.33],[-85.025,30.327],[-84.99,30.325],[-84.975,30.324],[-84.925,30.324],[-84.875,30.325],[-84.87,30.325],[-84.825,30.328],[-84.775,30.332],[-84.725,30.339],[-84.675,30.347],[-84.625,30.357],[-84.575,30.369],[-84.555,30.375],[-84.525,30.383],[-84.475,30.4],[-84.425,30.419],[-84.41,30.425],[-84.375,30.441],[-84.325,30.468],[-84.314,30.475],[-84.275,30.498],[-84.234,30.525],[-84.225,30.531],[-84.175,30.564],[-84.159,30.575],[-84.125,30.597],[-84.084,30.625],[-84.075,30.631],[-84.025,30.664],[-84.008,30.675],[-83.975,30.696],[-83.93,30.725],[-83.925,30.728],[-83.875,30.759],[-83.849,30.775],[-83.825,30.789],[-83.775,30.818],[-83.764,30.825],[-83.725,30.846],[-83.675,30.874],[-83.672,30.875],[-83.625,30.899],[-83.575,30.924],[-83.572,30.925],[-83.525,30.946],[-83.475,30.968],[-83.456,30.975],[-83.425,30.987],[-83.375,31.004],[-83.325,31.019],[-83.3,31.025],[-83.275,31.031],[-83.225,31.04],[-83.175,31.045],[-83.125,31.048],[-83.075,31.047],[-83.025,31.044],[-82.975,31.04],[-82.925,31.033],[-82.877,31.025],[-82.875,31.025],[-82.825,31.015],[-82.775,31.005],[-82.725,30.994],[-82.675,30.982],[-82.646,30.975],[-82.625,30.97],[-82.575,30.958],[-82.525,30.946],[-82.475,30.934],[-82.435,30.925],[-82.425,30.923],[-82.375,30.911],[-82.325,30.9],[-82.275,30.889],[-82.225,30.879],[-82.206,30.875],[-82.175,30.869],[-82.125,30.859],[-82.075,30.849],[-82.025,30.84],[-81.975,30.831],[-81.945,30.825],[-81.925,30.822],[-81.875,30.813],[-81.825,30.804],[-81.775,30.796],[-81.725,30.787],[-81.675,30.779],[-81.65,30.775],[-81.625,30.771],[-81.575,30.763],[-81.525,30.755]],[[-91.325,30.88],[-91.275,30.882],[-91.225,30.884],[-91.175,30.886],[-91.125,30.887],[-91.075,30.888],[-91.025,30.889],[-90.975,30.888],[-90.925,30.887],[-90.875,30.886],[-90.825,30.884],[-90.775,30.882],[-90.725,30.878],[-90.685,30.875],[-90.675,30.874],[-90.625,30.869],[-90.575,30.864],[-90.525,30.857],[-90.475,30.85],[-90.425,30.841],[-90.375,30.831],[-90.348,30.825],[-90.325,30.82],[-90.275,30.807],[-90.225,30.793],[-90.175,30.777],[-90.17,30.775],[-90.125,30.759],[-90.075,30.74],[-90.037,30.725],[-90.025,30.72],[-89.975,30.698],[-89.925,30.676],[-89.924,30.675],[-89.875,30.652],[-89.825,30.628],[-89.818,30.625],[-89.775,30.604],[-89.725,30.581],[-89.713,30.575],[-89.675,30.557],[-89.625,30.535],[-89.603,30.525],[-89.575,30.513],[-89.525,30.492],[-89.484,30.475],[-89.475,30.471],[-89.425,30.452],[-89.375,30.433],[-89.353,30.425],[-89.325,30.415],[-89.275,30.398],[-89.225,30.381],[-89.205,30.375],[-89.182,30.368]]]}},{"type":"Feature","properties":{"date":"2005-03-12","label":"12 Mar","yday":71,"tier":"day","major":false},"geometry":{"type":"MultiLineString","coordinates":[[[-88.479,30.329],[-88.475,30.329],[-88.471,30.329]],[[-87.809,30.359],[-87.775,30.365],[-87.725,30.374],[-87.722,30.375],[-87.675,30.385],[-87.625,30.396],[-87.575,30.408],[-87.525,30.42],[-87.506,30.425],[-87.475,30.433],[-87.425,30.446],[-87.395,30.455]],[[-87.363,30.463],[-87.325,30.474],[-87.322,30.475],[-87.275,30.488],[-87.225,30.502],[-87.175,30.516]],[[-94.553,30.553],[-94.525,30.546],[-94.475,30.535],[-94.427,30.525],[-94.425,30.525],[-94.375,30.515],[-94.325,30.506],[-94.275,30.499],[-94.225,30.492],[-94.175,30.487],[-94.125,30.483],[-94.075,30.48],[-94.025,30.478],[-93.975,30.478],[-93.925,30.479],[-93.875,30.48],[-93.825,30.483],[-93.775,30.487],[-93.725,30.492],[-93.675,30.497],[-93.625,30.504],[-93.575,30.511],[-93.525,30.519],[-93.487,30.525],[-93.475,30.527],[-93.425,30.536],[-93.375,30.546],[-93.325,30.556],[-93.275,30.567],[-93.242,30.575],[-93.225,30.579],[-93.175,30.591],[-93.125,30.604],[-93.075,30.617],[-93.046,30.625],[-93.025,30.631],[-92.975,30.645],[-92.925,30.659],[-92.875,30.674],[-92.871,30.675],[-92.825,30.689],[-92.775,30.704],[-92.725,30.719],[-92.705,30.725],[-92.675,30.734],[-92.625,30.749],[-92.575,30.764],[-92.537,30.775],[-92.525,30.778],[-92.475,30.793],[-92.425,30.806],[-92.375,30.819],[-92.353,30.825],[-92.325,30.832],[-92.275,30.844],[-92.225,30.855],[-92.175,30.866],[-92.13,30.875],[-92.125,30.876]],[[-87.089,30.539],[-87.075,30.543],[-87.051,30.549]],[[-87.008,30.558],[-86.975,30.565],[-86.925,30.574],[-86.921,30.575],[-86.875,30.582],[-86.825,30.588],[-86.775,30.594],[-86.725,30.599],[-86.675,30.604],[-86.625,30.609],[-86.575,30.613],[-86.525,30.615],[-86.475,30.616],[-86.425,30.615],[-86.375,30.614],[-86.325,30.612],[-86.275,30.609],[-86.225,30.606],[-86.175,30.602],[-86.125,30.598],[-86.075,30.594],[-86.025,30.589],[-85.975,30.585],[-85.925,30.58],[-85.876,30.575],[-85.875,30.575],[-85.825,30.57],[-85.775,30.565],[-85.725,30.56],[-85.675,30.555],[-85.625,30.55],[-85.575,30.546],[-85.525,30.541],[-85.475,30.537],[-85.425,30.533],[-85.375,30.53],[-85.325,30.526],[-85.301,30.525],[-85.275,30.524],[-85.225,30.521],[-85.175,30.52],[-85.125,30.52],[-85.075,30.52],[-85.025,30.522],[-84.975,30.525],[-84.973,30.525],[-84.925,30.529],[-84.875,30.535],[-84.825,30.542],[-84.775,30.551],[-84.725,30.561],[-84.675,30.574],[-84.67,30.575],[-84.625,30.588],[-84.575,30.604],[-84.525,30.621],[-84.516,30.625],[-84.475,30.641],[-84.425,30.663],[-84.398,30.675],[-84.375,30.686],[-84.325,30.71],[-84.295,30.725],[-84.275,30.735],[-84.225,30.76],[-84.197,30.775],[-84.175,30.786],[-84.125,30.812],[-84.101,30.825],[-84.075,30.838],[-84.025,30.864],[-84.004,30.875],[-83.975,30.89],[-83.925,30.915],[-83.907,30.925],[-83.875,30.941],[-83.825,30.966],[-83.806,30.975],[-83.775,30.99],[-83.725,31.013],[-83.7,31.025],[-83.675,31.036],[-83.625,31.057],[-83.583,31.075],[-83.575,31.078],[-83.525,31.097],[-83.475,31.114],[-83.442,31.125],[-83.425,31.13],[-83.375,31.144],[-83.325,31.156],[-83.275,31.165],[-83.225,31.172],[-83.196,31.175],[-83.175,31.177],[-83.125,31.179],[-83.075,31.179],[-83.025,31.177],[-83.003,31.175],[-82.975,31.172],[-82.925,31.166],[-82.875,31.158],[-82.825,31.148],[-82.775,31.136],[-82.728,31.125],[-82.725,31.124],[-82.675,31.111],[-82.625,31.098],[-82.575,31.085],[-82.54,31.075],[-82.525,31.071],[-82.475,31.058],[-82.425,31.045],[-82.375,31.032],[-82.347,31.025],[-82.325,31.02],[-82.275,31.008],[-82.225,30.996],[-82.175,30.984],[-82.135,30.975],[-82.125,30.973],[-82.075,30.962],[-82.025,30.951],[-81.975,30.94],[-81.925,30.929],[-81.906,30.925],[-81.875,30.919],[-81.825,30.908],[-81.775,30.898],[-81.725,30.888],[-81.675,30.878],[-81.659,30.875],[-81.625,30.869],[-81.575,30.859],[-81.525,30.851],[-81.475,30.842]],[[-91.325,30.965],[-91.275,30.966],[-91.225,30.968],[-91.175,30.968],[-91.125,30.969],[-91.075,30.968],[-91.025,30.968],[-90.975,30.966],[-90.925,30.965],[-90.875,30.962],[-90.825,30.959],[-90.775,30.956],[-90.725,30.952],[-90.675,30.947],[-90.625,30.941],[-90.575,30.935],[-90.525,30.928],[-90.502,30.925],[-90.475,30.921],[-90.425,30.913],[-90.375,30.903],[-90.325,30.893],[-90.275,30.881],[-90.251,30.875],[-90.225,30.868],[-90.175,30.854],[-90.125,30.838],[-90.084,30.825],[-90.075,30.822],[-90.025,30.804],[-89.975,30.785],[-89.95,30.775],[-89.925,30.765],[-89.875,30.744],[-89.831,30.725],[-89.825,30.722],[-89.775,30.7],[-89.725,30.678],[-89.717,30.675],[-89.675,30.657],[-89.625,30.635],[-89.601,30.625],[-89.575,30.614],[-89.525,30.593],[-89.479,30.575],[-89.475,30.573],[-89.425,30.554],[-89.375,30.536],[-89.345,30.525],[-89.325,30.518],[-89.275,30.501],[-89.225,30.484],[-89.195,30.475],[-89.175,30.469],[-89.125,30.454],[-89.075,30.44],[-89.025,30.426],[-89.024,30.426]]]}},{"type":"Feature","properties":{"date":"2005-03-13","label":"13 Mar","yday":72,"tier":"day","major":false},"geometry":{"type":"MultiLineString","coordinates":[[[-87.915,30.465],[-87.875,30.471],[-87.856,30.475],[-87.825,30.481],[-87.775,30.492],[-87.725,30.503],[-87.675,30.516],[-87.639,30.525],[-87.625,30.529],[-87.575,30.543],[-87.525,30.557],[-87.475,30.572],[-87.466,30.575],[-87.425,30.588],[-87.375,30.604],[-87.325,30.62],[-87.31,30.625],[-87.275,30.636],[-87.225,30.653],[-87.175,30.669],[-87.156,30.675],[-87.125,30.685],[-87.075,30.7],[-87.025,30.713],[-86.975,30.724],[-86.971,30.725],[-86.925,30.733],[-86.875,30.741],[-86.825,30.747],[-86.775,30.754],[-86.725,30.759],[-86.675,30.764],[-86.625,30.768],[-86.575,30.77],[-86.525,30.772],[-86.475,30.772],[-86.425,30.772],[-86.375,30.77],[-86.325,30.768],[-86.275,30.764],[-86.225,30.759],[-86.175,30.754],[-86.125,30.748],[-86.075,30.742],[-86.025,30.735],[-85.975,30.729],[-85.944,30.725],[-85.925,30.723],[-85.875,30.716],[-85.825,30.71],[-85.775,30.705],[-85.725,30.699],[-85.675,30.695],[-85.625,30.69],[-85.575,30.687],[-85.525,30.683],[-85.475,30.681],[-85.425,30.679],[-85.375,30.678],[-85.325,30.678],[-85.275,30.678],[-85.225,30.68],[-85.175,30.683],[-85.125,30.687],[-85.075,30.692],[-85.025,30.698],[-84.975,30.706],[-84.925,30.716],[-84.885,30.725],[-84.875,30.727],[-84.825,30.74],[-84.775,30.754],[-84.725,30.769],[-84.707,30.775],[-84.675,30.785],[-84.625,30.802],[-84.575,30.82],[-84.56,30.825],[-84.525,30.837],[-84.475,30.854],[-84.425,30.872],[-84.417,30.875],[-84.375,30.89],[-84.325,30.908],[-84.282,30.925],[-84.275,30.928],[-84.225,30.947],[-84.175,30.968],[-84.158,30.975],[-84.125,30.988],[-84.075,31.009],[-84.039,31.025],[-84.025,31.031],[-83.975,31.053],[-83.925,31.075],[-83.924,31.075],[-83.875,31.096],[-83.825,31.117],[-83.807,31.125],[-83.775,31.138],[-83.725,31.159],[-83.685,31.175],[-83.675,31.179],[-83.625,31.197],[-83.575,31.215],[-83.546,31.225],[-83.525,31.232],[-83.475,31.247],[-83.425,31.26],[-83.375,31.273],[-83.363,31.275],[-83.325,31.283],[-83.275,31.291],[-83.225,31.298],[-83.175,31.303],[-83.125,31.305],[-83.075,31.306],[-83.025,31.305],[-82.975,31.301],[-82.925,31.295],[-82.875,31.287],[-82.825,31.277],[-82.815,31.275],[-82.775,31.266],[-82.725,31.253],[-82.675,31.239],[-82.626,31.225],[-82.625,31.225],[-82.575,31.21],[-82.525,31.195],[-82.475,31.181],[-82.454,31.175],[-82.425,31.167],[-82.375,31.153],[-82.325,31.14],[-82.275,31.127],[-82.267,31.125],[-82.225,31.114],[-82.175,31.102],[-82.125,31.089],[-82.075,31.077],[-82.067,31.075],[-82.025,31.065],[-81.975,31.053],[-81.925,31.04],[-81.875,31.028],[-81.862,31.025],[-81.825,31.016],[-81.775,31.004],[-81.725,30.993],[-81.675,30.981],[-81.648,30.975],[-81.625,30.97],[-81.575,30.959],[-81.525,30.949]],[[-94.725,30.72],[-94.675,30.704],[-94.625,30.688],[-94.584,30.675],[-94.575,30.672],[-94.525,30.658],[-94.475,30.643],[-94.425,30.63],[-94.406,30.625],[-94.375,30.618],[-94.325,30.606],[-94.275,30.596],[-94.225,30.587],[-94.175,30.58],[-94.14,30.575],[-94.125,30.573],[-94.075,30.568],[-94.025,30.565],[-93.975,30.562],[-93.925,30.561],[-93.875,30.561],[-93.825,30.562],[-93.775,30.564],[-93.725,30.567],[-93.675,30.571],[-93.637,30.575],[-93.625,30.576],[-93.575,30.582],[-93.525,30.588],[-93.475,30.596],[-93.425,30.604],[-93.375,30.613],[-93.325,30.623],[-93.315,30.625],[-93.275,30.634],[-93.225,30.646],[-93.175,30.659],[-93.125,30.673],[-93.117,30.675],[-93.075,30.688],[-93.025,30.703],[-92.975,30.719],[-92.957,30.725],[-92.925,30.736],[-92.875,30.753],[-92.825,30.77],[-92.809,30.775],[-92.775,30.787],[-92.725,30.805],[-92.675,30.822],[-92.665,30.825],[-92.625,30.839],[-92.575,30.856],[-92.525,30.872],[-92.514,30.875],[-92.475,30.887],[-92.425,30.902],[-92.375,30.916],[-92.342,30.925],[-92.325,30.929],[-92.275,30.942],[-92.225,30.953],[-92.175,30.964],[-92.166,30.966]],[[-91.375,31.049],[-91.325,31.05],[-91.275,31.051],[-91.225,31.051],[-91.175,31.051],[-91.125,31.05],[-91.075,31.049],[-91.025,31.047],[-90.975,31.045],[-90.925,31.042],[-90.875,31.039],[-90.825,31.035],[-90.775,31.03],[-90.725,31.025],[-90.722,31.025],[-90.675,31.02],[-90.625,31.014],[-90.575,31.007],[-90.525,31.0],[-90.475,30.992],[-90.425,30.984],[-90.375,30.975],[-90.374,30.975],[-90.325,30.966],[-90.275,30.955],[-90.225,30.943],[-90.175,30.931],[-90.154,30.925],[-90.125,30.917],[-90.075,30.902],[-90.025,30.886],[-89.993,30.875],[-89.975,30.869],[-89.925,30.851],[-89.875,30.832],[-89.855,30.825],[-89.825,30.813],[-89.775,30.793],[-89.729,30.775],[-89.725,30.773],[-89.675,30.753],[-89.625,30.733],[-89.604,30.725],[-89.575,30.713],[-89.525,30.694],[-89.476,30.675],[-89.475,30.675],[-89.425,30.656],[-89.375,30.638],[-89.336,30.625],[-89.325,30.621],[-89.275,30.605],[-89.225,30.589],[-89.18,30.575],[-89.175,30.573],[-89.125,30.559],[-89.075,30.545],[-89.025,30.532],[-88.996,30.525],[-88.975,30.52],[-88.925,30.508],[-88.875,30.497],[-88.825,30.487],[-88.775,30.478],[-88.76,30.475],[-88.725,30.469],[-88.675,30.461],[-88.625,30.454],[-88.575,30.448],[-88.525,30.443],[-88.475,30.44],[-88.425,30.438],[-88.375,30.436],[-88.325,30.436],[-88.275,30.436],[-88.225,30.437],[-88.175,30.439],[-88.125,30.441]]]}},{"type":"Feature","properties":{"date":"2005-03-14","label":"14 Mar","yday":73,"tier":"day","major":false},"geometry":{"type":"MultiLineString","coordinates":[[[-87.894,30.594],[-87.875,30.598],[-87.825,30.609],[-87.775,30.621],[-87.76,30.625],[-87.725,30.634],[-87.675,30.648],[-87.625,30.662],[-87.583,30.675],[-87.575,30.678],[-87.525,30.693],[-87.475,30.709],[-87.426,30.725],[-87.425,30.725],[-87.375,30.742],[-87.325,30.758],[-87.275,30.775],[-87.275,30.775],[-87.225,30.791],[-87.175,30.806],[-87.125,30.821],[-87.112,30.825],[-87.075,30.835],[-87.025,30.847],[-86.975,30.858],[-86.925,30.869],[-86.89,30.875],[-86.875,30.878],[-86.825,30.886],[-86.775,30.894],[-86.725,30.9],[-86.675,30.906],[-86.625,30.911],[-86.575,30.915],[-86.525,30.918],[-86.475,30.919],[-86.425,30.919],[-86.375,30.917],[-86.325,30.914],[-86.275,30.909],[-86.225,30.903],[-86.175,30.897],[-86.125,30.889],[-86.075,30.881],[-86.035,30.875],[-86.025,30.873],[-85.975,30.865],[-85.925,30.857],[-85.875,30.85],[-85.825,30.843],[-85.775,30.837],[-85.725,30.831],[-85.675,30.826],[-85.664,30.825],[-85.625,30.822],[-85.575,30.818],[-85.525,30.816],[-85.475,30.815],[-85.425,30.814],[-85.375,30.815],[-85.325,30.817],[-85.275,30.82],[-85.225,30.825],[-85.222,30.825],[-85.175,30.83],[-85.125,30.837],[-85.075,30.846],[-85.025,30.856],[-84.975,30.867],[-84.945,30.875],[-84.925,30.88],[-84.875,30.894],[-84.825,30.91],[-84.78,30.925],[-84.775,30.926],[-84.725,30.943],[-84.675,30.961],[-84.633,30.975],[-84.625,30.977],[-84.575,30.992],[-84.525,31.006],[-84.475,31.021],[-84.461,31.025],[-84.425,31.035],[-84.375,31.051],[-84.325,31.067],[-84.301,31.075],[-84.275,31.083],[-84.225,31.1],[-84.175,31.119],[-84.158,31.125],[-84.125,31.137],[-84.075,31.156],[-84.025,31.175],[-84.025,31.175],[-83.975,31.194],[-83.925,31.214],[-83.898,31.225],[-83.875,31.234],[-83.825,31.253],[-83.775,31.272],[-83.768,31.275],[-83.725,31.291],[-83.675,31.309],[-83.629,31.325],[-83.625,31.326],[-83.575,31.342],[-83.525,31.358],[-83.475,31.372],[-83.462,31.375],[-83.425,31.384],[-83.375,31.396],[-83.325,31.405],[-83.275,31.414],[-83.225,31.421],[-83.181,31.425],[-83.175,31.426],[-83.125,31.429],[-83.075,31.431],[-83.025,31.43],[-82.975,31.428],[-82.94,31.425],[-82.925,31.424],[-82.875,31.417],[-82.825,31.407],[-82.775,31.396],[-82.725,31.382],[-82.7,31.375],[-82.675,31.368],[-82.625,31.353],[-82.575,31.337],[-82.535,31.325],[-82.525,31.322],[-82.475,31.307],[-82.425,31.292],[-82.375,31.278],[-82.365,31.275],[-82.325,31.264],[-82.275,31.251],[-82.225,31.238],[-82.178,31.225],[-82.175,31.224],[-82.125,31.211],[-82.075,31.198],[-82.025,31.185],[-81.99,31.175],[-81.975,31.171],[-81.925,31.158],[-81.875,31.144],[-81.825,31.131],[-81.805,31.125],[-81.775,31.117],[-81.725,31.104],[-81.675,31.09],[-81.625,31.077],[-81.617,31.075],[-81.575,31.064],[-81.525,31.052],[-81.475,31.041],[-81.425,31.03]],[[-95.175,30.989],[-95.125,30.978],[-95.113,30.975],[-95.075,30.965],[-95.025,30.952],[-94.975,30.938],[-94.933,30.925],[-94.925,30.922],[-94.875,30.906],[-94.825,30.889],[-94.786,30.875],[-94.775,30.871],[-94.725,30.853],[-94.675,30.834],[-94.653,30.825],[-94.625,30.815],[-94.575,30.796],[-94.525,30.777],[-94.519,30.775],[-94.475,30.76],[-94.425,30.743],[-94.375,30.727],[-94.369,30.725],[-94.325,30.712],[-94.275,30.699],[-94.225,30.687],[-94.175,30.676],[-94.169,30.675],[-94.125,30.667],[-94.075,30.66],[-94.025,30.654],[-93.975,30.649],[-93.925,30.646],[-93.875,30.644],[-93.825,30.644],[-93.775,30.644],[-93.725,30.646],[-93.675,30.648],[-93.625,30.651],[-93.575,30.656],[-93.525,30.661],[-93.475,30.667],[-93.425,30.674],[-93.416,30.675],[-93.375,30.682],[-93.325,30.692],[-93.275,30.703],[-93.225,30.716],[-93.193,30.725],[-93.175,30.73],[-93.125,30.746],[-93.075,30.763],[-93.04,30.775],[-93.025,30.78],[-92.975,30.799],[-92.925,30.818],[-92.906,30.825],[-92.875,30.837],[-92.825,30.857],[-92.779,30.875],[-92.775,30.877],[-92.725,30.897],[-92.675,30.916],[-92.651,30.925],[-92.625,30.935],[-92.575,30.954],[-92.525,30.971],[-92.514,30.975],[-92.475,30.988],[-92.425,31.004],[-92.375,31.018],[-92.35,31.025]],[[-91.375,31.135],[-91.325,31.136],[-91.275,31.135],[-91.225,31.135],[-91.175,31.133],[-91.125,31.132],[-91.075,31.13],[-91.025,31.127],[-90.993,31.125],[-90.975,31.124],[-90.925,31.12],[-90.875,31.116],[-90.825,31.111],[-90.775,31.106],[-90.725,31.101],[-90.675,31.094],[-90.625,31.087],[-90.575,31.08],[-90.541,31.075],[-90.525,31.073],[-90.475,31.065],[-90.425,31.057],[-90.375,31.049],[-90.325,31.04],[-90.275,31.03],[-90.253,31.025],[-90.225,31.019],[-90.175,31.008],[-90.125,30.995],[-90.075,30.982],[-90.051,30.975],[-90.025,30.968],[-89.975,30.952],[-89.925,30.936],[-89.891,30.925],[-89.875,30.92],[-89.825,30.902],[-89.775,30.884],[-89.749,30.875],[-89.725,30.866],[-89.675,30.848],[-89.625,30.829],[-89.613,30.825],[-89.575,30.811],[-89.525,30.793],[-89.475,30.775],[-89.475,30.775],[-89.425,30.758],[-89.375,30.741],[-89.327,30.725],[-89.325,30.724],[-89.275,30.709],[-89.225,30.693],[-89.175,30.679],[-89.16,30.675],[-89.125,30.665],[-89.075,30.652],[-89.025,30.64],[-88.975,30.628],[-88.96,30.625],[-88.925,30.617],[-88.875,30.607],[-88.825,30.598],[-88.775,30.589],[-88.725,30.582],[-88.678,30.575],[-88.675,30.575],[-88.625,30.569],[-88.575,30.564],[-88.525,30.56],[-88.475,30.558],[-88.425,30.556],[-88.375,30.556],[-88.325,30.556],[-88.275,30.557],[-88.225,30.558],[-88.175,30.56],[-88.125,30.562]]]}},{"type":"Feature","properties":{"date":"2005-03-15","label":"15 Mar","yday":74,"tier":"day","major":false},"geometry":{"type":"MultiLineString","coordinates":[[[-87.961,30.711],[-87.925,30.718],[-87.894,30.725],[-87.875,30.729],[-87.825,30.741],[-87.775,30.754],[-87.725,30.767],[-87.696,30.775],[-87.675,30.781],[-87.625,30.796],[-87.575,30.811],[-87.528,30.825],[-87.525,30.826],[-87.475,30.841],[-87.425,30.857],[-87.375,30.873],[-87.367,30.875],[-87.325,30.888],[-87.275,30.903],[-87.225,30.918],[-87.2,30.925],[-87.175,30.932],[-87.125,30.946],[-87.075,30.958],[-87.025,30.971],[-87.006,30.975],[-86.975,30.982],[-86.925,30.993],[-86.875,31.004],[-86.825,31.014],[-86.775,31.023],[-86.765,31.025],[-86.725,31.032],[-86.675,31.04],[-86.625,31.047],[-86.575,31.053],[-86.525,31.057],[-86.475,31.06],[-86.425,31.06],[-86.375,31.059],[-86.325,31.055],[-86.275,31.049],[-86.225,31.042],[-86.175,31.034],[-86.128,31.025],[-86.125,31.024],[-86.075,31.015],[-86.025,31.005],[-85.975,30.995],[-85.925,30.986],[-85.875,30.977],[-85.865,30.975],[-85.825,30.968],[-85.775,30.961],[-85.725,30.955],[-85.675,30.949],[-85.625,30.945],[-85.575,30.942],[-85.525,30.94],[-85.475,30.94],[-85.425,30.94],[-85.375,30.942],[-85.325,30.946],[-85.275,30.951],[-85.225,30.957],[-85.175,30.965],[-85.125,30.974],[-85.119,30.975],[-85.075,30.984],[-85.025,30.996],[-84.975,31.009],[-84.925,31.023],[-84.917,31.025],[-84.875,31.037],[-84.825,31.053],[-84.775,31.069],[-84.755,31.075],[-84.725,31.084],[-84.675,31.1],[-84.625,31.114],[-84.589,31.125],[-84.575,31.129],[-84.525,31.143],[-84.475,31.157],[-84.425,31.172],[-84.416,31.175],[-84.375,31.187],[-84.325,31.202],[-84.275,31.218],[-84.255,31.225],[-84.225,31.235],[-84.175,31.251],[-84.125,31.269],[-84.108,31.275],[-84.075,31.287],[-84.025,31.305],[-83.975,31.324],[-83.971,31.325],[-83.925,31.342],[-83.875,31.361],[-83.837,31.375],[-83.825,31.379],[-83.775,31.397],[-83.725,31.415],[-83.696,31.425],[-83.675,31.432],[-83.625,31.448],[-83.575,31.464],[-83.537,31.475],[-83.525,31.478],[-83.475,31.492],[-83.425,31.504],[-83.375,31.515],[-83.325,31.525],[-83.325,31.525],[-83.275,31.534],[-83.225,31.541],[-83.175,31.546],[-83.125,31.551],[-83.075,31.553],[-83.025,31.554],[-82.975,31.553],[-82.925,31.55],[-82.875,31.545],[-82.825,31.537],[-82.775,31.527],[-82.767,31.525],[-82.725,31.514],[-82.675,31.5],[-82.625,31.485],[-82.595,31.475],[-82.575,31.469],[-82.525,31.453],[-82.475,31.438],[-82.429,31.425],[-82.425,31.424],[-82.375,31.41],[-82.325,31.396],[-82.275,31.383],[-82.248,31.375],[-82.225,31.369],[-82.175,31.355],[-82.125,31.341],[-82.075,31.327],[-82.069,31.325],[-82.025,31.313],[-81.975,31.298],[-81.925,31.283],[-81.897,31.275],[-81.875,31.269],[-81.825,31.254],[-81.775,31.239],[-81.73,31.225],[-81.725,31.224],[-81.675,31.209],[-81.625,31.194],[-81.575,31.179],[-81.561,31.175],[-81.525,31.165],[-81.494,31.156]],[[-94.953,31.075],[-94.925,31.067],[-94.875,31.053],[-94.825,31.036],[-94.795,31.025],[-94.775,31.018],[-94.725,30.998],[-94.675,30.977],[-94.672,30.975],[-94.625,30.955],[-94.575,30.933],[-94.558,30.925],[-94.525,30.911],[-94.475,30.889],[-94.443,30.875],[-94.425,30.868],[-94.375,30.848],[-94.325,30.828],[-94.316,30.825],[-94.275,30.811],[-94.225,30.795],[-94.175,30.78],[-94.155,30.775],[-94.125,30.768],[-94.075,30.757],[-94.025,30.749],[-93.975,30.742],[-93.925,30.737],[-93.875,30.733],[-93.825,30.73],[-93.775,30.729],[-93.725,30.729],[-93.675,30.73],[-93.625,30.731],[-93.575,30.734],[-93.525,30.737],[-93.475,30.742],[-93.425,30.748],[-93.375,30.755],[-93.325,30.765],[-93.283,30.775],[-93.275,30.777],[-93.225,30.792],[-93.175,30.809],[-93.128,30.825],[-93.125,30.826],[-93.075,30.846],[-93.025,30.866],[-93.003,30.875],[-92.975,30.887],[-92.925,30.909],[-92.888,30.925],[-92.875,30.931],[-92.825,30.954],[-92.777,30.975],[-92.775,30.976],[-92.725,30.999],[-92.675,31.02],[-92.663,31.025],[-92.625,31.041],[-92.575,31.061],[-92.565,31.065]],[[-91.375,31.223],[-91.325,31.222],[-91.275,31.221],[-91.225,31.219],[-91.175,31.217],[-91.125,31.215],[-91.075,31.212],[-91.025,31.209],[-90.975,31.205],[-90.925,31.2],[-90.875,31.196],[-90.825,31.19],[-90.775,31.184],[-90.725,31.178],[-90.706,31.175],[-90.675,31.171],[-90.625,31.164],[-90.575,31.156],[-90.525,31.148],[-90.475,31.14],[-90.425,31.132],[-90.384,31.125],[-90.375,31.124],[-90.325,31.115],[-90.275,31.106],[-90.225,31.097],[-90.175,31.086],[-90.126,31.075],[-90.125,31.075],[-90.075,31.063],[-90.025,31.05],[-89.975,31.036],[-89.937,31.025],[-89.925,31.022],[-89.875,31.007],[-89.825,30.991],[-89.776,30.975],[-89.775,30.975],[-89.725,30.958],[-89.675,30.941],[-89.626,30.925],[-89.625,30.924],[-89.575,30.908],[-89.525,30.891],[-89.477,30.875],[-89.475,30.874],[-89.425,30.858],[-89.375,30.843],[-89.325,30.827],[-89.317,30.825],[-89.275,30.813],[-89.225,30.799],[-89.175,30.785],[-89.135,30.775],[-89.125,30.772],[-89.075,30.76],[-89.025,30.749],[-88.975,30.739],[-88.925,30.729],[-88.905,30.725],[-88.875,30.72],[-88.825,30.711],[-88.775,30.704],[-88.725,30.698],[-88.675,30.692],[-88.625,30.687],[-88.575,30.684],[-88.525,30.681],[-88.475,30.68],[-88.425,30.68],[-88.375,30.68],[-88.325,30.682],[-88.275,30.684],[-88.225,30.686],[-88.175,30.688],[-88.125,30.69],[-88.075,30.694],[-88.053,30.697]]]}},{"type":"Feature","properties":{"date":"2005-03-16","label":"16 Mar","yday":75,"tier":"index","major":true},"geometry":{"type":"MultiLineString","coordinates":[[[-94.654,31.125],[-94.625,31.112],[-94.575,31.087],[-94.551,31.075],[-94.525,31.062],[-94.475,31.036],[-94.454,31.025],[-94.425,31.011],[-94.375,30.986],[-94.353,30.975],[-94.325,30.962],[-94.275,30.939],[-94.242,30.925],[-94.225,30.918],[-94.175,30.899],[-94.125,30.881],[-94.106,30.875],[-94.075,30.866],[-94.025,30.854],[-93.975,30.845],[-93.925,30.837],[-93.875,30.831],[-93.825,30.826],[-93.805,30.825],[-93.775,30.823],[-93.725,30.821],[-93.675,30.82],[-93.625,30.82],[-93.575,30.821],[-93.525,30.823],[-93.487,30.825],[-93.475,30.826],[-93.425,30.831],[-93.375,30.838],[-93.325,30.849],[-93.275,30.863],[-93.237,30.875],[-93.225,30.879],[-93.175,30.898],[-93.125,30.919],[-93.11,30.925],[-93.075,30.941],[-93.025,30.964],[-93.002,30.975],[-92.975,30.989],[-92.925,31.014],[-92.902,31.025],[-92.875,31.039],[-92.825,31.064],[-92.803,31.075],[-92.775,31.089],[-92.725,31.114],[-92.701,31.125],[-92.683,31.133]],[[-91.375,31.312],[-91.325,31.31],[-91.275,31.308],[-91.225,31.306],[-91.175,31.303],[-91.125,31.3],[-91.075,31.296],[-91.025,31.292],[-90.975,31.288],[-90.925,31.283],[-90.875,31.277],[-90.856,31.275],[-90.825,31.271],[-90.775,31.265],[-90.725,31.258],[-90.675,31.251],[-90.625,31.243],[-90.575,31.235],[-90.525,31.227],[-90.516,31.225],[-90.475,31.218],[-90.425,31.21],[-90.375,31.203],[-90.325,31.194],[-90.275,31.186],[-90.225,31.177],[-90.217,31.175],[-90.175,31.167],[-90.125,31.157],[-90.075,31.146],[-90.025,31.134],[-89.99,31.125],[-89.975,31.121],[-89.925,31.108],[-89.875,31.094],[-89.825,31.08],[-89.808,31.075],[-89.775,31.065],[-89.725,31.05],[-89.675,31.035],[-89.642,31.025],[-89.625,31.02],[-89.575,31.004],[-89.525,30.989],[-89.48,30.975],[-89.475,30.974],[-89.425,30.959],[-89.375,30.944],[-89.325,30.93],[-89.305,30.925],[-89.275,30.917],[-89.225,30.904],[-89.175,30.892],[-89.125,30.88],[-89.1,30.875],[-89.075,30.87],[-89.025,30.86],[-88.975,30.85],[-88.925,30.842],[-88.875,30.834],[-88.825,30.827],[-88.808,30.825],[-88.775,30.821],[-88.725,30.816],[-88.675,30.812],[-88.625,30.808],[-88.575,30.806],[-88.525,30.805],[-88.475,30.805],[-88.425,30.805],[-88.375,30.807],[-88.325,30.809],[-88.275,30.811],[-88.225,30.814],[-88.175,30.818],[-88.125,30.822],[-88.102,30.825],[-88.075,30.828],[-88.025,30.835],[-87.975,30.843],[-87.925,30.853],[-87.875,30.863],[-87.825,30.875],[-87.824,30.875],[-87.775,30.887],[-87.725,30.9],[-87.675,30.913],[-87.632,30.925],[-87.625,30.927],[-87.575,30.941],[-87.525,30.955],[-87.475,30.97],[-87.456,30.975],[-87.425,30.984],[-87.375,30.998],[-87.325,31.012],[-87.276,31.025],[-87.275,31.025],[-87.225,31.039],[-87.175,31.052],[-87.125,31.064],[-87.082,31.075],[-87.075,31.077],[-87.025,31.089],[-86.975,31.101],[-86.925,31.113],[-86.875,31.124],[-86.871,31.125],[-86.825,31.136],[-86.775,31.147],[-86.725,31.157],[-86.675,31.167],[-86.632,31.175],[-86.625,31.176],[-86.575,31.184],[-86.525,31.19],[-86.475,31.195],[-86.425,31.196],[-86.375,31.195],[-86.325,31.191],[-86.275,31.184],[-86.226,31.175],[-86.225,31.175],[-86.175,31.165],[-86.125,31.153],[-86.075,31.142],[-86.025,31.131],[-86.001,31.125],[-85.975,31.119],[-85.925,31.108],[-85.875,31.098],[-85.825,31.088],[-85.775,31.08],[-85.74,31.075],[-85.725,31.073],[-85.675,31.067],[-85.625,31.063],[-85.575,31.059],[-85.525,31.058],[-85.475,31.058],[-85.425,31.059],[-85.375,31.062],[-85.325,31.067],[-85.275,31.073],[-85.263,31.075],[-85.225,31.081],[-85.175,31.089],[-85.125,31.1],[-85.075,31.111],[-85.025,31.123],[-85.019,31.125],[-84.975,31.137],[-84.925,31.151],[-84.875,31.165],[-84.842,31.175],[-84.825,31.18],[-84.775,31.195],[-84.725,31.209],[-84.675,31.224],[-84.672,31.225],[-84.625,31.238],[-84.575,31.253],[-84.525,31.267],[-84.498,31.275],[-84.475,31.282],[-84.425,31.296],[-84.375,31.311],[-84.33,31.325],[-84.325,31.326],[-84.275,31.342],[-84.225,31.358],[-84.175,31.374],[-84.174,31.375],[-84.125,31.391],[-84.075,31.409],[-84.031,31.425],[-84.025,31.427],[-83.975,31.445],[-83.925,31.464],[-83.894,31.475],[-83.875,31.482],[-83.825,31.5],[-83.775,31.517],[-83.753,31.525],[-83.725,31.534],[-83.675,31.551],[-83.625,31.567],[-83.597,31.575],[-83.575,31.582],[-83.525,31.596],[-83.475,31.609],[-83.425,31.621],[-83.408,31.625],[-83.375,31.632],[-83.325,31.642],[-83.275,31.651],[-83.225,31.659],[-83.175,31.666],[-83.125,31.671],[-83.075,31.675],[-83.066,31.675],[-83.025,31.677],[-82.975,31.677],[-82.925,31.676],[-82.906,31.675],[-82.875,31.673],[-82.825,31.668],[-82.775,31.661],[-82.725,31.652],[-82.675,31.64],[-82.625,31.627],[-82.617,31.625],[-82.575,31.613],[-82.525,31.598],[-82.475,31.583],[-82.449,31.575],[-82.425,31.568],[-82.375,31.555],[-82.325,31.541],[-82.275,31.527],[-82.268,31.525],[-82.225,31.513],[-82.175,31.498],[-82.125,31.483],[-82.099,31.475],[-82.075,31.468],[-82.025,31.452],[-81.975,31.436],[-81.94,31.425],[-81.925,31.42],[-81.875,31.404],[-81.825,31.387],[-81.788,31.375],[-81.775,31.371],[-81.725,31.355],[-81.675,31.338],[-81.634,31.325],[-81.625,31.322],[-81.575,31.306],[-81.525,31.291],[-81.475,31.275],[-81.473,31.275],[-81.425,31.261],[-81.375,31.247],[-81.325,31.234],[-81.317,31.233]]]}},{"type":"Feature","properties":{"date":"2005-03-17","label":"17 Mar","yday":76,"tier":"day","major":false},"geometry":{"type":"MultiLineString","coordinates":[[[-94.525,31.231],[-94.513,31.225],[-94.475,31.205],[-94.425,31.178],[-94.42,31.175],[-94.375,31.15],[-94.331,31.125],[-94.325,31.122],[-94.275,31.095],[-94.238,31.075],[-94.225,31.068],[-94.175,31.044],[-94.134,31.025],[-94.125,31.021],[-94.075,31.001],[-94.025,30.983],[-93.999,30.975],[-93.975,30.968],[-93.925,30.957],[-93.875,30.948],[-93.825,30.94],[-93.775,30.934],[-93.725,30.929],[-93.675,30.926],[-93.653,30.925],[-93.625,30.924],[-93.575,30.924],[-93.525,30.925],[-93.518,30.925],[-93.475,30.928],[-93.425,30.933],[-93.375,30.942],[-93.325,30.954],[-93.275,30.968],[-93.256,30.975],[-93.225,30.987],[-93.175,31.007],[-93.136,31.025],[-93.125,31.03],[-93.075,31.056],[-93.039,31.075],[-93.025,31.083],[-92.975,31.11],[-92.948,31.125],[-92.925,31.138],[-92.875,31.166],[-92.858,31.175],[-92.825,31.193],[-92.775,31.219],[-92.763,31.225],[-92.725,31.244]],[[-92.404,31.354],[-92.375,31.36],[-92.325,31.368],[-92.281,31.375],[-92.275,31.376]],[[-91.325,31.401],[-91.275,31.398],[-91.225,31.395],[-91.175,31.391],[-91.125,31.387],[-91.075,31.383],[-91.025,31.378],[-90.992,31.375],[-90.975,31.373],[-90.925,31.368],[-90.875,31.362],[-90.825,31.356],[-90.775,31.349],[-90.725,31.342],[-90.675,31.335],[-90.625,31.327],[-90.613,31.325],[-90.575,31.319],[-90.525,31.311],[-90.475,31.303],[-90.425,31.294],[-90.375,31.286],[-90.325,31.278],[-90.308,31.275],[-90.275,31.27],[-90.225,31.261],[-90.175,31.252],[-90.125,31.242],[-90.075,31.231],[-90.046,31.225],[-90.025,31.22],[-89.975,31.209],[-89.925,31.197],[-89.875,31.184],[-89.84,31.175],[-89.825,31.171],[-89.775,31.158],[-89.725,31.144],[-89.675,31.13],[-89.658,31.125],[-89.625,31.116],[-89.575,31.102],[-89.525,31.087],[-89.48,31.075],[-89.475,31.073],[-89.425,31.06],[-89.375,31.047],[-89.325,31.034],[-89.287,31.025],[-89.275,31.022],[-89.225,31.011],[-89.175,31.0],[-89.125,30.99],[-89.075,30.98],[-89.046,30.975],[-89.025,30.971],[-88.975,30.964],[-88.925,30.956],[-88.875,30.95],[-88.825,30.945],[-88.775,30.94],[-88.725,30.936],[-88.675,30.933],[-88.625,30.931],[-88.575,30.93],[-88.525,30.93],[-88.475,30.93],[-88.425,30.932],[-88.375,30.934],[-88.325,30.937],[-88.275,30.94],[-88.225,30.944],[-88.175,30.949],[-88.125,30.955],[-88.075,30.962],[-88.025,30.97],[-87.993,30.975],[-87.975,30.978],[-87.925,30.988],[-87.875,30.998],[-87.825,31.009],[-87.775,31.02],[-87.755,31.025],[-87.725,31.032],[-87.675,31.044],[-87.625,31.057],[-87.575,31.07],[-87.555,31.075],[-87.525,31.083],[-87.475,31.095],[-87.425,31.108],[-87.375,31.12],[-87.357,31.125],[-87.325,31.133],[-87.275,31.145],[-87.225,31.157],[-87.175,31.169],[-87.148,31.175],[-87.125,31.18],[-87.075,31.192],[-87.025,31.204],[-86.975,31.216],[-86.94,31.225],[-86.925,31.229],[-86.875,31.241],[-86.825,31.253],[-86.775,31.266],[-86.735,31.275],[-86.725,31.277],[-86.675,31.288],[-86.625,31.298],[-86.575,31.306],[-86.525,31.313],[-86.475,31.318],[-86.425,31.321],[-86.375,31.32],[-86.325,31.315],[-86.275,31.307],[-86.225,31.298],[-86.175,31.287],[-86.125,31.276],[-86.122,31.275],[-86.075,31.263],[-86.025,31.251],[-85.975,31.239],[-85.925,31.227],[-85.918,31.225],[-85.875,31.215],[-85.825,31.205],[-85.775,31.195],[-85.725,31.187],[-85.675,31.181],[-85.625,31.176],[-85.606,31.175],[-85.575,31.173],[-85.525,31.172],[-85.475,31.172],[-85.425,31.174],[-85.415,31.175],[-85.375,31.178],[-85.325,31.184],[-85.275,31.191],[-85.225,31.199],[-85.175,31.209],[-85.125,31.22],[-85.103,31.225],[-85.075,31.232],[-85.025,31.244],[-84.975,31.258],[-84.925,31.271],[-84.912,31.275],[-84.875,31.285],[-84.825,31.3],[-84.775,31.314],[-84.737,31.325],[-84.725,31.328],[-84.675,31.343],[-84.625,31.357],[-84.575,31.371],[-84.562,31.375],[-84.525,31.386],[-84.475,31.4],[-84.425,31.415],[-84.39,31.425],[-84.375,31.429],[-84.325,31.444],[-84.275,31.46],[-84.227,31.475],[-84.225,31.476],[-84.175,31.492],[-84.125,31.509],[-84.081,31.525],[-84.075,31.527],[-84.025,31.545],[-83.975,31.563],[-83.942,31.575],[-83.925,31.581],[-83.875,31.599],[-83.825,31.617],[-83.801,31.625],[-83.775,31.634],[-83.725,31.651],[-83.675,31.667],[-83.648,31.675],[-83.625,31.682],[-83.575,31.697],[-83.525,31.711],[-83.475,31.724],[-83.471,31.725],[-83.425,31.736],[-83.375,31.748],[-83.325,31.758],[-83.275,31.768],[-83.234,31.775],[-83.225,31.776],[-83.175,31.784],[-83.125,31.79],[-83.075,31.795],[-83.025,31.799],[-82.975,31.802],[-82.925,31.804],[-82.875,31.804],[-82.825,31.802],[-82.775,31.799],[-82.725,31.794],[-82.675,31.788],[-82.625,31.78],[-82.597,31.775],[-82.575,31.771],[-82.525,31.76],[-82.475,31.748],[-82.425,31.735],[-82.391,31.725],[-82.375,31.721],[-82.325,31.706],[-82.275,31.691],[-82.226,31.675],[-82.225,31.675],[-82.175,31.659],[-82.125,31.642],[-82.077,31.625],[-82.075,31.624],[-82.025,31.607],[-81.975,31.589],[-81.938,31.575],[-81.925,31.571],[-81.875,31.552],[-81.825,31.534],[-81.801,31.525],[-81.775,31.516],[-81.725,31.497],[-81.675,31.479],[-81.664,31.475],[-81.625,31.461],[-81.575,31.444],[-81.525,31.427],[-81.52,31.425],[-81.475,31.41],[-81.425,31.394],[-81.375,31.379],[-81.361,31.375]]]}},{"type":"Feature","properties":{"date":"2005-03-18","label":"18 Mar","yday":77,"tier":"day","major":false},"geometry":{"type":"MultiLineString","coordinates":[[[-94.475,31.391],[-94.442,31.375],[-94.425,31.367],[-94.375,31.341],[-94.347,31.325],[-94.325,31.313],[-94.275,31.285],[-94.258,31.275],[-94.225,31.256],[-94.175,31.228],[-94.17,31.225],[-94.125,31.201],[-94.075,31.175],[-94.075,31.175],[-94.025,31.152],[-93.975,31.131],[-93.959,31.125],[-93.925,31.113],[-93.875,31.098],[-93.825,31.085],[-93.775,31.075],[-93.775,31.075],[-93.725,31.067],[-93.675,31.062],[-93.625,31.058],[-93.575,31.057],[-93.525,31.057],[-93.475,31.061],[-93.425,31.067],[-93.382,31.075],[-93.375,31.076],[-93.325,31.09],[-93.275,31.107],[-93.228,31.125],[-93.225,31.126],[-93.175,31.15],[-93.127,31.175],[-93.125,31.176],[-93.075,31.204],[-93.037,31.225],[-93.025,31.232],[-92.975,31.26],[-92.948,31.275],[-92.925,31.288],[-92.875,31.315],[-92.856,31.325],[-92.825,31.341],[-92.775,31.365],[-92.752,31.375],[-92.733,31.383]],[[-92.506,31.456],[-92.475,31.463],[-92.425,31.472],[-92.405,31.475],[-92.375,31.48],[-92.325,31.486],[-92.275,31.492],[-92.256,31.494]],[[-91.308,31.492],[-91.275,31.489],[-91.225,31.486],[-91.175,31.481],[-91.125,31.477],[-91.104,31.475],[-91.075,31.472],[-91.025,31.467],[-90.975,31.462],[-90.925,31.456],[-90.875,31.45],[-90.825,31.444],[-90.775,31.437],[-90.725,31.43],[-90.692,31.425],[-90.675,31.423],[-90.625,31.415],[-90.575,31.407],[-90.525,31.399],[-90.475,31.391],[-90.425,31.383],[-90.377,31.375],[-90.375,31.375],[-90.325,31.366],[-90.275,31.358],[-90.225,31.349],[-90.175,31.34],[-90.125,31.331],[-90.095,31.325],[-90.075,31.321],[-90.025,31.311],[-89.975,31.3],[-89.925,31.289],[-89.875,31.277],[-89.866,31.275],[-89.825,31.265],[-89.775,31.253],[-89.725,31.24],[-89.675,31.227],[-89.667,31.225],[-89.625,31.214],[-89.575,31.201],[-89.525,31.188],[-89.475,31.175],[-89.474,31.175],[-89.425,31.163],[-89.375,31.151],[-89.325,31.139],[-89.275,31.128],[-89.258,31.125],[-89.225,31.118],[-89.175,31.109],[-89.125,31.1],[-89.075,31.092],[-89.025,31.085],[-88.975,31.079],[-88.942,31.075],[-88.925,31.073],[-88.875,31.068],[-88.825,31.064],[-88.775,31.061],[-88.725,31.058],[-88.675,31.057],[-88.625,31.056],[-88.575,31.056],[-88.525,31.057],[-88.475,31.058],[-88.425,31.061],[-88.375,31.064],[-88.325,31.067],[-88.275,31.072],[-88.245,31.075],[-88.225,31.077],[-88.175,31.083],[-88.125,31.09],[-88.075,31.097],[-88.025,31.105],[-87.975,31.114],[-87.925,31.123],[-87.914,31.125],[-87.875,31.133],[-87.825,31.143],[-87.775,31.154],[-87.725,31.165],[-87.68,31.175],[-87.675,31.176],[-87.625,31.187],[-87.575,31.199],[-87.525,31.21],[-87.475,31.221],[-87.459,31.225],[-87.425,31.232],[-87.375,31.243],[-87.325,31.254],[-87.275,31.265],[-87.227,31.275],[-87.225,31.275],[-87.175,31.286],[-87.125,31.297],[-87.075,31.307],[-87.025,31.319],[-87.0,31.325],[-86.975,31.331],[-86.925,31.344],[-86.875,31.357],[-86.825,31.37],[-86.806,31.375],[-86.775,31.383],[-86.725,31.394],[-86.675,31.404],[-86.625,31.413],[-86.575,31.42],[-86.534,31.425],[-86.525,31.426],[-86.475,31.429],[-86.425,31.43],[-86.375,31.429],[-86.326,31.425],[-86.325,31.425],[-86.275,31.419],[-86.225,31.41],[-86.175,31.401],[-86.125,31.39],[-86.075,31.379],[-86.059,31.375],[-86.025,31.367],[-85.975,31.355],[-85.925,31.343],[-85.875,31.331],[-85.846,31.325],[-85.825,31.32],[-85.775,31.31],[-85.725,31.302],[-85.675,31.295],[-85.625,31.29],[-85.575,31.287],[-85.525,31.286],[-85.475,31.286],[-85.425,31.288],[-85.375,31.293],[-85.325,31.3],[-85.275,31.308],[-85.225,31.317],[-85.184,31.325],[-85.175,31.327],[-85.125,31.338],[-85.075,31.35],[-85.025,31.362],[-84.977,31.375],[-84.975,31.376],[-84.925,31.389],[-84.875,31.403],[-84.825,31.416],[-84.794,31.425],[-84.775,31.43],[-84.725,31.444],[-84.675,31.459],[-84.625,31.473],[-84.617,31.475],[-84.575,31.487],[-84.525,31.501],[-84.475,31.516],[-84.443,31.525],[-84.425,31.53],[-84.375,31.545],[-84.325,31.56],[-84.277,31.575],[-84.275,31.576],[-84.225,31.592],[-84.175,31.609],[-84.128,31.625],[-84.125,31.626],[-84.075,31.644],[-84.025,31.661],[-83.987,31.675],[-83.975,31.679],[-83.925,31.697],[-83.875,31.714],[-83.844,31.725],[-83.825,31.731],[-83.775,31.748],[-83.725,31.764],[-83.692,31.775],[-83.675,31.78],[-83.625,31.795],[-83.575,31.81],[-83.525,31.824],[-83.521,31.825],[-83.475,31.837],[-83.425,31.85],[-83.375,31.862],[-83.325,31.873],[-83.313,31.875],[-83.275,31.883],[-83.225,31.892],[-83.175,31.901],[-83.125,31.908],[-83.075,31.915],[-83.025,31.921],[-82.987,31.925],[-82.975,31.926],[-82.925,31.93],[-82.875,31.933],[-82.825,31.935],[-82.775,31.937],[-82.725,31.937],[-82.675,31.935],[-82.625,31.933],[-82.575,31.929],[-82.537,31.925],[-82.525,31.924],[-82.475,31.916],[-82.425,31.907],[-82.375,31.896],[-82.325,31.883],[-82.298,31.875],[-82.275,31.868],[-82.225,31.852],[-82.175,31.834],[-82.151,31.825],[-82.125,31.816],[-82.075,31.796],[-82.025,31.776],[-82.022,31.775],[-81.975,31.756],[-81.925,31.735],[-81.901,31.725],[-81.875,31.714],[-81.825,31.694],[-81.781,31.675],[-81.775,31.673],[-81.725,31.652],[-81.675,31.632],[-81.658,31.625],[-81.625,31.612],[-81.575,31.592],[-81.53,31.575],[-81.525,31.573],[-81.475,31.555],[-81.425,31.537],[-81.391,31.525],[-81.375,31.52],[-81.325,31.504],[-81.275,31.488],[-81.229,31.475],[-81.226,31.474]]]}},{"type":"Feature","properties":{"date":"2005-03-19","label":"19 Mar","yday":78,"tier":"day","major":false},"geometry":{"type":"MultiLineString","coordinates":[[[-94.317,31.533],[-94.3,31.525],[-94.275,31.513],[-94.225,31.488],[-94.201,31.475],[-94.175,31.461],[-94.125,31.433],[-94.11,31.425],[-94.075,31.406],[-94.025,31.379],[-94.017,31.375],[-93.975,31.354],[-93.925,31.33],[-93.914,31.325],[-93.875,31.309],[-93.825,31.29],[-93.777,31.275],[-93.775,31.274],[-93.725,31.262],[-93.675,31.253],[-93.625,31.247],[-93.575,31.243],[-93.525,31.244],[-93.475,31.247],[-93.425,31.255],[-93.375,31.266],[-93.342,31.275],[-93.325,31.28],[-93.275,31.298],[-93.225,31.319],[-93.211,31.325],[-93.175,31.342],[-93.125,31.365],[-93.106,31.375],[-93.075,31.39],[-93.025,31.414],[-93.003,31.425],[-92.975,31.438],[-92.925,31.461],[-92.915,31.465]],[[-92.615,31.565],[-92.575,31.573],[-92.565,31.575],[-92.525,31.582],[-92.475,31.59],[-92.425,31.597],[-92.375,31.602],[-92.325,31.607],[-92.275,31.611],[-92.225,31.613],[-92.175,31.616],[-92.133,31.617]],[[-91.225,31.579],[-91.178,31.575],[-91.175,31.575],[-91.125,31.57],[-91.075,31.565],[-91.025,31.559],[-90.975,31.554],[-90.925,31.548],[-90.875,31.542],[-90.825,31.535],[-90.775,31.529],[-90.749,31.525],[-90.725,31.522],[-90.675,31.515],[-90.625,31.507],[-90.575,31.5],[-90.525,31.492],[-90.475,31.484],[-90.425,31.476],[-90.419,31.475],[-90.375,31.468],[-90.325,31.46],[-90.275,31.452],[-90.225,31.443],[-90.175,31.434],[-90.125,31.425],[-90.124,31.425],[-90.075,31.416],[-90.025,31.406],[-89.975,31.396],[-89.925,31.385],[-89.878,31.375],[-89.875,31.374],[-89.825,31.363],[-89.775,31.352],[-89.725,31.34],[-89.675,31.328],[-89.663,31.325],[-89.625,31.316],[-89.575,31.304],[-89.525,31.292],[-89.475,31.28],[-89.453,31.275],[-89.425,31.269],[-89.375,31.258],[-89.325,31.247],[-89.275,31.238],[-89.225,31.229],[-89.2,31.225],[-89.175,31.221],[-89.125,31.214],[-89.075,31.208],[-89.025,31.202],[-88.975,31.197],[-88.925,31.193],[-88.875,31.19],[-88.825,31.187],[-88.775,31.185],[-88.725,31.184],[-88.675,31.184],[-88.625,31.184],[-88.575,31.185],[-88.525,31.187],[-88.475,31.19],[-88.425,31.193],[-88.375,31.197],[-88.325,31.202],[-88.275,31.207],[-88.225,31.213],[-88.175,31.22],[-88.137,31.225],[-88.125,31.227],[-88.075,31.235],[-88.025,31.243],[-87.975,31.251],[-87.925,31.261],[-87.875,31.27],[-87.849,31.275],[-87.825,31.28],[-87.775,31.29],[-87.725,31.3],[-87.675,31.31],[-87.625,31.32],[-87.602,31.325],[-87.575,31.331],[-87.525,31.341],[-87.475,31.351],[-87.425,31.361],[-87.375,31.37],[-87.349,31.375],[-87.325,31.38],[-87.275,31.389],[-87.225,31.398],[-87.175,31.408],[-87.125,31.417],[-87.086,31.425],[-87.075,31.427],[-87.025,31.439],[-86.975,31.452],[-86.925,31.465],[-86.885,31.475],[-86.875,31.478],[-86.825,31.49],[-86.775,31.501],[-86.725,31.511],[-86.675,31.519],[-86.636,31.525],[-86.625,31.526],[-86.575,31.532],[-86.525,31.536],[-86.475,31.537],[-86.425,31.537],[-86.375,31.535],[-86.325,31.531],[-86.275,31.525],[-86.273,31.525],[-86.225,31.518],[-86.175,31.51],[-86.125,31.5],[-86.075,31.49],[-86.025,31.479],[-86.004,31.475],[-85.975,31.469],[-85.925,31.458],[-85.875,31.447],[-85.825,31.437],[-85.775,31.428],[-85.754,31.425],[-85.725,31.42],[-85.675,31.414],[-85.625,31.409],[-85.575,31.406],[-85.525,31.404],[-85.475,31.405],[-85.425,31.408],[-85.375,31.412],[-85.325,31.419],[-85.285,31.425],[-85.275,31.427],[-85.225,31.436],[-85.175,31.446],[-85.125,31.457],[-85.075,31.468],[-85.046,31.475],[-85.025,31.48],[-84.975,31.493],[-84.925,31.506],[-84.875,31.519],[-84.852,31.525],[-84.825,31.532],[-84.775,31.546],[-84.725,31.56],[-84.675,31.574],[-84.67,31.575],[-84.625,31.588],[-84.575,31.602],[-84.525,31.616],[-84.494,31.625],[-84.475,31.631],[-84.425,31.645],[-84.375,31.66],[-84.328,31.675],[-84.325,31.676],[-84.275,31.692],[-84.225,31.708],[-84.175,31.725],[-84.174,31.725],[-84.125,31.742],[-84.075,31.759],[-84.028,31.775],[-84.025,31.776],[-83.975,31.793],[-83.925,31.81],[-83.882,31.825],[-83.875,31.827],[-83.825,31.844],[-83.775,31.86],[-83.729,31.875],[-83.725,31.876],[-83.675,31.892],[-83.625,31.907],[-83.575,31.921],[-83.561,31.925],[-83.525,31.935],[-83.475,31.948],[-83.425,31.961],[-83.375,31.973],[-83.368,31.975],[-83.325,31.985],[-83.275,31.996],[-83.225,32.006],[-83.175,32.015],[-83.125,32.024],[-83.12,32.025],[-83.075,32.032],[-83.025,32.04],[-82.975,32.047],[-82.925,32.053],[-82.875,32.059],[-82.825,32.064],[-82.775,32.068],[-82.725,32.072],[-82.675,32.074],[-82.662,32.075],[-82.625,32.076],[-82.575,32.077],[-82.525,32.077],[-82.48,32.075],[-82.475,32.075],[-82.425,32.071],[-82.375,32.064],[-82.325,32.054],[-82.275,32.041],[-82.225,32.027],[-82.219,32.025],[-82.175,32.01],[-82.125,31.992],[-82.081,31.975],[-82.075,31.972],[-82.025,31.952],[-81.975,31.93],[-81.963,31.925],[-81.925,31.908],[-81.875,31.886],[-81.852,31.875],[-81.825,31.863],[-81.775,31.84],[-81.743,31.825],[-81.725,31.817],[-81.675,31.794],[-81.632,31.775],[-81.625,31.772],[-81.575,31.75],[-81.525,31.729],[-81.516,31.725],[-81.475,31.708],[-81.425,31.688],[-81.391,31.675],[-81.375,31.669],[-81.325,31.651],[-81.275,31.633],[-81.269,31.631]],[[-81.193,31.607],[-81.175,31.601]]]}},{"type":"Feature","properties":{"date":"2005-03-20","label":"20 Mar","yday":79,"tier":"day","major":false},"geometry":{"type":"MultiLineString","coordinates":[[[-93.56,31.525],[-93.525,31.522],[-93.475,31.522],[-93.43,31.525]],[[-93.891,31.625],[-93.875,31.618],[-93.825,31.596],[-93.775,31.576],[-93.772,31.575],[-93.725,31.559],[-93.675,31.545],[-93.636,31.536]],[[-91.178,31.672],[-91.175,31.671],[-91.125,31.666],[-91.075,31.661],[-91.025,31.655],[-90.975,31.649],[-90.925,31.643],[-90.875,31.637],[-90.825,31.631],[-90.78,31.625],[-90.775,31.624],[-90.725,31.618],[-90.675,31.611],[-90.625,31.604],[-90.575,31.597],[-90.525,31.589],[-90.475,31.582],[-90.431,31.575],[-90.425,31.574],[-90.375,31.566],[-90.325,31.558],[-90.275,31.55],[-90.225,31.542],[-90.175,31.534],[-90.126,31.525],[-90.125,31.525],[-90.075,31.516],[-90.025,31.507],[-89.975,31.497],[-89.925,31.487],[-89.875,31.477],[-89.865,31.475],[-89.825,31.467],[-89.775,31.456],[-89.725,31.445],[-89.675,31.434],[-89.634,31.425],[-89.625,31.423],[-89.575,31.412],[-89.525,31.401],[-89.475,31.39],[-89.425,31.38],[-89.402,31.375],[-89.375,31.37],[-89.325,31.361],[-89.275,31.352],[-89.225,31.345],[-89.175,31.338],[-89.125,31.333],[-89.075,31.328],[-89.042,31.325],[-89.025,31.324],[-88.975,31.32],[-88.925,31.318],[-88.875,31.316],[-88.825,31.315],[-88.775,31.314],[-88.725,31.314],[-88.675,31.315],[-88.625,31.317],[-88.575,31.319],[-88.525,31.322],[-88.491,31.325],[-88.475,31.326],[-88.425,31.331],[-88.375,31.336],[-88.325,31.341],[-88.275,31.347],[-88.225,31.354],[-88.175,31.361],[-88.125,31.368],[-88.084,31.375],[-88.075,31.376],[-88.025,31.385],[-87.975,31.394],[-87.925,31.403],[-87.875,31.412],[-87.825,31.421],[-87.804,31.425],[-87.775,31.43],[-87.725,31.44],[-87.675,31.45],[-87.625,31.459],[-87.575,31.468],[-87.539,31.475],[-87.525,31.478],[-87.475,31.487],[-87.425,31.496],[-87.375,31.505],[-87.325,31.514],[-87.275,31.523],[-87.262,31.525],[-87.225,31.532],[-87.175,31.541],[-87.125,31.551],[-87.075,31.561],[-87.025,31.572],[-87.012,31.575],[-86.975,31.583],[-86.925,31.594],[-86.875,31.605],[-86.825,31.615],[-86.775,31.624],[-86.765,31.625],[-86.725,31.631],[-86.675,31.638],[-86.625,31.642],[-86.575,31.646],[-86.525,31.648],[-86.475,31.648],[-86.425,31.646],[-86.375,31.643],[-86.325,31.639],[-86.275,31.633],[-86.225,31.626],[-86.22,31.625],[-86.175,31.618],[-86.125,31.609],[-86.075,31.6],[-86.025,31.591],[-85.975,31.581],[-85.943,31.575],[-85.925,31.572],[-85.875,31.563],[-85.825,31.554],[-85.775,31.547],[-85.725,31.54],[-85.675,31.535],[-85.625,31.53],[-85.575,31.528],[-85.525,31.527],[-85.475,31.528],[-85.425,31.531],[-85.375,31.535],[-85.325,31.541],[-85.275,31.548],[-85.225,31.556],[-85.175,31.566],[-85.129,31.575],[-85.125,31.576],[-85.075,31.587],[-85.025,31.598],[-84.975,31.61],[-84.925,31.622],[-84.915,31.625],[-84.875,31.635],[-84.825,31.648],[-84.775,31.661],[-84.725,31.675],[-84.724,31.675],[-84.675,31.688],[-84.625,31.702],[-84.575,31.716],[-84.544,31.725],[-84.525,31.73],[-84.475,31.745],[-84.425,31.76],[-84.375,31.775],[-84.375,31.775],[-84.325,31.79],[-84.275,31.806],[-84.225,31.822],[-84.217,31.825],[-84.175,31.839],[-84.125,31.855],[-84.075,31.872],[-84.066,31.875],[-84.025,31.889],[-83.975,31.905],[-83.925,31.922],[-83.915,31.925],[-83.875,31.938],[-83.825,31.954],[-83.775,31.97],[-83.76,31.975],[-83.725,31.986],[-83.675,32.001],[-83.625,32.016],[-83.593,32.025],[-83.575,32.03],[-83.525,32.044],[-83.475,32.057],[-83.425,32.07],[-83.406,32.075],[-83.375,32.083],[-83.325,32.094],[-83.275,32.106],[-83.225,32.116],[-83.183,32.125],[-83.175,32.127],[-83.125,32.136],[-83.075,32.145],[-83.025,32.154],[-82.975,32.162],[-82.925,32.17],[-82.891,32.175],[-82.875,32.177],[-82.825,32.184],[-82.775,32.19],[-82.725,32.196],[-82.675,32.201],[-82.625,32.205],[-82.575,32.208],[-82.525,32.211],[-82.475,32.212],[-82.425,32.211],[-82.375,32.208],[-82.325,32.202],[-82.275,32.193],[-82.225,32.182],[-82.199,32.175],[-82.175,32.168],[-82.125,32.153],[-82.075,32.136],[-82.043,32.125],[-82.025,32.118],[-81.975,32.098],[-81.925,32.078],[-81.918,32.075],[-81.875,32.056],[-81.825,32.033],[-81.807,32.025],[-81.775,32.01],[-81.725,31.987],[-81.701,31.975],[-81.675,31.963],[-81.625,31.939],[-81.596,31.925],[-81.575,31.915],[-81.525,31.892],[-81.488,31.875],[-81.475,31.869],[-81.425,31.847],[-81.375,31.826],[-81.374,31.825],[-81.325,31.805],[-81.275,31.785],[-81.247,31.775],[-81.225,31.767],[-81.194,31.756]],[[-92.781,31.681],[-92.775,31.682],[-92.725,31.692],[-92.675,31.7],[-92.625,31.707],[-92.575,31.714],[-92.525,31.719],[-92.475,31.723],[-92.45,31.725],[-92.425,31.727],[-92.375,31.73],[-92.325,31.732],[-92.275,31.733],[-92.225,31.734],[-92.175,31.734],[-92.125,31.734],[-92.075,31.733],[-92.025,31.732],[-91.975,31.73],[-91.925,31.729],[-91.875,31.726]]]}},{"type":"Feature","properties":{"date":"2005-03-21","label":"21 Mar","yday":80,"tier":"five","major":false},"geometry":{"type":"MultiLineString","coordinates":[[[-91.125,31.766],[-91.075,31.76],[-91.025,31.755],[-90.975,31.749],[-90.925,31.743],[-90.875,31.737],[-90.825,31.731],[-90.78,31.725],[-90.775,31.724],[-90.725,31.718],[-90.675,31.712],[-90.625,31.705],[-90.575,31.698],[-90.525,31.692],[-90.475,31.684],[-90.425,31.677],[-90.41,31.675],[-90.375,31.67],[-90.325,31.663],[-90.275,31.655],[-90.225,31.647],[-90.175,31.639],[-90.125,31.631],[-90.09,31.625],[-90.075,31.622],[-90.025,31.614],[-89.975,31.605],[-89.925,31.596],[-89.875,31.587],[-89.825,31.577],[-89.816,31.575],[-89.775,31.567],[-89.725,31.557],[-89.675,31.547],[-89.625,31.537],[-89.575,31.527],[-89.565,31.525],[-89.525,31.517],[-89.475,31.507],[-89.425,31.498],[-89.375,31.489],[-89.325,31.481],[-89.282,31.475],[-89.275,31.474],[-89.225,31.468],[-89.175,31.463],[-89.125,31.459],[-89.075,31.455],[-89.025,31.452],[-88.975,31.45],[-88.925,31.449],[-88.875,31.449],[-88.825,31.449],[-88.775,31.45],[-88.725,31.451],[-88.675,31.453],[-88.625,31.456],[-88.575,31.46],[-88.525,31.464],[-88.475,31.469],[-88.425,31.474],[-88.418,31.475],[-88.375,31.48],[-88.325,31.486],[-88.275,31.493],[-88.225,31.501],[-88.175,31.508],[-88.125,31.516],[-88.075,31.525],[-88.072,31.525],[-88.025,31.533],[-87.975,31.542],[-87.925,31.551],[-87.875,31.56],[-87.825,31.569],[-87.793,31.575],[-87.775,31.578],[-87.725,31.588],[-87.675,31.597],[-87.625,31.606],[-87.575,31.615],[-87.525,31.624],[-87.516,31.625],[-87.475,31.632],[-87.425,31.641],[-87.375,31.65],[-87.325,31.659],[-87.275,31.667],[-87.233,31.675],[-87.225,31.676],[-87.175,31.685],[-87.125,31.695],[-87.075,31.704],[-87.025,31.713],[-86.975,31.722],[-86.958,31.725],[-86.925,31.731],[-86.875,31.739],[-86.825,31.746],[-86.775,31.752],[-86.725,31.757],[-86.675,31.761],[-86.625,31.764],[-86.575,31.765],[-86.525,31.765],[-86.475,31.764],[-86.425,31.761],[-86.375,31.757],[-86.325,31.751],[-86.275,31.745],[-86.225,31.737],[-86.175,31.729],[-86.154,31.725],[-86.125,31.72],[-86.075,31.711],[-86.025,31.702],[-85.975,31.694],[-85.925,31.686],[-85.875,31.678],[-85.852,31.675],[-85.825,31.671],[-85.775,31.665],[-85.725,31.66],[-85.675,31.656],[-85.625,31.653],[-85.575,31.651],[-85.525,31.651],[-85.475,31.652],[-85.425,31.654],[-85.375,31.658],[-85.325,31.664],[-85.275,31.67],[-85.242,31.675],[-85.225,31.678],[-85.175,31.686],[-85.125,31.695],[-85.075,31.706],[-85.025,31.716],[-84.986,31.725],[-84.975,31.727],[-84.925,31.739],[-84.875,31.751],[-84.825,31.764],[-84.78,31.775],[-84.775,31.776],[-84.725,31.789],[-84.675,31.803],[-84.625,31.816],[-84.593,31.825],[-84.575,31.83],[-84.525,31.844],[-84.475,31.858],[-84.425,31.873],[-84.419,31.875],[-84.375,31.888],[-84.325,31.903],[-84.275,31.919],[-84.255,31.925],[-84.225,31.934],[-84.175,31.95],[-84.125,31.966],[-84.098,31.975],[-84.075,31.982],[-84.025,31.998],[-83.975,32.015],[-83.943,32.025],[-83.925,32.031],[-83.875,32.047],[-83.825,32.062],[-83.784,32.075],[-83.775,32.078],[-83.725,32.093],[-83.675,32.108],[-83.625,32.123],[-83.617,32.125],[-83.575,32.137],[-83.525,32.15],[-83.475,32.164],[-83.432,32.175],[-83.425,32.177],[-83.375,32.189],[-83.325,32.201],[-83.275,32.213],[-83.225,32.224],[-83.219,32.225],[-83.175,32.234],[-83.125,32.244],[-83.075,32.254],[-83.025,32.263],[-82.975,32.272],[-82.958,32.275],[-82.925,32.281],[-82.875,32.288],[-82.825,32.296],[-82.775,32.303],[-82.725,32.309],[-82.675,32.315],[-82.625,32.32],[-82.575,32.324],[-82.563,32.325],[-82.525,32.327],[-82.475,32.329],[-82.425,32.33],[-82.375,32.328],[-82.326,32.325],[-82.325,32.325],[-82.275,32.32],[-82.225,32.312],[-82.175,32.303],[-82.125,32.293],[-82.075,32.28],[-82.055,32.275],[-82.025,32.266],[-81.975,32.251],[-81.925,32.234],[-81.9,32.225],[-81.875,32.216],[-81.825,32.196],[-81.775,32.175],[-81.774,32.175],[-81.725,32.153],[-81.675,32.13],[-81.663,32.125],[-81.625,32.107],[-81.575,32.083],[-81.559,32.075],[-81.525,32.059],[-81.475,32.035],[-81.455,32.025],[-81.425,32.011],[-81.375,31.988],[-81.347,31.975],[-81.325,31.965],[-81.275,31.944],[-81.229,31.925],[-81.225,31.923],[-81.175,31.904],[-81.125,31.885],[-81.118,31.882]],[[-92.85,31.85],[-92.825,31.851],[-92.775,31.853],[-92.725,31.855],[-92.675,31.857],[-92.625,31.859],[-92.575,31.86],[-92.525,31.861],[-92.475,31.862],[-92.425,31.862],[-92.375,31.862],[-92.325,31.861],[-92.275,31.86],[-92.225,31.858],[-92.175,31.856],[-92.125,31.854],[-92.075,31.852],[-92.025,31.849],[-91.975,31.846],[-91.925,31.842],[-91.875,31.839]]]}},{"type":"Feature","properties":{"date":"2005-03-22","label":"22 Mar","yday":81,"tier":"day","major":false},"geometry":{"type":"MultiLineString","coordinates":[[[-91.04,31.86],[-91.025,31.858],[-90.975,31.852],[-90.925,31.847],[-90.875,31.841],[-90.825,31.835],[-90.775,31.829],[-90.739,31.825],[-90.725,31.823],[-90.675,31.817],[-90.625,31.811],[-90.575,31.805],[-90.525,31.799],[-90.475,31.793],[-90.425,31.786],[-90.375,31.78],[-90.342,31.775],[-90.325,31.773],[-90.275,31.766],[-90.225,31.759],[-90.175,31.751],[-90.125,31.744],[-90.075,31.736],[-90.025,31.728],[-90.005,31.725],[-89.975,31.72],[-89.925,31.712],[-89.875,31.703],[-89.825,31.695],[-89.775,31.686],[-89.725,31.677],[-89.714,31.675],[-89.675,31.668],[-89.625,31.659],[-89.575,31.651],[-89.525,31.642],[-89.475,31.634],[-89.425,31.626],[-89.42,31.625],[-89.375,31.618],[-89.325,31.612],[-89.275,31.606],[-89.225,31.601],[-89.175,31.597],[-89.125,31.594],[-89.075,31.591],[-89.025,31.59],[-88.975,31.589],[-88.925,31.589],[-88.875,31.59],[-88.825,31.591],[-88.775,31.593],[-88.725,31.596],[-88.675,31.599],[-88.625,31.604],[-88.575,31.608],[-88.525,31.614],[-88.475,31.619],[-88.43,31.625],[-88.425,31.626],[-88.375,31.633],[-88.325,31.64],[-88.275,31.648],[-88.225,31.656],[-88.175,31.664],[-88.125,31.672],[-88.109,31.675],[-88.075,31.681],[-88.025,31.69],[-87.975,31.699],[-87.925,31.708],[-87.875,31.717],[-87.831,31.725],[-87.825,31.726],[-87.775,31.735],[-87.725,31.744],[-87.675,31.753],[-87.625,31.762],[-87.575,31.771],[-87.551,31.775],[-87.525,31.779],[-87.475,31.788],[-87.425,31.797],[-87.375,31.805],[-87.325,31.813],[-87.275,31.821],[-87.253,31.825],[-87.225,31.83],[-87.175,31.838],[-87.125,31.845],[-87.075,31.853],[-87.025,31.86],[-86.975,31.867],[-86.925,31.873],[-86.909,31.875],[-86.875,31.879],[-86.825,31.884],[-86.775,31.887],[-86.74,31.89]],[[-86.373,31.877],[-86.358,31.875],[-86.325,31.871],[-86.275,31.863],[-86.225,31.855],[-86.175,31.846],[-86.125,31.836],[-86.075,31.827],[-86.066,31.825],[-86.025,31.818],[-85.975,31.81],[-85.925,31.802],[-85.875,31.796],[-85.825,31.79],[-85.775,31.785],[-85.725,31.781],[-85.675,31.777],[-85.625,31.775],[-85.624,31.775],[-85.575,31.774],[-85.525,31.774],[-85.481,31.775],[-85.475,31.775],[-85.425,31.778],[-85.375,31.781],[-85.325,31.786],[-85.275,31.792],[-85.225,31.799],[-85.175,31.806],[-85.125,31.815],[-85.075,31.824],[-85.072,31.825],[-85.025,31.834],[-84.975,31.845],[-84.925,31.856],[-84.875,31.867],[-84.842,31.875],[-84.825,31.879],[-84.775,31.891],[-84.725,31.904],[-84.675,31.916],[-84.642,31.925],[-84.625,31.93],[-84.575,31.943],[-84.525,31.957],[-84.475,31.97],[-84.459,31.975],[-84.425,31.985],[-84.375,31.999],[-84.325,32.014],[-84.288,32.025],[-84.275,32.029],[-84.225,32.044],[-84.175,32.059],[-84.125,32.075],[-84.124,32.075],[-84.075,32.09],[-84.025,32.106],[-83.975,32.121],[-83.963,32.125],[-83.925,32.137],[-83.875,32.152],[-83.825,32.168],[-83.801,32.175],[-83.775,32.183],[-83.725,32.198],[-83.675,32.212],[-83.631,32.225],[-83.625,32.227],[-83.575,32.241],[-83.525,32.254],[-83.475,32.268],[-83.446,32.275],[-83.425,32.28],[-83.375,32.293],[-83.325,32.304],[-83.275,32.316],[-83.235,32.325],[-83.225,32.327],[-83.175,32.338],[-83.125,32.348],[-83.075,32.358],[-83.025,32.367],[-82.983,32.375],[-82.975,32.377],[-82.925,32.385],[-82.875,32.393],[-82.825,32.401],[-82.775,32.408],[-82.725,32.415],[-82.675,32.421],[-82.637,32.425],[-82.625,32.426],[-82.575,32.431],[-82.525,32.434],[-82.475,32.437],[-82.425,32.438],[-82.375,32.438],[-82.325,32.436],[-82.275,32.434],[-82.225,32.43],[-82.183,32.425],[-82.175,32.424],[-82.125,32.417],[-82.075,32.409],[-82.025,32.399],[-81.975,32.388],[-81.925,32.376],[-81.922,32.375],[-81.875,32.362],[-81.825,32.347],[-81.775,32.33],[-81.76,32.325],[-81.725,32.312],[-81.675,32.293],[-81.632,32.275],[-81.625,32.272],[-81.575,32.25],[-81.525,32.227],[-81.52,32.225],[-81.475,32.204],[-81.425,32.18],[-81.415,32.175],[-81.375,32.156],[-81.325,32.131],[-81.311,32.125],[-81.275,32.108],[-81.225,32.086],[-81.2,32.075],[-81.175,32.065],[-81.125,32.045],[-81.075,32.025],[-81.075,32.025],[-81.025,32.007],[-80.975,31.989],[-80.935,31.975],[-80.927,31.973]],[[-93.025,32.059],[-92.975,32.051],[-92.925,32.044],[-92.875,32.038],[-92.825,32.033],[-92.775,32.028],[-92.742,32.025],[-92.725,32.024],[-92.675,32.02],[-92.625,32.016],[-92.575,32.012],[-92.525,32.009],[-92.475,32.006],[-92.425,32.002],[-92.375,31.999],[-92.325,31.995],[-92.275,31.991],[-92.225,31.987],[-92.175,31.983],[-92.125,31.979],[-92.08,31.975],[-92.075,31.975],[-92.025,31.97],[-91.975,31.965],[-91.964,31.964]]]}},{"type":"Feature","properties":{"date":"2005-03-23","label":"23 Mar","yday":82,"tier":"day","major":false},"geometry":{"type":"MultiLineString","coordinates":[[[-90.898,31.952],[-90.875,31.95],[-90.825,31.945],[-90.775,31.939],[-90.725,31.934],[-90.675,31.929],[-90.639,31.925],[-90.625,31.924],[-90.575,31.918],[-90.525,31.913],[-90.475,31.907],[-90.425,31.902],[-90.375,31.896],[-90.325,31.89],[-90.275,31.884],[-90.225,31.878],[-90.205,31.875],[-90.175,31.871],[-90.125,31.865],[-90.075,31.858],[-90.025,31.851],[-89.975,31.844],[-89.925,31.836],[-89.875,31.829],[-89.85,31.825],[-89.825,31.821],[-89.775,31.814],[-89.725,31.806],[-89.675,31.799],[-89.625,31.791],[-89.575,31.784],[-89.525,31.776],[-89.514,31.775],[-89.475,31.77],[-89.425,31.763],[-89.375,31.758],[-89.325,31.753],[-89.275,31.748],[-89.225,31.744],[-89.175,31.741],[-89.125,31.739],[-89.075,31.738],[-89.025,31.737],[-88.975,31.737],[-88.925,31.738],[-88.875,31.74],[-88.825,31.743],[-88.775,31.746],[-88.725,31.75],[-88.675,31.755],[-88.625,31.76],[-88.575,31.766],[-88.525,31.772],[-88.506,31.775],[-88.475,31.779],[-88.425,31.787],[-88.375,31.795],[-88.325,31.803],[-88.275,31.811],[-88.225,31.82],[-88.197,31.825],[-88.175,31.829],[-88.125,31.838],[-88.075,31.847],[-88.025,31.857],[-87.975,31.866],[-87.925,31.875],[-87.925,31.875],[-87.875,31.884],[-87.825,31.893],[-87.775,31.902],[-87.725,31.911],[-87.675,31.92],[-87.644,31.925]],[[-86.136,31.964],[-86.125,31.962],[-86.075,31.952],[-86.025,31.942],[-85.975,31.933],[-85.925,31.925],[-85.922,31.925],[-85.875,31.919],[-85.825,31.913],[-85.775,31.908],[-85.725,31.904],[-85.675,31.901],[-85.625,31.899],[-85.575,31.898],[-85.525,31.897],[-85.475,31.898],[-85.425,31.901],[-85.375,31.904],[-85.325,31.908],[-85.275,31.913],[-85.225,31.919],[-85.184,31.925],[-85.175,31.926],[-85.125,31.934],[-85.075,31.943],[-85.025,31.952],[-84.975,31.961],[-84.925,31.972],[-84.91,31.975],[-84.875,31.982],[-84.825,31.994],[-84.775,32.005],[-84.725,32.017],[-84.692,32.025],[-84.675,32.029],[-84.625,32.041],[-84.575,32.054],[-84.525,32.067],[-84.496,32.075],[-84.475,32.08],[-84.425,32.094],[-84.375,32.108],[-84.325,32.122],[-84.314,32.125],[-84.275,32.136],[-84.225,32.151],[-84.175,32.165],[-84.142,32.175],[-84.125,32.18],[-84.075,32.195],[-84.025,32.21],[-83.976,32.225],[-83.975,32.225],[-83.925,32.24],[-83.875,32.256],[-83.825,32.271],[-83.81,32.275],[-83.775,32.285],[-83.725,32.3],[-83.675,32.314],[-83.638,32.325],[-83.625,32.329],[-83.575,32.342],[-83.525,32.356],[-83.475,32.368],[-83.449,32.375],[-83.425,32.381],[-83.375,32.393],[-83.325,32.405],[-83.275,32.416],[-83.234,32.425],[-83.225,32.427],[-83.175,32.438],[-83.125,32.448],[-83.075,32.458],[-83.025,32.467],[-82.982,32.475],[-82.975,32.476],[-82.925,32.485],[-82.875,32.493],[-82.825,32.501],[-82.775,32.508],[-82.725,32.515],[-82.675,32.521],[-82.643,32.525],[-82.625,32.527],[-82.575,32.532],[-82.525,32.536],[-82.475,32.539],[-82.425,32.541],[-82.375,32.542],[-82.325,32.542],[-82.275,32.542],[-82.225,32.54],[-82.175,32.537],[-82.125,32.533],[-82.075,32.528],[-82.05,32.525],[-82.025,32.522],[-81.975,32.515],[-81.925,32.506],[-81.875,32.497],[-81.825,32.487],[-81.775,32.475],[-81.775,32.475],[-81.725,32.462],[-81.675,32.447],[-81.625,32.431],[-81.608,32.425],[-81.575,32.413],[-81.525,32.394],[-81.478,32.375],[-81.475,32.374],[-81.425,32.352],[-81.375,32.33],[-81.364,32.325],[-81.325,32.307],[-81.275,32.283],[-81.257,32.275],[-81.225,32.26],[-81.175,32.237],[-81.148,32.225],[-81.125,32.215],[-81.075,32.194],[-81.029,32.175],[-81.025,32.173],[-80.975,32.154],[-80.925,32.135],[-80.897,32.125],[-80.881,32.119]],[[-93.075,32.281],[-93.057,32.275],[-93.025,32.265],[-92.975,32.25],[-92.925,32.237],[-92.878,32.225],[-92.875,32.224],[-92.825,32.213],[-92.775,32.202],[-92.725,32.193],[-92.675,32.184],[-92.625,32.176],[-92.621,32.175],[-92.575,32.168],[-92.525,32.16],[-92.475,32.153],[-92.425,32.147],[-92.375,32.14],[-92.325,32.134],[-92.275,32.127],[-92.257,32.125],[-92.225,32.121],[-92.175,32.115],[-92.125,32.109],[-92.075,32.102],[-92.025,32.096]]]}},{"type":"Feature","properties":{"date":"2005-03-24","label":"24 Mar","yday":83,"tier":"day","major":false},"geometry":{"type":"MultiLineString","coordinates":[[[-90.747,32.053],[-90.725,32.051],[-90.675,32.047],[-90.625,32.042],[-90.575,32.038],[-90.525,32.034],[-90.475,32.029],[-90.429,32.025],[-90.425,32.025],[-90.375,32.02],[-90.325,32.015],[-90.275,32.01],[-90.225,32.005],[-90.175,32.0],[-90.125,31.994],[-90.075,31.988],[-90.025,31.982],[-89.975,31.976],[-89.964,31.975],[-89.925,31.97],[-89.875,31.964],[-89.825,31.958],[-89.775,31.951],[-89.725,31.945],[-89.675,31.939],[-89.625,31.933],[-89.575,31.927],[-89.559,31.925],[-89.525,31.921],[-89.475,31.916],[-89.425,31.911],[-89.375,31.907],[-89.325,31.903],[-89.275,31.9],[-89.225,31.897],[-89.175,31.896],[-89.125,31.895],[-89.075,31.894],[-89.025,31.895],[-88.975,31.896],[-88.925,31.898],[-88.875,31.901],[-88.825,31.905],[-88.775,31.909],[-88.725,31.915],[-88.675,31.92],[-88.64,31.925],[-88.625,31.927],[-88.575,31.934],[-88.525,31.942],[-88.475,31.95],[-88.425,31.959],[-88.375,31.968],[-88.336,31.975],[-88.325,31.977],[-88.275,31.987],[-88.225,31.996],[-88.175,32.006],[-88.125,32.015],[-88.075,32.025],[-88.073,32.025],[-88.025,32.034],[-87.975,32.043],[-87.948,32.048]],[[-86.025,32.075],[-86.025,32.074],[-85.975,32.065],[-85.925,32.056],[-85.875,32.048],[-85.825,32.041],[-85.775,32.035],[-85.725,32.03],[-85.675,32.026],[-85.65,32.025],[-85.625,32.024],[-85.575,32.022],[-85.525,32.021],[-85.475,32.022],[-85.425,32.023],[-85.387,32.025],[-85.375,32.026],[-85.325,32.029],[-85.275,32.034],[-85.225,32.039],[-85.175,32.045],[-85.125,32.052],[-85.075,32.06],[-85.025,32.068],[-84.988,32.075],[-84.975,32.077],[-84.925,32.087],[-84.875,32.097],[-84.825,32.107],[-84.775,32.118],[-84.742,32.125],[-84.725,32.129],[-84.675,32.14],[-84.625,32.152],[-84.575,32.164],[-84.528,32.175],[-84.525,32.176],[-84.475,32.188],[-84.425,32.201],[-84.375,32.214],[-84.333,32.225],[-84.325,32.227],[-84.275,32.241],[-84.225,32.254],[-84.175,32.269],[-84.153,32.275],[-84.125,32.283],[-84.075,32.297],[-84.025,32.312],[-83.981,32.325],[-83.975,32.327],[-83.925,32.341],[-83.875,32.356],[-83.825,32.371],[-83.811,32.375],[-83.775,32.385],[-83.725,32.4],[-83.675,32.414],[-83.635,32.425],[-83.625,32.428],[-83.575,32.441],[-83.525,32.454],[-83.475,32.467],[-83.441,32.475],[-83.425,32.479],[-83.375,32.49],[-83.325,32.502],[-83.275,32.513],[-83.225,32.524],[-83.219,32.525],[-83.175,32.534],[-83.125,32.544],[-83.075,32.554],[-83.025,32.563],[-82.975,32.572],[-82.96,32.575],[-82.925,32.581],[-82.875,32.589],[-82.825,32.597],[-82.775,32.605],[-82.725,32.612],[-82.675,32.618],[-82.625,32.624],[-82.616,32.625],[-82.575,32.629],[-82.525,32.634],[-82.475,32.638],[-82.425,32.641],[-82.375,32.643],[-82.325,32.645],[-82.275,32.646],[-82.225,32.646],[-82.175,32.645],[-82.125,32.643],[-82.075,32.641],[-82.025,32.638],[-81.975,32.634],[-81.925,32.629],[-81.886,32.625],[-81.875,32.624],[-81.825,32.617],[-81.775,32.61],[-81.725,32.601],[-81.675,32.592],[-81.625,32.581],[-81.601,32.575],[-81.575,32.568],[-81.525,32.554],[-81.475,32.538],[-81.435,32.525],[-81.425,32.521],[-81.375,32.503],[-81.325,32.484],[-81.302,32.475],[-81.275,32.464],[-81.225,32.443],[-81.181,32.425],[-81.175,32.422],[-81.125,32.401],[-81.075,32.38],[-81.063,32.375],[-81.025,32.359],[-80.975,32.338],[-80.943,32.325],[-80.925,32.318],[-80.875,32.298],[-80.825,32.278],[-80.816,32.275],[-80.786,32.264]],[[-87.16,32.16],[-87.125,32.163],[-87.075,32.167],[-87.025,32.17],[-86.978,32.172]],[[-92.318,32.275],[-92.275,32.268],[-92.225,32.259],[-92.175,32.251],[-92.147,32.247]],[[-92.534,32.316],[-92.525,32.314],[-92.475,32.304],[-92.425,32.294],[-92.375,32.285],[-92.326,32.276]]]}},{"type":"Feature","properties":{"date":"2005-03-25","label":"25 Mar","yday":84,"tier":"day","major":false},"geometry":{"type":"MultiLineString","coordinates":[[[-90.442,32.158],[-90.425,32.157],[-90.375,32.153],[-90.325,32.15],[-90.275,32.146],[-90.225,32.142],[-90.175,32.138],[-90.125,32.134],[-90.075,32.129],[-90.031,32.125],[-90.025,32.124],[-89.975,32.12],[-89.925,32.115],[-89.875,32.11],[-89.825,32.105],[-89.775,32.1],[-89.725,32.095],[-89.675,32.09],[-89.625,32.085],[-89.575,32.081],[-89.525,32.077],[-89.505,32.075],[-89.475,32.073],[-89.425,32.069],[-89.375,32.067],[-89.325,32.064],[-89.275,32.062],[-89.225,32.061],[-89.175,32.061],[-89.125,32.061],[-89.075,32.061],[-89.025,32.063],[-88.975,32.065],[-88.925,32.069],[-88.875,32.073],[-88.851,32.075],[-88.825,32.078],[-88.775,32.083],[-88.725,32.09],[-88.675,32.097],[-88.625,32.106],[-88.575,32.114],[-88.525,32.124],[-88.518,32.125],[-88.475,32.133],[-88.425,32.143],[-88.375,32.154],[-88.325,32.164],[-88.275,32.174],[-88.269,32.175],[-88.225,32.184],[-88.175,32.194],[-88.125,32.203],[-88.107,32.207]],[[-85.602,32.148],[-85.575,32.146],[-85.525,32.145],[-85.475,32.144],[-85.425,32.145],[-85.375,32.146],[-85.325,32.149],[-85.275,32.153],[-85.225,32.157],[-85.175,32.163],[-85.125,32.169],[-85.083,32.175],[-85.075,32.176],[-85.025,32.184],[-84.975,32.192],[-84.925,32.201],[-84.875,32.21],[-84.825,32.219],[-84.795,32.225],[-84.775,32.229],[-84.725,32.239],[-84.675,32.249],[-84.625,32.26],[-84.575,32.271],[-84.555,32.275],[-84.525,32.282],[-84.475,32.293],[-84.425,32.305],[-84.375,32.317],[-84.343,32.325],[-84.325,32.33],[-84.275,32.342],[-84.225,32.355],[-84.175,32.369],[-84.153,32.375],[-84.125,32.383],[-84.075,32.397],[-84.025,32.411],[-83.976,32.425],[-83.975,32.425],[-83.925,32.44],[-83.875,32.454],[-83.825,32.469],[-83.803,32.475],[-83.775,32.483],[-83.725,32.497],[-83.675,32.511],[-83.625,32.524],[-83.623,32.525],[-83.575,32.537],[-83.525,32.55],[-83.475,32.562],[-83.425,32.574],[-83.42,32.575],[-83.375,32.585],[-83.325,32.596],[-83.275,32.607],[-83.225,32.617],[-83.188,32.625],[-83.175,32.628],[-83.125,32.637],[-83.075,32.647],[-83.025,32.657],[-82.975,32.666],[-82.925,32.674],[-82.922,32.675],[-82.875,32.683],[-82.825,32.691],[-82.775,32.699],[-82.725,32.706],[-82.675,32.712],[-82.625,32.719],[-82.575,32.725],[-82.57,32.725],[-82.525,32.73],[-82.475,32.734],[-82.425,32.738],[-82.375,32.742],[-82.325,32.745],[-82.275,32.747],[-82.225,32.749],[-82.175,32.75],[-82.125,32.75],[-82.075,32.75],[-82.025,32.749],[-81.975,32.748],[-81.925,32.746],[-81.875,32.744],[-81.825,32.74],[-81.775,32.737],[-81.725,32.732],[-81.675,32.727],[-81.663,32.725],[-81.625,32.72],[-81.575,32.712],[-81.525,32.703],[-81.475,32.692],[-81.425,32.681],[-81.402,32.675],[-81.375,32.668],[-81.325,32.654],[-81.275,32.639],[-81.23,32.625],[-81.225,32.623],[-81.175,32.607],[-81.125,32.59],[-81.082,32.575],[-81.075,32.572],[-81.025,32.554],[-80.975,32.536],[-80.944,32.525],[-80.925,32.518],[-80.875,32.5],[-80.825,32.482],[-80.806,32.475],[-80.775,32.464],[-80.725,32.447],[-80.709,32.441]],[[-87.221,32.321],[-87.175,32.324],[-87.141,32.325],[-87.125,32.326],[-87.075,32.327],[-87.025,32.329],[-86.975,32.33],[-86.925,32.33],[-86.875,32.33],[-86.871,32.329]],[[-80.625,32.414],[-80.575,32.399],[-80.525,32.385],[-80.517,32.383]]]}},{"type":"Feature","properties":{"date":"2005-03-26","label":"26 Mar","yday":85,"tier":"five","major":false},"geometry":{"type":"MultiLineString","coordinates":[[[-89.991,32.275],[-89.975,32.274],[-89.925,32.27],[-89.875,32.266],[-89.825,32.263],[-89.775,32.259],[-89.725,32.255],[-89.675,32.252],[-89.625,32.249],[-89.575,32.246]],[[-89.363,32.237],[-89.325,32.236],[-89.275,32.236],[-89.225,32.236],[-89.175,32.237],[-89.125,32.238],[-89.075,32.24],[-89.025,32.243],[-88.975,32.246],[-88.925,32.25],[-88.875,32.255],[-88.825,32.261],[-88.775,32.268],[-88.735,32.275],[-88.725,32.277],[-88.675,32.286],[-88.625,32.297],[-88.575,32.308],[-88.525,32.319],[-88.499,32.325],[-88.475,32.33],[-88.425,32.341],[-88.375,32.352],[-88.325,32.362],[-88.275,32.371],[-88.255,32.375],[-88.225,32.381],[-88.175,32.39]],[[-85.575,32.27],[-85.525,32.267],[-85.475,32.265],[-85.425,32.265],[-85.375,32.266],[-85.325,32.268],[-85.275,32.271],[-85.225,32.274],[-85.219,32.275],[-85.175,32.279],[-85.125,32.285],[-85.075,32.291],[-85.025,32.298],[-84.975,32.305],[-84.925,32.313],[-84.875,32.321],[-84.853,32.325],[-84.825,32.33],[-84.775,32.338],[-84.725,32.347],[-84.675,32.356],[-84.625,32.365],[-84.575,32.375],[-84.574,32.375],[-84.525,32.385],[-84.475,32.395],[-84.425,32.406],[-84.375,32.417],[-84.342,32.425],[-84.325,32.429],[-84.275,32.441],[-84.225,32.453],[-84.175,32.466],[-84.143,32.475],[-84.125,32.48],[-84.075,32.493],[-84.025,32.507],[-83.975,32.521],[-83.961,32.525],[-83.925,32.535],[-83.875,32.549],[-83.825,32.564],[-83.786,32.575],[-83.775,32.578],[-83.725,32.592],[-83.675,32.606],[-83.625,32.619],[-83.6,32.625],[-83.575,32.631],[-83.525,32.643],[-83.475,32.655],[-83.425,32.666],[-83.384,32.675],[-83.375,32.677],[-83.325,32.688],[-83.275,32.698],[-83.225,32.709],[-83.175,32.719],[-83.143,32.725],[-83.125,32.729],[-83.075,32.738],[-83.025,32.748],[-82.975,32.757],[-82.925,32.766],[-82.875,32.774],[-82.871,32.775],[-82.825,32.783],[-82.775,32.791],[-82.725,32.798],[-82.675,32.805],[-82.625,32.812],[-82.575,32.818],[-82.525,32.824],[-82.518,32.825],[-82.475,32.83],[-82.425,32.835],[-82.375,32.839],[-82.325,32.843],[-82.275,32.847],[-82.225,32.85],[-82.175,32.852],[-82.125,32.855],[-82.075,32.856],[-82.025,32.858],[-81.975,32.859],[-81.925,32.859],[-81.875,32.859],[-81.825,32.859],[-81.775,32.858],[-81.725,32.856],[-81.675,32.854],[-81.625,32.851],[-81.575,32.847],[-81.525,32.842],[-81.475,32.837],[-81.425,32.83],[-81.39,32.825],[-81.375,32.823],[-81.325,32.814],[-81.275,32.805],[-81.225,32.795],[-81.175,32.784],[-81.137,32.775],[-81.125,32.772],[-81.075,32.76],[-81.025,32.747],[-80.975,32.734],[-80.943,32.725],[-80.925,32.72],[-80.875,32.706],[-80.825,32.692],[-80.775,32.677],[-80.768,32.675],[-80.725,32.662],[-80.675,32.648],[-80.625,32.633],[-80.597,32.625],[-80.575,32.618],[-80.525,32.604],[-80.475,32.589],[-80.426,32.575],[-80.425,32.575],[-80.375,32.56],[-80.325,32.545],[-80.275,32.53],[-80.271,32.529]]]}},{"type":"Feature","properties":{"date":"2005-03-27","label":"27 Mar","yday":86,"tier":"day","major":false},"geometry":{"type":"MultiLineString","coordinates":[[[-89.681,32.425],[-89.675,32.425],[-89.625,32.423],[-89.623,32.423]],[[-89.177,32.423],[-89.175,32.423],[-89.145,32.425],[-89.125,32.426],[-89.075,32.43],[-89.025,32.434],[-88.975,32.439],[-88.925,32.445],[-88.875,32.452],[-88.825,32.461],[-88.775,32.47],[-88.751,32.475],[-88.725,32.48],[-88.675,32.492],[-88.625,32.503],[-88.575,32.515],[-88.529,32.525],[-88.525,32.526],[-88.475,32.535],[-88.425,32.544],[-88.375,32.552],[-88.325,32.56],[-88.275,32.569],[-88.269,32.569]],[[-86.028,32.478],[-86.025,32.477],[-86.017,32.475],[-85.975,32.464],[-85.925,32.452],[-85.875,32.441],[-85.825,32.43],[-85.801,32.425],[-85.775,32.42],[-85.725,32.411],[-85.675,32.403],[-85.625,32.397],[-85.575,32.391],[-85.525,32.387],[-85.475,32.385],[-85.425,32.383],[-85.375,32.383],[-85.325,32.384],[-85.275,32.386],[-85.225,32.39],[-85.175,32.394],[-85.125,32.399],[-85.075,32.405],[-85.025,32.411],[-84.975,32.418],[-84.925,32.425],[-84.922,32.425],[-84.875,32.431],[-84.825,32.438],[-84.775,32.445],[-84.725,32.452],[-84.675,32.459],[-84.625,32.467],[-84.581,32.475],[-84.575,32.476],[-84.525,32.485],[-84.475,32.494],[-84.425,32.504],[-84.375,32.515],[-84.327,32.525],[-84.325,32.526],[-84.275,32.537],[-84.225,32.549],[-84.175,32.561],[-84.125,32.574],[-84.121,32.575],[-84.075,32.587],[-84.025,32.6],[-83.975,32.614],[-83.936,32.625],[-83.925,32.628],[-83.875,32.642],[-83.825,32.656],[-83.775,32.67],[-83.758,32.675],[-83.725,32.684],[-83.675,32.697],[-83.625,32.71],[-83.575,32.722],[-83.562,32.725],[-83.525,32.733],[-83.475,32.745],[-83.425,32.756],[-83.375,32.766],[-83.335,32.775],[-83.325,32.777],[-83.275,32.787],[-83.225,32.798],[-83.175,32.808],[-83.125,32.818],[-83.089,32.825],[-83.075,32.828],[-83.025,32.837],[-82.975,32.847],[-82.925,32.856],[-82.875,32.865],[-82.825,32.873],[-82.814,32.875],[-82.775,32.881],[-82.725,32.889],[-82.675,32.897],[-82.625,32.904],[-82.575,32.911],[-82.525,32.918],[-82.475,32.924],[-82.468,32.925],[-82.425,32.93],[-82.375,32.936],[-82.325,32.941],[-82.275,32.945],[-82.225,32.95],[-82.175,32.954],[-82.125,32.958],[-82.075,32.961],[-82.025,32.965],[-81.975,32.968],[-81.925,32.97],[-81.875,32.973],[-81.825,32.975],[-81.82,32.975],[-81.775,32.977],[-81.725,32.978],[-81.675,32.979],[-81.625,32.979],[-81.575,32.979],[-81.525,32.978],[-81.475,32.977],[-81.429,32.975],[-81.425,32.975],[-81.375,32.972],[-81.325,32.969],[-81.275,32.964],[-81.225,32.959],[-81.175,32.954],[-81.125,32.947],[-81.075,32.94],[-81.025,32.932],[-80.98,32.925],[-80.975,32.924],[-80.925,32.915],[-80.875,32.906],[-80.825,32.896],[-80.775,32.886],[-80.725,32.875],[-80.725,32.875],[-80.675,32.864],[-80.625,32.852],[-80.575,32.84],[-80.525,32.828],[-80.514,32.825],[-80.475,32.815],[-80.425,32.802],[-80.375,32.788],[-80.33,32.775],[-80.325,32.774],[-80.275,32.758],[-80.225,32.742],[-80.175,32.725],[-80.175,32.725],[-80.125,32.707],[-80.075,32.687],[-80.046,32.675],[-80.025,32.667],[-79.996,32.654]],[[-86.993,32.643],[-86.975,32.641],[-86.925,32.637],[-86.875,32.633],[-86.825,32.628],[-86.8,32.625],[-86.775,32.622],[-86.725,32.617],[-86.675,32.611],[-86.625,32.604],[-86.575,32.597],[-86.525,32.589],[-86.475,32.581],[-86.442,32.575],[-86.428,32.572]]]}},{"type":"Feature","properties":{"date":"2005-03-28","label":"28 Mar","yday":87,"tier":"day","major":false},"geometry":{"type":"MultiLineString","coordinates":[[[-88.783,32.667],[-88.775,32.668],[-88.74,32.675]],[[-88.66,32.69],[-88.625,32.696],[-88.575,32.706],[-88.525,32.714],[-88.475,32.723],[-88.461,32.725]],[[-79.865,32.815],[-79.825,32.793],[-79.813,32.787]],[[-87.575,32.834],[-87.525,32.835],[-87.475,32.835],[-87.425,32.834],[-87.375,32.832],[-87.325,32.829],[-87.275,32.826],[-87.262,32.825],[-87.225,32.822],[-87.175,32.818],[-87.125,32.813],[-87.075,32.807],[-87.025,32.802],[-86.975,32.796],[-86.925,32.789],[-86.875,32.782],[-86.825,32.775],[-86.822,32.775],[-86.775,32.768],[-86.725,32.761],[-86.675,32.753],[-86.625,32.744],[-86.575,32.736],[-86.525,32.726],[-86.517,32.725],[-86.475,32.717],[-86.425,32.707],[-86.375,32.696],[-86.325,32.685],[-86.284,32.675],[-86.275,32.673],[-86.225,32.66],[-86.175,32.648],[-86.125,32.635],[-86.089,32.625],[-86.075,32.621],[-86.025,32.608],[-85.975,32.595],[-85.925,32.582],[-85.897,32.575],[-85.875,32.57],[-85.825,32.558],[-85.775,32.547],[-85.725,32.537],[-85.675,32.527],[-85.661,32.525],[-85.625,32.519],[-85.575,32.512],[-85.525,32.507],[-85.475,32.503],[-85.425,32.5],[-85.375,32.499],[-85.325,32.499],[-85.275,32.501],[-85.225,32.503],[-85.175,32.507],[-85.125,32.511],[-85.075,32.516],[-85.025,32.521],[-84.993,32.525],[-84.975,32.527],[-84.925,32.532],[-84.875,32.537],[-84.825,32.542],[-84.775,32.548],[-84.725,32.553],[-84.675,32.56],[-84.625,32.566],[-84.575,32.574],[-84.568,32.575],[-84.525,32.582],[-84.475,32.59],[-84.425,32.599],[-84.375,32.609],[-84.325,32.619],[-84.3,32.625],[-84.275,32.63],[-84.225,32.642],[-84.175,32.653],[-84.125,32.666],[-84.089,32.675],[-84.075,32.679],[-84.025,32.692],[-83.975,32.705],[-83.925,32.719],[-83.901,32.725],[-83.875,32.732],[-83.825,32.746],[-83.775,32.759],[-83.725,32.773],[-83.716,32.775],[-83.675,32.785],[-83.625,32.798],[-83.575,32.809],[-83.525,32.821],[-83.507,32.825],[-83.475,32.832],[-83.425,32.843],[-83.375,32.854],[-83.325,32.865],[-83.277,32.875],[-83.275,32.875],[-83.225,32.886],[-83.175,32.896],[-83.125,32.906],[-83.075,32.916],[-83.03,32.925],[-83.025,32.926],[-82.975,32.936],[-82.925,32.945],[-82.875,32.954],[-82.825,32.963],[-82.775,32.972],[-82.757,32.975],[-82.725,32.98],[-82.675,32.989],[-82.625,32.997],[-82.575,33.004],[-82.525,33.012],[-82.475,33.019],[-82.428,33.025],[-82.425,33.025],[-82.375,33.032],[-82.325,33.038],[-82.275,33.044],[-82.225,33.05],[-82.175,33.055],[-82.125,33.061],[-82.075,33.066],[-82.025,33.071],[-81.984,33.075],[-81.975,33.076],[-81.925,33.081],[-81.875,33.086],[-81.825,33.09],[-81.775,33.095],[-81.725,33.099],[-81.675,33.103],[-81.625,33.107],[-81.575,33.111],[-81.525,33.114],[-81.475,33.117],[-81.425,33.119],[-81.375,33.121],[-81.325,33.122],[-81.275,33.122],[-81.225,33.122],[-81.175,33.121],[-81.125,33.119],[-81.075,33.117],[-81.025,33.114],[-80.975,33.11],[-80.925,33.106],[-80.875,33.1],[-80.825,33.095],[-80.775,33.088],[-80.725,33.081],[-80.687,33.075],[-80.675,33.073],[-80.625,33.065],[-80.575,33.055],[-80.525,33.045],[-80.475,33.034],[-80.434,33.025],[-80.425,33.023],[-80.375,33.01],[-80.325,32.997],[-80.275,32.983],[-80.247,32.975],[-80.225,32.968],[-80.175,32.952],[-80.125,32.935],[-80.099,32.925],[-80.075,32.916],[-80.025,32.895],[-79.982,32.875],[-79.975,32.871],[-79.944,32.856]]]}},{"type":"Feature","properties":{"date":"2005-03-29","label":"29 Mar","yday":88,"tier":"day","major":false},"geometry":{"type":"MultiLineString","coordinates":[[[-89.648,32.798],[-89.625,32.798],[-89.575,32.798],[-89.552,32.798]],[[-83.614,32.886],[-83.575,32.895],[-83.525,32.907],[-83.475,32.918],[-83.446,32.925],[-83.425,32.93],[-83.375,32.941],[-83.325,32.952],[-83.275,32.962],[-83.225,32.973],[-83.216,32.975],[-83.175,32.984],[-83.125,32.994],[-83.075,33.004],[-83.025,33.014],[-82.975,33.024],[-82.972,33.025],[-82.925,33.034],[-82.875,33.044],[-82.825,33.053],[-82.775,33.063],[-82.725,33.072],[-82.706,33.075],[-82.675,33.081],[-82.625,33.089],[-82.575,33.098],[-82.525,33.106],[-82.475,33.114],[-82.425,33.121],[-82.401,33.125],[-82.375,33.129],[-82.325,33.136],[-82.275,33.144],[-82.225,33.151],[-82.175,33.157],[-82.125,33.164],[-82.075,33.171],[-82.047,33.175],[-82.025,33.178],[-81.975,33.185],[-81.925,33.192],[-81.875,33.199],[-81.825,33.207],[-81.775,33.214],[-81.725,33.222],[-81.705,33.225],[-81.675,33.23],[-81.625,33.237],[-81.575,33.245],[-81.525,33.252],[-81.475,33.259],[-81.425,33.265],[-81.375,33.272],[-81.345,33.275],[-81.325,33.277],[-81.275,33.283],[-81.225,33.287],[-81.175,33.291],[-81.125,33.294],[-81.075,33.296],[-81.025,33.297],[-80.975,33.297],[-80.925,33.296],[-80.875,33.295],[-80.825,33.293],[-80.775,33.289],[-80.725,33.285],[-80.675,33.28],[-80.632,33.275],[-80.625,33.274],[-80.575,33.267],[-80.525,33.259],[-80.475,33.249],[-80.425,33.238],[-80.375,33.226],[-80.37,33.225],[-80.325,33.213],[-80.275,33.199],[-80.225,33.183],[-80.2,33.175],[-80.175,33.167],[-80.125,33.149],[-80.075,33.129],[-80.065,33.125],[-80.025,33.108],[-79.975,33.086],[-79.953,33.075],[-79.925,33.062],[-79.875,33.036],[-79.855,33.025],[-79.825,33.009],[-79.775,32.981],[-79.765,32.975],[-79.725,32.952],[-79.679,32.925],[-79.675,32.923],[-79.645,32.905]],[[-87.575,33.011],[-87.525,33.011],[-87.475,33.009],[-87.425,33.006],[-87.375,33.003],[-87.325,32.998],[-87.275,32.993],[-87.225,32.987],[-87.175,32.981],[-87.136,32.975],[-87.125,32.973],[-87.075,32.966],[-87.025,32.958],[-86.975,32.95],[-86.925,32.941],[-86.875,32.933],[-86.831,32.925],[-86.825,32.924],[-86.775,32.915],[-86.725,32.906],[-86.675,32.896],[-86.625,32.887],[-86.575,32.876],[-86.568,32.875],[-86.525,32.866],[-86.475,32.855],[-86.425,32.844],[-86.375,32.832],[-86.346,32.825],[-86.325,32.82],[-86.275,32.808],[-86.225,32.795],[-86.175,32.781],[-86.152,32.775],[-86.125,32.768],[-86.075,32.754],[-86.025,32.74],[-85.975,32.727],[-85.969,32.725],[-85.925,32.713],[-85.875,32.7],[-85.825,32.687],[-85.776,32.675],[-85.775,32.675],[-85.725,32.663],[-85.675,32.653],[-85.625,32.643],[-85.575,32.634],[-85.525,32.627],[-85.508,32.625],[-85.475,32.621],[-85.425,32.617],[-85.375,32.615],[-85.325,32.614],[-85.275,32.614],[-85.225,32.615],[-85.175,32.617],[-85.125,32.62],[-85.075,32.623],[-85.05,32.625],[-85.025,32.627],[-84.975,32.631],[-84.925,32.634],[-84.875,32.638],[-84.825,32.642],[-84.775,32.647],[-84.725,32.651],[-84.675,32.657],[-84.625,32.663],[-84.575,32.669],[-84.534,32.675],[-84.525,32.676],[-84.475,32.684],[-84.425,32.692],[-84.375,32.702],[-84.325,32.711],[-84.275,32.722],[-84.26,32.725],[-84.225,32.733],[-84.175,32.744],[-84.125,32.756],[-84.075,32.768],[-84.048,32.775],[-84.025,32.781],[-83.975,32.794],[-83.925,32.807],[-83.875,32.82],[-83.856,32.825],[-83.825,32.833],[-83.775,32.846],[-83.725,32.859],[-83.675,32.872],[-83.661,32.875]]]}},{"type":"Feature","properties":{"date":"2005-03-30","label":"30 Mar","yday":89,"tier":"day","major":false},"geometry":{"type":"MultiLineString","coordinates":[[[-89.655,32.995],[-89.625,32.994],[-89.575,32.994],[-89.525,32.993]],[[-83.437,33.013],[-83.425,33.016],[-83.384,33.025],[-83.375,33.027],[-83.325,33.038],[-83.275,33.049],[-83.225,33.06],[-83.175,33.071],[-83.157,33.075],[-83.125,33.082],[-83.075,33.093],[-83.025,33.103],[-82.975,33.114],[-82.925,33.124],[-82.92,33.125],[-82.875,33.134],[-82.825,33.144],[-82.775,33.154],[-82.725,33.164],[-82.675,33.173],[-82.666,33.175],[-82.625,33.183],[-82.575,33.192],[-82.525,33.201],[-82.475,33.21],[-82.425,33.219],[-82.389,33.225],[-82.375,33.227],[-82.325,33.236],[-82.275,33.245],[-82.225,33.253],[-82.175,33.261],[-82.125,33.27],[-82.093,33.275],[-82.075,33.278],[-82.025,33.287],[-81.975,33.296],[-81.925,33.306],[-81.875,33.316],[-81.831,33.325],[-81.825,33.326],[-81.775,33.337],[-81.725,33.348],[-81.675,33.36],[-81.625,33.371],[-81.608,33.375],[-81.575,33.383],[-81.525,33.394],[-81.475,33.406],[-81.425,33.417],[-81.391,33.425],[-81.375,33.429],[-81.325,33.439],[-81.275,33.45],[-81.225,33.46],[-81.175,33.469],[-81.135,33.475],[-81.125,33.477],[-81.075,33.484],[-81.025,33.489],[-80.975,33.494],[-80.925,33.497],[-80.875,33.499],[-80.825,33.5],[-80.775,33.5],[-80.725,33.498],[-80.675,33.495],[-80.625,33.49],[-80.575,33.484],[-80.525,33.477],[-80.515,33.475],[-80.475,33.468],[-80.425,33.457],[-80.375,33.446],[-80.325,33.433],[-80.299,33.425],[-80.275,33.418],[-80.225,33.402],[-80.175,33.385],[-80.148,33.375],[-80.125,33.366],[-80.075,33.346],[-80.026,33.325],[-80.025,33.325],[-79.975,33.302],[-79.925,33.277],[-79.921,33.275],[-79.875,33.251],[-79.827,33.225],[-79.825,33.224],[-79.775,33.196],[-79.74,33.175],[-79.725,33.166],[-79.675,33.136],[-79.658,33.125],[-79.625,33.105],[-79.578,33.075],[-79.575,33.073],[-79.545,33.055]],[[-87.825,33.164],[-87.775,33.17],[-87.727,33.175],[-87.725,33.175],[-87.675,33.179],[-87.625,33.181],[-87.575,33.182],[-87.525,33.18],[-87.475,33.178],[-87.44,33.175],[-87.425,33.174],[-87.375,33.169],[-87.325,33.163],[-87.275,33.157],[-87.225,33.15],[-87.175,33.142],[-87.125,33.134],[-87.076,33.125],[-87.075,33.125],[-87.025,33.115],[-86.975,33.106],[-86.925,33.095],[-86.875,33.085],[-86.827,33.075],[-86.825,33.075],[-86.775,33.064],[-86.725,33.054],[-86.675,33.043],[-86.625,33.032],[-86.593,33.025],[-86.575,33.021],[-86.525,33.01],[-86.475,32.998],[-86.425,32.985],[-86.384,32.975],[-86.375,32.973],[-86.325,32.96],[-86.275,32.946],[-86.225,32.933],[-86.198,32.925],[-86.175,32.919],[-86.125,32.904],[-86.075,32.89],[-86.025,32.875],[-86.023,32.875],[-85.975,32.861],[-85.925,32.847],[-85.875,32.833],[-85.847,32.825],[-85.825,32.819],[-85.775,32.806],[-85.725,32.793],[-85.675,32.781],[-85.647,32.775],[-85.625,32.77],[-85.575,32.76],[-85.525,32.752],[-85.475,32.744],[-85.425,32.738],[-85.375,32.733],[-85.325,32.73],[-85.275,32.728],[-85.225,32.727],[-85.175,32.727],[-85.125,32.728],[-85.075,32.729],[-85.025,32.731],[-84.975,32.732],[-84.925,32.735],[-84.875,32.737],[-84.825,32.74],[-84.775,32.744],[-84.725,32.747],[-84.675,32.752],[-84.625,32.757],[-84.575,32.763],[-84.525,32.769],[-84.483,32.775],[-84.475,32.776],[-84.425,32.784],[-84.375,32.792],[-84.325,32.802],[-84.275,32.812],[-84.225,32.822],[-84.211,32.825],[-84.175,32.833],[-84.125,32.845],[-84.075,32.856],[-84.025,32.869],[-84.0,32.875],[-83.975,32.881],[-83.925,32.894],[-83.875,32.907],[-83.825,32.92],[-83.804,32.925],[-83.781,32.931]]]}},{"type":"Feature","properties":{"date":"2005-03-31","label":"31 Mar","yday":90,"tier":"index","major":true},"geometry":{"type":"MultiLineString","coordinates":[[[-84.115,32.935],[-84.075,32.944],[-84.025,32.956],[-83.975,32.969],[-83.949,32.975],[-83.925,32.981],[-83.875,32.993],[-83.85,33.0]],[[-83.425,33.103],[-83.375,33.114],[-83.328,33.125],[-83.325,33.126],[-83.275,33.137],[-83.225,33.148],[-83.175,33.16],[-83.125,33.171],[-83.106,33.175],[-83.075,33.182],[-83.025,33.193],[-82.975,33.204],[-82.925,33.215],[-82.877,33.225],[-82.875,33.226],[-82.825,33.236],[-82.775,33.247],[-82.725,33.257],[-82.675,33.268],[-82.64,33.275],[-82.625,33.278],[-82.575,33.288],[-82.525,33.298],[-82.475,33.308],[-82.425,33.318],[-82.391,33.325],[-82.375,33.328],[-82.325,33.338],[-82.275,33.348],[-82.225,33.358],[-82.175,33.368],[-82.141,33.375],[-82.125,33.378],[-82.075,33.389],[-82.025,33.4],[-81.975,33.412],[-81.925,33.424],[-81.921,33.425],[-81.875,33.437],[-81.825,33.451],[-81.775,33.466],[-81.743,33.475],[-81.725,33.48],[-81.675,33.496],[-81.625,33.511],[-81.582,33.525],[-81.575,33.527],[-81.525,33.543],[-81.475,33.56],[-81.429,33.575],[-81.425,33.576],[-81.375,33.593],[-81.325,33.61],[-81.277,33.625],[-81.275,33.626],[-81.225,33.642],[-81.175,33.657],[-81.125,33.671],[-81.11,33.675],[-81.075,33.684],[-81.025,33.696],[-80.975,33.705],[-80.925,33.713],[-80.875,33.719],[-80.825,33.722],[-80.775,33.723],[-80.725,33.722],[-80.675,33.719],[-80.625,33.714],[-80.575,33.708],[-80.525,33.7],[-80.475,33.691],[-80.425,33.681],[-80.396,33.675],[-80.375,33.67],[-80.325,33.658],[-80.275,33.644],[-80.225,33.629],[-80.212,33.625],[-80.175,33.613],[-80.125,33.595],[-80.075,33.576],[-80.074,33.575],[-80.025,33.555],[-79.975,33.532],[-79.96,33.525],[-79.925,33.508],[-79.875,33.482],[-79.863,33.475],[-79.825,33.454],[-79.776,33.425],[-79.775,33.425],[-79.725,33.394],[-79.695,33.375],[-79.675,33.362],[-79.625,33.329],[-79.619,33.325],[-79.575,33.296],[-79.545,33.275],[-79.525,33.262],[-79.475,33.227],[-79.472,33.225],[-79.425,33.193],[-79.398,33.175],[-79.375,33.16],[-79.325,33.126],[-79.324,33.126]],[[-87.625,33.337],[-87.575,33.338],[-87.525,33.337],[-87.475,33.335],[-87.425,33.332],[-87.375,33.327],[-87.351,33.325],[-87.325,33.322],[-87.275,33.316],[-87.225,33.309],[-87.175,33.302],[-87.125,33.293],[-87.075,33.284],[-87.026,33.275],[-87.025,33.275],[-86.975,33.265],[-86.925,33.254],[-86.875,33.242],[-86.825,33.231],[-86.801,33.225],[-86.775,33.219],[-86.725,33.207],[-86.675,33.196],[-86.625,33.184],[-86.589,33.175],[-86.575,33.172],[-86.525,33.159],[-86.475,33.146],[-86.425,33.133],[-86.396,33.125],[-86.375,33.119],[-86.325,33.105],[-86.275,33.091],[-86.225,33.076],[-86.221,33.075],[-86.175,33.061],[-86.125,33.046],[-86.075,33.031],[-86.056,33.025],[-86.025,33.016],[-85.975,33.0],[-85.925,32.985],[-85.892,32.975],[-85.875,32.97],[-85.825,32.955],[-85.775,32.941],[-85.725,32.927],[-85.718,32.925],[-85.675,32.914],[-85.625,32.901],[-85.575,32.89],[-85.525,32.88],[-85.501,32.875],[-85.475,32.87],[-85.425,32.862],[-85.375,32.855],[-85.325,32.849],[-85.275,32.845],[-85.225,32.841],[-85.175,32.839],[-85.125,32.837],[-85.075,32.835],[-85.025,32.835],[-84.975,32.835],[-84.925,32.835],[-84.875,32.836],[-84.825,32.838],[-84.775,32.84],[-84.725,32.843],[-84.675,32.846],[-84.625,32.85],[-84.575,32.855],[-84.525,32.861],[-84.475,32.867],[-84.425,32.875],[-84.422,32.875],[-84.375,32.883],[-84.325,32.891],[-84.275,32.901],[-84.225,32.911],[-84.175,32.922],[-84.16,32.925]]]}},{"type":"Feature","properties":{"date":"2005-04-01","label":"1 Apr","yday":91,"tier":"day","major":false},"geometry":{"type":"MultiLineString","coordinates":[[[-83.425,33.191],[-83.375,33.202],[-83.325,33.214],[-83.279,33.225],[-83.275,33.226],[-83.225,33.238],[-83.175,33.249],[-83.125,33.261],[-83.075,33.273],[-83.065,33.275],[-83.025,33.284],[-82.975,33.296],[-82.925,33.307],[-82.875,33.319],[-82.848,33.325],[-82.825,33.33],[-82.775,33.342],[-82.725,33.353],[-82.675,33.364],[-82.628,33.375]],[[-82.559,33.391],[-82.525,33.398],[-82.475,33.41],[-82.425,33.421],[-82.406,33.425],[-82.375,33.432],[-82.325,33.444],[-82.275,33.455],[-82.225,33.467],[-82.191,33.475],[-82.175,33.479],[-82.125,33.492],[-82.075,33.505],[-82.025,33.519],[-82.003,33.525],[-81.975,33.533],[-81.925,33.549],[-81.875,33.565],[-81.846,33.575],[-81.825,33.582],[-81.775,33.6],[-81.725,33.618],[-81.707,33.625],[-81.675,33.637],[-81.625,33.657],[-81.581,33.675],[-81.575,33.677],[-81.525,33.698],[-81.475,33.719],[-81.462,33.725],[-81.425,33.741],[-81.375,33.763],[-81.346,33.775],[-81.325,33.784],[-81.275,33.806],[-81.229,33.825],[-81.225,33.827],[-81.175,33.847],[-81.125,33.866],[-81.097,33.875],[-81.075,33.882],[-81.025,33.897],[-80.975,33.909],[-80.925,33.918],[-80.876,33.925],[-80.875,33.925],[-80.825,33.93],[-80.775,33.931],[-80.725,33.93],[-80.675,33.927],[-80.648,33.925],[-80.625,33.923],[-80.575,33.917],[-80.525,33.91],[-80.475,33.903],[-80.425,33.895],[-80.375,33.886],[-80.325,33.876],[-80.318,33.875],[-80.275,33.866],[-80.225,33.854],[-80.175,33.842],[-80.125,33.828],[-80.116,33.825],[-80.075,33.812],[-80.025,33.796],[-79.975,33.777],[-79.97,33.775],[-79.925,33.757],[-79.875,33.734],[-79.857,33.725],[-79.825,33.709],[-79.775,33.682],[-79.763,33.675],[-79.725,33.652],[-79.683,33.625],[-79.675,33.62],[-79.625,33.586],[-79.61,33.575],[-79.575,33.549],[-79.543,33.525],[-79.525,33.512],[-79.478,33.475],[-79.475,33.473],[-79.425,33.434],[-79.414,33.425],[-79.375,33.395],[-79.35,33.375],[-79.325,33.356],[-79.307,33.343]],[[-87.175,33.459],[-87.125,33.451],[-87.075,33.443],[-87.025,33.435],[-86.975,33.425],[-86.973,33.425],[-86.925,33.416],[-86.875,33.405],[-86.825,33.394],[-86.775,33.382],[-86.747,33.375],[-86.725,33.37],[-86.675,33.357],[-86.625,33.344],[-86.575,33.33],[-86.556,33.325],[-86.525,33.316],[-86.475,33.302],[-86.425,33.288],[-86.382,33.275],[-86.375,33.273],[-86.325,33.258],[-86.275,33.243],[-86.225,33.227],[-86.219,33.225],[-86.175,33.211],[-86.125,33.195],[-86.075,33.178],[-86.065,33.175],[-86.025,33.162],[-85.975,33.146],[-85.925,33.129],[-85.912,33.125],[-85.875,33.113],[-85.825,33.097],[-85.775,33.081],[-85.755,33.075],[-85.725,33.066],[-85.675,33.051],[-85.625,33.037],[-85.58,33.025],[-85.575,33.024],[-85.525,33.011],[-85.475,33.0],[-85.425,32.989],[-85.375,32.98],[-85.346,32.975],[-85.325,32.971],[-85.275,32.964],[-85.225,32.958],[-85.175,32.952],[-85.125,32.948],[-85.075,32.944],[-85.025,32.941],[-84.975,32.939],[-84.925,32.937],[-84.875,32.937],[-84.825,32.937],[-84.775,32.937],[-84.725,32.939],[-84.675,32.941],[-84.625,32.944],[-84.575,32.948],[-84.525,32.953],[-84.475,32.959],[-84.425,32.965],[-84.375,32.973],[-84.362,32.975],[-84.325,32.981],[-84.275,32.99],[-84.246,32.996]],[[-87.685,33.485],[-87.675,33.486],[-87.625,33.487],[-87.575,33.488],[-87.525,33.487],[-87.486,33.486]]]}},{"type":"Feature","properties":{"date":"2005-04-02","label":"2 Apr","yday":92,"tier":"day","major":false},"geometry":{"type":"MultiLineString","coordinates":[[[-83.351,33.299],[-83.325,33.305],[-83.275,33.317],[-83.242,33.325]],[[-83.153,33.347],[-83.125,33.354],[-83.075,33.366],[-83.037,33.375]],[[-82.423,33.527],[-82.375,33.54],[-82.325,33.553],[-82.275,33.566],[-82.244,33.575],[-82.225,33.58],[-82.175,33.595],[-82.125,33.61],[-82.077,33.625],[-82.075,33.626],[-82.025,33.643],[-81.975,33.66],[-81.934,33.675],[-81.925,33.679],[-81.875,33.698],[-81.825,33.718],[-81.808,33.725],[-81.775,33.739],[-81.725,33.761],[-81.694,33.775],[-81.675,33.784],[-81.625,33.807],[-81.588,33.825],[-81.575,33.832],[-81.525,33.856],[-81.487,33.875],[-81.475,33.881],[-81.425,33.906],[-81.386,33.925],[-81.375,33.931],[-81.325,33.955],[-81.282,33.975],[-81.275,33.978],[-81.225,34.0],[-81.175,34.021],[-81.164,34.025],[-81.125,34.039],[-81.075,34.055],[-81.025,34.069],[-80.997,34.075],[-80.975,34.08],[-80.925,34.089],[-80.875,34.096],[-80.825,34.101],[-80.775,34.104],[-80.725,34.105],[-80.675,34.105],[-80.625,34.104],[-80.575,34.101],[-80.525,34.098],[-80.475,34.094],[-80.425,34.089],[-80.375,34.084],[-80.325,34.078],[-80.302,34.075],[-80.275,34.072],[-80.225,34.065],[-80.175,34.057],[-80.125,34.049],[-80.075,34.041],[-80.025,34.031],[-79.995,34.025],[-79.975,34.021],[-79.925,34.009],[-79.875,33.996],[-79.825,33.981],[-79.806,33.975],[-79.775,33.964],[-79.725,33.945],[-79.68,33.925],[-79.675,33.923],[-79.625,33.897],[-79.587,33.875],[-79.575,33.868],[-79.525,33.833],[-79.514,33.825],[-79.475,33.794],[-79.453,33.775],[-79.425,33.75],[-79.399,33.725],[-79.375,33.702],[-79.348,33.675],[-79.325,33.652],[-79.299,33.625],[-79.275,33.602],[-79.249,33.575],[-79.225,33.553],[-79.196,33.525],[-79.175,33.506],[-79.14,33.475],[-79.132,33.468]],[[-87.125,33.606],[-87.075,33.6],[-87.025,33.592],[-86.975,33.584],[-86.925,33.576],[-86.922,33.575],[-86.875,33.566],[-86.825,33.556],[-86.775,33.546],[-86.725,33.534],[-86.689,33.525],[-86.675,33.521],[-86.625,33.508],[-86.575,33.494],[-86.525,33.479],[-86.51,33.475],[-86.475,33.464],[-86.425,33.449],[-86.375,33.434],[-86.348,33.425],[-86.325,33.418],[-86.275,33.402],[-86.225,33.385],[-86.195,33.375],[-86.175,33.368],[-86.125,33.351],[-86.075,33.334],[-86.049,33.325],[-86.025,33.317],[-85.975,33.299],[-85.925,33.281],[-85.907,33.275],[-85.875,33.264],[-85.825,33.246],[-85.775,33.229],[-85.763,33.225],[-85.725,33.212],[-85.675,33.196],[-85.625,33.179],[-85.611,33.175],[-85.575,33.164],[-85.525,33.149],[-85.475,33.135],[-85.437,33.125],[-85.425,33.122],[-85.375,33.11],[-85.325,33.099],[-85.275,33.088],[-85.225,33.079],[-85.202,33.075],[-85.175,33.071],[-85.125,33.063],[-85.075,33.057],[-85.025,33.051],[-84.975,33.046],[-84.925,33.043],[-84.875,33.04],[-84.825,33.038],[-84.775,33.036],[-84.725,33.036],[-84.675,33.037],[-84.625,33.039],[-84.575,33.042],[-84.525,33.046],[-84.475,33.051],[-84.425,33.057],[-84.375,33.064],[-84.366,33.066]],[[-87.769,33.631],[-87.725,33.633],[-87.675,33.635],[-87.625,33.637],[-87.587,33.637]]]}},{"type":"Feature","properties":{"date":"2005-04-03","label":"3 Apr","yday":93,"tier":"day","major":false},"geometry":{"type":"MultiLineString","coordinates":[[[-82.396,33.646],[-82.375,33.652],[-82.325,33.667],[-82.298,33.675],[-82.275,33.682],[-82.225,33.699],[-82.175,33.715],[-82.147,33.725],[-82.125,33.733],[-82.075,33.752],[-82.025,33.771],[-82.015,33.775],[-81.975,33.791],[-81.925,33.813],[-81.898,33.825],[-81.875,33.835],[-81.825,33.859],[-81.791,33.875],[-81.775,33.883],[-81.725,33.908],[-81.692,33.925],[-81.675,33.934],[-81.625,33.961],[-81.598,33.975],[-81.575,33.988],[-81.525,34.014],[-81.505,34.025],[-81.475,34.041],[-81.425,34.067],[-81.41,34.075],[-81.375,34.093],[-81.325,34.117],[-81.307,34.125],[-81.275,34.14],[-81.225,34.16],[-81.187,34.175]],[[-87.22,33.77],[-87.175,33.765],[-87.125,33.759],[-87.075,33.753],[-87.025,33.746],[-86.975,33.739],[-86.925,33.731],[-86.889,33.725],[-86.875,33.723],[-86.825,33.713],[-86.775,33.704],[-86.725,33.693],[-86.675,33.682],[-86.648,33.675],[-86.625,33.669],[-86.575,33.656],[-86.525,33.643],[-86.475,33.629],[-86.463,33.625],[-86.425,33.614],[-86.375,33.599],[-86.325,33.583],[-86.301,33.575],[-86.275,33.567],[-86.225,33.55],[-86.175,33.533],[-86.152,33.525],[-86.125,33.516],[-86.075,33.498],[-86.025,33.48],[-86.011,33.475],[-85.975,33.462],[-85.925,33.443],[-85.877,33.425],[-85.875,33.424],[-85.825,33.406],[-85.775,33.387],[-85.744,33.375],[-85.725,33.368],[-85.675,33.35],[-85.625,33.331],[-85.608,33.325],[-85.575,33.313],[-85.525,33.296],[-85.475,33.279],[-85.462,33.275],[-85.425,33.263],[-85.375,33.248],[-85.325,33.234],[-85.293,33.225],[-85.275,33.22],[-85.225,33.208],[-85.175,33.196],[-85.125,33.185],[-85.075,33.176],[-85.071,33.175],[-85.025,33.167],[-84.975,33.16],[-84.925,33.153],[-84.875,33.147],[-84.825,33.143],[-84.791,33.141]],[[-78.975,34.174],[-78.977,34.175],[-78.984,34.225],[-78.975,34.241],[-78.963,34.275],[-78.934,34.325],[-78.925,34.336],[-78.897,34.375],[-78.875,34.399],[-78.853,34.425],[-78.825,34.451],[-78.801,34.475],[-78.775,34.496],[-78.739,34.525],[-78.725,34.535],[-78.675,34.565],[-78.656,34.575],[-78.625,34.588],[-78.575,34.599],[-78.525,34.596],[-78.475,34.581],[-78.463,34.575],[-78.425,34.54],[-78.413,34.525],[-78.395,34.475],[-78.396,34.425],[-78.412,34.375],[-78.425,34.352],[-78.442,34.325],[-78.475,34.289],[-78.489,34.275],[-78.525,34.247],[-78.557,34.225],[-78.575,34.215],[-78.625,34.192],[-78.673,34.175],[-78.675,34.174],[-78.725,34.164],[-78.775,34.157],[-78.825,34.155],[-78.875,34.155],[-78.925,34.16],[-78.975,34.174]],[[-80.962,34.238],[-80.925,34.245],[-80.875,34.253],[-80.825,34.259],[-80.775,34.263],[-80.725,34.266],[-80.675,34.268],[-80.625,34.269],[-80.575,34.269],[-80.525,34.269],[-80.475,34.268],[-80.425,34.266],[-80.375,34.264],[-80.325,34.261],[-80.275,34.259],[-80.225,34.256],[-80.175,34.253],[-80.125,34.25],[-80.075,34.247],[-80.025,34.244],[-79.975,34.24],[-79.925,34.237],[-79.875,34.234],[-79.825,34.23],[-79.775,34.227],[-79.755,34.225],[-79.725,34.222],[-79.675,34.217],[-79.625,34.212],[-79.575,34.206],[-79.525,34.2],[-79.475,34.193],[-79.425,34.187],[-79.375,34.181],[-79.327,34.175],[-79.325,34.175],[-79.275,34.168],[-79.225,34.161],[-79.175,34.153],[-79.125,34.143],[-79.078,34.125],[-79.075,34.119],[-79.064,34.075],[-79.066,34.025],[-79.067,33.975],[-79.065,33.925],[-79.058,33.875],[-79.047,33.825],[-79.03,33.775],[-79.025,33.764],[-79.007,33.725],[-78.977,33.675],[-78.975,33.673],[-78.953,33.647]]]}},{"type":"Feature","properties":{"date":"2005-04-04","label":"4 Apr","yday":94,"tier":"day","major":false},"geometry":{"type":"MultiLineString","coordinates":[[[-82.383,33.767],[-82.375,33.769],[-82.358,33.775],[-82.325,33.786],[-82.275,33.804],[-82.225,33.822],[-82.218,33.825],[-82.175,33.841],[-82.125,33.862],[-82.093,33.875],[-82.075,33.883],[-82.025,33.905],[-81.981,33.925],[-81.975,33.928],[-81.925,33.953],[-81.881,33.975],[-81.875,33.978],[-81.825,34.005],[-81.787,34.025],[-81.775,34.032],[-81.725,34.06],[-81.698,34.075]],[[-86.705,33.845],[-86.675,33.839],[-86.625,33.828],[-86.611,33.825],[-86.575,33.817],[-86.525,33.805],[-86.475,33.792],[-86.425,33.779],[-86.412,33.775],[-86.375,33.765],[-86.325,33.751],[-86.275,33.736],[-86.241,33.725],[-86.225,33.72],[-86.175,33.704],[-86.125,33.687],[-86.089,33.675],[-86.075,33.67],[-86.025,33.653],[-85.975,33.634],[-85.95,33.625],[-85.925,33.616],[-85.875,33.597],[-85.825,33.577],[-85.82,33.575],[-85.775,33.557],[-85.725,33.537],[-85.695,33.525],[-85.675,33.517],[-85.625,33.497],[-85.575,33.476],[-85.572,33.475],[-85.525,33.457],[-85.475,33.437],[-85.445,33.425],[-85.425,33.418],[-85.375,33.399],[-85.325,33.381],[-85.307,33.375],[-85.275,33.364],[-85.225,33.348],[-85.175,33.333],[-85.149,33.325],[-85.125,33.318],[-85.075,33.305],[-85.049,33.299]],[[-87.385,33.935],[-87.375,33.934],[-87.325,33.931],[-87.275,33.927],[-87.254,33.925],[-87.225,33.922],[-87.175,33.917],[-87.125,33.912],[-87.075,33.906],[-87.025,33.899],[-86.975,33.892],[-86.925,33.884],[-86.875,33.876],[-86.867,33.875],[-86.825,33.868],[-86.816,33.866]],[[-81.575,34.146],[-81.525,34.174],[-81.523,34.175]],[[-80.728,34.422],[-80.725,34.423],[-80.683,34.425],[-80.675,34.425],[-80.625,34.428],[-80.575,34.429],[-80.525,34.43],[-80.475,34.43],[-80.425,34.431],[-80.375,34.431],[-80.325,34.43],[-80.275,34.43],[-80.225,34.43],[-80.175,34.43],[-80.125,34.43],[-80.075,34.431],[-80.025,34.432],[-79.975,34.433],[-79.925,34.434],[-79.875,34.436],[-79.825,34.438],[-79.775,34.441],[-79.725,34.444],[-79.675,34.448],[-79.625,34.453],[-79.575,34.459],[-79.525,34.467],[-79.478,34.475],[-79.475,34.476],[-79.425,34.486],[-79.375,34.499],[-79.325,34.514],[-79.293,34.525],[-79.275,34.531],[-79.225,34.551],[-79.175,34.573],[-79.171,34.575],[-79.125,34.597],[-79.075,34.625],[-79.075,34.625],[-79.025,34.655],[-78.994,34.675],[-78.975,34.686],[-78.925,34.717],[-78.913,34.725],[-78.875,34.747],[-78.825,34.774],[-78.824,34.775],[-78.775,34.798],[-78.725,34.82],[-78.712,34.825],[-78.675,34.838],[-78.625,34.853],[-78.575,34.865],[-78.525,34.874],[-78.51,34.875],[-78.475,34.878],[-78.425,34.879],[-78.375,34.877],[-78.361,34.875],[-78.325,34.87],[-78.275,34.859],[-78.225,34.842],[-78.185,34.825],[-78.175,34.82],[-78.125,34.788],[-78.109,34.775],[-78.075,34.743],[-78.059,34.725],[-78.025,34.677],[-78.024,34.675],[-78.0,34.625],[-77.984,34.575],[-77.975,34.529],[-77.974,34.525],[-77.971,34.475],[-77.973,34.425],[-77.975,34.414],[-77.981,34.375],[-77.994,34.325],[-78.012,34.275],[-78.025,34.248],[-78.036,34.225],[-78.065,34.175],[-78.075,34.16],[-78.1,34.125],[-78.125,34.092],[-78.139,34.075],[-78.175,34.032],[-78.181,34.025],[-78.225,33.975],[-78.225,33.974],[-78.267,33.925]]]}},{"type":"Feature","properties":{"date":"2005-04-05","label":"5 Apr","yday":95,"tier":"five","major":false},"geometry":{"type":"MultiLineString","coordinates":[[[-82.262,33.938],[-82.225,33.953],[-82.175,33.974],[-82.173,33.975],[-82.125,33.997],[-82.075,34.021],[-82.066,34.025],[-82.025,34.046],[-81.975,34.072],[-81.969,34.075],[-81.925,34.1],[-81.881,34.125]],[[-86.639,33.989],[-86.625,33.987],[-86.575,33.977],[-86.567,33.975],[-86.525,33.966],[-86.475,33.955],[-86.425,33.944],[-86.375,33.932],[-86.346,33.925],[-86.325,33.92],[-86.275,33.907],[-86.225,33.894],[-86.175,33.88],[-86.159,33.875],[-86.125,33.865],[-86.075,33.85],[-86.025,33.834],[-85.999,33.825],[-85.975,33.817],[-85.925,33.8],[-85.875,33.782],[-85.858,33.775],[-85.825,33.763],[-85.775,33.743],[-85.731,33.725],[-85.725,33.723],[-85.675,33.702],[-85.625,33.68],[-85.613,33.675],[-85.575,33.658],[-85.525,33.636],[-85.501,33.625],[-85.475,33.614],[-85.425,33.592],[-85.388,33.575],[-85.375,33.569],[-85.325,33.548],[-85.275,33.527],[-85.271,33.525],[-85.225,33.507],[-85.175,33.487],[-85.143,33.475],[-85.125,33.469],[-85.075,33.451]],[[-87.408,34.092],[-87.375,34.09],[-87.325,34.086],[-87.275,34.081],[-87.225,34.076],[-87.214,34.075],[-87.175,34.071],[-87.125,34.065],[-87.075,34.059],[-87.056,34.056]],[[-80.669,34.581],[-80.625,34.583],[-80.575,34.584],[-80.525,34.586],[-80.475,34.587],[-80.425,34.588],[-80.375,34.589],[-80.325,34.59],[-80.275,34.592],[-80.225,34.593],[-80.175,34.595],[-80.125,34.597],[-80.075,34.6],[-80.025,34.603],[-79.975,34.606],[-79.925,34.611],[-79.875,34.615],[-79.825,34.621],[-79.79,34.625],[-79.775,34.627],[-79.725,34.634],[-79.675,34.642],[-79.625,34.651],[-79.575,34.661],[-79.525,34.673],[-79.518,34.675],[-79.475,34.686],[-79.425,34.701],[-79.375,34.717],[-79.352,34.725],[-79.325,34.735],[-79.275,34.754],[-79.228,34.775],[-79.225,34.776],[-79.175,34.799],[-79.125,34.823],[-79.121,34.825],[-79.075,34.848],[-79.025,34.873],[-79.022,34.875],[-78.975,34.898],[-78.925,34.923],[-78.92,34.925],[-78.875,34.946],[-78.825,34.969],[-78.81,34.975],[-78.775,34.99],[-78.725,35.009],[-78.679,35.025],[-78.675,35.026],[-78.625,35.041],[-78.575,35.054],[-78.525,35.064],[-78.475,35.071],[-78.438,35.075],[-78.425,35.076],[-78.375,35.078],[-78.325,35.078],[-78.275,35.075],[-78.273,35.075],[-78.225,35.069],[-78.175,35.061],[-78.125,35.05],[-78.075,35.035],[-78.045,35.025],[-78.025,35.017],[-77.975,34.993],[-77.943,34.975],[-77.925,34.963],[-77.876,34.925],[-77.875,34.924],[-77.827,34.875],[-77.825,34.873],[-77.789,34.825],[-77.775,34.803],[-77.758,34.775],[-77.733,34.725],[-77.725,34.705],[-77.713,34.675],[-77.698,34.625],[-77.687,34.575],[-77.68,34.525],[-77.677,34.475],[-77.677,34.425],[-77.68,34.375],[-77.68,34.37]]]}},{"type":"Feature","properties":{"date":"2005-04-06","label":"6 Apr","yday":96,"tier":"day","major":false},"geometry":{"type":"MultiLineString","coordinates":[[[-86.25,34.075],[-86.225,34.07],[-86.175,34.058],[-86.125,34.047],[-86.075,34.035],[-86.038,34.025],[-86.025,34.022],[-85.975,34.008],[-85.925,33.994],[-85.875,33.979],[-85.864,33.975],[-85.825,33.962],[-85.775,33.945],[-85.725,33.927],[-85.72,33.925],[-85.675,33.908],[-85.625,33.887],[-85.598,33.875],[-85.575,33.865],[-85.525,33.842],[-85.489,33.825],[-85.475,33.818],[-85.425,33.794],[-85.388,33.775],[-85.375,33.768],[-85.325,33.743],[-85.29,33.725],[-85.275,33.718],[-85.225,33.693],[-85.189,33.675],[-85.175,33.669],[-85.125,33.645],[-85.08,33.625],[-85.075,33.623],[-85.025,33.602],[-85.006,33.594]],[[-86.505,34.125],[-86.475,34.12],[-86.425,34.11],[-86.407,34.107]],[[-86.736,34.164],[-86.725,34.163],[-86.675,34.154],[-86.625,34.146],[-86.59,34.14]],[[-77.473,34.723],[-77.46,34.675],[-77.451,34.625],[-77.444,34.575],[-77.439,34.525],[-77.439,34.511]],[[-80.356,34.744],[-80.325,34.746],[-80.275,34.748],[-80.225,34.75],[-80.175,34.753],[-80.125,34.756],[-80.075,34.76],[-80.025,34.764],[-79.975,34.769],[-79.925,34.775],[-79.922,34.775],[-79.875,34.781],[-79.825,34.788],[-79.775,34.796],[-79.725,34.805],[-79.675,34.815],[-79.631,34.825],[-79.625,34.826],[-79.575,34.839],[-79.525,34.852],[-79.475,34.867],[-79.45,34.875],[-79.425,34.883],[-79.375,34.9],[-79.325,34.918],[-79.308,34.925],[-79.275,34.938],[-79.225,34.958],[-79.184,34.975],[-79.175,34.979],[-79.125,35.0],[-79.075,35.022],[-79.069,35.025],[-79.025,35.044],[-78.975,35.066],[-78.956,35.075],[-78.925,35.089],[-78.875,35.111],[-78.842,35.125],[-78.825,35.132],[-78.775,35.153],[-78.725,35.172],[-78.715,35.175],[-78.675,35.188],[-78.625,35.203],[-78.575,35.215],[-78.525,35.225],[-78.525,35.225],[-78.475,35.232],[-78.425,35.237],[-78.375,35.24],[-78.325,35.241],[-78.275,35.239],[-78.225,35.236],[-78.175,35.231],[-78.128,35.225],[-78.125,35.225],[-78.075,35.216],[-78.025,35.205],[-77.975,35.193],[-77.925,35.179],[-77.914,35.175],[-77.875,35.161],[-77.825,35.14],[-77.794,35.125],[-77.775,35.115],[-77.725,35.084],[-77.713,35.075],[-77.675,35.045],[-77.653,35.025],[-77.625,34.996],[-77.607,34.975],[-77.575,34.932],[-77.57,34.925],[-77.54,34.875],[-77.525,34.847],[-77.514,34.825],[-77.492,34.775],[-77.475,34.729],[-77.474,34.726]]]}},{"type":"Feature","properties":{"date":"2005-04-07","label":"7 Apr","yday":97,"tier":"day","major":false},"geometry":{"type":"MultiLineString","coordinates":[[[-85.787,34.163],[-85.775,34.16],[-85.725,34.147],[-85.675,34.132],[-85.652,34.125],[-85.625,34.116],[-85.575,34.099],[-85.525,34.079],[-85.514,34.075],[-85.475,34.058],[-85.425,34.035],[-85.406,34.025],[-85.375,34.009],[-85.325,33.981],[-85.314,33.975],[-85.275,33.952],[-85.23,33.925],[-85.225,33.922],[-85.175,33.892],[-85.148,33.875],[-85.125,33.861],[-85.075,33.832],[-85.062,33.825],[-85.025,33.805],[-84.975,33.779],[-84.967,33.775],[-84.925,33.755],[-84.875,33.733],[-84.869,33.731]],[[-80.139,34.911],[-80.125,34.912],[-80.075,34.916],[-80.025,34.92],[-79.982,34.925],[-79.975,34.926],[-79.925,34.932],[-79.875,34.938],[-79.825,34.946],[-79.775,34.954],[-79.725,34.964],[-79.676,34.975],[-79.675,34.975],[-79.625,34.987],[-79.575,35.0],[-79.525,35.014],[-79.488,35.025],[-79.475,35.029],[-79.425,35.044],[-79.375,35.06],[-79.332,35.075],[-79.325,35.077],[-79.275,35.095],[-79.225,35.114],[-79.198,35.125],[-79.175,35.134],[-79.125,35.154],[-79.075,35.175],[-79.075,35.175],[-79.025,35.196],[-78.975,35.217],[-78.958,35.225],[-78.925,35.239],[-78.875,35.26],[-78.839,35.275],[-78.825,35.28],[-78.775,35.299],[-78.725,35.316],[-78.697,35.325],[-78.675,35.331],[-78.625,35.343],[-78.575,35.354],[-78.525,35.362],[-78.475,35.369],[-78.425,35.374],[-78.398,35.375],[-78.375,35.376],[-78.325,35.376],[-78.275,35.375],[-78.274,35.375],[-78.225,35.372],[-78.175,35.368],[-78.125,35.362],[-78.075,35.356],[-78.025,35.349],[-77.975,35.341],[-77.925,35.332],[-77.887,35.325],[-77.875,35.323],[-77.825,35.311],[-77.775,35.298],[-77.725,35.282],[-77.703,35.275],[-77.675,35.264],[-77.625,35.241],[-77.593,35.225],[-77.575,35.214],[-77.525,35.18],[-77.518,35.175],[-77.475,35.137],[-77.462,35.125],[-77.425,35.084],[-77.418,35.075],[-77.382,35.025],[-77.375,35.015],[-77.352,34.975],[-77.326,34.925],[-77.325,34.922],[-77.306,34.875],[-77.288,34.825],[-77.275,34.778],[-77.274,34.775],[-77.263,34.725],[-77.255,34.675],[-77.252,34.648]]]}},{"type":"Feature","properties":{"date":"2005-04-08","label":"8 Apr","yday":98,"tier":"day","major":false},"geometry":{"type":"MultiLineString","coordinates":[[[-85.402,34.298],[-85.375,34.289],[-85.338,34.275],[-85.325,34.27],[-85.275,34.246],[-85.237,34.225],[-85.225,34.218],[-85.175,34.184],[-85.163,34.175],[-85.125,34.146],[-85.099,34.125],[-85.075,34.106],[-85.037,34.075],[-85.025,34.066],[-84.975,34.027],[-84.972,34.025],[-84.925,33.992],[-84.9,33.975],[-84.875,33.96],[-84.825,33.931],[-84.814,33.925],[-84.775,33.905],[-84.725,33.883],[-84.705,33.875],[-84.675,33.864],[-84.646,33.854]],[[-80.079,35.071],[-80.075,35.071],[-80.025,35.075],[-80.023,35.075],[-79.975,35.079],[-79.925,35.084],[-79.875,35.09],[-79.825,35.097],[-79.775,35.105],[-79.725,35.114],[-79.675,35.124],[-79.669,35.125],[-79.625,35.135],[-79.575,35.146],[-79.525,35.159],[-79.475,35.173],[-79.468,35.175],[-79.425,35.187],[-79.375,35.203],[-79.325,35.22],[-79.311,35.225],[-79.275,35.237],[-79.225,35.256],[-79.176,35.275],[-79.175,35.275],[-79.125,35.295],[-79.075,35.315],[-79.05,35.325],[-79.025,35.335],[-78.975,35.355],[-78.925,35.374],[-78.924,35.375],[-78.875,35.393],[-78.825,35.41],[-78.78,35.425],[-78.775,35.427],[-78.725,35.44],[-78.675,35.453],[-78.625,35.463],[-78.575,35.472],[-78.559,35.475],[-78.525,35.48],[-78.475,35.486],[-78.425,35.49],[-78.375,35.492],[-78.325,35.492],[-78.275,35.49],[-78.225,35.487],[-78.175,35.483],[-78.125,35.478],[-78.089,35.475],[-78.075,35.474],[-78.025,35.468],[-77.975,35.463],[-77.925,35.457],[-77.875,35.451],[-77.825,35.445],[-77.775,35.438],[-77.725,35.43],[-77.7,35.425],[-77.675,35.42],[-77.625,35.408],[-77.575,35.394],[-77.525,35.376],[-77.523,35.375],[-77.475,35.353],[-77.426,35.325],[-77.425,35.324],[-77.375,35.288],[-77.36,35.275],[-77.325,35.242],[-77.309,35.225],[-77.275,35.185],[-77.267,35.175],[-77.232,35.125],[-77.225,35.114],[-77.203,35.075],[-77.176,35.025],[-77.175,35.022],[-77.155,34.975],[-77.136,34.925],[-77.125,34.891],[-77.12,34.875],[-77.108,34.825],[-77.099,34.775],[-77.094,34.744]]]}},{"type":"Feature","properties":{"date":"2005-04-09","label":"9 Apr","yday":99,"tier":"day","major":false},"geometry":{"type":"MultiLineString","coordinates":[[[-84.93,34.325],[-84.925,34.32],[-84.878,34.275],[-84.875,34.273],[-84.825,34.225],[-84.825,34.225],[-84.775,34.181],[-84.768,34.175],[-84.725,34.142],[-84.701,34.125],[-84.675,34.108],[-84.625,34.078],[-84.619,34.075],[-84.575,34.053],[-84.525,34.032]],[[-77.007,35.007],[-76.995,34.975],[-76.979,34.925],[-76.975,34.91],[-76.967,34.875],[-76.957,34.825],[-76.95,34.775],[-76.944,34.725],[-76.943,34.707]],[[-80.125,35.229],[-80.075,35.228],[-80.025,35.229],[-79.975,35.23],[-79.925,35.233],[-79.875,35.236],[-79.825,35.241],[-79.775,35.247],[-79.725,35.254],[-79.675,35.263],[-79.625,35.273],[-79.614,35.275],[-79.575,35.283],[-79.525,35.295],[-79.475,35.308],[-79.425,35.322],[-79.417,35.325],[-79.375,35.338],[-79.325,35.354],[-79.275,35.371],[-79.263,35.375],[-79.225,35.388],[-79.175,35.406],[-79.125,35.425],[-79.124,35.425],[-79.075,35.443],[-79.025,35.461],[-78.985,35.475]],[[-78.97,35.48],[-78.925,35.495],[-78.875,35.51],[-78.825,35.525],[-78.825,35.525],[-78.775,35.538],[-78.725,35.549],[-78.675,35.56],[-78.625,35.568],[-78.582,35.575],[-78.575,35.576],[-78.525,35.582],[-78.475,35.587],[-78.425,35.59],[-78.375,35.591],[-78.325,35.591],[-78.275,35.589],[-78.225,35.586],[-78.175,35.583],[-78.125,35.58],[-78.075,35.576],[-78.056,35.575],[-78.025,35.573],[-77.975,35.569],[-77.925,35.566],[-77.875,35.562],[-77.825,35.559],[-77.775,35.555],[-77.725,35.552],[-77.675,35.547],[-77.625,35.542],[-77.575,35.535],[-77.525,35.526],[-77.521,35.525],[-77.475,35.513],[-77.425,35.497],[-77.375,35.476],[-77.374,35.475],[-77.325,35.447],[-77.292,35.425],[-77.275,35.412],[-77.232,35.375],[-77.225,35.368],[-77.186,35.325],[-77.175,35.312],[-77.147,35.275],[-77.125,35.244],[-77.113,35.225],[-77.084,35.175],[-77.075,35.159],[-77.058,35.125],[-77.034,35.075],[-77.025,35.053],[-77.017,35.033]]]}},{"type":"Feature","properties":{"date":"2005-04-10","label":"10 Apr","yday":100,"tier":"five","major":false},"geometry":{"type":"MultiLineString","coordinates":[[[-76.848,34.925],[-76.837,34.875],[-76.829,34.825],[-76.825,34.792],[-76.823,34.775],[-76.822,34.772]],[[-79.765,35.385],[-79.725,35.389],[-79.675,35.396],[-79.625,35.405],[-79.575,35.415],[-79.53,35.425]],[[-79.316,35.484],[-79.275,35.497],[-79.225,35.513],[-79.19,35.525]],[[-78.883,35.617],[-78.875,35.619],[-78.85,35.625],[-78.825,35.631],[-78.775,35.641],[-78.725,35.65],[-78.675,35.658],[-78.625,35.665],[-78.575,35.671],[-78.525,35.675],[-78.525,35.675]],[[-78.271,35.679],[-78.225,35.678],[-78.175,35.675],[-78.165,35.675],[-78.125,35.673],[-78.075,35.67],[-78.025,35.668],[-77.975,35.666],[-77.925,35.664],[-77.875,35.663],[-77.825,35.662],[-77.775,35.661],[-77.725,35.661],[-77.675,35.66],[-77.625,35.658],[-77.575,35.656],[-77.525,35.652],[-77.475,35.646],[-77.425,35.638],[-77.375,35.626],[-77.373,35.625],[-77.325,35.607],[-77.275,35.584],[-77.259,35.575],[-77.225,35.554],[-77.184,35.525],[-77.175,35.518],[-77.128,35.475],[-77.125,35.472],[-77.084,35.425],[-77.075,35.414],[-77.047,35.375],[-77.025,35.342],[-77.015,35.325],[-76.986,35.275],[-76.975,35.254],[-76.96,35.225],[-76.937,35.175],[-76.925,35.149],[-76.915,35.125],[-76.895,35.075],[-76.879,35.029]]]}},{"type":"Feature","properties":{"date":"2005-04-11","label":"11 Apr","yday":101,"tier":"day","major":false},"geometry":{"type":"MultiLineString","coordinates":[[[-76.724,34.876],[-76.724,34.875],[-76.716,34.825]],[[-76.775,35.075],[-76.775,35.075],[-76.775,35.075]],[[-76.901,35.375],[-76.876,35.325],[-76.875,35.324],[-76.852,35.275],[-76.831,35.225],[-76.825,35.211],[-76.811,35.175],[-76.801,35.149]],[[-78.137,35.763],[-78.125,35.763],[-78.075,35.761],[-78.025,35.76],[-77.975,35.759],[-77.925,35.758],[-77.875,35.759],[-77.825,35.76],[-77.775,35.762],[-77.725,35.763],[-77.675,35.765],[-77.625,35.766],[-77.575,35.766],[-77.525,35.765],[-77.475,35.762],[-77.425,35.757],[-77.375,35.749],[-77.325,35.738],[-77.283,35.725],[-77.275,35.722],[-77.225,35.702],[-77.175,35.677],[-77.171,35.675],[-77.125,35.645],[-77.098,35.625],[-77.075,35.606],[-77.042,35.575],[-77.025,35.557],[-76.998,35.525],[-76.988,35.512]]]}},{"type":"Feature","properties":{"date":"2005-04-12","label":"12 Apr","yday":102,"tier":"day","major":false},"geometry":{"type":"MultiLineString","coordinates":[[[-76.636,34.964],[-76.627,34.925],[-76.625,34.915],[-76.617,34.875],[-76.607,34.825],[-76.602,34.798]],[[-78.047,35.853],[-78.025,35.853],[-77.975,35.853],[-77.925,35.854],[-77.875,35.856],[-77.825,35.859],[-77.775,35.863],[-77.725,35.866],[-77.675,35.87],[-77.625,35.873],[-77.575,35.874],[-77.525,35.875],[-77.475,35.874],[-77.425,35.871],[-77.375,35.866],[-77.325,35.858],[-77.275,35.847],[-77.225,35.833],[-77.203,35.825],[-77.175,35.814],[-77.125,35.791],[-77.096,35.775],[-77.075,35.763],[-77.025,35.727],[-77.023,35.725],[-76.975,35.683],[-76.967,35.675],[-76.925,35.628],[-76.923,35.625],[-76.886,35.575],[-76.881,35.569]]]}},{"type":"Feature","properties":{"date":"2005-04-13","label":"13 Apr","yday":103,"tier":"day","major":false},"geometry":{"type":"MultiLineString","coordinates":[[[-76.534,34.966],[-76.525,34.931],[-76.523,34.925],[-76.512,34.875],[-76.5,34.825],[-76.496,34.804]],[[-77.943,35.957],[-77.925,35.958],[-77.875,35.961],[-77.825,35.966],[-77.775,35.97],[-77.726,35.975],[-77.725,35.975],[-77.675,35.979],[-77.625,35.983],[-77.575,35.986],[-77.525,35.987],[-77.475,35.987],[-77.425,35.986],[-77.375,35.983],[-77.325,35.978],[-77.308,35.975],[-77.275,35.97],[-77.225,35.96],[-77.175,35.946],[-77.125,35.929],[-77.115,35.925],[-77.075,35.907],[-77.025,35.88],[-77.016,35.875],[-76.975,35.847],[-76.948,35.825],[-76.925,35.805],[-76.894,35.775],[-76.875,35.754],[-76.851,35.725],[-76.825,35.691],[-76.814,35.675],[-76.782,35.625],[-76.78,35.62]]]}},{"type":"Feature","properties":{"date":"2005-04-14","label":"14 Apr","yday":104,"tier":"day","major":false},"geometry":{"type":"MultiLineString","coordinates":[[[-76.439,34.989],[-76.435,34.975],[-76.425,34.937],[-76.422,34.925],[-76.408,34.875]],[[-77.816,36.084],[-77.775,36.088],[-77.725,36.093],[-77.675,36.097],[-77.625,36.101],[-77.575,36.104],[-77.525,36.106],[-77.475,36.107],[-77.425,36.106],[-77.375,36.104],[-77.325,36.101],[-77.275,36.096],[-77.225,36.089],[-77.175,36.08],[-77.156,36.075],[-77.125,36.067],[-77.075,36.052],[-77.025,36.032],[-77.011,36.025],[-76.975,36.007],[-76.925,35.975],[-76.925,35.975],[-76.875,35.936],[-76.864,35.925],[-76.825,35.886],[-76.815,35.875],[-76.775,35.825],[-76.775,35.824],[-76.742,35.775],[-76.725,35.749],[-76.712,35.725],[-76.698,35.702]]]}},{"type":"Feature","properties":{"date":"2005-04-15","label":"15 Apr","yday":105,"tier":"index","major":true},"geometry":{"type":"MultiLineString","coordinates":[[[-77.725,36.221],[-77.675,36.225],[-77.675,36.225],[-77.625,36.228],[-77.575,36.231],[-77.525,36.233],[-77.475,36.234],[-77.425,36.234],[-77.375,36.233],[-77.325,36.232],[-77.275,36.229],[-77.231,36.225],[-77.225,36.225],[-77.175,36.219],[-77.125,36.211],[-77.075,36.201],[-77.025,36.188],[-76.986,36.175],[-76.975,36.171],[-76.925,36.148],[-76.885,36.125],[-76.875,36.119],[-76.825,36.081],[-76.818,36.075],[-76.775,36.033],[-76.768,36.025],[-76.727,35.975],[-76.725,35.972],[-76.693,35.925],[-76.675,35.896],[-76.663,35.875],[-76.637,35.825],[-76.625,35.802],[-76.616,35.784]]]}},{"type":"Feature","properties":{"date":"2005-04-16","label":"16 Apr","yday":106,"tier":"day","major":false},"geometry":{"type":"MultiLineString","coordinates":[[[-76.71,36.19],[-76.699,36.175],[-76.675,36.145],[-76.662,36.125],[-76.63,36.075]],[[-77.625,36.368],[-77.575,36.37],[-77.525,36.371],[-77.475,36.372],[-77.425,36.373],[-77.375,36.373],[-77.325,36.373],[-77.275,36.372],[-77.225,36.371],[-77.175,36.37],[-77.125,36.367],[-77.075,36.363],[-77.025,36.356],[-76.975,36.347],[-76.925,36.334],[-76.9,36.325],[-76.875,36.315],[-76.825,36.29],[-76.804,36.275],[-76.775,36.254],[-76.759,36.241]]]}},{"type":"Feature","properties":{"date":"2005-04-17","label":"17 Apr","yday":107,"tier":"day","major":false},"geometry":{"type":"MultiLineString","coordinates":[[[-77.78,36.53],[-77.775,36.529],[-77.725,36.528],[-77.675,36.526],[-77.632,36.525],[-77.625,36.525],[-77.575,36.524],[-77.525,36.523],[-77.475,36.523],[-77.425,36.524],[-77.389,36.525],[-77.375,36.525],[-77.325,36.528],[-77.275,36.53],[-77.225,36.532],[-77.175,36.534],[-77.125,36.536],[-77.075,36.537],[-77.025,36.536],[-76.975,36.535],[-76.925,36.531],[-76.881,36.525],[-76.875,36.524],[-76.825,36.514],[-76.775,36.498],[-76.728,36.475],[-76.725,36.473],[-76.675,36.435],[-76.665,36.425],[-76.625,36.375],[-76.625,36.375],[-76.596,36.325],[-76.575,36.285],[-76.571,36.275],[-76.55,36.225],[-76.542,36.208]]]}},{"type":"Feature","properties":{"date":"2005-04-18","label":"18 Apr","yday":108,"tier":"day","major":false},"geometry":{"type":"MultiLineString","coordinates":[[[-77.085,36.715],[-77.075,36.716],[-77.025,36.717],[-76.975,36.718],[-76.925,36.717],[-76.875,36.716],[-76.825,36.713],[-76.775,36.708],[-76.725,36.701],[-76.675,36.69],[-76.628,36.675],[-76.625,36.674],[-76.575,36.648],[-76.543,36.625],[-76.525,36.608],[-76.5,36.575],[-76.475,36.526],[-76.475,36.525],[-76.46,36.475],[-76.453,36.447]]]}},{"type":"Feature","properties":{"date":"2005-04-19","label":"19 Apr","yday":109,"tier":"day","major":false},"geometry":{"type":"MultiLineString","coordinates":[[[-76.353,36.675],[-76.329,36.625],[-76.325,36.611]]]}},{"type":"Feature","properties":{"date":"2005-04-22","label":"22 Apr","yday":112,"tier":"day","major":false},"geometry":{"type":"MultiLineString","coordinates":[[[-75.927,35.825],[-75.925,35.817],[-75.915,35.775],[-75.902,35.725],[-75.896,35.704]]]}},{"type":"Feature","properties":{"date":"2005-04-23","label":"23 Apr","yday":113,"tier":"day","major":false},"geometry":{"type":"MultiLineString","coordinates":[[[-75.83,35.825],[-75.825,35.805]]]}}]}