{"type":"FeatureCollection","features":[{"type":"Feature","properties":{"date":"2014-02-12","label":"12 Feb","yday":43,"tier":"day","major":false},"geometry":{"type":"MultiLineString","coordinates":[[[-81.527,26.827],[-81.525,26.828],[-81.475,26.847],[-81.438,26.862]]]}},{"type":"Feature","properties":{"date":"2014-02-13","label":"13 Feb","yday":44,"tier":"day","major":false},"geometry":{"type":"MultiLineString","coordinates":[[[-82.027,26.773],[-82.025,26.774],[-82.022,26.775],[-81.975,26.795],[-81.925,26.815],[-81.901,26.825],[-81.875,26.836],[-81.825,26.856],[-81.779,26.875],[-81.775,26.877],[-81.725,26.897],[-81.675,26.917],[-81.656,26.925],[-81.625,26.938],[-81.575,26.958],[-81.533,26.975],[-81.525,26.978],[-81.475,26.999],[-81.425,27.019],[-81.411,27.025],[-81.375,27.04],[-81.325,27.06]]]}},{"type":"Feature","properties":{"date":"2014-02-14","label":"14 Feb","yday":45,"tier":"index","major":true},"geometry":{"type":"MultiLineString","coordinates":[[[-82.231,26.831],[-82.225,26.833],[-82.175,26.855]],[[-82.025,26.919],[-82.011,26.925],[-81.975,26.94],[-81.925,26.961],[-81.892,26.975],[-81.875,26.982],[-81.825,27.003],[-81.775,27.024],[-81.773,27.025],[-81.725,27.045],[-81.675,27.066],[-81.654,27.075],[-81.625,27.087],[-81.575,27.109],[-81.537,27.125],[-81.525,27.13],[-81.475,27.151],[-81.425,27.173],[-81.421,27.175],[-81.375,27.195],[-81.325,27.217],[-81.307,27.225],[-81.275,27.239],[-81.225,27.262],[-81.196,27.275],[-81.175,27.284],[-81.157,27.293]],[[-80.985,27.375],[-80.975,27.38],[-80.964,27.386]],[[-80.889,27.425],[-80.875,27.433],[-80.825,27.46],[-80.798,27.475],[-80.775,27.487]]]}},{"type":"Feature","properties":{"date":"2014-02-15","label":"15 Feb","yday":46,"tier":"day","major":false},"geometry":{"type":"MultiLineString","coordinates":[[[-82.33,26.93],[-82.325,26.932],[-82.275,26.954],[-82.226,26.975],[-82.225,26.976],[-82.175,26.997],[-82.125,27.019],[-82.112,27.025],[-82.075,27.041],[-82.025,27.063],[-81.997,27.075],[-81.975,27.084],[-81.925,27.106],[-81.882,27.125],[-81.875,27.128],[-81.825,27.15],[-81.775,27.172],[-81.767,27.175],[-81.725,27.194],[-81.675,27.216],[-81.654,27.225],[-81.625,27.238],[-81.575,27.261],[-81.544,27.275],[-81.525,27.284],[-81.475,27.307],[-81.436,27.325],[-81.425,27.33],[-81.375,27.354],[-81.331,27.375],[-81.325,27.378],[-81.275,27.402],[-81.229,27.425],[-81.225,27.427],[-81.175,27.453],[-81.131,27.475],[-81.125,27.478],[-81.075,27.505],[-81.037,27.525],[-81.025,27.531],[-80.975,27.559],[-80.945,27.575],[-80.925,27.586],[-80.875,27.613],[-80.854,27.625],[-80.825,27.641],[-80.775,27.667]]]}},{"type":"Feature","properties":{"date":"2014-02-16","label":"16 Feb","yday":47,"tier":"day","major":false},"geometry":{"type":"MultiLineString","coordinates":[[[-82.425,27.028],[-82.375,27.05],[-82.325,27.072],[-82.319,27.075],[-82.275,27.094],[-82.225,27.117],[-82.206,27.125],[-82.175,27.139],[-82.125,27.161],[-82.094,27.175],[-82.075,27.183],[-82.025,27.206],[-81.982,27.225],[-81.975,27.228],[-81.925,27.251],[-81.875,27.274],[-81.872,27.275],[-81.825,27.296],[-81.775,27.32],[-81.763,27.325],[-81.725,27.343],[-81.675,27.367],[-81.657,27.375],[-81.625,27.391],[-81.575,27.415],[-81.554,27.425],[-81.525,27.44],[-81.475,27.465],[-81.455,27.475],[-81.425,27.49],[-81.375,27.516],[-81.358,27.525],[-81.325,27.543],[-81.275,27.57],[-81.265,27.575],[-81.225,27.597],[-81.175,27.625],[-81.174,27.625],[-81.125,27.652],[-81.084,27.675],[-81.075,27.68],[-81.025,27.708],[-80.995,27.725],[-80.975,27.736],[-80.925,27.763],[-80.902,27.775],[-80.875,27.789],[-80.852,27.802]]]}},{"type":"Feature","properties":{"date":"2014-02-17","label":"17 Feb","yday":48,"tier":"day","major":false},"geometry":{"type":"MultiLineString","coordinates":[[[-82.454,27.154],[-82.425,27.167],[-82.407,27.175],[-82.375,27.189],[-82.325,27.212],[-82.295,27.225],[-82.275,27.234],[-82.225,27.257],[-82.185,27.275],[-82.175,27.279],[-82.125,27.302],[-82.076,27.325],[-82.075,27.325],[-82.025,27.348],[-81.975,27.372],[-81.968,27.375],[-81.925,27.395],[-81.875,27.419],[-81.863,27.425],[-81.825,27.443],[-81.775,27.468],[-81.76,27.475],[-81.725,27.493],[-81.675,27.518],[-81.661,27.525],[-81.625,27.544],[-81.575,27.57],[-81.566,27.575],[-81.525,27.597],[-81.475,27.624],[-81.474,27.625],[-81.425,27.652],[-81.384,27.675],[-81.375,27.68],[-81.325,27.709],[-81.297,27.725],[-81.275,27.738],[-81.225,27.767],[-81.211,27.775],[-81.175,27.796],[-81.125,27.824],[-81.124,27.825],[-81.075,27.853],[-81.034,27.875],[-81.025,27.88],[-80.975,27.907],[-80.94,27.925],[-80.925,27.933]]]}},{"type":"Feature","properties":{"date":"2014-02-18","label":"18 Feb","yday":49,"tier":"day","major":false},"geometry":{"type":"MultiLineString","coordinates":[[[-82.525,27.259],[-82.49,27.275],[-82.475,27.282],[-82.425,27.304],[-82.379,27.325],[-82.375,27.327],[-82.325,27.35],[-82.275,27.373],[-82.271,27.375],[-82.225,27.396],[-82.175,27.419],[-82.163,27.425],[-82.125,27.443],[-82.075,27.467],[-82.058,27.475],[-82.025,27.491],[-81.975,27.515],[-81.954,27.525],[-81.925,27.54],[-81.875,27.564],[-81.854,27.575],[-81.825,27.59],[-81.775,27.616],[-81.757,27.625],[-81.725,27.642],[-81.675,27.669],[-81.664,27.675],[-81.625,27.697],[-81.575,27.725],[-81.575,27.725],[-81.525,27.754],[-81.49,27.775],[-81.475,27.784],[-81.425,27.814],[-81.406,27.825],[-81.375,27.844],[-81.325,27.874],[-81.324,27.875],[-81.275,27.904],[-81.24,27.925],[-81.225,27.934],[-81.175,27.963],[-81.153,27.975],[-81.125,27.991],[-81.075,28.018],[-81.062,28.025],[-81.025,28.044],[-80.975,28.069],[-80.963,28.075],[-80.925,28.093]]]}},{"type":"Feature","properties":{"date":"2014-02-19","label":"19 Feb","yday":50,"tier":"five","major":false},"geometry":{"type":"MultiLineString","coordinates":[[[-82.539,27.389],[-82.525,27.395],[-82.475,27.418],[-82.46,27.425],[-82.425,27.441],[-82.375,27.464],[-82.352,27.475],[-82.325,27.488],[-82.275,27.511],[-82.245,27.525],[-82.225,27.535],[-82.175,27.559],[-82.141,27.575],[-82.125,27.583],[-82.075,27.607],[-82.039,27.625],[-82.025,27.632],[-81.975,27.657],[-81.94,27.675],[-81.925,27.683],[-81.875,27.709],[-81.844,27.725],[-81.825,27.735],[-81.775,27.762],[-81.753,27.775],[-81.725,27.791],[-81.675,27.819],[-81.666,27.825],[-81.625,27.849],[-81.583,27.875],[-81.575,27.88],[-81.525,27.911],[-81.502,27.925],[-81.475,27.942],[-81.425,27.974],[-81.423,27.975],[-81.375,28.005],[-81.342,28.025],[-81.325,28.036],[-81.275,28.065],[-81.259,28.075],[-81.225,28.094],[-81.175,28.122],[-81.17,28.125],[-81.125,28.148],[-81.075,28.174],[-81.073,28.175],[-81.025,28.198],[-80.975,28.221],[-80.965,28.225],[-80.937,28.237]]]}},{"type":"Feature","properties":{"date":"2014-02-20","label":"20 Feb","yday":51,"tier":"day","major":false},"geometry":{"type":"MultiLineString","coordinates":[[[-82.625,27.485],[-82.575,27.507],[-82.537,27.525],[-82.525,27.53],[-82.475,27.553],[-82.429,27.575],[-82.425,27.577],[-82.375,27.6],[-82.325,27.624],[-82.322,27.625],[-82.275,27.648],[-82.225,27.672],[-82.218,27.675],[-82.175,27.696],[-82.125,27.721],[-82.116,27.725],[-82.075,27.746],[-82.025,27.771],[-82.018,27.775],[-81.975,27.797],[-81.925,27.824],[-81.923,27.825],[-81.875,27.851],[-81.832,27.875],[-81.825,27.879],[-81.775,27.908],[-81.746,27.925],[-81.725,27.938],[-81.675,27.969],[-81.665,27.975],[-81.625,28.001],[-81.587,28.025],[-81.575,28.033],[-81.525,28.065],[-81.51,28.075],[-81.475,28.098],[-81.432,28.125],[-81.425,28.129],[-81.375,28.16],[-81.35,28.175],[-81.325,28.19],[-81.275,28.218],[-81.262,28.225],[-81.225,28.245],[-81.175,28.271],[-81.166,28.275],[-81.125,28.295],[-81.075,28.318],[-81.059,28.325],[-81.025,28.34],[-80.975,28.36]]]}},{"type":"Feature","properties":{"date":"2014-02-21","label":"21 Feb","yday":52,"tier":"day","major":false},"geometry":{"type":"MultiLineString","coordinates":[[[-82.452,27.698],[-82.425,27.71],[-82.394,27.725],[-82.375,27.734],[-82.325,27.758],[-82.289,27.775],[-82.275,27.782],[-82.225,27.806],[-82.187,27.825],[-82.175,27.831],[-82.125,27.856],[-82.089,27.875],[-82.075,27.882],[-82.025,27.909],[-81.995,27.925],[-81.975,27.936],[-81.925,27.964],[-81.905,27.975],[-81.875,27.992],[-81.825,28.022],[-81.82,28.025],[-81.775,28.053],[-81.74,28.075],[-81.725,28.084],[-81.675,28.117],[-81.662,28.125],[-81.625,28.149],[-81.585,28.175],[-81.575,28.182],[-81.525,28.214],[-81.508,28.225],[-81.475,28.245],[-81.427,28.275],[-81.425,28.276],[-81.375,28.305],[-81.339,28.325],[-81.325,28.332],[-81.275,28.358],[-81.242,28.375],[-81.225,28.383],[-81.175,28.406],[-81.133,28.425],[-81.125,28.429],[-81.075,28.449],[-81.025,28.47],[-81.011,28.475],[-80.985,28.485]]]}},{"type":"Feature","properties":{"date":"2014-02-22","label":"22 Feb","yday":53,"tier":"day","major":false},"geometry":{"type":"MultiLineString","coordinates":[[[-82.676,27.726],[-82.675,27.726],[-82.625,27.749]],[[-82.375,27.864],[-82.353,27.875],[-82.325,27.888],[-82.275,27.913],[-82.251,27.925],[-82.225,27.938],[-82.175,27.963],[-82.153,27.975],[-82.125,27.989],[-82.075,28.016],[-82.059,28.025],[-82.025,28.044],[-81.975,28.072],[-81.97,28.075],[-81.925,28.101],[-81.885,28.125],[-81.875,28.131],[-81.825,28.162],[-81.805,28.175],[-81.775,28.194],[-81.726,28.225],[-81.725,28.226],[-81.675,28.257],[-81.648,28.275],[-81.625,28.289],[-81.575,28.321],[-81.568,28.325],[-81.525,28.351],[-81.485,28.375],[-81.475,28.381],[-81.425,28.409],[-81.396,28.425],[-81.375,28.436],[-81.325,28.462],[-81.299,28.475],[-81.275,28.486],[-81.225,28.509],[-81.188,28.525],[-81.175,28.531],[-81.125,28.551],[-81.075,28.571],[-81.064,28.575],[-81.035,28.585]]]}},{"type":"Feature","properties":{"date":"2014-02-23","label":"23 Feb","yday":54,"tier":"day","major":false},"geometry":{"type":"MultiLineString","coordinates":[[[-82.763,27.813],[-82.737,27.825],[-82.725,27.83],[-82.675,27.853],[-82.626,27.875]],[[-82.533,27.917],[-82.525,27.921],[-82.516,27.925],[-82.475,27.944],[-82.425,27.967],[-82.409,27.975],[-82.375,27.991],[-82.325,28.015],[-82.306,28.025],[-82.275,28.04],[-82.225,28.066],[-82.207,28.075],[-82.175,28.092],[-82.125,28.119],[-82.114,28.125],[-82.075,28.147],[-82.025,28.175],[-82.025,28.175],[-81.975,28.204],[-81.94,28.225],[-81.925,28.234],[-81.875,28.265],[-81.858,28.275],[-81.825,28.296],[-81.778,28.325],[-81.775,28.327],[-81.725,28.358],[-81.698,28.375],[-81.675,28.389],[-81.625,28.419],[-81.616,28.425],[-81.575,28.449],[-81.53,28.475],[-81.525,28.478],[-81.475,28.505],[-81.438,28.525],[-81.425,28.532],[-81.375,28.557],[-81.338,28.575],[-81.325,28.581],[-81.275,28.604],[-81.225,28.625],[-81.225,28.625],[-81.175,28.645],[-81.125,28.665],[-81.098,28.675],[-81.075,28.683]]]}},{"type":"Feature","properties":{"date":"2014-02-24","label":"24 Feb","yday":55,"tier":"five","major":false},"geometry":{"type":"MultiLineString","coordinates":[[[-82.779,27.929],[-82.775,27.931],[-82.725,27.953]],[[-82.606,28.006],[-82.575,28.02],[-82.565,28.025],[-82.525,28.043],[-82.475,28.066],[-82.457,28.075],[-82.425,28.09],[-82.375,28.114],[-82.353,28.125],[-82.325,28.139],[-82.275,28.164],[-82.254,28.175],[-82.225,28.19],[-82.175,28.217],[-82.16,28.225],[-82.125,28.244],[-82.075,28.273],[-82.071,28.275],[-82.025,28.301],[-81.985,28.325],[-81.975,28.331],[-81.925,28.361],[-81.902,28.375],[-81.875,28.391],[-81.825,28.422],[-81.82,28.425],[-81.775,28.452],[-81.737,28.475],[-81.725,28.482],[-81.675,28.511],[-81.652,28.525],[-81.625,28.54],[-81.575,28.568],[-81.562,28.575],[-81.525,28.595],[-81.475,28.621],[-81.467,28.625],[-81.425,28.646],[-81.375,28.669],[-81.362,28.675],[-81.325,28.692],[-81.275,28.713],[-81.247,28.725],[-81.225,28.734],[-81.175,28.753],[-81.125,28.772],[-81.116,28.775],[-81.075,28.789]]]}},{"type":"Feature","properties":{"date":"2014-02-25","label":"25 Feb","yday":56,"tier":"day","major":false},"geometry":{"type":"MultiLineString","coordinates":[[[-82.775,28.051],[-82.725,28.073],[-82.72,28.075],[-82.675,28.095],[-82.625,28.117],[-82.607,28.125],[-82.575,28.139],[-82.525,28.162],[-82.497,28.175],[-82.475,28.185],[-82.425,28.209],[-82.392,28.225],[-82.375,28.233],[-82.325,28.258],[-82.292,28.275],[-82.275,28.284],[-82.225,28.31],[-82.198,28.325],[-82.175,28.338],[-82.125,28.365],[-82.108,28.375],[-82.075,28.394],[-82.025,28.423],[-82.021,28.425],[-81.975,28.452],[-81.937,28.475],[-81.925,28.482],[-81.875,28.511],[-81.852,28.525],[-81.825,28.541],[-81.775,28.57],[-81.767,28.575],[-81.725,28.599],[-81.678,28.625],[-81.675,28.627],[-81.625,28.654],[-81.585,28.675],[-81.575,28.68],[-81.525,28.705],[-81.484,28.725],[-81.475,28.729],[-81.425,28.753],[-81.375,28.775],[-81.375,28.775],[-81.325,28.796],[-81.275,28.817],[-81.255,28.825],[-81.225,28.837],[-81.175,28.855],[-81.125,28.873],[-81.119,28.875],[-81.075,28.89],[-81.025,28.906]]]}},{"type":"Feature","properties":{"date":"2014-02-26","label":"26 Feb","yday":57,"tier":"day","major":false},"geometry":{"type":"MultiLineString","coordinates":[[[-82.775,28.168],[-82.759,28.175],[-82.725,28.19],[-82.675,28.211],[-82.644,28.225],[-82.625,28.233],[-82.575,28.255],[-82.532,28.275],[-82.525,28.278],[-82.475,28.301],[-82.425,28.325],[-82.425,28.325],[-82.375,28.349],[-82.325,28.375],[-82.324,28.375],[-82.275,28.401],[-82.229,28.425],[-82.225,28.427],[-82.175,28.455],[-82.139,28.475],[-82.125,28.483],[-82.075,28.511],[-82.05,28.525],[-82.025,28.539],[-81.975,28.568],[-81.964,28.575],[-81.925,28.597],[-81.877,28.625],[-81.875,28.626],[-81.825,28.655],[-81.789,28.675],[-81.775,28.682],[-81.725,28.71],[-81.696,28.725],[-81.675,28.736],[-81.625,28.761],[-81.597,28.775],[-81.575,28.786],[-81.525,28.81],[-81.492,28.825],[-81.475,28.833],[-81.425,28.855],[-81.377,28.875],[-81.375,28.876],[-81.325,28.896],[-81.275,28.916],[-81.251,28.925],[-81.225,28.935],[-81.175,28.953],[-81.125,28.97],[-81.111,28.975],[-81.075,28.987],[-81.025,29.003]]]}},{"type":"Feature","properties":{"date":"2014-02-27","label":"27 Feb","yday":58,"tier":"day","major":false},"geometry":{"type":"MultiLineString","coordinates":[[[-82.675,28.326],[-82.625,28.347],[-82.575,28.369],[-82.562,28.375],[-82.525,28.392],[-82.475,28.415],[-82.454,28.425],[-82.425,28.439],[-82.375,28.463],[-82.352,28.475],[-82.325,28.489],[-82.275,28.515],[-82.256,28.525],[-82.225,28.541],[-82.175,28.568],[-82.163,28.575],[-82.125,28.596],[-82.075,28.624],[-82.073,28.625],[-82.025,28.652],[-81.984,28.675],[-81.975,28.68],[-81.925,28.708],[-81.895,28.725],[-81.875,28.736],[-81.825,28.763],[-81.803,28.775],[-81.775,28.79],[-81.725,28.815],[-81.705,28.825],[-81.675,28.84],[-81.625,28.864],[-81.601,28.875],[-81.575,28.887],[-81.525,28.91],[-81.49,28.925],[-81.475,28.931],[-81.425,28.952],[-81.375,28.973],[-81.37,28.975],[-81.325,28.992],[-81.275,29.011],[-81.238,29.025],[-81.225,29.03],[-81.175,29.047],[-81.125,29.064],[-81.092,29.075],[-81.075,29.081],[-81.025,29.096],[-80.975,29.111]]]}},{"type":"Feature","properties":{"date":"2014-02-28","label":"28 Feb","yday":59,"tier":"day","major":false},"geometry":{"type":"MultiLineString","coordinates":[[[-82.625,28.46],[-82.591,28.475],[-82.575,28.482],[-82.525,28.504],[-82.48,28.525],[-82.475,28.527],[-82.425,28.551],[-82.376,28.575],[-82.375,28.576],[-82.325,28.601],[-82.278,28.625],[-82.275,28.626],[-82.225,28.652],[-82.183,28.675],[-82.175,28.679],[-82.125,28.706],[-82.09,28.725],[-82.075,28.733],[-82.025,28.76],[-81.998,28.775],[-81.975,28.788],[-81.925,28.815],[-81.906,28.825],[-81.875,28.841],[-81.825,28.867],[-81.809,28.875],[-81.775,28.892],[-81.725,28.916],[-81.706,28.925],[-81.675,28.94],[-81.625,28.962],[-81.597,28.975],[-81.575,28.985],[-81.525,29.006],[-81.48,29.025],[-81.475,29.027],[-81.425,29.047],[-81.375,29.067],[-81.354,29.075],[-81.325,29.086],[-81.275,29.104],[-81.225,29.122],[-81.216,29.125],[-81.175,29.139],[-81.125,29.156],[-81.075,29.172],[-81.064,29.175],[-81.025,29.187],[-80.995,29.195]]]}},{"type":"Feature","properties":{"date":"2014-03-01","label":"1 Mar","yday":60,"tier":"index","major":true},"geometry":{"type":"MultiLineString","coordinates":[[[-82.625,28.572],[-82.619,28.575],[-82.575,28.594],[-82.525,28.616],[-82.506,28.625],[-82.475,28.639],[-82.425,28.662],[-82.398,28.675],[-82.375,28.686],[-82.325,28.711],[-82.296,28.725],[-82.275,28.735],[-82.225,28.761],[-82.198,28.775],[-82.175,28.787],[-82.125,28.813],[-82.102,28.825],[-82.075,28.839],[-82.025,28.865],[-82.007,28.875],[-81.975,28.891],[-81.925,28.917],[-81.909,28.925],[-81.875,28.942],[-81.825,28.967],[-81.808,28.975],[-81.775,28.991],[-81.725,29.014],[-81.7,29.025],[-81.675,29.036],[-81.625,29.058],[-81.587,29.075],[-81.575,29.08],[-81.525,29.101],[-81.475,29.121],[-81.464,29.125],[-81.425,29.14],[-81.375,29.159],[-81.332,29.175],[-81.325,29.178],[-81.275,29.195],[-81.225,29.212],[-81.187,29.225],[-81.175,29.229],[-81.125,29.245],[-81.075,29.26],[-81.064,29.264]]]}},{"type":"Feature","properties":{"date":"2014-03-02","label":"2 Mar","yday":61,"tier":"day","major":false},"geometry":{"type":"MultiLineString","coordinates":[[[-82.625,28.684],[-82.575,28.705],[-82.529,28.725],[-82.525,28.727],[-82.475,28.749],[-82.425,28.772],[-82.418,28.775],[-82.375,28.795],[-82.325,28.819],[-82.312,28.825],[-82.275,28.843],[-82.225,28.868],[-82.21,28.875],[-82.175,28.892],[-82.125,28.918],[-82.11,28.925],[-82.075,28.943],[-82.025,28.968],[-82.01,28.975],[-81.975,28.992],[-81.925,29.017],[-81.908,29.025],[-81.875,29.041],[-81.825,29.064],[-81.802,29.075],[-81.775,29.087],[-81.725,29.11],[-81.691,29.125],[-81.675,29.132],[-81.625,29.153],[-81.575,29.174],[-81.572,29.175],[-81.525,29.194],[-81.475,29.213],[-81.444,29.225],[-81.425,29.232],[-81.375,29.251],[-81.325,29.268],[-81.305,29.275],[-81.275,29.285],[-81.225,29.302],[-81.175,29.318],[-81.153,29.325],[-81.125,29.334],[-81.075,29.349]]]}},{"type":"Feature","properties":{"date":"2014-03-03","label":"3 Mar","yday":62,"tier":"day","major":false},"geometry":{"type":"MultiLineString","coordinates":[[[-82.625,28.795],[-82.575,28.816],[-82.553,28.825],[-82.525,28.837],[-82.475,28.858],[-82.437,28.875],[-82.425,28.88],[-82.375,28.903],[-82.326,28.925],[-82.325,28.926],[-82.275,28.949],[-82.225,28.972],[-82.22,28.975],[-82.175,28.996],[-82.125,29.02],[-82.115,29.025],[-82.075,29.044],[-82.025,29.068],[-82.011,29.075],[-81.975,29.092],[-81.925,29.116],[-81.905,29.125],[-81.875,29.139],[-81.825,29.161],[-81.794,29.175],[-81.775,29.184],[-81.725,29.205],[-81.678,29.225],[-81.675,29.226],[-81.625,29.247],[-81.575,29.267],[-81.554,29.275],[-81.525,29.286],[-81.475,29.305],[-81.425,29.324],[-81.421,29.325],[-81.375,29.341],[-81.325,29.359],[-81.277,29.375],[-81.275,29.376],[-81.225,29.392],[-81.175,29.408],[-81.125,29.423],[-81.124,29.424]]]}},{"type":"Feature","properties":{"date":"2014-03-04","label":"4 Mar","yday":63,"tier":"day","major":false},"geometry":{"type":"MultiLineString","coordinates":[[[-82.647,28.897],[-82.625,28.905],[-82.576,28.925],[-82.575,28.925],[-82.525,28.946],[-82.475,28.967],[-82.455,28.975],[-82.425,28.988],[-82.375,29.009],[-82.339,29.025],[-82.325,29.031],[-82.275,29.053],[-82.227,29.075],[-82.225,29.076],[-82.175,29.099],[-82.125,29.122],[-82.118,29.125],[-82.075,29.145],[-82.025,29.168],[-82.01,29.175],[-81.975,29.191],[-81.925,29.214],[-81.9,29.225],[-81.875,29.236],[-81.825,29.258],[-81.785,29.275],[-81.775,29.279],[-81.725,29.3],[-81.675,29.321],[-81.664,29.325],[-81.625,29.341],[-81.575,29.36],[-81.536,29.375],[-81.525,29.379],[-81.475,29.397],[-81.425,29.415],[-81.397,29.425],[-81.375,29.433],[-81.325,29.45],[-81.275,29.466],[-81.248,29.475],[-81.225,29.482],[-81.175,29.498],[-81.155,29.505]]]}},{"type":"Feature","properties":{"date":"2014-03-05","label":"5 Mar","yday":64,"tier":"day","major":false},"geometry":{"type":"MultiLineString","coordinates":[[[-82.725,28.977],[-82.675,28.996],[-82.625,29.015],[-82.6,29.025],[-82.575,29.035],[-82.525,29.054],[-82.475,29.074],[-82.473,29.075],[-82.425,29.095],[-82.375,29.115],[-82.352,29.125],[-82.325,29.136],[-82.275,29.158],[-82.235,29.175],[-82.225,29.179],[-82.175,29.201],[-82.125,29.224],[-82.122,29.225],[-82.075,29.246],[-82.025,29.268],[-82.01,29.275],[-81.975,29.29],[-81.925,29.312],[-81.895,29.325],[-81.875,29.334],[-81.825,29.355],[-81.776,29.375],[-81.775,29.375],[-81.725,29.396],[-81.675,29.415],[-81.65,29.425],[-81.625,29.435],[-81.575,29.454],[-81.525,29.472],[-81.517,29.475],[-81.475,29.49],[-81.425,29.508],[-81.375,29.525],[-81.374,29.525],[-81.325,29.541],[-81.275,29.558],[-81.225,29.574],[-81.22,29.575],[-81.186,29.586]]]}},{"type":"Feature","properties":{"date":"2014-03-06","label":"6 Mar","yday":65,"tier":"five","major":false},"geometry":{"type":"MultiLineString","coordinates":[[[-82.735,29.085],[-82.725,29.088],[-82.675,29.107],[-82.625,29.125],[-82.625,29.125],[-82.575,29.144],[-82.525,29.163],[-82.493,29.175],[-82.475,29.182],[-82.425,29.202],[-82.375,29.222],[-82.367,29.225],[-82.325,29.242],[-82.275,29.262],[-82.245,29.275],[-82.225,29.283],[-82.175,29.305],[-82.127,29.325],[-82.125,29.326],[-82.075,29.347],[-82.025,29.369],[-82.01,29.375],[-81.975,29.39],[-81.925,29.411],[-81.891,29.425],[-81.875,29.432],[-81.825,29.452],[-81.775,29.472],[-81.767,29.475],[-81.725,29.492],[-81.675,29.511],[-81.637,29.525],[-81.625,29.53],[-81.575,29.548],[-81.525,29.566],[-81.499,29.575],[-81.475,29.584],[-81.425,29.601],[-81.375,29.617],[-81.352,29.625],[-81.325,29.634],[-81.275,29.65],[-81.225,29.665]]]}},{"type":"Feature","properties":{"date":"2014-03-07","label":"7 Mar","yday":66,"tier":"day","major":false},"geometry":{"type":"MultiLineString","coordinates":[[[-82.818,29.168],[-82.796,29.175],[-82.775,29.182],[-82.725,29.2],[-82.675,29.217],[-82.653,29.225],[-82.625,29.235],[-82.575,29.253],[-82.525,29.271],[-82.516,29.275],[-82.475,29.29],[-82.425,29.309],[-82.384,29.325],[-82.375,29.328],[-82.325,29.348],[-82.275,29.368],[-82.257,29.375],[-82.225,29.388],[-82.175,29.408],[-82.134,29.425],[-82.125,29.429],[-82.075,29.449],[-82.025,29.47],[-82.012,29.475],[-81.975,29.49],[-81.925,29.51],[-81.888,29.525],[-81.875,29.53],[-81.825,29.55],[-81.775,29.569],[-81.76,29.575],[-81.725,29.588],[-81.675,29.607],[-81.626,29.625],[-81.625,29.625],[-81.575,29.643],[-81.525,29.661],[-81.483,29.675],[-81.475,29.678],[-81.425,29.695],[-81.375,29.711],[-81.331,29.725],[-81.325,29.727],[-81.275,29.743]]]}},{"type":"Feature","properties":{"date":"2014-03-08","label":"8 Mar","yday":67,"tier":"day","major":false},"geometry":{"type":"MultiLineString","coordinates":[[[-83.025,29.214],[-82.99,29.225],[-82.975,29.23],[-82.925,29.246],[-82.875,29.262],[-82.835,29.275],[-82.825,29.278],[-82.775,29.295],[-82.725,29.311],[-82.685,29.325],[-82.675,29.328],[-82.625,29.345],[-82.575,29.363],[-82.541,29.375],[-82.525,29.381],[-82.475,29.399],[-82.425,29.417],[-82.403,29.425],[-82.375,29.435],[-82.325,29.454],[-82.275,29.473],[-82.27,29.475],[-82.225,29.492],[-82.175,29.512],[-82.142,29.525],[-82.125,29.532],[-82.075,29.551],[-82.025,29.571],[-82.015,29.575],[-81.975,29.591],[-81.925,29.61],[-81.887,29.625],[-81.875,29.63],[-81.825,29.649],[-81.775,29.668],[-81.755,29.675],[-81.725,29.686],[-81.675,29.704],[-81.625,29.722],[-81.617,29.725],[-81.575,29.74],[-81.525,29.757],[-81.475,29.773],[-81.47,29.775],[-81.425,29.79],[-81.375,29.805],[-81.325,29.821],[-81.312,29.825],[-81.284,29.834]]]}},{"type":"Feature","properties":{"date":"2014-03-09","label":"9 Mar","yday":68,"tier":"day","major":false},"geometry":{"type":"MultiLineString","coordinates":[[[-83.106,29.306],[-83.075,29.315],[-83.041,29.325],[-83.025,29.33],[-82.975,29.345],[-82.925,29.361],[-82.878,29.375],[-82.875,29.376],[-82.825,29.392],[-82.775,29.408],[-82.725,29.424],[-82.721,29.425],[-82.675,29.44],[-82.625,29.456],[-82.575,29.473],[-82.569,29.475],[-82.525,29.49],[-82.475,29.507],[-82.425,29.525],[-82.424,29.525],[-82.375,29.542],[-82.325,29.56],[-82.285,29.575],[-82.275,29.579],[-82.225,29.597],[-82.175,29.616],[-82.152,29.625],[-82.125,29.635],[-82.075,29.654],[-82.025,29.673],[-82.021,29.675],[-81.975,29.693],[-81.925,29.711],[-81.889,29.725],[-81.875,29.73],[-81.825,29.749],[-81.775,29.767],[-81.753,29.775],[-81.725,29.785],[-81.675,29.803],[-81.625,29.82],[-81.611,29.825],[-81.575,29.837],[-81.525,29.854],[-81.475,29.87],[-81.459,29.875],[-81.425,29.886],[-81.375,29.901],[-81.325,29.916]]]}},{"type":"Feature","properties":{"date":"2014-03-10","label":"10 Mar","yday":69,"tier":"day","major":false},"geometry":{"type":"MultiLineString","coordinates":[[[-83.197,29.397],[-83.175,29.404],[-83.125,29.418],[-83.1,29.425],[-83.075,29.432],[-83.025,29.447],[-82.975,29.461],[-82.928,29.475],[-82.925,29.476],[-82.875,29.491],[-82.825,29.506],[-82.775,29.521],[-82.762,29.525],[-82.725,29.536],[-82.675,29.552],[-82.625,29.568],[-82.602,29.575],[-82.575,29.584],[-82.525,29.6],[-82.475,29.617],[-82.45,29.625],[-82.425,29.633],[-82.375,29.65],[-82.325,29.668],[-82.304,29.675],[-82.275,29.685],[-82.225,29.703],[-82.175,29.721],[-82.165,29.725],[-82.125,29.74],[-82.075,29.758],[-82.03,29.775],[-82.025,29.777],[-81.975,29.795],[-81.925,29.814],[-81.894,29.825],[-81.875,29.832],[-81.825,29.85],[-81.775,29.868],[-81.755,29.875],[-81.725,29.886],[-81.675,29.903],[-81.625,29.92],[-81.61,29.925],[-81.575,29.937],[-81.525,29.953],[-81.475,29.968],[-81.453,29.975],[-81.425,29.984],[-81.375,29.998],[-81.325,30.013]]]}},{"type":"Feature","properties":{"date":"2014-03-11","label":"11 Mar","yday":70,"tier":"five","major":false},"geometry":{"type":"MultiLineString","coordinates":[[[-83.292,29.492],[-83.275,29.496],[-83.225,29.51],[-83.175,29.523],[-83.168,29.525],[-83.125,29.537],[-83.075,29.55],[-83.025,29.564],[-82.986,29.575],[-82.975,29.578],[-82.925,29.592],[-82.875,29.606],[-82.825,29.621],[-82.81,29.625],[-82.775,29.635],[-82.725,29.65],[-82.675,29.665],[-82.641,29.675],[-82.625,29.68],[-82.575,29.695],[-82.525,29.711],[-82.48,29.725],[-82.475,29.727],[-82.425,29.743],[-82.375,29.759],[-82.328,29.775],[-82.325,29.776],[-82.275,29.793],[-82.225,29.81],[-82.183,29.825],[-82.175,29.828],[-82.125,29.846],[-82.075,29.863],[-82.043,29.875],[-82.025,29.881],[-81.975,29.899],[-81.925,29.917],[-81.903,29.925],[-81.875,29.935],[-81.825,29.953],[-81.775,29.97],[-81.761,29.975],[-81.725,29.988],[-81.675,30.005],[-81.625,30.021],[-81.613,30.025],[-81.575,30.037],[-81.525,30.053],[-81.475,30.068],[-81.452,30.075],[-81.425,30.083],[-81.375,30.097]]]}},{"type":"Feature","properties":{"date":"2014-03-12","label":"12 Mar","yday":71,"tier":"day","major":false},"geometry":{"type":"MultiLineString","coordinates":[[[-83.375,29.592],[-83.325,29.605],[-83.275,29.618],[-83.246,29.625],[-83.225,29.63],[-83.175,29.643],[-83.125,29.656],[-83.075,29.669],[-83.053,29.675],[-83.025,29.682],[-82.975,29.695],[-82.925,29.709],[-82.875,29.722],[-82.865,29.725],[-82.825,29.736],[-82.775,29.75],[-82.725,29.764],[-82.686,29.775],[-82.675,29.778],[-82.625,29.793],[-82.575,29.807],[-82.525,29.822],[-82.517,29.825],[-82.475,29.838],[-82.425,29.853],[-82.375,29.869],[-82.357,29.875],[-82.325,29.885],[-82.275,29.902],[-82.225,29.918],[-82.205,29.925],[-82.175,29.935],[-82.125,29.952],[-82.075,29.969],[-82.058,29.975],[-82.025,29.986],[-81.975,30.004],[-81.925,30.021],[-81.914,30.025],[-81.875,30.038],[-81.825,30.056],[-81.775,30.073],[-81.77,30.075],[-81.725,30.09],[-81.675,30.107],[-81.625,30.124],[-81.621,30.125],[-81.575,30.139],[-81.525,30.154],[-81.475,30.169],[-81.452,30.175],[-81.425,30.183],[-81.375,30.196]]]}},{"type":"Feature","properties":{"date":"2014-03-13","label":"13 Mar","yday":72,"tier":"day","major":false},"geometry":{"type":"MultiLineString","coordinates":[[[-83.449,29.699],[-83.425,29.704],[-83.375,29.716],[-83.338,29.725],[-83.325,29.728],[-83.275,29.74],[-83.225,29.752],[-83.175,29.764],[-83.131,29.775],[-83.125,29.776],[-83.075,29.789],[-83.025,29.801],[-82.975,29.814],[-82.93,29.825],[-82.925,29.826],[-82.875,29.839],[-82.825,29.852],[-82.775,29.865],[-82.739,29.875],[-82.725,29.879],[-82.675,29.892],[-82.625,29.906],[-82.575,29.92],[-82.559,29.925],[-82.525,29.935],[-82.475,29.949],[-82.425,29.964],[-82.39,29.975],[-82.375,29.98],[-82.325,29.995],[-82.275,30.011],[-82.23,30.025],[-82.225,30.027],[-82.175,30.043],[-82.125,30.059],[-82.076,30.075],[-82.075,30.075],[-82.025,30.092],[-81.975,30.108],[-81.926,30.125],[-81.925,30.125],[-81.875,30.142],[-81.825,30.159],[-81.78,30.175],[-81.775,30.177],[-81.725,30.194],[-81.675,30.211],[-81.629,30.225],[-81.625,30.226],[-81.575,30.241],[-81.525,30.255],[-81.475,30.268],[-81.45,30.275],[-81.425,30.282]]]}},{"type":"Feature","properties":{"date":"2014-03-14","label":"14 Mar","yday":73,"tier":"day","major":false},"geometry":{"type":"MultiLineString","coordinates":[[[-83.575,29.796],[-83.525,29.807],[-83.475,29.818],[-83.445,29.825],[-83.425,29.83],[-83.375,29.841],[-83.325,29.852],[-83.275,29.863],[-83.225,29.874],[-83.222,29.875],[-83.175,29.886],[-83.125,29.897],[-83.075,29.909],[-83.025,29.92],[-83.005,29.925],[-82.975,29.932],[-82.925,29.944],[-82.875,29.956],[-82.825,29.969],[-82.8,29.975],[-82.775,29.981],[-82.725,29.994],[-82.675,30.007],[-82.625,30.02],[-82.608,30.025],[-82.575,30.034],[-82.525,30.048],[-82.475,30.062],[-82.428,30.075],[-82.425,30.076],[-82.375,30.09],[-82.325,30.105],[-82.275,30.12],[-82.258,30.125],[-82.225,30.135],[-82.175,30.15],[-82.125,30.166],[-82.096,30.175],[-82.075,30.182],[-82.025,30.197],[-81.975,30.213],[-81.939,30.225],[-81.925,30.23],[-81.875,30.246],[-81.825,30.263],[-81.789,30.275],[-81.775,30.28],[-81.725,30.296],[-81.675,30.311],[-81.629,30.325],[-81.625,30.326],[-81.575,30.34],[-81.525,30.354],[-81.475,30.367],[-81.443,30.375],[-81.425,30.38]]]}},{"type":"Feature","properties":{"date":"2014-03-15","label":"15 Mar","yday":74,"tier":"day","major":false},"geometry":{"type":"MultiLineString","coordinates":[[[-83.657,29.907],[-83.625,29.914],[-83.575,29.924],[-83.572,29.925],[-83.525,29.935],[-83.475,29.945],[-83.425,29.955],[-83.375,29.966],[-83.331,29.975],[-83.325,29.976],[-83.275,29.987],[-83.225,29.997],[-83.175,30.008],[-83.125,30.018],[-83.094,30.025],[-83.075,30.029],[-83.025,30.04],[-82.975,30.051],[-82.925,30.063],[-82.875,30.074],[-82.871,30.075],[-82.825,30.086],[-82.775,30.098],[-82.725,30.11],[-82.675,30.122],[-82.663,30.125],[-82.625,30.135],[-82.575,30.147],[-82.525,30.16],[-82.475,30.174],[-82.471,30.175],[-82.425,30.187],[-82.375,30.201],[-82.325,30.215],[-82.29,30.225],[-82.275,30.229],[-82.225,30.244],[-82.175,30.258],[-82.125,30.273],[-82.119,30.275],[-82.075,30.288],[-82.025,30.303],[-81.975,30.319],[-81.955,30.325],[-81.925,30.334],[-81.875,30.35],[-81.825,30.366],[-81.795,30.375],[-81.775,30.381],[-81.725,30.396],[-81.675,30.411],[-81.625,30.425],[-81.625,30.425],[-81.575,30.439],[-81.525,30.452],[-81.475,30.465],[-81.467,30.467]]]}},{"type":"Feature","properties":{"date":"2014-03-16","label":"16 Mar","yday":75,"tier":"index","major":true},"geometry":{"type":"MultiLineString","coordinates":[[[-83.808,30.008],[-83.775,30.015],[-83.725,30.025],[-83.724,30.025],[-83.675,30.034],[-83.625,30.044],[-83.575,30.053],[-83.525,30.063],[-83.475,30.072],[-83.46,30.075],[-83.425,30.082],[-83.375,30.091],[-83.325,30.101],[-83.275,30.11],[-83.225,30.12],[-83.199,30.125],[-83.175,30.13],[-83.125,30.14],[-83.075,30.15],[-83.025,30.16],[-82.975,30.17],[-82.954,30.175],[-82.925,30.181],[-82.875,30.192],[-82.825,30.203],[-82.775,30.214],[-82.727,30.225],[-82.725,30.226],[-82.675,30.237],[-82.625,30.249],[-82.575,30.261],[-82.525,30.274],[-82.519,30.275],[-82.475,30.286],[-82.425,30.299],[-82.375,30.312],[-82.326,30.325],[-82.325,30.325],[-82.275,30.339],[-82.225,30.353],[-82.175,30.366],[-82.145,30.375],[-82.125,30.381],[-82.075,30.395],[-82.025,30.409],[-81.975,30.424],[-81.972,30.425],[-81.925,30.439],[-81.875,30.453],[-81.825,30.468],[-81.8,30.475],[-81.775,30.482],[-81.725,30.496],[-81.675,30.51],[-81.625,30.524],[-81.62,30.525],[-81.575,30.537],[-81.525,30.55],[-81.505,30.555]]]}},{"type":"Feature","properties":{"date":"2014-03-17","label":"17 Mar","yday":76,"tier":"day","major":false},"geometry":{"type":"MultiLineString","coordinates":[[[-85.21,29.71],[-85.175,29.724],[-85.173,29.725],[-85.125,29.745],[-85.075,29.765],[-85.052,29.775],[-85.025,29.786],[-84.975,29.806],[-84.928,29.825],[-84.925,29.826],[-84.875,29.846],[-84.825,29.865],[-84.8,29.875],[-84.775,29.884],[-84.725,29.903],[-84.675,29.921],[-84.664,29.925],[-84.625,29.939],[-84.575,29.956],[-84.525,29.972],[-84.517,29.975],[-84.475,29.988],[-84.456,29.994]],[[-84.408,30.008],[-84.375,30.018]],[[-84.006,30.106],[-83.975,30.112],[-83.925,30.121],[-83.904,30.125],[-83.875,30.13],[-83.825,30.139],[-83.775,30.148],[-83.725,30.157],[-83.675,30.165],[-83.625,30.174],[-83.618,30.175],[-83.575,30.182],[-83.525,30.191],[-83.475,30.199],[-83.425,30.208],[-83.375,30.216],[-83.326,30.225],[-83.325,30.225],[-83.275,30.234],[-83.225,30.243],[-83.175,30.252],[-83.125,30.261],[-83.075,30.271],[-83.052,30.275],[-83.025,30.28],[-82.975,30.29],[-82.925,30.3],[-82.875,30.31],[-82.825,30.32],[-82.802,30.325],[-82.775,30.331],[-82.725,30.342],[-82.675,30.352],[-82.625,30.364],[-82.575,30.375],[-82.575,30.375],[-82.525,30.387],[-82.475,30.399],[-82.425,30.411],[-82.375,30.423],[-82.367,30.425],[-82.325,30.436],[-82.275,30.448],[-82.225,30.461],[-82.175,30.475],[-82.173,30.475],[-82.125,30.488],[-82.075,30.501],[-82.025,30.515],[-81.989,30.525],[-81.975,30.529],[-81.925,30.543],[-81.875,30.556],[-81.825,30.57],[-81.807,30.575],[-81.775,30.584],[-81.725,30.597],[-81.675,30.61],[-81.625,30.624],[-81.619,30.625],[-81.575,30.637],[-81.525,30.649],[-81.475,30.662]]]}},{"type":"Feature","properties":{"date":"2014-03-18","label":"18 Mar","yday":77,"tier":"day","major":false},"geometry":{"type":"MultiLineString","coordinates":[[[-94.666,29.734],[-94.642,29.725],[-94.625,29.719],[-94.575,29.7],[-94.525,29.681],[-94.507,29.675],[-94.475,29.663]],[[-85.278,29.828],[-85.275,29.829],[-85.225,29.85],[-85.175,29.872],[-85.167,29.875],[-85.125,29.893],[-85.075,29.915],[-85.05,29.925],[-85.025,29.936],[-84.975,29.957],[-84.931,29.975],[-84.925,29.977],[-84.875,29.998],[-84.825,30.017],[-84.805,30.025],[-84.775,30.036],[-84.725,30.055],[-84.675,30.073],[-84.67,30.075],[-84.625,30.091],[-84.575,30.107],[-84.525,30.123],[-84.52,30.125],[-84.475,30.139],[-84.425,30.153],[-84.375,30.167],[-84.342,30.175],[-84.325,30.179],[-84.275,30.191],[-84.225,30.202],[-84.175,30.213],[-84.125,30.223],[-84.113,30.225],[-84.075,30.232],[-84.025,30.241],[-83.975,30.249],[-83.925,30.257],[-83.875,30.265],[-83.825,30.273],[-83.812,30.275],[-83.775,30.281],[-83.725,30.288],[-83.675,30.296],[-83.625,30.303],[-83.575,30.311],[-83.525,30.318],[-83.481,30.325],[-83.475,30.326],[-83.425,30.334],[-83.375,30.342],[-83.325,30.35],[-83.275,30.358],[-83.225,30.366],[-83.175,30.374],[-83.171,30.375],[-83.125,30.383],[-83.075,30.392],[-83.025,30.4],[-82.975,30.41],[-82.925,30.419],[-82.892,30.425],[-82.875,30.428],[-82.825,30.438],[-82.775,30.448],[-82.725,30.458],[-82.675,30.468],[-82.641,30.475],[-82.625,30.478],[-82.575,30.489],[-82.525,30.5],[-82.475,30.511],[-82.425,30.523],[-82.415,30.525],[-82.375,30.534],[-82.325,30.546],[-82.275,30.558],[-82.225,30.57],[-82.206,30.575],[-82.175,30.583],[-82.125,30.595],[-82.075,30.608],[-82.025,30.621],[-82.009,30.625],[-81.975,30.634],[-81.925,30.647],[-81.875,30.66],[-81.825,30.673],[-81.817,30.675],[-81.775,30.686],[-81.725,30.699],[-81.675,30.712],[-81.625,30.724],[-81.623,30.725],[-81.575,30.737],[-81.525,30.75]]]}},{"type":"Feature","properties":{"date":"2014-03-19","label":"19 Mar","yday":78,"tier":"day","major":false},"geometry":{"type":"MultiLineString","coordinates":[[[-85.381,29.931],[-85.375,29.934],[-85.325,29.957],[-85.284,29.975],[-85.275,29.979],[-85.225,30.002],[-85.175,30.024],[-85.173,30.025],[-85.125,30.046],[-85.075,30.068],[-85.06,30.075],[-85.025,30.09],[-84.975,30.111],[-84.942,30.125],[-84.925,30.132],[-84.875,30.153],[-84.825,30.172],[-84.818,30.175],[-84.775,30.192],[-84.725,30.21],[-84.683,30.225],[-84.675,30.228],[-84.625,30.245],[-84.575,30.261],[-84.528,30.275],[-84.525,30.276],[-84.475,30.29],[-84.425,30.304],[-84.375,30.316],[-84.335,30.325],[-84.325,30.327],[-84.275,30.337],[-84.225,30.347],[-84.175,30.355],[-84.125,30.364],[-84.075,30.371],[-84.049,30.375],[-84.025,30.378],[-83.975,30.385],[-83.925,30.392],[-83.875,30.399],[-83.825,30.405],[-83.775,30.412],[-83.725,30.419],[-83.676,30.425],[-83.675,30.425],[-83.625,30.432],[-83.575,30.439],[-83.525,30.445],[-83.475,30.452],[-83.425,30.459],[-83.375,30.467],[-83.325,30.474],[-83.318,30.475],[-83.275,30.481],[-83.225,30.489],[-83.175,30.497],[-83.125,30.505],[-83.075,30.513],[-83.025,30.521],[-83.001,30.525],[-82.975,30.529],[-82.925,30.538],[-82.875,30.547],[-82.825,30.556],[-82.775,30.565],[-82.725,30.574],[-82.721,30.575],[-82.675,30.584],[-82.625,30.593],[-82.575,30.603],[-82.525,30.614],[-82.475,30.624],[-82.471,30.625],[-82.425,30.635],[-82.375,30.646],[-82.325,30.657],[-82.275,30.668],[-82.245,30.675],[-82.225,30.68],[-82.175,30.691],[-82.125,30.703],[-82.075,30.715],[-82.034,30.725],[-82.025,30.727],[-81.975,30.739],[-81.925,30.752],[-81.875,30.764],[-81.832,30.775],[-81.825,30.777],[-81.775,30.789],[-81.725,30.802],[-81.675,30.814],[-81.633,30.825],[-81.625,30.827],[-81.575,30.84],[-81.525,30.852],[-81.475,30.865]]]}},{"type":"Feature","properties":{"date":"2014-03-20","label":"20 Mar","yday":79,"tier":"day","major":false},"geometry":{"type":"MultiLineString","coordinates":[[[-85.453,30.053],[-85.425,30.065],[-85.404,30.075],[-85.375,30.089],[-85.325,30.112],[-85.297,30.125],[-85.275,30.135],[-85.225,30.159],[-85.189,30.175],[-85.175,30.182],[-85.125,30.204],[-85.079,30.225],[-85.075,30.227],[-85.025,30.249],[-84.975,30.27],[-84.963,30.275],[-84.925,30.291],[-84.875,30.311],[-84.838,30.325],[-84.825,30.33],[-84.775,30.349],[-84.725,30.366],[-84.699,30.375],[-84.675,30.383],[-84.625,30.399],[-84.575,30.414],[-84.534,30.425],[-84.525,30.428],[-84.475,30.44],[-84.425,30.452],[-84.375,30.463],[-84.325,30.472],[-84.308,30.475],[-84.275,30.481],[-84.225,30.488],[-84.175,30.495],[-84.125,30.502],[-84.075,30.508],[-84.025,30.514],[-83.975,30.52],[-83.928,30.525],[-83.925,30.525],[-83.875,30.531],[-83.825,30.536],[-83.775,30.542],[-83.725,30.548],[-83.675,30.554],[-83.625,30.56],[-83.575,30.566],[-83.525,30.572],[-83.5,30.575],[-83.475,30.578],[-83.425,30.585],[-83.375,30.591],[-83.325,30.598],[-83.275,30.605],[-83.225,30.612],[-83.175,30.619],[-83.137,30.625],[-83.125,30.627],[-83.075,30.634],[-83.025,30.642],[-82.975,30.65],[-82.925,30.658],[-82.875,30.666],[-82.825,30.674],[-82.819,30.675],[-82.775,30.682],[-82.725,30.691],[-82.675,30.7],[-82.625,30.709],[-82.575,30.718],[-82.54,30.725],[-82.525,30.728],[-82.475,30.738],[-82.425,30.748],[-82.375,30.758],[-82.325,30.768],[-82.292,30.775],[-82.275,30.779],[-82.225,30.789],[-82.175,30.8],[-82.125,30.812],[-82.075,30.823],[-82.066,30.825],[-82.025,30.834],[-81.975,30.846],[-81.925,30.858],[-81.875,30.87],[-81.854,30.875],[-81.825,30.882],[-81.775,30.894],[-81.725,30.907],[-81.675,30.919],[-81.651,30.925],[-81.625,30.932],[-81.575,30.944],[-81.525,30.957]]]}},{"type":"Feature","properties":{"date":"2014-03-21","label":"21 Mar","yday":80,"tier":"five","major":false},"geometry":{"type":"MultiLineString","coordinates":[[[-94.375,30.122],[-94.325,30.104],[-94.275,30.085],[-94.248,30.075],[-94.225,30.067],[-94.175,30.048],[-94.158,30.042]],[[-85.641,30.125],[-85.625,30.132],[-85.575,30.155],[-85.532,30.175],[-85.525,30.179],[-85.475,30.202],[-85.427,30.225],[-85.425,30.226],[-85.375,30.25],[-85.325,30.274],[-85.323,30.275],[-85.275,30.297],[-85.225,30.321],[-85.216,30.325],[-85.175,30.344],[-85.125,30.366],[-85.105,30.375],[-85.075,30.388],[-85.025,30.41],[-84.988,30.425],[-84.975,30.431],[-84.925,30.451],[-84.875,30.47],[-84.861,30.475],[-84.825,30.488],[-84.775,30.506],[-84.725,30.522],[-84.715,30.525],[-84.675,30.537],[-84.625,30.552],[-84.575,30.565],[-84.532,30.575],[-84.525,30.577],[-84.475,30.587],[-84.425,30.597],[-84.375,30.606],[-84.325,30.614],[-84.275,30.621],[-84.239,30.625],[-84.225,30.627],[-84.175,30.632],[-84.125,30.638],[-84.075,30.642],[-84.025,30.647],[-83.975,30.652],[-83.925,30.656],[-83.875,30.661],[-83.825,30.666],[-83.775,30.671],[-83.733,30.675],[-83.725,30.676],[-83.675,30.681],[-83.625,30.687],[-83.575,30.692],[-83.525,30.698],[-83.475,30.704],[-83.425,30.71],[-83.375,30.716],[-83.325,30.723],[-83.308,30.725],[-83.275,30.729],[-83.225,30.736],[-83.175,30.743],[-83.125,30.749],[-83.075,30.756],[-83.025,30.763],[-82.975,30.771],[-82.945,30.775],[-82.925,30.778],[-82.875,30.785],[-82.825,30.793],[-82.775,30.801],[-82.725,30.809],[-82.675,30.817],[-82.628,30.825],[-82.625,30.825],[-82.575,30.834],[-82.525,30.843],[-82.475,30.852],[-82.425,30.861],[-82.375,30.871],[-82.353,30.875],[-82.325,30.88],[-82.275,30.89],[-82.225,30.901],[-82.175,30.911],[-82.125,30.922],[-82.109,30.925],[-82.075,30.932],[-82.025,30.943],[-81.975,30.955],[-81.925,30.966],[-81.886,30.975],[-81.875,30.978],[-81.825,30.989],[-81.775,31.002],[-81.725,31.014],[-81.68,31.025],[-81.675,31.026],[-81.625,31.039],[-81.575,31.052],[-81.525,31.065],[-81.485,31.075],[-81.477,31.077]],[[-94.753,30.253],[-94.725,30.244],[-94.675,30.228]]]}},{"type":"Feature","properties":{"date":"2014-03-22","label":"22 Mar","yday":81,"tier":"day","major":false},"geometry":{"type":"MultiLineString","coordinates":[[[-85.812,30.212],[-85.782,30.225]],[[-85.674,30.274],[-85.673,30.275],[-85.625,30.297],[-85.575,30.321],[-85.567,30.325],[-85.525,30.345],[-85.475,30.369],[-85.462,30.375],[-85.425,30.393],[-85.375,30.416],[-85.356,30.425],[-85.325,30.44],[-85.275,30.463],[-85.248,30.475],[-85.225,30.486],[-85.175,30.508],[-85.136,30.525],[-85.125,30.53],[-85.075,30.551],[-85.025,30.571],[-85.015,30.575],[-84.975,30.591],[-84.925,30.61],[-84.882,30.625],[-84.875,30.628],[-84.825,30.645],[-84.775,30.661],[-84.728,30.675],[-84.725,30.676],[-84.675,30.69],[-84.625,30.702],[-84.575,30.713],[-84.525,30.724],[-84.517,30.725],[-84.475,30.732],[-84.425,30.74],[-84.375,30.747],[-84.325,30.753],[-84.275,30.758],[-84.225,30.763],[-84.175,30.767],[-84.125,30.771],[-84.075,30.775],[-84.075,30.775],[-84.025,30.779],[-83.975,30.782],[-83.925,30.786],[-83.875,30.79],[-83.825,30.794],[-83.775,30.799],[-83.725,30.803],[-83.675,30.808],[-83.625,30.814],[-83.575,30.819],[-83.525,30.825],[-83.521,30.825],[-83.475,30.83],[-83.425,30.836],[-83.375,30.842],[-83.325,30.848],[-83.275,30.854],[-83.225,30.86],[-83.175,30.867],[-83.125,30.873],[-83.109,30.875],[-83.075,30.879],[-83.025,30.886],[-82.975,30.892],[-82.925,30.899],[-82.875,30.906],[-82.825,30.913],[-82.775,30.92],[-82.743,30.925],[-82.725,30.928],[-82.675,30.935],[-82.625,30.943],[-82.575,30.951],[-82.525,30.959],[-82.475,30.968],[-82.434,30.975],[-82.425,30.976],[-82.375,30.985],[-82.325,30.995],[-82.275,31.004],[-82.225,31.013],[-82.175,31.023],[-82.166,31.025],[-82.125,31.033],[-82.075,31.044],[-82.025,31.054],[-81.975,31.065],[-81.931,31.075],[-81.925,31.076],[-81.875,31.088],[-81.825,31.1],[-81.775,31.112],[-81.725,31.124],[-81.721,31.125],[-81.675,31.137],[-81.625,31.15],[-81.575,31.163],[-81.53,31.175],[-81.525,31.176],[-81.475,31.19],[-81.454,31.196]],[[-94.4,30.3],[-94.375,30.291],[-94.332,30.275],[-94.325,30.272],[-94.275,30.253],[-94.225,30.234],[-94.2,30.225],[-94.175,30.216],[-94.125,30.197],[-94.075,30.178],[-94.066,30.175],[-94.025,30.16],[-93.975,30.142],[-93.962,30.138]],[[-94.825,30.44],[-94.775,30.426],[-94.772,30.425],[-94.725,30.411],[-94.675,30.396]],[[-81.408,31.208],[-81.375,31.218],[-81.35,31.225],[-81.325,31.232],[-81.315,31.235]]]}},{"type":"Feature","properties":{"date":"2014-03-23","label":"23 Mar","yday":82,"tier":"day","major":false},"geometry":{"type":"MultiLineString","coordinates":[[[-89.632,30.182],[-89.625,30.181],[-89.599,30.175]],[[-85.996,30.296],[-85.975,30.305],[-85.931,30.325],[-85.925,30.328],[-85.875,30.351],[-85.825,30.374],[-85.823,30.375],[-85.775,30.397],[-85.725,30.421],[-85.716,30.425],[-85.675,30.444],[-85.625,30.468],[-85.609,30.475],[-85.575,30.491],[-85.525,30.515],[-85.503,30.525],[-85.475,30.538],[-85.425,30.561],[-85.394,30.575],[-85.375,30.584],[-85.325,30.606],[-85.282,30.625],[-85.275,30.628],[-85.225,30.649],[-85.175,30.67],[-85.164,30.675],[-85.125,30.691],[-85.075,30.711],[-85.037,30.725],[-85.025,30.73],[-84.975,30.748],[-84.925,30.765],[-84.896,30.775],[-84.875,30.782],[-84.825,30.797],[-84.775,30.812],[-84.728,30.825],[-84.725,30.826],[-84.675,30.838],[-84.625,30.849],[-84.575,30.859],[-84.525,30.867],[-84.475,30.874],[-84.467,30.875],[-84.425,30.88],[-84.375,30.885],[-84.325,30.89],[-84.275,30.894],[-84.225,30.897],[-84.175,30.9],[-84.125,30.904],[-84.075,30.906],[-84.025,30.909],[-83.975,30.912],[-83.925,30.915],[-83.875,30.919],[-83.825,30.923],[-83.798,30.925],[-83.775,30.927],[-83.725,30.932],[-83.675,30.936],[-83.625,30.941],[-83.575,30.947],[-83.525,30.952],[-83.475,30.957],[-83.425,30.963],[-83.375,30.968],[-83.325,30.974],[-83.316,30.975],[-83.275,30.98],[-83.225,30.986],[-83.175,30.991],[-83.125,30.997],[-83.075,31.003],[-83.025,31.009],[-82.975,31.015],[-82.925,31.022],[-82.899,31.025],[-82.875,31.028],[-82.825,31.035],[-82.775,31.041],[-82.725,31.048],[-82.675,31.055],[-82.625,31.063],[-82.575,31.07],[-82.544,31.075],[-82.525,31.078],[-82.475,31.086],[-82.425,31.094],[-82.375,31.102],[-82.325,31.111],[-82.275,31.12],[-82.247,31.125],[-82.225,31.129],[-82.175,31.138],[-82.125,31.148],[-82.075,31.158],[-82.025,31.168],[-81.993,31.175],[-81.975,31.179],[-81.925,31.19],[-81.875,31.202],[-81.825,31.213],[-81.778,31.225],[-81.775,31.226],[-81.725,31.238],[-81.675,31.252],[-81.625,31.265],[-81.59,31.275],[-81.575,31.279],[-81.525,31.293],[-81.475,31.308],[-81.425,31.322],[-81.423,31.323]],[[-94.517,30.517],[-94.475,30.502],[-94.425,30.484],[-94.4,30.475],[-94.375,30.466],[-94.325,30.447],[-94.275,30.428],[-94.267,30.425],[-94.225,30.409],[-94.175,30.39],[-94.137,30.375],[-94.125,30.37],[-94.075,30.351],[-94.025,30.332],[-94.005,30.325],[-93.975,30.314],[-93.925,30.296],[-93.875,30.278],[-93.872,30.278]]]}},{"type":"Feature","properties":{"date":"2014-03-24","label":"24 Mar","yday":83,"tier":"day","major":false},"geometry":{"type":"MultiLineString","coordinates":[[[-90.125,30.42],[-90.075,30.412],[-90.025,30.403],[-89.975,30.395],[-89.925,30.386],[-89.875,30.377],[-89.867,30.375],[-89.825,30.367],[-89.775,30.357],[-89.725,30.347],[-89.675,30.336],[-89.625,30.325],[-89.625,30.325],[-89.575,30.314],[-89.525,30.303],[-89.475,30.291],[-89.425,30.28],[-89.421,30.279]],[[-86.205,30.375],[-86.184,30.384]],[[-86.08,30.43],[-86.075,30.432],[-86.025,30.455],[-85.983,30.475],[-85.975,30.479],[-85.925,30.502],[-85.876,30.525],[-85.875,30.525],[-85.825,30.549],[-85.775,30.572],[-85.768,30.575],[-85.725,30.595],[-85.675,30.618],[-85.659,30.625],[-85.625,30.64],[-85.575,30.662],[-85.547,30.675],[-85.525,30.684],[-85.475,30.706],[-85.431,30.725],[-85.425,30.728],[-85.375,30.749],[-85.325,30.769],[-85.311,30.775],[-85.275,30.789],[-85.225,30.809],[-85.184,30.825],[-85.175,30.828],[-85.125,30.847],[-85.075,30.865],[-85.045,30.875],[-85.025,30.882],[-84.975,30.898],[-84.925,30.914],[-84.889,30.925],[-84.875,30.929],[-84.825,30.943],[-84.775,30.957],[-84.725,30.969],[-84.699,30.975],[-84.675,30.98],[-84.625,30.99],[-84.575,30.997],[-84.525,31.004],[-84.475,31.009],[-84.425,31.014],[-84.375,31.019],[-84.325,31.022],[-84.288,31.025],[-84.275,31.026],[-84.225,31.029],[-84.175,31.032],[-84.125,31.035],[-84.075,31.037],[-84.025,31.04],[-83.975,31.043],[-83.925,31.046],[-83.875,31.049],[-83.825,31.053],[-83.775,31.057],[-83.725,31.061],[-83.675,31.066],[-83.625,31.07],[-83.577,31.075],[-83.575,31.075],[-83.525,31.08],[-83.475,31.085],[-83.425,31.09],[-83.375,31.096],[-83.325,31.101],[-83.275,31.106],[-83.225,31.112],[-83.175,31.117],[-83.125,31.123],[-83.106,31.125],[-83.075,31.128],[-83.025,31.134],[-82.975,31.14],[-82.925,31.146],[-82.875,31.152],[-82.825,31.158],[-82.775,31.165],[-82.725,31.171],[-82.696,31.175],[-82.675,31.178],[-82.625,31.185],[-82.575,31.192],[-82.525,31.199],[-82.475,31.207],[-82.425,31.215],[-82.375,31.223],[-82.36,31.225],[-82.325,31.231],[-82.275,31.239],[-82.225,31.248],[-82.175,31.257],[-82.125,31.266],[-82.081,31.275],[-82.075,31.276],[-82.025,31.286],[-81.975,31.297],[-81.925,31.308],[-81.875,31.32],[-81.853,31.325],[-81.825,31.332],[-81.775,31.345],[-81.725,31.358],[-81.675,31.372],[-81.666,31.375],[-81.625,31.387],[-81.575,31.402],[-81.525,31.417],[-81.5,31.425],[-81.475,31.433],[-81.425,31.448],[-81.375,31.464],[-81.339,31.475],[-81.325,31.479],[-81.275,31.495],[-81.225,31.51],[-81.176,31.524]],[[-90.939,30.489],[-90.925,30.489],[-90.875,30.488],[-90.825,30.486],[-90.775,30.484],[-90.725,30.482],[-90.675,30.479],[-90.625,30.476],[-90.613,30.475],[-90.575,30.472],[-90.525,30.468],[-90.475,30.464],[-90.425,30.459],[-90.375,30.454],[-90.349,30.451]],[[-94.776,30.776],[-94.775,30.776],[-94.771,30.775],[-94.725,30.762],[-94.675,30.748],[-94.625,30.733],[-94.601,30.725],[-94.575,30.717],[-94.525,30.7],[-94.475,30.683],[-94.452,30.675],[-94.425,30.665],[-94.375,30.647],[-94.325,30.628],[-94.316,30.625],[-94.275,30.609],[-94.225,30.59],[-94.186,30.575],[-94.175,30.571],[-94.125,30.551],[-94.075,30.532],[-94.058,30.525],[-94.025,30.512],[-93.975,30.493],[-93.927,30.475],[-93.925,30.474],[-93.875,30.456],[-93.825,30.439],[-93.785,30.425],[-93.775,30.422],[-93.725,30.406],[-93.675,30.391],[-93.625,30.376],[-93.62,30.375],[-93.575,30.363],[-93.525,30.351],[-93.475,30.34],[-93.425,30.331],[-93.393,30.325],[-93.375,30.322],[-93.325,30.314],[-93.275,30.308],[-93.225,30.302],[-93.175,30.298],[-93.125,30.295],[-93.075,30.294],[-93.025,30.293],[-92.975,30.294],[-92.925,30.295],[-92.904,30.296]],[[-95.035,30.835],[-95.025,30.833],[-94.985,30.825]]]}},{"type":"Feature","properties":{"date":"2014-03-25","label":"25 Mar","yday":84,"tier":"day","major":false},"geometry":{"type":"MultiLineString","coordinates":[[[-86.271,30.525],[-86.225,30.546],[-86.175,30.569],[-86.162,30.575],[-86.125,30.592],[-86.075,30.616],[-86.055,30.625],[-86.025,30.639],[-85.975,30.662],[-85.946,30.675],[-85.925,30.684],[-85.875,30.707],[-85.833,30.725],[-85.825,30.728],[-85.775,30.75],[-85.725,30.771],[-85.715,30.775],[-85.675,30.791],[-85.625,30.812],[-85.592,30.825],[-85.575,30.832],[-85.525,30.851],[-85.475,30.87],[-85.463,30.875],[-85.425,30.889],[-85.375,30.908],[-85.329,30.925],[-85.325,30.926],[-85.275,30.944],[-85.225,30.962],[-85.186,30.975],[-85.175,30.979],[-85.125,30.995],[-85.075,31.011],[-85.029,31.025],[-85.025,31.026],[-84.975,31.041],[-84.925,31.055],[-84.875,31.068],[-84.848,31.075],[-84.825,31.081],[-84.775,31.092],[-84.725,31.102],[-84.675,31.112],[-84.625,31.12],[-84.59,31.125],[-84.575,31.127],[-84.525,31.133],[-84.475,31.139],[-84.425,31.143],[-84.375,31.148],[-84.325,31.152],[-84.275,31.155],[-84.225,31.158],[-84.175,31.161],[-84.125,31.164],[-84.075,31.167],[-84.025,31.17],[-83.975,31.173],[-83.95,31.175],[-83.925,31.177],[-83.875,31.18],[-83.825,31.184],[-83.775,31.188],[-83.725,31.192],[-83.675,31.196],[-83.625,31.2],[-83.575,31.205],[-83.525,31.21],[-83.475,31.214],[-83.425,31.219],[-83.375,31.224],[-83.368,31.225],[-83.325,31.229],[-83.275,31.235],[-83.225,31.24],[-83.175,31.245],[-83.125,31.251],[-83.075,31.256],[-83.025,31.261],[-82.975,31.267],[-82.925,31.273],[-82.907,31.275],[-82.875,31.279],[-82.825,31.285],[-82.775,31.291],[-82.725,31.297],[-82.675,31.304],[-82.625,31.311],[-82.575,31.318],[-82.525,31.325],[-82.524,31.325],[-82.475,31.332],[-82.425,31.34],[-82.375,31.348],[-82.325,31.356],[-82.275,31.364],[-82.225,31.372],[-82.21,31.375],[-82.175,31.381],[-82.125,31.391],[-82.075,31.4],[-82.025,31.41],[-81.975,31.421],[-81.955,31.425],[-81.925,31.432],[-81.875,31.444],[-81.825,31.457],[-81.775,31.471],[-81.762,31.475],[-81.725,31.486],[-81.675,31.502],[-81.625,31.518],[-81.602,31.525],[-81.575,31.534],[-81.525,31.551],[-81.475,31.567],[-81.451,31.575],[-81.425,31.584],[-81.375,31.6],[-81.325,31.616],[-81.296,31.625],[-81.275,31.632],[-81.266,31.634]],[[-91.138,30.638],[-91.125,30.638],[-91.075,30.638],[-91.025,30.637],[-90.975,30.637],[-90.925,30.635],[-90.875,30.634],[-90.825,30.631],[-90.775,30.629],[-90.725,30.626],[-90.709,30.625],[-90.675,30.623],[-90.625,30.619],[-90.575,30.615],[-90.525,30.611],[-90.475,30.607],[-90.425,30.601],[-90.375,30.596],[-90.325,30.59],[-90.275,30.583],[-90.225,30.577],[-90.214,30.575],[-90.175,30.569],[-90.125,30.562],[-90.075,30.554],[-90.025,30.546],[-89.975,30.537],[-89.925,30.528],[-89.907,30.525],[-89.875,30.519],[-89.825,30.51],[-89.775,30.5],[-89.725,30.49],[-89.675,30.479],[-89.654,30.475],[-89.625,30.469],[-89.575,30.458],[-89.525,30.447],[-89.475,30.436],[-89.427,30.425],[-89.425,30.424],[-89.375,30.413],[-89.325,30.402],[-89.275,30.39],[-89.225,30.378],[-89.21,30.375],[-89.182,30.368]],[[-95.175,31.03],[-95.136,31.025],[-95.125,31.023],[-95.075,31.016],[-95.025,31.008],[-94.975,30.999],[-94.925,30.99],[-94.875,30.98],[-94.851,30.975],[-94.825,30.969],[-94.775,30.957],[-94.725,30.945],[-94.675,30.931],[-94.655,30.925],[-94.625,30.916],[-94.575,30.901],[-94.525,30.885],[-94.495,30.875],[-94.475,30.868],[-94.425,30.851],[-94.375,30.833],[-94.352,30.825],[-94.325,30.815],[-94.275,30.796],[-94.225,30.777],[-94.219,30.775],[-94.175,30.758],[-94.125,30.739],[-94.091,30.725],[-94.075,30.719],[-94.025,30.699],[-93.975,30.679],[-93.964,30.675],[-93.925,30.66],[-93.875,30.641],[-93.832,30.625],[-93.825,30.622],[-93.775,30.604],[-93.725,30.587],[-93.688,30.575],[-93.675,30.571],[-93.625,30.555],[-93.575,30.541],[-93.525,30.528],[-93.515,30.525],[-93.475,30.515],[-93.425,30.504],[-93.375,30.494],[-93.325,30.486],[-93.275,30.478],[-93.249,30.475],[-93.225,30.472],[-93.175,30.467],[-93.125,30.463],[-93.075,30.461],[-93.025,30.459],[-92.975,30.459],[-92.925,30.459],[-92.875,30.461],[-92.825,30.463],[-92.775,30.466],[-92.725,30.47],[-92.675,30.475],[-92.671,30.475],[-92.625,30.48],[-92.575,30.485],[-92.525,30.491],[-92.475,30.498]]]}},{"type":"Feature","properties":{"date":"2014-03-26","label":"26 Mar","yday":85,"tier":"five","major":false},"geometry":{"type":"MultiLineString","coordinates":[[[-87.79,30.34],[-87.775,30.341],[-87.725,30.346],[-87.675,30.351],[-87.625,30.357],[-87.575,30.364],[-87.525,30.372],[-87.508,30.375],[-87.475,30.381],[-87.468,30.382]],[[-87.342,30.408],[-87.325,30.412],[-87.275,30.424],[-87.271,30.425],[-87.225,30.437],[-87.209,30.441]],[[-88.835,30.435],[-88.825,30.433],[-88.787,30.425],[-88.775,30.423],[-88.725,30.413],[-88.675,30.403],[-88.625,30.394],[-88.575,30.385],[-88.525,30.377],[-88.514,30.375],[-88.475,30.369],[-88.437,30.363]],[[-86.951,30.501],[-86.925,30.507],[-86.875,30.518],[-86.842,30.525],[-86.825,30.529],[-86.775,30.54],[-86.725,30.553],[-86.675,30.566],[-86.643,30.575],[-86.625,30.58],[-86.575,30.597],[-86.525,30.615],[-86.498,30.625],[-86.475,30.634],[-86.425,30.656],[-86.382,30.675],[-86.375,30.678],[-86.325,30.701],[-86.275,30.724],[-86.273,30.725],[-86.225,30.747],[-86.175,30.769],[-86.162,30.775],[-86.125,30.791],[-86.075,30.813],[-86.046,30.825],[-86.025,30.834],[-85.975,30.854],[-85.925,30.873],[-85.92,30.875],[-85.875,30.892],[-85.825,30.91],[-85.783,30.925],[-85.775,30.928],[-85.725,30.945],[-85.675,30.962],[-85.638,30.975],[-85.625,30.979],[-85.575,30.996],[-85.525,31.012],[-85.487,31.025],[-85.475,31.029],[-85.425,31.045],[-85.375,31.061],[-85.331,31.075],[-85.325,31.077],[-85.275,31.092],[-85.225,31.108],[-85.175,31.123],[-85.167,31.125],[-85.125,31.137],[-85.075,31.151],[-85.025,31.165],[-84.985,31.175],[-84.975,31.177],[-84.925,31.19],[-84.875,31.201],[-84.825,31.212],[-84.775,31.222],[-84.758,31.225],[-84.725,31.231],[-84.675,31.239],[-84.625,31.247],[-84.575,31.253],[-84.525,31.259],[-84.475,31.265],[-84.425,31.27],[-84.375,31.274],[-84.366,31.275],[-84.325,31.278],[-84.275,31.282],[-84.225,31.286],[-84.175,31.289],[-84.125,31.293],[-84.075,31.296],[-84.025,31.299],[-83.975,31.303],[-83.925,31.307],[-83.875,31.31],[-83.825,31.314],[-83.775,31.318],[-83.725,31.322],[-83.693,31.325],[-83.675,31.327],[-83.625,31.331],[-83.575,31.336],[-83.525,31.34],[-83.475,31.345],[-83.425,31.35],[-83.375,31.355],[-83.325,31.36],[-83.275,31.365],[-83.225,31.37],[-83.18,31.375],[-83.175,31.376],[-83.125,31.381],[-83.075,31.386],[-83.025,31.392],[-82.975,31.398],[-82.925,31.403],[-82.875,31.409],[-82.825,31.415],[-82.775,31.422],[-82.749,31.425],[-82.725,31.428],[-82.675,31.435],[-82.625,31.442],[-82.575,31.449],[-82.525,31.456],[-82.475,31.463],[-82.425,31.471],[-82.4,31.475],[-82.375,31.479],[-82.325,31.487],[-82.275,31.496],[-82.225,31.505],[-82.175,31.514],[-82.125,31.523],[-82.114,31.525],[-82.075,31.533],[-82.025,31.543],[-81.975,31.554],[-81.925,31.566],[-81.891,31.575],[-81.875,31.579],[-81.825,31.594],[-81.775,31.61],[-81.73,31.625],[-81.725,31.627],[-81.675,31.644],[-81.625,31.662],[-81.586,31.675],[-81.575,31.679],[-81.525,31.697],[-81.475,31.714],[-81.442,31.725],[-81.425,31.731],[-81.375,31.747],[-81.325,31.763],[-81.288,31.775],[-81.275,31.779],[-81.225,31.794],[-81.175,31.808],[-81.125,31.821],[-81.109,31.825],[-81.082,31.832]],[[-92.366,30.675],[-92.325,30.68],[-92.275,30.687],[-92.225,30.694],[-92.175,30.701],[-92.145,30.705]],[[-91.236,30.786],[-91.225,30.786],[-91.175,30.786],[-91.125,30.786],[-91.075,30.786],[-91.025,30.785],[-90.975,30.783],[-90.925,30.782],[-90.875,30.779],[-90.825,30.777],[-90.798,30.775],[-90.775,30.774],[-90.725,30.77],[-90.675,30.767],[-90.625,30.762],[-90.575,30.758],[-90.525,30.753],[-90.475,30.748],[-90.425,30.743],[-90.375,30.737],[-90.325,30.731],[-90.275,30.725],[-90.274,30.725],[-90.225,30.718],[-90.175,30.711],[-90.125,30.704],[-90.075,30.696],[-90.025,30.688],[-89.975,30.68],[-89.947,30.675],[-89.925,30.671],[-89.875,30.662],[-89.825,30.653],[-89.775,30.643],[-89.725,30.633],[-89.683,30.625],[-89.675,30.623],[-89.625,30.613],[-89.575,30.603],[-89.525,30.592],[-89.475,30.581],[-89.448,30.575],[-89.425,30.57],[-89.375,30.559],[-89.325,30.548],[-89.275,30.536],[-89.226,30.525],[-89.225,30.525],[-89.175,30.513],[-89.125,30.502],[-89.075,30.49],[-89.025,30.478],[-89.011,30.475],[-88.982,30.468]],[[-94.72,31.125],[-94.675,31.113],[-94.625,31.1],[-94.575,31.085],[-94.541,31.075],[-94.525,31.07],[-94.475,31.054],[-94.425,31.038],[-94.388,31.025],[-94.375,31.021],[-94.325,31.003],[-94.275,30.985],[-94.247,30.975],[-94.225,30.967],[-94.175,30.948],[-94.125,30.929],[-94.114,30.925],[-94.075,30.91],[-94.025,30.891],[-93.985,30.875],[-93.975,30.871],[-93.925,30.851],[-93.875,30.832],[-93.857,30.825],[-93.825,30.813],[-93.775,30.794],[-93.725,30.776],[-93.723,30.775],[-93.675,30.758],[-93.625,30.742],[-93.575,30.726],[-93.573,30.725],[-93.525,30.711],[-93.475,30.697],[-93.425,30.685],[-93.38,30.675],[-93.375,30.674],[-93.325,30.664],[-93.275,30.656],[-93.225,30.649],[-93.175,30.643],[-93.125,30.638],[-93.075,30.635],[-93.025,30.632],[-92.975,30.631],[-92.925,30.63],[-92.875,30.631],[-92.825,30.632],[-92.775,30.634],[-92.725,30.637],[-92.675,30.641],[-92.625,30.645],[-92.575,30.65],[-92.525,30.655],[-92.475,30.661],[-92.425,30.667],[-92.376,30.674]]]}},{"type":"Feature","properties":{"date":"2014-03-27","label":"27 Mar","yday":86,"tier":"day","major":false},"geometry":{"type":"MultiLineString","coordinates":[[[-87.908,30.492],[-87.875,30.495],[-87.825,30.501],[-87.775,30.507],[-87.725,30.515],[-87.675,30.523],[-87.666,30.525],[-87.625,30.533],[-87.575,30.543],[-87.525,30.555],[-87.475,30.567],[-87.446,30.575],[-87.425,30.581],[-87.375,30.595],[-87.325,30.61],[-87.275,30.625],[-87.275,30.625],[-87.225,30.64],[-87.175,30.656],[-87.125,30.671],[-87.111,30.675],[-87.075,30.686],[-87.025,30.7],[-86.975,30.713],[-86.929,30.725],[-86.925,30.726],[-86.875,30.738],[-86.825,30.751],[-86.775,30.765],[-86.738,30.775],[-86.725,30.779],[-86.675,30.794],[-86.625,30.811],[-86.584,30.825],[-86.575,30.828],[-86.525,30.847],[-86.475,30.867],[-86.456,30.875],[-86.425,30.888],[-86.375,30.908],[-86.333,30.925],[-86.325,30.928],[-86.275,30.948],[-86.225,30.966],[-86.201,30.975],[-86.175,30.984],[-86.125,31.001],[-86.075,31.017],[-86.049,31.025],[-86.025,31.032],[-85.975,31.047],[-85.925,31.061],[-85.875,31.075],[-85.874,31.075],[-85.825,31.088],[-85.775,31.101],[-85.725,31.115],[-85.686,31.125],[-85.675,31.128],[-85.625,31.141],[-85.575,31.155],[-85.525,31.168],[-85.5,31.175],[-85.475,31.182],[-85.425,31.195],[-85.375,31.209],[-85.325,31.223],[-85.316,31.225],[-85.275,31.236],[-85.225,31.249],[-85.175,31.263],[-85.126,31.275],[-85.125,31.275],[-85.075,31.287],[-85.025,31.299],[-84.975,31.31],[-84.925,31.321],[-84.906,31.325],[-84.875,31.331],[-84.825,31.341],[-84.775,31.35],[-84.725,31.358],[-84.675,31.365],[-84.625,31.372],[-84.604,31.375],[-84.575,31.379],[-84.525,31.385],[-84.475,31.39],[-84.425,31.395],[-84.375,31.4],[-84.325,31.404],[-84.275,31.408],[-84.225,31.412],[-84.175,31.416],[-84.125,31.42],[-84.075,31.424],[-84.064,31.425],[-84.025,31.428],[-83.975,31.432],[-83.925,31.436],[-83.875,31.44],[-83.825,31.445],[-83.775,31.449],[-83.725,31.454],[-83.675,31.458],[-83.625,31.463],[-83.575,31.468],[-83.525,31.473],[-83.5,31.475],[-83.475,31.477],[-83.425,31.483],[-83.375,31.488],[-83.325,31.493],[-83.275,31.498],[-83.225,31.504],[-83.175,31.509],[-83.125,31.515],[-83.075,31.521],[-83.037,31.525],[-83.025,31.526],[-82.975,31.532],[-82.925,31.539],[-82.875,31.545],[-82.825,31.551],[-82.775,31.558],[-82.725,31.565],[-82.675,31.572],[-82.653,31.575],[-82.625,31.579],[-82.575,31.587],[-82.525,31.595],[-82.475,31.603],[-82.425,31.611],[-82.375,31.619],[-82.343,31.625],[-82.325,31.628],[-82.275,31.638],[-82.225,31.647],[-82.175,31.657],[-82.125,31.668],[-82.094,31.675],[-82.075,31.679],[-82.025,31.692],[-81.975,31.705],[-81.925,31.719],[-81.903,31.725],[-81.875,31.734],[-81.825,31.75],[-81.775,31.767],[-81.751,31.775],[-81.725,31.784],[-81.675,31.802],[-81.625,31.82],[-81.61,31.825],[-81.575,31.838],[-81.525,31.856],[-81.475,31.873],[-81.469,31.875],[-81.425,31.89],[-81.375,31.906],[-81.325,31.922],[-81.315,31.925],[-81.275,31.937],[-81.225,31.951],[-81.175,31.964],[-81.127,31.975],[-81.125,31.976],[-81.075,31.986],[-81.025,31.996],[-80.975,32.005],[-80.925,32.013],[-80.915,32.015]],[[-91.325,30.937],[-91.275,30.938],[-91.225,30.938],[-91.175,30.938],[-91.125,30.937],[-91.075,30.936],[-91.025,30.935],[-90.975,30.933],[-90.925,30.93],[-90.875,30.927],[-90.841,30.925],[-90.825,30.924],[-90.775,30.92],[-90.725,30.916],[-90.675,30.912],[-90.625,30.907],[-90.575,30.903],[-90.525,30.897],[-90.475,30.892],[-90.425,30.887],[-90.375,30.881],[-90.327,30.875],[-90.325,30.875],[-90.275,30.869],[-90.225,30.862],[-90.175,30.855],[-90.125,30.848],[-90.075,30.84],[-90.025,30.832],[-89.979,30.825],[-89.975,30.824],[-89.925,30.816],[-89.875,30.807],[-89.825,30.798],[-89.775,30.789],[-89.725,30.779],[-89.704,30.775],[-89.675,30.769],[-89.625,30.759],[-89.575,30.749],[-89.525,30.739],[-89.475,30.728],[-89.461,30.725],[-89.425,30.717],[-89.375,30.707],[-89.325,30.696],[-89.275,30.685],[-89.232,30.675],[-89.225,30.673],[-89.175,30.662],[-89.125,30.651],[-89.075,30.64],[-89.025,30.628],[-89.009,30.625],[-88.975,30.617],[-88.925,30.606],[-88.875,30.595],[-88.825,30.585],[-88.778,30.575],[-88.775,30.574],[-88.725,30.564],[-88.675,30.555],[-88.625,30.546],[-88.575,30.537],[-88.525,30.528],[-88.505,30.525],[-88.475,30.52],[-88.425,30.513],[-88.375,30.506],[-88.325,30.5],[-88.275,30.494],[-88.225,30.49],[-88.175,30.487],[-88.125,30.485]],[[-94.525,31.25],[-94.475,31.235],[-94.441,31.225],[-94.425,31.22],[-94.375,31.204],[-94.325,31.188],[-94.285,31.175],[-94.275,31.171],[-94.225,31.154],[-94.175,31.137],[-94.142,31.125],[-94.125,31.119],[-94.075,31.101],[-94.025,31.082],[-94.005,31.075],[-93.975,31.064],[-93.925,31.045],[-93.875,31.026],[-93.872,31.025],[-93.825,31.007],[-93.775,30.989],[-93.738,30.975],[-93.725,30.97],[-93.675,30.952],[-93.625,30.935],[-93.594,30.925],[-93.575,30.919],[-93.525,30.903],[-93.475,30.888],[-93.428,30.875],[-93.425,30.874],[-93.375,30.862],[-93.325,30.851],[-93.275,30.841],[-93.225,30.833],[-93.175,30.827],[-93.161,30.825],[-93.125,30.821],[-93.075,30.817],[-93.025,30.814],[-92.975,30.811],[-92.925,30.81],[-92.875,30.809],[-92.825,30.809],[-92.775,30.81],[-92.725,30.812],[-92.675,30.815],[-92.625,30.818],[-92.575,30.822],[-92.543,30.825],[-92.525,30.827],[-92.475,30.832],[-92.425,30.837],[-92.375,30.842],[-92.325,30.848],[-92.275,30.854],[-92.225,30.86],[-92.175,30.866],[-92.125,30.872]]]}},{"type":"Feature","properties":{"date":"2014-03-28","label":"28 Mar","yday":87,"tier":"day","major":false},"geometry":{"type":"MultiLineString","coordinates":[[[-87.925,30.664],[-87.875,30.671],[-87.853,30.675],[-87.825,30.68],[-87.775,30.69],[-87.725,30.701],[-87.675,30.712],[-87.626,30.725],[-87.625,30.725],[-87.575,30.739],[-87.525,30.754],[-87.475,30.769],[-87.457,30.775],[-87.425,30.785],[-87.375,30.802],[-87.325,30.819],[-87.308,30.825],[-87.275,30.836],[-87.225,30.854],[-87.175,30.871],[-87.163,30.875],[-87.125,30.888],[-87.075,30.905],[-87.025,30.921],[-87.014,30.925],[-86.975,30.938],[-86.925,30.954],[-86.875,30.971],[-86.862,30.975],[-86.825,30.987],[-86.775,31.005],[-86.725,31.022],[-86.717,31.025],[-86.675,31.04],[-86.625,31.058],[-86.58,31.075],[-86.575,31.077],[-86.525,31.095],[-86.475,31.113],[-86.439,31.125],[-86.425,31.13],[-86.375,31.145],[-86.325,31.16],[-86.275,31.173],[-86.265,31.175],[-86.225,31.184],[-86.175,31.195],[-86.125,31.205],[-86.075,31.214],[-86.025,31.223],[-86.016,31.225],[-85.975,31.232],[-85.925,31.241],[-85.875,31.25],[-85.825,31.259],[-85.775,31.268],[-85.741,31.275],[-85.725,31.278],[-85.675,31.288],[-85.625,31.298],[-85.575,31.309],[-85.525,31.32],[-85.502,31.325],[-85.475,31.331],[-85.425,31.342],[-85.375,31.354],[-85.325,31.366],[-85.286,31.375],[-85.275,31.378],[-85.225,31.389],[-85.175,31.4],[-85.125,31.411],[-85.075,31.422],[-85.06,31.425],[-85.025,31.432],[-84.975,31.442],[-84.925,31.451],[-84.875,31.46],[-84.825,31.469],[-84.786,31.475],[-84.775,31.477],[-84.725,31.484],[-84.675,31.491],[-84.625,31.498],[-84.575,31.504],[-84.525,31.51],[-84.475,31.515],[-84.425,31.521],[-84.379,31.525],[-84.375,31.525],[-84.325,31.53],[-84.275,31.535],[-84.225,31.539],[-84.175,31.543],[-84.125,31.548],[-84.075,31.553],[-84.025,31.557],[-83.975,31.562],[-83.925,31.566],[-83.875,31.571],[-83.834,31.575],[-83.825,31.576],[-83.775,31.581],[-83.725,31.586],[-83.675,31.591],[-83.625,31.596],[-83.575,31.601],[-83.525,31.607],[-83.475,31.612],[-83.425,31.617],[-83.375,31.623],[-83.358,31.625],[-83.325,31.629],[-83.275,31.635],[-83.225,31.641],[-83.175,31.647],[-83.125,31.653],[-83.075,31.659],[-83.025,31.666],[-82.975,31.672],[-82.954,31.675],[-82.925,31.679],[-82.875,31.686],[-82.825,31.693],[-82.775,31.701],[-82.725,31.708],[-82.675,31.716],[-82.625,31.724],[-82.621,31.725],[-82.575,31.733],[-82.525,31.742],[-82.475,31.751],[-82.425,31.76],[-82.375,31.77],[-82.351,31.775],[-82.325,31.78],[-82.275,31.791],[-82.225,31.803],[-82.175,31.814],[-82.132,31.825],[-82.125,31.827],[-82.075,31.84],[-82.025,31.854],[-81.975,31.869],[-81.956,31.875],[-81.925,31.885],[-81.875,31.901],[-81.825,31.918],[-81.806,31.925],[-81.775,31.936],[-81.725,31.954],[-81.675,31.971],[-81.665,31.975],[-81.625,31.989],[-81.575,32.007],[-81.525,32.024],[-81.523,32.025],[-81.475,32.041],[-81.425,32.058],[-81.375,32.073],[-81.37,32.075],[-81.325,32.088],[-81.275,32.102],[-81.225,32.115],[-81.179,32.125],[-81.175,32.126],[-81.125,32.135],[-81.075,32.144],[-81.025,32.151],[-80.975,32.158],[-80.925,32.165],[-80.875,32.171],[-80.84,32.175],[-80.825,32.177],[-80.782,32.182]],[[-91.375,31.095],[-91.325,31.095],[-91.275,31.095],[-91.225,31.095],[-91.175,31.094],[-91.125,31.093],[-91.075,31.091],[-91.025,31.089],[-90.975,31.087],[-90.925,31.083],[-90.875,31.08],[-90.825,31.076],[-90.815,31.075],[-90.775,31.072],[-90.725,31.067],[-90.675,31.062],[-90.625,31.057],[-90.575,31.051],[-90.525,31.045],[-90.475,31.04],[-90.425,31.034],[-90.375,31.028],[-90.35,31.025],[-90.325,31.022],[-90.275,31.016],[-90.225,31.009],[-90.175,31.003],[-90.125,30.996],[-90.075,30.988],[-90.025,30.981],[-89.99,30.975],[-89.975,30.973],[-89.925,30.964],[-89.875,30.956],[-89.825,30.947],[-89.775,30.938],[-89.725,30.928],[-89.708,30.925],[-89.675,30.919],[-89.625,30.909],[-89.575,30.899],[-89.525,30.889],[-89.475,30.879],[-89.458,30.875],[-89.425,30.868],[-89.375,30.858],[-89.325,30.847],[-89.275,30.837],[-89.225,30.826],[-89.22,30.825],[-89.175,30.815],[-89.125,30.805],[-89.075,30.794],[-89.025,30.783],[-88.985,30.775],[-88.975,30.773],[-88.925,30.762],[-88.875,30.752],[-88.825,30.742],[-88.775,30.732],[-88.738,30.725],[-88.725,30.723],[-88.675,30.713],[-88.625,30.704],[-88.575,30.696],[-88.525,30.688],[-88.475,30.68],[-88.443,30.675],[-88.425,30.672],[-88.375,30.666],[-88.325,30.66],[-88.275,30.655],[-88.225,30.652],[-88.175,30.65],[-88.125,30.649],[-88.075,30.65]],[[-94.475,31.408],[-94.425,31.396],[-94.375,31.382],[-94.35,31.375],[-94.325,31.368],[-94.275,31.353],[-94.225,31.338],[-94.184,31.325],[-94.175,31.322],[-94.125,31.306],[-94.075,31.289],[-94.032,31.275],[-94.025,31.272],[-93.975,31.255],[-93.925,31.238],[-93.887,31.225],[-93.875,31.221],[-93.825,31.203],[-93.775,31.186],[-93.743,31.175],[-93.725,31.169],[-93.675,31.152],[-93.625,31.135],[-93.594,31.125],[-93.575,31.119],[-93.525,31.103],[-93.475,31.088],[-93.428,31.075],[-93.425,31.074],[-93.375,31.061],[-93.325,31.049],[-93.275,31.039],[-93.225,31.029],[-93.198,31.025],[-93.175,31.021],[-93.125,31.015],[-93.075,31.01],[-93.025,31.006],[-92.975,31.002],[-92.925,31.0],[-92.875,30.998],[-92.825,30.997],[-92.775,30.997],[-92.725,30.997],[-92.675,30.998],[-92.625,31.0],[-92.575,31.003],[-92.525,31.006],[-92.475,31.009],[-92.425,31.013],[-92.375,31.018],[-92.325,31.022],[-92.297,31.025]],[[-80.766,32.184],[-80.725,32.189],[-80.709,32.191]]]}},{"type":"Feature","properties":{"date":"2014-03-29","label":"29 Mar","yday":88,"tier":"day","major":false},"geometry":{"type":"MultiLineString","coordinates":[[[-91.375,31.259],[-91.325,31.26],[-91.275,31.259],[-91.225,31.258],[-91.175,31.257],[-91.125,31.255],[-91.075,31.253],[-91.025,31.251],[-90.975,31.247],[-90.925,31.244],[-90.875,31.24],[-90.825,31.235],[-90.775,31.23],[-90.725,31.225],[-90.724,31.225],[-90.675,31.219],[-90.625,31.214],[-90.575,31.207],[-90.525,31.201],[-90.475,31.195],[-90.425,31.189],[-90.375,31.183],[-90.325,31.177],[-90.313,31.175],[-90.275,31.17],[-90.225,31.164],[-90.175,31.157],[-90.125,31.15],[-90.075,31.143],[-90.025,31.135],[-89.975,31.127],[-89.964,31.125],[-89.925,31.119],[-89.875,31.11],[-89.825,31.101],[-89.775,31.092],[-89.725,31.083],[-89.684,31.075],[-89.675,31.073],[-89.625,31.064],[-89.575,31.054],[-89.525,31.044],[-89.475,31.034],[-89.431,31.025],[-89.425,31.024],[-89.375,31.014],[-89.325,31.004],[-89.275,30.994],[-89.225,30.984],[-89.182,30.975],[-89.175,30.974],[-89.125,30.964],[-89.075,30.954],[-89.025,30.944],[-88.975,30.935],[-88.925,30.925],[-88.924,30.925],[-88.875,30.916],[-88.825,30.907],[-88.775,30.898],[-88.725,30.889],[-88.675,30.881],[-88.636,30.875],[-88.625,30.873],[-88.575,30.866],[-88.525,30.859],[-88.475,30.853],[-88.425,30.847],[-88.375,30.842],[-88.325,30.838],[-88.275,30.836],[-88.225,30.834],[-88.175,30.834],[-88.125,30.836],[-88.075,30.839],[-88.025,30.844],[-87.975,30.851],[-87.925,30.859],[-87.875,30.868],[-87.842,30.875],[-87.825,30.879],[-87.775,30.891],[-87.725,30.904],[-87.675,30.918],[-87.65,30.925],[-87.625,30.933],[-87.575,30.948],[-87.525,30.965],[-87.495,30.975],[-87.475,30.982],[-87.425,30.999],[-87.375,31.017],[-87.353,31.025],[-87.325,31.035],[-87.275,31.053],[-87.225,31.072],[-87.216,31.075],[-87.175,31.09],[-87.125,31.108],[-87.08,31.125],[-87.075,31.127],[-87.025,31.145],[-86.975,31.163],[-86.942,31.175],[-86.925,31.181],[-86.875,31.199],[-86.825,31.217],[-86.802,31.225],[-86.775,31.234],[-86.725,31.252],[-86.675,31.269],[-86.657,31.275],[-86.625,31.285],[-86.575,31.301],[-86.525,31.317],[-86.496,31.325],[-86.475,31.331],[-86.425,31.343],[-86.375,31.354],[-86.325,31.362],[-86.275,31.37],[-86.236,31.375],[-86.225,31.376],[-86.175,31.382],[-86.125,31.388],[-86.075,31.394],[-86.025,31.399],[-85.975,31.405],[-85.925,31.411],[-85.875,31.417],[-85.825,31.424],[-85.816,31.425],[-85.775,31.43],[-85.725,31.438],[-85.675,31.445],[-85.625,31.453],[-85.575,31.462],[-85.525,31.47],[-85.5,31.475],[-85.475,31.479],[-85.425,31.489],[-85.375,31.498],[-85.325,31.508],[-85.275,31.518],[-85.236,31.525],[-85.225,31.527],[-85.175,31.537],[-85.125,31.546],[-85.075,31.555],[-85.025,31.564],[-84.975,31.573],[-84.96,31.575],[-84.925,31.581],[-84.875,31.589],[-84.825,31.596],[-84.775,31.604],[-84.725,31.611],[-84.675,31.617],[-84.625,31.624],[-84.615,31.625],[-84.575,31.63],[-84.525,31.636],[-84.475,31.641],[-84.425,31.647],[-84.375,31.652],[-84.325,31.657],[-84.275,31.662],[-84.225,31.667],[-84.175,31.672],[-84.143,31.675],[-84.125,31.677],[-84.075,31.682],[-84.025,31.687],[-83.975,31.692],[-83.925,31.697],[-83.875,31.703],[-83.825,31.708],[-83.775,31.714],[-83.725,31.719],[-83.675,31.725],[-83.673,31.725],[-83.625,31.731],[-83.575,31.736],[-83.525,31.742],[-83.475,31.748],[-83.425,31.755],[-83.375,31.761],[-83.325,31.767],[-83.275,31.774],[-83.267,31.775],[-83.225,31.781],[-83.175,31.788],[-83.125,31.795],[-83.075,31.802],[-83.025,31.809],[-82.975,31.817],[-82.925,31.824],[-82.921,31.825],[-82.875,31.832],[-82.825,31.841],[-82.775,31.849],[-82.725,31.858],[-82.675,31.867],[-82.634,31.875],[-82.625,31.877],[-82.575,31.887],[-82.525,31.897],[-82.475,31.908],[-82.425,31.919],[-82.397,31.925],[-82.375,31.93],[-82.325,31.942],[-82.275,31.955],[-82.225,31.968],[-82.199,31.975],[-82.175,31.982],[-82.125,31.996],[-82.075,32.011],[-82.03,32.025],[-82.025,32.027],[-81.975,32.043],[-81.925,32.059],[-81.879,32.075],[-81.875,32.076],[-81.825,32.094],[-81.775,32.111],[-81.737,32.125],[-81.725,32.129],[-81.675,32.147],[-81.625,32.164],[-81.592,32.175],[-81.575,32.181],[-81.525,32.197],[-81.475,32.213],[-81.434,32.225],[-81.425,32.228],[-81.375,32.241],[-81.325,32.254],[-81.275,32.266],[-81.233,32.275],[-81.225,32.277],[-81.175,32.286],[-81.125,32.294],[-81.075,32.302],[-81.025,32.309],[-80.975,32.315],[-80.925,32.321],[-80.892,32.325],[-80.875,32.327],[-80.825,32.333]],[[-94.311,31.539],[-94.275,31.53],[-94.257,31.525],[-94.225,31.517],[-94.175,31.503],[-94.125,31.489],[-94.077,31.475],[-94.075,31.475],[-94.025,31.46],[-93.975,31.445],[-93.925,31.429],[-93.911,31.425],[-93.875,31.414],[-93.825,31.398],[-93.775,31.383],[-93.75,31.375],[-93.725,31.367],[-93.675,31.352],[-93.625,31.337],[-93.586,31.325],[-93.575,31.322],[-93.525,31.307],[-93.475,31.293],[-93.425,31.28],[-93.405,31.275],[-93.375,31.267],[-93.325,31.256],[-93.275,31.245],[-93.225,31.235],[-93.175,31.226],[-93.166,31.225],[-93.125,31.219],[-93.075,31.212],[-93.025,31.207],[-92.975,31.202],[-92.925,31.198],[-92.875,31.195],[-92.825,31.192],[-92.775,31.19],[-92.725,31.189]],[[-80.646,32.354],[-80.625,32.357],[-80.575,32.364],[-80.525,32.371],[-80.521,32.371]]]}},{"type":"Feature","properties":{"date":"2014-03-30","label":"30 Mar","yday":89,"tier":"day","major":false},"geometry":{"type":"MultiLineString","coordinates":[[[-92.436,31.386],[-92.425,31.386],[-92.375,31.388],[-92.325,31.39],[-92.275,31.393]],[[-91.325,31.43],[-91.275,31.43],[-91.225,31.428],[-91.175,31.427],[-91.128,31.425],[-91.125,31.425],[-91.075,31.422],[-91.025,31.42],[-90.975,31.416],[-90.925,31.413],[-90.875,31.408],[-90.825,31.404],[-90.775,31.399],[-90.725,31.394],[-90.675,31.388],[-90.625,31.382],[-90.575,31.376],[-90.57,31.375],[-90.525,31.369],[-90.475,31.363],[-90.425,31.356],[-90.375,31.349],[-90.325,31.343],[-90.275,31.336],[-90.225,31.329],[-90.201,31.325],[-90.175,31.321],[-90.125,31.314],[-90.075,31.306],[-90.025,31.298],[-89.975,31.29],[-89.925,31.281],[-89.891,31.275],[-89.875,31.272],[-89.825,31.263],[-89.775,31.254],[-89.725,31.244],[-89.675,31.235],[-89.625,31.225],[-89.625,31.225],[-89.575,31.215],[-89.525,31.205],[-89.475,31.196],[-89.425,31.186],[-89.375,31.176],[-89.37,31.175],[-89.325,31.166],[-89.275,31.157],[-89.225,31.147],[-89.175,31.138],[-89.125,31.129],[-89.101,31.125],[-89.075,31.12],[-89.025,31.112],[-88.975,31.103],[-88.925,31.095],[-88.875,31.087],[-88.825,31.08],[-88.794,31.075],[-88.775,31.072],[-88.725,31.065],[-88.675,31.059],[-88.625,31.053],[-88.575,31.047],[-88.525,31.043],[-88.475,31.039],[-88.425,31.035],[-88.375,31.033],[-88.325,31.032],[-88.275,31.032],[-88.225,31.033],[-88.175,31.035],[-88.125,31.039],[-88.075,31.044],[-88.025,31.051],[-87.975,31.059],[-87.925,31.068],[-87.894,31.075],[-87.875,31.079],[-87.825,31.091],[-87.775,31.104],[-87.725,31.118],[-87.7,31.125],[-87.675,31.132],[-87.625,31.148],[-87.575,31.164],[-87.542,31.175],[-87.525,31.181],[-87.475,31.198],[-87.425,31.216],[-87.399,31.225],[-87.375,31.233],[-87.325,31.251],[-87.275,31.27],[-87.26,31.275],[-87.225,31.288],[-87.175,31.306],[-87.125,31.324],[-87.122,31.325],[-87.075,31.341],[-87.025,31.359],[-86.977,31.375],[-86.975,31.375],[-86.925,31.392],[-86.875,31.407],[-86.825,31.423],[-86.817,31.425],[-86.775,31.437],[-86.725,31.451],[-86.675,31.465],[-86.635,31.475],[-86.625,31.477],[-86.575,31.489],[-86.525,31.5],[-86.475,31.51],[-86.425,31.518],[-86.382,31.525],[-86.375,31.526],[-86.325,31.533],[-86.275,31.539],[-86.225,31.544],[-86.175,31.549],[-86.125,31.553],[-86.075,31.558],[-86.025,31.562],[-85.975,31.566],[-85.925,31.571],[-85.881,31.575],[-85.875,31.576],[-85.825,31.58],[-85.775,31.586],[-85.725,31.591],[-85.675,31.597],[-85.625,31.603],[-85.575,31.61],[-85.525,31.617],[-85.475,31.624],[-85.47,31.625],[-85.425,31.632],[-85.375,31.639],[-85.325,31.647],[-85.275,31.655],[-85.225,31.663],[-85.175,31.671],[-85.152,31.675],[-85.125,31.679],[-85.075,31.687],[-85.025,31.695],[-84.975,31.703],[-84.925,31.71],[-84.875,31.717],[-84.825,31.724],[-84.819,31.725],[-84.775,31.731],[-84.725,31.738],[-84.675,31.744],[-84.625,31.75],[-84.575,31.756],[-84.525,31.762],[-84.475,31.768],[-84.425,31.773],[-84.41,31.775],[-84.375,31.779],[-84.325,31.784],[-84.275,31.79],[-84.225,31.795],[-84.175,31.801],[-84.125,31.806],[-84.075,31.812],[-84.025,31.818],[-83.975,31.823],[-83.961,31.825],[-83.925,31.829],[-83.875,31.835],[-83.825,31.841],[-83.775,31.847],[-83.725,31.854],[-83.675,31.86],[-83.625,31.867],[-83.575,31.873],[-83.562,31.875],[-83.525,31.88],[-83.475,31.887],[-83.425,31.894],[-83.375,31.901],[-83.325,31.909],[-83.275,31.916],[-83.225,31.924],[-83.217,31.925],[-83.175,31.932],[-83.125,31.94],[-83.075,31.948],[-83.025,31.957],[-82.975,31.965],[-82.925,31.974],[-82.921,31.975],[-82.875,31.984],[-82.825,31.993],[-82.775,32.003],[-82.725,32.013],[-82.675,32.024],[-82.67,32.025],[-82.625,32.035],[-82.575,32.046],[-82.525,32.058],[-82.475,32.07],[-82.457,32.075],[-82.425,32.083],[-82.375,32.096],[-82.325,32.11],[-82.275,32.124],[-82.273,32.125],[-82.225,32.139],[-82.175,32.154],[-82.125,32.17],[-82.108,32.175],[-82.075,32.186],[-82.025,32.202],[-81.975,32.219],[-81.958,32.225],[-81.925,32.236],[-81.875,32.254],[-81.825,32.271],[-81.814,32.275],[-81.775,32.289],[-81.725,32.306],[-81.675,32.323],[-81.668,32.325],[-81.625,32.339],[-81.575,32.355],[-81.525,32.37],[-81.506,32.375],[-81.475,32.384],[-81.425,32.397],[-81.375,32.409],[-81.325,32.42],[-81.301,32.425],[-81.275,32.43],[-81.225,32.44],[-81.175,32.448],[-81.125,32.456],[-81.075,32.464],[-81.025,32.471],[-80.99,32.475],[-80.975,32.477],[-80.925,32.483],[-80.875,32.489],[-80.825,32.495],[-80.775,32.501],[-80.725,32.507],[-80.675,32.513],[-80.625,32.519],[-80.575,32.525],[-80.575,32.525]],[[-93.583,31.525],[-93.575,31.523],[-93.525,31.51],[-93.475,31.497],[-93.425,31.485],[-93.382,31.475],[-93.375,31.473],[-93.325,31.462],[-93.275,31.452],[-93.225,31.442],[-93.175,31.433],[-93.125,31.425],[-93.125,31.425],[-93.075,31.418],[-93.025,31.411],[-92.975,31.405],[-92.925,31.4],[-92.875,31.396],[-92.825,31.392],[-92.775,31.389],[-92.737,31.387]],[[-93.954,31.625],[-93.925,31.617],[-93.875,31.604],[-93.825,31.59],[-93.775,31.577],[-93.769,31.575],[-93.725,31.563],[-93.675,31.549],[-93.64,31.54]],[[-94.151,31.675],[-94.125,31.669],[-94.117,31.667]],[[-80.486,32.536],[-80.475,32.537],[-80.425,32.544],[-80.375,32.55],[-80.325,32.556],[-80.275,32.562],[-80.233,32.567]]]}},{"type":"Feature","properties":{"date":"2014-03-31","label":"31 Mar","yday":90,"tier":"index","major":true},"geometry":{"type":"MultiLineString","coordinates":[[[-92.634,31.584],[-92.625,31.583],[-92.575,31.582],[-92.525,31.581],[-92.475,31.581],[-92.425,31.581],[-92.375,31.582],[-92.325,31.583],[-92.275,31.584],[-92.225,31.586],[-92.175,31.587],[-92.162,31.588]],[[-91.225,31.605],[-91.175,31.604],[-91.125,31.602],[-91.075,31.599],[-91.025,31.596],[-90.975,31.593],[-90.925,31.59],[-90.875,31.586],[-90.825,31.581],[-90.775,31.576],[-90.761,31.575],[-90.725,31.571],[-90.675,31.566],[-90.625,31.56],[-90.575,31.554],[-90.525,31.548],[-90.475,31.541],[-90.425,31.534],[-90.375,31.527],[-90.362,31.525],[-90.325,31.52],[-90.275,31.512],[-90.225,31.504],[-90.175,31.496],[-90.125,31.488],[-90.075,31.48],[-90.048,31.475],[-90.025,31.471],[-89.975,31.462],[-89.925,31.453],[-89.875,31.444],[-89.825,31.434],[-89.778,31.425],[-89.775,31.424],[-89.725,31.415],[-89.675,31.405],[-89.625,31.395],[-89.575,31.385],[-89.527,31.375],[-89.525,31.375],[-89.475,31.365],[-89.425,31.355],[-89.375,31.345],[-89.325,31.336],[-89.275,31.327],[-89.264,31.325],[-89.225,31.318],[-89.175,31.31],[-89.125,31.302],[-89.075,31.294],[-89.025,31.286],[-88.975,31.279],[-88.944,31.275],[-88.925,31.272],[-88.875,31.266],[-88.825,31.26],[-88.775,31.254],[-88.725,31.249],[-88.675,31.245],[-88.625,31.241],[-88.575,31.237],[-88.525,31.235],[-88.475,31.233],[-88.425,31.232],[-88.375,31.232],[-88.325,31.233],[-88.275,31.235],[-88.225,31.238],[-88.175,31.243],[-88.125,31.248],[-88.075,31.255],[-88.025,31.263],[-87.975,31.272],[-87.96,31.275],[-87.925,31.282],[-87.875,31.293],[-87.825,31.305],[-87.775,31.318],[-87.751,31.325],[-87.725,31.332],[-87.675,31.347],[-87.625,31.362],[-87.583,31.375],[-87.575,31.377],[-87.525,31.393],[-87.475,31.41],[-87.428,31.425],[-87.425,31.426],[-87.375,31.443],[-87.325,31.459],[-87.277,31.475],[-87.275,31.476],[-87.225,31.492],[-87.175,31.508],[-87.125,31.524],[-87.121,31.525],[-87.075,31.539],[-87.025,31.554],[-86.975,31.568],[-86.948,31.575],[-86.925,31.581],[-86.875,31.594],[-86.825,31.606],[-86.775,31.618],[-86.745,31.625],[-86.725,31.629],[-86.675,31.64],[-86.625,31.649],[-86.575,31.658],[-86.525,31.667],[-86.475,31.674],[-86.468,31.675],[-86.425,31.681],[-86.375,31.687],[-86.325,31.692],[-86.275,31.697],[-86.225,31.701],[-86.175,31.705],[-86.125,31.709],[-86.075,31.712],[-86.025,31.715],[-85.975,31.719],[-85.925,31.722],[-85.888,31.725],[-85.875,31.726],[-85.825,31.73],[-85.775,31.734],[-85.725,31.738],[-85.675,31.743],[-85.625,31.748],[-85.575,31.753],[-85.525,31.759],[-85.475,31.764],[-85.425,31.771],[-85.391,31.775],[-85.375,31.777],[-85.325,31.783],[-85.275,31.79],[-85.225,31.797],[-85.175,31.804],[-85.125,31.811],[-85.075,31.818],[-85.025,31.825],[-85.023,31.825],[-84.975,31.832],[-84.925,31.838],[-84.875,31.845],[-84.825,31.852],[-84.775,31.858],[-84.725,31.864],[-84.675,31.871],[-84.639,31.875],[-84.625,31.877],[-84.575,31.883],[-84.525,31.889],[-84.475,31.894],[-84.425,31.9],[-84.375,31.906],[-84.325,31.912],[-84.275,31.918],[-84.225,31.924],[-84.216,31.925],[-84.175,31.93],[-84.125,31.936],[-84.075,31.942],[-84.025,31.949],[-83.975,31.955],[-83.925,31.962],[-83.875,31.968],[-83.826,31.975],[-83.825,31.975],[-83.775,31.982],[-83.725,31.989],[-83.675,31.997],[-83.625,32.004],[-83.575,32.012],[-83.525,32.019],[-83.489,32.025],[-83.475,32.027],[-83.425,32.035],[-83.375,32.044],[-83.325,32.052],[-83.275,32.061],[-83.225,32.069],[-83.194,32.075],[-83.175,32.078],[-83.125,32.088],[-83.075,32.097],[-83.025,32.107],[-82.975,32.117],[-82.936,32.125],[-82.925,32.127],[-82.875,32.138],[-82.825,32.149],[-82.775,32.16],[-82.725,32.172],[-82.712,32.175],[-82.675,32.184],[-82.625,32.196],[-82.575,32.209],[-82.525,32.222],[-82.516,32.225],[-82.475,32.236],[-82.425,32.25],[-82.375,32.265],[-82.341,32.275],[-82.325,32.28],[-82.275,32.295],[-82.225,32.311],[-82.18,32.325],[-82.175,32.327],[-82.125,32.343],[-82.075,32.36],[-82.031,32.375],[-82.025,32.377],[-81.975,32.394],[-81.925,32.412],[-81.887,32.425],[-81.875,32.429],[-81.825,32.446],[-81.775,32.464],[-81.741,32.475],[-81.725,32.48],[-81.675,32.497],[-81.625,32.512],[-81.582,32.525],[-81.575,32.527],[-81.525,32.541],[-81.475,32.554],[-81.425,32.565],[-81.381,32.575],[-81.375,32.576],[-81.325,32.587],[-81.275,32.596],[-81.225,32.605],[-81.175,32.613],[-81.125,32.621],[-81.098,32.625],[-81.075,32.628],[-81.025,32.635],[-80.975,32.642],[-80.925,32.648],[-80.875,32.654],[-80.825,32.66],[-80.775,32.666],[-80.725,32.672],[-80.699,32.675],[-80.675,32.678],[-80.625,32.684],[-80.575,32.69],[-80.525,32.696],[-80.475,32.702],[-80.425,32.708],[-80.375,32.714],[-80.325,32.72],[-80.284,32.725],[-80.275,32.726],[-80.225,32.732],[-80.175,32.737],[-80.125,32.742],[-80.075,32.746],[-80.025,32.75],[-79.975,32.754],[-79.956,32.756]]]}},{"type":"Feature","properties":{"date":"2014-04-01","label":"1 Apr","yday":91,"tier":"day","major":false},"geometry":{"type":"MultiLineString","coordinates":[[[-92.825,31.795],[-92.775,31.791],[-92.725,31.788],[-92.675,31.785],[-92.625,31.782],[-92.575,31.78],[-92.525,31.779],[-92.475,31.778],[-92.425,31.777],[-92.375,31.777],[-92.325,31.777],[-92.275,31.777],[-92.225,31.778],[-92.175,31.779],[-92.125,31.78],[-92.075,31.781],[-92.025,31.782],[-91.975,31.783],[-91.925,31.784],[-91.875,31.785]],[[-91.117,31.783],[-91.075,31.781],[-91.025,31.778],[-90.975,31.776],[-90.966,31.775],[-90.925,31.772],[-90.875,31.769],[-90.825,31.765],[-90.775,31.76],[-90.725,31.756],[-90.675,31.751],[-90.625,31.745],[-90.575,31.739],[-90.525,31.733],[-90.475,31.727],[-90.463,31.725],[-90.425,31.72],[-90.375,31.713],[-90.325,31.705],[-90.275,31.697],[-90.225,31.689],[-90.175,31.681],[-90.142,31.675],[-90.125,31.672],[-90.075,31.663],[-90.025,31.654],[-89.975,31.644],[-89.925,31.635],[-89.877,31.625],[-89.875,31.625],[-89.825,31.615],[-89.775,31.605],[-89.725,31.594],[-89.675,31.584],[-89.632,31.575],[-89.625,31.574],[-89.575,31.563],[-89.525,31.553],[-89.475,31.543],[-89.425,31.533],[-89.382,31.525],[-89.375,31.524],[-89.325,31.514],[-89.275,31.506],[-89.225,31.497],[-89.175,31.49],[-89.125,31.482],[-89.075,31.475],[-89.074,31.475],[-89.025,31.469],[-88.975,31.462],[-88.925,31.457],[-88.875,31.451],[-88.825,31.447],[-88.775,31.442],[-88.725,31.439],[-88.675,31.436],[-88.625,31.434],[-88.575,31.432],[-88.525,31.431],[-88.475,31.431],[-88.425,31.432],[-88.375,31.434],[-88.325,31.436],[-88.275,31.44],[-88.225,31.445],[-88.175,31.45],[-88.125,31.457],[-88.075,31.465],[-88.025,31.473],[-88.015,31.475],[-87.975,31.482],[-87.925,31.493],[-87.875,31.504],[-87.825,31.515],[-87.787,31.525],[-87.775,31.528],[-87.725,31.541],[-87.675,31.554],[-87.625,31.568],[-87.601,31.575],[-87.575,31.582],[-87.525,31.597],[-87.475,31.611],[-87.428,31.625],[-87.425,31.626],[-87.375,31.64],[-87.325,31.655],[-87.275,31.669],[-87.254,31.675],[-87.225,31.683],[-87.175,31.697],[-87.125,31.71],[-87.075,31.723],[-87.065,31.725],[-87.025,31.735],[-86.975,31.747],[-86.925,31.758],[-86.875,31.769],[-86.843,31.775],[-86.825,31.779],[-86.775,31.788],[-86.725,31.797],[-86.675,31.805],[-86.625,31.813],[-86.575,31.82],[-86.537,31.825],[-86.525,31.827],[-86.475,31.832],[-86.425,31.838],[-86.375,31.842],[-86.325,31.847],[-86.275,31.85],[-86.225,31.853],[-86.175,31.856],[-86.125,31.859],[-86.075,31.861],[-86.025,31.863],[-85.975,31.866],[-85.925,31.868],[-85.875,31.871],[-85.825,31.874],[-85.802,31.875],[-85.775,31.877],[-85.725,31.88],[-85.675,31.883],[-85.625,31.887],[-85.575,31.891],[-85.525,31.896],[-85.475,31.901],[-85.425,31.906],[-85.375,31.911],[-85.325,31.916],[-85.275,31.922],[-85.252,31.925],[-85.225,31.928],[-85.175,31.934],[-85.125,31.941],[-85.075,31.947],[-85.025,31.953],[-84.975,31.96],[-84.925,31.966],[-84.875,31.972],[-84.852,31.975],[-84.825,31.978],[-84.775,31.985],[-84.725,31.991],[-84.675,31.997],[-84.625,32.003],[-84.575,32.009],[-84.525,32.015],[-84.475,32.021],[-84.442,32.025],[-84.425,32.027],[-84.375,32.033],[-84.325,32.04],[-84.275,32.046],[-84.225,32.052],[-84.175,32.059],[-84.125,32.066],[-84.075,32.072],[-84.057,32.075],[-84.025,32.08],[-83.975,32.087],[-83.925,32.094],[-83.875,32.102],[-83.825,32.109],[-83.775,32.117],[-83.727,32.125],[-83.725,32.125],[-83.675,32.134],[-83.625,32.142],[-83.575,32.151],[-83.525,32.16],[-83.475,32.169],[-83.441,32.175],[-83.425,32.178],[-83.375,32.187],[-83.325,32.197],[-83.275,32.207],[-83.225,32.217],[-83.185,32.225],[-83.175,32.227],[-83.125,32.238],[-83.075,32.248],[-83.025,32.259],[-82.975,32.271],[-82.956,32.275],[-82.925,32.282],[-82.875,32.294],[-82.825,32.306],[-82.775,32.319],[-82.751,32.325],[-82.725,32.332],[-82.675,32.345],[-82.625,32.358],[-82.575,32.372],[-82.566,32.375],[-82.525,32.387],[-82.475,32.401],[-82.425,32.416],[-82.397,32.425],[-82.375,32.432],[-82.325,32.447],[-82.275,32.463],[-82.24,32.475],[-82.225,32.48],[-82.175,32.496],[-82.125,32.513],[-82.091,32.525],[-82.075,32.531],[-82.025,32.548],[-81.975,32.565],[-81.947,32.575],[-81.925,32.583],[-81.875,32.6],[-81.825,32.617],[-81.801,32.625],[-81.775,32.634],[-81.725,32.65],[-81.675,32.666],[-81.645,32.675],[-81.625,32.681],[-81.575,32.695],[-81.525,32.708],[-81.475,32.72],[-81.452,32.725],[-81.425,32.731],[-81.375,32.742],[-81.325,32.752],[-81.275,32.761],[-81.225,32.771],[-81.199,32.775],[-81.175,32.779],[-81.125,32.787],[-81.075,32.795],[-81.025,32.802],[-80.975,32.809],[-80.925,32.816],[-80.875,32.822],[-80.854,32.825],[-80.825,32.829],[-80.775,32.835],[-80.725,32.841],[-80.675,32.847],[-80.625,32.853],[-80.575,32.859],[-80.525,32.866],[-80.475,32.872],[-80.452,32.875],[-80.425,32.878],[-80.375,32.885],[-80.325,32.891],[-80.275,32.897],[-80.225,32.902],[-80.175,32.907],[-80.125,32.912],[-80.075,32.916],[-80.025,32.919],[-79.975,32.921],[-79.925,32.923],[-79.875,32.924],[-79.83,32.925],[-79.825,32.925],[-79.775,32.926],[-79.725,32.926],[-79.675,32.927],[-79.625,32.927]]]}},{"type":"Feature","properties":{"date":"2014-04-02","label":"2 Apr","yday":92,"tier":"day","major":false},"geometry":{"type":"MultiLineString","coordinates":[[[-90.895,31.955],[-90.875,31.954],[-90.825,31.951],[-90.775,31.947],[-90.725,31.943],[-90.675,31.938],[-90.625,31.933],[-90.575,31.928],[-90.549,31.925],[-90.525,31.922],[-90.475,31.916],[-90.425,31.91],[-90.375,31.903],[-90.325,31.896],[-90.275,31.888],[-90.225,31.88],[-90.197,31.875],[-90.175,31.871],[-90.125,31.862],[-90.075,31.853],[-90.025,31.843],[-89.975,31.834],[-89.933,31.825],[-89.925,31.823],[-89.875,31.813],[-89.825,31.803],[-89.775,31.792],[-89.725,31.782],[-89.694,31.775],[-89.675,31.771],[-89.625,31.761],[-89.575,31.75],[-89.525,31.74],[-89.475,31.73],[-89.451,31.725],[-89.425,31.72],[-89.375,31.71],[-89.325,31.701],[-89.275,31.693],[-89.225,31.684],[-89.175,31.677],[-89.163,31.675],[-89.125,31.669],[-89.075,31.663],[-89.025,31.657],[-88.975,31.651],[-88.925,31.646],[-88.875,31.642],[-88.825,31.638],[-88.775,31.634],[-88.725,31.632],[-88.675,31.63],[-88.625,31.629],[-88.575,31.629],[-88.525,31.629],[-88.475,31.63],[-88.425,31.632],[-88.375,31.635],[-88.325,31.638],[-88.275,31.643],[-88.225,31.648],[-88.175,31.654],[-88.125,31.661],[-88.075,31.669],[-88.04,31.675],[-88.025,31.678],[-87.975,31.687],[-87.925,31.697],[-87.875,31.707],[-87.825,31.718],[-87.794,31.725],[-87.775,31.729],[-87.725,31.741],[-87.675,31.753],[-87.625,31.765],[-87.587,31.775],[-87.575,31.778],[-87.525,31.791],[-87.475,31.803],[-87.425,31.816],[-87.389,31.825],[-87.375,31.828],[-87.325,31.841],[-87.275,31.853],[-87.225,31.865],[-87.18,31.875],[-87.175,31.876],[-87.125,31.887],[-87.075,31.898],[-87.025,31.908],[-86.975,31.918],[-86.938,31.925]],[[-93.008,32.008],[-92.975,32.004],[-92.925,31.999],[-92.875,31.994],[-92.825,31.99],[-92.775,31.986],[-92.725,31.983],[-92.675,31.98],[-92.625,31.977],[-92.577,31.975],[-92.575,31.975],[-92.525,31.973],[-92.475,31.972],[-92.425,31.97],[-92.375,31.97],[-92.325,31.969],[-92.275,31.969],[-92.225,31.969],[-92.175,31.969],[-92.125,31.969],[-92.075,31.969],[-92.025,31.97],[-91.975,31.97],[-91.97,31.97]],[[-86.094,32.006],[-86.075,32.007],[-86.025,32.008],[-85.975,32.009],[-85.925,32.01],[-85.875,32.012],[-85.825,32.013],[-85.775,32.015],[-85.725,32.017],[-85.675,32.02],[-85.625,32.022],[-85.583,32.025],[-85.575,32.025],[-85.525,32.029],[-85.475,32.033],[-85.425,32.037],[-85.375,32.041],[-85.325,32.046],[-85.275,32.051],[-85.225,32.057],[-85.175,32.062],[-85.125,32.068],[-85.075,32.074],[-85.067,32.075],[-85.025,32.08],[-84.975,32.086],[-84.925,32.092],[-84.875,32.098],[-84.825,32.104],[-84.775,32.11],[-84.725,32.116],[-84.675,32.122],[-84.652,32.125],[-84.625,32.128],[-84.575,32.134],[-84.525,32.141],[-84.475,32.147],[-84.425,32.153],[-84.375,32.16],[-84.325,32.166],[-84.275,32.173],[-84.263,32.175],[-84.225,32.18],[-84.175,32.187],[-84.125,32.195],[-84.075,32.202],[-84.025,32.21],[-83.975,32.218],[-83.934,32.225],[-83.925,32.227],[-83.875,32.235],[-83.825,32.244],[-83.775,32.253],[-83.725,32.262],[-83.675,32.271],[-83.655,32.275],[-83.625,32.281],[-83.575,32.291],[-83.525,32.301],[-83.475,32.311],[-83.425,32.321],[-83.408,32.325],[-83.375,32.332],[-83.325,32.343],[-83.275,32.354],[-83.225,32.365],[-83.182,32.375],[-83.175,32.377],[-83.125,32.388],[-83.075,32.4],[-83.025,32.412],[-82.975,32.425],[-82.974,32.425],[-82.925,32.437],[-82.875,32.45],[-82.825,32.464],[-82.783,32.475],[-82.775,32.477],[-82.725,32.491],[-82.675,32.505],[-82.625,32.519],[-82.606,32.525],[-82.575,32.534],[-82.525,32.549],[-82.475,32.564],[-82.441,32.575],[-82.425,32.58],[-82.375,32.596],[-82.325,32.612],[-82.286,32.625],[-82.275,32.629],[-82.225,32.645],[-82.175,32.662],[-82.137,32.675],[-82.125,32.679],[-82.075,32.696],[-82.025,32.713],[-81.991,32.725],[-81.975,32.73],[-81.925,32.747],[-81.875,32.764],[-81.843,32.775],[-81.825,32.781],[-81.775,32.797],[-81.725,32.813],[-81.684,32.825],[-81.675,32.828],[-81.625,32.842],[-81.575,32.856],[-81.525,32.869],[-81.502,32.875],[-81.475,32.882],[-81.425,32.894],[-81.375,32.905],[-81.325,32.916],[-81.284,32.925],[-81.275,32.927],[-81.225,32.937],[-81.175,32.946],[-81.125,32.956],[-81.075,32.964],[-81.025,32.972],[-81.009,32.975],[-80.975,32.98],[-80.925,32.988],[-80.875,32.995],[-80.825,33.002],[-80.775,33.009],[-80.725,33.015],[-80.675,33.022],[-80.651,33.025],[-80.625,33.028],[-80.575,33.035],[-80.525,33.042],[-80.475,33.048],[-80.425,33.054],[-80.375,33.06],[-80.325,33.065],[-80.275,33.07],[-80.225,33.075],[-80.222,33.075],[-80.175,33.079],[-80.125,33.082],[-80.075,33.085],[-80.025,33.087],[-79.975,33.088],[-79.925,33.089],[-79.875,33.089],[-79.825,33.089],[-79.775,33.089],[-79.725,33.088],[-79.675,33.087],[-79.625,33.085],[-79.575,33.084],[-79.525,33.083],[-79.475,33.081],[-79.425,33.08],[-79.375,33.079],[-79.371,33.079]]]}},{"type":"Feature","properties":{"date":"2014-04-03","label":"3 Apr","yday":93,"tier":"day","major":false},"geometry":{"type":"MultiLineString","coordinates":[[[-90.493,32.107],[-90.475,32.105],[-90.425,32.099],[-90.375,32.093],[-90.325,32.086],[-90.275,32.079],[-90.248,32.075],[-90.225,32.071],[-90.175,32.063],[-90.125,32.054],[-90.075,32.045],[-90.025,32.035],[-89.975,32.025],[-89.973,32.025],[-89.925,32.015],[-89.875,32.004],[-89.825,31.994],[-89.775,31.983],[-89.738,31.975],[-89.725,31.972],[-89.675,31.961],[-89.625,31.951],[-89.575,31.94],[-89.525,31.93],[-89.501,31.925],[-89.475,31.92],[-89.425,31.91],[-89.375,31.901],[-89.325,31.892],[-89.275,31.883],[-89.227,31.875],[-89.225,31.875],[-89.175,31.867],[-89.125,31.86],[-89.075,31.853],[-89.025,31.847],[-88.975,31.842],[-88.925,31.837],[-88.875,31.833],[-88.825,31.83],[-88.775,31.827],[-88.725,31.825],[-88.712,31.825],[-88.675,31.824],[-88.625,31.824],[-88.575,31.824],[-88.525,31.825],[-88.521,31.825],[-88.475,31.827],[-88.425,31.829],[-88.375,31.832],[-88.325,31.836],[-88.275,31.841],[-88.225,31.847],[-88.175,31.853],[-88.125,31.86],[-88.075,31.867],[-88.028,31.875],[-88.025,31.875],[-87.975,31.884],[-87.925,31.893],[-87.875,31.903],[-87.825,31.912],[-87.775,31.923],[-87.764,31.925],[-87.732,31.932]],[[-85.595,32.155],[-85.575,32.156],[-85.525,32.158],[-85.475,32.161],[-85.425,32.165],[-85.375,32.168],[-85.325,32.173],[-85.301,32.175],[-85.275,32.177],[-85.225,32.182],[-85.175,32.188],[-85.125,32.193],[-85.075,32.199],[-85.025,32.205],[-84.975,32.211],[-84.925,32.217],[-84.875,32.223],[-84.855,32.225],[-84.825,32.229],[-84.775,32.234],[-84.725,32.24],[-84.675,32.246],[-84.625,32.252],[-84.575,32.259],[-84.525,32.265],[-84.475,32.272],[-84.45,32.275],[-84.425,32.278],[-84.375,32.285],[-84.325,32.292],[-84.275,32.3],[-84.225,32.307],[-84.175,32.315],[-84.125,32.323],[-84.115,32.325],[-84.075,32.332],[-84.025,32.34],[-83.975,32.349],[-83.925,32.359],[-83.875,32.368],[-83.839,32.375],[-83.825,32.378],[-83.775,32.388],[-83.725,32.398],[-83.675,32.409],[-83.625,32.42],[-83.601,32.425],[-83.575,32.431],[-83.525,32.442],[-83.475,32.454],[-83.425,32.465],[-83.384,32.475],[-83.375,32.477],[-83.325,32.489],[-83.275,32.501],[-83.225,32.514],[-83.18,32.525],[-83.175,32.526],[-83.125,32.539],[-83.075,32.552],[-83.025,32.565],[-82.989,32.575],[-82.975,32.579],[-82.925,32.592],[-82.875,32.606],[-82.825,32.62],[-82.808,32.625],[-82.775,32.635],[-82.725,32.649],[-82.675,32.664],[-82.637,32.675],[-82.625,32.679],[-82.575,32.694],[-82.525,32.709],[-82.475,32.725],[-82.475,32.725],[-82.425,32.741],[-82.375,32.757],[-82.325,32.773],[-82.32,32.775],[-82.275,32.79],[-82.225,32.806],[-82.175,32.823],[-82.17,32.825],[-82.125,32.84],[-82.075,32.857],[-82.025,32.874],[-82.022,32.875],[-81.975,32.891],[-81.925,32.908],[-81.875,32.924],[-81.873,32.925],[-81.825,32.941],[-81.775,32.957],[-81.725,32.972],[-81.716,32.975],[-81.675,32.987],[-81.625,33.002],[-81.575,33.017],[-81.545,33.025],[-81.525,33.031],[-81.475,33.044],[-81.425,33.057],[-81.375,33.07],[-81.355,33.075],[-81.325,33.082],[-81.275,33.094],[-81.225,33.105],[-81.175,33.116],[-81.133,33.125],[-81.125,33.127],[-81.075,33.137],[-81.025,33.146],[-80.975,33.155],[-80.925,33.164],[-80.875,33.172],[-80.859,33.175],[-80.825,33.18],[-80.775,33.188],[-80.725,33.195],[-80.675,33.202],[-80.625,33.209],[-80.575,33.215],[-80.525,33.221],[-80.493,33.225],[-80.475,33.227],[-80.425,33.232],[-80.375,33.237],[-80.325,33.242],[-80.275,33.246],[-80.225,33.249],[-80.175,33.252],[-80.125,33.255],[-80.075,33.256],[-80.025,33.258],[-79.975,33.258],[-79.925,33.258],[-79.875,33.258],[-79.825,33.257],[-79.775,33.255],[-79.725,33.253],[-79.675,33.251],[-79.625,33.249],[-79.575,33.246],[-79.525,33.243],[-79.475,33.24],[-79.425,33.238],[-79.375,33.235],[-79.325,33.233],[-79.281,33.231]],[[-93.025,32.195],[-92.975,32.19],[-92.925,32.185],[-92.875,32.181],[-92.825,32.177],[-92.794,32.175],[-92.775,32.174],[-92.725,32.17],[-92.675,32.168],[-92.625,32.165],[-92.575,32.163],[-92.525,32.161],[-92.475,32.159],[-92.425,32.158],[-92.375,32.157],[-92.325,32.156],[-92.275,32.155],[-92.225,32.155],[-92.175,32.154],[-92.125,32.154],[-92.075,32.154],[-92.054,32.154]]]}},{"type":"Feature","properties":{"date":"2014-04-04","label":"4 Apr","yday":94,"tier":"day","major":false},"geometry":{"type":"MultiLineString","coordinates":[[[-87.175,32.217],[-87.125,32.225],[-87.123,32.225],[-87.075,32.232],[-87.025,32.239],[-86.975,32.246],[-86.925,32.252],[-86.894,32.256]],[[-90.111,32.239],[-90.075,32.233],[-90.033,32.225],[-90.025,32.224],[-89.975,32.213],[-89.925,32.203],[-89.875,32.193],[-89.825,32.182],[-89.792,32.175],[-89.775,32.171],[-89.725,32.161],[-89.675,32.15],[-89.625,32.139],[-89.575,32.129],[-89.556,32.125],[-89.525,32.119],[-89.475,32.109],[-89.425,32.099],[-89.375,32.09],[-89.325,32.081],[-89.292,32.075],[-89.275,32.072],[-89.225,32.064],[-89.175,32.056],[-89.125,32.049],[-89.075,32.043],[-89.025,32.037],[-88.975,32.032],[-88.925,32.027],[-88.895,32.025],[-88.875,32.023],[-88.825,32.02],[-88.775,32.018],[-88.725,32.016],[-88.675,32.015],[-88.625,32.015],[-88.575,32.016],[-88.525,32.017],[-88.475,32.019],[-88.425,32.022],[-88.381,32.025],[-88.375,32.025],[-88.325,32.03],[-88.275,32.034],[-88.225,32.04],[-88.175,32.046],[-88.125,32.052],[-88.075,32.059],[-88.025,32.067],[-87.975,32.075],[-87.975,32.075]],[[-85.582,32.282],[-85.575,32.282],[-85.525,32.284],[-85.475,32.286],[-85.425,32.289],[-85.375,32.292],[-85.325,32.296],[-85.275,32.301],[-85.225,32.305],[-85.175,32.311],[-85.125,32.316],[-85.075,32.322],[-85.05,32.325],[-85.025,32.328],[-84.975,32.334],[-84.925,32.34],[-84.875,32.345],[-84.825,32.351],[-84.775,32.357],[-84.725,32.363],[-84.675,32.369],[-84.625,32.375],[-84.625,32.375],[-84.575,32.381],[-84.525,32.388],[-84.475,32.395],[-84.425,32.402],[-84.375,32.409],[-84.325,32.417],[-84.276,32.425],[-84.275,32.425],[-84.225,32.433],[-84.175,32.442],[-84.125,32.451],[-84.075,32.46],[-84.025,32.47],[-83.998,32.475],[-83.975,32.48],[-83.925,32.49],[-83.875,32.5],[-83.825,32.511],[-83.775,32.523],[-83.764,32.525],[-83.725,32.534],[-83.675,32.546],[-83.625,32.558],[-83.575,32.571],[-83.557,32.575],[-83.525,32.583],[-83.475,32.596],[-83.425,32.609],[-83.375,32.622],[-83.363,32.625],[-83.325,32.635],[-83.275,32.649],[-83.225,32.662],[-83.178,32.675],[-83.175,32.676],[-83.125,32.69],[-83.075,32.704],[-83.025,32.718],[-83.0,32.725],[-82.975,32.732],[-82.925,32.747],[-82.875,32.761],[-82.827,32.775],[-82.825,32.776],[-82.775,32.79],[-82.725,32.805],[-82.675,32.82],[-82.66,32.825],[-82.625,32.836],[-82.575,32.851],[-82.525,32.867],[-82.499,32.875],[-82.475,32.883],[-82.425,32.899],[-82.375,32.915],[-82.344,32.925],[-82.325,32.931],[-82.275,32.948],[-82.225,32.965],[-82.194,32.975],[-82.175,32.982],[-82.125,32.998],[-82.075,33.015],[-82.047,33.025],[-82.025,33.032],[-81.975,33.049],[-81.925,33.066],[-81.898,33.075],[-81.875,33.083],[-81.825,33.099],[-81.775,33.116],[-81.747,33.125],[-81.725,33.132],[-81.675,33.148],[-81.625,33.164],[-81.588,33.175],[-81.575,33.179],[-81.525,33.194],[-81.475,33.209],[-81.425,33.223],[-81.419,33.225],[-81.375,33.237],[-81.325,33.251],[-81.275,33.264],[-81.232,33.275],[-81.225,33.277],[-81.175,33.289],[-81.125,33.301],[-81.075,33.312],[-81.025,33.323],[-81.014,33.325],[-80.975,33.333],[-80.925,33.342],[-80.875,33.352],[-80.825,33.36],[-80.775,33.368],[-80.728,33.375],[-80.725,33.375],[-80.675,33.382],[-80.625,33.389],[-80.575,33.395],[-80.525,33.4],[-80.475,33.405],[-80.425,33.41],[-80.375,33.414],[-80.325,33.418],[-80.275,33.422],[-80.225,33.424],[-80.214,33.425],[-80.175,33.427],[-80.125,33.429],[-80.075,33.43],[-80.025,33.431],[-79.975,33.431],[-79.925,33.43],[-79.875,33.43],[-79.825,33.428],[-79.775,33.426],[-79.755,33.425],[-79.725,33.424],[-79.675,33.421],[-79.625,33.417],[-79.575,33.414],[-79.525,33.41],[-79.475,33.407],[-79.425,33.403],[-79.375,33.399],[-79.325,33.396],[-79.275,33.393],[-79.225,33.391],[-79.175,33.388]],[[-93.028,32.372],[-93.025,32.372],[-92.975,32.368],[-92.967,32.367]]]}},{"type":"Feature","properties":{"date":"2014-04-05","label":"5 Apr","yday":95,"tier":"five","major":false},"geometry":{"type":"MultiLineString","coordinates":[[[-89.333,32.267],[-89.325,32.266],[-89.275,32.258],[-89.225,32.25],[-89.175,32.243],[-89.125,32.236],[-89.075,32.229],[-89.037,32.225],[-89.025,32.224],[-88.975,32.218],[-88.925,32.214],[-88.875,32.21],[-88.825,32.207],[-88.775,32.205],[-88.725,32.203],[-88.675,32.202],[-88.625,32.203],[-88.575,32.203],[-88.525,32.205],[-88.475,32.207],[-88.425,32.21],[-88.375,32.214],[-88.325,32.218],[-88.275,32.222],[-88.248,32.225],[-88.225,32.227],[-88.175,32.233],[-88.138,32.238]],[[-89.877,32.373],[-89.875,32.372],[-89.825,32.362],[-89.775,32.352],[-89.725,32.342],[-89.675,32.332],[-89.64,32.325],[-89.625,32.322],[-89.575,32.312]],[[-87.268,32.368],[-87.225,32.374],[-87.215,32.375],[-87.175,32.38],[-87.125,32.386],[-87.075,32.392],[-87.025,32.398],[-86.975,32.403],[-86.925,32.407],[-86.909,32.409]],[[-85.966,32.416],[-85.925,32.414],[-85.875,32.412],[-85.825,32.41],[-85.775,32.408],[-85.725,32.407],[-85.675,32.406],[-85.625,32.406],[-85.575,32.406],[-85.525,32.407],[-85.475,32.409],[-85.425,32.411],[-85.375,32.414],[-85.325,32.417],[-85.275,32.421],[-85.235,32.425],[-85.225,32.426],[-85.175,32.431],[-85.125,32.436],[-85.075,32.442],[-85.025,32.448],[-84.975,32.454],[-84.925,32.46],[-84.875,32.465],[-84.825,32.471],[-84.793,32.475],[-84.775,32.477],[-84.725,32.483],[-84.675,32.489],[-84.625,32.496],[-84.575,32.503],[-84.525,32.51],[-84.475,32.517],[-84.425,32.525],[-84.422,32.525],[-84.375,32.532],[-84.325,32.541],[-84.275,32.549],[-84.225,32.558],[-84.175,32.568],[-84.137,32.575],[-84.125,32.577],[-84.075,32.587],[-84.025,32.598],[-83.975,32.609],[-83.925,32.62],[-83.904,32.625],[-83.875,32.632],[-83.825,32.644],[-83.775,32.656],[-83.725,32.669],[-83.702,32.675],[-83.675,32.682],[-83.625,32.695],[-83.575,32.709],[-83.525,32.723],[-83.518,32.725],[-83.475,32.737],[-83.425,32.751],[-83.375,32.766],[-83.344,32.775],[-83.325,32.781],[-83.275,32.795],[-83.225,32.81],[-83.175,32.825],[-83.175,32.825],[-83.125,32.84],[-83.075,32.855],[-83.025,32.87],[-83.008,32.875],[-82.975,32.885],[-82.925,32.9],[-82.875,32.915],[-82.84,32.925],[-82.825,32.93],[-82.775,32.945],[-82.725,32.96],[-82.676,32.975],[-82.675,32.975],[-82.625,32.991],[-82.575,33.006],[-82.525,33.022],[-82.517,33.025],[-82.475,33.038],[-82.425,33.055],[-82.375,33.071],[-82.363,33.075],[-82.325,33.088],[-82.275,33.105],[-82.225,33.122],[-82.215,33.125],[-82.175,33.139],[-82.125,33.156],[-82.075,33.173],[-82.07,33.175],[-82.025,33.191],[-81.975,33.208],[-81.926,33.225],[-81.925,33.225],[-81.875,33.243],[-81.825,33.26],[-81.781,33.275],[-81.775,33.277],[-81.725,33.294],[-81.675,33.311],[-81.633,33.325],[-81.625,33.328],[-81.575,33.344],[-81.525,33.36],[-81.479,33.375],[-81.475,33.376],[-81.425,33.392],[-81.375,33.407],[-81.325,33.422],[-81.314,33.425],[-81.275,33.436],[-81.225,33.45],[-81.175,33.463],[-81.128,33.475],[-81.125,33.476],[-81.075,33.488],[-81.025,33.499],[-80.975,33.509],[-80.925,33.519],[-80.894,33.525],[-80.875,33.528],[-80.825,33.537],[-80.775,33.544],[-80.725,33.551],[-80.675,33.558],[-80.625,33.564],[-80.575,33.57],[-80.525,33.575],[-80.522,33.575],[-80.475,33.579],[-80.425,33.584],[-80.375,33.588],[-80.325,33.591],[-80.275,33.594],[-80.225,33.597],[-80.175,33.599],[-80.125,33.601],[-80.075,33.602],[-80.025,33.603],[-79.975,33.604],[-79.925,33.604],[-79.875,33.603],[-79.825,33.601],[-79.775,33.599],[-79.725,33.597],[-79.675,33.594],[-79.625,33.591],[-79.575,33.587],[-79.525,33.583],[-79.475,33.579],[-79.425,33.575],[-79.424,33.575],[-79.375,33.571],[-79.325,33.567],[-79.275,33.563],[-79.225,33.56],[-79.175,33.557],[-79.125,33.553],[-79.075,33.551],[-79.051,33.549]]]}},{"type":"Feature","properties":{"date":"2014-04-06","label":"6 Apr","yday":96,"tier":"day","major":false},"geometry":{"type":"MultiLineString","coordinates":[[[-89.175,32.425],[-89.175,32.424],[-89.125,32.418],[-89.075,32.412],[-89.025,32.407],[-88.975,32.402],[-88.925,32.397],[-88.875,32.394],[-88.825,32.391],[-88.775,32.389],[-88.725,32.387],[-88.675,32.387],[-88.625,32.387],[-88.575,32.388],[-88.525,32.389],[-88.475,32.391],[-88.425,32.394],[-88.375,32.397],[-88.325,32.401],[-88.275,32.406],[-88.225,32.41],[-88.175,32.415]],[[-86.719,32.569],[-86.675,32.57],[-86.625,32.571],[-86.575,32.571],[-86.525,32.571],[-86.475,32.571],[-86.43,32.57]],[[-86.211,32.561],[-86.175,32.559],[-86.125,32.556],[-86.075,32.553],[-86.025,32.55],[-85.975,32.546],[-85.925,32.543],[-85.875,32.54],[-85.825,32.538],[-85.775,32.535],[-85.725,32.533],[-85.675,32.531],[-85.625,32.53],[-85.575,32.529],[-85.525,32.529],[-85.475,32.529],[-85.425,32.531],[-85.375,32.533],[-85.325,32.537],[-85.275,32.541],[-85.225,32.545],[-85.175,32.55],[-85.125,32.555],[-85.075,32.561],[-85.025,32.566],[-84.975,32.572],[-84.951,32.575],[-84.925,32.578],[-84.875,32.584],[-84.825,32.59],[-84.775,32.596],[-84.725,32.602],[-84.675,32.609],[-84.625,32.615],[-84.575,32.623],[-84.558,32.625],[-84.525,32.63],[-84.475,32.638],[-84.425,32.646],[-84.375,32.654],[-84.325,32.663],[-84.275,32.672],[-84.262,32.675],[-84.225,32.682],[-84.175,32.692],[-84.125,32.703],[-84.075,32.714],[-84.026,32.725],[-84.025,32.725],[-83.975,32.737],[-83.925,32.749],[-83.875,32.762],[-83.826,32.775],[-83.825,32.775],[-83.775,32.789],[-83.725,32.803],[-83.675,32.817],[-83.649,32.825],[-83.625,32.832],[-83.575,32.847],[-83.525,32.862],[-83.485,32.875],[-83.475,32.878],[-83.425,32.894],[-83.375,32.91],[-83.328,32.925],[-83.325,32.926],[-83.275,32.942],[-83.225,32.958],[-83.175,32.974],[-83.172,32.975],[-83.125,32.99],[-83.075,33.005],[-83.025,33.021],[-83.012,33.025],[-82.975,33.036],[-82.925,33.052],[-82.875,33.067],[-82.849,33.075],[-82.825,33.082],[-82.775,33.098],[-82.725,33.113],[-82.688,33.125],[-82.675,33.129],[-82.625,33.145],[-82.575,33.161],[-82.531,33.175],[-82.525,33.177],[-82.475,33.194],[-82.425,33.21],[-82.382,33.225],[-82.375,33.227],[-82.325,33.245],[-82.275,33.262],[-82.239,33.275],[-82.225,33.28],[-82.175,33.298],[-82.125,33.316],[-82.099,33.325],[-82.075,33.334],[-82.025,33.352],[-81.975,33.37],[-81.96,33.375],[-81.925,33.388],[-81.875,33.406],[-81.825,33.424],[-81.823,33.425],[-81.775,33.442],[-81.725,33.46],[-81.683,33.475],[-81.675,33.478],[-81.625,33.495],[-81.575,33.512],[-81.538,33.525],[-81.525,33.53],[-81.475,33.546],[-81.425,33.563],[-81.387,33.575],[-81.375,33.579],[-81.325,33.594],[-81.275,33.609],[-81.225,33.623],[-81.218,33.625],[-81.175,33.637],[-81.125,33.649],[-81.075,33.661],[-81.025,33.672],[-81.01,33.675],[-80.975,33.682],[-80.925,33.691],[-80.875,33.699],[-80.825,33.707],[-80.775,33.714],[-80.725,33.72],[-80.683,33.725],[-80.675,33.726],[-80.625,33.731],[-80.575,33.736],[-80.525,33.741],[-80.475,33.745],[-80.425,33.749],[-80.375,33.753],[-80.325,33.757],[-80.275,33.76],[-80.225,33.763],[-80.175,33.765],[-80.125,33.767],[-80.075,33.769],[-80.025,33.771],[-79.975,33.772],[-79.925,33.772],[-79.875,33.772],[-79.825,33.772],[-79.775,33.77],[-79.725,33.768],[-79.675,33.766],[-79.625,33.763],[-79.575,33.76],[-79.525,33.757],[-79.475,33.753],[-79.425,33.75],[-79.375,33.746],[-79.325,33.742],[-79.275,33.738],[-79.225,33.734],[-79.175,33.73],[-79.125,33.727],[-79.1,33.725],[-79.075,33.723],[-79.025,33.72],[-78.975,33.717],[-78.925,33.714],[-78.888,33.712]]]}},{"type":"Feature","properties":{"date":"2014-04-07","label":"7 Apr","yday":97,"tier":"day","major":false},"geometry":{"type":"MultiLineString","coordinates":[[[-88.922,32.578],[-88.882,32.575],[-88.875,32.575],[-88.825,32.572],[-88.775,32.57],[-88.725,32.569],[-88.675,32.568],[-88.625,32.568],[-88.575,32.569],[-88.525,32.57],[-88.475,32.572],[-88.425,32.575],[-88.418,32.575],[-88.375,32.578],[-88.325,32.581],[-88.275,32.585]],[[-87.43,32.675],[-87.425,32.675],[-87.375,32.68],[-87.325,32.684],[-87.275,32.688],[-87.225,32.692],[-87.175,32.695],[-87.125,32.699],[-87.075,32.701],[-87.025,32.704],[-86.975,32.706],[-86.925,32.708],[-86.875,32.709],[-86.825,32.71],[-86.775,32.711],[-86.725,32.711],[-86.675,32.711],[-86.625,32.711],[-86.575,32.71],[-86.525,32.709],[-86.475,32.707],[-86.425,32.706],[-86.375,32.703],[-86.325,32.701],[-86.275,32.698],[-86.225,32.694],[-86.175,32.691],[-86.125,32.687],[-86.075,32.684],[-86.025,32.68],[-85.975,32.676],[-85.961,32.675],[-85.925,32.672],[-85.875,32.669],[-85.825,32.665],[-85.775,32.662],[-85.725,32.659],[-85.675,32.657],[-85.625,32.655],[-85.575,32.653],[-85.525,32.652],[-85.475,32.652],[-85.425,32.653],[-85.375,32.655],[-85.325,32.657],[-85.275,32.661],[-85.225,32.665],[-85.175,32.669],[-85.125,32.674],[-85.116,32.675],[-85.075,32.679],[-85.025,32.684],[-84.975,32.69],[-84.925,32.696],[-84.875,32.701],[-84.825,32.707],[-84.775,32.714],[-84.725,32.72],[-84.689,32.725],[-84.675,32.727],[-84.625,32.734],[-84.575,32.741],[-84.525,32.749],[-84.475,32.757],[-84.425,32.766],[-84.376,32.775],[-84.375,32.775],[-84.325,32.785],[-84.275,32.795],[-84.225,32.805],[-84.175,32.816],[-84.136,32.825],[-84.125,32.828],[-84.075,32.839],[-84.025,32.852],[-83.975,32.865],[-83.937,32.875],[-83.925,32.878],[-83.875,32.892],[-83.825,32.906],[-83.775,32.921],[-83.772,32.922]],[[-83.425,33.036],[-83.375,33.053],[-83.325,33.071],[-83.313,33.075],[-83.275,33.088],[-83.225,33.105],[-83.175,33.122],[-83.166,33.125],[-83.125,33.138],[-83.075,33.155],[-83.025,33.171],[-83.011,33.175],[-82.975,33.187],[-82.925,33.203],[-82.875,33.218],[-82.855,33.225],[-82.825,33.234],[-82.775,33.251],[-82.725,33.267],[-82.699,33.275],[-82.675,33.283],[-82.625,33.3],[-82.575,33.316],[-82.549,33.325],[-82.525,33.333],[-82.475,33.351],[-82.425,33.368],[-82.407,33.375],[-82.375,33.387],[-82.325,33.405],[-82.275,33.424],[-82.272,33.425],[-82.225,33.443],[-82.175,33.462],[-82.142,33.475],[-82.125,33.481],[-82.075,33.501],[-82.025,33.52],[-82.011,33.525],[-81.975,33.539],[-81.925,33.558],[-81.878,33.575],[-81.875,33.576],[-81.825,33.595],[-81.775,33.613],[-81.741,33.625],[-81.725,33.631],[-81.675,33.649],[-81.625,33.667],[-81.601,33.675],[-81.575,33.684],[-81.525,33.702],[-81.475,33.719],[-81.455,33.725],[-81.425,33.735],[-81.375,33.751],[-81.325,33.766],[-81.293,33.775],[-81.275,33.78],[-81.225,33.794],[-81.175,33.806],[-81.125,33.818],[-81.094,33.825],[-81.075,33.829],[-81.025,33.838],[-80.975,33.847],[-80.925,33.855],[-80.875,33.861],[-80.825,33.868],[-80.775,33.873],[-80.759,33.875],[-80.725,33.879],[-80.675,33.884],[-80.625,33.888],[-80.575,33.893],[-80.525,33.897],[-80.475,33.902],[-80.425,33.906],[-80.375,33.909],[-80.325,33.913],[-80.275,33.916],[-80.225,33.919],[-80.175,33.922],[-80.125,33.925],[-80.125,33.925],[-80.075,33.927],[-80.025,33.929],[-79.975,33.931],[-79.925,33.932],[-79.875,33.933],[-79.825,33.934],[-79.775,33.934],[-79.725,33.933],[-79.675,33.933],[-79.625,33.931],[-79.575,33.93],[-79.525,33.928],[-79.475,33.925],[-79.467,33.925],[-79.425,33.923],[-79.375,33.92],[-79.325,33.917],[-79.275,33.915],[-79.225,33.912],[-79.175,33.909],[-79.125,33.906],[-79.075,33.903],[-79.025,33.9],[-78.975,33.897],[-78.925,33.894],[-78.875,33.892],[-78.825,33.89],[-78.775,33.888],[-78.725,33.887],[-78.675,33.887],[-78.625,33.888],[-78.611,33.889]],[[-78.494,33.894],[-78.475,33.895],[-78.453,33.897]],[[-78.134,33.925],[-78.125,33.926],[-78.075,33.934],[-78.025,33.943],[-78.003,33.947]]]}},{"type":"Feature","properties":{"date":"2014-04-08","label":"8 Apr","yday":98,"tier":"day","major":false},"geometry":{"type":"MultiLineString","coordinates":[[[-87.574,32.824],[-87.566,32.825],[-87.525,32.828],[-87.475,32.832],[-87.425,32.836],[-87.375,32.839],[-87.325,32.842],[-87.275,32.844],[-87.225,32.847],[-87.175,32.849],[-87.125,32.851],[-87.075,32.852],[-87.025,32.853],[-86.975,32.854],[-86.925,32.854],[-86.875,32.855],[-86.825,32.854],[-86.775,32.854],[-86.725,32.853],[-86.675,32.852],[-86.625,32.85],[-86.575,32.849],[-86.525,32.846],[-86.475,32.844],[-86.425,32.841],[-86.375,32.838],[-86.325,32.835],[-86.275,32.831],[-86.225,32.827],[-86.199,32.825],[-86.175,32.823],[-86.125,32.819],[-86.075,32.815],[-86.025,32.81],[-85.975,32.806],[-85.925,32.802],[-85.875,32.798],[-85.825,32.794],[-85.775,32.79],[-85.725,32.787],[-85.675,32.784],[-85.625,32.782],[-85.575,32.78],[-85.525,32.778],[-85.475,32.778],[-85.425,32.778],[-85.375,32.779],[-85.325,32.781],[-85.275,32.783],[-85.225,32.787],[-85.175,32.79],[-85.125,32.794],[-85.075,32.799],[-85.025,32.803],[-84.975,32.808],[-84.925,32.814],[-84.875,32.819],[-84.826,32.825],[-84.825,32.825],[-84.775,32.831],[-84.725,32.838],[-84.675,32.845],[-84.625,32.852],[-84.575,32.86],[-84.525,32.868],[-84.486,32.875],[-84.475,32.877],[-84.425,32.886],[-84.375,32.896],[-84.325,32.906],[-84.275,32.916],[-84.237,32.925],[-84.225,32.928],[-84.187,32.937]],[[-89.675,32.837],[-89.625,32.83],[-89.586,32.825],[-89.575,32.823],[-89.532,32.818]],[[-84.089,32.961],[-84.075,32.965],[-84.036,32.975],[-84.025,32.978],[-83.975,32.992],[-83.925,33.006],[-83.875,33.021],[-83.872,33.022]],[[-83.425,33.177],[-83.375,33.195],[-83.325,33.214],[-83.294,33.225],[-83.275,33.232],[-83.225,33.25],[-83.175,33.268],[-83.154,33.275],[-83.125,33.285],[-83.075,33.303],[-83.025,33.32],[-83.01,33.325],[-82.975,33.337],[-82.925,33.354],[-82.875,33.371],[-82.864,33.375]],[[-82.411,33.539],[-82.375,33.554],[-82.325,33.574],[-82.323,33.575],[-82.275,33.595],[-82.225,33.616],[-82.202,33.625],[-82.175,33.636],[-82.125,33.657],[-82.079,33.675],[-82.075,33.677],[-82.025,33.696],[-81.975,33.716],[-81.951,33.725],[-81.925,33.735],[-81.875,33.753],[-81.825,33.772],[-81.816,33.775],[-81.775,33.79],[-81.725,33.807],[-81.675,33.825],[-81.674,33.825],[-81.625,33.841],[-81.575,33.858],[-81.525,33.874],[-81.521,33.875],[-81.475,33.889],[-81.425,33.904],[-81.375,33.918],[-81.348,33.925],[-81.325,33.931],[-81.275,33.944],[-81.225,33.955],[-81.175,33.967],[-81.133,33.975],[-81.125,33.977],[-81.075,33.985],[-81.025,33.993],[-80.975,34.0],[-80.925,34.006],[-80.875,34.011],[-80.825,34.016],[-80.775,34.021],[-80.735,34.025],[-80.725,34.026],[-80.675,34.03],[-80.625,34.035],[-80.575,34.039],[-80.525,34.043],[-80.475,34.047],[-80.425,34.051],[-80.375,34.055],[-80.325,34.059],[-80.275,34.063],[-80.225,34.066],[-80.175,34.07],[-80.125,34.073],[-80.094,34.075],[-80.075,34.076],[-80.025,34.079],[-79.975,34.082],[-79.925,34.084],[-79.875,34.086],[-79.825,34.088],[-79.775,34.09],[-79.725,34.091],[-79.675,34.092],[-79.625,34.092],[-79.575,34.092],[-79.525,34.092],[-79.475,34.091],[-79.425,34.091],[-79.375,34.09],[-79.325,34.09],[-79.275,34.089],[-79.225,34.089],[-79.175,34.088],[-79.125,34.088],[-79.075,34.087],[-79.025,34.087],[-78.975,34.087],[-78.925,34.087],[-78.875,34.088],[-78.825,34.089],[-78.775,34.09],[-78.725,34.091],[-78.675,34.093],[-78.625,34.096],[-78.575,34.098],[-78.525,34.102],[-78.475,34.105],[-78.425,34.11],[-78.375,34.114],[-78.325,34.119],[-78.278,34.125],[-78.275,34.125],[-78.225,34.132],[-78.175,34.139],[-78.125,34.148],[-78.075,34.156],[-78.025,34.166],[-77.981,34.175],[-77.975,34.176],[-77.925,34.186],[-77.875,34.196],[-77.825,34.206]]]}},{"type":"Feature","properties":{"date":"2014-04-09","label":"9 Apr","yday":99,"tier":"day","major":false},"geometry":{"type":"MultiLineString","coordinates":[[[-89.655,32.995],[-89.625,32.991],[-89.575,32.986],[-89.525,32.98]],[[-87.575,32.985],[-87.525,32.988],[-87.475,32.991],[-87.425,32.993],[-87.375,32.995],[-87.325,32.997],[-87.275,32.998],[-87.225,32.999],[-87.175,33.0],[-87.125,33.001],[-87.075,33.001],[-87.025,33.001],[-86.975,33.001],[-86.925,33.0],[-86.875,32.999],[-86.825,32.998],[-86.775,32.996],[-86.725,32.995],[-86.675,32.992],[-86.625,32.99],[-86.575,32.987],[-86.525,32.984],[-86.475,32.981],[-86.425,32.977],[-86.398,32.975],[-86.375,32.973],[-86.325,32.969],[-86.275,32.965],[-86.225,32.96],[-86.175,32.956],[-86.125,32.951],[-86.075,32.947],[-86.025,32.942],[-85.975,32.937],[-85.925,32.933],[-85.875,32.928],[-85.838,32.925],[-85.825,32.924],[-85.775,32.92],[-85.725,32.916],[-85.675,32.913],[-85.625,32.91],[-85.575,32.908],[-85.525,32.906],[-85.475,32.905],[-85.425,32.905],[-85.375,32.905],[-85.325,32.906],[-85.275,32.907],[-85.225,32.909],[-85.175,32.912],[-85.125,32.915],[-85.075,32.919],[-85.025,32.923],[-85.003,32.925],[-84.975,32.928],[-84.925,32.932],[-84.875,32.938],[-84.825,32.943],[-84.775,32.95],[-84.725,32.956],[-84.675,32.963],[-84.625,32.971],[-84.597,32.975],[-84.575,32.979],[-84.525,32.987],[-84.475,32.996],[-84.425,33.006],[-84.375,33.016],[-84.333,33.025],[-84.326,33.026]],[[-82.425,33.713],[-82.397,33.725],[-82.375,33.735],[-82.325,33.757],[-82.282,33.775],[-82.275,33.778],[-82.225,33.8],[-82.175,33.82],[-82.164,33.825],[-82.125,33.841],[-82.075,33.861],[-82.038,33.875],[-82.025,33.88],[-81.975,33.899],[-81.925,33.917],[-81.902,33.925],[-81.875,33.935],[-81.825,33.951],[-81.775,33.968],[-81.751,33.975],[-81.725,33.983],[-81.675,33.998],[-81.625,34.013],[-81.58,34.025],[-81.575,34.026],[-81.525,34.04],[-81.475,34.052],[-81.425,34.064],[-81.378,34.075],[-81.375,34.076],[-81.325,34.086],[-81.275,34.096],[-81.225,34.105],[-81.175,34.114],[-81.125,34.121],[-81.099,34.125],[-81.075,34.128],[-81.025,34.134],[-80.975,34.14],[-80.925,34.145],[-80.875,34.15],[-80.825,34.154],[-80.775,34.158],[-80.725,34.162],[-80.675,34.167],[-80.625,34.171],[-80.575,34.175],[-80.573,34.175],[-80.525,34.179],[-80.475,34.183],[-80.425,34.187],[-80.375,34.191],[-80.325,34.196],[-80.275,34.2],[-80.225,34.204],[-80.175,34.208],[-80.125,34.212],[-80.075,34.216],[-80.025,34.219],[-79.975,34.223],[-79.942,34.225],[-79.925,34.226],[-79.875,34.229],[-79.825,34.232],[-79.775,34.235],[-79.725,34.238],[-79.675,34.24],[-79.625,34.242],[-79.575,34.244],[-79.525,34.246],[-79.475,34.248],[-79.425,34.25],[-79.375,34.252],[-79.325,34.255],[-79.275,34.257],[-79.225,34.259],[-79.175,34.262],[-79.125,34.265],[-79.075,34.268],[-79.025,34.272],[-78.981,34.275],[-78.975,34.275],[-78.925,34.28],[-78.875,34.284],[-78.825,34.289],[-78.775,34.294],[-78.725,34.299],[-78.675,34.304],[-78.625,34.309],[-78.575,34.314],[-78.525,34.319],[-78.477,34.325],[-78.475,34.325],[-78.425,34.331],[-78.375,34.338],[-78.325,34.344],[-78.275,34.351],[-78.225,34.359],[-78.175,34.367],[-78.128,34.375],[-78.125,34.376],[-78.075,34.384],[-78.025,34.393],[-77.975,34.401],[-77.925,34.41],[-77.875,34.418],[-77.832,34.425],[-77.825,34.426],[-77.775,34.434],[-77.725,34.441],[-77.675,34.448],[-77.625,34.456],[-77.59,34.46]],[[-77.478,34.475],[-77.475,34.475],[-77.475,34.475]]]}},{"type":"Feature","properties":{"date":"2014-04-10","label":"10 Apr","yday":100,"tier":"five","major":false},"geometry":{"type":"MultiLineString","coordinates":[[[-87.825,33.127],[-87.775,33.131],[-87.725,33.134],[-87.675,33.137],[-87.625,33.14],[-87.609,33.141]],[[-87.544,33.144],[-87.525,33.144],[-87.475,33.146],[-87.425,33.147],[-87.375,33.148],[-87.325,33.149],[-87.275,33.149],[-87.225,33.149],[-87.175,33.149],[-87.125,33.149],[-87.075,33.148],[-87.025,33.147],[-86.975,33.146],[-86.925,33.145],[-86.875,33.143],[-86.825,33.141],[-86.775,33.139],[-86.725,33.136],[-86.675,33.133],[-86.625,33.13],[-86.575,33.126],[-86.561,33.125],[-86.525,33.122],[-86.475,33.118],[-86.425,33.114],[-86.375,33.109],[-86.325,33.105],[-86.275,33.1],[-86.225,33.095],[-86.175,33.09],[-86.125,33.085],[-86.075,33.08],[-86.029,33.075],[-86.025,33.075],[-85.975,33.069],[-85.925,33.065],[-85.875,33.06],[-85.825,33.055],[-85.775,33.051],[-85.725,33.047],[-85.675,33.043],[-85.625,33.04],[-85.575,33.037],[-85.525,33.035],[-85.475,33.033],[-85.425,33.032],[-85.375,33.031],[-85.325,33.031],[-85.275,33.032],[-85.225,33.033],[-85.175,33.035],[-85.125,33.038],[-85.075,33.04],[-85.025,33.044],[-84.975,33.048],[-84.925,33.052],[-84.875,33.057],[-84.825,33.062],[-84.775,33.068],[-84.725,33.075],[-84.723,33.075],[-84.675,33.082],[-84.625,33.089],[-84.575,33.097],[-84.525,33.106],[-84.475,33.116],[-84.429,33.125]],[[-82.198,34.002],[-82.175,34.011],[-82.14,34.025],[-82.125,34.031],[-82.075,34.049],[-82.025,34.067],[-82.001,34.075],[-81.975,34.084],[-81.925,34.1],[-81.875,34.115],[-81.867,34.117]],[[-80.924,34.276],[-80.875,34.28],[-80.825,34.284],[-80.775,34.287],[-80.725,34.291],[-80.675,34.295],[-80.625,34.299],[-80.575,34.303],[-80.525,34.307],[-80.475,34.311],[-80.425,34.315],[-80.375,34.32],[-80.325,34.325],[-80.321,34.325],[-80.275,34.329],[-80.225,34.334],[-80.175,34.338],[-80.125,34.343],[-80.075,34.347],[-80.025,34.351],[-79.975,34.355],[-79.925,34.359],[-79.875,34.363],[-79.825,34.367],[-79.775,34.371],[-79.725,34.375],[-79.721,34.375],[-79.675,34.379],[-79.625,34.383],[-79.575,34.387],[-79.525,34.391],[-79.475,34.396],[-79.425,34.401],[-79.375,34.406],[-79.325,34.411],[-79.275,34.416],[-79.225,34.422],[-79.196,34.425],[-79.175,34.428],[-79.125,34.434],[-79.075,34.44],[-79.025,34.447],[-78.975,34.454],[-78.925,34.462],[-78.875,34.47],[-78.843,34.475],[-78.825,34.478],[-78.775,34.486],[-78.725,34.494],[-78.675,34.502],[-78.625,34.51],[-78.575,34.518],[-78.528,34.525],[-78.525,34.526],[-78.475,34.533],[-78.425,34.54],[-78.375,34.548],[-78.325,34.556],[-78.275,34.563],[-78.225,34.571],[-78.2,34.575],[-78.175,34.579],[-78.125,34.587],[-78.075,34.595],[-78.025,34.603],[-77.975,34.611],[-77.925,34.619],[-77.885,34.625],[-77.875,34.627],[-77.825,34.634],[-77.775,34.642],[-77.725,34.65],[-77.675,34.657],[-77.625,34.664],[-77.575,34.672],[-77.552,34.675],[-77.525,34.679],[-77.475,34.685],[-77.44,34.69]],[[-77.325,34.702],[-77.275,34.707],[-77.225,34.711],[-77.175,34.714]],[[-77.069,34.719],[-77.025,34.72],[-76.975,34.722],[-76.928,34.722]]]}},{"type":"Feature","properties":{"date":"2014-04-11","label":"11 Apr","yday":101,"tier":"day","major":false},"geometry":{"type":"MultiLineString","coordinates":[[[-87.658,33.292],[-87.625,33.293],[-87.575,33.295],[-87.525,33.296],[-87.475,33.297],[-87.425,33.297],[-87.375,33.297],[-87.325,33.297],[-87.275,33.297],[-87.225,33.297],[-87.175,33.296],[-87.125,33.295],[-87.075,33.294],[-87.025,33.292],[-86.975,33.291],[-86.925,33.289],[-86.875,33.286],[-86.825,33.284],[-86.775,33.281],[-86.725,33.277],[-86.692,33.275],[-86.675,33.274],[-86.625,33.27],[-86.575,33.266],[-86.525,33.261],[-86.475,33.257],[-86.425,33.252],[-86.375,33.247],[-86.325,33.242],[-86.275,33.236],[-86.225,33.231],[-86.175,33.225],[-86.172,33.225],[-86.125,33.22],[-86.075,33.214],[-86.025,33.209],[-85.975,33.203],[-85.925,33.198],[-85.875,33.193],[-85.825,33.188],[-85.775,33.183],[-85.725,33.178],[-85.687,33.175],[-85.675,33.174],[-85.625,33.17],[-85.575,33.167],[-85.525,33.164],[-85.475,33.162],[-85.425,33.16],[-85.375,33.158],[-85.325,33.158],[-85.275,33.158],[-85.225,33.158],[-85.175,33.159],[-85.125,33.161],[-85.075,33.163],[-85.025,33.166],[-84.975,33.169],[-84.925,33.173],[-84.902,33.175]],[[-80.737,34.413],[-80.725,34.414],[-80.675,34.417],[-80.625,34.421],[-80.575,34.425],[-80.571,34.425],[-80.525,34.429],[-80.475,34.433],[-80.425,34.437],[-80.375,34.442],[-80.325,34.447],[-80.275,34.451],[-80.225,34.456],[-80.175,34.461],[-80.125,34.466],[-80.075,34.47],[-80.025,34.475],[-80.021,34.475],[-79.975,34.479],[-79.925,34.484],[-79.875,34.489],[-79.825,34.494],[-79.775,34.499],[-79.725,34.505],[-79.675,34.511],[-79.625,34.517],[-79.575,34.524],[-79.565,34.525],[-79.525,34.53],[-79.475,34.537],[-79.425,34.544],[-79.375,34.552],[-79.325,34.56],[-79.275,34.568],[-79.233,34.575],[-79.225,34.576],[-79.175,34.585],[-79.125,34.594],[-79.075,34.604],[-79.025,34.614],[-78.975,34.624],[-78.972,34.625],[-78.925,34.635],[-78.875,34.645],[-78.825,34.656],[-78.775,34.666],[-78.733,34.675],[-78.725,34.677],[-78.675,34.686],[-78.625,34.696],[-78.575,34.705],[-78.525,34.714],[-78.475,34.723],[-78.464,34.725],[-78.425,34.732],[-78.375,34.74],[-78.325,34.748],[-78.275,34.756],[-78.225,34.765],[-78.175,34.773],[-78.163,34.775],[-78.125,34.781],[-78.075,34.789],[-78.025,34.798],[-77.975,34.806],[-77.925,34.814],[-77.875,34.823],[-77.861,34.825],[-77.825,34.831],[-77.775,34.839],[-77.725,34.847],[-77.675,34.856],[-77.625,34.864],[-77.575,34.872],[-77.554,34.875],[-77.525,34.88],[-77.475,34.887],[-77.425,34.894],[-77.375,34.901],[-77.325,34.907],[-77.275,34.912],[-77.225,34.917],[-77.175,34.921],[-77.125,34.925],[-77.122,34.925],[-77.075,34.927],[-77.025,34.929],[-76.975,34.93],[-76.929,34.929]],[[-76.674,34.926],[-76.625,34.925],[-76.575,34.925]],[[-76.575,34.925],[-76.525,34.926],[-76.475,34.927],[-76.425,34.929],[-76.381,34.931]]]}},{"type":"Feature","properties":{"date":"2014-04-12","label":"12 Apr","yday":102,"tier":"day","major":false},"geometry":{"type":"MultiLineString","coordinates":[[[-87.642,33.442],[-87.625,33.442],[-87.575,33.443],[-87.525,33.444],[-87.475,33.444],[-87.444,33.444]],[[-87.175,33.441],[-87.125,33.44],[-87.075,33.438],[-87.025,33.437],[-86.975,33.434],[-86.925,33.432],[-86.875,33.429],[-86.825,33.426],[-86.805,33.425],[-86.775,33.423],[-86.725,33.419],[-86.675,33.415],[-86.625,33.411],[-86.575,33.406],[-86.525,33.401],[-86.475,33.396],[-86.425,33.391],[-86.375,33.385],[-86.325,33.38],[-86.284,33.375],[-86.275,33.374],[-86.225,33.368],[-86.175,33.362],[-86.125,33.356],[-86.075,33.35],[-86.025,33.344],[-85.975,33.338],[-85.925,33.333],[-85.875,33.327],[-85.858,33.325],[-85.825,33.321],[-85.775,33.316],[-85.725,33.311],[-85.675,33.306],[-85.625,33.302],[-85.575,33.298],[-85.525,33.294],[-85.475,33.291],[-85.425,33.289],[-85.375,33.287],[-85.325,33.285],[-85.275,33.284],[-85.225,33.284],[-85.175,33.284],[-85.125,33.285],[-85.075,33.287],[-85.038,33.288]],[[-80.675,34.535],[-80.625,34.539],[-80.575,34.542],[-80.525,34.546],[-80.475,34.55],[-80.425,34.555],[-80.375,34.559],[-80.325,34.564],[-80.275,34.568],[-80.225,34.573],[-80.206,34.575],[-80.175,34.578],[-80.125,34.583],[-80.075,34.588],[-80.025,34.593],[-79.975,34.598],[-79.925,34.604],[-79.875,34.61],[-79.825,34.617],[-79.775,34.624],[-79.77,34.625],[-79.725,34.632],[-79.675,34.639],[-79.625,34.648],[-79.575,34.656],[-79.525,34.665],[-79.475,34.674],[-79.469,34.675],[-79.425,34.683],[-79.375,34.693],[-79.325,34.704],[-79.275,34.715],[-79.229,34.725],[-79.225,34.726],[-79.175,34.738],[-79.125,34.75],[-79.075,34.762],[-79.025,34.775],[-79.024,34.775],[-78.975,34.787],[-78.925,34.8],[-78.875,34.812],[-78.825,34.824],[-78.822,34.825],[-78.775,34.836],[-78.725,34.847],[-78.675,34.858],[-78.625,34.868],[-78.592,34.875],[-78.575,34.878],[-78.525,34.888],[-78.475,34.898],[-78.425,34.907],[-78.375,34.916],[-78.328,34.925],[-78.325,34.926],[-78.275,34.934],[-78.225,34.943],[-78.175,34.952],[-78.125,34.961],[-78.075,34.97],[-78.049,34.975],[-78.025,34.979],[-77.975,34.989],[-77.925,34.998],[-77.875,35.007],[-77.825,35.017],[-77.781,35.025],[-77.775,35.026],[-77.725,35.035],[-77.675,35.044],[-77.625,35.053],[-77.575,35.062],[-77.525,35.07],[-77.495,35.075],[-77.475,35.078],[-77.425,35.086],[-77.375,35.093],[-77.325,35.099],[-77.275,35.105],[-77.225,35.111],[-77.175,35.116],[-77.125,35.12],[-77.075,35.123],[-77.04,35.125],[-77.025,35.126],[-76.975,35.127],[-76.925,35.127],[-76.875,35.127],[-76.825,35.126],[-76.824,35.126]]]}},{"type":"Feature","properties":{"date":"2014-04-13","label":"13 Apr","yday":103,"tier":"day","major":false},"geometry":{"type":"MultiLineString","coordinates":[[[-87.775,33.589],[-87.725,33.59],[-87.675,33.59],[-87.625,33.591],[-87.575,33.591],[-87.541,33.591]],[[-87.125,33.585],[-87.075,33.583],[-87.025,33.581],[-86.975,33.578],[-86.925,33.576],[-86.912,33.575],[-86.875,33.573],[-86.825,33.57],[-86.775,33.566],[-86.725,33.562],[-86.675,33.558],[-86.625,33.553],[-86.575,33.548],[-86.525,33.542],[-86.475,33.537],[-86.425,33.531],[-86.375,33.525],[-86.372,33.525],[-86.325,33.519],[-86.275,33.513],[-86.225,33.507],[-86.175,33.501],[-86.125,33.494],[-86.075,33.488],[-86.025,33.482],[-85.975,33.475],[-85.971,33.475],[-85.925,33.469],[-85.875,33.463],[-85.825,33.457],[-85.775,33.451],[-85.725,33.445],[-85.675,33.44],[-85.625,33.435],[-85.575,33.43],[-85.525,33.426],[-85.512,33.425],[-85.475,33.422],[-85.425,33.419],[-85.375,33.416],[-85.325,33.414],[-85.275,33.412],[-85.225,33.411],[-85.175,33.411],[-85.125,33.411],[-85.075,33.412]],[[-80.625,34.654],[-80.575,34.657],[-80.525,34.661],[-80.475,34.665],[-80.425,34.669],[-80.375,34.674],[-80.361,34.675],[-80.325,34.678],[-80.275,34.683],[-80.225,34.688],[-80.175,34.693],[-80.125,34.698],[-80.075,34.703],[-80.025,34.709],[-79.975,34.715],[-79.925,34.722],[-79.908,34.725],[-79.875,34.73],[-79.825,34.739],[-79.775,34.747],[-79.725,34.756],[-79.675,34.766],[-79.628,34.775],[-79.625,34.776],[-79.575,34.786],[-79.525,34.796],[-79.475,34.808],[-79.425,34.819],[-79.401,34.825],[-79.375,34.831],[-79.325,34.844],[-79.275,34.857],[-79.225,34.871],[-79.21,34.875],[-79.175,34.885],[-79.125,34.899],[-79.075,34.914],[-79.035,34.925],[-79.025,34.928],[-78.975,34.942],[-78.925,34.956],[-78.875,34.97],[-78.854,34.975],[-78.825,34.982],[-78.775,34.994],[-78.725,35.006],[-78.675,35.017],[-78.639,35.025],[-78.625,35.028],[-78.575,35.039],[-78.525,35.049],[-78.475,35.059],[-78.425,35.07],[-78.399,35.075],[-78.375,35.08],[-78.325,35.09],[-78.275,35.1],[-78.225,35.11],[-78.175,35.12],[-78.15,35.125],[-78.125,35.13],[-78.075,35.14],[-78.025,35.15],[-77.975,35.161],[-77.925,35.171],[-77.906,35.175],[-77.875,35.181],[-77.825,35.191],[-77.775,35.201],[-77.725,35.211],[-77.675,35.221],[-77.653,35.225],[-77.625,35.23],[-77.575,35.239],[-77.525,35.247],[-77.475,35.255],[-77.425,35.262],[-77.375,35.269],[-77.33,35.275],[-77.325,35.276],[-77.275,35.282],[-77.225,35.287],[-77.175,35.292],[-77.125,35.296],[-77.075,35.3],[-77.025,35.303],[-76.975,35.305],[-76.925,35.307],[-76.875,35.308],[-76.825,35.309],[-76.81,35.31]]]}},{"type":"Feature","properties":{"date":"2014-04-14","label":"14 Apr","yday":104,"tier":"day","major":false},"geometry":{"type":"MultiLineString","coordinates":[[[-87.183,33.733],[-87.175,33.732],[-87.125,33.731],[-87.075,33.728],[-87.025,33.726],[-87.005,33.725],[-86.975,33.723],[-86.925,33.72],[-86.875,33.717],[-86.825,33.714],[-86.775,33.71],[-86.725,33.706],[-86.675,33.701],[-86.625,33.696],[-86.575,33.691],[-86.525,33.685],[-86.475,33.679],[-86.439,33.675],[-86.425,33.673],[-86.375,33.667],[-86.325,33.661],[-86.275,33.654],[-86.225,33.648],[-86.175,33.641],[-86.125,33.635],[-86.075,33.628],[-86.054,33.625],[-86.025,33.621],[-85.975,33.614],[-85.925,33.608],[-85.875,33.601],[-85.825,33.595],[-85.775,33.588],[-85.725,33.582],[-85.675,33.576],[-85.668,33.575],[-85.625,33.57],[-85.575,33.565],[-85.525,33.56],[-85.475,33.555],[-85.425,33.551],[-85.375,33.548],[-85.325,33.545],[-85.275,33.542],[-85.225,33.541],[-85.175,33.54],[-85.125,33.539],[-85.075,33.539],[-85.025,33.541]],[[-80.251,34.799],[-80.225,34.801],[-80.175,34.807],[-80.125,34.813],[-80.075,34.819],[-80.03,34.825],[-80.025,34.826],[-79.975,34.833],[-79.925,34.841],[-79.875,34.85],[-79.825,34.859],[-79.775,34.869],[-79.747,34.875],[-79.725,34.88],[-79.675,34.89],[-79.625,34.902],[-79.575,34.913],[-79.528,34.925],[-79.525,34.926],[-79.475,34.939],[-79.425,34.952],[-79.375,34.966],[-79.344,34.975],[-79.325,34.98],[-79.275,34.995],[-79.225,35.01],[-79.178,35.025],[-79.175,35.026],[-79.125,35.041],[-79.075,35.057],[-79.025,35.072],[-79.016,35.075],[-78.975,35.087],[-78.925,35.102],[-78.875,35.115],[-78.838,35.125],[-78.825,35.128],[-78.775,35.141],[-78.725,35.153],[-78.675,35.165],[-78.632,35.175],[-78.625,35.177],[-78.575,35.188],[-78.525,35.199],[-78.475,35.211],[-78.425,35.222],[-78.411,35.225],[-78.375,35.233],[-78.325,35.244],[-78.275,35.255],[-78.225,35.267],[-78.188,35.275],[-78.175,35.278],[-78.125,35.289],[-78.075,35.3],[-78.025,35.312],[-77.975,35.323],[-77.965,35.325],[-77.925,35.334],[-77.875,35.344],[-77.825,35.355],[-77.775,35.365],[-77.725,35.375],[-77.723,35.375],[-77.675,35.384],[-77.625,35.393],[-77.575,35.401],[-77.525,35.41],[-77.475,35.417],[-77.425,35.425],[-77.422,35.425],[-77.375,35.431],[-77.325,35.438],[-77.275,35.444],[-77.225,35.45],[-77.175,35.455],[-77.125,35.46],[-77.075,35.465],[-77.025,35.469],[-77.019,35.469]]]}},{"type":"Feature","properties":{"date":"2014-04-15","label":"15 Apr","yday":105,"tier":"index","major":true},"geometry":{"type":"MultiLineString","coordinates":[[[-86.701,33.849],[-86.675,33.847],[-86.625,33.842],[-86.575,33.836],[-86.525,33.831],[-86.479,33.825],[-86.475,33.824],[-86.425,33.818],[-86.375,33.812],[-86.325,33.805],[-86.275,33.798],[-86.225,33.791],[-86.175,33.784],[-86.125,33.777],[-86.109,33.775],[-86.075,33.77],[-86.025,33.763],[-85.975,33.756],[-85.925,33.749],[-85.875,33.742],[-85.825,33.734],[-85.775,33.727],[-85.757,33.725],[-85.725,33.721],[-85.675,33.714],[-85.625,33.708],[-85.575,33.702],[-85.525,33.696],[-85.475,33.691],[-85.425,33.686],[-85.375,33.682],[-85.325,33.678],[-85.277,33.675],[-85.275,33.675],[-85.225,33.672],[-85.175,33.671],[-85.125,33.67],[-85.075,33.669],[-85.025,33.67],[-84.975,33.671]],[[-87.375,33.888],[-87.325,33.886],[-87.275,33.885],[-87.225,33.883],[-87.175,33.881],[-87.125,33.879],[-87.075,33.877],[-87.044,33.875],[-87.025,33.874],[-86.975,33.871],[-86.925,33.868],[-86.875,33.864],[-86.825,33.86],[-86.809,33.859]],[[-80.125,34.926],[-80.075,34.934],[-80.025,34.941],[-79.975,34.949],[-79.925,34.958],[-79.875,34.968],[-79.84,34.975],[-79.825,34.978],[-79.775,34.989],[-79.725,35.0],[-79.675,35.012],[-79.625,35.025],[-79.625,35.025],[-79.575,35.038],[-79.525,35.052],[-79.475,35.066],[-79.445,35.075],[-79.425,35.081],[-79.375,35.096],[-79.325,35.112],[-79.283,35.125],[-79.275,35.127],[-79.225,35.143],[-79.175,35.159],[-79.126,35.175],[-79.125,35.175],[-79.075,35.191],[-79.025,35.207],[-78.975,35.222],[-78.964,35.225],[-78.925,35.236],[-78.875,35.251],[-78.825,35.265],[-78.787,35.275],[-78.775,35.278],[-78.725,35.292],[-78.675,35.305],[-78.625,35.317],[-78.594,35.325],[-78.575,35.33],[-78.525,35.342],[-78.475,35.355],[-78.425,35.367],[-78.392,35.375],[-78.375,35.379],[-78.325,35.392],[-78.275,35.404],[-78.225,35.416],[-78.191,35.425],[-78.175,35.429],[-78.125,35.441],[-78.075,35.453],[-78.025,35.465],[-77.981,35.475],[-77.975,35.476],[-77.925,35.487],[-77.875,35.498],[-77.825,35.508],[-77.775,35.517],[-77.735,35.525],[-77.725,35.527],[-77.675,35.536],[-77.625,35.544],[-77.575,35.553],[-77.525,35.561],[-77.475,35.568],[-77.43,35.575],[-77.425,35.576],[-77.375,35.583],[-77.325,35.589],[-77.275,35.596],[-77.225,35.602],[-77.175,35.608],[-77.125,35.613],[-77.075,35.619],[-77.025,35.624],[-77.015,35.625],[-76.975,35.629],[-76.925,35.634],[-76.875,35.638],[-76.825,35.643],[-76.775,35.648],[-76.725,35.654]]]}},{"type":"Feature","properties":{"date":"2014-04-16","label":"16 Apr","yday":106,"tier":"day","major":false},"geometry":{"type":"MultiLineString","coordinates":[[[-84.702,33.825],[-84.675,33.829],[-84.671,33.829]],[[-86.644,33.994],[-86.625,33.992],[-86.575,33.986],[-86.525,33.98],[-86.484,33.975],[-86.475,33.974],[-86.425,33.967],[-86.375,33.961],[-86.325,33.954],[-86.275,33.947],[-86.225,33.939],[-86.175,33.932],[-86.13,33.925],[-86.125,33.924],[-86.075,33.917],[-86.025,33.909],[-85.975,33.901],[-85.925,33.894],[-85.875,33.886],[-85.825,33.878],[-85.804,33.875],[-85.775,33.871],[-85.725,33.863],[-85.675,33.856],[-85.625,33.849],[-85.575,33.843],[-85.525,33.836],[-85.475,33.83],[-85.427,33.825],[-85.425,33.825],[-85.375,33.82],[-85.325,33.815],[-85.275,33.812],[-85.225,33.808],[-85.175,33.806],[-85.125,33.804],[-85.075,33.803],[-85.025,33.803],[-84.975,33.804],[-84.925,33.806],[-84.875,33.808],[-84.825,33.812],[-84.775,33.816],[-84.728,33.822]],[[-87.425,34.044],[-87.375,34.042],[-87.325,34.041],[-87.275,34.039],[-87.225,34.037],[-87.175,34.035],[-87.125,34.032],[-87.075,34.03],[-87.027,34.027]],[[-80.109,35.041],[-80.075,35.046],[-80.025,35.054],[-79.975,35.063],[-79.925,35.073],[-79.915,35.075],[-79.875,35.083],[-79.825,35.094],[-79.775,35.106],[-79.725,35.119],[-79.701,35.125],[-79.675,35.132],[-79.625,35.146],[-79.575,35.16],[-79.525,35.175],[-79.525,35.175],[-79.475,35.19],[-79.425,35.206],[-79.375,35.222],[-79.366,35.225],[-79.325,35.238],[-79.275,35.254],[-79.225,35.27],[-79.209,35.275],[-79.175,35.286],[-79.125,35.302],[-79.075,35.318],[-79.053,35.325],[-79.025,35.334],[-78.975,35.35],[-78.925,35.365],[-78.893,35.375],[-78.875,35.381],[-78.825,35.396],[-78.775,35.411],[-78.726,35.425],[-78.725,35.425],[-78.675,35.44],[-78.625,35.454],[-78.575,35.468],[-78.548,35.475],[-78.525,35.481],[-78.475,35.495],[-78.425,35.508],[-78.375,35.522],[-78.364,35.525],[-78.325,35.536],[-78.275,35.55],[-78.225,35.563],[-78.18,35.575],[-78.175,35.576],[-78.125,35.589],[-78.075,35.601],[-78.025,35.613],[-77.975,35.624],[-77.97,35.625],[-77.925,35.634],[-77.875,35.644],[-77.825,35.654],[-77.775,35.663],[-77.725,35.672],[-77.706,35.675],[-77.675,35.68],[-77.625,35.688],[-77.575,35.696],[-77.525,35.704],[-77.475,35.711],[-77.425,35.718],[-77.377,35.725],[-77.375,35.725],[-77.325,35.732],[-77.275,35.739],[-77.225,35.745],[-77.175,35.752],[-77.125,35.758],[-77.075,35.764],[-77.025,35.771],[-76.994,35.775],[-76.975,35.778],[-76.925,35.784],[-76.875,35.791],[-76.825,35.799],[-76.775,35.806],[-76.725,35.815],[-76.675,35.824],[-76.668,35.825],[-76.625,35.833],[-76.575,35.844]]]}},{"type":"Feature","properties":{"date":"2014-04-17","label":"17 Apr","yday":107,"tier":"day","major":false},"geometry":{"type":"MultiLineString","coordinates":[[[-86.113,34.075],[-86.075,34.069],[-86.068,34.068]],[[-85.908,34.042],[-85.875,34.036],[-85.825,34.028],[-85.806,34.025],[-85.775,34.02],[-85.725,34.012],[-85.675,34.004],[-85.625,33.997],[-85.575,33.99],[-85.525,33.983],[-85.475,33.976],[-85.468,33.975],[-85.425,33.97],[-85.375,33.964],[-85.325,33.959],[-85.275,33.954],[-85.225,33.95],[-85.175,33.947],[-85.125,33.945],[-85.075,33.943],[-85.025,33.942],[-84.975,33.942],[-84.925,33.943],[-84.875,33.945],[-84.825,33.949],[-84.775,33.953],[-84.725,33.958],[-84.675,33.965],[-84.625,33.973],[-84.614,33.975],[-84.575,33.983],[-84.565,33.985]],[[-86.446,34.125],[-86.425,34.122],[-86.422,34.122]],[[-86.739,34.161],[-86.725,34.159],[-86.675,34.154],[-86.625,34.148],[-86.594,34.144]],[[-80.102,35.152],[-80.075,35.157],[-80.025,35.165],[-79.976,35.175],[-79.975,35.175],[-79.925,35.186],[-79.875,35.197],[-79.825,35.209],[-79.775,35.222],[-79.764,35.225],[-79.725,35.236],[-79.675,35.25],[-79.625,35.264],[-79.59,35.275],[-79.575,35.28],[-79.525,35.295],[-79.475,35.311],[-79.433,35.325],[-79.425,35.328],[-79.375,35.344],[-79.325,35.36],[-79.279,35.375],[-79.275,35.376],[-79.225,35.393],[-79.175,35.409],[-79.127,35.425],[-79.125,35.426],[-79.075,35.442],[-79.025,35.459],[-78.976,35.475]],[[-78.974,35.476],[-78.925,35.492],[-78.875,35.509],[-78.826,35.525],[-78.825,35.525],[-78.775,35.542],[-78.725,35.558],[-78.675,35.574],[-78.671,35.575],[-78.625,35.59],[-78.575,35.605],[-78.525,35.621],[-78.512,35.625],[-78.475,35.636],[-78.445,35.645]],[[-78.245,35.705],[-78.225,35.71],[-78.175,35.724],[-78.169,35.725],[-78.125,35.736],[-78.075,35.748],[-78.025,35.759],[-77.975,35.769],[-77.943,35.775],[-77.925,35.778],[-77.875,35.788],[-77.825,35.796],[-77.775,35.804],[-77.725,35.812],[-77.675,35.82],[-77.642,35.825],[-77.625,35.828],[-77.575,35.835],[-77.525,35.842],[-77.475,35.849],[-77.425,35.856],[-77.375,35.863],[-77.325,35.87],[-77.29,35.875],[-77.275,35.877],[-77.225,35.884],[-77.175,35.892],[-77.125,35.899],[-77.075,35.907],[-77.025,35.915],[-76.975,35.923],[-76.966,35.925],[-76.925,35.932],[-76.875,35.942],[-76.825,35.952],[-76.775,35.962],[-76.725,35.974],[-76.724,35.974]]]}},{"type":"Feature","properties":{"date":"2014-04-18","label":"18 Apr","yday":108,"tier":"day","major":false},"geometry":{"type":"MultiLineString","coordinates":[[[-85.759,34.175],[-85.725,34.169],[-85.675,34.161],[-85.625,34.153],[-85.575,34.145],[-85.525,34.137],[-85.475,34.13],[-85.438,34.125],[-85.425,34.123],[-85.375,34.117],[-85.325,34.111],[-85.275,34.106],[-85.225,34.101],[-85.175,34.097],[-85.125,34.094],[-85.075,34.092],[-85.025,34.09],[-84.975,34.09],[-84.925,34.091],[-84.875,34.092],[-84.825,34.096],[-84.775,34.1],[-84.725,34.106],[-84.675,34.114],[-84.625,34.123],[-84.616,34.125],[-84.582,34.132]],[[-80.125,35.258],[-80.075,35.267],[-80.032,35.275],[-80.025,35.276],[-79.975,35.287],[-79.925,35.299],[-79.904,35.304]],[[-79.826,35.324],[-79.825,35.324],[-79.822,35.325],[-79.775,35.338],[-79.725,35.352],[-79.675,35.367],[-79.651,35.375],[-79.625,35.383],[-79.575,35.399],[-79.525,35.415],[-79.518,35.418]],[[-79.315,35.485],[-79.275,35.499],[-79.225,35.515],[-79.197,35.525]],[[-78.875,35.639],[-78.825,35.657],[-78.775,35.675],[-78.775,35.675],[-78.725,35.693],[-78.701,35.701]],[[-77.99,35.91],[-77.975,35.912],[-77.925,35.921],[-77.901,35.925],[-77.875,35.929],[-77.825,35.937],[-77.775,35.944],[-77.725,35.951],[-77.675,35.958],[-77.625,35.965],[-77.575,35.972],[-77.554,35.975],[-77.525,35.979],[-77.475,35.986],[-77.425,35.993],[-77.375,36.0],[-77.325,36.008],[-77.275,36.015],[-77.225,36.023],[-77.215,36.025],[-77.175,36.032],[-77.125,36.041],[-77.075,36.05],[-77.025,36.06],[-76.975,36.071],[-76.956,36.075],[-76.925,36.082],[-76.875,36.094],[-76.825,36.107],[-76.775,36.121]],[[-76.695,36.145],[-76.675,36.151],[-76.625,36.168],[-76.605,36.175],[-76.575,36.186],[-76.557,36.193]]]}},{"type":"Feature","properties":{"date":"2014-04-19","label":"19 Apr","yday":109,"tier":"day","major":false},"geometry":{"type":"MultiLineString","coordinates":[[[-85.412,34.288],[-85.375,34.282],[-85.325,34.276],[-85.318,34.275],[-85.275,34.27],[-85.225,34.265],[-85.175,34.261],[-85.125,34.257],[-85.075,34.255],[-85.025,34.253],[-84.975,34.253],[-84.925,34.254],[-84.875,34.256],[-84.825,34.26],[-84.775,34.266],[-84.767,34.267]],[[-77.821,36.079],[-77.775,36.085],[-77.725,36.091],[-77.675,36.098],[-77.625,36.104],[-77.575,36.111],[-77.525,36.118],[-77.475,36.125],[-77.475,36.125],[-77.425,36.132],[-77.375,36.14],[-77.325,36.148],[-77.275,36.157],[-77.225,36.166],[-77.181,36.175],[-77.175,36.176],[-77.125,36.187],[-77.075,36.199],[-77.025,36.211],[-76.975,36.224],[-76.972,36.225],[-76.925,36.239],[-76.875,36.254],[-76.825,36.27],[-76.809,36.275],[-76.775,36.287],[-76.725,36.305],[-76.677,36.323]],[[-76.674,36.324],[-76.671,36.325],[-76.625,36.344],[-76.575,36.365],[-76.553,36.375],[-76.525,36.388],[-76.475,36.412]]]}},{"type":"Feature","properties":{"date":"2014-04-20","label":"20 Apr","yday":110,"tier":"five","major":false},"geometry":{"type":"MultiLineString","coordinates":[[[-77.712,36.238],[-77.675,36.243],[-77.625,36.249],[-77.575,36.256],[-77.525,36.264],[-77.475,36.271],[-77.452,36.275],[-77.425,36.28],[-77.375,36.289],[-77.325,36.298],[-77.275,36.308],[-77.225,36.319],[-77.201,36.325],[-77.175,36.331],[-77.125,36.345],[-77.075,36.36],[-77.025,36.375],[-77.025,36.375],[-76.975,36.392],[-76.925,36.409],[-76.88,36.425],[-76.875,36.427],[-76.825,36.446],[-76.775,36.466],[-76.753,36.475],[-76.725,36.487],[-76.675,36.508],[-76.637,36.525],[-76.625,36.531],[-76.575,36.554],[-76.534,36.575],[-76.525,36.579],[-76.475,36.606],[-76.441,36.625],[-76.425,36.634],[-76.375,36.663],[-76.355,36.675]]]}},{"type":"Feature","properties":{"date":"2014-04-21","label":"21 Apr","yday":111,"tier":"day","major":false},"geometry":{"type":"MultiLineString","coordinates":[[[-77.625,36.408],[-77.575,36.415],[-77.525,36.424],[-77.518,36.425],[-77.475,36.433],[-77.425,36.443],[-77.375,36.454],[-77.325,36.466],[-77.291,36.475],[-77.275,36.479],[-77.225,36.494],[-77.175,36.51],[-77.13,36.525],[-77.125,36.527],[-77.075,36.545],[-77.025,36.564],[-76.998,36.575],[-76.975,36.584],[-76.925,36.605],[-76.878,36.625],[-76.875,36.626],[-76.825,36.648],[-76.775,36.67],[-76.765,36.675],[-76.725,36.694],[-76.675,36.718],[-76.66,36.725],[-76.625,36.743],[-76.604,36.754]]]}},{"type":"Feature","properties":{"date":"2014-04-22","label":"22 Apr","yday":112,"tier":"day","major":false},"geometry":{"type":"MultiLineString","coordinates":[[[-77.812,36.562],[-77.775,36.568],[-77.726,36.575],[-77.725,36.575],[-77.675,36.583],[-77.625,36.591],[-77.575,36.6],[-77.525,36.61],[-77.475,36.621],[-77.46,36.625]]]}}]}