{"type":"FeatureCollection","features":[{"type":"Feature","properties":{"date":"2018-02-12","label":"12 Feb","yday":43,"tier":"day","major":false},"geometry":{"type":"MultiLineString","coordinates":[[[-82.025,26.799],[-81.975,26.811],[-81.925,26.823],[-81.916,26.825],[-81.875,26.835],[-81.825,26.849],[-81.775,26.862],[-81.73,26.875],[-81.725,26.876],[-81.675,26.891],[-81.625,26.906],[-81.575,26.922],[-81.565,26.925],[-81.525,26.938],[-81.475,26.954],[-81.425,26.971],[-81.413,26.975],[-81.375,26.988],[-81.325,27.005]]]}},{"type":"Feature","properties":{"date":"2018-02-13","label":"13 Feb","yday":44,"tier":"day","major":false},"geometry":{"type":"MultiLineString","coordinates":[[[-82.395,26.995],[-82.375,26.999],[-82.325,27.01],[-82.275,27.021],[-82.26,27.025],[-82.225,27.033],[-82.175,27.046],[-82.125,27.059],[-82.075,27.072],[-82.066,27.075],[-82.025,27.086],[-81.975,27.101],[-81.925,27.116],[-81.896,27.125],[-81.875,27.131],[-81.825,27.147],[-81.775,27.164],[-81.742,27.175],[-81.725,27.181],[-81.675,27.198],[-81.625,27.216],[-81.601,27.225],[-81.575,27.235],[-81.525,27.254],[-81.475,27.273],[-81.47,27.275],[-81.425,27.293],[-81.375,27.313],[-81.344,27.325],[-81.325,27.333],[-81.275,27.354],[-81.225,27.375],[-81.224,27.375],[-81.175,27.396],[-81.125,27.417],[-81.107,27.425],[-81.075,27.439],[-81.025,27.461],[-80.994,27.475],[-80.975,27.483],[-80.925,27.505],[-80.88,27.525],[-80.875,27.527],[-80.825,27.548],[-80.775,27.569]]]}},{"type":"Feature","properties":{"date":"2018-02-14","label":"14 Feb","yday":45,"tier":"index","major":true},"geometry":{"type":"MultiLineString","coordinates":[[[-82.525,27.243],[-82.475,27.254],[-82.425,27.267],[-82.392,27.275],[-82.375,27.28],[-82.325,27.293],[-82.275,27.308],[-82.225,27.322],[-82.216,27.325],[-82.175,27.338],[-82.125,27.354],[-82.075,27.37],[-82.061,27.375],[-82.025,27.387],[-81.975,27.404],[-81.925,27.422],[-81.918,27.425],[-81.875,27.441],[-81.825,27.459],[-81.785,27.475],[-81.775,27.479],[-81.725,27.499],[-81.675,27.519],[-81.661,27.525],[-81.625,27.54],[-81.575,27.562],[-81.546,27.575],[-81.525,27.584],[-81.475,27.607],[-81.437,27.625],[-81.425,27.63],[-81.375,27.654],[-81.332,27.675],[-81.325,27.678],[-81.275,27.702],[-81.228,27.725],[-81.225,27.727],[-81.175,27.75],[-81.125,27.774],[-81.123,27.775],[-81.075,27.797],[-81.025,27.819],[-81.011,27.825],[-80.975,27.84],[-80.925,27.86],[-80.885,27.875],[-80.878,27.878]]]}},{"type":"Feature","properties":{"date":"2018-02-15","label":"15 Feb","yday":46,"tier":"day","major":false},"geometry":{"type":"MultiLineString","coordinates":[[[-82.625,27.504],[-82.575,27.516],[-82.544,27.525],[-82.525,27.53],[-82.475,27.544],[-82.425,27.56],[-82.375,27.575],[-82.375,27.575],[-82.325,27.591],[-82.275,27.608],[-82.225,27.625],[-82.224,27.625],[-82.175,27.642],[-82.125,27.66],[-82.082,27.675],[-82.075,27.677],[-82.025,27.696],[-81.975,27.714],[-81.946,27.725],[-81.925,27.733],[-81.875,27.752],[-81.825,27.772],[-81.817,27.775],[-81.775,27.792],[-81.725,27.813],[-81.699,27.825],[-81.675,27.836],[-81.625,27.859],[-81.591,27.875],[-81.575,27.883],[-81.525,27.907],[-81.489,27.925],[-81.475,27.932],[-81.425,27.957],[-81.387,27.975],[-81.375,27.981],[-81.325,28.004],[-81.28,28.025],[-81.275,28.027],[-81.225,28.049],[-81.175,28.07],[-81.162,28.075],[-81.125,28.089],[-81.075,28.108],[-81.025,28.125],[-81.024,28.125],[-80.975,28.14],[-80.925,28.155]]]}},{"type":"Feature","properties":{"date":"2018-02-16","label":"16 Feb","yday":47,"tier":"day","major":false},"geometry":{"type":"MultiLineString","coordinates":[[[-82.72,27.77],[-82.704,27.775],[-82.675,27.783],[-82.625,27.797]],[[-82.527,27.827],[-82.525,27.828]],[[-82.375,27.875],[-82.375,27.875],[-82.325,27.891],[-82.275,27.908],[-82.225,27.925],[-82.224,27.925],[-82.175,27.942],[-82.125,27.959],[-82.081,27.975],[-82.075,27.977],[-82.025,27.995],[-81.975,28.013],[-81.942,28.025],[-81.925,28.031],[-81.875,28.05],[-81.825,28.07],[-81.814,28.075],[-81.775,28.091],[-81.725,28.114],[-81.7,28.125],[-81.675,28.136],[-81.625,28.159],[-81.59,28.175],[-81.575,28.182],[-81.525,28.204],[-81.478,28.225],[-81.475,28.226],[-81.425,28.247],[-81.375,28.267],[-81.354,28.275],[-81.325,28.285],[-81.275,28.303],[-81.225,28.319],[-81.205,28.325],[-81.175,28.334],[-81.125,28.347],[-81.075,28.36],[-81.025,28.371],[-81.009,28.375],[-80.975,28.382]]]}},{"type":"Feature","properties":{"date":"2018-02-17","label":"17 Feb","yday":48,"tier":"day","major":false},"geometry":{"type":"MultiLineString","coordinates":[[[-82.775,28.03],[-82.725,28.044],[-82.675,28.058],[-82.625,28.073],[-82.617,28.075],[-82.575,28.087],[-82.525,28.101],[-82.475,28.116],[-82.443,28.125],[-82.425,28.13],[-82.375,28.145],[-82.325,28.161],[-82.279,28.175],[-82.275,28.176],[-82.225,28.192],[-82.175,28.209],[-82.129,28.225],[-82.125,28.226],[-82.075,28.244],[-82.025,28.262],[-81.989,28.275],[-81.975,28.28],[-81.925,28.299],[-81.875,28.318],[-81.858,28.325],[-81.825,28.338],[-81.775,28.357],[-81.731,28.375],[-81.725,28.377],[-81.675,28.397],[-81.625,28.416],[-81.602,28.425],[-81.575,28.435],[-81.525,28.453],[-81.475,28.471],[-81.462,28.475],[-81.425,28.487],[-81.375,28.502],[-81.325,28.517],[-81.293,28.525],[-81.275,28.529],[-81.225,28.541],[-81.175,28.551],[-81.125,28.561],[-81.075,28.57],[-81.046,28.575],[-81.028,28.578]]]}},{"type":"Feature","properties":{"date":"2018-02-18","label":"18 Feb","yday":49,"tier":"day","major":false},"geometry":{"type":"MultiLineString","coordinates":[[[-82.705,28.295],[-82.675,28.303],[-82.625,28.316],[-82.592,28.325],[-82.575,28.329],[-82.525,28.343],[-82.475,28.357],[-82.425,28.371],[-82.41,28.375],[-82.375,28.385],[-82.325,28.4],[-82.275,28.416],[-82.245,28.425],[-82.225,28.431],[-82.175,28.448],[-82.125,28.464],[-82.094,28.475],[-82.075,28.481],[-82.025,28.499],[-81.975,28.516],[-81.95,28.525],[-81.925,28.534],[-81.875,28.552],[-81.825,28.569],[-81.808,28.575],[-81.775,28.586],[-81.725,28.603],[-81.675,28.62],[-81.658,28.625],[-81.625,28.635],[-81.575,28.65],[-81.525,28.665],[-81.486,28.675],[-81.475,28.678],[-81.425,28.691],[-81.375,28.702],[-81.325,28.713],[-81.275,28.723],[-81.265,28.725],[-81.225,28.732],[-81.175,28.741],[-81.125,28.748],[-81.075,28.755]]]}},{"type":"Feature","properties":{"date":"2018-02-19","label":"19 Feb","yday":50,"tier":"five","major":false},"geometry":{"type":"MultiLineString","coordinates":[[[-82.625,28.547],[-82.575,28.559],[-82.525,28.571],[-82.51,28.575],[-82.475,28.584],[-82.425,28.597],[-82.375,28.61],[-82.325,28.624],[-82.323,28.625],[-82.275,28.639],[-82.225,28.654],[-82.175,28.669],[-82.157,28.675],[-82.125,28.685],[-82.075,28.701],[-82.025,28.717],[-82.0,28.725],[-81.975,28.733],[-81.925,28.749],[-81.875,28.764],[-81.84,28.775],[-81.825,28.779],[-81.775,28.794],[-81.725,28.807],[-81.675,28.821],[-81.658,28.825],[-81.625,28.833],[-81.575,28.845],[-81.525,28.856],[-81.475,28.866],[-81.432,28.875],[-81.425,28.876],[-81.375,28.886],[-81.325,28.894],[-81.275,28.902],[-81.225,28.909],[-81.175,28.916],[-81.125,28.923],[-81.105,28.925],[-81.075,28.929],[-81.025,28.934]]]}},{"type":"Feature","properties":{"date":"2018-02-20","label":"20 Feb","yday":51,"tier":"day","major":false},"geometry":{"type":"MultiLineString","coordinates":[[[-82.625,28.774],[-82.622,28.775],[-82.575,28.785],[-82.525,28.796],[-82.475,28.807],[-82.425,28.819],[-82.398,28.825],[-82.375,28.831],[-82.325,28.843],[-82.275,28.856],[-82.225,28.87],[-82.207,28.875],[-82.175,28.884],[-82.125,28.898],[-82.075,28.912],[-82.028,28.925],[-82.025,28.926],[-81.975,28.939],[-81.925,28.953],[-81.875,28.965],[-81.836,28.975],[-81.825,28.978],[-81.775,28.99],[-81.725,29.001],[-81.675,29.011],[-81.625,29.021],[-81.605,29.025],[-81.575,29.031],[-81.525,29.04],[-81.475,29.048],[-81.425,29.056],[-81.375,29.063],[-81.325,29.07],[-81.281,29.075],[-81.275,29.076],[-81.225,29.082],[-81.175,29.087],[-81.125,29.092],[-81.075,29.097],[-81.025,29.102],[-80.975,29.106]]]}},{"type":"Feature","properties":{"date":"2018-02-21","label":"21 Feb","yday":52,"tier":"day","major":false},"geometry":{"type":"MultiLineString","coordinates":[[[-82.725,28.987],[-82.675,28.996],[-82.625,29.005],[-82.575,29.015],[-82.525,29.024],[-82.521,29.025],[-82.475,29.034],[-82.425,29.044],[-82.375,29.055],[-82.325,29.065],[-82.281,29.075],[-82.275,29.076],[-82.225,29.088],[-82.175,29.099],[-82.125,29.11],[-82.075,29.122],[-82.06,29.125],[-82.025,29.133],[-81.975,29.144],[-81.925,29.154],[-81.875,29.164],[-81.825,29.174],[-81.821,29.175],[-81.775,29.184],[-81.725,29.192],[-81.675,29.201],[-81.625,29.209],[-81.575,29.216],[-81.525,29.223],[-81.509,29.225],[-81.475,29.229],[-81.425,29.235],[-81.375,29.241],[-81.325,29.246],[-81.275,29.251],[-81.225,29.255],[-81.175,29.259],[-81.125,29.263],[-81.075,29.267],[-81.068,29.268]]]}},{"type":"Feature","properties":{"date":"2018-02-22","label":"22 Feb","yday":53,"tier":"day","major":false},"geometry":{"type":"MultiLineString","coordinates":[[[-83.025,29.181],[-83.018,29.182]],[[-82.9,29.2],[-82.875,29.204],[-82.825,29.211],[-82.775,29.219],[-82.736,29.225],[-82.725,29.227],[-82.675,29.234],[-82.625,29.242],[-82.575,29.25],[-82.525,29.258],[-82.475,29.266],[-82.425,29.275],[-82.423,29.275],[-82.375,29.283],[-82.325,29.292],[-82.275,29.3],[-82.225,29.309],[-82.175,29.318],[-82.133,29.325],[-82.125,29.326],[-82.075,29.335],[-82.025,29.344],[-81.975,29.352],[-81.925,29.36],[-81.875,29.368],[-81.828,29.375],[-81.825,29.375],[-81.775,29.383],[-81.725,29.389],[-81.675,29.396],[-81.625,29.401],[-81.575,29.407],[-81.525,29.412],[-81.475,29.417],[-81.425,29.421],[-81.375,29.425],[-81.373,29.425],[-81.325,29.429],[-81.275,29.432],[-81.225,29.435],[-81.175,29.439],[-81.125,29.442]]]}},{"type":"Feature","properties":{"date":"2018-02-23","label":"23 Feb","yday":54,"tier":"day","major":false},"geometry":{"type":"MultiLineString","coordinates":[[[-83.211,29.411],[-83.175,29.416],[-83.125,29.423],[-83.109,29.425],[-83.075,29.43],[-83.025,29.437],[-82.975,29.443],[-82.925,29.45],[-82.875,29.456],[-82.825,29.463],[-82.775,29.469],[-82.725,29.475],[-82.725,29.475],[-82.675,29.481],[-82.625,29.487],[-82.575,29.494],[-82.525,29.5],[-82.475,29.506],[-82.425,29.512],[-82.375,29.518],[-82.325,29.524],[-82.321,29.525],[-82.275,29.531],[-82.225,29.537],[-82.175,29.544],[-82.125,29.551],[-82.075,29.557],[-82.025,29.563],[-81.975,29.569],[-81.927,29.575],[-81.925,29.575],[-81.875,29.581],[-81.825,29.586],[-81.775,29.591],[-81.725,29.595],[-81.675,29.599],[-81.625,29.603],[-81.575,29.607],[-81.525,29.61],[-81.475,29.613],[-81.425,29.615],[-81.375,29.617],[-81.325,29.62],[-81.275,29.622],[-81.225,29.624],[-81.224,29.624]]]}},{"type":"Feature","properties":{"date":"2018-02-24","label":"24 Feb","yday":55,"tier":"five","major":false},"geometry":{"type":"MultiLineString","coordinates":[[[-83.404,29.654],[-83.375,29.658],[-83.325,29.665],[-83.275,29.672],[-83.253,29.675],[-83.225,29.679],[-83.175,29.685],[-83.125,29.691],[-83.075,29.697],[-83.025,29.703],[-82.975,29.709],[-82.925,29.714],[-82.875,29.719],[-82.825,29.724],[-82.818,29.725],[-82.775,29.729],[-82.725,29.734],[-82.675,29.739],[-82.625,29.743],[-82.575,29.748],[-82.525,29.752],[-82.475,29.756],[-82.425,29.761],[-82.375,29.765],[-82.325,29.769],[-82.275,29.774],[-82.26,29.775],[-82.225,29.778],[-82.175,29.783],[-82.125,29.787],[-82.075,29.792],[-82.025,29.796],[-81.975,29.8],[-81.925,29.803],[-81.875,29.807],[-81.825,29.809],[-81.775,29.812],[-81.725,29.814],[-81.675,29.816],[-81.625,29.817],[-81.575,29.818],[-81.525,29.818],[-81.475,29.819],[-81.425,29.819],[-81.375,29.819],[-81.325,29.819],[-81.275,29.819]]]}},{"type":"Feature","properties":{"date":"2018-02-25","label":"25 Feb","yday":56,"tier":"day","major":false},"geometry":{"type":"MultiLineString","coordinates":[[[-83.65,29.9],[-83.625,29.904],[-83.575,29.911],[-83.525,29.918],[-83.479,29.925],[-83.475,29.926],[-83.425,29.932],[-83.375,29.939],[-83.325,29.945],[-83.275,29.951],[-83.225,29.957],[-83.175,29.962],[-83.125,29.967],[-83.075,29.972],[-83.048,29.975],[-83.025,29.977],[-82.975,29.982],[-82.925,29.986],[-82.875,29.991],[-82.825,29.995],[-82.775,29.999],[-82.725,30.002],[-82.675,30.006],[-82.625,30.009],[-82.575,30.013],[-82.525,30.016],[-82.475,30.019],[-82.425,30.022],[-82.379,30.025],[-82.375,30.025],[-82.325,30.028],[-82.275,30.031],[-82.225,30.033],[-82.175,30.036],[-82.125,30.038],[-82.075,30.04],[-82.025,30.042],[-81.975,30.044],[-81.925,30.046],[-81.875,30.047],[-81.825,30.047],[-81.775,30.048],[-81.725,30.048],[-81.675,30.047],[-81.625,30.046],[-81.575,30.044],[-81.525,30.041],[-81.475,30.038],[-81.425,30.036],[-81.375,30.033],[-81.33,30.03]]]}},{"type":"Feature","properties":{"date":"2018-02-26","label":"26 Feb","yday":57,"tier":"day","major":false},"geometry":{"type":"MultiLineString","coordinates":[[[-85.343,29.893],[-85.325,29.893],[-85.275,29.896],[-85.225,29.899],[-85.175,29.904],[-85.125,29.908],[-85.075,29.914],[-85.025,29.921],[-84.998,29.925],[-84.975,29.929],[-84.925,29.937],[-84.875,29.947],[-84.825,29.957],[-84.775,29.967],[-84.739,29.975],[-84.725,29.978],[-84.675,29.989],[-84.625,30.0],[-84.575,30.012],[-84.525,30.023],[-84.515,30.025],[-84.475,30.034],[-84.425,30.045],[-84.375,30.056],[-84.336,30.064]],[[-84.194,30.094],[-84.175,30.098],[-84.147,30.103]],[[-84.034,30.125],[-84.025,30.127],[-83.975,30.136],[-83.925,30.144],[-83.875,30.153],[-83.825,30.161],[-83.775,30.168],[-83.728,30.175],[-83.725,30.175],[-83.675,30.182],[-83.625,30.189],[-83.575,30.195],[-83.525,30.201],[-83.475,30.207],[-83.425,30.213],[-83.375,30.218],[-83.325,30.223],[-83.304,30.225],[-83.275,30.228],[-83.225,30.232],[-83.175,30.237],[-83.125,30.241],[-83.075,30.245],[-83.025,30.249],[-82.975,30.253],[-82.925,30.257],[-82.875,30.26],[-82.825,30.264],[-82.775,30.267],[-82.725,30.27],[-82.675,30.273],[-82.642,30.275],[-82.625,30.276],[-82.575,30.279],[-82.525,30.281],[-82.475,30.283],[-82.425,30.285],[-82.375,30.287],[-82.325,30.289],[-82.275,30.291],[-82.225,30.292],[-82.175,30.293],[-82.125,30.293],[-82.075,30.294],[-82.025,30.294],[-81.975,30.294],[-81.925,30.294],[-81.875,30.293],[-81.825,30.292],[-81.775,30.291],[-81.725,30.289],[-81.675,30.286],[-81.625,30.283],[-81.575,30.278],[-81.542,30.275],[-81.525,30.273],[-81.475,30.268],[-81.425,30.262],[-81.41,30.26]]]}},{"type":"Feature","properties":{"date":"2018-02-27","label":"27 Feb","yday":58,"tier":"day","major":false},"geometry":{"type":"MultiLineString","coordinates":[[[-85.675,30.145],[-85.625,30.148],[-85.575,30.152],[-85.545,30.155]],[[-85.508,30.158],[-85.475,30.161],[-85.425,30.166],[-85.375,30.172],[-85.351,30.175],[-85.325,30.178],[-85.275,30.185],[-85.225,30.193],[-85.175,30.2],[-85.125,30.209],[-85.075,30.218],[-85.037,30.225],[-85.025,30.227],[-84.975,30.237],[-84.925,30.247],[-84.875,30.257],[-84.825,30.267],[-84.788,30.275],[-84.775,30.278],[-84.725,30.288],[-84.675,30.298],[-84.625,30.308],[-84.575,30.318],[-84.541,30.325],[-84.525,30.328],[-84.475,30.338],[-84.425,30.347],[-84.375,30.356],[-84.325,30.365],[-84.275,30.374],[-84.269,30.375],[-84.225,30.383],[-84.175,30.391],[-84.125,30.399],[-84.075,30.407],[-84.025,30.414],[-83.975,30.421],[-83.946,30.425],[-83.925,30.428],[-83.875,30.434],[-83.825,30.44],[-83.775,30.445],[-83.725,30.451],[-83.675,30.456],[-83.625,30.46],[-83.575,30.465],[-83.525,30.469],[-83.475,30.474],[-83.458,30.475],[-83.425,30.478],[-83.375,30.481],[-83.325,30.485],[-83.275,30.489],[-83.225,30.492],[-83.175,30.496],[-83.125,30.5],[-83.075,30.503],[-83.025,30.506],[-82.975,30.51],[-82.925,30.513],[-82.875,30.516],[-82.825,30.52],[-82.775,30.523],[-82.737,30.525],[-82.725,30.526],[-82.675,30.529],[-82.625,30.531],[-82.575,30.534],[-82.525,30.536],[-82.475,30.538],[-82.425,30.54],[-82.375,30.541],[-82.325,30.542],[-82.275,30.543],[-82.225,30.543],[-82.175,30.543],[-82.125,30.542],[-82.075,30.541],[-82.025,30.54],[-81.975,30.538],[-81.925,30.536],[-81.875,30.533],[-81.825,30.53],[-81.775,30.526],[-81.764,30.525],[-81.725,30.522],[-81.675,30.517],[-81.625,30.511],[-81.575,30.505],[-81.525,30.498],[-81.475,30.491]]]}},{"type":"Feature","properties":{"date":"2018-02-28","label":"28 Feb","yday":59,"tier":"day","major":false},"geometry":{"type":"MultiLineString","coordinates":[[[-89.627,30.177],[-89.625,30.177],[-89.575,30.182],[-89.567,30.183]],[[-87.779,30.329],[-87.775,30.33],[-87.725,30.332],[-87.675,30.334],[-87.625,30.337],[-87.575,30.34],[-87.525,30.343],[-87.475,30.346],[-87.448,30.348]],[[-87.4,30.35],[-87.375,30.352],[-87.325,30.354],[-87.275,30.356],[-87.257,30.357]],[[-86.156,30.356],[-86.125,30.357],[-86.075,30.359],[-86.025,30.361],[-85.975,30.364],[-85.925,30.368],[-85.875,30.372],[-85.843,30.375],[-85.825,30.377],[-85.775,30.382],[-85.725,30.387],[-85.675,30.394],[-85.625,30.4],[-85.575,30.408],[-85.525,30.416],[-85.475,30.424],[-85.471,30.425],[-85.425,30.433],[-85.375,30.442],[-85.325,30.452],[-85.275,30.462],[-85.225,30.473],[-85.214,30.475],[-85.175,30.483],[-85.125,30.494],[-85.075,30.505],[-85.025,30.515],[-84.981,30.525],[-84.975,30.526],[-84.925,30.537],[-84.875,30.547],[-84.825,30.558],[-84.775,30.568],[-84.738,30.575],[-84.725,30.577],[-84.675,30.587],[-84.625,30.596],[-84.575,30.604],[-84.525,30.612],[-84.475,30.62],[-84.444,30.625],[-84.425,30.628],[-84.375,30.635],[-84.325,30.641],[-84.275,30.648],[-84.225,30.654],[-84.175,30.66],[-84.125,30.665],[-84.075,30.67],[-84.028,30.675],[-84.025,30.675],[-83.975,30.68],[-83.925,30.684],[-83.875,30.688],[-83.825,30.692],[-83.775,30.695],[-83.725,30.699],[-83.675,30.702],[-83.625,30.705],[-83.575,30.708],[-83.525,30.71],[-83.475,30.713],[-83.425,30.716],[-83.375,30.719],[-83.325,30.722],[-83.275,30.725],[-83.272,30.725],[-83.225,30.728],[-83.175,30.731],[-83.125,30.734],[-83.075,30.737],[-83.025,30.741],[-82.975,30.744],[-82.925,30.747],[-82.875,30.751],[-82.825,30.755],[-82.775,30.758],[-82.725,30.762],[-82.675,30.765],[-82.625,30.769],[-82.575,30.772],[-82.525,30.775],[-82.517,30.775],[-82.475,30.777],[-82.425,30.779],[-82.375,30.781],[-82.325,30.782],[-82.275,30.783],[-82.225,30.783],[-82.175,30.782],[-82.125,30.781],[-82.075,30.779],[-82.025,30.776],[-82.009,30.775],[-81.975,30.773],[-81.925,30.769],[-81.875,30.764],[-81.825,30.759],[-81.775,30.753],[-81.725,30.746],[-81.675,30.739],[-81.625,30.732],[-81.58,30.725],[-81.575,30.724],[-81.525,30.716],[-81.514,30.714]]]}},{"type":"Feature","properties":{"date":"2018-03-01","label":"1 Mar","yday":60,"tier":"index","major":true},"geometry":{"type":"MultiLineString","coordinates":[[[-94.641,29.641],[-94.625,29.644],[-94.575,29.656],[-94.525,29.668],[-94.493,29.675],[-94.475,29.679],[-94.469,29.681]],[[-89.975,30.309],[-89.925,30.314],[-89.875,30.32],[-89.827,30.325],[-89.825,30.325],[-89.775,30.33],[-89.725,30.335],[-89.675,30.34],[-89.625,30.346],[-89.575,30.351],[-89.525,30.356],[-89.475,30.361],[-89.425,30.366],[-89.375,30.372],[-89.346,30.375],[-89.325,30.377],[-89.275,30.383],[-89.225,30.388],[-89.175,30.394],[-89.125,30.399],[-89.075,30.405],[-89.025,30.41]],[[-88.83,30.43],[-88.825,30.431],[-88.775,30.436],[-88.725,30.442],[-88.675,30.447],[-88.625,30.452],[-88.575,30.458],[-88.525,30.463],[-88.475,30.468],[-88.425,30.473],[-88.409,30.475],[-88.375,30.478],[-88.325,30.483],[-88.275,30.488],[-88.225,30.493],[-88.175,30.497],[-88.125,30.502]],[[-87.88,30.52],[-87.875,30.52],[-87.825,30.524],[-87.804,30.525],[-87.775,30.527],[-87.725,30.53],[-87.675,30.534],[-87.625,30.538],[-87.575,30.541],[-87.525,30.545],[-87.475,30.549],[-87.425,30.552],[-87.375,30.556],[-87.325,30.559],[-87.275,30.562],[-87.225,30.564],[-87.214,30.564]],[[-87.117,30.567],[-87.075,30.568],[-87.032,30.568]],[[-87.018,30.568],[-86.975,30.567],[-86.925,30.566],[-86.875,30.564],[-86.825,30.562],[-86.775,30.559],[-86.725,30.557],[-86.675,30.555],[-86.625,30.554],[-86.575,30.553],[-86.525,30.552],[-86.475,30.552],[-86.425,30.552],[-86.375,30.553],[-86.325,30.555],[-86.275,30.556],[-86.225,30.558],[-86.175,30.561],[-86.125,30.565],[-86.075,30.569],[-86.025,30.573],[-86.008,30.575],[-85.975,30.578],[-85.925,30.584],[-85.875,30.591],[-85.825,30.598],[-85.775,30.605],[-85.725,30.614],[-85.675,30.623],[-85.662,30.625],[-85.625,30.632],[-85.575,30.642],[-85.525,30.652],[-85.475,30.663],[-85.425,30.674],[-85.421,30.675],[-85.375,30.685],[-85.325,30.697],[-85.275,30.709],[-85.225,30.721],[-85.206,30.725],[-85.175,30.732],[-85.125,30.743],[-85.075,30.755],[-85.025,30.766],[-84.981,30.775],[-84.975,30.776],[-84.925,30.786],[-84.875,30.796],[-84.825,30.806],[-84.775,30.816],[-84.725,30.825],[-84.724,30.825],[-84.675,30.833],[-84.625,30.841],[-84.575,30.848],[-84.525,30.854],[-84.475,30.86],[-84.425,30.866],[-84.375,30.871],[-84.335,30.875],[-84.325,30.876],[-84.275,30.88],[-84.225,30.884],[-84.175,30.888],[-84.125,30.892],[-84.075,30.895],[-84.025,30.899],[-83.975,30.902],[-83.925,30.905],[-83.875,30.907],[-83.825,30.91],[-83.775,30.912],[-83.725,30.914],[-83.675,30.916],[-83.625,30.918],[-83.575,30.92],[-83.525,30.922],[-83.475,30.924],[-83.448,30.925],[-83.425,30.926],[-83.375,30.928],[-83.325,30.931],[-83.275,30.933],[-83.225,30.936],[-83.175,30.939],[-83.125,30.942],[-83.075,30.946],[-83.025,30.95],[-82.975,30.954],[-82.925,30.958],[-82.875,30.962],[-82.825,30.967],[-82.775,30.972],[-82.74,30.975],[-82.725,30.976],[-82.675,30.981],[-82.625,30.986],[-82.575,30.991],[-82.525,30.995],[-82.475,31.0],[-82.425,31.003],[-82.375,31.006],[-82.325,31.009],[-82.275,31.01],[-82.225,31.011],[-82.175,31.011],[-82.125,31.01],[-82.075,31.008],[-82.025,31.005],[-81.975,31.001],[-81.925,30.996],[-81.875,30.99],[-81.825,30.983],[-81.775,30.975],[-81.773,30.975],[-81.725,30.967],[-81.675,30.958],[-81.625,30.949],[-81.575,30.94],[-81.525,30.93]]]}},{"type":"Feature","properties":{"date":"2018-03-02","label":"2 Mar","yday":61,"tier":"day","major":false},"geometry":{"type":"MultiLineString","coordinates":[[[-90.741,30.391],[-90.725,30.393],[-90.675,30.397],[-90.625,30.402],[-90.575,30.406],[-90.525,30.41],[-90.486,30.414]],[[-90.149,30.449],[-90.125,30.452],[-90.075,30.457],[-90.025,30.463],[-89.975,30.468],[-89.925,30.474],[-89.912,30.475],[-89.875,30.479],[-89.825,30.484],[-89.775,30.489],[-89.725,30.495],[-89.675,30.5],[-89.625,30.505],[-89.575,30.51],[-89.525,30.515],[-89.475,30.521],[-89.433,30.525],[-89.425,30.526],[-89.375,30.531],[-89.325,30.537],[-89.275,30.542],[-89.225,30.548],[-89.175,30.554],[-89.125,30.56],[-89.075,30.565],[-89.025,30.571],[-88.993,30.575],[-88.975,30.577],[-88.925,30.583],[-88.875,30.589],[-88.825,30.595],[-88.775,30.601],[-88.725,30.607],[-88.675,30.613],[-88.625,30.619],[-88.581,30.625],[-88.575,30.626],[-88.525,30.632],[-88.475,30.638],[-88.425,30.645],[-88.375,30.651],[-88.325,30.657],[-88.275,30.663],[-88.225,30.669],[-88.175,30.674],[-88.169,30.675],[-88.125,30.68],[-88.075,30.685],[-88.064,30.686]],[[-87.947,30.697],[-87.925,30.699],[-87.875,30.703],[-87.825,30.708],[-87.775,30.712],[-87.725,30.717],[-87.675,30.721],[-87.63,30.725],[-87.625,30.725],[-87.575,30.73],[-87.525,30.734],[-87.475,30.738],[-87.425,30.742],[-87.375,30.746],[-87.325,30.749],[-87.275,30.752],[-87.225,30.755],[-87.175,30.757],[-87.125,30.759],[-87.075,30.76],[-87.025,30.761],[-86.975,30.76],[-86.925,30.759],[-86.875,30.757],[-86.825,30.755],[-86.775,30.752],[-86.725,30.75],[-86.675,30.748],[-86.625,30.745],[-86.575,30.744],[-86.525,30.742],[-86.475,30.742],[-86.425,30.742],[-86.375,30.742],[-86.325,30.744],[-86.275,30.746],[-86.225,30.749],[-86.175,30.753],[-86.125,30.758],[-86.075,30.763],[-86.025,30.769],[-85.982,30.775],[-85.975,30.776],[-85.925,30.783],[-85.875,30.791],[-85.825,30.8],[-85.775,30.809],[-85.725,30.819],[-85.696,30.825],[-85.675,30.829],[-85.625,30.84],[-85.575,30.851],[-85.525,30.862],[-85.475,30.873],[-85.469,30.875],[-85.425,30.885],[-85.375,30.897],[-85.325,30.908],[-85.275,30.92],[-85.254,30.925],[-85.225,30.931],[-85.175,30.942],[-85.125,30.953],[-85.075,30.964],[-85.025,30.974],[-85.02,30.975],[-84.975,30.984],[-84.925,30.993],[-84.875,31.002],[-84.825,31.011],[-84.775,31.02],[-84.744,31.025],[-84.725,31.028],[-84.675,31.035],[-84.625,31.042],[-84.575,31.048],[-84.525,31.053],[-84.475,31.058],[-84.425,31.063],[-84.375,31.067],[-84.325,31.071],[-84.275,31.075],[-84.271,31.075],[-84.225,31.078],[-84.175,31.081],[-84.125,31.084],[-84.075,31.086],[-84.025,31.089],[-83.975,31.091],[-83.925,31.093],[-83.875,31.095],[-83.825,31.097],[-83.775,31.098],[-83.725,31.1],[-83.675,31.102],[-83.625,31.103],[-83.575,31.105],[-83.525,31.107],[-83.475,31.109],[-83.425,31.111],[-83.375,31.113],[-83.325,31.116],[-83.275,31.118],[-83.225,31.121],[-83.175,31.125],[-83.172,31.125],[-83.125,31.128],[-83.075,31.132],[-83.025,31.137],[-82.975,31.141],[-82.925,31.146],[-82.875,31.152],[-82.825,31.158],[-82.775,31.164],[-82.725,31.171],[-82.696,31.175],[-82.675,31.178],[-82.625,31.185],[-82.575,31.192],[-82.525,31.199],[-82.475,31.205],[-82.425,31.211],[-82.375,31.217],[-82.325,31.221],[-82.275,31.225],[-82.272,31.225],[-82.225,31.227],[-82.175,31.229],[-82.125,31.229],[-82.075,31.229],[-82.025,31.227],[-82.0,31.225],[-81.975,31.223],[-81.925,31.219],[-81.875,31.213],[-81.825,31.206],[-81.775,31.197],[-81.725,31.188],[-81.675,31.177],[-81.664,31.175],[-81.625,31.166],[-81.575,31.155],[-81.525,31.143],[-81.51,31.14]]]}},{"type":"Feature","properties":{"date":"2018-03-03","label":"3 Mar","yday":62,"tier":"day","major":false},"geometry":{"type":"MultiLineString","coordinates":[[[-94.246,30.025],[-94.225,30.03],[-94.175,30.041],[-94.154,30.046]],[[-93.096,30.225],[-93.075,30.227],[-93.072,30.228]],[[-90.971,30.521],[-90.929,30.525],[-90.925,30.525],[-90.875,30.53],[-90.825,30.535],[-90.775,30.54],[-90.725,30.545],[-90.675,30.55],[-90.625,30.554],[-90.575,30.559],[-90.525,30.563],[-90.475,30.568],[-90.425,30.573],[-90.403,30.575],[-90.375,30.578],[-90.325,30.583],[-90.275,30.589],[-90.225,30.594],[-90.175,30.599],[-90.125,30.605],[-90.075,30.61],[-90.025,30.615],[-89.975,30.621],[-89.933,30.625],[-89.925,30.626],[-89.875,30.631],[-89.825,30.636],[-89.775,30.641],[-89.725,30.646],[-89.675,30.651],[-89.625,30.656],[-89.575,30.661],[-89.525,30.666],[-89.475,30.672],[-89.445,30.675],[-89.425,30.677],[-89.375,30.683],[-89.325,30.688],[-89.275,30.694],[-89.225,30.7],[-89.175,30.706],[-89.125,30.712],[-89.075,30.718],[-89.025,30.724],[-89.018,30.725],[-88.975,30.73],[-88.925,30.737],[-88.875,30.743],[-88.825,30.75],[-88.775,30.757],[-88.725,30.764],[-88.675,30.771],[-88.644,30.775],[-88.625,30.778],[-88.575,30.785],[-88.525,30.792],[-88.475,30.799],[-88.425,30.806],[-88.375,30.813],[-88.325,30.82],[-88.285,30.825],[-88.275,30.826],[-88.225,30.833],[-88.175,30.839],[-88.125,30.845],[-88.075,30.851],[-88.025,30.857],[-87.975,30.863],[-87.925,30.868],[-87.875,30.874],[-87.864,30.875],[-87.825,30.879],[-87.775,30.884],[-87.725,30.89],[-87.675,30.895],[-87.625,30.9],[-87.575,30.904],[-87.525,30.909],[-87.475,30.913],[-87.425,30.918],[-87.375,30.922],[-87.328,30.925],[-87.325,30.925],[-87.275,30.928],[-87.225,30.931],[-87.175,30.934],[-87.125,30.935],[-87.075,30.937],[-87.025,30.937],[-86.975,30.938],[-86.925,30.937],[-86.875,30.936],[-86.825,30.935],[-86.775,30.933],[-86.725,30.932],[-86.675,30.93],[-86.625,30.928],[-86.575,30.926],[-86.545,30.925],[-86.525,30.924],[-86.475,30.923],[-86.425,30.923],[-86.375,30.923],[-86.325,30.924],[-86.299,30.925],[-86.275,30.926],[-86.225,30.93],[-86.175,30.934],[-86.125,30.94],[-86.075,30.946],[-86.025,30.953],[-85.975,30.96],[-85.925,30.968],[-85.887,30.975],[-85.875,30.977],[-85.825,30.986],[-85.775,30.995],[-85.725,31.005],[-85.675,31.016],[-85.631,31.025],[-85.625,31.026],[-85.575,31.037],[-85.525,31.048],[-85.475,31.059],[-85.425,31.07],[-85.402,31.075],[-85.375,31.081],[-85.325,31.092],[-85.275,31.102],[-85.225,31.113],[-85.175,31.123],[-85.164,31.125],[-85.125,31.132],[-85.075,31.142],[-85.025,31.151],[-84.975,31.16],[-84.925,31.169],[-84.886,31.175],[-84.875,31.177],[-84.825,31.185],[-84.775,31.192],[-84.725,31.199],[-84.675,31.205],[-84.625,31.211],[-84.575,31.217],[-84.525,31.222],[-84.495,31.225],[-84.475,31.227],[-84.425,31.231],[-84.375,31.235],[-84.325,31.239],[-84.275,31.242],[-84.225,31.245],[-84.175,31.248],[-84.125,31.251],[-84.075,31.253],[-84.025,31.255],[-83.975,31.257],[-83.925,31.259],[-83.875,31.261],[-83.825,31.262],[-83.775,31.264],[-83.725,31.265],[-83.675,31.267],[-83.625,31.269],[-83.575,31.271],[-83.525,31.273],[-83.475,31.275],[-83.468,31.275],[-83.425,31.277],[-83.375,31.279],[-83.325,31.282],[-83.275,31.285],[-83.225,31.289],[-83.175,31.292],[-83.125,31.296],[-83.075,31.301],[-83.025,31.306],[-82.975,31.311],[-82.925,31.317],[-82.875,31.324],[-82.868,31.325],[-82.825,31.331],[-82.775,31.339],[-82.725,31.348],[-82.675,31.357],[-82.625,31.367],[-82.581,31.375],[-82.575,31.376],[-82.525,31.385],[-82.475,31.394],[-82.425,31.402],[-82.375,31.41],[-82.325,31.416],[-82.275,31.422],[-82.247,31.425],[-82.225,31.427],[-82.175,31.431],[-82.125,31.434],[-82.075,31.436],[-82.025,31.436],[-81.975,31.436],[-81.925,31.433],[-81.875,31.43],[-81.833,31.425],[-81.825,31.424],[-81.775,31.417],[-81.725,31.408],[-81.675,31.399],[-81.625,31.388],[-81.575,31.376],[-81.571,31.375],[-81.525,31.364],[-81.475,31.351],[-81.425,31.338],[-81.415,31.335]]]}},{"type":"Feature","properties":{"date":"2018-03-04","label":"4 Mar","yday":63,"tier":"day","major":false},"geometry":{"type":"MultiLineString","coordinates":[[[-94.375,30.135],[-94.325,30.147],[-94.275,30.158],[-94.225,30.17],[-94.203,30.175],[-94.175,30.181],[-94.125,30.192],[-94.075,30.203],[-94.025,30.214],[-93.975,30.224],[-93.971,30.225],[-93.925,30.234],[-93.914,30.236]],[[-93.594,30.294],[-93.575,30.296],[-93.525,30.304],[-93.475,30.312],[-93.425,30.319],[-93.379,30.325],[-93.375,30.325],[-93.325,30.332],[-93.275,30.338],[-93.225,30.344],[-93.175,30.35],[-93.125,30.356],[-93.075,30.361],[-93.025,30.367],[-92.975,30.372],[-92.948,30.375],[-92.925,30.377],[-92.875,30.383],[-92.825,30.388],[-92.775,30.394],[-92.725,30.4],[-92.675,30.406],[-92.625,30.412],[-92.575,30.418],[-92.525,30.424],[-92.521,30.425],[-92.475,30.431]],[[-91.142,30.642],[-91.125,30.645],[-91.075,30.651],[-91.025,30.658],[-90.975,30.664],[-90.925,30.67],[-90.881,30.675],[-90.875,30.676],[-90.825,30.681],[-90.775,30.687],[-90.725,30.692],[-90.675,30.697],[-90.625,30.703],[-90.575,30.708],[-90.525,30.713],[-90.475,30.718],[-90.425,30.723],[-90.406,30.725],[-90.375,30.728],[-90.325,30.733],[-90.275,30.738],[-90.225,30.743],[-90.175,30.748],[-90.125,30.753],[-90.075,30.758],[-90.025,30.763],[-89.975,30.768],[-89.925,30.773],[-89.901,30.775],[-89.875,30.777],[-89.825,30.782],[-89.775,30.787],[-89.725,30.792],[-89.675,30.796],[-89.625,30.801],[-89.575,30.806],[-89.525,30.811],[-89.475,30.816],[-89.425,30.822],[-89.396,30.825],[-89.375,30.827],[-89.325,30.833],[-89.275,30.839],[-89.225,30.845],[-89.175,30.851],[-89.125,30.857],[-89.075,30.864],[-89.025,30.87],[-88.991,30.875],[-88.975,30.877],[-88.925,30.884],[-88.875,30.891],[-88.825,30.898],[-88.775,30.906],[-88.725,30.913],[-88.675,30.921],[-88.648,30.925],[-88.625,30.928],[-88.575,30.936],[-88.525,30.944],[-88.475,30.951],[-88.425,30.959],[-88.375,30.966],[-88.325,30.974],[-88.316,30.975],[-88.275,30.981],[-88.225,30.988],[-88.175,30.995],[-88.125,31.002],[-88.075,31.009],[-88.025,31.015],[-87.975,31.022],[-87.949,31.025],[-87.925,31.028],[-87.875,31.034],[-87.825,31.04],[-87.775,31.046],[-87.725,31.052],[-87.675,31.057],[-87.625,31.063],[-87.575,31.068],[-87.525,31.073],[-87.504,31.075],[-87.475,31.078],[-87.425,31.082],[-87.375,31.086],[-87.325,31.09],[-87.275,31.094],[-87.225,31.097],[-87.175,31.099],[-87.125,31.102],[-87.075,31.104],[-87.025,31.105],[-86.975,31.106],[-86.925,31.106],[-86.875,31.107],[-86.825,31.106],[-86.775,31.106],[-86.725,31.105],[-86.675,31.104],[-86.625,31.103],[-86.575,31.102],[-86.525,31.101],[-86.475,31.1],[-86.425,31.1],[-86.375,31.099],[-86.325,31.1],[-86.275,31.102],[-86.225,31.106],[-86.175,31.11],[-86.125,31.115],[-86.075,31.121],[-86.041,31.125],[-86.025,31.127],[-85.975,31.134],[-85.925,31.141],[-85.875,31.149],[-85.825,31.157],[-85.775,31.166],[-85.726,31.175],[-85.725,31.175],[-85.675,31.185],[-85.625,31.194],[-85.575,31.204],[-85.525,31.215],[-85.475,31.225],[-85.475,31.225],[-85.425,31.235],[-85.375,31.245],[-85.325,31.255],[-85.275,31.264],[-85.225,31.273],[-85.217,31.275],[-85.175,31.282],[-85.125,31.291],[-85.075,31.3],[-85.025,31.308],[-84.975,31.316],[-84.925,31.324],[-84.916,31.325],[-84.875,31.331],[-84.825,31.338],[-84.775,31.344],[-84.725,31.35],[-84.675,31.356],[-84.625,31.362],[-84.575,31.367],[-84.525,31.372],[-84.493,31.375],[-84.475,31.377],[-84.425,31.381],[-84.375,31.385],[-84.325,31.388],[-84.275,31.392],[-84.225,31.395],[-84.175,31.398],[-84.125,31.4],[-84.075,31.402],[-84.025,31.404],[-83.975,31.406],[-83.925,31.408],[-83.875,31.409],[-83.825,31.411],[-83.775,31.413],[-83.725,31.415],[-83.675,31.417],[-83.625,31.419],[-83.575,31.421],[-83.525,31.423],[-83.49,31.425],[-83.475,31.426],[-83.425,31.429],[-83.375,31.432],[-83.325,31.435],[-83.275,31.439],[-83.225,31.443],[-83.175,31.447],[-83.125,31.452],[-83.075,31.457],[-83.025,31.463],[-82.975,31.469],[-82.93,31.475],[-82.925,31.476],[-82.875,31.483],[-82.825,31.492],[-82.775,31.503],[-82.725,31.513],[-82.675,31.524],[-82.672,31.525],[-82.625,31.535],[-82.575,31.546],[-82.525,31.557],[-82.475,31.567],[-82.435,31.575],[-82.425,31.577],[-82.375,31.586],[-82.325,31.594],[-82.275,31.601],[-82.225,31.608],[-82.175,31.613],[-82.125,31.618],[-82.075,31.622],[-82.026,31.625],[-82.025,31.625],[-81.975,31.627],[-81.925,31.627],[-81.875,31.626],[-81.866,31.625],[-81.825,31.623],[-81.775,31.618],[-81.725,31.612],[-81.675,31.605],[-81.625,31.597],[-81.575,31.588],[-81.525,31.578],[-81.513,31.575],[-81.475,31.566],[-81.425,31.554],[-81.375,31.542],[-81.325,31.528],[-81.313,31.525],[-81.275,31.514],[-81.225,31.5],[-81.206,31.494]]]}},{"type":"Feature","properties":{"date":"2018-03-05","label":"5 Mar","yday":64,"tier":"day","major":false},"geometry":{"type":"MultiLineString","coordinates":[[[-94.375,30.272],[-94.364,30.275],[-94.325,30.284],[-94.275,30.296],[-94.225,30.307],[-94.175,30.319],[-94.146,30.325],[-94.125,30.33],[-94.075,30.34],[-94.025,30.351],[-93.975,30.361],[-93.925,30.371],[-93.904,30.375],[-93.875,30.38],[-93.825,30.39],[-93.775,30.398],[-93.725,30.407],[-93.675,30.415],[-93.625,30.423],[-93.612,30.425],[-93.575,30.431],[-93.525,30.438],[-93.475,30.445],[-93.425,30.451],[-93.375,30.458],[-93.325,30.464],[-93.275,30.47],[-93.232,30.475],[-93.225,30.476],[-93.175,30.481],[-93.125,30.487],[-93.075,30.492],[-93.025,30.498],[-92.975,30.503],[-92.925,30.508],[-92.875,30.513],[-92.825,30.519],[-92.775,30.524],[-92.766,30.525],[-92.725,30.53],[-92.675,30.535],[-92.625,30.541],[-92.575,30.547],[-92.525,30.554],[-92.475,30.561],[-92.434,30.566]],[[-91.225,30.766],[-91.175,30.774],[-91.167,30.775],[-91.125,30.781],[-91.075,30.789],[-91.025,30.796],[-90.975,30.803],[-90.925,30.809],[-90.875,30.816],[-90.825,30.822],[-90.803,30.825],[-90.775,30.829],[-90.725,30.835],[-90.675,30.841],[-90.625,30.846],[-90.575,30.852],[-90.525,30.858],[-90.475,30.863],[-90.425,30.869],[-90.375,30.874],[-90.362,30.875],[-90.325,30.879],[-90.275,30.883],[-90.225,30.888],[-90.175,30.893],[-90.125,30.897],[-90.075,30.902],[-90.025,30.906],[-89.975,30.91],[-89.925,30.915],[-89.875,30.919],[-89.825,30.923],[-89.805,30.925],[-89.775,30.928],[-89.725,30.932],[-89.675,30.937],[-89.625,30.941],[-89.575,30.946],[-89.525,30.951],[-89.475,30.956],[-89.425,30.961],[-89.375,30.967],[-89.325,30.972],[-89.303,30.975],[-89.275,30.978],[-89.225,30.984],[-89.175,30.991],[-89.125,30.997],[-89.075,31.004],[-89.025,31.011],[-88.975,31.019],[-88.933,31.025],[-88.925,31.026],[-88.875,31.034],[-88.825,31.042],[-88.775,31.049],[-88.725,31.057],[-88.675,31.066],[-88.625,31.074],[-88.617,31.075],[-88.575,31.082],[-88.525,31.09],[-88.475,31.098],[-88.425,31.106],[-88.375,31.114],[-88.325,31.122],[-88.304,31.125],[-88.275,31.129],[-88.225,31.137],[-88.175,31.145],[-88.125,31.152],[-88.075,31.159],[-88.025,31.166],[-87.975,31.173],[-87.963,31.175],[-87.925,31.18],[-87.875,31.187],[-87.825,31.193],[-87.775,31.199],[-87.725,31.206],[-87.675,31.211],[-87.625,31.217],[-87.575,31.223],[-87.554,31.225],[-87.525,31.228],[-87.475,31.233],[-87.425,31.238],[-87.375,31.242],[-87.325,31.246],[-87.275,31.25],[-87.225,31.254],[-87.175,31.257],[-87.125,31.26],[-87.075,31.262],[-87.025,31.264],[-86.975,31.266],[-86.925,31.267],[-86.875,31.268],[-86.825,31.269],[-86.775,31.269],[-86.725,31.27],[-86.675,31.27],[-86.625,31.27],[-86.575,31.27],[-86.525,31.271],[-86.475,31.271],[-86.425,31.272],[-86.375,31.273],[-86.325,31.273],[-86.275,31.274],[-86.241,31.275],[-86.225,31.275],[-86.175,31.278],[-86.125,31.281],[-86.075,31.284],[-86.025,31.289],[-85.975,31.294],[-85.925,31.3],[-85.875,31.306],[-85.825,31.314],[-85.775,31.321],[-85.753,31.325],[-85.725,31.329],[-85.675,31.338],[-85.625,31.347],[-85.575,31.356],[-85.525,31.365],[-85.475,31.375],[-85.473,31.375],[-85.425,31.384],[-85.375,31.393],[-85.325,31.401],[-85.275,31.41],[-85.225,31.419],[-85.187,31.425],[-85.175,31.427],[-85.125,31.435],[-85.075,31.443],[-85.025,31.45],[-84.975,31.457],[-84.925,31.464],[-84.875,31.471],[-84.842,31.475],[-84.825,31.477],[-84.775,31.483],[-84.725,31.488],[-84.675,31.494],[-84.625,31.499],[-84.575,31.504],[-84.525,31.508],[-84.475,31.512],[-84.425,31.517],[-84.375,31.52],[-84.325,31.524],[-84.311,31.525],[-84.275,31.527],[-84.225,31.53],[-84.175,31.533],[-84.125,31.535],[-84.075,31.538],[-84.025,31.54],[-83.975,31.541],[-83.925,31.543],[-83.875,31.545],[-83.825,31.547],[-83.775,31.549],[-83.725,31.551],[-83.675,31.554],[-83.625,31.556],[-83.575,31.559],[-83.525,31.562],[-83.475,31.565],[-83.425,31.569],[-83.375,31.573],[-83.345,31.575],[-83.325,31.577],[-83.275,31.581],[-83.225,31.586],[-83.175,31.591],[-83.125,31.597],[-83.075,31.604],[-83.025,31.611],[-82.975,31.619],[-82.939,31.625],[-82.925,31.627],[-82.875,31.637],[-82.825,31.647],[-82.775,31.657],[-82.725,31.669],[-82.698,31.675],[-82.675,31.68],[-82.625,31.692],[-82.575,31.703],[-82.525,31.714],[-82.477,31.725],[-82.475,31.725],[-82.425,31.736],[-82.375,31.745],[-82.325,31.754],[-82.275,31.763],[-82.225,31.771],[-82.193,31.775],[-82.175,31.777],[-82.125,31.783],[-82.075,31.788],[-82.025,31.792],[-81.975,31.794],[-81.925,31.796],[-81.875,31.797],[-81.825,31.796],[-81.775,31.794],[-81.725,31.791],[-81.675,31.787],[-81.625,31.782],[-81.575,31.776],[-81.569,31.775],[-81.525,31.768],[-81.475,31.76],[-81.425,31.751],[-81.375,31.74],[-81.325,31.728],[-81.313,31.725],[-81.275,31.715],[-81.225,31.701]]]}},{"type":"Feature","properties":{"date":"2018-03-06","label":"6 Mar","yday":65,"tier":"five","major":false},"geometry":{"type":"MultiLineString","coordinates":[[[-94.805,30.305],[-94.775,30.312],[-94.725,30.324],[-94.72,30.325],[-94.675,30.336]],[[-94.475,30.384],[-94.425,30.396],[-94.375,30.408],[-94.325,30.42],[-94.302,30.425],[-94.275,30.431],[-94.225,30.443],[-94.175,30.454],[-94.125,30.465],[-94.079,30.475],[-94.075,30.476],[-94.025,30.486],[-93.975,30.496],[-93.925,30.506],[-93.875,30.515],[-93.825,30.524],[-93.819,30.525],[-93.775,30.532],[-93.725,30.54],[-93.675,30.548],[-93.625,30.556],[-93.575,30.563],[-93.525,30.569],[-93.482,30.575],[-93.475,30.576],[-93.425,30.582],[-93.375,30.588],[-93.325,30.594],[-93.275,30.6],[-93.225,30.606],[-93.175,30.612],[-93.125,30.617],[-93.075,30.623],[-93.051,30.625],[-93.025,30.628],[-92.975,30.633],[-92.925,30.638],[-92.875,30.643],[-92.825,30.648],[-92.775,30.653],[-92.725,30.658],[-92.675,30.663],[-92.625,30.669],[-92.575,30.675],[-92.575,30.675],[-92.525,30.682],[-92.475,30.688],[-92.425,30.695],[-92.375,30.702],[-92.325,30.71],[-92.275,30.717],[-92.226,30.725],[-92.225,30.725],[-92.175,30.733],[-92.125,30.741]],[[-91.325,30.881],[-91.275,30.889],[-91.225,30.898],[-91.175,30.906],[-91.125,30.914],[-91.075,30.922],[-91.054,30.925],[-91.025,30.929],[-90.975,30.937],[-90.925,30.944],[-90.875,30.952],[-90.825,30.959],[-90.775,30.966],[-90.725,30.973],[-90.707,30.975],[-90.675,30.979],[-90.625,30.986],[-90.575,30.992],[-90.525,30.998],[-90.475,31.004],[-90.425,31.009],[-90.375,31.014],[-90.325,31.019],[-90.275,31.024],[-90.258,31.025],[-90.225,31.028],[-90.175,31.032],[-90.125,31.036],[-90.075,31.04],[-90.025,31.044],[-89.975,31.048],[-89.925,31.052],[-89.875,31.056],[-89.825,31.06],[-89.775,31.064],[-89.725,31.068],[-89.675,31.072],[-89.647,31.075],[-89.625,31.077],[-89.575,31.081],[-89.525,31.086],[-89.475,31.091],[-89.425,31.096],[-89.375,31.102],[-89.325,31.108],[-89.275,31.114],[-89.225,31.12],[-89.189,31.125],[-89.175,31.127],[-89.125,31.134],[-89.075,31.141],[-89.025,31.149],[-88.975,31.157],[-88.925,31.165],[-88.875,31.173],[-88.861,31.175],[-88.825,31.181],[-88.775,31.189],[-88.725,31.198],[-88.675,31.206],[-88.625,31.215],[-88.575,31.223],[-88.565,31.225],[-88.525,31.232],[-88.475,31.24],[-88.425,31.249],[-88.375,31.257],[-88.325,31.265],[-88.275,31.273],[-88.264,31.275],[-88.225,31.281],[-88.175,31.289],[-88.125,31.297],[-88.075,31.304],[-88.025,31.312],[-87.975,31.319],[-87.933,31.325],[-87.925,31.326],[-87.875,31.333],[-87.825,31.34],[-87.775,31.346],[-87.725,31.352],[-87.675,31.359],[-87.625,31.364],[-87.575,31.37],[-87.53,31.375],[-87.525,31.376],[-87.475,31.381],[-87.425,31.386],[-87.375,31.39],[-87.325,31.395],[-87.275,31.399],[-87.225,31.402],[-87.175,31.406],[-87.125,31.409],[-87.075,31.412],[-87.025,31.414],[-86.975,31.416],[-86.925,31.418],[-86.875,31.419],[-86.825,31.42],[-86.775,31.421],[-86.725,31.422],[-86.675,31.423],[-86.625,31.423],[-86.575,31.424],[-86.525,31.424],[-86.475,31.424],[-86.425,31.425],[-86.39,31.425],[-86.375,31.425],[-86.325,31.425],[-86.275,31.426],[-86.225,31.427],[-86.175,31.428],[-86.125,31.43],[-86.075,31.432],[-86.025,31.436],[-85.975,31.44],[-85.925,31.445],[-85.875,31.45],[-85.825,31.456],[-85.775,31.463],[-85.725,31.47],[-85.693,31.475],[-85.675,31.478],[-85.625,31.486],[-85.575,31.494],[-85.525,31.502],[-85.475,31.511],[-85.425,31.519],[-85.392,31.525],[-85.375,31.528],[-85.325,31.536],[-85.275,31.544],[-85.225,31.552],[-85.175,31.56],[-85.125,31.567],[-85.075,31.575],[-85.073,31.575],[-85.025,31.581],[-84.975,31.588],[-84.925,31.594],[-84.875,31.6],[-84.825,31.605],[-84.775,31.611],[-84.725,31.616],[-84.675,31.621],[-84.627,31.625],[-84.625,31.625],[-84.575,31.629],[-84.525,31.634],[-84.475,31.637],[-84.425,31.641],[-84.375,31.645],[-84.325,31.648],[-84.275,31.651],[-84.225,31.654],[-84.175,31.657],[-84.125,31.659],[-84.075,31.662],[-84.025,31.664],[-83.975,31.666],[-83.925,31.668],[-83.875,31.671],[-83.825,31.673],[-83.787,31.675],[-83.775,31.676],[-83.725,31.678],[-83.675,31.681],[-83.625,31.684],[-83.575,31.687],[-83.525,31.691],[-83.475,31.695],[-83.425,31.699],[-83.375,31.704],[-83.325,31.709],[-83.275,31.714],[-83.225,31.72],[-83.189,31.725],[-83.175,31.727],[-83.125,31.734],[-83.075,31.741],[-83.025,31.75],[-82.975,31.759],[-82.925,31.768],[-82.892,31.775],[-82.875,31.779],[-82.825,31.789],[-82.775,31.8],[-82.725,31.812],[-82.675,31.824],[-82.67,31.825],[-82.625,31.836],[-82.575,31.847],[-82.525,31.859],[-82.475,31.871],[-82.455,31.875],[-82.425,31.882],[-82.375,31.892],[-82.325,31.902],[-82.275,31.911],[-82.225,31.919],[-82.184,31.925],[-82.175,31.926],[-82.125,31.933],[-82.075,31.938],[-82.025,31.943],[-81.975,31.947],[-81.925,31.949],[-81.875,31.951],[-81.825,31.952],[-81.775,31.953],[-81.725,31.952],[-81.675,31.95],[-81.625,31.947],[-81.575,31.943],[-81.525,31.939],[-81.475,31.933],[-81.425,31.926],[-81.418,31.925],[-81.375,31.918],[-81.325,31.908],[-81.275,31.897],[-81.225,31.884],[-81.192,31.875],[-81.175,31.87],[-81.125,31.854],[-81.093,31.843]]]}},{"type":"Feature","properties":{"date":"2018-03-07","label":"7 Mar","yday":66,"tier":"day","major":false},"geometry":{"type":"MultiLineString","coordinates":[[[-94.825,30.433],[-94.775,30.445],[-94.725,30.457],[-94.71,30.46]],[[-94.509,30.509],[-94.475,30.517],[-94.444,30.525],[-94.425,30.53],[-94.375,30.542],[-94.325,30.554],[-94.275,30.565],[-94.234,30.575],[-94.225,30.577],[-94.175,30.588],[-94.125,30.599],[-94.075,30.61],[-94.025,30.62],[-94.001,30.625],[-93.975,30.63],[-93.925,30.64],[-93.875,30.648],[-93.825,30.657],[-93.775,30.665],[-93.725,30.673],[-93.709,30.675],[-93.675,30.68],[-93.625,30.687],[-93.575,30.694],[-93.525,30.7],[-93.475,30.706],[-93.425,30.712],[-93.375,30.718],[-93.325,30.724],[-93.318,30.725],[-93.275,30.73],[-93.225,30.736],[-93.175,30.742],[-93.125,30.747],[-93.075,30.753],[-93.025,30.758],[-92.975,30.763],[-92.925,30.768],[-92.875,30.773],[-92.849,30.775],[-92.825,30.777],[-92.775,30.782],[-92.725,30.786],[-92.675,30.791],[-92.625,30.797],[-92.575,30.803],[-92.525,30.809],[-92.475,30.815],[-92.425,30.822],[-92.403,30.825],[-92.375,30.829],[-92.325,30.836],[-92.275,30.843],[-92.225,30.851],[-92.175,30.859],[-92.125,30.867]],[[-91.354,31.004],[-91.325,31.009],[-91.275,31.018],[-91.233,31.025],[-91.225,31.026],[-91.175,31.035],[-91.125,31.043],[-91.075,31.051],[-91.025,31.06],[-90.975,31.068],[-90.928,31.075],[-90.925,31.076],[-90.875,31.083],[-90.825,31.091],[-90.775,31.098],[-90.725,31.106],[-90.675,31.113],[-90.625,31.12],[-90.587,31.125],[-90.575,31.127],[-90.525,31.133],[-90.475,31.139],[-90.425,31.144],[-90.375,31.149],[-90.325,31.154],[-90.275,31.158],[-90.225,31.162],[-90.175,31.166],[-90.125,31.17],[-90.075,31.174],[-90.058,31.175],[-90.025,31.178],[-89.975,31.181],[-89.925,31.185],[-89.875,31.189],[-89.825,31.193],[-89.775,31.197],[-89.725,31.201],[-89.675,31.205],[-89.625,31.209],[-89.575,31.214],[-89.525,31.219],[-89.475,31.224],[-89.461,31.225],[-89.425,31.229],[-89.375,31.234],[-89.325,31.24],[-89.275,31.246],[-89.225,31.253],[-89.175,31.26],[-89.125,31.268],[-89.079,31.275],[-89.075,31.276],[-89.025,31.284],[-88.975,31.292],[-88.925,31.3],[-88.875,31.309],[-88.825,31.318],[-88.783,31.325],[-88.775,31.326],[-88.725,31.335],[-88.675,31.344],[-88.625,31.353],[-88.575,31.362],[-88.525,31.371],[-88.499,31.375],[-88.475,31.379],[-88.425,31.388],[-88.375,31.396],[-88.325,31.405],[-88.275,31.413],[-88.225,31.421],[-88.202,31.425],[-88.175,31.429],[-88.125,31.437],[-88.075,31.445],[-88.025,31.452],[-87.975,31.46],[-87.925,31.467],[-87.875,31.474],[-87.868,31.475],[-87.825,31.481],[-87.775,31.487],[-87.725,31.494],[-87.675,31.5],[-87.625,31.506],[-87.575,31.511],[-87.525,31.517],[-87.475,31.522],[-87.442,31.525],[-87.425,31.527],[-87.375,31.531],[-87.325,31.536],[-87.275,31.54],[-87.225,31.543],[-87.175,31.547],[-87.125,31.55],[-87.075,31.553],[-87.025,31.555],[-86.975,31.557],[-86.925,31.559],[-86.875,31.561],[-86.825,31.562],[-86.775,31.563],[-86.725,31.563],[-86.675,31.564],[-86.625,31.564],[-86.575,31.564],[-86.525,31.564],[-86.475,31.564],[-86.425,31.563],[-86.375,31.563],[-86.325,31.563],[-86.275,31.563],[-86.225,31.563],[-86.175,31.564],[-86.125,31.565],[-86.075,31.567],[-86.025,31.57],[-85.975,31.573],[-85.95,31.575],[-85.925,31.577],[-85.875,31.582],[-85.825,31.587],[-85.775,31.593],[-85.725,31.6],[-85.675,31.607],[-85.625,31.614],[-85.575,31.622],[-85.557,31.625],[-85.525,31.63],[-85.475,31.638],[-85.425,31.646],[-85.375,31.654],[-85.325,31.662],[-85.275,31.67],[-85.239,31.675],[-85.225,31.677],[-85.175,31.684],[-85.125,31.691],[-85.075,31.698],[-85.025,31.704],[-84.975,31.71],[-84.925,31.715],[-84.875,31.721],[-84.831,31.725],[-84.825,31.726],[-84.775,31.73],[-84.725,31.735],[-84.675,31.739],[-84.625,31.743],[-84.575,31.747],[-84.525,31.75],[-84.475,31.754],[-84.425,31.757],[-84.375,31.76],[-84.325,31.764],[-84.275,31.767],[-84.225,31.769],[-84.175,31.772],[-84.125,31.775],[-84.124,31.775],[-84.075,31.777],[-84.025,31.78],[-83.975,31.783],[-83.925,31.785],[-83.875,31.788],[-83.825,31.791],[-83.775,31.794],[-83.725,31.797],[-83.675,31.8],[-83.625,31.804],[-83.575,31.808],[-83.525,31.812],[-83.475,31.816],[-83.425,31.821],[-83.392,31.825],[-83.375,31.827],[-83.325,31.832],[-83.275,31.839],[-83.225,31.845],[-83.175,31.853],[-83.125,31.861],[-83.075,31.869],[-83.043,31.875],[-83.025,31.878],[-82.975,31.888],[-82.925,31.898],[-82.875,31.909],[-82.825,31.92],[-82.804,31.925],[-82.775,31.932],[-82.725,31.944],[-82.675,31.956],[-82.625,31.968],[-82.598,31.975],[-82.575,31.981],[-82.525,31.993],[-82.475,32.005],[-82.425,32.016],[-82.385,32.025],[-82.375,32.027],[-82.325,32.037],[-82.275,32.046],[-82.225,32.055],[-82.175,32.063],[-82.125,32.069],[-82.08,32.075],[-82.075,32.076],[-82.025,32.081],[-81.975,32.085],[-81.925,32.089],[-81.875,32.092],[-81.825,32.095],[-81.775,32.096],[-81.725,32.097],[-81.675,32.097],[-81.625,32.096],[-81.575,32.094],[-81.525,32.091],[-81.475,32.087],[-81.425,32.082],[-81.375,32.077],[-81.364,32.075],[-81.325,32.069],[-81.275,32.06],[-81.225,32.049],[-81.175,32.037],[-81.135,32.025],[-81.125,32.022],[-81.075,32.005],[-81.025,31.988],[-80.991,31.975],[-80.975,31.969],[-80.944,31.956]]]}},{"type":"Feature","properties":{"date":"2018-03-08","label":"8 Mar","yday":67,"tier":"day","major":false},"geometry":{"type":"MultiLineString","coordinates":[[[-94.615,30.615],[-94.575,30.625],[-94.575,30.625],[-94.525,30.637],[-94.475,30.65],[-94.425,30.662],[-94.375,30.674],[-94.371,30.675],[-94.325,30.686],[-94.275,30.698],[-94.225,30.71],[-94.175,30.721],[-94.159,30.725],[-94.125,30.733],[-94.075,30.743],[-94.025,30.754],[-93.975,30.763],[-93.925,30.772],[-93.909,30.775],[-93.875,30.781],[-93.825,30.789],[-93.775,30.797],[-93.725,30.804],[-93.675,30.811],[-93.625,30.818],[-93.575,30.824],[-93.567,30.825],[-93.525,30.83],[-93.475,30.836],[-93.425,30.842],[-93.375,30.848],[-93.325,30.854],[-93.275,30.86],[-93.225,30.867],[-93.175,30.873],[-93.155,30.875],[-93.125,30.879],[-93.075,30.884],[-93.025,30.89],[-92.975,30.895],[-92.925,30.9],[-92.875,30.904],[-92.825,30.908],[-92.775,30.912],[-92.725,30.916],[-92.675,30.92],[-92.626,30.925],[-92.625,30.925],[-92.575,30.93],[-92.525,30.935],[-92.475,30.941],[-92.425,30.947],[-92.375,30.954],[-92.325,30.961],[-92.275,30.968],[-92.229,30.975],[-92.226,30.976]],[[-91.375,31.126],[-91.325,31.135],[-91.275,31.144],[-91.225,31.152],[-91.175,31.161],[-91.125,31.17],[-91.095,31.175],[-91.075,31.178],[-91.025,31.187],[-90.975,31.195],[-90.925,31.203],[-90.875,31.211],[-90.825,31.219],[-90.786,31.225],[-90.775,31.227],[-90.725,31.234],[-90.675,31.241],[-90.625,31.248],[-90.575,31.255],[-90.525,31.262],[-90.475,31.268],[-90.425,31.273],[-90.405,31.275],[-90.375,31.278],[-90.325,31.283],[-90.275,31.287],[-90.225,31.291],[-90.175,31.295],[-90.125,31.299],[-90.075,31.303],[-90.025,31.307],[-89.975,31.311],[-89.925,31.315],[-89.875,31.319],[-89.825,31.323],[-89.798,31.325],[-89.775,31.327],[-89.725,31.331],[-89.675,31.335],[-89.625,31.34],[-89.575,31.344],[-89.525,31.349],[-89.475,31.354],[-89.425,31.359],[-89.375,31.365],[-89.325,31.371],[-89.297,31.375],[-89.275,31.378],[-89.225,31.385],[-89.175,31.393],[-89.125,31.401],[-89.075,31.409],[-89.025,31.417],[-88.981,31.425],[-88.975,31.426],[-88.925,31.435],[-88.875,31.444],[-88.825,31.453],[-88.775,31.462],[-88.725,31.471],[-88.702,31.475],[-88.675,31.48],[-88.625,31.489],[-88.575,31.498],[-88.525,31.507],[-88.475,31.516],[-88.425,31.524],[-88.421,31.525],[-88.375,31.533],[-88.325,31.541],[-88.275,31.55],[-88.225,31.558],[-88.175,31.566],[-88.125,31.574],[-88.119,31.575],[-88.075,31.582],[-88.025,31.589],[-87.975,31.597],[-87.925,31.604],[-87.875,31.611],[-87.825,31.617],[-87.775,31.624],[-87.765,31.625],[-87.725,31.63],[-87.675,31.636],[-87.625,31.642],[-87.575,31.647],[-87.525,31.652],[-87.475,31.657],[-87.425,31.662],[-87.375,31.666],[-87.325,31.67],[-87.275,31.674],[-87.262,31.675],[-87.225,31.678],[-87.175,31.681],[-87.125,31.684],[-87.075,31.686],[-87.025,31.689],[-86.975,31.691],[-86.925,31.692],[-86.875,31.694],[-86.825,31.695],[-86.775,31.696],[-86.725,31.696],[-86.675,31.697],[-86.625,31.696],[-86.575,31.696],[-86.525,31.695],[-86.475,31.694],[-86.425,31.693],[-86.375,31.692],[-86.325,31.691],[-86.275,31.69],[-86.225,31.69],[-86.175,31.69],[-86.125,31.69],[-86.075,31.692],[-86.025,31.694],[-85.975,31.697],[-85.925,31.7],[-85.875,31.705],[-85.825,31.71],[-85.775,31.716],[-85.725,31.722],[-85.701,31.725],[-85.675,31.728],[-85.625,31.735],[-85.575,31.743],[-85.525,31.75],[-85.475,31.757],[-85.425,31.765],[-85.375,31.773],[-85.36,31.775],[-85.325,31.78],[-85.275,31.787],[-85.225,31.795],[-85.175,31.801],[-85.125,31.808],[-85.075,31.814],[-85.025,31.819],[-84.975,31.825],[-84.971,31.825],[-84.925,31.829],[-84.875,31.834],[-84.825,31.838],[-84.775,31.842],[-84.725,31.846],[-84.675,31.85],[-84.625,31.853],[-84.575,31.857],[-84.525,31.86],[-84.475,31.864],[-84.425,31.867],[-84.375,31.87],[-84.325,31.873],[-84.288,31.875],[-84.275,31.876],[-84.225,31.879],[-84.175,31.881],[-84.125,31.884],[-84.075,31.887],[-84.025,31.89],[-83.975,31.892],[-83.925,31.895],[-83.875,31.898],[-83.825,31.902],[-83.775,31.905],[-83.725,31.909],[-83.675,31.912],[-83.625,31.917],[-83.575,31.921],[-83.534,31.925],[-83.525,31.926],[-83.475,31.931],[-83.425,31.936],[-83.375,31.942],[-83.325,31.949],[-83.275,31.955],[-83.225,31.963],[-83.175,31.971],[-83.15,31.975],[-83.125,31.979],[-83.075,31.988],[-83.025,31.998],[-82.975,32.008],[-82.925,32.018],[-82.896,32.025],[-82.875,32.03],[-82.825,32.041],[-82.775,32.053],[-82.725,32.065],[-82.687,32.075],[-82.675,32.078],[-82.625,32.09],[-82.575,32.103],[-82.525,32.116],[-82.488,32.125],[-82.475,32.128],[-82.425,32.14],[-82.375,32.151],[-82.325,32.161],[-82.275,32.171],[-82.251,32.175],[-82.225,32.179],[-82.175,32.187],[-82.125,32.194],[-82.075,32.201],[-82.025,32.207],[-81.975,32.212],[-81.925,32.217],[-81.875,32.221],[-81.825,32.224],[-81.815,32.225],[-81.775,32.227],[-81.725,32.229],[-81.675,32.23],[-81.625,32.23],[-81.575,32.229],[-81.525,32.228],[-81.475,32.225],[-81.472,32.225],[-81.425,32.221],[-81.375,32.217],[-81.325,32.21],[-81.275,32.203],[-81.225,32.194],[-81.175,32.183],[-81.143,32.175],[-81.125,32.17],[-81.075,32.155],[-81.025,32.139],[-80.985,32.125],[-80.975,32.122],[-80.925,32.103],[-80.905,32.095]]]}},{"type":"Feature","properties":{"date":"2018-03-09","label":"9 Mar","yday":68,"tier":"day","major":false},"geometry":{"type":"MultiLineString","coordinates":[[[-94.725,30.719],[-94.702,30.725],[-94.675,30.731],[-94.625,30.744],[-94.575,30.756],[-94.525,30.768],[-94.498,30.775],[-94.475,30.781],[-94.425,30.793],[-94.375,30.805],[-94.325,30.818],[-94.294,30.825],[-94.275,30.83],[-94.225,30.841],[-94.175,30.853],[-94.125,30.864],[-94.076,30.875],[-94.075,30.875],[-94.025,30.885],[-93.975,30.894],[-93.925,30.903],[-93.875,30.911],[-93.825,30.919],[-93.787,30.925],[-93.775,30.927],[-93.725,30.934],[-93.675,30.941],[-93.625,30.948],[-93.575,30.954],[-93.525,30.96],[-93.475,30.967],[-93.425,30.973],[-93.407,30.975],[-93.375,30.979],[-93.325,30.985],[-93.275,30.991],[-93.225,30.998],[-93.175,31.004],[-93.125,31.01],[-93.075,31.016],[-93.025,31.022],[-92.994,31.025],[-92.975,31.027],[-92.925,31.031],[-92.875,31.034],[-92.825,31.038],[-92.775,31.041],[-92.725,31.044],[-92.675,31.047],[-92.625,31.051],[-92.575,31.056],[-92.557,31.057]],[[-91.375,31.25],[-91.325,31.259],[-91.275,31.268],[-91.234,31.275],[-91.225,31.277],[-91.175,31.285],[-91.125,31.294],[-91.075,31.303],[-91.025,31.311],[-90.975,31.319],[-90.941,31.325],[-90.925,31.328],[-90.875,31.336],[-90.825,31.343],[-90.775,31.351],[-90.725,31.358],[-90.675,31.366],[-90.625,31.373],[-90.607,31.375],[-90.575,31.379],[-90.525,31.385],[-90.475,31.391],[-90.425,31.397],[-90.375,31.402],[-90.325,31.407],[-90.275,31.412],[-90.225,31.417],[-90.175,31.421],[-90.13,31.425],[-90.125,31.425],[-90.075,31.43],[-90.025,31.434],[-89.975,31.438],[-89.925,31.442],[-89.875,31.446],[-89.825,31.451],[-89.775,31.455],[-89.725,31.459],[-89.675,31.464],[-89.625,31.469],[-89.575,31.474],[-89.561,31.475],[-89.525,31.479],[-89.475,31.484],[-89.425,31.49],[-89.375,31.496],[-89.325,31.502],[-89.275,31.51],[-89.225,31.517],[-89.176,31.525],[-89.175,31.525],[-89.125,31.533],[-89.075,31.542],[-89.025,31.551],[-88.975,31.559],[-88.925,31.568],[-88.889,31.575],[-88.875,31.577],[-88.825,31.587],[-88.775,31.596],[-88.725,31.605],[-88.675,31.614],[-88.625,31.623],[-88.614,31.625],[-88.575,31.632],[-88.525,31.641],[-88.475,31.65],[-88.425,31.658],[-88.375,31.667],[-88.328,31.675],[-88.325,31.676],[-88.275,31.684],[-88.225,31.692],[-88.175,31.7],[-88.125,31.708],[-88.075,31.715],[-88.025,31.723],[-88.009,31.725],[-87.975,31.73],[-87.925,31.737],[-87.875,31.743],[-87.825,31.75],[-87.775,31.756],[-87.725,31.762],[-87.675,31.768],[-87.625,31.773],[-87.607,31.775],[-87.575,31.778],[-87.525,31.783],[-87.475,31.788],[-87.425,31.792],[-87.375,31.796],[-87.325,31.8],[-87.275,31.803],[-87.225,31.806],[-87.175,31.809],[-87.125,31.812],[-87.075,31.814],[-87.025,31.816],[-86.975,31.818],[-86.925,31.819],[-86.875,31.82],[-86.825,31.821],[-86.775,31.822],[-86.725,31.822],[-86.675,31.822],[-86.625,31.822],[-86.575,31.821],[-86.525,31.82],[-86.475,31.818],[-86.425,31.816],[-86.375,31.815],[-86.325,31.813],[-86.275,31.812],[-86.225,31.811],[-86.175,31.81],[-86.125,31.81],[-86.075,31.81],[-86.025,31.812],[-85.975,31.814],[-85.925,31.818],[-85.875,31.822],[-85.843,31.825],[-85.825,31.827],[-85.775,31.832],[-85.725,31.838],[-85.675,31.844],[-85.625,31.851],[-85.575,31.857],[-85.525,31.864],[-85.475,31.871],[-85.448,31.875],[-85.425,31.878],[-85.375,31.885],[-85.325,31.892],[-85.275,31.899],[-85.225,31.906],[-85.175,31.912],[-85.125,31.918],[-85.075,31.923],[-85.058,31.925],[-85.025,31.928],[-84.975,31.933],[-84.925,31.937],[-84.875,31.941],[-84.825,31.944],[-84.775,31.948],[-84.725,31.952],[-84.675,31.955],[-84.625,31.958],[-84.575,31.962],[-84.525,31.965],[-84.475,31.968],[-84.425,31.971],[-84.375,31.974],[-84.356,31.975],[-84.325,31.977],[-84.275,31.98],[-84.225,31.982],[-84.175,31.985],[-84.125,31.988],[-84.075,31.991],[-84.025,31.994],[-83.975,31.997],[-83.925,32.0],[-83.875,32.004],[-83.825,32.007],[-83.775,32.011],[-83.725,32.015],[-83.675,32.019],[-83.625,32.024],[-83.614,32.025],[-83.575,32.029],[-83.525,32.034],[-83.475,32.039],[-83.425,32.045],[-83.375,32.052],[-83.325,32.058],[-83.275,32.066],[-83.225,32.073],[-83.216,32.075],[-83.175,32.082],[-83.125,32.09],[-83.075,32.1],[-83.025,32.109],[-82.975,32.12],[-82.952,32.125],[-82.925,32.131],[-82.875,32.142],[-82.825,32.154],[-82.775,32.166],[-82.739,32.175],[-82.725,32.178],[-82.675,32.191],[-82.625,32.204],[-82.575,32.217],[-82.542,32.225],[-82.525,32.229],[-82.475,32.241],[-82.425,32.253],[-82.375,32.264],[-82.325,32.275],[-82.324,32.275],[-82.275,32.284],[-82.225,32.293],[-82.175,32.302],[-82.125,32.309],[-82.075,32.317],[-82.025,32.323],[-82.013,32.325],[-81.975,32.33],[-81.925,32.335],[-81.875,32.34],[-81.825,32.344],[-81.775,32.348],[-81.725,32.35],[-81.675,32.352],[-81.625,32.353],[-81.575,32.354],[-81.525,32.353],[-81.475,32.351],[-81.425,32.348],[-81.375,32.344],[-81.325,32.338],[-81.275,32.332],[-81.231,32.325],[-81.225,32.324],[-81.175,32.315],[-81.125,32.304],[-81.075,32.291],[-81.025,32.277],[-81.018,32.275],[-80.975,32.262],[-80.925,32.245],[-80.875,32.227],[-80.871,32.225],[-80.825,32.207],[-80.796,32.196]],[[-80.766,32.184],[-80.744,32.175]]]}},{"type":"Feature","properties":{"date":"2018-03-10","label":"10 Mar","yday":69,"tier":"day","major":false},"geometry":{"type":"MultiLineString","coordinates":[[[-94.826,30.826],[-94.825,30.826],[-94.775,30.838],[-94.725,30.85],[-94.675,30.862],[-94.625,30.874],[-94.62,30.875],[-94.575,30.886],[-94.525,30.898],[-94.475,30.911],[-94.425,30.923],[-94.417,30.925],[-94.375,30.935],[-94.325,30.947],[-94.275,30.959],[-94.225,30.971],[-94.208,30.975],[-94.175,30.983],[-94.125,30.994],[-94.075,31.004],[-94.025,31.014],[-93.975,31.023],[-93.964,31.025],[-93.925,31.032],[-93.875,31.04],[-93.825,31.048],[-93.775,31.056],[-93.725,31.063],[-93.675,31.07],[-93.64,31.075],[-93.625,31.077],[-93.575,31.084],[-93.525,31.09],[-93.475,31.096],[-93.425,31.103],[-93.375,31.109],[-93.325,31.115],[-93.275,31.121],[-93.243,31.125],[-93.225,31.127],[-93.175,31.133],[-93.125,31.139],[-93.075,31.145],[-93.025,31.15],[-92.975,31.154],[-92.925,31.158],[-92.875,31.161],[-92.825,31.163],[-92.775,31.166],[-92.725,31.168],[-92.719,31.169]],[[-91.325,31.381],[-91.275,31.39],[-91.225,31.399],[-91.175,31.408],[-91.125,31.416],[-91.075,31.425],[-91.074,31.425],[-91.025,31.433],[-90.975,31.441],[-90.925,31.45],[-90.875,31.458],[-90.825,31.465],[-90.775,31.473],[-90.76,31.475],[-90.725,31.48],[-90.675,31.487],[-90.625,31.494],[-90.575,31.501],[-90.525,31.507],[-90.475,31.513],[-90.425,31.519],[-90.375,31.524],[-90.369,31.525],[-90.325,31.53],[-90.275,31.535],[-90.225,31.54],[-90.175,31.545],[-90.125,31.549],[-90.075,31.554],[-90.025,31.559],[-89.975,31.563],[-89.925,31.568],[-89.875,31.573],[-89.85,31.575],[-89.825,31.577],[-89.775,31.582],[-89.725,31.587],[-89.675,31.592],[-89.625,31.597],[-89.575,31.603],[-89.525,31.608],[-89.475,31.614],[-89.425,31.621],[-89.393,31.625],[-89.375,31.627],[-89.325,31.634],[-89.275,31.642],[-89.225,31.65],[-89.175,31.658],[-89.125,31.666],[-89.075,31.675],[-89.073,31.675],[-89.025,31.683],[-88.975,31.692],[-88.925,31.701],[-88.875,31.71],[-88.825,31.719],[-88.793,31.725],[-88.775,31.728],[-88.725,31.737],[-88.675,31.746],[-88.625,31.755],[-88.575,31.764],[-88.525,31.773],[-88.515,31.775],[-88.475,31.782],[-88.425,31.79],[-88.375,31.799],[-88.325,31.807],[-88.275,31.815],[-88.225,31.823],[-88.215,31.825],[-88.175,31.831],[-88.125,31.839],[-88.075,31.846],[-88.025,31.853],[-87.975,31.86],[-87.925,31.867],[-87.875,31.873],[-87.86,31.875],[-87.825,31.879],[-87.775,31.885],[-87.725,31.891],[-87.675,31.896],[-87.625,31.901],[-87.575,31.906],[-87.525,31.91],[-87.475,31.914],[-87.425,31.918],[-87.375,31.922],[-87.325,31.925],[-87.325,31.925]],[[-86.174,31.926],[-86.125,31.926],[-86.075,31.926],[-86.025,31.927],[-85.975,31.929],[-85.925,31.932],[-85.875,31.936],[-85.825,31.94],[-85.775,31.945],[-85.725,31.95],[-85.675,31.955],[-85.625,31.961],[-85.575,31.967],[-85.525,31.973],[-85.511,31.975],[-85.475,31.979],[-85.425,31.986],[-85.375,31.992],[-85.325,31.998],[-85.275,32.004],[-85.225,32.01],[-85.175,32.016],[-85.125,32.021],[-85.087,32.025],[-85.075,32.026],[-85.025,32.03],[-84.975,32.035],[-84.925,32.038],[-84.875,32.042],[-84.825,32.046],[-84.775,32.049],[-84.725,32.052],[-84.675,32.056],[-84.625,32.059],[-84.575,32.062],[-84.525,32.065],[-84.475,32.068],[-84.425,32.071],[-84.375,32.074],[-84.351,32.075],[-84.325,32.076],[-84.275,32.079],[-84.225,32.082],[-84.175,32.085],[-84.125,32.088],[-84.075,32.091],[-84.025,32.094],[-83.975,32.098],[-83.925,32.101],[-83.875,32.105],[-83.825,32.109],[-83.775,32.113],[-83.725,32.117],[-83.675,32.122],[-83.641,32.125],[-83.625,32.127],[-83.575,32.132],[-83.525,32.137],[-83.475,32.143],[-83.425,32.149],[-83.375,32.156],[-83.325,32.163],[-83.275,32.17],[-83.246,32.175],[-83.225,32.178],[-83.175,32.187],[-83.125,32.196],[-83.075,32.205],[-83.025,32.215],[-82.978,32.225],[-82.975,32.226],[-82.925,32.236],[-82.875,32.248],[-82.825,32.26],[-82.775,32.272],[-82.763,32.275],[-82.725,32.284],[-82.675,32.297],[-82.625,32.31],[-82.575,32.322],[-82.565,32.325],[-82.525,32.335],[-82.475,32.347],[-82.425,32.359],[-82.375,32.37],[-82.351,32.375],[-82.325,32.38],[-82.275,32.39],[-82.225,32.4],[-82.175,32.409],[-82.125,32.417],[-82.077,32.425],[-82.075,32.425],[-82.025,32.433],[-81.975,32.439],[-81.925,32.446],[-81.875,32.451],[-81.825,32.456],[-81.775,32.46],[-81.725,32.464],[-81.675,32.467],[-81.625,32.469],[-81.575,32.47],[-81.525,32.469],[-81.475,32.468],[-81.425,32.466],[-81.375,32.462],[-81.325,32.458],[-81.275,32.452],[-81.225,32.446],[-81.175,32.438],[-81.125,32.428],[-81.108,32.425],[-81.075,32.418],[-81.025,32.406],[-80.975,32.393],[-80.925,32.379],[-80.913,32.375],[-80.875,32.363],[-80.825,32.346]]]}},{"type":"Feature","properties":{"date":"2018-03-11","label":"11 Mar","yday":70,"tier":"five","major":false},"geometry":{"type":"MultiLineString","coordinates":[[[-95.14,30.89],[-95.125,30.893],[-95.075,30.903],[-95.025,30.913],[-94.975,30.924],[-94.97,30.925],[-94.925,30.935],[-94.875,30.946],[-94.825,30.957],[-94.775,30.968],[-94.745,30.975],[-94.725,30.98],[-94.675,30.991],[-94.625,31.003],[-94.575,31.016],[-94.537,31.025],[-94.525,31.028],[-94.475,31.04],[-94.425,31.053],[-94.375,31.065],[-94.332,31.075],[-94.325,31.077],[-94.275,31.089],[-94.225,31.1],[-94.175,31.111],[-94.125,31.122],[-94.11,31.125],[-94.075,31.132],[-94.025,31.142],[-93.975,31.151],[-93.925,31.16],[-93.875,31.169],[-93.835,31.175],[-93.825,31.177],[-93.775,31.184],[-93.725,31.192],[-93.675,31.199],[-93.625,31.206],[-93.575,31.212],[-93.525,31.219],[-93.476,31.225],[-93.475,31.225],[-93.425,31.231],[-93.375,31.237],[-93.325,31.243],[-93.275,31.249],[-93.225,31.254],[-93.175,31.259],[-93.125,31.264],[-93.075,31.269],[-93.025,31.273],[-92.999,31.275],[-92.975,31.277],[-92.925,31.28],[-92.875,31.283],[-92.825,31.285],[-92.775,31.288],[-92.725,31.29]],[[-92.353,31.325],[-92.325,31.329],[-92.32,31.33]],[[-91.292,31.508],[-91.275,31.511],[-91.225,31.52],[-91.196,31.525],[-91.175,31.529],[-91.125,31.537],[-91.075,31.546],[-91.025,31.554],[-90.975,31.562],[-90.925,31.57],[-90.894,31.575],[-90.875,31.578],[-90.825,31.586],[-90.775,31.593],[-90.725,31.6],[-90.675,31.607],[-90.625,31.614],[-90.575,31.621],[-90.542,31.625],[-90.525,31.627],[-90.475,31.633],[-90.425,31.639],[-90.375,31.645],[-90.325,31.651],[-90.275,31.656],[-90.225,31.662],[-90.175,31.667],[-90.125,31.672],[-90.097,31.675],[-90.075,31.677],[-90.025,31.682],[-89.975,31.687],[-89.925,31.693],[-89.875,31.698],[-89.825,31.703],[-89.775,31.708],[-89.725,31.714],[-89.675,31.72],[-89.629,31.725],[-89.625,31.726],[-89.575,31.732],[-89.525,31.738],[-89.475,31.744],[-89.425,31.751],[-89.375,31.758],[-89.325,31.766],[-89.275,31.773],[-89.265,31.775],[-89.225,31.781],[-89.175,31.79],[-89.125,31.798],[-89.075,31.806],[-89.025,31.815],[-88.975,31.824],[-88.969,31.825],[-88.925,31.833],[-88.875,31.842],[-88.825,31.851],[-88.775,31.86],[-88.725,31.869],[-88.689,31.875],[-88.675,31.877],[-88.625,31.886],[-88.575,31.895],[-88.525,31.904],[-88.475,31.912],[-88.425,31.921],[-88.399,31.925],[-88.375,31.929],[-88.325,31.937],[-88.275,31.945],[-88.225,31.953],[-88.175,31.96],[-88.125,31.967],[-88.075,31.974],[-88.071,31.975],[-88.025,31.981],[-87.975,31.988],[-87.925,31.994],[-87.897,31.997]],[[-86.06,32.04],[-86.025,32.041],[-85.975,32.042],[-85.925,32.044],[-85.875,32.047],[-85.825,32.05],[-85.775,32.054],[-85.725,32.058],[-85.675,32.063],[-85.625,32.068],[-85.575,32.073],[-85.553,32.075],[-85.525,32.078],[-85.475,32.083],[-85.425,32.089],[-85.375,32.094],[-85.325,32.1],[-85.275,32.105],[-85.225,32.11],[-85.175,32.115],[-85.125,32.12],[-85.075,32.124],[-85.063,32.125],[-85.025,32.128],[-84.975,32.132],[-84.925,32.136],[-84.875,32.139],[-84.825,32.143],[-84.775,32.146],[-84.725,32.149],[-84.675,32.152],[-84.625,32.155],[-84.575,32.158],[-84.525,32.161],[-84.475,32.164],[-84.425,32.167],[-84.375,32.17],[-84.325,32.172],[-84.282,32.175],[-84.275,32.175],[-84.225,32.178],[-84.175,32.181],[-84.125,32.184],[-84.075,32.188],[-84.025,32.191],[-83.975,32.195],[-83.925,32.198],[-83.875,32.202],[-83.825,32.206],[-83.775,32.211],[-83.725,32.215],[-83.675,32.22],[-83.628,32.225],[-83.625,32.225],[-83.575,32.231],[-83.525,32.236],[-83.475,32.242],[-83.425,32.249],[-83.375,32.256],[-83.325,32.263],[-83.275,32.271],[-83.248,32.275],[-83.225,32.279],[-83.175,32.287],[-83.125,32.296],[-83.075,32.306],[-83.025,32.316],[-82.98,32.325],[-82.975,32.326],[-82.925,32.337],[-82.875,32.348],[-82.825,32.36],[-82.775,32.373],[-82.766,32.375],[-82.725,32.385],[-82.675,32.398],[-82.625,32.411],[-82.575,32.423],[-82.568,32.425],[-82.525,32.435],[-82.475,32.447],[-82.425,32.459],[-82.375,32.47],[-82.354,32.475],[-82.325,32.481],[-82.275,32.492],[-82.225,32.501],[-82.175,32.511],[-82.125,32.52],[-82.094,32.525],[-82.075,32.528],[-82.025,32.536],[-81.975,32.543],[-81.925,32.55],[-81.875,32.556],[-81.825,32.562],[-81.775,32.567],[-81.725,32.571],[-81.675,32.575],[-81.674,32.575],[-81.625,32.578],[-81.575,32.579],[-81.525,32.58],[-81.475,32.579],[-81.425,32.577],[-81.376,32.575],[-81.375,32.575],[-81.325,32.571],[-81.275,32.567],[-81.225,32.561],[-81.175,32.554],[-81.125,32.546],[-81.075,32.538],[-81.025,32.528],[-81.013,32.525],[-80.975,32.517],[-80.925,32.504],[-80.875,32.491],[-80.825,32.477],[-80.818,32.475],[-80.775,32.462],[-80.725,32.445],[-80.71,32.44]],[[-80.625,32.409],[-80.575,32.39],[-80.537,32.375],[-80.525,32.37],[-80.517,32.367]]]}},{"type":"Feature","properties":{"date":"2018-03-12","label":"12 Mar","yday":71,"tier":"day","major":false},"geometry":{"type":"MultiLineString","coordinates":[[[-95.175,31.017],[-95.132,31.025],[-95.125,31.026],[-95.075,31.036],[-95.025,31.046],[-94.975,31.056],[-94.925,31.066],[-94.884,31.075]],[[-94.744,31.106],[-94.725,31.11],[-94.675,31.122],[-94.662,31.125]],[[-94.613,31.137],[-94.575,31.146],[-94.525,31.158],[-94.475,31.171],[-94.457,31.175],[-94.425,31.183],[-94.375,31.195],[-94.325,31.207],[-94.275,31.218],[-94.245,31.225],[-94.225,31.23],[-94.175,31.24],[-94.125,31.251],[-94.075,31.261],[-94.025,31.271],[-94.001,31.275],[-93.975,31.28],[-93.925,31.289],[-93.875,31.297],[-93.825,31.305],[-93.775,31.313],[-93.725,31.32],[-93.691,31.325],[-93.675,31.327],[-93.625,31.334],[-93.575,31.341],[-93.525,31.347],[-93.475,31.353],[-93.425,31.359],[-93.375,31.364],[-93.325,31.369],[-93.275,31.374],[-93.27,31.375],[-93.225,31.379],[-93.175,31.384],[-93.125,31.388],[-93.075,31.392],[-93.025,31.396],[-92.975,31.399],[-92.925,31.402],[-92.875,31.405],[-92.825,31.408],[-92.775,31.41],[-92.761,31.411]],[[-92.482,31.432],[-92.475,31.433],[-92.425,31.439],[-92.375,31.446],[-92.325,31.452],[-92.275,31.459]],[[-91.207,31.643],[-91.175,31.649],[-91.125,31.657],[-91.075,31.666],[-91.025,31.674],[-91.017,31.675],[-90.975,31.682],[-90.925,31.69],[-90.875,31.697],[-90.825,31.705],[-90.775,31.712],[-90.725,31.72],[-90.688,31.725],[-90.675,31.727],[-90.625,31.734],[-90.575,31.74],[-90.525,31.747],[-90.475,31.753],[-90.425,31.759],[-90.375,31.765],[-90.325,31.771],[-90.294,31.775],[-90.275,31.777],[-90.225,31.783],[-90.175,31.789],[-90.125,31.794],[-90.075,31.8],[-90.025,31.805],[-89.975,31.811],[-89.925,31.817],[-89.875,31.822],[-89.853,31.825],[-89.825,31.828],[-89.775,31.834],[-89.725,31.84],[-89.675,31.847],[-89.625,31.853],[-89.575,31.86],[-89.525,31.867],[-89.475,31.874],[-89.465,31.875],[-89.425,31.881],[-89.375,31.888],[-89.325,31.896],[-89.275,31.904],[-89.225,31.912],[-89.175,31.92],[-89.147,31.925],[-89.125,31.929],[-89.075,31.937],[-89.025,31.946],[-88.975,31.955],[-88.925,31.963],[-88.875,31.972],[-88.858,31.975],[-88.825,31.981],[-88.775,31.99],[-88.725,31.998],[-88.675,32.007],[-88.625,32.016],[-88.575,32.024],[-88.571,32.025],[-88.525,32.033],[-88.475,32.041],[-88.425,32.049],[-88.375,32.057],[-88.325,32.065],[-88.275,32.073],[-88.258,32.075],[-88.225,32.08],[-88.175,32.087],[-88.125,32.094],[-88.075,32.101],[-88.025,32.107],[-88.009,32.109]],[[-87.17,32.17],[-87.125,32.171],[-87.075,32.172],[-87.025,32.172],[-86.978,32.172]],[[-85.575,32.175],[-85.575,32.175],[-85.571,32.175],[-85.525,32.179],[-85.475,32.183],[-85.425,32.188],[-85.375,32.193],[-85.325,32.197],[-85.275,32.202],[-85.225,32.206],[-85.175,32.211],[-85.125,32.215],[-85.075,32.219],[-85.025,32.223],[-84.993,32.225],[-84.975,32.226],[-84.925,32.23],[-84.875,32.233],[-84.825,32.237],[-84.775,32.24],[-84.725,32.243],[-84.675,32.246],[-84.625,32.249],[-84.575,32.251],[-84.525,32.254],[-84.475,32.257],[-84.425,32.26],[-84.375,32.263],[-84.325,32.265],[-84.275,32.268],[-84.225,32.271],[-84.175,32.274],[-84.167,32.275],[-84.125,32.278],[-84.075,32.281],[-84.025,32.285],[-83.975,32.288],[-83.925,32.292],[-83.875,32.296],[-83.825,32.301],[-83.775,32.305],[-83.725,32.31],[-83.675,32.315],[-83.625,32.321],[-83.588,32.325],[-83.575,32.326],[-83.525,32.332],[-83.475,32.339],[-83.425,32.345],[-83.375,32.352],[-83.325,32.36],[-83.275,32.367],[-83.228,32.375],[-83.225,32.375],[-83.175,32.384],[-83.125,32.393],[-83.075,32.402],[-83.025,32.412],[-82.975,32.423],[-82.965,32.425],[-82.925,32.434],[-82.875,32.445],[-82.825,32.457],[-82.775,32.47],[-82.755,32.475],[-82.725,32.483],[-82.675,32.495],[-82.625,32.508],[-82.575,32.52],[-82.556,32.525],[-82.525,32.533],[-82.475,32.545],[-82.425,32.556],[-82.375,32.568],[-82.341,32.575],[-82.325,32.579],[-82.275,32.589],[-82.225,32.599],[-82.175,32.609],[-82.125,32.618],[-82.086,32.625],[-82.075,32.627],[-82.025,32.635],[-81.975,32.643],[-81.925,32.65],[-81.875,32.657],[-81.825,32.663],[-81.775,32.669],[-81.725,32.673],[-81.706,32.675],[-81.675,32.678],[-81.625,32.681],[-81.575,32.683],[-81.525,32.684],[-81.475,32.684],[-81.425,32.684],[-81.375,32.682],[-81.325,32.679],[-81.275,32.676],[-81.266,32.675],[-81.225,32.671],[-81.175,32.666],[-81.125,32.659],[-81.075,32.651],[-81.025,32.643],[-80.975,32.633],[-80.935,32.625],[-80.925,32.623],[-80.875,32.611],[-80.825,32.599],[-80.775,32.585],[-80.739,32.575],[-80.725,32.571],[-80.675,32.555],[-80.625,32.539],[-80.585,32.525],[-80.575,32.521],[-80.569,32.519]]]}},{"type":"Feature","properties":{"date":"2018-03-13","label":"13 Mar","yday":72,"tier":"day","major":false},"geometry":{"type":"MultiLineString","coordinates":[[[-94.504,31.296],[-94.475,31.303],[-94.425,31.315],[-94.384,31.325],[-94.375,31.327],[-94.325,31.339],[-94.275,31.35],[-94.225,31.361],[-94.175,31.371],[-94.157,31.375],[-94.125,31.382],[-94.075,31.391],[-94.025,31.401],[-93.975,31.41],[-93.925,31.418],[-93.885,31.425],[-93.875,31.427],[-93.825,31.435],[-93.775,31.442],[-93.725,31.449],[-93.675,31.456],[-93.625,31.463],[-93.575,31.469],[-93.525,31.475],[-93.521,31.475],[-93.475,31.48],[-93.425,31.486],[-93.375,31.491],[-93.325,31.495],[-93.275,31.5],[-93.225,31.504],[-93.175,31.508],[-93.125,31.512],[-93.113,31.513]],[[-92.597,31.547],[-92.575,31.549],[-92.525,31.553],[-92.475,31.558],[-92.425,31.564],[-92.375,31.57],[-92.338,31.575],[-92.325,31.577],[-92.275,31.584],[-92.225,31.591],[-92.175,31.598],[-92.148,31.602]],[[-92.006,31.625],[-91.975,31.63],[-91.969,31.631]],[[-91.123,31.777],[-91.075,31.785],[-91.025,31.793],[-90.975,31.801],[-90.925,31.809],[-90.875,31.817],[-90.825,31.824],[-90.819,31.825],[-90.775,31.832],[-90.725,31.839],[-90.675,31.846],[-90.625,31.853],[-90.575,31.86],[-90.525,31.866],[-90.475,31.873],[-90.458,31.875],[-90.425,31.879],[-90.375,31.886],[-90.325,31.892],[-90.275,31.898],[-90.225,31.904],[-90.175,31.91],[-90.125,31.916],[-90.075,31.922],[-90.05,31.925],[-90.025,31.928],[-89.975,31.934],[-89.925,31.94],[-89.875,31.947],[-89.825,31.953],[-89.775,31.96],[-89.725,31.966],[-89.675,31.973],[-89.661,31.975],[-89.625,31.98],[-89.575,31.987],[-89.525,31.994],[-89.475,32.002],[-89.425,32.01],[-89.375,32.017],[-89.327,32.025],[-89.325,32.025],[-89.275,32.033],[-89.225,32.042],[-89.175,32.05],[-89.125,32.058],[-89.075,32.067],[-89.027,32.075],[-89.025,32.075],[-88.975,32.084],[-88.925,32.093],[-88.875,32.101],[-88.825,32.11],[-88.775,32.118],[-88.736,32.125],[-88.725,32.127],[-88.675,32.135],[-88.625,32.144],[-88.575,32.152],[-88.525,32.16],[-88.475,32.168],[-88.432,32.175],[-88.425,32.176],[-88.375,32.184],[-88.325,32.191],[-88.275,32.198],[-88.225,32.205],[-88.175,32.212],[-88.125,32.219],[-88.119,32.219]],[[-85.575,32.273],[-85.553,32.275],[-85.525,32.277],[-85.475,32.28],[-85.425,32.284],[-85.375,32.288],[-85.325,32.292],[-85.275,32.296],[-85.225,32.3],[-85.175,32.304],[-85.125,32.308],[-85.075,32.311],[-85.025,32.315],[-84.975,32.318],[-84.925,32.322],[-84.878,32.325],[-84.875,32.325],[-84.825,32.328],[-84.775,32.331],[-84.725,32.334],[-84.675,32.337],[-84.625,32.339],[-84.575,32.342],[-84.525,32.345],[-84.475,32.347],[-84.425,32.35],[-84.375,32.353],[-84.325,32.356],[-84.275,32.359],[-84.225,32.362],[-84.175,32.365],[-84.125,32.368],[-84.075,32.372],[-84.032,32.375],[-84.025,32.376],[-83.975,32.379],[-83.925,32.384],[-83.875,32.388],[-83.825,32.392],[-83.775,32.397],[-83.725,32.402],[-83.675,32.408],[-83.625,32.414],[-83.575,32.419],[-83.531,32.425],[-83.525,32.426],[-83.475,32.432],[-83.425,32.439],[-83.375,32.446],[-83.325,32.454],[-83.275,32.462],[-83.225,32.47],[-83.194,32.475],[-83.175,32.478],[-83.125,32.487],[-83.075,32.496],[-83.025,32.506],[-82.975,32.517],[-82.939,32.525],[-82.925,32.528],[-82.875,32.54],[-82.825,32.552],[-82.775,32.565],[-82.735,32.575],[-82.725,32.577],[-82.675,32.59],[-82.625,32.602],[-82.575,32.615],[-82.534,32.625],[-82.525,32.627],[-82.475,32.639],[-82.425,32.651],[-82.375,32.662],[-82.325,32.673],[-82.316,32.675],[-82.275,32.684],[-82.225,32.694],[-82.175,32.704],[-82.125,32.713],[-82.075,32.722],[-82.059,32.725],[-82.025,32.731],[-81.975,32.739],[-81.925,32.746],[-81.875,32.753],[-81.825,32.76],[-81.775,32.766],[-81.725,32.771],[-81.681,32.775],[-81.675,32.776],[-81.625,32.779],[-81.575,32.782],[-81.525,32.784],[-81.475,32.785],[-81.425,32.785],[-81.375,32.785],[-81.325,32.783],[-81.275,32.781],[-81.225,32.777],[-81.198,32.775],[-81.175,32.773],[-81.125,32.767],[-81.075,32.761],[-81.025,32.754],[-80.975,32.745],[-80.925,32.736],[-80.875,32.726],[-80.872,32.725],[-80.825,32.714],[-80.775,32.702],[-80.725,32.689],[-80.675,32.675],[-80.675,32.675],[-80.625,32.66],[-80.575,32.644],[-80.525,32.628],[-80.516,32.625],[-80.475,32.611],[-80.425,32.593],[-80.377,32.575],[-80.375,32.574],[-80.325,32.555],[-80.275,32.535],[-80.268,32.532]],[[-87.185,32.285],[-87.175,32.285],[-87.125,32.285],[-87.075,32.285],[-87.025,32.285],[-86.975,32.285],[-86.925,32.284],[-86.875,32.283]]]}},{"type":"Feature","properties":{"date":"2018-03-14","label":"14 Mar","yday":73,"tier":"day","major":false},"geometry":{"type":"MultiLineString","coordinates":[[[-94.457,31.443],[-94.425,31.45],[-94.375,31.462],[-94.325,31.473],[-94.315,31.475],[-94.275,31.484],[-94.225,31.494],[-94.175,31.504],[-94.125,31.514],[-94.075,31.524],[-94.067,31.525],[-94.025,31.533],[-93.975,31.541],[-93.925,31.55],[-93.875,31.558],[-93.825,31.565],[-93.775,31.572],[-93.754,31.575],[-93.729,31.579]],[[-92.713,31.663],[-92.675,31.666],[-92.625,31.67],[-92.575,31.674],[-92.564,31.675],[-92.525,31.679],[-92.475,31.684],[-92.425,31.689],[-92.375,31.695],[-92.325,31.701],[-92.275,31.708],[-92.225,31.715],[-92.175,31.722],[-92.154,31.725],[-92.125,31.729],[-92.075,31.737],[-92.025,31.745],[-91.975,31.753],[-91.925,31.761],[-91.875,31.769]],[[-90.921,31.929],[-90.875,31.936],[-90.825,31.943],[-90.775,31.951],[-90.725,31.958],[-90.675,31.965],[-90.625,31.972],[-90.605,31.975],[-90.575,31.979],[-90.525,31.986],[-90.475,31.993],[-90.425,31.999],[-90.375,32.006],[-90.325,32.012],[-90.275,32.019],[-90.225,32.025],[-90.225,32.025],[-90.175,32.031],[-90.125,32.038],[-90.075,32.044],[-90.025,32.051],[-89.975,32.057],[-89.925,32.064],[-89.875,32.071],[-89.843,32.075],[-89.825,32.078],[-89.775,32.085],[-89.725,32.092],[-89.675,32.099],[-89.625,32.106],[-89.575,32.114],[-89.525,32.122],[-89.504,32.125],[-89.479,32.129]],[[-89.47,32.13],[-89.425,32.137],[-89.375,32.145],[-89.325,32.154],[-89.275,32.162],[-89.225,32.17],[-89.195,32.175],[-89.175,32.178],[-89.125,32.187],[-89.075,32.195],[-89.025,32.204],[-88.975,32.212],[-88.925,32.221],[-88.899,32.225],[-88.875,32.229],[-88.825,32.237],[-88.775,32.246],[-88.725,32.254],[-88.675,32.262],[-88.625,32.27],[-88.596,32.275],[-88.575,32.278],[-88.525,32.286],[-88.475,32.294],[-88.425,32.301],[-88.375,32.309],[-88.325,32.316],[-88.275,32.323],[-88.258,32.325],[-88.225,32.329],[-88.175,32.336]],[[-85.714,32.364],[-85.675,32.365],[-85.625,32.367],[-85.575,32.37],[-85.525,32.372],[-85.477,32.375],[-85.475,32.375],[-85.425,32.378],[-85.375,32.381],[-85.325,32.385],[-85.275,32.388],[-85.225,32.392],[-85.175,32.395],[-85.125,32.399],[-85.075,32.402],[-85.025,32.406],[-84.975,32.409],[-84.925,32.412],[-84.875,32.415],[-84.825,32.418],[-84.775,32.421],[-84.725,32.423],[-84.687,32.425],[-84.675,32.426],[-84.625,32.428],[-84.575,32.43],[-84.525,32.433],[-84.475,32.435],[-84.425,32.438],[-84.375,32.441],[-84.325,32.443],[-84.275,32.446],[-84.225,32.45],[-84.175,32.453],[-84.125,32.456],[-84.075,32.46],[-84.025,32.464],[-83.975,32.468],[-83.925,32.473],[-83.899,32.475],[-83.875,32.477],[-83.825,32.482],[-83.775,32.487],[-83.725,32.493],[-83.675,32.498],[-83.625,32.504],[-83.575,32.51],[-83.525,32.517],[-83.475,32.524],[-83.466,32.525],[-83.425,32.531],[-83.375,32.538],[-83.325,32.546],[-83.275,32.554],[-83.225,32.562],[-83.175,32.571],[-83.153,32.575],[-83.125,32.58],[-83.075,32.589],[-83.025,32.6],[-82.975,32.61],[-82.925,32.622],[-82.911,32.625],[-82.875,32.634],[-82.825,32.646],[-82.775,32.658],[-82.725,32.671],[-82.707,32.675],[-82.675,32.683],[-82.625,32.695],[-82.575,32.707],[-82.525,32.72],[-82.502,32.725],[-82.475,32.731],[-82.425,32.743],[-82.375,32.754],[-82.325,32.765],[-82.279,32.775],[-82.275,32.776],[-82.225,32.786],[-82.175,32.796],[-82.125,32.805],[-82.075,32.815],[-82.025,32.823],[-82.016,32.825],[-81.975,32.832],[-81.925,32.839],[-81.875,32.847],[-81.825,32.854],[-81.775,32.86],[-81.725,32.865],[-81.675,32.87],[-81.625,32.875],[-81.62,32.875],[-81.575,32.878],[-81.525,32.881],[-81.475,32.883],[-81.425,32.884],[-81.375,32.884],[-81.325,32.884],[-81.275,32.883],[-81.225,32.88],[-81.175,32.877],[-81.15,32.875],[-81.125,32.873],[-81.075,32.868],[-81.025,32.861],[-80.975,32.854],[-80.925,32.846],[-80.875,32.836],[-80.825,32.826],[-80.82,32.825],[-80.775,32.815],[-80.725,32.803],[-80.675,32.79],[-80.625,32.776],[-80.62,32.775],[-80.575,32.762],[-80.525,32.747],[-80.475,32.731],[-80.455,32.725],[-80.425,32.715],[-80.375,32.698],[-80.325,32.68],[-80.312,32.675],[-80.275,32.661],[-80.225,32.642],[-80.182,32.625],[-80.175,32.622],[-80.142,32.608]],[[-87.252,32.398],[-87.225,32.398],[-87.175,32.398],[-87.125,32.398],[-87.075,32.397],[-87.025,32.396],[-86.975,32.395],[-86.925,32.394],[-86.893,32.393]]]}},{"type":"Feature","properties":{"date":"2018-03-15","label":"15 Mar","yday":74,"tier":"day","major":false},"geometry":{"type":"MultiLineString","coordinates":[[[-94.175,31.639],[-94.125,31.649],[-94.103,31.653]],[[-92.825,31.78],[-92.775,31.784],[-92.725,31.787],[-92.675,31.791],[-92.625,31.795],[-92.575,31.799],[-92.525,31.804],[-92.475,31.809],[-92.425,31.814],[-92.375,31.82],[-92.333,31.825],[-92.325,31.826],[-92.275,31.832],[-92.225,31.839],[-92.175,31.846],[-92.125,31.853],[-92.075,31.86],[-92.025,31.868],[-91.979,31.875],[-91.975,31.876],[-91.925,31.883],[-91.875,31.891]],[[-90.489,32.111],[-90.475,32.113],[-90.425,32.12],[-90.387,32.125],[-90.375,32.127],[-90.325,32.133],[-90.275,32.14],[-90.225,32.147],[-90.175,32.153],[-90.125,32.16],[-90.075,32.166],[-90.025,32.173],[-90.013,32.175],[-89.975,32.18],[-89.925,32.187],[-89.875,32.195],[-89.825,32.202],[-89.775,32.21],[-89.725,32.217],[-89.675,32.225],[-89.675,32.225],[-89.625,32.233],[-89.575,32.241]],[[-89.318,32.282],[-89.275,32.289],[-89.225,32.298],[-89.175,32.306],[-89.125,32.314],[-89.075,32.323],[-89.061,32.325],[-89.025,32.331],[-88.975,32.339],[-88.925,32.347],[-88.875,32.356],[-88.825,32.364],[-88.775,32.372],[-88.756,32.375],[-88.725,32.38],[-88.675,32.388],[-88.625,32.396],[-88.575,32.403],[-88.525,32.411],[-88.475,32.418],[-88.428,32.425],[-88.425,32.425],[-88.375,32.432],[-88.325,32.439],[-88.275,32.445],[-88.225,32.452],[-88.175,32.458]],[[-86.011,32.461],[-85.975,32.46],[-85.925,32.46],[-85.875,32.459],[-85.825,32.459],[-85.775,32.46],[-85.725,32.46],[-85.675,32.461],[-85.625,32.462],[-85.575,32.464],[-85.525,32.466],[-85.475,32.468],[-85.425,32.47],[-85.375,32.473],[-85.332,32.475],[-85.325,32.475],[-85.275,32.478],[-85.225,32.482],[-85.175,32.485],[-85.125,32.488],[-85.075,32.491],[-85.025,32.495],[-84.975,32.498],[-84.925,32.501],[-84.875,32.503],[-84.825,32.505],[-84.775,32.508],[-84.725,32.51],[-84.675,32.512],[-84.625,32.514],[-84.575,32.516],[-84.525,32.519],[-84.475,32.521],[-84.425,32.524],[-84.401,32.525],[-84.375,32.526],[-84.325,32.529],[-84.275,32.532],[-84.225,32.536],[-84.175,32.539],[-84.125,32.543],[-84.075,32.547],[-84.025,32.551],[-83.975,32.555],[-83.925,32.56],[-83.875,32.564],[-83.825,32.57],[-83.775,32.575],[-83.775,32.575],[-83.725,32.581],[-83.675,32.587],[-83.625,32.593],[-83.575,32.6],[-83.525,32.606],[-83.475,32.614],[-83.425,32.621],[-83.399,32.625],[-83.375,32.629],[-83.325,32.637],[-83.275,32.645],[-83.225,32.654],[-83.175,32.663],[-83.125,32.672],[-83.111,32.675],[-83.075,32.682],[-83.025,32.692],[-82.975,32.703],[-82.925,32.714],[-82.88,32.725],[-82.875,32.726],[-82.825,32.738],[-82.775,32.75],[-82.725,32.762],[-82.675,32.774],[-82.672,32.775],[-82.625,32.786],[-82.575,32.798],[-82.525,32.81],[-82.475,32.822],[-82.46,32.825],[-82.425,32.833],[-82.375,32.844],[-82.325,32.855],[-82.275,32.866],[-82.23,32.875],[-82.225,32.876],[-82.175,32.886],[-82.125,32.896],[-82.075,32.905],[-82.025,32.914],[-81.975,32.922],[-81.957,32.925],[-81.925,32.93],[-81.875,32.938],[-81.825,32.945],[-81.775,32.951],[-81.725,32.957],[-81.675,32.963],[-81.625,32.968],[-81.575,32.972],[-81.532,32.975],[-81.525,32.976],[-81.475,32.978],[-81.425,32.981],[-81.375,32.982],[-81.325,32.983],[-81.275,32.982],[-81.225,32.981],[-81.175,32.979],[-81.125,32.976],[-81.111,32.975],[-81.075,32.972],[-81.025,32.967],[-80.975,32.961],[-80.925,32.954],[-80.875,32.945],[-80.825,32.936],[-80.775,32.926],[-80.772,32.925],[-80.725,32.914],[-80.675,32.902],[-80.625,32.89],[-80.575,32.876],[-80.57,32.875],[-80.525,32.862],[-80.475,32.848],[-80.425,32.832],[-80.402,32.825],[-80.375,32.816],[-80.325,32.8],[-80.275,32.782],[-80.254,32.775],[-80.225,32.764],[-80.175,32.745],[-80.125,32.726],[-80.123,32.725],[-80.075,32.705],[-80.025,32.684],[-80.004,32.675],[-79.984,32.666]]]}},{"type":"Feature","properties":{"date":"2018-03-16","label":"16 Mar","yday":75,"tier":"index","major":true},"geometry":{"type":"MultiLineString","coordinates":[[[-92.948,31.898],[-92.925,31.9],[-92.875,31.903],[-92.825,31.906],[-92.775,31.909],[-92.725,31.912],[-92.675,31.916],[-92.625,31.92],[-92.575,31.924],[-92.566,31.925],[-92.525,31.929],[-92.475,31.934],[-92.425,31.939],[-92.375,31.944],[-92.325,31.95],[-92.275,31.956],[-92.225,31.963],[-92.175,31.97],[-92.135,31.975],[-92.125,31.976],[-92.075,31.984],[-92.025,31.991],[-91.995,31.995]],[[-89.94,32.31],[-89.925,32.312],[-89.875,32.32],[-89.84,32.325],[-89.825,32.327],[-89.775,32.335],[-89.725,32.343],[-89.675,32.351],[-89.625,32.359],[-89.575,32.367]],[[-89.166,32.434],[-89.125,32.441],[-89.075,32.449],[-89.025,32.457],[-88.975,32.465],[-88.925,32.473],[-88.915,32.475],[-88.875,32.481],[-88.825,32.489],[-88.775,32.497],[-88.725,32.505],[-88.675,32.512],[-88.625,32.52],[-88.59,32.525],[-88.575,32.527],[-88.525,32.534],[-88.475,32.541],[-88.425,32.548],[-88.375,32.554],[-88.325,32.561],[-88.275,32.567],[-88.268,32.568]],[[-86.219,32.569],[-86.175,32.566],[-86.125,32.564],[-86.075,32.562],[-86.025,32.56],[-85.975,32.559],[-85.925,32.557],[-85.875,32.556],[-85.825,32.556],[-85.775,32.555],[-85.725,32.555],[-85.675,32.555],[-85.625,32.556],[-85.575,32.556],[-85.525,32.557],[-85.475,32.559],[-85.425,32.56],[-85.375,32.562],[-85.325,32.564],[-85.275,32.567],[-85.225,32.57],[-85.175,32.573],[-85.132,32.575],[-85.125,32.575],[-85.075,32.578],[-85.025,32.581],[-84.975,32.584],[-84.925,32.586],[-84.875,32.588],[-84.825,32.59],[-84.775,32.592],[-84.725,32.594],[-84.675,32.596],[-84.625,32.598],[-84.575,32.6],[-84.525,32.602],[-84.475,32.605],[-84.425,32.607],[-84.375,32.61],[-84.325,32.613],[-84.275,32.616],[-84.225,32.62],[-84.175,32.623],[-84.153,32.625],[-84.125,32.627],[-84.075,32.631],[-84.025,32.635],[-83.975,32.64],[-83.925,32.645],[-83.875,32.65],[-83.825,32.655],[-83.775,32.661],[-83.725,32.667],[-83.675,32.674],[-83.664,32.675],[-83.625,32.68],[-83.575,32.687],[-83.525,32.694],[-83.475,32.702],[-83.425,32.71],[-83.375,32.718],[-83.333,32.725],[-83.325,32.726],[-83.275,32.735],[-83.225,32.744],[-83.175,32.753],[-83.125,32.763],[-83.075,32.773],[-83.067,32.775],[-83.025,32.784],[-82.975,32.795],[-82.925,32.806],[-82.875,32.817],[-82.841,32.825],[-82.825,32.829],[-82.775,32.84],[-82.725,32.852],[-82.675,32.864],[-82.628,32.875],[-82.625,32.876],[-82.575,32.887],[-82.525,32.899],[-82.475,32.91],[-82.425,32.921],[-82.409,32.925],[-82.375,32.932],[-82.325,32.943],[-82.275,32.954],[-82.225,32.964],[-82.175,32.974],[-82.17,32.975],[-82.125,32.984],[-82.075,32.993],[-82.025,33.002],[-81.975,33.011],[-81.925,33.019],[-81.886,33.025],[-81.875,33.027],[-81.825,33.034],[-81.775,33.041],[-81.725,33.047],[-81.675,33.053],[-81.625,33.059],[-81.575,33.064],[-81.525,33.068],[-81.475,33.072],[-81.428,33.075],[-81.425,33.075],[-81.375,33.078],[-81.325,33.079],[-81.275,33.08],[-81.225,33.081],[-81.175,33.08],[-81.125,33.078],[-81.075,33.075],[-81.071,33.075],[-81.025,33.071],[-80.975,33.067],[-80.925,33.06],[-80.875,33.053],[-80.825,33.045],[-80.775,33.036],[-80.725,33.025],[-80.724,33.025],[-80.675,33.014],[-80.625,33.002],[-80.575,32.989],[-80.525,32.976],[-80.523,32.975],[-80.475,32.961],[-80.425,32.947],[-80.375,32.931],[-80.355,32.925],[-80.325,32.915],[-80.275,32.899],[-80.225,32.882],[-80.205,32.875],[-80.175,32.864],[-80.125,32.846],[-80.075,32.826],[-80.072,32.825],[-80.025,32.806],[-79.975,32.784]],[[-86.804,32.604],[-86.775,32.602],[-86.725,32.599],[-86.675,32.596],[-86.625,32.593],[-86.575,32.59],[-86.525,32.587],[-86.475,32.584],[-86.425,32.58],[-86.375,32.577],[-86.336,32.575]]]}},{"type":"Feature","properties":{"date":"2018-03-17","label":"17 Mar","yday":76,"tier":"day","major":false},"geometry":{"type":"MultiLineString","coordinates":[[[-93.02,32.02],[-92.975,32.023],[-92.932,32.025],[-92.925,32.025],[-92.875,32.028],[-92.825,32.031],[-92.775,32.034],[-92.725,32.037],[-92.675,32.041],[-92.625,32.045],[-92.575,32.049],[-92.525,32.053],[-92.475,32.058],[-92.425,32.063],[-92.375,32.069],[-92.325,32.074],[-92.32,32.075],[-92.275,32.08],[-92.225,32.087],[-92.175,32.093],[-92.125,32.1],[-92.075,32.107],[-92.025,32.114]],[[-88.898,32.602],[-88.875,32.606],[-88.825,32.613],[-88.775,32.621],[-88.748,32.625],[-88.725,32.628],[-88.675,32.636],[-88.625,32.643],[-88.575,32.65],[-88.525,32.656],[-88.475,32.663],[-88.425,32.669],[-88.376,32.675],[-88.375,32.675]],[[-87.525,32.734],[-87.475,32.734],[-87.425,32.734],[-87.375,32.734],[-87.325,32.733],[-87.275,32.732],[-87.225,32.731],[-87.175,32.729],[-87.125,32.727],[-87.079,32.725],[-87.075,32.725],[-87.025,32.722],[-86.975,32.72],[-86.925,32.717],[-86.875,32.714],[-86.825,32.711],[-86.775,32.707],[-86.725,32.704],[-86.675,32.7],[-86.625,32.697],[-86.575,32.693],[-86.525,32.69],[-86.475,32.686],[-86.425,32.682],[-86.375,32.679],[-86.325,32.675],[-86.318,32.675],[-86.275,32.672],[-86.225,32.669],[-86.175,32.666],[-86.125,32.663],[-86.075,32.661],[-86.025,32.658],[-85.975,32.656],[-85.925,32.654],[-85.875,32.652],[-85.825,32.651],[-85.775,32.65],[-85.725,32.649],[-85.675,32.648],[-85.625,32.648],[-85.575,32.648],[-85.525,32.648],[-85.475,32.649],[-85.425,32.649],[-85.375,32.651],[-85.325,32.652],[-85.275,32.654],[-85.225,32.656],[-85.175,32.659],[-85.125,32.661],[-85.075,32.663],[-85.025,32.665],[-84.975,32.667],[-84.925,32.669],[-84.875,32.671],[-84.825,32.673],[-84.775,32.675],[-84.772,32.675],[-84.725,32.677],[-84.675,32.678],[-84.625,32.68],[-84.575,32.682],[-84.525,32.685],[-84.475,32.687],[-84.425,32.69],[-84.375,32.692],[-84.325,32.695],[-84.275,32.699],[-84.225,32.702],[-84.175,32.706],[-84.125,32.71],[-84.075,32.714],[-84.025,32.719],[-83.975,32.724],[-83.963,32.725],[-83.925,32.729],[-83.875,32.734],[-83.825,32.74],[-83.775,32.746],[-83.725,32.752],[-83.675,32.759],[-83.625,32.766],[-83.575,32.774],[-83.566,32.775],[-83.525,32.781],[-83.475,32.789],[-83.425,32.797],[-83.375,32.806],[-83.325,32.815],[-83.275,32.824],[-83.269,32.825],[-83.225,32.833],[-83.175,32.843],[-83.125,32.853],[-83.075,32.863],[-83.025,32.874],[-83.018,32.875],[-82.975,32.884],[-82.925,32.895],[-82.875,32.906],[-82.825,32.918],[-82.793,32.925],[-82.775,32.929],[-82.725,32.94],[-82.675,32.952],[-82.625,32.963],[-82.575,32.975],[-82.574,32.975],[-82.525,32.986],[-82.475,32.997],[-82.425,33.008],[-82.375,33.019],[-82.347,33.025],[-82.325,33.03],[-82.275,33.04],[-82.225,33.05],[-82.175,33.06],[-82.125,33.07],[-82.099,33.075],[-82.075,33.079],[-82.025,33.089],[-81.975,33.097],[-81.925,33.106],[-81.875,33.114],[-81.825,33.122],[-81.802,33.125],[-81.775,33.129],[-81.725,33.136],[-81.675,33.142],[-81.625,33.148],[-81.575,33.154],[-81.525,33.159],[-81.475,33.164],[-81.425,33.168],[-81.375,33.172],[-81.325,33.175],[-81.325,33.175],[-81.275,33.177],[-81.225,33.179],[-81.175,33.179],[-81.125,33.179],[-81.075,33.178],[-81.025,33.175],[-81.023,33.175],[-80.975,33.172],[-80.925,33.167],[-80.875,33.161],[-80.825,33.154],[-80.775,33.145],[-80.725,33.136],[-80.675,33.125],[-80.674,33.125],[-80.625,33.114],[-80.575,33.101],[-80.525,33.088],[-80.478,33.075],[-80.475,33.074],[-80.425,33.059],[-80.375,33.044],[-80.325,33.028],[-80.315,33.025],[-80.275,33.012],[-80.225,32.995],[-80.175,32.978],[-80.167,32.975],[-80.125,32.96],[-80.075,32.941],[-80.032,32.925],[-80.025,32.922],[-79.975,32.901],[-79.925,32.88],[-79.913,32.875],[-79.875,32.858],[-79.825,32.836],[-79.8,32.825],[-79.783,32.817]]]}},{"type":"Feature","properties":{"date":"2018-03-18","label":"18 Mar","yday":77,"tier":"day","major":false},"geometry":{"type":"MultiLineString","coordinates":[[[-93.025,32.147],[-92.975,32.149],[-92.925,32.151],[-92.875,32.154],[-92.825,32.156],[-92.775,32.159],[-92.725,32.162],[-92.675,32.166],[-92.625,32.169],[-92.575,32.173],[-92.557,32.175],[-92.525,32.178],[-92.475,32.182],[-92.425,32.187],[-92.375,32.193],[-92.325,32.199],[-92.275,32.205],[-92.225,32.211],[-92.175,32.217],[-92.125,32.224],[-92.124,32.224]],[[-87.575,32.846],[-87.525,32.846],[-87.475,32.845],[-87.425,32.845],[-87.375,32.844],[-87.325,32.843],[-87.275,32.841],[-87.225,32.839],[-87.175,32.837],[-87.125,32.835],[-87.075,32.832],[-87.025,32.829],[-86.975,32.826],[-86.963,32.825],[-86.925,32.822],[-86.875,32.819],[-86.825,32.815],[-86.775,32.812],[-86.725,32.808],[-86.675,32.804],[-86.625,32.8],[-86.575,32.796],[-86.525,32.792],[-86.475,32.787],[-86.425,32.783],[-86.375,32.779],[-86.325,32.775],[-86.319,32.775],[-86.275,32.772],[-86.225,32.768],[-86.175,32.764],[-86.125,32.761],[-86.075,32.758],[-86.025,32.755],[-85.975,32.752],[-85.925,32.749],[-85.875,32.747],[-85.825,32.745],[-85.775,32.743],[-85.725,32.741],[-85.675,32.74],[-85.625,32.739],[-85.575,32.738],[-85.525,32.738],[-85.475,32.738],[-85.425,32.738],[-85.375,32.739],[-85.325,32.74],[-85.275,32.741],[-85.225,32.742],[-85.175,32.743],[-85.125,32.745],[-85.075,32.746],[-85.025,32.748],[-84.975,32.75],[-84.925,32.751],[-84.875,32.753],[-84.825,32.754],[-84.775,32.756],[-84.725,32.758],[-84.675,32.759],[-84.625,32.761],[-84.575,32.763],[-84.525,32.765],[-84.475,32.768],[-84.425,32.77],[-84.375,32.773],[-84.348,32.775],[-84.325,32.776],[-84.275,32.78],[-84.225,32.783],[-84.175,32.787],[-84.125,32.792],[-84.075,32.796],[-84.025,32.801],[-83.975,32.806],[-83.925,32.811],[-83.875,32.817],[-83.825,32.823],[-83.812,32.825],[-83.775,32.83],[-83.725,32.836],[-83.675,32.844],[-83.625,32.851],[-83.575,32.859],[-83.525,32.867],[-83.476,32.875],[-83.475,32.875],[-83.425,32.884],[-83.375,32.893],[-83.325,32.902],[-83.275,32.911],[-83.225,32.921],[-83.205,32.925],[-83.175,32.931],[-83.125,32.941],[-83.075,32.951],[-83.025,32.962],[-82.975,32.972],[-82.962,32.975],[-82.925,32.983],[-82.875,32.994],[-82.825,33.005],[-82.775,33.016],[-82.734,33.025],[-82.725,33.027],[-82.675,33.038],[-82.625,33.049],[-82.575,33.06],[-82.525,33.071],[-82.509,33.075],[-82.475,33.082],[-82.425,33.093],[-82.375,33.104],[-82.325,33.115],[-82.275,33.125],[-82.275,33.125],[-82.225,33.135],[-82.175,33.145],[-82.125,33.155],[-82.075,33.164],[-82.025,33.174],[-82.018,33.175],[-81.975,33.183],[-81.925,33.191],[-81.875,33.2],[-81.825,33.208],[-81.775,33.215],[-81.725,33.223],[-81.709,33.225],[-81.675,33.23],[-81.625,33.237],[-81.575,33.243],[-81.525,33.249],[-81.475,33.255],[-81.425,33.26],[-81.375,33.265],[-81.325,33.27],[-81.275,33.273],[-81.243,33.275],[-81.225,33.276],[-81.175,33.278],[-81.125,33.279],[-81.075,33.279],[-81.025,33.278],[-80.975,33.276],[-80.959,33.275],[-80.925,33.273],[-80.875,33.268],[-80.825,33.262],[-80.775,33.255],[-80.725,33.246],[-80.675,33.236],[-80.625,33.225],[-80.624,33.225],[-80.575,33.213],[-80.525,33.2],[-80.475,33.186],[-80.436,33.175],[-80.425,33.172],[-80.375,33.156],[-80.325,33.14],[-80.28,33.125],[-80.275,33.123],[-80.225,33.106],[-80.175,33.088],[-80.139,33.075],[-80.125,33.07],[-80.075,33.051],[-80.025,33.032],[-80.006,33.025],[-79.975,33.013],[-79.925,32.992],[-79.883,32.975],[-79.875,32.971],[-79.825,32.95],[-79.775,32.929],[-79.767,32.925],[-79.725,32.907],[-79.675,32.886],[-79.668,32.882]]]}},{"type":"Feature","properties":{"date":"2018-03-19","label":"19 Mar","yday":78,"tier":"day","major":false},"geometry":{"type":"MultiLineString","coordinates":[[[-93.072,32.272],[-93.025,32.274],[-92.99,32.275],[-92.975,32.276],[-92.925,32.278],[-92.875,32.28],[-92.832,32.282]],[[-92.55,32.3],[-92.525,32.302],[-92.475,32.307],[-92.425,32.312],[-92.375,32.317],[-92.368,32.318]],[[-87.575,32.957],[-87.525,32.956],[-87.475,32.956],[-87.425,32.954],[-87.375,32.953],[-87.325,32.951],[-87.275,32.949],[-87.225,32.947],[-87.175,32.944],[-87.125,32.941],[-87.075,32.938],[-87.025,32.934],[-86.975,32.931],[-86.925,32.927],[-86.899,32.925],[-86.875,32.923],[-86.825,32.919],[-86.775,32.915],[-86.725,32.91],[-86.675,32.906],[-86.625,32.902],[-86.575,32.897],[-86.525,32.892],[-86.475,32.888],[-86.425,32.883],[-86.375,32.879],[-86.331,32.875],[-86.325,32.874],[-86.275,32.87],[-86.225,32.866],[-86.175,32.862],[-86.125,32.858],[-86.075,32.854],[-86.025,32.85],[-85.975,32.847],[-85.925,32.844],[-85.875,32.841],[-85.825,32.838],[-85.775,32.836],[-85.725,32.833],[-85.675,32.831],[-85.625,32.83],[-85.575,32.828],[-85.525,32.827],[-85.475,32.826],[-85.425,32.826],[-85.375,32.826],[-85.325,32.826],[-85.275,32.826],[-85.225,32.827],[-85.175,32.827],[-85.125,32.828],[-85.075,32.829],[-85.025,32.83],[-84.975,32.831],[-84.925,32.832],[-84.875,32.833],[-84.825,32.835],[-84.775,32.836],[-84.725,32.837],[-84.675,32.839],[-84.625,32.841],[-84.575,32.843],[-84.525,32.845],[-84.475,32.847],[-84.425,32.85],[-84.375,32.853],[-84.325,32.856],[-84.275,32.86],[-84.225,32.863],[-84.175,32.868],[-84.125,32.872],[-84.093,32.875],[-84.075,32.877],[-84.025,32.882],[-83.975,32.887],[-83.925,32.893],[-83.875,32.899],[-83.825,32.905],[-83.775,32.912],[-83.764,32.914]],[[-83.554,32.946],[-83.525,32.951],[-83.475,32.96],[-83.425,32.969],[-83.393,32.975],[-83.375,32.978],[-83.325,32.988],[-83.275,32.997],[-83.225,33.007],[-83.175,33.017],[-83.137,33.025],[-83.125,33.027],[-83.075,33.038],[-83.025,33.048],[-82.975,33.058],[-82.925,33.069],[-82.896,33.075],[-82.875,33.079],[-82.825,33.09],[-82.775,33.101],[-82.725,33.112],[-82.675,33.123],[-82.665,33.125],[-82.625,33.134],[-82.575,33.145],[-82.525,33.155],[-82.475,33.166],[-82.434,33.175],[-82.425,33.177],[-82.375,33.188],[-82.325,33.198],[-82.275,33.208],[-82.225,33.219],[-82.193,33.225],[-82.175,33.229],[-82.125,33.238],[-82.075,33.248],[-82.025,33.258],[-81.975,33.267],[-81.928,33.275],[-81.925,33.276],[-81.875,33.284],[-81.825,33.292],[-81.775,33.3],[-81.725,33.308],[-81.675,33.316],[-81.625,33.323],[-81.614,33.325],[-81.575,33.331],[-81.525,33.338],[-81.475,33.345],[-81.425,33.351],[-81.375,33.358],[-81.325,33.363],[-81.275,33.368],[-81.225,33.373],[-81.191,33.375],[-81.175,33.376],[-81.125,33.379],[-81.075,33.38],[-81.025,33.381],[-80.975,33.38],[-80.925,33.378],[-80.88,33.375],[-80.875,33.375],[-80.825,33.37],[-80.775,33.364],[-80.725,33.356],[-80.675,33.347],[-80.625,33.337],[-80.575,33.325],[-80.575,33.325],[-80.525,33.312],[-80.475,33.299],[-80.425,33.284],[-80.396,33.275],[-80.375,33.269],[-80.325,33.252],[-80.275,33.235],[-80.247,33.225],[-80.225,33.217],[-80.175,33.199],[-80.125,33.18],[-80.112,33.175],[-80.075,33.161],[-80.025,33.142],[-79.983,33.125],[-79.975,33.122],[-79.925,33.102],[-79.875,33.082],[-79.858,33.075],[-79.825,33.061],[-79.775,33.04],[-79.738,33.025],[-79.725,33.019],[-79.675,32.998],[-79.625,32.978],[-79.623,32.977]]]}},{"type":"Feature","properties":{"date":"2018-03-20","label":"20 Mar","yday":79,"tier":"day","major":false},"geometry":{"type":"MultiLineString","coordinates":[[[-89.675,32.855],[-89.625,32.863],[-89.575,32.871],[-89.547,32.875],[-89.525,32.878]],[[-84.096,32.954],[-84.075,32.956],[-84.025,32.962],[-83.975,32.967],[-83.925,32.973],[-83.912,32.975],[-83.875,32.98],[-83.835,32.985]],[[-87.534,33.066],[-87.525,33.066],[-87.475,33.064],[-87.425,33.063],[-87.375,33.061],[-87.325,33.058],[-87.275,33.056],[-87.225,33.053],[-87.175,33.05],[-87.125,33.046],[-87.075,33.043],[-87.025,33.039],[-86.975,33.035],[-86.925,33.031],[-86.875,33.026],[-86.859,33.025],[-86.825,33.022],[-86.775,33.017],[-86.725,33.012],[-86.675,33.008],[-86.625,33.003],[-86.575,32.998],[-86.525,32.993],[-86.475,32.988],[-86.425,32.983],[-86.375,32.978],[-86.348,32.975],[-86.325,32.973],[-86.275,32.968],[-86.225,32.963],[-86.175,32.958],[-86.125,32.954],[-86.075,32.949],[-86.025,32.945],[-85.975,32.941],[-85.925,32.937],[-85.875,32.934],[-85.825,32.93],[-85.775,32.927],[-85.736,32.925],[-85.725,32.924],[-85.675,32.922],[-85.625,32.919],[-85.575,32.917],[-85.525,32.916],[-85.475,32.914],[-85.425,32.913],[-85.375,32.912],[-85.325,32.911],[-85.275,32.911],[-85.225,32.911],[-85.175,32.91],[-85.125,32.911],[-85.075,32.911],[-85.025,32.911],[-84.975,32.912],[-84.925,32.913],[-84.875,32.913],[-84.825,32.914],[-84.775,32.915],[-84.725,32.917],[-84.675,32.918],[-84.625,32.92],[-84.575,32.921],[-84.525,32.924],[-84.495,32.925],[-84.475,32.926],[-84.425,32.929],[-84.375,32.932],[-84.325,32.935],[-84.275,32.938],[-84.225,32.942],[-84.195,32.945]],[[-83.425,33.053],[-83.375,33.062],[-83.325,33.072],[-83.311,33.075],[-83.275,33.082],[-83.225,33.092],[-83.175,33.102],[-83.125,33.112],[-83.075,33.122],[-83.061,33.125],[-83.025,33.132],[-82.975,33.143],[-82.925,33.153],[-82.875,33.163],[-82.825,33.174],[-82.82,33.175],[-82.775,33.185],[-82.725,33.195],[-82.675,33.206],[-82.625,33.217],[-82.586,33.225],[-82.575,33.227],[-82.525,33.238],[-82.475,33.249],[-82.425,33.259],[-82.375,33.27],[-82.35,33.275],[-82.325,33.28],[-82.275,33.291],[-82.225,33.301],[-82.175,33.311],[-82.125,33.321],[-82.103,33.325],[-82.075,33.331],[-82.025,33.34],[-81.975,33.349],[-81.925,33.358],[-81.875,33.367],[-81.828,33.375],[-81.825,33.376],[-81.775,33.384],[-81.725,33.392],[-81.675,33.401],[-81.625,33.409],[-81.575,33.417],[-81.528,33.425],[-81.525,33.426],[-81.475,33.434],[-81.425,33.441],[-81.375,33.449],[-81.325,33.456],[-81.275,33.463],[-81.225,33.469],[-81.175,33.474],[-81.158,33.475],[-81.125,33.478],[-81.075,33.481],[-81.025,33.483],[-80.975,33.483],[-80.925,33.483],[-80.875,33.481],[-80.825,33.477],[-80.806,33.475],[-80.775,33.472],[-80.725,33.465],[-80.675,33.457],[-80.625,33.448],[-80.575,33.437],[-80.526,33.425],[-80.525,33.425],[-80.475,33.412],[-80.425,33.397],[-80.375,33.382],[-80.354,33.375],[-80.325,33.366],[-80.275,33.349],[-80.225,33.331],[-80.21,33.325],[-80.175,33.312],[-80.125,33.293],[-80.079,33.275],[-80.075,33.273],[-80.025,33.253],[-79.975,33.233],[-79.954,33.225],[-79.925,33.213],[-79.875,33.193],[-79.83,33.175],[-79.825,33.173],[-79.775,33.152],[-79.725,33.131],[-79.71,33.125],[-79.675,33.111],[-79.625,33.09],[-79.589,33.075],[-79.575,33.069],[-79.543,33.057]],[[-79.483,33.033],[-79.475,33.03],[-79.463,33.025]]]}},{"type":"Feature","properties":{"date":"2018-03-21","label":"21 Mar","yday":80,"tier":"five","major":false},"geometry":{"type":"MultiLineString","coordinates":[[[-89.669,32.981],[-89.625,32.988],[-89.575,32.995],[-89.525,33.003]],[[-87.825,33.173],[-87.775,33.174],[-87.725,33.175],[-87.71,33.175],[-87.675,33.175],[-87.625,33.175],[-87.621,33.175],[-87.576,33.174]],[[-87.574,33.174],[-87.525,33.173],[-87.475,33.171],[-87.425,33.169],[-87.375,33.167],[-87.325,33.164],[-87.275,33.161],[-87.225,33.158],[-87.175,33.155],[-87.125,33.151],[-87.075,33.147],[-87.025,33.143],[-86.975,33.138],[-86.925,33.134],[-86.875,33.129],[-86.834,33.125],[-86.825,33.124],[-86.775,33.119],[-86.725,33.114],[-86.675,33.109],[-86.625,33.103],[-86.575,33.098],[-86.525,33.092],[-86.475,33.087],[-86.425,33.081],[-86.375,33.076],[-86.367,33.075],[-86.325,33.07],[-86.275,33.065],[-86.225,33.06],[-86.175,33.054],[-86.125,33.049],[-86.075,33.044],[-86.025,33.04],[-85.975,33.035],[-85.925,33.03],[-85.875,33.026],[-85.86,33.025],[-85.825,33.022],[-85.775,33.018],[-85.725,33.015],[-85.675,33.012],[-85.625,33.009],[-85.575,33.006],[-85.525,33.003],[-85.475,33.001],[-85.425,32.999],[-85.375,32.997],[-85.325,32.996],[-85.275,32.995],[-85.225,32.994],[-85.175,32.993],[-85.125,32.993],[-85.075,32.992],[-85.025,32.992],[-84.975,32.992],[-84.925,32.992],[-84.875,32.993],[-84.825,32.993],[-84.775,32.994],[-84.725,32.995],[-84.675,32.996],[-84.625,32.998],[-84.575,32.999],[-84.525,33.001],[-84.475,33.004],[-84.425,33.006],[-84.375,33.009],[-84.325,33.013],[-84.275,33.016],[-84.267,33.017]],[[-83.425,33.135],[-83.375,33.145],[-83.325,33.155],[-83.275,33.165],[-83.226,33.175],[-83.225,33.175],[-83.175,33.185],[-83.125,33.195],[-83.075,33.205],[-83.025,33.215],[-82.977,33.225],[-82.975,33.225],[-82.925,33.236],[-82.875,33.246],[-82.825,33.256],[-82.775,33.267],[-82.736,33.275],[-82.725,33.277],[-82.675,33.288],[-82.625,33.298],[-82.575,33.309],[-82.525,33.32],[-82.499,33.325],[-82.475,33.33],[-82.425,33.341],[-82.375,33.351],[-82.325,33.361],[-82.275,33.372],[-82.259,33.375],[-82.225,33.382],[-82.175,33.392],[-82.125,33.402],[-82.075,33.412],[-82.025,33.421],[-82.005,33.425],[-81.975,33.431],[-81.925,33.44],[-81.875,33.449],[-81.825,33.458],[-81.775,33.466],[-81.727,33.475],[-81.725,33.475],[-81.675,33.484],[-81.625,33.494],[-81.575,33.503],[-81.525,33.512],[-81.475,33.522],[-81.458,33.525],[-81.425,33.531],[-81.375,33.54],[-81.325,33.549],[-81.275,33.557],[-81.225,33.564],[-81.175,33.571],[-81.135,33.575],[-81.125,33.576],[-81.075,33.581],[-81.025,33.584],[-80.975,33.586],[-80.925,33.586],[-80.875,33.585],[-80.825,33.583],[-80.775,33.579],[-80.742,33.575],[-80.725,33.573],[-80.675,33.566],[-80.625,33.558],[-80.575,33.548],[-80.525,33.537],[-80.477,33.525],[-80.475,33.525],[-80.425,33.511],[-80.375,33.496],[-80.325,33.48],[-80.309,33.475],[-80.275,33.464],[-80.225,33.446],[-80.175,33.427],[-80.168,33.425],[-80.125,33.408],[-80.075,33.389],[-80.04,33.375],[-80.025,33.369],[-79.975,33.349],[-79.925,33.328],[-79.917,33.325],[-79.875,33.308],[-79.825,33.287],[-79.796,33.275],[-79.775,33.266],[-79.725,33.245],[-79.676,33.225],[-79.675,33.224],[-79.625,33.204],[-79.575,33.183],[-79.555,33.175],[-79.525,33.163],[-79.475,33.143],[-79.427,33.125],[-79.425,33.124],[-79.375,33.106],[-79.352,33.098]]]}},{"type":"Feature","properties":{"date":"2018-03-22","label":"22 Mar","yday":81,"tier":"day","major":false},"geometry":{"type":"MultiLineString","coordinates":[[[-83.425,33.216],[-83.382,33.225],[-83.375,33.226],[-83.325,33.236],[-83.275,33.246],[-83.225,33.256],[-83.175,33.266],[-83.132,33.275],[-83.125,33.276],[-83.075,33.286],[-83.025,33.297],[-82.975,33.307],[-82.925,33.317],[-82.886,33.325],[-82.875,33.327],[-82.825,33.338],[-82.775,33.348],[-82.725,33.358],[-82.675,33.369],[-82.645,33.375]],[[-87.669,33.281],[-87.625,33.281],[-87.575,33.28],[-87.525,33.278],[-87.475,33.276],[-87.445,33.275],[-87.425,33.274],[-87.375,33.271],[-87.325,33.269],[-87.275,33.265],[-87.225,33.262],[-87.175,33.258],[-87.125,33.254],[-87.075,33.25],[-87.025,33.246],[-86.975,33.241],[-86.925,33.236],[-86.875,33.231],[-86.825,33.226],[-86.818,33.225],[-86.775,33.22],[-86.725,33.215],[-86.675,33.209],[-86.625,33.203],[-86.575,33.198],[-86.525,33.192],[-86.475,33.186],[-86.425,33.18],[-86.386,33.175],[-86.375,33.174],[-86.325,33.168],[-86.275,33.162],[-86.225,33.156],[-86.175,33.15],[-86.125,33.144],[-86.075,33.139],[-86.025,33.133],[-85.975,33.128],[-85.945,33.125],[-85.925,33.123],[-85.875,33.118],[-85.825,33.113],[-85.775,33.109],[-85.725,33.105],[-85.675,33.101],[-85.625,33.097],[-85.575,33.094],[-85.525,33.091],[-85.475,33.088],[-85.425,33.085],[-85.375,33.083],[-85.325,33.081],[-85.275,33.079],[-85.225,33.077],[-85.175,33.076],[-85.15,33.075],[-85.125,33.074],[-85.075,33.073],[-85.025,33.073],[-84.975,33.072],[-84.925,33.072],[-84.875,33.072],[-84.825,33.072],[-84.775,33.072],[-84.725,33.073],[-84.675,33.074],[-84.63,33.075],[-84.625,33.075],[-84.575,33.077],[-84.525,33.079],[-84.475,33.081],[-84.425,33.084],[-84.386,33.086]],[[-82.556,33.394],[-82.525,33.4],[-82.475,33.411],[-82.425,33.421],[-82.406,33.425],[-82.375,33.431],[-82.325,33.442],[-82.275,33.452],[-82.225,33.462],[-82.175,33.472],[-82.161,33.475],[-82.125,33.482],[-82.075,33.492],[-82.025,33.502],[-81.975,33.511],[-81.925,33.52],[-81.9,33.525],[-81.875,33.53],[-81.825,33.539],[-81.775,33.548],[-81.725,33.558],[-81.675,33.568],[-81.638,33.575],[-81.625,33.578],[-81.575,33.588],[-81.525,33.599],[-81.475,33.61],[-81.425,33.62],[-81.403,33.625],[-81.375,33.631],[-81.325,33.641],[-81.275,33.65],[-81.225,33.659],[-81.175,33.667],[-81.125,33.674],[-81.113,33.675],[-81.075,33.679],[-81.025,33.684],[-80.975,33.687],[-80.925,33.688],[-80.875,33.688],[-80.825,33.687],[-80.775,33.684],[-80.725,33.68],[-80.685,33.675],[-80.675,33.674],[-80.625,33.667],[-80.575,33.658],[-80.525,33.648],[-80.475,33.637],[-80.426,33.625],[-80.425,33.625],[-80.375,33.611],[-80.325,33.596],[-80.275,33.58],[-80.26,33.575],[-80.225,33.563],[-80.175,33.545],[-80.125,33.526],[-80.122,33.525],[-80.075,33.507],[-80.025,33.487],[-79.995,33.475],[-79.975,33.467],[-79.925,33.447],[-79.875,33.426],[-79.873,33.425],[-79.825,33.405],[-79.775,33.384],[-79.753,33.375],[-79.725,33.363],[-79.675,33.342],[-79.634,33.325],[-79.625,33.321],[-79.575,33.301],[-79.525,33.28],[-79.513,33.275],[-79.475,33.26],[-79.425,33.24],[-79.384,33.225],[-79.375,33.222],[-79.325,33.204],[-79.275,33.187],[-79.237,33.175]]]}},{"type":"Feature","properties":{"date":"2018-03-23","label":"23 Mar","yday":82,"tier":"day","major":false},"geometry":{"type":"MultiLineString","coordinates":[[[-83.336,33.314],[-83.325,33.316],[-83.282,33.325]],[[-83.148,33.352],[-83.125,33.357],[-83.075,33.367],[-83.035,33.375]],[[-87.625,33.385],[-87.575,33.383],[-87.525,33.382],[-87.475,33.38],[-87.425,33.377],[-87.386,33.375],[-87.375,33.374],[-87.325,33.371],[-87.275,33.368],[-87.225,33.364],[-87.175,33.361],[-87.125,33.356],[-87.075,33.352],[-87.025,33.348],[-86.975,33.343],[-86.925,33.338],[-86.875,33.332],[-86.825,33.327],[-86.807,33.325],[-86.775,33.321],[-86.725,33.315],[-86.675,33.309],[-86.625,33.303],[-86.575,33.297],[-86.525,33.291],[-86.475,33.284],[-86.425,33.278],[-86.405,33.275],[-86.375,33.271],[-86.325,33.265],[-86.275,33.258],[-86.225,33.252],[-86.175,33.245],[-86.125,33.239],[-86.075,33.233],[-86.025,33.227],[-86.01,33.225],[-85.975,33.221],[-85.925,33.215],[-85.875,33.21],[-85.825,33.205],[-85.775,33.199],[-85.725,33.195],[-85.675,33.19],[-85.625,33.186],[-85.575,33.182],[-85.525,33.178],[-85.487,33.175],[-85.475,33.174],[-85.425,33.171],[-85.375,33.168],[-85.325,33.165],[-85.275,33.162],[-85.225,33.16],[-85.175,33.158],[-85.125,33.156],[-85.075,33.154],[-85.025,33.153],[-84.975,33.152],[-84.925,33.151],[-84.875,33.151],[-84.825,33.15],[-84.8,33.15]],[[-82.456,33.494],[-82.425,33.501],[-82.375,33.511],[-82.325,33.521],[-82.307,33.525],[-82.275,33.531],[-82.225,33.542],[-82.175,33.552],[-82.125,33.562],[-82.075,33.572],[-82.058,33.575],[-82.025,33.581],[-81.975,33.591],[-81.925,33.601],[-81.875,33.611],[-81.825,33.62],[-81.801,33.625],[-81.775,33.63],[-81.725,33.64],[-81.675,33.651],[-81.625,33.662],[-81.575,33.674],[-81.57,33.675],[-81.525,33.686],[-81.475,33.698],[-81.425,33.71],[-81.375,33.721],[-81.357,33.725],[-81.325,33.732],[-81.275,33.743],[-81.225,33.753],[-81.175,33.762],[-81.125,33.77],[-81.088,33.775],[-81.075,33.777],[-81.025,33.782],[-80.975,33.786],[-80.925,33.788],[-80.875,33.789],[-80.825,33.789],[-80.775,33.787],[-80.725,33.784],[-80.675,33.779],[-80.637,33.775],[-80.625,33.774],[-80.575,33.766],[-80.525,33.758],[-80.475,33.748],[-80.425,33.737],[-80.375,33.725],[-80.374,33.725],[-80.325,33.712],[-80.275,33.697],[-80.225,33.681],[-80.207,33.675],[-80.175,33.664],[-80.125,33.646],[-80.075,33.628],[-80.068,33.625],[-80.025,33.609],[-79.975,33.589],[-79.941,33.575],[-79.925,33.569],[-79.875,33.548],[-79.825,33.528],[-79.818,33.525],[-79.775,33.507],[-79.725,33.487],[-79.697,33.475],[-79.675,33.466],[-79.625,33.445],[-79.577,33.425],[-79.575,33.424],[-79.525,33.403],[-79.475,33.383],[-79.455,33.375],[-79.425,33.363],[-79.375,33.344],[-79.325,33.325],[-79.325,33.325]]]}},{"type":"Feature","properties":{"date":"2018-03-24","label":"24 Mar","yday":83,"tier":"day","major":false},"geometry":{"type":"MultiLineString","coordinates":[[[-87.175,33.462],[-87.125,33.458],[-87.075,33.453],[-87.025,33.449],[-86.975,33.444],[-86.925,33.439],[-86.875,33.433],[-86.825,33.428],[-86.802,33.425],[-86.775,33.422],[-86.725,33.416],[-86.675,33.409],[-86.625,33.403],[-86.575,33.396],[-86.525,33.389],[-86.475,33.382],[-86.425,33.375],[-86.422,33.375],[-86.375,33.368],[-86.325,33.361],[-86.275,33.354],[-86.225,33.347],[-86.175,33.34],[-86.125,33.334],[-86.075,33.327],[-86.061,33.325],[-86.025,33.32],[-85.975,33.314],[-85.925,33.307],[-85.875,33.301],[-85.825,33.295],[-85.775,33.29],[-85.725,33.284],[-85.675,33.279],[-85.634,33.275],[-85.625,33.274],[-85.575,33.269],[-85.525,33.265],[-85.475,33.261],[-85.425,33.257],[-85.375,33.253],[-85.325,33.249],[-85.275,33.246],[-85.225,33.243],[-85.175,33.24],[-85.125,33.238],[-85.075,33.236],[-85.025,33.234],[-84.982,33.232]],[[-87.689,33.489],[-87.675,33.488],[-87.625,33.487],[-87.575,33.486],[-87.525,33.484],[-87.482,33.482]],[[-82.375,33.59],[-82.325,33.6],[-82.275,33.611],[-82.225,33.621],[-82.204,33.625],[-82.175,33.631],[-82.125,33.641],[-82.075,33.651],[-82.025,33.661],[-81.975,33.671],[-81.957,33.675],[-81.925,33.681],[-81.875,33.692],[-81.825,33.702],[-81.775,33.713],[-81.725,33.724],[-81.72,33.725],[-81.675,33.735],[-81.625,33.748],[-81.575,33.76],[-81.525,33.773],[-81.516,33.775],[-81.475,33.785],[-81.425,33.798],[-81.375,33.81],[-81.325,33.823],[-81.314,33.825],[-81.275,33.834],[-81.225,33.845],[-81.175,33.855],[-81.125,33.864],[-81.075,33.872],[-81.048,33.875],[-81.025,33.878],[-80.975,33.882],[-80.925,33.885],[-80.875,33.887],[-80.825,33.887],[-80.775,33.886],[-80.725,33.884],[-80.675,33.881],[-80.625,33.877],[-80.606,33.875],[-80.575,33.872],[-80.525,33.865],[-80.475,33.857],[-80.425,33.848],[-80.375,33.838],[-80.325,33.826],[-80.321,33.825],[-80.275,33.813],[-80.225,33.799],[-80.175,33.784],[-80.147,33.775],[-80.125,33.768],[-80.075,33.751],[-80.025,33.733],[-80.004,33.725],[-79.975,33.714],[-79.925,33.695],[-79.875,33.675],[-79.875,33.675],[-79.825,33.656],[-79.775,33.636],[-79.748,33.625],[-79.725,33.616],[-79.675,33.596],[-79.625,33.576],[-79.624,33.575],[-79.575,33.555],[-79.525,33.535],[-79.5,33.525],[-79.475,33.515],[-79.425,33.495],[-79.375,33.476],[-79.373,33.475],[-79.325,33.457],[-79.275,33.44],[-79.231,33.425],[-79.225,33.423],[-79.175,33.408]]]}},{"type":"Feature","properties":{"date":"2018-03-25","label":"25 Mar","yday":84,"tier":"day","major":false},"geometry":{"type":"MultiLineString","coordinates":[[[-87.14,33.56],[-87.125,33.558],[-87.075,33.554],[-87.025,33.549],[-86.975,33.544],[-86.925,33.539],[-86.875,33.534],[-86.825,33.528],[-86.801,33.525],[-86.775,33.522],[-86.725,33.516],[-86.675,33.509],[-86.625,33.502],[-86.575,33.495],[-86.525,33.488],[-86.475,33.48],[-86.439,33.475],[-86.425,33.473],[-86.375,33.465],[-86.325,33.458],[-86.275,33.45],[-86.225,33.443],[-86.175,33.436],[-86.125,33.428],[-86.104,33.425],[-86.075,33.421],[-86.025,33.414],[-85.975,33.407],[-85.925,33.4],[-85.875,33.393],[-85.825,33.387],[-85.775,33.38],[-85.732,33.375],[-85.725,33.374],[-85.675,33.368],[-85.625,33.363],[-85.575,33.357],[-85.525,33.352],[-85.475,33.347],[-85.425,33.342],[-85.375,33.338],[-85.325,33.334],[-85.275,33.33],[-85.225,33.326],[-85.207,33.325],[-85.175,33.323],[-85.125,33.32],[-85.075,33.317],[-85.066,33.316]],[[-87.775,33.593],[-87.725,33.592],[-87.675,33.59],[-87.625,33.589],[-87.575,33.587],[-87.535,33.585]],[[-82.411,33.661],[-82.375,33.669],[-82.345,33.675],[-82.325,33.679],[-82.275,33.689],[-82.225,33.7],[-82.175,33.71],[-82.125,33.72],[-82.103,33.725],[-82.075,33.731],[-82.025,33.741],[-81.975,33.752],[-81.925,33.762],[-81.875,33.773],[-81.867,33.775],[-81.825,33.784],[-81.775,33.796],[-81.725,33.808],[-81.675,33.82],[-81.655,33.825],[-81.625,33.833],[-81.575,33.846],[-81.525,33.859],[-81.475,33.872],[-81.463,33.875],[-81.425,33.885],[-81.375,33.898],[-81.325,33.911],[-81.275,33.923],[-81.265,33.925],[-81.225,33.934],[-81.175,33.945],[-81.125,33.954],[-81.075,33.962],[-81.025,33.969],[-80.975,33.974],[-80.961,33.975],[-80.925,33.977],[-80.875,33.98],[-80.825,33.981],[-80.775,33.981],[-80.725,33.98],[-80.675,33.979],[-80.625,33.976],[-80.611,33.975],[-80.575,33.972],[-80.525,33.968],[-80.475,33.962],[-80.425,33.955],[-80.375,33.946],[-80.325,33.937],[-80.275,33.927],[-80.267,33.925],[-80.225,33.915],[-80.175,33.903],[-80.125,33.889],[-80.075,33.875],[-80.075,33.875],[-80.025,33.86],[-79.975,33.843],[-79.925,33.826],[-79.921,33.825],[-79.875,33.808],[-79.825,33.79],[-79.784,33.775],[-79.775,33.772],[-79.725,33.753],[-79.675,33.734],[-79.652,33.725],[-79.625,33.715],[-79.575,33.695],[-79.525,33.675],[-79.524,33.675],[-79.475,33.656],[-79.425,33.637],[-79.395,33.625],[-79.375,33.618],[-79.325,33.599],[-79.275,33.581],[-79.256,33.575],[-79.225,33.565],[-79.175,33.549],[-79.125,33.534],[-79.094,33.525],[-79.079,33.521]]]}},{"type":"Feature","properties":{"date":"2018-03-26","label":"26 Mar","yday":85,"tier":"five","major":false},"geometry":{"type":"MultiLineString","coordinates":[[[-87.125,33.658],[-87.075,33.654],[-87.025,33.649],[-86.975,33.644],[-86.925,33.639],[-86.875,33.633],[-86.825,33.627],[-86.807,33.625],[-86.775,33.621],[-86.725,33.615],[-86.675,33.608],[-86.625,33.601],[-86.575,33.593],[-86.525,33.586],[-86.475,33.578],[-86.455,33.575],[-86.425,33.57],[-86.375,33.563],[-86.325,33.555],[-86.275,33.547],[-86.225,33.539],[-86.175,33.531],[-86.138,33.525],[-86.125,33.523],[-86.075,33.515],[-86.025,33.507],[-85.975,33.5],[-85.925,33.492],[-85.875,33.485],[-85.825,33.478],[-85.804,33.475],[-85.775,33.471],[-85.725,33.464],[-85.675,33.458],[-85.625,33.452],[-85.575,33.446],[-85.525,33.44],[-85.475,33.434],[-85.425,33.429],[-85.387,33.425],[-85.375,33.424],[-85.325,33.419],[-85.275,33.414],[-85.225,33.41],[-85.175,33.406],[-85.125,33.402],[-85.075,33.399]],[[-82.41,33.74],[-82.375,33.748],[-82.325,33.758],[-82.275,33.768],[-82.243,33.775],[-82.225,33.779],[-82.175,33.789],[-82.125,33.8],[-82.075,33.81],[-82.025,33.821],[-82.007,33.825],[-81.975,33.832],[-81.925,33.843],[-81.875,33.855],[-81.825,33.866],[-81.79,33.875],[-81.775,33.879],[-81.725,33.891],[-81.675,33.904],[-81.625,33.917],[-81.594,33.925],[-81.575,33.93],[-81.525,33.943],[-81.475,33.957],[-81.425,33.97],[-81.407,33.975],[-81.375,33.983],[-81.325,33.996],[-81.275,34.008],[-81.225,34.02],[-81.2,34.025],[-81.175,34.03],[-81.125,34.04],[-81.075,34.048],[-81.025,34.055],[-80.975,34.06],[-80.925,34.065],[-80.875,34.068],[-80.825,34.07],[-80.775,34.072],[-80.725,34.072],[-80.675,34.072],[-80.625,34.07],[-80.575,34.068],[-80.525,34.065],[-80.475,34.061],[-80.425,34.056],[-80.375,34.05],[-80.325,34.044],[-80.275,34.036],[-80.225,34.027],[-80.211,34.025],[-80.175,34.018],[-80.125,34.008],[-80.075,33.997],[-80.025,33.985],[-79.983,33.975],[-79.975,33.973],[-79.925,33.959],[-79.875,33.945],[-79.825,33.93],[-79.809,33.925],[-79.775,33.914],[-79.725,33.897],[-79.675,33.88],[-79.661,33.875],[-79.625,33.862],[-79.575,33.844],[-79.525,33.826],[-79.523,33.825],[-79.475,33.807],[-79.425,33.789],[-79.388,33.775],[-79.375,33.77],[-79.325,33.752],[-79.275,33.734],[-79.248,33.725],[-79.225,33.717],[-79.175,33.701],[-79.125,33.686],[-79.087,33.675],[-79.075,33.671],[-79.025,33.658],[-78.975,33.646],[-78.958,33.642]]]}},{"type":"Feature","properties":{"date":"2018-03-27","label":"27 Mar","yday":86,"tier":"day","major":false},"geometry":{"type":"MultiLineString","coordinates":[[[-87.216,33.766],[-87.175,33.762],[-87.125,33.758],[-87.075,33.753],[-87.025,33.749],[-86.975,33.743],[-86.925,33.738],[-86.875,33.732],[-86.825,33.726],[-86.816,33.725],[-86.775,33.72],[-86.725,33.713],[-86.675,33.706],[-86.625,33.699],[-86.575,33.691],[-86.525,33.684],[-86.475,33.676],[-86.47,33.675],[-86.425,33.668],[-86.375,33.66],[-86.325,33.651],[-86.275,33.643],[-86.225,33.635],[-86.175,33.626],[-86.166,33.625],[-86.125,33.618],[-86.075,33.61],[-86.025,33.602],[-85.975,33.594],[-85.925,33.585],[-85.875,33.578],[-85.858,33.575],[-85.825,33.57],[-85.775,33.563],[-85.725,33.555],[-85.675,33.548],[-85.625,33.541],[-85.575,33.535],[-85.525,33.528],[-85.499,33.525],[-85.475,33.522],[-85.425,33.516],[-85.375,33.51],[-85.325,33.505],[-85.275,33.499],[-85.225,33.494],[-85.175,33.49],[-85.125,33.485],[-85.075,33.481],[-85.069,33.481]],[[-82.325,33.837],[-82.275,33.847],[-82.225,33.858],[-82.175,33.868],[-82.144,33.875],[-82.125,33.879],[-82.075,33.89],[-82.025,33.901],[-81.975,33.912],[-81.925,33.924],[-81.921,33.925],[-81.875,33.936],[-81.825,33.948],[-81.775,33.961],[-81.725,33.973],[-81.719,33.975],[-81.675,33.986],[-81.625,34.0],[-81.575,34.013],[-81.531,34.025],[-81.525,34.027],[-81.475,34.04],[-81.425,34.053],[-81.375,34.066],[-81.34,34.075],[-81.325,34.079],[-81.275,34.091],[-81.225,34.102],[-81.175,34.113],[-81.125,34.122],[-81.107,34.125],[-81.075,34.13],[-81.025,34.138],[-80.975,34.144],[-80.925,34.149],[-80.875,34.153],[-80.825,34.157],[-80.775,34.159],[-80.725,34.161],[-80.675,34.161],[-80.625,34.161],[-80.575,34.161],[-80.525,34.159],[-80.475,34.157],[-80.425,34.154],[-80.375,34.15],[-80.325,34.146],[-80.275,34.141],[-80.225,34.135],[-80.175,34.129],[-80.146,34.125],[-80.125,34.122],[-80.075,34.115],[-80.025,34.107],[-79.975,34.098],[-79.925,34.089],[-79.875,34.079],[-79.855,34.075],[-79.825,34.068],[-79.775,34.057],[-79.725,34.044],[-79.675,34.03],[-79.658,34.025],[-79.625,34.015],[-79.575,34.0],[-79.525,33.983],[-79.499,33.975],[-79.475,33.967],[-79.425,33.95],[-79.375,33.934],[-79.349,33.925],[-79.325,33.917],[-79.275,33.901],[-79.225,33.884],[-79.195,33.875],[-79.175,33.869],[-79.125,33.854],[-79.075,33.84],[-79.025,33.827],[-79.017,33.825],[-78.975,33.815],[-78.925,33.804],[-78.875,33.793],[-78.825,33.783],[-78.782,33.775]]]}},{"type":"Feature","properties":{"date":"2018-03-28","label":"28 Mar","yday":87,"tier":"day","major":false},"geometry":{"type":"MultiLineString","coordinates":[[[-87.375,33.877],[-87.34,33.875],[-87.325,33.874],[-87.275,33.87],[-87.225,33.866],[-87.175,33.862],[-87.125,33.858],[-87.075,33.853],[-87.025,33.848],[-86.975,33.843],[-86.925,33.837],[-86.875,33.831],[-86.825,33.825],[-86.825,33.825],[-86.775,33.818],[-86.725,33.812],[-86.675,33.805],[-86.625,33.797],[-86.575,33.79],[-86.525,33.782],[-86.483,33.775],[-86.475,33.774],[-86.425,33.765],[-86.375,33.757],[-86.325,33.749],[-86.275,33.74],[-86.225,33.731],[-86.189,33.725],[-86.175,33.723],[-86.125,33.714],[-86.075,33.705],[-86.025,33.697],[-85.975,33.688],[-85.925,33.679],[-85.898,33.675],[-85.875,33.671],[-85.825,33.663],[-85.775,33.655],[-85.725,33.647],[-85.675,33.639],[-85.625,33.632],[-85.577,33.625],[-85.575,33.625],[-85.525,33.618],[-85.475,33.611],[-85.425,33.604],[-85.375,33.598],[-85.325,33.591],[-85.275,33.585],[-85.225,33.58],[-85.181,33.575],[-85.175,33.574],[-85.125,33.569],[-85.075,33.565],[-85.025,33.56]],[[-82.274,33.926],[-82.225,33.937],[-82.175,33.948],[-82.125,33.959],[-82.075,33.97],[-82.052,33.975],[-82.025,33.981],[-81.975,33.993],[-81.925,34.005],[-81.875,34.017],[-81.842,34.025],[-81.825,34.029],[-81.775,34.042],[-81.725,34.055],[-81.675,34.068],[-81.649,34.075]],[[-81.616,34.084],[-81.575,34.095],[-81.525,34.108],[-81.475,34.121],[-81.462,34.125],[-81.425,34.135],[-81.375,34.147],[-81.325,34.16],[-81.275,34.172],[-81.26,34.175]],[[-80.974,34.226],[-80.925,34.232],[-80.875,34.237],[-80.825,34.241],[-80.775,34.245],[-80.725,34.247],[-80.675,34.249],[-80.625,34.25],[-80.575,34.251],[-80.525,34.251],[-80.475,34.25],[-80.425,34.249],[-80.375,34.247],[-80.325,34.245],[-80.275,34.242],[-80.225,34.239],[-80.175,34.235],[-80.125,34.231],[-80.075,34.227],[-80.053,34.225],[-80.025,34.222],[-79.975,34.217],[-79.925,34.212],[-79.875,34.206],[-79.825,34.2],[-79.775,34.193],[-79.725,34.185],[-79.675,34.176],[-79.67,34.175],[-79.625,34.165],[-79.575,34.154],[-79.525,34.141],[-79.475,34.129],[-79.461,34.125],[-79.425,34.116],[-79.375,34.102],[-79.325,34.089],[-79.275,34.077],[-79.267,34.075],[-79.225,34.065],[-79.175,34.052],[-79.125,34.041],[-79.075,34.029],[-79.054,34.025],[-79.025,34.019],[-78.975,34.008],[-78.925,33.999],[-78.875,33.989],[-78.825,33.98],[-78.793,33.975],[-78.775,33.972],[-78.725,33.964],[-78.675,33.957],[-78.625,33.951],[-78.575,33.944],[-78.525,33.938],[-78.475,33.933],[-78.425,33.927],[-78.423,33.927]]]}},{"type":"Feature","properties":{"date":"2018-03-29","label":"29 Mar","yday":88,"tier":"day","major":false},"geometry":{"type":"MultiLineString","coordinates":[[[-86.65,33.9],[-86.625,33.896],[-86.575,33.888],[-86.525,33.88],[-86.495,33.875],[-86.475,33.872],[-86.425,33.863],[-86.375,33.855],[-86.325,33.846],[-86.275,33.837],[-86.225,33.828],[-86.207,33.825],[-86.175,33.819],[-86.125,33.81],[-86.075,33.801],[-86.025,33.792],[-85.975,33.783],[-85.928,33.775],[-85.925,33.774],[-85.875,33.766],[-85.825,33.757],[-85.775,33.748],[-85.725,33.74],[-85.675,33.732],[-85.633,33.725],[-85.625,33.724],[-85.575,33.716],[-85.525,33.708],[-85.475,33.701],[-85.425,33.693],[-85.375,33.686],[-85.325,33.679],[-85.293,33.675],[-85.275,33.673],[-85.225,33.666],[-85.175,33.66],[-85.125,33.654],[-85.075,33.649],[-85.025,33.644],[-84.975,33.639]],[[-87.425,33.981],[-87.375,33.978],[-87.336,33.975],[-87.325,33.974],[-87.275,33.971],[-87.225,33.967],[-87.175,33.962],[-87.125,33.958],[-87.075,33.953],[-87.025,33.948],[-86.975,33.942],[-86.925,33.937],[-86.881,33.931]],[[-82.173,34.027],[-82.125,34.038],[-82.075,34.049],[-82.025,34.061],[-81.975,34.073],[-81.966,34.075],[-81.925,34.085],[-81.875,34.097],[-81.853,34.103]],[[-80.881,34.319],[-80.875,34.32],[-80.825,34.325],[-80.82,34.325],[-80.775,34.329],[-80.725,34.333],[-80.675,34.336],[-80.625,34.338],[-80.575,34.34],[-80.525,34.341],[-80.475,34.342],[-80.425,34.342],[-80.375,34.342],[-80.325,34.342],[-80.275,34.341],[-80.225,34.34],[-80.175,34.338],[-80.125,34.336],[-80.075,34.335],[-80.025,34.333],[-79.975,34.331],[-79.925,34.329],[-79.875,34.326],[-79.85,34.325],[-79.825,34.324],[-79.775,34.32],[-79.725,34.316],[-79.675,34.311],[-79.625,34.305],[-79.575,34.299],[-79.525,34.292],[-79.475,34.285],[-79.425,34.277],[-79.412,34.275],[-79.375,34.269],[-79.325,34.261],[-79.275,34.254],[-79.225,34.247],[-79.175,34.24],[-79.125,34.233],[-79.075,34.227],[-79.061,34.225],[-79.025,34.221],[-78.975,34.215],[-78.925,34.209],[-78.875,34.203],[-78.825,34.198],[-78.775,34.193],[-78.725,34.188],[-78.675,34.183],[-78.625,34.178],[-78.597,34.175],[-78.575,34.173],[-78.525,34.168],[-78.475,34.163],[-78.425,34.159],[-78.375,34.155],[-78.325,34.151],[-78.275,34.148],[-78.225,34.144],[-78.175,34.141],[-78.125,34.139],[-78.075,34.137],[-78.025,34.136],[-77.975,34.135],[-77.925,34.134],[-77.875,34.133],[-77.868,34.132]]]}},{"type":"Feature","properties":{"date":"2018-03-30","label":"30 Mar","yday":89,"tier":"day","major":false},"geometry":{"type":"MultiLineString","coordinates":[[[-86.649,33.999],[-86.625,33.995],[-86.575,33.987],[-86.525,33.979],[-86.503,33.975],[-86.475,33.97],[-86.425,33.962],[-86.375,33.953],[-86.325,33.944],[-86.275,33.935],[-86.225,33.926],[-86.221,33.925],[-86.175,33.917],[-86.125,33.907],[-86.075,33.898],[-86.025,33.889],[-85.975,33.879],[-85.951,33.875],[-85.925,33.87],[-85.875,33.861],[-85.825,33.852],[-85.775,33.843],[-85.725,33.834],[-85.675,33.825],[-85.674,33.825],[-85.625,33.817],[-85.575,33.808],[-85.525,33.8],[-85.475,33.792],[-85.425,33.784],[-85.375,33.776],[-85.368,33.775],[-85.325,33.768],[-85.275,33.761],[-85.225,33.754],[-85.175,33.747],[-85.125,33.741],[-85.075,33.735],[-85.025,33.729],[-84.988,33.725],[-84.975,33.724],[-84.931,33.719]],[[-87.418,34.082],[-87.375,34.079],[-87.325,34.075],[-87.322,34.075],[-87.275,34.071],[-87.225,34.067],[-87.175,34.063],[-87.125,34.058],[-87.075,34.054],[-87.051,34.051]],[[-80.733,34.417],[-80.725,34.417],[-80.675,34.421],[-80.625,34.425],[-80.623,34.425],[-80.575,34.428],[-80.525,34.431],[-80.475,34.433],[-80.425,34.434],[-80.375,34.436],[-80.325,34.437],[-80.275,34.438],[-80.225,34.438],[-80.175,34.439],[-80.125,34.439],[-80.075,34.439],[-80.025,34.44],[-79.975,34.44],[-79.925,34.441],[-79.875,34.441],[-79.825,34.441],[-79.775,34.44],[-79.725,34.439],[-79.675,34.438],[-79.625,34.437],[-79.575,34.435],[-79.525,34.433],[-79.475,34.431],[-79.425,34.428],[-79.375,34.426],[-79.353,34.425],[-79.325,34.424],[-79.275,34.421],[-79.225,34.419],[-79.175,34.417],[-79.125,34.415],[-79.075,34.414],[-79.025,34.412],[-78.975,34.41],[-78.925,34.409],[-78.875,34.407],[-78.825,34.406],[-78.775,34.404],[-78.725,34.402],[-78.675,34.4],[-78.625,34.398],[-78.575,34.396],[-78.525,34.394],[-78.475,34.392],[-78.425,34.39],[-78.375,34.388],[-78.325,34.387],[-78.275,34.385],[-78.225,34.384],[-78.175,34.383],[-78.125,34.381],[-78.075,34.38],[-78.025,34.379],[-77.975,34.378],[-77.925,34.377],[-77.883,34.375],[-77.875,34.375],[-77.825,34.372],[-77.775,34.369],[-77.725,34.366],[-77.688,34.362]]]}},{"type":"Feature","properties":{"date":"2018-03-31","label":"31 Mar","yday":90,"tier":"index","major":true},"geometry":{"type":"MultiLineString","coordinates":[[[-86.775,34.118],[-86.725,34.11],[-86.675,34.103],[-86.625,34.095],[-86.575,34.087],[-86.525,34.078],[-86.506,34.075],[-86.475,34.07],[-86.425,34.061],[-86.375,34.052],[-86.325,34.043],[-86.275,34.033],[-86.23,34.025],[-86.225,34.024],[-86.175,34.015],[-86.125,34.005],[-86.075,33.996],[-86.025,33.986],[-85.975,33.976],[-85.968,33.975],[-85.925,33.967],[-85.875,33.957],[-85.825,33.948],[-85.775,33.939],[-85.725,33.929],[-85.702,33.925],[-85.675,33.92],[-85.625,33.911],[-85.575,33.902],[-85.525,33.893],[-85.475,33.884],[-85.425,33.876],[-85.42,33.875],[-85.375,33.868],[-85.325,33.859],[-85.275,33.851],[-85.225,33.844],[-85.175,33.836],[-85.125,33.829],[-85.096,33.825],[-85.075,33.822],[-85.025,33.816],[-84.975,33.81],[-84.925,33.804],[-84.875,33.799],[-84.825,33.794],[-84.775,33.79],[-84.761,33.789]],[[-80.675,34.506],[-80.625,34.511],[-80.575,34.515],[-80.525,34.519],[-80.475,34.522],[-80.43,34.525],[-80.425,34.525],[-80.375,34.528],[-80.325,34.531],[-80.275,34.533],[-80.225,34.535],[-80.175,34.537],[-80.125,34.539],[-80.075,34.542],[-80.025,34.544],[-79.975,34.546],[-79.925,34.548],[-79.875,34.55],[-79.825,34.553],[-79.775,34.554],[-79.725,34.556],[-79.675,34.558],[-79.625,34.56],[-79.575,34.561],[-79.525,34.563],[-79.475,34.565],[-79.425,34.567],[-79.375,34.568],[-79.325,34.57],[-79.275,34.572],[-79.225,34.574],[-79.2,34.575],[-79.175,34.576],[-79.125,34.578],[-79.075,34.58],[-79.025,34.581],[-78.975,34.583],[-78.925,34.584],[-78.875,34.585],[-78.825,34.586],[-78.775,34.587],[-78.725,34.588],[-78.675,34.588],[-78.625,34.589],[-78.575,34.589],[-78.525,34.589],[-78.475,34.589],[-78.425,34.589],[-78.375,34.589],[-78.325,34.589],[-78.275,34.588],[-78.225,34.588],[-78.175,34.588],[-78.125,34.588],[-78.075,34.587],[-78.025,34.587],[-77.975,34.586],[-77.925,34.585],[-77.875,34.584],[-77.825,34.583],[-77.775,34.581],[-77.725,34.578],[-77.675,34.575],[-77.675,34.575],[-77.625,34.571],[-77.575,34.566],[-77.525,34.56],[-77.475,34.553],[-77.425,34.544],[-77.387,34.537]]]}},{"type":"Feature","properties":{"date":"2018-04-01","label":"1 Apr","yday":91,"tier":"day","major":false},"geometry":{"type":"MultiLineString","coordinates":[[[-85.892,34.058],[-85.875,34.055],[-85.825,34.045],[-85.775,34.035],[-85.725,34.026],[-85.722,34.025],[-85.675,34.016],[-85.625,34.007],[-85.575,33.997],[-85.525,33.988],[-85.475,33.979],[-85.455,33.975],[-85.425,33.97],[-85.375,33.961],[-85.325,33.952],[-85.275,33.943],[-85.225,33.935],[-85.175,33.927],[-85.164,33.925],[-85.125,33.919],[-85.075,33.911],[-85.025,33.904],[-84.975,33.898],[-84.925,33.891],[-84.875,33.886],[-84.825,33.88],[-84.775,33.876],[-84.766,33.875],[-84.725,33.872],[-84.675,33.868],[-84.634,33.866]],[[-80.657,34.593],[-80.625,34.596],[-80.575,34.601],[-80.525,34.606],[-80.475,34.611],[-80.425,34.615],[-80.375,34.619],[-80.325,34.622],[-80.29,34.625],[-80.275,34.626],[-80.225,34.63],[-80.175,34.633],[-80.125,34.637],[-80.075,34.641],[-80.025,34.644],[-79.975,34.648],[-79.925,34.652],[-79.875,34.656],[-79.825,34.659],[-79.775,34.663],[-79.725,34.667],[-79.675,34.671],[-79.627,34.675],[-79.625,34.675],[-79.575,34.679],[-79.525,34.684],[-79.475,34.688],[-79.425,34.692],[-79.375,34.697],[-79.325,34.701],[-79.275,34.706],[-79.225,34.71],[-79.175,34.715],[-79.125,34.719],[-79.075,34.724],[-79.06,34.725],[-79.025,34.728],[-78.975,34.731],[-78.925,34.735],[-78.875,34.738],[-78.825,34.741],[-78.775,34.743],[-78.725,34.745],[-78.675,34.747],[-78.625,34.749],[-78.575,34.751],[-78.525,34.752],[-78.475,34.753],[-78.425,34.754],[-78.375,34.755],[-78.325,34.756],[-78.275,34.757],[-78.225,34.757],[-78.175,34.758],[-78.125,34.758],[-78.075,34.759],[-78.025,34.759],[-77.975,34.759],[-77.925,34.759],[-77.875,34.759],[-77.825,34.759],[-77.775,34.758],[-77.725,34.757],[-77.675,34.755],[-77.625,34.753],[-77.575,34.75],[-77.525,34.746],[-77.475,34.74],[-77.461,34.739]],[[-77.325,34.717],[-77.275,34.706],[-77.225,34.693],[-77.175,34.68]]]}},{"type":"Feature","properties":{"date":"2018-04-02","label":"2 Apr","yday":92,"tier":"day","major":false},"geometry":{"type":"MultiLineString","coordinates":[[[-85.81,34.14],[-85.775,34.133],[-85.735,34.125],[-85.725,34.123],[-85.675,34.113],[-85.625,34.103],[-85.575,34.094],[-85.525,34.084],[-85.478,34.075],[-85.475,34.075],[-85.425,34.065],[-85.375,34.056],[-85.325,34.046],[-85.275,34.037],[-85.225,34.028],[-85.206,34.025],[-85.175,34.02],[-85.125,34.011],[-85.075,34.003],[-85.025,33.995],[-84.975,33.988],[-84.925,33.981],[-84.881,33.975],[-84.875,33.974],[-84.825,33.969],[-84.775,33.963],[-84.725,33.959],[-84.675,33.955],[-84.625,33.952],[-84.575,33.95]],[[-80.618,34.682],[-80.575,34.687],[-80.525,34.692],[-80.475,34.697],[-80.425,34.702],[-80.375,34.707],[-80.325,34.712],[-80.275,34.717],[-80.225,34.721],[-80.188,34.725],[-80.175,34.726],[-80.125,34.731],[-80.075,34.736],[-80.025,34.741],[-79.975,34.745],[-79.925,34.75],[-79.875,34.755],[-79.825,34.761],[-79.775,34.766],[-79.725,34.771],[-79.692,34.775],[-79.675,34.777],[-79.625,34.783],[-79.575,34.788],[-79.525,34.794],[-79.475,34.801],[-79.425,34.807],[-79.375,34.813],[-79.325,34.82],[-79.283,34.825],[-79.275,34.826],[-79.225,34.832],[-79.175,34.838],[-79.125,34.844],[-79.075,34.85],[-79.025,34.856],[-78.975,34.861],[-78.925,34.866],[-78.875,34.871],[-78.825,34.874],[-78.818,34.875],[-78.775,34.878],[-78.725,34.881],[-78.675,34.883],[-78.625,34.886],[-78.575,34.888],[-78.525,34.89],[-78.475,34.892],[-78.425,34.894],[-78.375,34.896],[-78.325,34.897],[-78.275,34.898],[-78.225,34.899],[-78.175,34.901],[-78.125,34.902],[-78.075,34.903],[-78.025,34.904],[-77.975,34.905],[-77.925,34.906],[-77.875,34.907],[-77.825,34.908],[-77.775,34.908],[-77.725,34.908],[-77.675,34.908],[-77.625,34.907],[-77.575,34.905],[-77.525,34.902],[-77.475,34.899],[-77.425,34.894],[-77.375,34.889],[-77.325,34.882],[-77.28,34.875],[-77.275,34.874],[-77.225,34.865],[-77.175,34.854],[-77.125,34.842],[-77.075,34.829],[-77.062,34.825],[-77.025,34.814],[-76.975,34.797],[-76.925,34.779],[-76.915,34.775],[-76.886,34.764]]]}},{"type":"Feature","properties":{"date":"2018-04-03","label":"3 Apr","yday":93,"tier":"day","major":false},"geometry":{"type":"MultiLineString","coordinates":[[[-85.686,34.214],[-85.675,34.212],[-85.625,34.202],[-85.575,34.192],[-85.525,34.182],[-85.49,34.175],[-85.475,34.172],[-85.425,34.162],[-85.375,34.153],[-85.325,34.143],[-85.275,34.133],[-85.231,34.125],[-85.225,34.124],[-85.175,34.115],[-85.125,34.106],[-85.075,34.097],[-85.025,34.088],[-84.975,34.08],[-84.942,34.075],[-84.925,34.072],[-84.875,34.065],[-84.825,34.059],[-84.775,34.054],[-84.725,34.049],[-84.675,34.044],[-84.625,34.041],[-84.575,34.038],[-84.525,34.036]],[[-80.241,34.809],[-80.225,34.81],[-80.175,34.816],[-80.125,34.822],[-80.095,34.825],[-80.075,34.827],[-80.025,34.833],[-79.975,34.839],[-79.925,34.845],[-79.875,34.851],[-79.825,34.857],[-79.775,34.863],[-79.725,34.87],[-79.684,34.875],[-79.675,34.876],[-79.625,34.883],[-79.575,34.89],[-79.525,34.897],[-79.475,34.904],[-79.425,34.912],[-79.375,34.919],[-79.338,34.925],[-79.325,34.927],[-79.275,34.934],[-79.225,34.942],[-79.175,34.949],[-79.125,34.956],[-79.075,34.963],[-79.025,34.97],[-78.986,34.975],[-78.975,34.976],[-78.925,34.982],[-78.875,34.987],[-78.825,34.991],[-78.775,34.995],[-78.725,34.998],[-78.675,35.001],[-78.625,35.004],[-78.575,35.007],[-78.525,35.009],[-78.475,35.012],[-78.425,35.014],[-78.375,35.016],[-78.325,35.018],[-78.275,35.02],[-78.225,35.022],[-78.175,35.024],[-78.15,35.025],[-78.125,35.026],[-78.075,35.028],[-78.025,35.03],[-77.975,35.032],[-77.925,35.034],[-77.875,35.036],[-77.825,35.037],[-77.775,35.039],[-77.725,35.04],[-77.675,35.041],[-77.625,35.042],[-77.575,35.041],[-77.525,35.04],[-77.475,35.039],[-77.425,35.036],[-77.375,35.033],[-77.325,35.028],[-77.298,35.025],[-77.275,35.022],[-77.225,35.015],[-77.175,35.007],[-77.125,34.998],[-77.075,34.987],[-77.025,34.975],[-77.023,34.975],[-76.975,34.962],[-76.956,34.956]],[[-76.528,34.778],[-76.525,34.777],[-76.524,34.776]],[[-76.74,34.875],[-76.725,34.868],[-76.675,34.846],[-76.63,34.825],[-76.625,34.823],[-76.593,34.807]],[[-76.862,34.925],[-76.825,34.911],[-76.801,34.901]]]}},{"type":"Feature","properties":{"date":"2018-04-04","label":"4 Apr","yday":94,"tier":"day","major":false},"geometry":{"type":"MultiLineString","coordinates":[[[-85.496,34.275],[-85.475,34.271],[-85.425,34.261],[-85.375,34.251],[-85.325,34.241],[-85.275,34.231],[-85.242,34.225],[-85.225,34.222],[-85.175,34.212],[-85.125,34.203],[-85.075,34.193],[-85.025,34.184],[-84.975,34.175],[-84.974,34.175],[-84.925,34.167],[-84.875,34.159],[-84.825,34.153],[-84.775,34.146],[-84.725,34.141],[-84.675,34.137],[-84.625,34.133],[-84.58,34.13]],[[-80.143,34.907],[-80.125,34.909],[-80.075,34.915],[-80.025,34.922],[-79.998,34.925],[-79.975,34.928],[-79.925,34.934],[-79.875,34.941],[-79.825,34.948],[-79.775,34.955],[-79.725,34.962],[-79.675,34.97],[-79.641,34.975],[-79.625,34.977],[-79.575,34.985],[-79.525,34.993],[-79.475,35.001],[-79.425,35.009],[-79.375,35.018],[-79.331,35.025],[-79.325,35.026],[-79.275,35.034],[-79.225,35.042],[-79.175,35.05],[-79.125,35.058],[-79.075,35.066],[-79.025,35.073],[-79.009,35.075],[-78.975,35.08],[-78.925,35.085],[-78.875,35.091],[-78.825,35.095],[-78.775,35.099],[-78.725,35.103],[-78.675,35.106],[-78.625,35.109],[-78.575,35.112],[-78.525,35.115],[-78.475,35.118],[-78.425,35.121],[-78.375,35.123],[-78.34,35.125],[-78.325,35.126],[-78.275,35.128],[-78.225,35.131],[-78.175,35.133],[-78.125,35.136],[-78.075,35.138],[-78.025,35.141],[-77.975,35.144],[-77.925,35.147],[-77.875,35.15],[-77.825,35.153],[-77.775,35.156],[-77.725,35.159],[-77.675,35.162],[-77.625,35.163],[-77.575,35.165],[-77.525,35.165],[-77.475,35.165],[-77.425,35.164],[-77.375,35.162],[-77.325,35.16],[-77.275,35.156],[-77.225,35.151],[-77.175,35.145],[-77.125,35.138],[-77.075,35.13],[-77.051,35.125],[-77.025,35.12],[-76.975,35.108],[-76.925,35.096],[-76.875,35.081],[-76.854,35.075],[-76.825,35.066],[-76.775,35.048]],[[-76.547,34.953],[-76.525,34.944],[-76.484,34.925],[-76.475,34.921],[-76.425,34.898],[-76.375,34.875]]]}},{"type":"Feature","properties":{"date":"2018-04-05","label":"5 Apr","yday":95,"tier":"five","major":false},"geometry":{"type":"MultiLineString","coordinates":[[[-85.245,34.325],[-85.225,34.321],[-85.175,34.311],[-85.125,34.301],[-85.075,34.292],[-85.025,34.282],[-84.987,34.275],[-84.975,34.273],[-84.925,34.264],[-84.875,34.256],[-84.825,34.249],[-84.775,34.242],[-84.738,34.238]],[[-80.125,34.993],[-80.075,35.0],[-80.025,35.007],[-79.975,35.014],[-79.925,35.021],[-79.895,35.025],[-79.875,35.028],[-79.825,35.035],[-79.775,35.043],[-79.725,35.051],[-79.675,35.059],[-79.625,35.067],[-79.578,35.075],[-79.575,35.075],[-79.525,35.084],[-79.475,35.092],[-79.425,35.101],[-79.375,35.11],[-79.325,35.119],[-79.288,35.125],[-79.275,35.127],[-79.225,35.135],[-79.175,35.144],[-79.125,35.152],[-79.075,35.159],[-79.025,35.167],[-78.975,35.174],[-78.964,35.175],[-78.925,35.18],[-78.875,35.185],[-78.825,35.19],[-78.775,35.194],[-78.725,35.198],[-78.675,35.202],[-78.625,35.205],[-78.575,35.209],[-78.525,35.212],[-78.475,35.215],[-78.425,35.218],[-78.375,35.221],[-78.325,35.224],[-78.305,35.225],[-78.275,35.227],[-78.225,35.23],[-78.175,35.233],[-78.125,35.236],[-78.075,35.24],[-78.025,35.243],[-77.975,35.247],[-77.925,35.251],[-77.875,35.256],[-77.825,35.26],[-77.775,35.264],[-77.725,35.268],[-77.675,35.272],[-77.634,35.275],[-77.625,35.276],[-77.575,35.278],[-77.525,35.28],[-77.475,35.282],[-77.425,35.282],[-77.375,35.282],[-77.325,35.281],[-77.275,35.279],[-77.225,35.276],[-77.208,35.275],[-77.175,35.272],[-77.125,35.267],[-77.075,35.261],[-77.025,35.253],[-76.975,35.244],[-76.925,35.234],[-76.888,35.225],[-76.875,35.222],[-76.825,35.208],[-76.775,35.194]]]}},{"type":"Feature","properties":{"date":"2018-04-06","label":"6 Apr","yday":96,"tier":"day","major":false},"geometry":{"type":"MultiLineString","coordinates":[[[-80.075,35.081],[-80.025,35.089],[-79.975,35.096],[-79.925,35.103],[-79.875,35.111],[-79.825,35.119],[-79.789,35.125],[-79.775,35.127],[-79.725,35.136],[-79.675,35.144],[-79.625,35.153],[-79.575,35.162],[-79.525,35.171],[-79.5,35.175],[-79.475,35.18],[-79.425,35.188],[-79.375,35.197],[-79.325,35.206],[-79.275,35.215],[-79.225,35.223],[-79.213,35.225],[-79.175,35.231],[-79.125,35.239],[-79.075,35.247],[-79.025,35.254],[-78.975,35.261],[-78.925,35.267],[-78.875,35.273],[-78.853,35.275],[-78.825,35.278],[-78.775,35.283],[-78.725,35.287],[-78.675,35.291],[-78.625,35.295],[-78.575,35.298],[-78.525,35.302],[-78.475,35.305],[-78.425,35.309],[-78.375,35.312],[-78.325,35.315],[-78.275,35.319],[-78.225,35.323],[-78.194,35.325],[-78.175,35.326],[-78.125,35.33],[-78.075,35.335],[-78.025,35.339],[-77.975,35.344],[-77.925,35.348],[-77.875,35.354],[-77.825,35.359],[-77.775,35.364],[-77.725,35.37],[-77.675,35.375],[-77.671,35.375],[-77.625,35.379],[-77.575,35.383],[-77.525,35.387],[-77.475,35.39],[-77.425,35.392],[-77.375,35.393],[-77.325,35.394],[-77.275,35.394],[-77.225,35.393],[-77.175,35.391],[-77.125,35.388],[-77.075,35.384],[-77.025,35.379],[-76.998,35.375],[-76.975,35.372],[-76.925,35.364],[-76.875,35.354],[-76.848,35.348]]]}},{"type":"Feature","properties":{"date":"2018-04-07","label":"7 Apr","yday":97,"tier":"day","major":false},"geometry":{"type":"MultiLineString","coordinates":[[[-80.106,35.156],[-80.075,35.16],[-80.025,35.168],[-79.981,35.175],[-79.975,35.176],[-79.925,35.184],[-79.875,35.192],[-79.825,35.2],[-79.775,35.209],[-79.725,35.218],[-79.684,35.225],[-79.675,35.227],[-79.625,35.236],[-79.575,35.245],[-79.525,35.254],[-79.475,35.263],[-79.425,35.272],[-79.407,35.275],[-79.375,35.281],[-79.325,35.289],[-79.275,35.298],[-79.225,35.306],[-79.175,35.314],[-79.125,35.322],[-79.105,35.325],[-79.075,35.329],[-79.025,35.337],[-78.975,35.343],[-78.925,35.35],[-78.875,35.356],[-78.825,35.361],[-78.775,35.366],[-78.725,35.371],[-78.683,35.375],[-78.675,35.376],[-78.625,35.38],[-78.575,35.383],[-78.525,35.387],[-78.475,35.391],[-78.425,35.395],[-78.375,35.398],[-78.325,35.402],[-78.275,35.406],[-78.225,35.411],[-78.175,35.415],[-78.125,35.42],[-78.075,35.425],[-78.072,35.425],[-78.025,35.43],[-77.975,35.435],[-77.925,35.441],[-77.875,35.447],[-77.825,35.453],[-77.775,35.459],[-77.725,35.465],[-77.675,35.471],[-77.641,35.475],[-77.625,35.477],[-77.575,35.482],[-77.525,35.487],[-77.475,35.491],[-77.425,35.495],[-77.375,35.498],[-77.325,35.501],[-77.275,35.502],[-77.225,35.503],[-77.175,35.503],[-77.125,35.503],[-77.075,35.501],[-77.025,35.497],[-77.004,35.496]]]}},{"type":"Feature","properties":{"date":"2018-04-08","label":"8 Apr","yday":98,"tier":"day","major":false},"geometry":{"type":"MultiLineString","coordinates":[[[-80.125,35.23],[-80.075,35.238],[-80.025,35.246],[-79.975,35.254],[-79.925,35.262],[-79.875,35.271],[-79.853,35.275],[-79.825,35.28],[-79.775,35.289],[-79.725,35.298],[-79.675,35.307],[-79.625,35.316],[-79.576,35.325],[-79.575,35.325],[-79.525,35.334],[-79.475,35.343],[-79.425,35.352],[-79.375,35.361],[-79.325,35.37],[-79.293,35.375],[-79.275,35.378],[-79.225,35.386],[-79.175,35.394],[-79.125,35.402],[-79.075,35.409],[-79.025,35.416],[-78.975,35.423],[-78.958,35.425],[-78.925,35.429],[-78.875,35.435],[-78.825,35.441],[-78.775,35.446],[-78.725,35.451],[-78.675,35.456],[-78.625,35.461],[-78.575,35.465],[-78.525,35.469],[-78.475,35.473],[-78.455,35.475],[-78.425,35.477],[-78.375,35.482],[-78.325,35.486],[-78.275,35.491],[-78.225,35.496],[-78.175,35.501],[-78.125,35.506],[-78.075,35.512],[-78.025,35.517],[-77.975,35.524],[-77.964,35.525],[-77.925,35.53],[-77.875,35.537],[-77.825,35.543],[-77.775,35.55],[-77.725,35.557],[-77.675,35.564],[-77.625,35.57],[-77.589,35.575],[-77.575,35.577],[-77.525,35.583],[-77.475,35.588],[-77.425,35.594],[-77.375,35.598],[-77.325,35.602],[-77.275,35.605],[-77.225,35.608],[-77.175,35.61],[-77.125,35.611],[-77.075,35.611],[-77.025,35.61],[-76.975,35.608],[-76.925,35.604],[-76.875,35.6],[-76.825,35.594],[-76.808,35.592]]]}},{"type":"Feature","properties":{"date":"2018-04-09","label":"9 Apr","yday":99,"tier":"day","major":false},"geometry":{"type":"MultiLineString","coordinates":[[[-80.125,35.306],[-80.075,35.314],[-80.025,35.323],[-80.011,35.325],[-79.975,35.331],[-79.938,35.338]],[[-79.785,35.365],[-79.775,35.367],[-79.732,35.375],[-79.725,35.376],[-79.675,35.385],[-79.625,35.395],[-79.575,35.404],[-79.525,35.413],[-79.515,35.415]],[[-79.325,35.448],[-79.275,35.456],[-79.225,35.464],[-79.175,35.472],[-79.154,35.475],[-79.125,35.479],[-79.075,35.486],[-79.041,35.491]],[[-78.946,35.504],[-78.925,35.506],[-78.875,35.513],[-78.825,35.518],[-78.775,35.524],[-78.765,35.525],[-78.725,35.529],[-78.675,35.534],[-78.625,35.539],[-78.575,35.544],[-78.525,35.549],[-78.475,35.553],[-78.425,35.558],[-78.375,35.563],[-78.325,35.568],[-78.275,35.574],[-78.262,35.575],[-78.225,35.579],[-78.175,35.585],[-78.125,35.591],[-78.075,35.597],[-78.025,35.603],[-77.975,35.61],[-77.925,35.617],[-77.875,35.624],[-77.869,35.625],[-77.825,35.631],[-77.775,35.639],[-77.725,35.646],[-77.675,35.654],[-77.625,35.661],[-77.575,35.668],[-77.528,35.675],[-77.525,35.675],[-77.475,35.682],[-77.425,35.688],[-77.375,35.694],[-77.325,35.699],[-77.275,35.704],[-77.225,35.708],[-77.175,35.711],[-77.125,35.714],[-77.075,35.716],[-77.025,35.717],[-76.975,35.717],[-76.925,35.716],[-76.875,35.714],[-76.825,35.712],[-76.775,35.707],[-76.725,35.702],[-76.701,35.699]]]}},{"type":"Feature","properties":{"date":"2018-04-10","label":"10 Apr","yday":100,"tier":"five","major":false},"geometry":{"type":"MultiLineString","coordinates":[[[-78.917,35.583],[-78.875,35.588],[-78.825,35.594],[-78.775,35.6],[-78.725,35.606],[-78.675,35.611],[-78.625,35.616],[-78.575,35.622],[-78.542,35.625],[-78.525,35.627],[-78.475,35.632],[-78.436,35.636]],[[-78.355,35.645],[-78.325,35.649],[-78.275,35.655],[-78.225,35.661],[-78.175,35.667],[-78.125,35.674],[-78.115,35.675],[-78.075,35.68],[-78.025,35.687],[-77.975,35.695],[-77.925,35.702],[-77.875,35.71],[-77.825,35.718],[-77.781,35.725],[-77.775,35.726],[-77.725,35.734],[-77.675,35.742],[-77.625,35.75],[-77.575,35.758],[-77.525,35.766],[-77.475,35.773],[-77.463,35.775],[-77.425,35.78],[-77.375,35.787],[-77.325,35.793],[-77.275,35.799],[-77.225,35.805],[-77.175,35.81],[-77.125,35.814],[-77.075,35.818],[-77.025,35.821],[-76.975,35.824],[-76.934,35.825],[-76.925,35.825],[-76.875,35.826],[-76.825,35.826],[-76.775,35.825],[-76.769,35.825],[-76.725,35.823],[-76.675,35.82],[-76.625,35.815],[-76.589,35.811]]]}},{"type":"Feature","properties":{"date":"2018-04-11","label":"11 Apr","yday":101,"tier":"day","major":false},"geometry":{"type":"MultiLineString","coordinates":[[[-78.875,35.664],[-78.825,35.67],[-78.78,35.675],[-78.775,35.676],[-78.725,35.681],[-78.686,35.686]],[[-78.147,35.753],[-78.125,35.756],[-78.075,35.763],[-78.025,35.771],[-77.998,35.775],[-77.975,35.779],[-77.925,35.787],[-77.875,35.795],[-77.825,35.803],[-77.775,35.812],[-77.725,35.821],[-77.7,35.825],[-77.675,35.829],[-77.625,35.838],[-77.575,35.847],[-77.525,35.855],[-77.475,35.863],[-77.425,35.871],[-77.401,35.875],[-77.375,35.879],[-77.325,35.886],[-77.275,35.894],[-77.225,35.9],[-77.175,35.907],[-77.125,35.913],[-77.075,35.919],[-77.025,35.924],[-77.012,35.925],[-76.975,35.928],[-76.925,35.933],[-76.875,35.936],[-76.825,35.939],[-76.775,35.941],[-76.725,35.942],[-76.692,35.942]],[[-75.975,35.796],[-75.925,35.778],[-75.917,35.775],[-75.875,35.759],[-75.85,35.75]]]}},{"type":"Feature","properties":{"date":"2018-04-12","label":"12 Apr","yday":102,"tier":"day","major":false},"geometry":{"type":"MultiLineString","coordinates":[[[-78.05,35.85],[-78.025,35.854],[-77.975,35.862],[-77.925,35.871],[-77.901,35.875],[-77.875,35.88],[-77.825,35.889],[-77.775,35.898],[-77.725,35.907],[-77.675,35.916],[-77.628,35.925],[-77.625,35.926],[-77.575,35.935],[-77.525,35.944],[-77.475,35.953],[-77.425,35.962],[-77.375,35.971],[-77.349,35.975],[-77.325,35.979],[-77.275,35.987],[-77.225,35.996],[-77.175,36.004],[-77.125,36.011],[-77.075,36.019],[-77.031,36.025],[-77.025,36.026],[-76.975,36.033],[-76.925,36.039],[-76.875,36.045],[-76.825,36.051],[-76.775,36.055],[-76.757,36.057]],[[-76.615,36.065],[-76.575,36.066]]]}},{"type":"Feature","properties":{"date":"2018-04-13","label":"13 Apr","yday":103,"tier":"day","major":false},"geometry":{"type":"MultiLineString","coordinates":[[[-77.949,35.951],[-77.925,35.955],[-77.875,35.965],[-77.825,35.974],[-77.822,35.975],[-77.775,35.984],[-77.725,35.994],[-77.675,36.004],[-77.625,36.014],[-77.575,36.024],[-77.567,36.025],[-77.525,36.033],[-77.475,36.043],[-77.425,36.053],[-77.375,36.063],[-77.325,36.072],[-77.311,36.075],[-77.275,36.082],[-77.225,36.091],[-77.175,36.101],[-77.125,36.11],[-77.075,36.119],[-77.044,36.125],[-77.025,36.128],[-76.975,36.137],[-76.925,36.146],[-76.875,36.154],[-76.825,36.162],[-76.775,36.169],[-76.732,36.175],[-76.726,36.176]],[[-76.724,36.176],[-76.675,36.182],[-76.625,36.186],[-76.575,36.19],[-76.559,36.191]]]}},{"type":"Feature","properties":{"date":"2018-04-14","label":"14 Apr","yday":104,"tier":"day","major":false},"geometry":{"type":"MultiLineString","coordinates":[[[-77.842,36.058],[-77.825,36.061],[-77.775,36.072],[-77.759,36.075],[-77.725,36.082],[-77.675,36.092],[-77.625,36.103],[-77.575,36.114],[-77.525,36.124],[-77.521,36.125],[-77.475,36.135],[-77.425,36.146],[-77.375,36.156],[-77.325,36.167],[-77.288,36.175],[-77.275,36.178],[-77.225,36.189],[-77.175,36.199],[-77.125,36.21],[-77.075,36.221],[-77.059,36.225],[-77.025,36.233],[-76.975,36.244],[-76.925,36.254],[-76.875,36.265],[-76.825,36.275],[-76.825,36.275],[-76.775,36.285],[-76.725,36.293],[-76.703,36.297]],[[-76.654,36.304],[-76.625,36.309],[-76.575,36.316],[-76.525,36.321],[-76.481,36.325],[-76.475,36.326]]]}},{"type":"Feature","properties":{"date":"2018-04-15","label":"15 Apr","yday":105,"tier":"index","major":true},"geometry":{"type":"MultiLineString","coordinates":[[[-77.729,36.171],[-77.725,36.172],[-77.711,36.175],[-77.675,36.183],[-77.625,36.194],[-77.575,36.206],[-77.525,36.217],[-77.491,36.225],[-77.475,36.229],[-77.425,36.241],[-77.375,36.252],[-77.325,36.264],[-77.28,36.275],[-77.275,36.276],[-77.225,36.289],[-77.175,36.301],[-77.125,36.314],[-77.082,36.325],[-77.075,36.327],[-77.025,36.34],[-76.975,36.353],[-76.925,36.366],[-76.888,36.375],[-76.875,36.378],[-76.825,36.391],[-76.775,36.402],[-76.725,36.414],[-76.675,36.424],[-76.672,36.425],[-76.625,36.434],[-76.575,36.444],[-76.525,36.452],[-76.475,36.46],[-76.435,36.465]]]}},{"type":"Feature","properties":{"date":"2018-04-16","label":"16 Apr","yday":106,"tier":"day","major":false},"geometry":{"type":"MultiLineString","coordinates":[[[-77.673,36.277],[-77.625,36.289],[-77.575,36.301],[-77.525,36.314],[-77.479,36.325],[-77.475,36.326],[-77.425,36.339],[-77.375,36.352],[-77.325,36.366],[-77.29,36.375],[-77.275,36.379],[-77.225,36.393],[-77.175,36.407],[-77.125,36.422],[-77.114,36.425],[-77.075,36.437],[-77.025,36.452],[-76.975,36.466],[-76.946,36.475],[-76.925,36.481],[-76.875,36.496],[-76.825,36.51],[-76.775,36.524],[-76.771,36.525],[-76.725,36.537],[-76.675,36.55],[-76.625,36.563],[-76.575,36.574],[-76.572,36.575],[-76.525,36.585],[-76.475,36.595],[-76.425,36.604],[-76.375,36.612],[-76.325,36.619]]]}},{"type":"Feature","properties":{"date":"2018-04-17","label":"17 Apr","yday":107,"tier":"day","major":false},"geometry":{"type":"MultiLineString","coordinates":[[[-77.625,36.388],[-77.575,36.401],[-77.525,36.414],[-77.487,36.425],[-77.475,36.428],[-77.425,36.443],[-77.375,36.457],[-77.325,36.472],[-77.315,36.475],[-77.275,36.487],[-77.225,36.503],[-77.175,36.519],[-77.156,36.525],[-77.125,36.535],[-77.075,36.552],[-77.025,36.568],[-77.004,36.575],[-76.975,36.585],[-76.925,36.601],[-76.875,36.617],[-76.85,36.625],[-76.825,36.633],[-76.775,36.649],[-76.725,36.664],[-76.688,36.675],[-76.675,36.679],[-76.625,36.693],[-76.575,36.706],[-76.525,36.718],[-76.495,36.725]]]}},{"type":"Feature","properties":{"date":"2018-04-18","label":"18 Apr","yday":108,"tier":"day","major":false},"geometry":{"type":"MultiLineString","coordinates":[[[-77.678,36.478],[-77.675,36.479],[-77.625,36.493],[-77.575,36.507],[-77.525,36.521],[-77.512,36.525],[-77.475,36.536],[-77.425,36.552],[-77.375,36.568],[-77.353,36.575],[-77.325,36.584],[-77.275,36.602],[-77.225,36.619],[-77.207,36.625]],[[-77.157,36.643],[-77.125,36.655],[-77.075,36.672],[-77.067,36.675],[-77.025,36.69],[-76.975,36.708],[-76.926,36.725],[-76.925,36.726],[-76.875,36.743],[-76.825,36.76],[-76.78,36.775],[-76.775,36.777],[-76.725,36.793],[-76.675,36.808],[-76.662,36.812]]]}},{"type":"Feature","properties":{"date":"2018-04-19","label":"19 Apr","yday":109,"tier":"day","major":false},"geometry":{"type":"MultiLineString","coordinates":[[[-77.804,36.554],[-77.775,36.562],[-77.728,36.575],[-77.725,36.576],[-77.675,36.59],[-77.625,36.605],[-77.575,36.62],[-77.558,36.625]]]}},{"type":"Feature","properties":{"date":"2018-04-20","label":"20 Apr","yday":110,"tier":"five","major":false},"geometry":{"type":"MultiLineString","coordinates":[[[-77.875,36.651],[-77.825,36.666],[-77.795,36.675],[-77.775,36.681],[-77.741,36.691]]]}}]}