{"type":"FeatureCollection","features":[{"type":"Feature","properties":{"date":"2012-02-10","label":"10 Feb","yday":41,"tier":"day","major":false},"geometry":{"type":"MultiLineString","coordinates":[[[-82.025,26.791],[-81.975,26.794],[-81.925,26.797],[-81.875,26.8],[-81.825,26.803],[-81.795,26.805]],[[-81.482,26.825],[-81.475,26.825],[-81.475,26.825]]]}},{"type":"Feature","properties":{"date":"2012-02-11","label":"11 Feb","yday":42,"tier":"day","major":false},"geometry":{"type":"MultiLineString","coordinates":[[[-82.379,26.979],[-82.375,26.979],[-82.325,26.982],[-82.275,26.985],[-82.225,26.987],[-82.175,26.99],[-82.125,26.993],[-82.075,26.996],[-82.025,26.998],[-81.975,27.001],[-81.925,27.005],[-81.875,27.008],[-81.825,27.011],[-81.775,27.014],[-81.725,27.018],[-81.675,27.021],[-81.625,27.024],[-81.616,27.025],[-81.575,27.028],[-81.525,27.031],[-81.475,27.035],[-81.425,27.039],[-81.375,27.042],[-81.325,27.046]]]}},{"type":"Feature","properties":{"date":"2012-02-12","label":"12 Feb","yday":43,"tier":"day","major":false},"geometry":{"type":"MultiLineString","coordinates":[[[-82.481,27.181],[-82.475,27.182],[-82.425,27.185],[-82.375,27.188],[-82.325,27.191],[-82.275,27.194],[-82.225,27.197],[-82.175,27.2],[-82.125,27.203],[-82.075,27.206],[-82.025,27.209],[-81.975,27.213],[-81.925,27.216],[-81.875,27.22],[-81.825,27.223],[-81.799,27.225],[-81.775,27.227],[-81.725,27.23],[-81.675,27.234],[-81.625,27.238],[-81.575,27.242],[-81.525,27.246],[-81.475,27.249],[-81.425,27.253],[-81.375,27.258],[-81.325,27.262],[-81.275,27.266],[-81.225,27.27],[-81.176,27.274]]]}},{"type":"Feature","properties":{"date":"2012-02-13","label":"13 Feb","yday":44,"tier":"day","major":false},"geometry":{"type":"MultiLineString","coordinates":[[[-82.537,27.387],[-82.525,27.388],[-82.475,27.391],[-82.425,27.395],[-82.375,27.398],[-82.325,27.402],[-82.275,27.405],[-82.225,27.409],[-82.175,27.412],[-82.125,27.416],[-82.075,27.42],[-82.025,27.423],[-82.002,27.425],[-81.975,27.427],[-81.925,27.431],[-81.875,27.435],[-81.825,27.439],[-81.775,27.443],[-81.725,27.447],[-81.675,27.451],[-81.625,27.456],[-81.575,27.46],[-81.525,27.465],[-81.475,27.469],[-81.425,27.474],[-81.416,27.475],[-81.375,27.479],[-81.325,27.484],[-81.275,27.489],[-81.225,27.494],[-81.175,27.499],[-81.125,27.504],[-81.075,27.509],[-81.025,27.514],[-80.975,27.519],[-80.925,27.525],[-80.923,27.525],[-80.875,27.53],[-80.825,27.536],[-80.775,27.542]]]}},{"type":"Feature","properties":{"date":"2012-02-14","label":"14 Feb","yday":45,"tier":"index","major":true},"geometry":{"type":"MultiLineString","coordinates":[[[-82.554,27.596],[-82.525,27.598],[-82.475,27.602],[-82.425,27.606],[-82.375,27.61],[-82.325,27.614],[-82.275,27.618],[-82.225,27.622],[-82.186,27.625],[-82.175,27.626],[-82.125,27.63],[-82.075,27.634],[-82.025,27.638],[-81.975,27.643],[-81.925,27.647],[-81.875,27.652],[-81.825,27.657],[-81.775,27.661],[-81.725,27.667],[-81.675,27.672],[-81.645,27.675],[-81.625,27.677],[-81.575,27.683],[-81.525,27.688],[-81.475,27.694],[-81.425,27.7],[-81.375,27.706],[-81.325,27.712],[-81.275,27.718],[-81.225,27.724],[-81.218,27.725],[-81.175,27.73],[-81.125,27.736],[-81.075,27.743],[-81.025,27.749],[-80.975,27.755],[-80.925,27.761],[-80.875,27.767],[-80.825,27.773],[-80.823,27.773]]]}},{"type":"Feature","properties":{"date":"2012-02-15","label":"15 Feb","yday":46,"tier":"day","major":false},"geometry":{"type":"MultiLineString","coordinates":[[[-82.736,27.786],[-82.725,27.787],[-82.675,27.792],[-82.625,27.797]],[[-82.375,27.82],[-82.325,27.824],[-82.317,27.825],[-82.275,27.829],[-82.225,27.833],[-82.175,27.838],[-82.125,27.843],[-82.075,27.848],[-82.025,27.853],[-81.975,27.858],[-81.925,27.863],[-81.875,27.869],[-81.825,27.875],[-81.823,27.875],[-81.775,27.881],[-81.725,27.887],[-81.675,27.894],[-81.625,27.901],[-81.575,27.908],[-81.525,27.915],[-81.475,27.922],[-81.456,27.925],[-81.425,27.93],[-81.375,27.937],[-81.325,27.944],[-81.275,27.952],[-81.225,27.959],[-81.175,27.966],[-81.125,27.973],[-81.111,27.975],[-81.075,27.98],[-81.025,27.987],[-80.975,27.994],[-80.925,28.001]]]}},{"type":"Feature","properties":{"date":"2012-02-16","label":"16 Feb","yday":47,"tier":"day","major":false},"geometry":{"type":"MultiLineString","coordinates":[[[-82.825,27.975],[-82.824,27.975],[-82.775,27.981],[-82.725,27.986],[-82.712,27.988]],[[-82.6,28.0],[-82.575,28.003],[-82.525,28.008],[-82.475,28.014],[-82.425,28.019],[-82.375,28.024],[-82.369,28.025],[-82.325,28.03],[-82.275,28.035],[-82.225,28.041],[-82.175,28.047],[-82.125,28.053],[-82.075,28.059],[-82.025,28.066],[-81.975,28.073],[-81.958,28.075],[-81.925,28.08],[-81.875,28.087],[-81.825,28.094],[-81.775,28.102],[-81.725,28.11],[-81.675,28.118],[-81.632,28.125],[-81.625,28.126],[-81.575,28.134],[-81.525,28.143],[-81.475,28.151],[-81.425,28.16],[-81.375,28.168],[-81.334,28.175],[-81.325,28.177],[-81.275,28.185],[-81.225,28.193],[-81.175,28.201],[-81.125,28.208],[-81.075,28.216],[-81.025,28.223],[-81.013,28.225],[-80.975,28.23],[-80.936,28.236]]]}},{"type":"Feature","properties":{"date":"2012-02-17","label":"17 Feb","yday":48,"tier":"day","major":false},"geometry":{"type":"MultiLineString","coordinates":[[[-82.775,28.175],[-82.771,28.175],[-82.725,28.18],[-82.675,28.186],[-82.625,28.192],[-82.575,28.198],[-82.525,28.205],[-82.475,28.211],[-82.425,28.217],[-82.375,28.224],[-82.366,28.225],[-82.325,28.231],[-82.275,28.238],[-82.225,28.245],[-82.175,28.252],[-82.125,28.26],[-82.075,28.268],[-82.03,28.275],[-82.025,28.276],[-81.975,28.284],[-81.925,28.293],[-81.875,28.302],[-81.825,28.311],[-81.775,28.32],[-81.748,28.325],[-81.725,28.329],[-81.675,28.339],[-81.625,28.348],[-81.575,28.358],[-81.525,28.367],[-81.484,28.375],[-81.475,28.377],[-81.425,28.386],[-81.375,28.395],[-81.325,28.404],[-81.275,28.413],[-81.225,28.421],[-81.199,28.425],[-81.175,28.429],[-81.125,28.437],[-81.075,28.444],[-81.025,28.451],[-80.975,28.458]]]}},{"type":"Feature","properties":{"date":"2012-02-18","label":"18 Feb","yday":49,"tier":"day","major":false},"geometry":{"type":"MultiLineString","coordinates":[[[-82.671,28.379],[-82.625,28.385],[-82.575,28.392],[-82.525,28.399],[-82.475,28.406],[-82.425,28.413],[-82.375,28.421],[-82.347,28.425],[-82.325,28.429],[-82.275,28.437],[-82.225,28.445],[-82.175,28.454],[-82.125,28.463],[-82.075,28.473],[-82.064,28.475],[-82.025,28.482],[-81.975,28.492],[-81.925,28.502],[-81.875,28.512],[-81.825,28.523],[-81.814,28.525],[-81.775,28.533],[-81.725,28.543],[-81.675,28.554],[-81.625,28.564],[-81.575,28.574],[-81.572,28.575],[-81.525,28.584],[-81.475,28.594],[-81.425,28.604],[-81.375,28.614],[-81.325,28.623],[-81.311,28.625],[-81.275,28.631],[-81.225,28.64],[-81.175,28.647],[-81.125,28.655],[-81.075,28.662]]]}},{"type":"Feature","properties":{"date":"2012-02-19","label":"19 Feb","yday":50,"tier":"five","major":false},"geometry":{"type":"MultiLineString","coordinates":[[[-82.625,28.578],[-82.575,28.586],[-82.525,28.593],[-82.475,28.601],[-82.425,28.609],[-82.375,28.617],[-82.332,28.625],[-82.325,28.626],[-82.275,28.636],[-82.225,28.645],[-82.175,28.655],[-82.125,28.665],[-82.078,28.675],[-82.075,28.676],[-82.025,28.686],[-81.975,28.697],[-81.925,28.708],[-81.875,28.719],[-81.848,28.725],[-81.825,28.73],[-81.775,28.741],[-81.725,28.752],[-81.675,28.763],[-81.625,28.773],[-81.616,28.775],[-81.575,28.784],[-81.525,28.794],[-81.475,28.804],[-81.425,28.813],[-81.375,28.823],[-81.362,28.825],[-81.325,28.832],[-81.275,28.84],[-81.225,28.848],[-81.175,28.856],[-81.125,28.863],[-81.075,28.87],[-81.04,28.875],[-81.025,28.877]]]}},{"type":"Feature","properties":{"date":"2012-02-20","label":"20 Feb","yday":51,"tier":"day","major":false},"geometry":{"type":"MultiLineString","coordinates":[[[-82.625,28.773],[-82.612,28.775],[-82.575,28.781],[-82.525,28.789],[-82.475,28.797],[-82.425,28.806],[-82.375,28.815],[-82.325,28.824],[-82.321,28.825],[-82.275,28.834],[-82.225,28.844],[-82.175,28.855],[-82.125,28.866],[-82.083,28.875],[-82.075,28.877],[-82.025,28.888],[-81.975,28.899],[-81.925,28.91],[-81.875,28.922],[-81.86,28.925],[-81.825,28.933],[-81.775,28.944],[-81.725,28.955],[-81.675,28.965],[-81.628,28.975],[-81.625,28.976],[-81.575,28.986],[-81.525,28.996],[-81.475,29.005],[-81.425,29.015],[-81.375,29.024],[-81.369,29.025],[-81.325,29.033],[-81.275,29.041],[-81.225,29.049],[-81.175,29.057],[-81.125,29.064],[-81.075,29.071],[-81.041,29.075],[-81.025,29.077],[-80.975,29.083]]]}},{"type":"Feature","properties":{"date":"2012-02-21","label":"21 Feb","yday":52,"tier":"day","major":false},"geometry":{"type":"MultiLineString","coordinates":[[[-82.706,28.956],[-82.675,28.961],[-82.625,28.969],[-82.588,28.975],[-82.575,28.977],[-82.525,28.986],[-82.475,28.995],[-82.425,29.004],[-82.375,29.013],[-82.325,29.023],[-82.317,29.025],[-82.275,29.033],[-82.225,29.044],[-82.175,29.054],[-82.125,29.065],[-82.081,29.075],[-82.075,29.076],[-82.025,29.087],[-81.975,29.098],[-81.925,29.109],[-81.875,29.12],[-81.854,29.125],[-81.825,29.131],[-81.775,29.142],[-81.725,29.153],[-81.675,29.163],[-81.625,29.173],[-81.616,29.175],[-81.575,29.183],[-81.525,29.193],[-81.475,29.202],[-81.425,29.211],[-81.375,29.22],[-81.345,29.225],[-81.325,29.228],[-81.275,29.236],[-81.225,29.244],[-81.175,29.251],[-81.125,29.258],[-81.075,29.265],[-81.066,29.266]]]}},{"type":"Feature","properties":{"date":"2012-02-22","label":"22 Feb","yday":53,"tier":"day","major":false},"geometry":{"type":"MultiLineString","coordinates":[[[-82.787,29.137],[-82.775,29.139],[-82.725,29.148],[-82.675,29.156],[-82.625,29.165],[-82.575,29.174],[-82.568,29.175],[-82.525,29.183],[-82.475,29.192],[-82.425,29.202],[-82.375,29.211],[-82.325,29.221],[-82.307,29.225],[-82.275,29.231],[-82.225,29.242],[-82.175,29.252],[-82.125,29.263],[-82.075,29.274],[-82.07,29.275],[-82.025,29.285],[-81.975,29.295],[-81.925,29.306],[-81.875,29.317],[-81.836,29.325],[-81.825,29.327],[-81.775,29.338],[-81.725,29.348],[-81.675,29.358],[-81.625,29.368],[-81.586,29.375],[-81.575,29.377],[-81.525,29.386],[-81.475,29.395],[-81.425,29.404],[-81.375,29.412],[-81.325,29.42],[-81.293,29.425],[-81.275,29.428],[-81.225,29.435],[-81.175,29.442],[-81.125,29.448]]]}},{"type":"Feature","properties":{"date":"2012-02-23","label":"23 Feb","yday":54,"tier":"day","major":false},"geometry":{"type":"MultiLineString","coordinates":[[[-83.084,29.284],[-83.075,29.285],[-83.025,29.293],[-82.975,29.301],[-82.925,29.309],[-82.875,29.317],[-82.825,29.325],[-82.825,29.325],[-82.775,29.334],[-82.725,29.342],[-82.675,29.351],[-82.625,29.36],[-82.575,29.369],[-82.544,29.375],[-82.525,29.379],[-82.475,29.388],[-82.425,29.398],[-82.375,29.408],[-82.325,29.418],[-82.289,29.425],[-82.275,29.428],[-82.225,29.438],[-82.175,29.448],[-82.125,29.459],[-82.075,29.469],[-82.047,29.475],[-82.025,29.48],[-81.975,29.49],[-81.925,29.5],[-81.875,29.51],[-81.825,29.52],[-81.802,29.525],[-81.775,29.53],[-81.725,29.54],[-81.675,29.55],[-81.625,29.559],[-81.575,29.568],[-81.535,29.575],[-81.525,29.577],[-81.475,29.585],[-81.425,29.593],[-81.375,29.601],[-81.325,29.609],[-81.275,29.616],[-81.225,29.623],[-81.223,29.623]]]}},{"type":"Feature","properties":{"date":"2012-02-24","label":"24 Feb","yday":55,"tier":"five","major":false},"geometry":{"type":"MultiLineString","coordinates":[[[-83.249,29.449],[-83.225,29.453],[-83.175,29.461],[-83.125,29.468],[-83.082,29.475],[-83.075,29.476],[-83.025,29.484],[-82.975,29.492],[-82.925,29.5],[-82.875,29.509],[-82.825,29.518],[-82.782,29.525],[-82.775,29.526],[-82.725,29.535],[-82.675,29.544],[-82.625,29.553],[-82.575,29.563],[-82.525,29.572],[-82.51,29.575],[-82.475,29.582],[-82.425,29.591],[-82.375,29.601],[-82.325,29.611],[-82.275,29.621],[-82.255,29.625],[-82.225,29.631],[-82.175,29.641],[-82.125,29.651],[-82.075,29.661],[-82.025,29.671],[-82.005,29.675],[-81.975,29.681],[-81.925,29.691],[-81.875,29.701],[-81.825,29.71],[-81.775,29.72],[-81.747,29.725],[-81.725,29.729],[-81.675,29.738],[-81.625,29.747],[-81.575,29.756],[-81.525,29.764],[-81.475,29.772],[-81.457,29.775],[-81.425,29.78],[-81.375,29.787],[-81.325,29.794],[-81.275,29.801]]]}},{"type":"Feature","properties":{"date":"2012-02-25","label":"25 Feb","yday":56,"tier":"day","major":false},"geometry":{"type":"MultiLineString","coordinates":[[[-83.375,29.62],[-83.34,29.625],[-83.325,29.627],[-83.275,29.635],[-83.225,29.642],[-83.175,29.65],[-83.125,29.658],[-83.075,29.666],[-83.025,29.674],[-83.019,29.675],[-82.975,29.682],[-82.925,29.691],[-82.875,29.699],[-82.825,29.708],[-82.775,29.717],[-82.73,29.725],[-82.725,29.726],[-82.675,29.735],[-82.625,29.744],[-82.575,29.753],[-82.525,29.763],[-82.475,29.772],[-82.461,29.775],[-82.425,29.782],[-82.375,29.791],[-82.325,29.801],[-82.275,29.811],[-82.225,29.82],[-82.2,29.825],[-82.175,29.83],[-82.125,29.839],[-82.075,29.849],[-82.025,29.859],[-81.975,29.868],[-81.939,29.875],[-81.925,29.878],[-81.875,29.887],[-81.825,29.896],[-81.775,29.906],[-81.725,29.915],[-81.675,29.923],[-81.666,29.925],[-81.625,29.932],[-81.575,29.94],[-81.525,29.948],[-81.475,29.956],[-81.425,29.963],[-81.375,29.97],[-81.337,29.975],[-81.325,29.977]]]}},{"type":"Feature","properties":{"date":"2012-02-26","label":"26 Feb","yday":57,"tier":"day","major":false},"geometry":{"type":"MultiLineString","coordinates":[[[-83.575,29.779],[-83.525,29.786],[-83.475,29.793],[-83.425,29.8],[-83.375,29.807],[-83.325,29.815],[-83.275,29.822],[-83.258,29.825],[-83.225,29.83],[-83.175,29.838],[-83.125,29.846],[-83.075,29.854],[-83.025,29.862],[-82.975,29.871],[-82.949,29.875],[-82.925,29.879],[-82.875,29.888],[-82.825,29.896],[-82.775,29.905],[-82.725,29.914],[-82.675,29.923],[-82.665,29.925],[-82.625,29.932],[-82.575,29.941],[-82.525,29.95],[-82.475,29.96],[-82.425,29.969],[-82.392,29.975],[-82.375,29.978],[-82.325,29.987],[-82.275,29.996],[-82.225,30.006],[-82.175,30.015],[-82.125,30.024],[-82.12,30.025],[-82.075,30.033],[-82.025,30.042],[-81.975,30.051],[-81.925,30.061],[-81.875,30.07],[-81.846,30.075],[-81.825,30.079],[-81.775,30.088],[-81.725,30.097],[-81.675,30.105],[-81.625,30.114],[-81.575,30.121],[-81.551,30.125],[-81.525,30.129],[-81.475,30.136],[-81.425,30.142],[-81.375,30.149]]]}},{"type":"Feature","properties":{"date":"2012-02-27","label":"27 Feb","yday":58,"tier":"day","major":false},"geometry":{"type":"MultiLineString","coordinates":[[[-94.664,29.736],[-94.625,29.74],[-94.575,29.745],[-94.525,29.75],[-94.475,29.755],[-94.425,29.76]],[[-85.302,29.852],[-85.275,29.851],[-85.225,29.85],[-85.175,29.85],[-85.125,29.85],[-85.075,29.85],[-85.025,29.851],[-84.975,29.852],[-84.925,29.853],[-84.875,29.854],[-84.825,29.856],[-84.775,29.858],[-84.725,29.86],[-84.688,29.862]],[[-83.699,29.949],[-83.675,29.952],[-83.625,29.959],[-83.575,29.965],[-83.525,29.972],[-83.504,29.975],[-83.475,29.979],[-83.425,29.986],[-83.375,29.993],[-83.325,30.001],[-83.275,30.008],[-83.225,30.016],[-83.175,30.024],[-83.169,30.025],[-83.125,30.032],[-83.075,30.04],[-83.025,30.048],[-82.975,30.057],[-82.925,30.065],[-82.875,30.074],[-82.868,30.075],[-82.825,30.082],[-82.775,30.091],[-82.725,30.1],[-82.675,30.109],[-82.625,30.117],[-82.583,30.125],[-82.575,30.126],[-82.525,30.135],[-82.475,30.144],[-82.425,30.153],[-82.375,30.162],[-82.325,30.171],[-82.3,30.175],[-82.275,30.179],[-82.225,30.188],[-82.175,30.197],[-82.125,30.205],[-82.075,30.214],[-82.025,30.223],[-82.012,30.225],[-81.975,30.231],[-81.925,30.24],[-81.875,30.249],[-81.825,30.257],[-81.775,30.266],[-81.725,30.275],[-81.723,30.275],[-81.675,30.283],[-81.625,30.29],[-81.575,30.298],[-81.525,30.304],[-81.475,30.311],[-81.425,30.317]]]}},{"type":"Feature","properties":{"date":"2012-02-28","label":"28 Feb","yday":59,"tier":"day","major":false},"geometry":{"type":"MultiLineString","coordinates":[[[-85.449,30.049],[-85.425,30.048],[-85.375,30.046],[-85.325,30.045],[-85.275,30.044],[-85.225,30.044],[-85.175,30.043],[-85.125,30.043],[-85.075,30.043],[-85.025,30.043],[-84.975,30.044],[-84.925,30.045],[-84.875,30.046],[-84.825,30.047],[-84.775,30.049],[-84.725,30.051],[-84.675,30.053],[-84.625,30.055],[-84.575,30.058],[-84.525,30.06],[-84.475,30.063],[-84.425,30.066],[-84.375,30.07],[-84.327,30.073]],[[-84.184,30.084],[-84.175,30.085],[-84.164,30.086]],[[-84.001,30.101],[-83.975,30.103],[-83.925,30.108],[-83.875,30.114],[-83.825,30.119],[-83.775,30.125],[-83.775,30.125],[-83.725,30.131],[-83.675,30.137],[-83.625,30.143],[-83.575,30.15],[-83.525,30.157],[-83.475,30.164],[-83.425,30.171],[-83.395,30.175],[-83.375,30.178],[-83.325,30.185],[-83.275,30.193],[-83.225,30.201],[-83.175,30.208],[-83.125,30.216],[-83.075,30.224],[-83.072,30.225],[-83.025,30.233],[-82.975,30.241],[-82.925,30.249],[-82.875,30.258],[-82.825,30.266],[-82.775,30.275],[-82.773,30.275],[-82.725,30.283],[-82.675,30.292],[-82.625,30.3],[-82.575,30.309],[-82.525,30.318],[-82.481,30.325],[-82.475,30.326],[-82.425,30.335],[-82.375,30.343],[-82.325,30.351],[-82.275,30.36],[-82.225,30.368],[-82.183,30.375],[-82.175,30.376],[-82.125,30.385],[-82.075,30.393],[-82.025,30.401],[-81.975,30.409],[-81.925,30.417],[-81.875,30.425],[-81.874,30.425],[-81.825,30.433],[-81.775,30.44],[-81.725,30.448],[-81.675,30.455],[-81.625,30.462],[-81.575,30.469],[-81.526,30.475],[-81.525,30.475],[-81.475,30.481]],[[-89.758,30.258],[-89.725,30.256],[-89.675,30.254],[-89.625,30.251],[-89.575,30.248],[-89.525,30.246],[-89.475,30.243],[-89.425,30.24]]]}},{"type":"Feature","properties":{"date":"2012-02-29","label":"29 Feb","yday":60,"tier":"index","major":true},"geometry":{"type":"MultiLineString","coordinates":[[[-94.375,30.095],[-94.325,30.1],[-94.275,30.105],[-94.225,30.11],[-94.175,30.115],[-94.125,30.119],[-94.075,30.123],[-94.053,30.125],[-94.025,30.127],[-93.975,30.131],[-93.968,30.132]],[[-85.656,30.256],[-85.625,30.254],[-85.575,30.251],[-85.525,30.249],[-85.475,30.247],[-85.425,30.245],[-85.375,30.243],[-85.325,30.241],[-85.275,30.24],[-85.225,30.239],[-85.175,30.239],[-85.125,30.238],[-85.075,30.238],[-85.025,30.238],[-84.975,30.238],[-84.925,30.238],[-84.875,30.239],[-84.825,30.24],[-84.775,30.241],[-84.725,30.242],[-84.675,30.244],[-84.625,30.246],[-84.575,30.248],[-84.525,30.25],[-84.475,30.252],[-84.425,30.255],[-84.375,30.257],[-84.325,30.26],[-84.275,30.264],[-84.225,30.267],[-84.175,30.271],[-84.125,30.275],[-84.12,30.275],[-84.075,30.279],[-84.025,30.283],[-83.975,30.288],[-83.925,30.292],[-83.875,30.298],[-83.825,30.303],[-83.775,30.308],[-83.725,30.314],[-83.675,30.32],[-83.635,30.325],[-83.625,30.326],[-83.575,30.333],[-83.525,30.339],[-83.475,30.346],[-83.425,30.353],[-83.375,30.36],[-83.325,30.368],[-83.276,30.375],[-83.275,30.375],[-83.225,30.383],[-83.175,30.391],[-83.125,30.399],[-83.075,30.407],[-83.025,30.415],[-82.975,30.423],[-82.962,30.425],[-82.925,30.431],[-82.875,30.439],[-82.825,30.448],[-82.775,30.456],[-82.725,30.464],[-82.675,30.473],[-82.661,30.475],[-82.625,30.481],[-82.575,30.489],[-82.525,30.497],[-82.475,30.506],[-82.425,30.514],[-82.375,30.522],[-82.355,30.525],[-82.325,30.53],[-82.275,30.538],[-82.225,30.545],[-82.175,30.553],[-82.125,30.561],[-82.075,30.568],[-82.03,30.575],[-82.025,30.576],[-81.975,30.583],[-81.925,30.59],[-81.875,30.597],[-81.825,30.604],[-81.775,30.611],[-81.725,30.618],[-81.675,30.624],[-81.669,30.625],[-81.625,30.63],[-81.575,30.637],[-81.525,30.642],[-81.475,30.648]],[[-85.981,30.281],[-85.975,30.28],[-85.925,30.276],[-85.912,30.275],[-85.875,30.272],[-85.872,30.272]],[[-88.523,30.373],[-88.475,30.372],[-88.429,30.371]],[[-87.814,30.364],[-87.775,30.364],[-87.725,30.364],[-87.675,30.363],[-87.625,30.363],[-87.575,30.363],[-87.525,30.362],[-87.475,30.362],[-87.462,30.362]],[[-87.389,30.361],[-87.375,30.361],[-87.325,30.36],[-87.275,30.36],[-87.259,30.359]],[[-90.774,30.424],[-90.761,30.425],[-90.725,30.426],[-90.675,30.428],[-90.625,30.43],[-90.575,30.432],[-90.525,30.433],[-90.475,30.434],[-90.425,30.435],[-90.375,30.436],[-90.364,30.436]],[[-88.78,30.38],[-88.775,30.38],[-88.725,30.378],[-88.675,30.377],[-88.625,30.375],[-88.618,30.375]],[[-90.136,30.436],[-90.125,30.436],[-90.075,30.435],[-90.025,30.434],[-89.975,30.433],[-89.925,30.432],[-89.875,30.43],[-89.825,30.428],[-89.775,30.426],[-89.741,30.425],[-89.725,30.424],[-89.675,30.422],[-89.625,30.42],[-89.575,30.417],[-89.525,30.415],[-89.475,30.412],[-89.425,30.41],[-89.375,30.407],[-89.325,30.404],[-89.275,30.402],[-89.225,30.399],[-89.175,30.396],[-89.125,30.394],[-89.075,30.391],[-89.025,30.389]]]}},{"type":"Feature","properties":{"date":"2012-03-01","label":"1 Mar","yday":61,"tier":"day","major":false},"geometry":{"type":"MultiLineString","coordinates":[[[-94.375,30.259],[-94.325,30.264],[-94.275,30.269],[-94.225,30.274],[-94.212,30.275],[-94.175,30.278],[-94.125,30.283],[-94.075,30.288],[-94.025,30.292],[-93.975,30.296],[-93.925,30.301],[-93.875,30.305],[-93.842,30.308]],[[-93.649,30.325],[-93.625,30.327],[-93.575,30.332],[-93.525,30.337],[-93.475,30.341],[-93.425,30.346],[-93.375,30.351],[-93.325,30.356],[-93.275,30.361],[-93.225,30.367],[-93.175,30.372],[-93.144,30.375],[-93.125,30.377],[-93.075,30.382],[-93.025,30.388],[-92.975,30.393],[-92.925,30.399],[-92.875,30.404],[-92.825,30.41],[-92.775,30.416],[-92.725,30.421],[-92.695,30.425],[-92.675,30.427],[-92.625,30.433],[-92.575,30.439],[-92.525,30.445],[-92.475,30.451]],[[-86.469,30.519],[-86.425,30.516],[-86.387,30.513]],[[-86.198,30.498],[-86.175,30.496],[-86.125,30.492],[-86.075,30.488],[-86.025,30.483],[-85.975,30.479],[-85.928,30.475],[-85.925,30.475],[-85.875,30.471],[-85.825,30.467],[-85.775,30.463],[-85.725,30.459],[-85.675,30.456],[-85.625,30.452],[-85.575,30.449],[-85.525,30.447],[-85.475,30.444],[-85.425,30.442],[-85.375,30.44],[-85.325,30.438],[-85.275,30.437],[-85.225,30.435],[-85.175,30.434],[-85.125,30.433],[-85.075,30.432],[-85.025,30.432],[-84.975,30.432],[-84.925,30.432],[-84.875,30.432],[-84.825,30.432],[-84.775,30.433],[-84.725,30.433],[-84.675,30.434],[-84.625,30.435],[-84.575,30.437],[-84.525,30.438],[-84.475,30.44],[-84.425,30.442],[-84.375,30.444],[-84.325,30.447],[-84.275,30.449],[-84.225,30.452],[-84.175,30.455],[-84.125,30.459],[-84.075,30.462],[-84.025,30.466],[-83.975,30.47],[-83.925,30.475],[-83.923,30.475],[-83.875,30.479],[-83.825,30.484],[-83.775,30.49],[-83.725,30.495],[-83.675,30.501],[-83.625,30.507],[-83.575,30.513],[-83.525,30.52],[-83.487,30.525],[-83.475,30.527],[-83.425,30.534],[-83.375,30.541],[-83.325,30.548],[-83.275,30.555],[-83.225,30.563],[-83.175,30.571],[-83.148,30.575],[-83.125,30.579],[-83.075,30.586],[-83.025,30.594],[-82.975,30.603],[-82.925,30.611],[-82.875,30.619],[-82.837,30.625],[-82.825,30.627],[-82.775,30.635],[-82.725,30.643],[-82.675,30.651],[-82.625,30.659],[-82.575,30.667],[-82.525,30.675],[-82.525,30.675],[-82.475,30.683],[-82.425,30.69],[-82.375,30.698],[-82.325,30.705],[-82.275,30.713],[-82.225,30.72],[-82.189,30.725],[-82.175,30.727],[-82.125,30.734],[-82.075,30.741],[-82.025,30.747],[-81.975,30.754],[-81.925,30.76],[-81.875,30.767],[-81.825,30.773],[-81.808,30.775],[-81.775,30.779],[-81.725,30.785],[-81.675,30.791],[-81.625,30.796],[-81.575,30.802],[-81.525,30.807],[-81.489,30.811]],[[-87.875,30.551],[-87.825,30.551],[-87.775,30.551],[-87.725,30.552],[-87.675,30.552],[-87.625,30.552],[-87.575,30.553],[-87.525,30.553],[-87.475,30.553],[-87.425,30.554],[-87.375,30.554],[-87.325,30.554],[-87.275,30.554],[-87.225,30.554],[-87.204,30.554]],[[-87.103,30.553],[-87.075,30.552],[-87.048,30.552]],[[-87.0,30.55],[-86.975,30.55],[-86.925,30.548],[-86.875,30.545],[-86.825,30.543],[-86.775,30.54],[-86.725,30.537],[-86.675,30.534],[-86.625,30.53],[-86.575,30.527],[-86.549,30.525],[-86.525,30.523],[-86.48,30.52]],[[-91.125,30.576],[-91.075,30.578],[-91.025,30.581],[-90.975,30.583],[-90.925,30.586],[-90.875,30.588],[-90.825,30.59],[-90.775,30.592],[-90.725,30.593],[-90.675,30.595],[-90.625,30.596],[-90.575,30.598],[-90.525,30.599],[-90.475,30.6],[-90.425,30.6],[-90.375,30.601],[-90.325,30.601],[-90.275,30.601],[-90.225,30.601],[-90.175,30.601],[-90.125,30.601],[-90.075,30.6],[-90.025,30.599],[-89.975,30.598],[-89.925,30.597],[-89.875,30.595],[-89.825,30.594],[-89.775,30.592],[-89.725,30.59],[-89.675,30.589],[-89.625,30.587],[-89.575,30.585],[-89.525,30.582],[-89.475,30.58],[-89.425,30.578],[-89.375,30.576],[-89.353,30.575],[-89.325,30.574],[-89.275,30.572],[-89.225,30.569],[-89.175,30.567],[-89.125,30.565],[-89.075,30.563],[-89.025,30.562],[-88.975,30.56],[-88.925,30.558],[-88.875,30.557],[-88.825,30.555],[-88.775,30.554],[-88.725,30.553],[-88.675,30.552],[-88.625,30.551],[-88.575,30.551],[-88.525,30.55],[-88.475,30.55],[-88.425,30.55],[-88.375,30.55],[-88.325,30.55],[-88.275,30.55],[-88.225,30.55],[-88.175,30.55],[-88.125,30.55]]]}},{"type":"Feature","properties":{"date":"2012-03-02","label":"2 Mar","yday":62,"tier":"day","major":false},"geometry":{"type":"MultiLineString","coordinates":[[[-94.825,30.367],[-94.775,30.374],[-94.764,30.375],[-94.725,30.38],[-94.675,30.386]],[[-94.475,30.411],[-94.425,30.416],[-94.375,30.422],[-94.347,30.425],[-94.325,30.427],[-94.275,30.433],[-94.225,30.438],[-94.175,30.443],[-94.125,30.448],[-94.075,30.453],[-94.025,30.458],[-93.975,30.462],[-93.925,30.467],[-93.875,30.471],[-93.831,30.475],[-93.825,30.476],[-93.775,30.48],[-93.725,30.484],[-93.675,30.489],[-93.625,30.493],[-93.575,30.498],[-93.525,30.502],[-93.475,30.507],[-93.425,30.511],[-93.375,30.516],[-93.325,30.521],[-93.287,30.525],[-93.275,30.526],[-93.225,30.531],[-93.175,30.537],[-93.125,30.542],[-93.075,30.547],[-93.025,30.553],[-92.975,30.558],[-92.925,30.564],[-92.875,30.57],[-92.831,30.575],[-92.825,30.576],[-92.775,30.582],[-92.725,30.587],[-92.675,30.593],[-92.625,30.599],[-92.575,30.605],[-92.525,30.611],[-92.475,30.617],[-92.425,30.623]],[[-91.225,30.737],[-91.175,30.739],[-91.125,30.742],[-91.075,30.745],[-91.025,30.747],[-90.975,30.75],[-90.925,30.752],[-90.875,30.754],[-90.825,30.755],[-90.775,30.757],[-90.725,30.758],[-90.675,30.76],[-90.625,30.761],[-90.575,30.762],[-90.525,30.763],[-90.475,30.764],[-90.425,30.764],[-90.375,30.764],[-90.325,30.765],[-90.275,30.765],[-90.225,30.765],[-90.175,30.764],[-90.125,30.764],[-90.075,30.763],[-90.025,30.763],[-89.975,30.762],[-89.925,30.761],[-89.875,30.76],[-89.825,30.758],[-89.775,30.757],[-89.725,30.756],[-89.675,30.754],[-89.625,30.752],[-89.575,30.751],[-89.525,30.749],[-89.475,30.747],[-89.425,30.746],[-89.375,30.744],[-89.325,30.742],[-89.275,30.741],[-89.225,30.739],[-89.175,30.737],[-89.125,30.736],[-89.075,30.734],[-89.025,30.733],[-88.975,30.732],[-88.925,30.731],[-88.875,30.73],[-88.825,30.729],[-88.775,30.728],[-88.725,30.728],[-88.675,30.727],[-88.625,30.727],[-88.575,30.727],[-88.525,30.727],[-88.475,30.727],[-88.425,30.727],[-88.375,30.728],[-88.325,30.728],[-88.275,30.729],[-88.225,30.729],[-88.175,30.73],[-88.125,30.731],[-88.075,30.731],[-88.025,30.732],[-87.975,30.733],[-87.925,30.733],[-87.875,30.734],[-87.825,30.735],[-87.775,30.736],[-87.725,30.737],[-87.675,30.738],[-87.625,30.739],[-87.575,30.74],[-87.525,30.74],[-87.475,30.741],[-87.425,30.742],[-87.375,30.743],[-87.325,30.744],[-87.275,30.744],[-87.225,30.745],[-87.175,30.745],[-87.125,30.745],[-87.075,30.745],[-87.025,30.744],[-86.975,30.743],[-86.925,30.742],[-86.875,30.74],[-86.825,30.738],[-86.775,30.735],[-86.725,30.733],[-86.675,30.73],[-86.625,30.727],[-86.598,30.725],[-86.575,30.724],[-86.525,30.72],[-86.475,30.717],[-86.425,30.713],[-86.375,30.709],[-86.325,30.706],[-86.275,30.701],[-86.225,30.697],[-86.175,30.693],[-86.125,30.689],[-86.075,30.684],[-86.025,30.68],[-85.975,30.675],[-85.972,30.675],[-85.925,30.671],[-85.875,30.667],[-85.825,30.662],[-85.775,30.658],[-85.725,30.655],[-85.675,30.651],[-85.625,30.648],[-85.575,30.644],[-85.525,30.641],[-85.475,30.639],[-85.425,30.636],[-85.375,30.634],[-85.325,30.632],[-85.275,30.63],[-85.225,30.629],[-85.175,30.627],[-85.125,30.626],[-85.085,30.625],[-85.075,30.625],[-85.025,30.624],[-84.975,30.623],[-84.925,30.623],[-84.875,30.622],[-84.825,30.622],[-84.775,30.622],[-84.725,30.622],[-84.675,30.623],[-84.625,30.623],[-84.575,30.624],[-84.525,30.625],[-84.523,30.625],[-84.475,30.626],[-84.425,30.627],[-84.375,30.629],[-84.325,30.631],[-84.275,30.633],[-84.225,30.635],[-84.175,30.638],[-84.125,30.641],[-84.075,30.644],[-84.025,30.647],[-83.975,30.651],[-83.925,30.655],[-83.875,30.659],[-83.825,30.664],[-83.775,30.669],[-83.725,30.674],[-83.718,30.675],[-83.675,30.68],[-83.625,30.686],[-83.575,30.692],[-83.525,30.698],[-83.475,30.705],[-83.425,30.712],[-83.375,30.719],[-83.333,30.725],[-83.325,30.726],[-83.275,30.733],[-83.225,30.741],[-83.175,30.749],[-83.125,30.756],[-83.075,30.764],[-83.025,30.772],[-83.006,30.775],[-82.975,30.78],[-82.925,30.788],[-82.875,30.796],[-82.825,30.804],[-82.775,30.812],[-82.725,30.82],[-82.69,30.825],[-82.675,30.827],[-82.625,30.835],[-82.575,30.842],[-82.525,30.85],[-82.475,30.857],[-82.425,30.864],[-82.375,30.871],[-82.348,30.875],[-82.325,30.878],[-82.275,30.885],[-82.225,30.891],[-82.175,30.898],[-82.125,30.904],[-82.075,30.91],[-82.025,30.916],[-81.975,30.922],[-81.946,30.925],[-81.925,30.927],[-81.875,30.933],[-81.825,30.938],[-81.775,30.944],[-81.725,30.949],[-81.675,30.955],[-81.625,30.96],[-81.575,30.965],[-81.525,30.97]]]}},{"type":"Feature","properties":{"date":"2012-03-03","label":"3 Mar","yday":63,"tier":"day","major":false},"geometry":{"type":"MultiLineString","coordinates":[[[-94.562,30.562],[-94.525,30.567],[-94.475,30.573],[-94.462,30.575],[-94.425,30.58],[-94.375,30.586],[-94.325,30.591],[-94.275,30.597],[-94.225,30.603],[-94.175,30.608],[-94.125,30.614],[-94.075,30.619],[-94.025,30.624],[-94.012,30.625],[-93.975,30.629],[-93.925,30.633],[-93.875,30.638],[-93.825,30.642],[-93.775,30.647],[-93.725,30.651],[-93.675,30.655],[-93.625,30.659],[-93.575,30.664],[-93.525,30.668],[-93.475,30.673],[-93.447,30.675],[-93.425,30.677],[-93.375,30.682],[-93.325,30.687],[-93.275,30.692],[-93.225,30.697],[-93.175,30.702],[-93.125,30.708],[-93.075,30.713],[-93.025,30.719],[-92.975,30.725],[-92.973,30.725],[-92.925,30.731],[-92.875,30.736],[-92.825,30.742],[-92.775,30.748],[-92.725,30.754],[-92.675,30.76],[-92.625,30.766],[-92.575,30.772],[-92.553,30.775],[-92.525,30.778],[-92.475,30.784],[-92.425,30.79],[-92.375,30.796],[-92.325,30.802],[-92.275,30.808],[-92.225,30.814],[-92.175,30.82],[-92.128,30.825],[-92.125,30.825]],[[-91.325,30.897],[-91.275,30.9],[-91.225,30.903],[-91.175,30.906],[-91.125,30.908],[-91.075,30.911],[-91.025,30.913],[-90.975,30.915],[-90.925,30.917],[-90.875,30.918],[-90.825,30.92],[-90.775,30.921],[-90.725,30.923],[-90.675,30.924],[-90.625,30.925],[-90.608,30.925],[-90.575,30.926],[-90.525,30.926],[-90.475,30.927],[-90.425,30.927],[-90.375,30.928],[-90.325,30.928],[-90.275,30.928],[-90.225,30.928],[-90.175,30.927],[-90.125,30.927],[-90.075,30.927],[-90.025,30.926],[-89.975,30.925],[-89.955,30.925],[-89.925,30.925],[-89.875,30.924],[-89.825,30.923],[-89.775,30.921],[-89.725,30.92],[-89.675,30.919],[-89.625,30.918],[-89.575,30.916],[-89.525,30.915],[-89.475,30.914],[-89.425,30.912],[-89.375,30.911],[-89.325,30.91],[-89.275,30.909],[-89.225,30.908],[-89.175,30.906],[-89.125,30.905],[-89.075,30.905],[-89.025,30.904],[-88.975,30.903],[-88.925,30.902],[-88.875,30.902],[-88.825,30.902],[-88.775,30.901],[-88.725,30.901],[-88.675,30.901],[-88.625,30.901],[-88.575,30.902],[-88.525,30.902],[-88.475,30.903],[-88.425,30.903],[-88.375,30.904],[-88.325,30.905],[-88.275,30.906],[-88.225,30.906],[-88.175,30.907],[-88.125,30.908],[-88.075,30.91],[-88.025,30.911],[-87.975,30.912],[-87.925,30.913],[-87.875,30.914],[-87.825,30.915],[-87.775,30.917],[-87.725,30.918],[-87.675,30.919],[-87.625,30.921],[-87.575,30.922],[-87.525,30.923],[-87.475,30.924],[-87.443,30.925],[-87.425,30.925],[-87.375,30.926],[-87.325,30.927],[-87.275,30.928],[-87.225,30.929],[-87.175,30.929],[-87.125,30.929],[-87.075,30.929],[-87.025,30.929],[-86.975,30.929],[-86.925,30.928],[-86.875,30.926],[-86.825,30.925],[-86.824,30.925],[-86.775,30.923],[-86.725,30.921],[-86.675,30.919],[-86.625,30.917],[-86.575,30.914],[-86.525,30.912],[-86.475,30.909],[-86.425,30.905],[-86.375,30.902],[-86.325,30.898],[-86.275,30.894],[-86.225,30.889],[-86.175,30.885],[-86.125,30.88],[-86.075,30.875],[-86.071,30.875],[-86.025,30.871],[-85.975,30.866],[-85.925,30.861],[-85.875,30.857],[-85.825,30.852],[-85.775,30.848],[-85.725,30.844],[-85.675,30.84],[-85.625,30.837],[-85.575,30.833],[-85.525,30.83],[-85.475,30.827],[-85.427,30.825],[-85.425,30.825],[-85.375,30.823],[-85.325,30.82],[-85.275,30.818],[-85.225,30.817],[-85.175,30.815],[-85.125,30.814],[-85.075,30.812],[-85.025,30.811],[-84.975,30.81],[-84.925,30.809],[-84.875,30.808],[-84.825,30.808],[-84.775,30.808],[-84.725,30.808],[-84.675,30.808],[-84.625,30.808],[-84.575,30.808],[-84.525,30.809],[-84.475,30.809],[-84.425,30.81],[-84.375,30.811],[-84.325,30.813],[-84.275,30.814],[-84.225,30.816],[-84.175,30.818],[-84.125,30.82],[-84.075,30.823],[-84.036,30.825],[-84.025,30.826],[-83.975,30.829],[-83.925,30.832],[-83.875,30.836],[-83.825,30.841],[-83.775,30.846],[-83.725,30.851],[-83.675,30.857],[-83.625,30.862],[-83.575,30.868],[-83.525,30.875],[-83.523,30.875],[-83.475,30.881],[-83.425,30.888],[-83.375,30.895],[-83.325,30.902],[-83.275,30.909],[-83.225,30.917],[-83.175,30.924],[-83.169,30.925],[-83.125,30.932],[-83.075,30.939],[-83.025,30.947],[-82.975,30.955],[-82.925,30.963],[-82.875,30.97],[-82.845,30.975],[-82.825,30.978],[-82.775,30.986],[-82.725,30.993],[-82.675,31.001],[-82.625,31.008],[-82.575,31.015],[-82.525,31.022],[-82.502,31.025],[-82.475,31.029],[-82.425,31.035],[-82.375,31.041],[-82.325,31.048],[-82.275,31.054],[-82.225,31.059],[-82.175,31.065],[-82.125,31.07],[-82.081,31.075],[-82.075,31.076],[-82.025,31.081],[-81.975,31.086],[-81.925,31.091],[-81.875,31.096],[-81.825,31.101],[-81.775,31.106],[-81.725,31.111],[-81.675,31.116],[-81.625,31.121],[-81.581,31.125],[-81.575,31.126],[-81.525,31.13],[-81.519,31.131]]]}},{"type":"Feature","properties":{"date":"2012-03-04","label":"4 Mar","yday":64,"tier":"day","major":false},"geometry":{"type":"MultiLineString","coordinates":[[[-94.725,30.702],[-94.675,30.709],[-94.625,30.716],[-94.575,30.723],[-94.559,30.725],[-94.525,30.73],[-94.475,30.736],[-94.425,30.743],[-94.375,30.749],[-94.325,30.756],[-94.275,30.762],[-94.225,30.768],[-94.175,30.774],[-94.166,30.775],[-94.125,30.78],[-94.075,30.785],[-94.025,30.791],[-93.975,30.796],[-93.925,30.8],[-93.875,30.805],[-93.825,30.81],[-93.775,30.814],[-93.725,30.818],[-93.675,30.823],[-93.646,30.825],[-93.625,30.827],[-93.575,30.831],[-93.525,30.835],[-93.475,30.84],[-93.425,30.844],[-93.375,30.849],[-93.325,30.854],[-93.275,30.859],[-93.225,30.864],[-93.175,30.87],[-93.132,30.875],[-93.125,30.876],[-93.075,30.882],[-93.025,30.887],[-92.975,30.893],[-92.925,30.899],[-92.875,30.905],[-92.825,30.911],[-92.775,30.917],[-92.725,30.923],[-92.71,30.925],[-92.675,30.929],[-92.625,30.935],[-92.575,30.941],[-92.525,30.947],[-92.475,30.953],[-92.425,30.959],[-92.375,30.965],[-92.325,30.971],[-92.29,30.975],[-92.275,30.977],[-92.232,30.982]],[[-91.375,31.06],[-91.325,31.064],[-91.275,31.066],[-91.225,31.069],[-91.175,31.072],[-91.125,31.074],[-91.106,31.075],[-91.075,31.076],[-91.025,31.078],[-90.975,31.08],[-90.925,31.082],[-90.875,31.083],[-90.825,31.085],[-90.775,31.086],[-90.725,31.087],[-90.675,31.088],[-90.625,31.089],[-90.575,31.089],[-90.525,31.09],[-90.475,31.09],[-90.425,31.091],[-90.375,31.091],[-90.325,31.091],[-90.275,31.091],[-90.225,31.091],[-90.175,31.091],[-90.125,31.091],[-90.075,31.09],[-90.025,31.09],[-89.975,31.089],[-89.925,31.089],[-89.875,31.088],[-89.825,31.087],[-89.775,31.086],[-89.725,31.085],[-89.675,31.084],[-89.625,31.083],[-89.575,31.082],[-89.525,31.081],[-89.475,31.08],[-89.425,31.079],[-89.375,31.078],[-89.325,31.077],[-89.275,31.076],[-89.225,31.075],[-89.191,31.075],[-89.175,31.075],[-89.125,31.074],[-89.075,31.074],[-89.025,31.073],[-88.975,31.073],[-88.925,31.073],[-88.875,31.073],[-88.825,31.073],[-88.775,31.073],[-88.725,31.073],[-88.675,31.074],[-88.625,31.074],[-88.575,31.075],[-88.547,31.075],[-88.525,31.075],[-88.475,31.076],[-88.425,31.077],[-88.375,31.078],[-88.325,31.079],[-88.275,31.08],[-88.225,31.081],[-88.175,31.083],[-88.125,31.084],[-88.075,31.085],[-88.025,31.087],[-87.975,31.088],[-87.925,31.09],[-87.875,31.091],[-87.825,31.092],[-87.775,31.094],[-87.725,31.095],[-87.675,31.097],[-87.625,31.098],[-87.575,31.1],[-87.525,31.101],[-87.475,31.102],[-87.425,31.103],[-87.375,31.104],[-87.325,31.105],[-87.275,31.106],[-87.225,31.107],[-87.175,31.107],[-87.125,31.108],[-87.075,31.108],[-87.025,31.108],[-86.975,31.107],[-86.925,31.107],[-86.875,31.106],[-86.825,31.105],[-86.775,31.104],[-86.725,31.102],[-86.675,31.101],[-86.625,31.099],[-86.575,31.097],[-86.525,31.094],[-86.475,31.092],[-86.425,31.089],[-86.375,31.085],[-86.325,31.082],[-86.275,31.078],[-86.244,31.075],[-86.225,31.073],[-86.175,31.068],[-86.125,31.064],[-86.075,31.059],[-86.025,31.054],[-85.975,31.049],[-85.925,31.044],[-85.875,31.039],[-85.825,31.034],[-85.775,31.03],[-85.725,31.026],[-85.713,31.025],[-85.675,31.022],[-85.625,31.018],[-85.575,31.015],[-85.525,31.012],[-85.475,31.009],[-85.425,31.006],[-85.375,31.004],[-85.325,31.001],[-85.275,30.999],[-85.225,30.997],[-85.175,30.996],[-85.125,30.994],[-85.075,30.993],[-85.025,30.991],[-84.975,30.99],[-84.925,30.99],[-84.875,30.989],[-84.825,30.988],[-84.775,30.988],[-84.725,30.988],[-84.675,30.988],[-84.625,30.988],[-84.575,30.988],[-84.525,30.988],[-84.475,30.989],[-84.425,30.989],[-84.375,30.99],[-84.325,30.991],[-84.275,30.992],[-84.225,30.994],[-84.175,30.996],[-84.125,30.998],[-84.075,31.0],[-84.025,31.003],[-83.975,31.006],[-83.925,31.009],[-83.875,31.013],[-83.825,31.017],[-83.775,31.022],[-83.741,31.025],[-83.725,31.027],[-83.675,31.032],[-83.625,31.037],[-83.575,31.043],[-83.525,31.049],[-83.475,31.056],[-83.425,31.062],[-83.375,31.069],[-83.329,31.075],[-83.325,31.076],[-83.275,31.083],[-83.225,31.09],[-83.175,31.097],[-83.125,31.104],[-83.075,31.112],[-83.025,31.119],[-82.987,31.125],[-82.975,31.127],[-82.925,31.134],[-82.875,31.142],[-82.825,31.149],[-82.775,31.156],[-82.725,31.163],[-82.675,31.17],[-82.64,31.175],[-82.625,31.177],[-82.575,31.184],[-82.525,31.19],[-82.475,31.196],[-82.425,31.202],[-82.375,31.208],[-82.325,31.213],[-82.275,31.219],[-82.225,31.224],[-82.21,31.225],[-82.175,31.228],[-82.125,31.233],[-82.075,31.238],[-82.025,31.243],[-81.975,31.247],[-81.925,31.252],[-81.875,31.256],[-81.825,31.261],[-81.775,31.266],[-81.725,31.27],[-81.676,31.275],[-81.675,31.275],[-81.625,31.28],[-81.575,31.284],[-81.525,31.289],[-81.475,31.294],[-81.425,31.298],[-81.401,31.301]]]}},{"type":"Feature","properties":{"date":"2012-03-05","label":"5 Mar","yday":65,"tier":"five","major":false},"geometry":{"type":"MultiLineString","coordinates":[[[-94.972,30.825],[-94.925,30.832],[-94.916,30.834]],[[-94.845,30.845],[-94.825,30.848],[-94.775,30.855],[-94.725,30.863],[-94.675,30.87],[-94.642,30.875],[-94.625,30.877],[-94.575,30.885],[-94.525,30.892],[-94.475,30.899],[-94.425,30.906],[-94.375,30.913],[-94.325,30.92],[-94.285,30.925],[-94.275,30.926],[-94.225,30.933],[-94.175,30.939],[-94.125,30.945],[-94.075,30.951],[-94.025,30.957],[-93.975,30.962],[-93.925,30.967],[-93.875,30.972],[-93.846,30.975],[-93.825,30.977],[-93.775,30.982],[-93.725,30.986],[-93.675,30.991],[-93.625,30.996],[-93.575,31.0],[-93.525,31.005],[-93.475,31.01],[-93.425,31.015],[-93.375,31.02],[-93.325,31.025],[-93.322,31.025],[-93.275,31.03],[-93.225,31.036],[-93.175,31.041],[-93.125,31.047],[-93.075,31.053],[-93.025,31.059],[-92.975,31.065],[-92.925,31.071],[-92.887,31.075],[-92.875,31.076],[-92.825,31.082],[-92.775,31.088],[-92.725,31.094],[-92.675,31.1],[-92.653,31.103]],[[-91.375,31.228],[-91.325,31.231],[-91.275,31.234],[-91.225,31.236],[-91.175,31.239],[-91.125,31.241],[-91.075,31.243],[-91.025,31.245],[-90.975,31.247],[-90.925,31.248],[-90.875,31.25],[-90.825,31.251],[-90.775,31.252],[-90.725,31.253],[-90.675,31.253],[-90.625,31.254],[-90.575,31.255],[-90.525,31.255],[-90.475,31.255],[-90.425,31.256],[-90.375,31.256],[-90.325,31.256],[-90.275,31.256],[-90.225,31.256],[-90.175,31.256],[-90.125,31.256],[-90.075,31.255],[-90.025,31.255],[-89.975,31.254],[-89.925,31.254],[-89.875,31.253],[-89.825,31.252],[-89.775,31.252],[-89.725,31.251],[-89.675,31.25],[-89.625,31.249],[-89.575,31.248],[-89.525,31.247],[-89.475,31.246],[-89.425,31.245],[-89.375,31.245],[-89.325,31.244],[-89.275,31.244],[-89.225,31.243],[-89.175,31.243],[-89.125,31.242],[-89.075,31.242],[-89.025,31.242],[-88.975,31.242],[-88.925,31.242],[-88.875,31.243],[-88.825,31.243],[-88.775,31.243],[-88.725,31.244],[-88.675,31.244],[-88.625,31.245],[-88.575,31.246],[-88.525,31.247],[-88.475,31.248],[-88.425,31.249],[-88.375,31.25],[-88.325,31.252],[-88.275,31.253],[-88.225,31.254],[-88.175,31.256],[-88.125,31.257],[-88.075,31.259],[-88.025,31.26],[-87.975,31.262],[-87.925,31.263],[-87.875,31.265],[-87.825,31.267],[-87.775,31.268],[-87.725,31.27],[-87.675,31.271],[-87.625,31.272],[-87.575,31.274],[-87.53,31.275],[-87.525,31.275],[-87.475,31.276],[-87.425,31.277],[-87.375,31.278],[-87.325,31.279],[-87.275,31.28],[-87.225,31.281],[-87.175,31.281],[-87.125,31.281],[-87.075,31.281],[-87.025,31.281],[-86.975,31.281],[-86.925,31.28],[-86.875,31.279],[-86.825,31.278],[-86.775,31.277],[-86.725,31.276],[-86.703,31.275],[-86.675,31.274],[-86.625,31.272],[-86.575,31.27],[-86.525,31.268],[-86.475,31.265],[-86.425,31.263],[-86.375,31.259],[-86.325,31.255],[-86.275,31.251],[-86.225,31.247],[-86.175,31.242],[-86.125,31.238],[-86.075,31.233],[-86.025,31.228],[-85.995,31.225],[-85.975,31.223],[-85.925,31.218],[-85.875,31.213],[-85.825,31.209],[-85.775,31.205],[-85.725,31.2],[-85.675,31.196],[-85.625,31.193],[-85.575,31.189],[-85.525,31.186],[-85.475,31.183],[-85.425,31.181],[-85.375,31.178],[-85.325,31.176],[-85.304,31.175],[-85.275,31.174],[-85.225,31.172],[-85.175,31.17],[-85.125,31.169],[-85.075,31.167],[-85.025,31.166],[-84.975,31.165],[-84.925,31.164],[-84.875,31.163],[-84.825,31.163],[-84.775,31.162],[-84.725,31.162],[-84.675,31.162],[-84.625,31.162],[-84.575,31.162],[-84.525,31.163],[-84.475,31.163],[-84.425,31.164],[-84.375,31.165],[-84.325,31.166],[-84.275,31.167],[-84.225,31.169],[-84.175,31.17],[-84.125,31.172],[-84.075,31.175],[-84.07,31.175],[-84.025,31.177],[-83.975,31.18],[-83.925,31.183],[-83.875,31.187],[-83.825,31.191],[-83.775,31.195],[-83.725,31.2],[-83.675,31.205],[-83.625,31.21],[-83.575,31.215],[-83.525,31.221],[-83.49,31.225],[-83.475,31.227],[-83.425,31.233],[-83.375,31.239],[-83.325,31.246],[-83.275,31.252],[-83.225,31.259],[-83.175,31.266],[-83.125,31.273],[-83.113,31.275],[-83.075,31.28],[-83.025,31.288],[-82.975,31.295],[-82.925,31.302],[-82.875,31.309],[-82.825,31.316],[-82.775,31.322],[-82.756,31.325],[-82.725,31.329],[-82.675,31.335],[-82.625,31.342],[-82.575,31.347],[-82.525,31.353],[-82.475,31.359],[-82.425,31.364],[-82.375,31.369],[-82.325,31.374],[-82.316,31.375],[-82.275,31.379],[-82.225,31.383],[-82.175,31.388],[-82.125,31.392],[-82.075,31.397],[-82.025,31.401],[-81.975,31.405],[-81.925,31.41],[-81.875,31.414],[-81.825,31.419],[-81.775,31.423],[-81.758,31.425],[-81.725,31.428],[-81.675,31.433],[-81.625,31.438],[-81.575,31.442],[-81.525,31.447],[-81.475,31.452],[-81.425,31.457],[-81.375,31.461],[-81.335,31.465]],[[-81.317,31.467],[-81.275,31.471],[-81.227,31.475],[-81.225,31.475],[-81.225,31.475]]]}},{"type":"Feature","properties":{"date":"2012-03-06","label":"6 Mar","yday":66,"tier":"day","major":false},"geometry":{"type":"MultiLineString","coordinates":[[[-95.175,30.952],[-95.125,30.96],[-95.075,30.968],[-95.028,30.975],[-95.025,30.976],[-94.975,30.984],[-94.925,30.992],[-94.875,31.0],[-94.825,31.007],[-94.775,31.015],[-94.725,31.023],[-94.714,31.025],[-94.675,31.031],[-94.625,31.039],[-94.575,31.046],[-94.525,31.054],[-94.475,31.061],[-94.425,31.069],[-94.382,31.075],[-94.375,31.076],[-94.325,31.083],[-94.275,31.09],[-94.225,31.097],[-94.175,31.103],[-94.125,31.11],[-94.075,31.116],[-94.025,31.122],[-94.0,31.125],[-93.975,31.128],[-93.925,31.134],[-93.875,31.139],[-93.825,31.145],[-93.775,31.15],[-93.725,31.155],[-93.675,31.161],[-93.625,31.166],[-93.575,31.171],[-93.536,31.175],[-93.525,31.176],[-93.475,31.181],[-93.425,31.187],[-93.375,31.192],[-93.325,31.198],[-93.275,31.203],[-93.225,31.209],[-93.175,31.214],[-93.125,31.22],[-93.084,31.225],[-93.075,31.226],[-93.025,31.232],[-92.975,31.238],[-92.925,31.244],[-92.875,31.249],[-92.825,31.255],[-92.775,31.261],[-92.725,31.267]],[[-91.325,31.4],[-91.275,31.402],[-91.225,31.405],[-91.175,31.407],[-91.125,31.409],[-91.075,31.411],[-91.025,31.413],[-90.975,31.414],[-90.925,31.416],[-90.875,31.417],[-90.825,31.418],[-90.775,31.419],[-90.725,31.42],[-90.675,31.421],[-90.625,31.421],[-90.575,31.422],[-90.525,31.422],[-90.475,31.423],[-90.425,31.423],[-90.375,31.423],[-90.325,31.423],[-90.275,31.423],[-90.225,31.423],[-90.175,31.423],[-90.125,31.422],[-90.075,31.422],[-90.025,31.421],[-89.975,31.421],[-89.925,31.42],[-89.875,31.42],[-89.825,31.419],[-89.775,31.418],[-89.725,31.417],[-89.675,31.417],[-89.625,31.416],[-89.575,31.415],[-89.525,31.414],[-89.475,31.413],[-89.425,31.413],[-89.375,31.412],[-89.325,31.411],[-89.275,31.411],[-89.225,31.411],[-89.175,31.411],[-89.125,31.411],[-89.075,31.411],[-89.025,31.411],[-88.975,31.411],[-88.925,31.411],[-88.875,31.412],[-88.825,31.412],[-88.775,31.413],[-88.725,31.414],[-88.675,31.415],[-88.625,31.416],[-88.575,31.417],[-88.525,31.418],[-88.475,31.419],[-88.425,31.42],[-88.375,31.422],[-88.325,31.423],[-88.275,31.424],[-88.253,31.425],[-88.225,31.426],[-88.175,31.427],[-88.125,31.429],[-88.075,31.43],[-88.025,31.432],[-87.975,31.434],[-87.925,31.435],[-87.875,31.437],[-87.825,31.438],[-87.775,31.44],[-87.725,31.441],[-87.675,31.443],[-87.625,31.444],[-87.575,31.445],[-87.525,31.446],[-87.475,31.447],[-87.425,31.448],[-87.375,31.449],[-87.325,31.45],[-87.275,31.45],[-87.225,31.451],[-87.175,31.451],[-87.125,31.451],[-87.075,31.451],[-87.025,31.45],[-86.975,31.45],[-86.925,31.449],[-86.875,31.448],[-86.825,31.446],[-86.775,31.445],[-86.725,31.443],[-86.675,31.441],[-86.625,31.439],[-86.575,31.437],[-86.525,31.434],[-86.475,31.432],[-86.425,31.429],[-86.375,31.425],[-86.371,31.425],[-86.325,31.422],[-86.275,31.418],[-86.225,31.413],[-86.175,31.409],[-86.125,31.405],[-86.075,31.4],[-86.025,31.395],[-85.975,31.391],[-85.925,31.386],[-85.875,31.382],[-85.825,31.378],[-85.794,31.375],[-85.775,31.373],[-85.725,31.369],[-85.675,31.366],[-85.625,31.362],[-85.575,31.359],[-85.525,31.356],[-85.475,31.353],[-85.425,31.35],[-85.375,31.348],[-85.325,31.345],[-85.275,31.343],[-85.225,31.341],[-85.175,31.34],[-85.125,31.338],[-85.075,31.337],[-85.025,31.336],[-84.975,31.335],[-84.925,31.334],[-84.875,31.333],[-84.825,31.332],[-84.775,31.332],[-84.725,31.332],[-84.675,31.332],[-84.625,31.332],[-84.575,31.332],[-84.525,31.333],[-84.475,31.333],[-84.425,31.334],[-84.375,31.335],[-84.325,31.336],[-84.275,31.338],[-84.225,31.339],[-84.175,31.341],[-84.125,31.343],[-84.075,31.346],[-84.025,31.348],[-83.975,31.351],[-83.925,31.354],[-83.875,31.357],[-83.825,31.361],[-83.775,31.365],[-83.725,31.369],[-83.675,31.373],[-83.657,31.375],[-83.625,31.378],[-83.575,31.383],[-83.525,31.388],[-83.475,31.394],[-83.425,31.4],[-83.375,31.405],[-83.325,31.412],[-83.275,31.418],[-83.225,31.424],[-83.22,31.425],[-83.175,31.431],[-83.125,31.438],[-83.075,31.444],[-83.025,31.451],[-82.975,31.458],[-82.925,31.465],[-82.875,31.471],[-82.844,31.475],[-82.825,31.477],[-82.775,31.483],[-82.725,31.489],[-82.675,31.495],[-82.625,31.501],[-82.575,31.506],[-82.525,31.512],[-82.475,31.517],[-82.425,31.522],[-82.388,31.525],[-82.375,31.526],[-82.325,31.531],[-82.275,31.535],[-82.225,31.54],[-82.175,31.544],[-82.125,31.548],[-82.075,31.553],[-82.025,31.557],[-81.975,31.562],[-81.925,31.566],[-81.875,31.571],[-81.829,31.575],[-81.825,31.575],[-81.775,31.58],[-81.725,31.585],[-81.675,31.59],[-81.625,31.595],[-81.575,31.6],[-81.525,31.605],[-81.475,31.61],[-81.425,31.615],[-81.375,31.62],[-81.325,31.625],[-81.325,31.625],[-81.275,31.63],[-81.27,31.63]]]}},{"type":"Feature","properties":{"date":"2012-03-07","label":"7 Mar","yday":67,"tier":"day","major":false},"geometry":{"type":"MultiLineString","coordinates":[[[-94.536,31.214],[-94.525,31.216],[-94.475,31.224],[-94.466,31.225],[-94.425,31.231],[-94.375,31.239],[-94.325,31.246],[-94.275,31.254],[-94.225,31.261],[-94.175,31.268],[-94.125,31.275],[-94.124,31.275],[-94.075,31.282],[-94.025,31.288],[-93.975,31.295],[-93.925,31.301],[-93.875,31.307],[-93.825,31.313],[-93.775,31.319],[-93.726,31.325],[-93.725,31.325],[-93.675,31.331],[-93.625,31.337],[-93.575,31.343],[-93.525,31.348],[-93.475,31.354],[-93.425,31.36],[-93.375,31.366],[-93.325,31.371],[-93.294,31.375],[-93.275,31.377],[-93.225,31.383],[-93.175,31.389],[-93.125,31.395],[-93.075,31.401],[-93.025,31.406],[-92.975,31.412],[-92.925,31.418],[-92.875,31.424],[-92.865,31.425]],[[-92.515,31.465],[-92.475,31.47],[-92.43,31.475],[-92.425,31.476],[-92.375,31.481],[-92.325,31.487],[-92.275,31.492],[-92.256,31.494]],[[-91.226,31.574],[-91.225,31.574],[-91.212,31.575],[-91.175,31.577],[-91.125,31.578],[-91.075,31.58],[-91.025,31.582],[-90.975,31.583],[-90.925,31.585],[-90.875,31.586],[-90.825,31.587],[-90.775,31.588],[-90.725,31.589],[-90.675,31.589],[-90.625,31.59],[-90.575,31.591],[-90.525,31.591],[-90.475,31.591],[-90.425,31.591],[-90.375,31.591],[-90.325,31.592],[-90.275,31.591],[-90.225,31.591],[-90.175,31.591],[-90.125,31.591],[-90.075,31.59],[-90.025,31.59],[-89.975,31.589],[-89.925,31.589],[-89.875,31.588],[-89.825,31.587],[-89.775,31.587],[-89.725,31.586],[-89.675,31.585],[-89.625,31.584],[-89.575,31.583],[-89.525,31.583],[-89.475,31.582],[-89.425,31.581],[-89.375,31.581],[-89.325,31.58],[-89.275,31.58],[-89.225,31.58],[-89.175,31.58],[-89.125,31.58],[-89.075,31.58],[-89.025,31.58],[-88.975,31.58],[-88.925,31.581],[-88.875,31.581],[-88.825,31.582],[-88.775,31.583],[-88.725,31.584],[-88.675,31.585],[-88.625,31.586],[-88.575,31.587],[-88.525,31.588],[-88.475,31.589],[-88.425,31.59],[-88.375,31.592],[-88.325,31.593],[-88.275,31.595],[-88.225,31.596],[-88.175,31.598],[-88.125,31.599],[-88.075,31.601],[-88.025,31.603],[-87.975,31.604],[-87.925,31.606],[-87.875,31.607],[-87.825,31.609],[-87.775,31.61],[-87.725,31.611],[-87.675,31.613],[-87.625,31.614],[-87.575,31.615],[-87.525,31.616],[-87.475,31.617],[-87.425,31.617],[-87.375,31.618],[-87.325,31.618],[-87.275,31.618],[-87.225,31.618],[-87.175,31.618],[-87.125,31.618],[-87.075,31.617],[-87.025,31.617],[-86.975,31.616],[-86.925,31.614],[-86.875,31.613],[-86.825,31.611],[-86.775,31.609],[-86.725,31.607],[-86.675,31.605],[-86.625,31.603],[-86.575,31.6],[-86.525,31.597],[-86.475,31.594],[-86.425,31.591],[-86.375,31.587],[-86.325,31.583],[-86.275,31.579],[-86.225,31.575],[-86.22,31.575],[-86.175,31.571],[-86.125,31.567],[-86.075,31.563],[-86.025,31.558],[-85.975,31.554],[-85.925,31.55],[-85.875,31.546],[-85.825,31.542],[-85.775,31.538],[-85.725,31.535],[-85.675,31.531],[-85.625,31.528],[-85.581,31.525],[-85.575,31.525],[-85.525,31.522],[-85.475,31.519],[-85.425,31.516],[-85.375,31.514],[-85.325,31.512],[-85.275,31.509],[-85.225,31.508],[-85.175,31.506],[-85.125,31.504],[-85.075,31.503],[-85.025,31.502],[-84.975,31.5],[-84.925,31.5],[-84.875,31.499],[-84.825,31.498],[-84.775,31.498],[-84.725,31.498],[-84.675,31.498],[-84.625,31.498],[-84.575,31.498],[-84.525,31.499],[-84.475,31.5],[-84.425,31.5],[-84.375,31.502],[-84.325,31.503],[-84.275,31.504],[-84.225,31.506],[-84.175,31.508],[-84.125,31.51],[-84.075,31.512],[-84.025,31.514],[-83.975,31.517],[-83.925,31.52],[-83.875,31.523],[-83.839,31.525],[-83.825,31.526],[-83.775,31.53],[-83.725,31.533],[-83.675,31.537],[-83.625,31.542],[-83.575,31.546],[-83.525,31.551],[-83.475,31.556],[-83.425,31.562],[-83.375,31.567],[-83.325,31.573],[-83.307,31.575],[-83.275,31.579],[-83.225,31.585],[-83.175,31.591],[-83.125,31.597],[-83.075,31.603],[-83.025,31.609],[-82.975,31.615],[-82.925,31.621],[-82.895,31.625],[-82.875,31.627],[-82.825,31.633],[-82.775,31.639],[-82.725,31.644],[-82.675,31.65],[-82.625,31.655],[-82.575,31.66],[-82.525,31.665],[-82.475,31.67],[-82.428,31.675],[-82.425,31.675],[-82.375,31.68],[-82.325,31.685],[-82.275,31.689],[-82.225,31.694],[-82.175,31.699],[-82.125,31.703],[-82.075,31.708],[-82.025,31.713],[-81.975,31.717],[-81.925,31.722],[-81.897,31.725],[-81.875,31.727],[-81.825,31.732],[-81.775,31.737],[-81.725,31.742],[-81.675,31.748],[-81.625,31.753],[-81.575,31.758],[-81.525,31.764],[-81.475,31.769],[-81.425,31.774],[-81.418,31.775],[-81.375,31.78],[-81.325,31.785],[-81.275,31.79],[-81.225,31.795],[-81.175,31.8],[-81.125,31.805],[-81.075,31.81]]]}},{"type":"Feature","properties":{"date":"2012-03-08","label":"8 Mar","yday":68,"tier":"day","major":false},"geometry":{"type":"MultiLineString","coordinates":[[[-94.475,31.386],[-94.425,31.394],[-94.375,31.402],[-94.325,31.41],[-94.275,31.418],[-94.231,31.425],[-94.225,31.426],[-94.175,31.433],[-94.125,31.441],[-94.075,31.448],[-94.025,31.455],[-93.975,31.462],[-93.925,31.469],[-93.884,31.475],[-93.875,31.476],[-93.825,31.483],[-93.775,31.49],[-93.725,31.496],[-93.675,31.503],[-93.625,31.509],[-93.575,31.515],[-93.525,31.521],[-93.497,31.525]],[[-92.673,31.623],[-92.659,31.625],[-92.625,31.629],[-92.575,31.635],[-92.525,31.64],[-92.475,31.646],[-92.425,31.651],[-92.375,31.657],[-92.325,31.662],[-92.275,31.668],[-92.225,31.673],[-92.205,31.675],[-92.175,31.678],[-92.125,31.683],[-92.075,31.688],[-92.025,31.693],[-91.975,31.697],[-91.925,31.701],[-91.896,31.704]],[[-91.125,31.749],[-91.075,31.751],[-91.025,31.752],[-90.975,31.754],[-90.925,31.755],[-90.875,31.756],[-90.825,31.757],[-90.775,31.758],[-90.725,31.759],[-90.675,31.76],[-90.625,31.76],[-90.575,31.761],[-90.525,31.761],[-90.475,31.761],[-90.425,31.762],[-90.375,31.762],[-90.325,31.762],[-90.275,31.762],[-90.225,31.761],[-90.175,31.761],[-90.125,31.761],[-90.075,31.76],[-90.025,31.76],[-89.975,31.759],[-89.925,31.759],[-89.875,31.758],[-89.825,31.758],[-89.775,31.757],[-89.725,31.756],[-89.675,31.755],[-89.625,31.755],[-89.575,31.754],[-89.525,31.753],[-89.475,31.752],[-89.425,31.752],[-89.375,31.751],[-89.325,31.751],[-89.275,31.751],[-89.225,31.75],[-89.175,31.75],[-89.125,31.75],[-89.075,31.75],[-89.025,31.75],[-88.975,31.751],[-88.925,31.751],[-88.875,31.751],[-88.825,31.752],[-88.775,31.753],[-88.725,31.754],[-88.675,31.755],[-88.625,31.756],[-88.575,31.757],[-88.525,31.758],[-88.475,31.759],[-88.425,31.761],[-88.375,31.762],[-88.325,31.763],[-88.275,31.765],[-88.225,31.767],[-88.175,31.768],[-88.125,31.77],[-88.075,31.771],[-88.025,31.773],[-87.975,31.774],[-87.952,31.775],[-87.925,31.776],[-87.875,31.777],[-87.825,31.779],[-87.775,31.78],[-87.725,31.781],[-87.675,31.782],[-87.625,31.783],[-87.575,31.784],[-87.525,31.785],[-87.475,31.785],[-87.425,31.786],[-87.375,31.786],[-87.325,31.786],[-87.275,31.786],[-87.225,31.785],[-87.175,31.785],[-87.125,31.784],[-87.075,31.783],[-87.025,31.782],[-86.975,31.781],[-86.925,31.779],[-86.875,31.777],[-86.825,31.775],[-86.825,31.775],[-86.775,31.773],[-86.725,31.77],[-86.675,31.768],[-86.625,31.765],[-86.575,31.762],[-86.525,31.759],[-86.475,31.755],[-86.425,31.752],[-86.375,31.748],[-86.325,31.744],[-86.275,31.74],[-86.225,31.736],[-86.175,31.732],[-86.125,31.728],[-86.093,31.725],[-86.075,31.723],[-86.025,31.719],[-85.975,31.715],[-85.925,31.711],[-85.875,31.708],[-85.825,31.704],[-85.775,31.701],[-85.725,31.697],[-85.675,31.694],[-85.625,31.691],[-85.575,31.688],[-85.525,31.685],[-85.475,31.682],[-85.425,31.68],[-85.375,31.677],[-85.327,31.675],[-85.325,31.675],[-85.275,31.673],[-85.225,31.671],[-85.175,31.669],[-85.125,31.667],[-85.075,31.666],[-85.025,31.665],[-84.975,31.663],[-84.925,31.663],[-84.875,31.662],[-84.825,31.661],[-84.775,31.661],[-84.725,31.66],[-84.675,31.66],[-84.625,31.66],[-84.575,31.661],[-84.525,31.661],[-84.475,31.662],[-84.425,31.663],[-84.375,31.664],[-84.325,31.665],[-84.275,31.666],[-84.225,31.668],[-84.175,31.67],[-84.125,31.672],[-84.075,31.674],[-84.043,31.675],[-84.025,31.676],[-83.975,31.678],[-83.925,31.681],[-83.875,31.684],[-83.825,31.687],[-83.775,31.69],[-83.725,31.694],[-83.675,31.698],[-83.625,31.702],[-83.575,31.706],[-83.525,31.71],[-83.475,31.715],[-83.425,31.72],[-83.376,31.725],[-83.375,31.725],[-83.325,31.73],[-83.275,31.736],[-83.225,31.741],[-83.175,31.747],[-83.125,31.752],[-83.075,31.758],[-83.025,31.764],[-82.975,31.769],[-82.925,31.775],[-82.923,31.775],[-82.875,31.78],[-82.825,31.786],[-82.775,31.791],[-82.725,31.797],[-82.675,31.802],[-82.625,31.807],[-82.575,31.812],[-82.525,31.817],[-82.475,31.822],[-82.449,31.825],[-82.425,31.827],[-82.375,31.832],[-82.325,31.837],[-82.275,31.842],[-82.225,31.847],[-82.175,31.853],[-82.125,31.858],[-82.075,31.863],[-82.025,31.868],[-81.975,31.873],[-81.959,31.875],[-81.925,31.879],[-81.875,31.884],[-81.825,31.89],[-81.775,31.895],[-81.725,31.901],[-81.675,31.906],[-81.625,31.912],[-81.575,31.918],[-81.525,31.923],[-81.511,31.925],[-81.475,31.929],[-81.425,31.935],[-81.375,31.941],[-81.325,31.946],[-81.275,31.952],[-81.225,31.957],[-81.175,31.963],[-81.125,31.968],[-81.075,31.973],[-81.049,31.975],[-81.025,31.977],[-80.975,31.982],[-80.925,31.986],[-80.889,31.989]]]}},{"type":"Feature","properties":{"date":"2012-03-09","label":"9 Mar","yday":69,"tier":"day","major":false},"geometry":{"type":"MultiLineString","coordinates":[[[-94.204,31.596],[-94.175,31.6],[-94.125,31.608],[-94.075,31.616],[-94.025,31.624],[-94.019,31.625]],[[-92.825,31.782],[-92.775,31.788],[-92.725,31.794],[-92.675,31.8],[-92.625,31.806],[-92.575,31.811],[-92.525,31.817],[-92.475,31.823],[-92.454,31.825],[-92.425,31.828],[-92.375,31.834],[-92.325,31.839],[-92.275,31.844],[-92.225,31.849],[-92.175,31.854],[-92.125,31.859],[-92.075,31.863],[-92.025,31.868],[-91.975,31.872],[-91.942,31.875],[-91.925,31.876],[-91.875,31.88]],[[-86.342,31.908],[-86.325,31.906],[-86.275,31.902],[-86.225,31.898],[-86.175,31.894],[-86.125,31.889],[-86.075,31.885],[-86.025,31.881],[-85.975,31.877],[-85.955,31.875],[-85.925,31.873],[-85.875,31.869],[-85.825,31.866],[-85.775,31.862],[-85.725,31.859],[-85.675,31.856],[-85.625,31.853],[-85.575,31.85],[-85.525,31.847],[-85.475,31.844],[-85.425,31.841],[-85.375,31.839],[-85.325,31.837],[-85.275,31.834],[-85.225,31.832],[-85.175,31.83],[-85.125,31.829],[-85.075,31.827],[-85.025,31.826],[-85.004,31.825],[-84.975,31.824],[-84.925,31.823],[-84.875,31.822],[-84.825,31.821],[-84.775,31.821],[-84.725,31.82],[-84.675,31.82],[-84.625,31.82],[-84.575,31.82],[-84.525,31.821],[-84.475,31.821],[-84.425,31.822],[-84.375,31.823],[-84.325,31.824],[-84.279,31.825],[-84.275,31.825],[-84.225,31.827],[-84.175,31.828],[-84.125,31.83],[-84.075,31.832],[-84.025,31.834],[-83.975,31.836],[-83.925,31.839],[-83.875,31.842],[-83.825,31.845],[-83.775,31.848],[-83.725,31.851],[-83.675,31.855],[-83.625,31.858],[-83.575,31.862],[-83.525,31.867],[-83.475,31.871],[-83.432,31.875],[-83.425,31.876],[-83.375,31.88],[-83.325,31.885],[-83.275,31.89],[-83.225,31.895],[-83.175,31.9],[-83.125,31.906],[-83.075,31.911],[-83.025,31.916],[-82.975,31.922],[-82.943,31.925],[-82.925,31.927],[-82.875,31.932],[-82.825,31.938],[-82.775,31.943],[-82.725,31.948],[-82.675,31.953],[-82.625,31.959],[-82.575,31.964],[-82.525,31.969],[-82.475,31.974],[-82.469,31.975],[-82.425,31.98],[-82.375,31.985],[-82.325,31.99],[-82.275,31.996],[-82.225,32.001],[-82.175,32.007],[-82.125,32.013],[-82.075,32.019],[-82.025,32.024],[-82.02,32.025],[-81.975,32.03],[-81.925,32.036],[-81.875,32.042],[-81.825,32.048],[-81.775,32.054],[-81.725,32.061],[-81.675,32.067],[-81.625,32.073],[-81.607,32.075],[-81.575,32.079],[-81.525,32.085],[-81.475,32.091],[-81.425,32.098],[-81.375,32.104],[-81.325,32.11],[-81.275,32.116],[-81.225,32.121],[-81.192,32.125],[-81.175,32.127],[-81.125,32.132],[-81.075,32.137],[-81.025,32.142],[-80.975,32.147],[-80.925,32.152],[-80.875,32.156],[-80.841,32.159]],[[-90.923,31.927],[-90.875,31.928],[-90.825,31.929],[-90.775,31.93],[-90.725,31.931],[-90.675,31.931],[-90.625,31.932],[-90.575,31.932],[-90.525,31.933],[-90.475,31.933],[-90.425,31.933],[-90.375,31.934],[-90.325,31.934],[-90.275,31.933],[-90.225,31.933],[-90.175,31.933],[-90.125,31.933],[-90.075,31.932],[-90.025,31.932],[-89.975,31.931],[-89.925,31.931],[-89.875,31.93],[-89.825,31.93],[-89.775,31.929],[-89.725,31.928],[-89.675,31.927],[-89.625,31.927],[-89.575,31.926],[-89.525,31.925],[-89.513,31.925],[-89.475,31.924],[-89.425,31.924],[-89.375,31.923],[-89.325,31.923],[-89.275,31.922],[-89.225,31.922],[-89.175,31.922],[-89.125,31.921],[-89.075,31.921],[-89.025,31.921],[-88.975,31.922],[-88.925,31.922],[-88.875,31.922],[-88.825,31.923],[-88.775,31.923],[-88.725,31.924],[-88.675,31.925],[-88.673,31.925],[-88.625,31.926],[-88.575,31.927],[-88.525,31.928],[-88.475,31.93],[-88.425,31.931],[-88.375,31.932],[-88.325,31.934],[-88.275,31.935],[-88.225,31.937],[-88.175,31.939],[-88.125,31.94],[-88.075,31.942],[-88.025,31.943],[-87.975,31.945],[-87.925,31.946],[-87.875,31.947],[-87.825,31.949],[-87.775,31.95],[-87.75,31.95]]]}},{"type":"Feature","properties":{"date":"2012-03-10","label":"10 Mar","yday":70,"tier":"five","major":false},"geometry":{"type":"MultiLineString","coordinates":[[[-92.975,31.941],[-92.925,31.947],[-92.875,31.953],[-92.825,31.959],[-92.775,31.965],[-92.725,31.971],[-92.69,31.975],[-92.675,31.977],[-92.625,31.983],[-92.575,31.988],[-92.525,31.994],[-92.475,31.999],[-92.425,32.005],[-92.375,32.01],[-92.325,32.015],[-92.275,32.02],[-92.229,32.025],[-92.225,32.025],[-92.175,32.03],[-92.125,32.035],[-92.075,32.039],[-92.025,32.044]],[[-86.053,32.047],[-86.025,32.045],[-85.975,32.04],[-85.925,32.036],[-85.875,32.032],[-85.825,32.028],[-85.778,32.025],[-85.775,32.025],[-85.725,32.021],[-85.675,32.018],[-85.625,32.014],[-85.575,32.011],[-85.525,32.008],[-85.475,32.005],[-85.425,32.002],[-85.375,32.0],[-85.325,31.997],[-85.275,31.995],[-85.225,31.992],[-85.175,31.99],[-85.125,31.988],[-85.075,31.987],[-85.025,31.985],[-84.975,31.983],[-84.925,31.982],[-84.875,31.981],[-84.825,31.98],[-84.775,31.979],[-84.725,31.979],[-84.675,31.978],[-84.625,31.978],[-84.575,31.978],[-84.525,31.978],[-84.475,31.979],[-84.425,31.979],[-84.375,31.98],[-84.325,31.981],[-84.275,31.982],[-84.225,31.983],[-84.175,31.985],[-84.125,31.986],[-84.075,31.988],[-84.025,31.99],[-83.975,31.992],[-83.925,31.995],[-83.875,31.997],[-83.825,32.0],[-83.775,32.003],[-83.725,32.006],[-83.675,32.01],[-83.625,32.013],[-83.575,32.017],[-83.525,32.021],[-83.479,32.025],[-83.475,32.025],[-83.425,32.03],[-83.375,32.034],[-83.325,32.039],[-83.275,32.044],[-83.225,32.048],[-83.175,32.053],[-83.125,32.058],[-83.075,32.064],[-83.025,32.069],[-82.975,32.074],[-82.966,32.075],[-82.925,32.079],[-82.875,32.085],[-82.825,32.09],[-82.775,32.095],[-82.725,32.101],[-82.675,32.106],[-82.625,32.111],[-82.575,32.117],[-82.525,32.122],[-82.5,32.125],[-82.475,32.128],[-82.425,32.133],[-82.375,32.139],[-82.325,32.145],[-82.275,32.151],[-82.225,32.157],[-82.175,32.164],[-82.125,32.17],[-82.086,32.175],[-82.075,32.176],[-82.025,32.183],[-81.975,32.189],[-81.925,32.196],[-81.875,32.203],[-81.825,32.209],[-81.775,32.216],[-81.725,32.222],[-81.704,32.225],[-81.675,32.229],[-81.625,32.236],[-81.575,32.242],[-81.525,32.249],[-81.475,32.255],[-81.425,32.262],[-81.375,32.269],[-81.325,32.275],[-81.324,32.275],[-81.275,32.281],[-81.225,32.287],[-81.175,32.293],[-81.125,32.299],[-81.075,32.305],[-81.025,32.31],[-80.975,32.315],[-80.925,32.32],[-80.875,32.325],[-80.873,32.325],[-80.825,32.329]],[[-90.494,32.106],[-90.475,32.106],[-90.425,32.107],[-90.375,32.107],[-90.325,32.107],[-90.275,32.107],[-90.225,32.107],[-90.175,32.107],[-90.125,32.106],[-90.075,32.106],[-90.025,32.106],[-89.975,32.105],[-89.925,32.104],[-89.875,32.104],[-89.825,32.103],[-89.775,32.103],[-89.725,32.102],[-89.675,32.101],[-89.625,32.1],[-89.575,32.1],[-89.525,32.099],[-89.475,32.098],[-89.425,32.097],[-89.375,32.097],[-89.325,32.096],[-89.275,32.096],[-89.225,32.095],[-89.175,32.095],[-89.125,32.094],[-89.075,32.094],[-89.025,32.094],[-88.975,32.094],[-88.925,32.094],[-88.875,32.094],[-88.825,32.094],[-88.775,32.095],[-88.725,32.096],[-88.675,32.096],[-88.625,32.097],[-88.575,32.098],[-88.525,32.1],[-88.475,32.101],[-88.425,32.102],[-88.375,32.104],[-88.325,32.105],[-88.275,32.107],[-88.225,32.109],[-88.175,32.11],[-88.125,32.112],[-88.075,32.113],[-88.025,32.115],[-88.015,32.115]],[[-87.118,32.118],[-87.075,32.117],[-87.034,32.116]],[[-80.657,32.343],[-80.625,32.346],[-80.575,32.349],[-80.525,32.353],[-80.504,32.354]]]}},{"type":"Feature","properties":{"date":"2012-03-11","label":"11 Mar","yday":71,"tier":"day","major":false},"geometry":{"type":"MultiLineString","coordinates":[[[-93.025,32.11],[-92.975,32.116],[-92.925,32.123],[-92.905,32.125],[-92.875,32.129],[-92.825,32.135],[-92.775,32.141],[-92.725,32.147],[-92.675,32.153],[-92.625,32.158],[-92.575,32.164],[-92.525,32.17],[-92.478,32.175],[-92.475,32.175],[-92.425,32.181],[-92.375,32.186],[-92.325,32.191],[-92.275,32.196],[-92.225,32.201],[-92.175,32.206],[-92.125,32.211],[-92.112,32.212]],[[-85.577,32.173],[-85.575,32.173],[-85.525,32.17],[-85.475,32.167],[-85.425,32.163],[-85.375,32.16],[-85.325,32.157],[-85.275,32.155],[-85.225,32.152],[-85.175,32.15],[-85.125,32.147],[-85.075,32.145],[-85.025,32.143],[-84.975,32.141],[-84.925,32.14],[-84.875,32.139],[-84.825,32.137],[-84.775,32.137],[-84.725,32.136],[-84.675,32.135],[-84.625,32.135],[-84.575,32.135],[-84.525,32.135],[-84.475,32.135],[-84.425,32.135],[-84.375,32.136],[-84.325,32.137],[-84.275,32.138],[-84.225,32.139],[-84.175,32.14],[-84.125,32.142],[-84.075,32.143],[-84.025,32.145],[-83.975,32.147],[-83.925,32.15],[-83.875,32.152],[-83.825,32.155],[-83.775,32.158],[-83.725,32.161],[-83.675,32.164],[-83.625,32.168],[-83.575,32.171],[-83.528,32.175],[-83.525,32.175],[-83.475,32.179],[-83.425,32.184],[-83.375,32.188],[-83.325,32.193],[-83.275,32.197],[-83.225,32.202],[-83.175,32.207],[-83.125,32.212],[-83.075,32.217],[-83.025,32.222],[-83.001,32.225],[-82.975,32.228],[-82.925,32.233],[-82.875,32.239],[-82.825,32.244],[-82.775,32.25],[-82.725,32.256],[-82.675,32.261],[-82.625,32.267],[-82.575,32.273],[-82.557,32.275],[-82.525,32.279],[-82.475,32.285],[-82.425,32.291],[-82.375,32.297],[-82.325,32.304],[-82.275,32.31],[-82.225,32.317],[-82.175,32.324],[-82.167,32.325],[-82.125,32.331],[-82.075,32.338],[-82.025,32.345],[-81.975,32.351],[-81.925,32.358],[-81.875,32.365],[-81.825,32.372],[-81.806,32.375],[-81.775,32.379],[-81.725,32.386],[-81.675,32.393],[-81.625,32.4],[-81.575,32.407],[-81.525,32.415],[-81.475,32.422],[-81.45,32.425],[-81.425,32.429],[-81.375,32.435],[-81.325,32.442],[-81.275,32.449],[-81.225,32.456],[-81.175,32.462],[-81.125,32.468],[-81.075,32.474],[-81.07,32.475],[-81.025,32.48],[-80.975,32.486],[-80.925,32.491],[-80.875,32.497],[-80.825,32.502],[-80.775,32.506],[-80.725,32.511],[-80.675,32.515],[-80.625,32.519],[-80.575,32.522],[-80.572,32.522]],[[-89.329,32.271],[-89.325,32.271],[-89.275,32.271],[-89.225,32.27],[-89.175,32.269],[-89.125,32.269],[-89.075,32.269],[-89.025,32.268],[-88.975,32.268],[-88.925,32.268],[-88.875,32.268],[-88.825,32.268],[-88.775,32.268],[-88.725,32.269],[-88.675,32.27],[-88.625,32.271],[-88.575,32.272],[-88.525,32.273],[-88.475,32.274],[-88.451,32.275],[-88.425,32.276],[-88.375,32.277],[-88.325,32.279],[-88.275,32.28],[-88.225,32.282],[-88.175,32.284]],[[-89.97,32.28],[-89.925,32.28],[-89.875,32.279],[-89.825,32.279],[-89.775,32.278],[-89.725,32.277],[-89.675,32.276],[-89.625,32.276],[-89.577,32.275],[-89.575,32.275]],[[-87.19,32.29],[-87.175,32.29],[-87.125,32.288],[-87.075,32.286],[-87.025,32.284],[-86.975,32.282],[-86.925,32.28],[-86.875,32.277]],[[-80.478,32.528],[-80.475,32.528],[-80.425,32.531],[-80.375,32.533],[-80.325,32.535],[-80.275,32.536],[-80.264,32.536]]]}},{"type":"Feature","properties":{"date":"2012-03-12","label":"12 Mar","yday":72,"tier":"day","major":false},"geometry":{"type":"MultiLineString","coordinates":[[[-93.075,32.278],[-93.025,32.284],[-92.975,32.29],[-92.925,32.297],[-92.875,32.303],[-92.855,32.305]],[[-85.696,32.346],[-85.675,32.344],[-85.625,32.34],[-85.575,32.336],[-85.525,32.332],[-85.475,32.329],[-85.426,32.325],[-85.425,32.325],[-85.375,32.321],[-85.325,32.318],[-85.275,32.315],[-85.225,32.312],[-85.175,32.309],[-85.125,32.306],[-85.075,32.304],[-85.025,32.302],[-84.975,32.3],[-84.925,32.298],[-84.875,32.296],[-84.825,32.295],[-84.775,32.294],[-84.725,32.293],[-84.675,32.292],[-84.625,32.292],[-84.575,32.291],[-84.525,32.291],[-84.475,32.291],[-84.425,32.292],[-84.375,32.292],[-84.325,32.293],[-84.275,32.293],[-84.225,32.294],[-84.175,32.296],[-84.125,32.297],[-84.075,32.299],[-84.025,32.3],[-83.975,32.302],[-83.925,32.305],[-83.875,32.307],[-83.825,32.31],[-83.775,32.312],[-83.725,32.316],[-83.675,32.319],[-83.625,32.322],[-83.589,32.325],[-83.575,32.326],[-83.525,32.33],[-83.475,32.334],[-83.425,32.338],[-83.375,32.343],[-83.325,32.348],[-83.275,32.352],[-83.225,32.357],[-83.175,32.362],[-83.125,32.368],[-83.075,32.373],[-83.056,32.375],[-83.025,32.378],[-82.975,32.384],[-82.925,32.39],[-82.875,32.396],[-82.825,32.402],[-82.775,32.408],[-82.725,32.414],[-82.675,32.42],[-82.638,32.425],[-82.625,32.427],[-82.575,32.433],[-82.525,32.44],[-82.475,32.446],[-82.425,32.453],[-82.375,32.46],[-82.325,32.467],[-82.275,32.474],[-82.267,32.475],[-82.225,32.481],[-82.175,32.488],[-82.125,32.495],[-82.075,32.502],[-82.025,32.51],[-81.975,32.517],[-81.925,32.524],[-81.918,32.525],[-81.875,32.531],[-81.825,32.539],[-81.775,32.546],[-81.725,32.553],[-81.675,32.56],[-81.625,32.568],[-81.575,32.575],[-81.574,32.575],[-81.525,32.582],[-81.475,32.59],[-81.425,32.597],[-81.375,32.605],[-81.325,32.612],[-81.275,32.619],[-81.234,32.625],[-81.225,32.626],[-81.175,32.633],[-81.125,32.64],[-81.075,32.646],[-81.025,32.653],[-80.975,32.659],[-80.925,32.665],[-80.875,32.67],[-80.83,32.675],[-80.825,32.675],[-80.775,32.68],[-80.725,32.685],[-80.675,32.689],[-80.625,32.693],[-80.575,32.696],[-80.525,32.699],[-80.475,32.701],[-80.425,32.703],[-80.375,32.705],[-80.325,32.706],[-80.275,32.706],[-80.225,32.707],[-80.175,32.707],[-80.125,32.706],[-80.075,32.705],[-80.025,32.704],[-79.975,32.703],[-79.925,32.701],[-79.9,32.7]],[[-89.153,32.447],[-89.125,32.446],[-89.075,32.446],[-89.025,32.445],[-88.975,32.445],[-88.925,32.445],[-88.875,32.445],[-88.825,32.445],[-88.775,32.445],[-88.725,32.446],[-88.675,32.446],[-88.625,32.447],[-88.575,32.448],[-88.525,32.449],[-88.475,32.451],[-88.425,32.452],[-88.375,32.453],[-88.325,32.455],[-88.275,32.457],[-88.225,32.458],[-88.175,32.46]]]}},{"type":"Feature","properties":{"date":"2012-03-13","label":"13 Mar","yday":73,"tier":"day","major":false},"geometry":{"type":"MultiLineString","coordinates":[[[-86.212,32.562],[-86.175,32.559],[-86.125,32.553],[-86.075,32.548],[-86.025,32.543],[-85.975,32.538],[-85.925,32.533],[-85.875,32.528],[-85.844,32.525],[-85.825,32.523],[-85.775,32.518],[-85.725,32.514],[-85.675,32.509],[-85.625,32.504],[-85.575,32.5],[-85.525,32.496],[-85.475,32.491],[-85.425,32.487],[-85.375,32.484],[-85.325,32.48],[-85.275,32.476],[-85.256,32.475],[-85.225,32.473],[-85.175,32.47],[-85.125,32.467],[-85.075,32.464],[-85.025,32.461],[-84.975,32.459],[-84.925,32.457],[-84.875,32.455],[-84.825,32.454],[-84.775,32.452],[-84.725,32.451],[-84.675,32.45],[-84.625,32.449],[-84.575,32.449],[-84.525,32.448],[-84.475,32.448],[-84.425,32.448],[-84.375,32.449],[-84.325,32.449],[-84.275,32.45],[-84.225,32.451],[-84.175,32.452],[-84.125,32.453],[-84.075,32.455],[-84.025,32.456],[-83.975,32.458],[-83.925,32.461],[-83.875,32.463],[-83.825,32.466],[-83.775,32.468],[-83.725,32.471],[-83.675,32.475],[-83.673,32.475],[-83.625,32.478],[-83.575,32.482],[-83.525,32.486],[-83.475,32.491],[-83.425,32.495],[-83.375,32.5],[-83.325,32.505],[-83.275,32.51],[-83.225,32.516],[-83.175,32.521],[-83.138,32.525],[-83.125,32.526],[-83.075,32.532],[-83.025,32.538],[-82.975,32.544],[-82.925,32.55],[-82.875,32.557],[-82.825,32.563],[-82.775,32.57],[-82.738,32.575],[-82.725,32.577],[-82.675,32.584],[-82.625,32.591],[-82.575,32.598],[-82.525,32.605],[-82.475,32.612],[-82.425,32.619],[-82.383,32.625],[-82.375,32.626],[-82.325,32.634],[-82.275,32.641],[-82.225,32.648],[-82.175,32.656],[-82.125,32.663],[-82.075,32.67],[-82.044,32.675],[-82.025,32.678],[-81.975,32.685],[-81.925,32.693],[-81.875,32.7],[-81.825,32.708],[-81.775,32.715],[-81.725,32.723],[-81.709,32.725],[-81.675,32.73],[-81.625,32.738],[-81.575,32.745],[-81.525,32.753],[-81.475,32.761],[-81.425,32.768],[-81.38,32.775],[-81.375,32.776],[-81.325,32.783],[-81.275,32.791],[-81.225,32.798],[-81.175,32.805],[-81.125,32.812],[-81.075,32.819],[-81.026,32.825],[-81.025,32.825],[-80.975,32.831],[-80.925,32.837],[-80.875,32.843],[-80.825,32.848],[-80.775,32.853],[-80.725,32.858],[-80.675,32.862],[-80.625,32.865],[-80.575,32.868],[-80.525,32.87],[-80.475,32.872],[-80.425,32.873],[-80.375,32.874],[-80.325,32.874],[-80.275,32.874],[-80.225,32.874],[-80.175,32.873],[-80.125,32.872],[-80.075,32.871],[-80.025,32.869],[-79.975,32.867],[-79.935,32.865]],[[-86.815,32.615],[-86.775,32.613],[-86.725,32.609],[-86.675,32.605],[-86.625,32.601],[-86.575,32.597],[-86.525,32.592],[-86.475,32.588],[-86.425,32.583],[-86.375,32.578],[-86.341,32.575]],[[-88.824,32.626],[-88.775,32.626],[-88.725,32.626],[-88.675,32.627],[-88.625,32.627],[-88.575,32.628],[-88.525,32.629],[-88.475,32.63],[-88.425,32.632],[-88.375,32.633],[-88.325,32.634],[-88.285,32.635]],[[-86.976,32.626],[-86.975,32.626],[-86.964,32.625]],[[-79.914,32.864],[-79.875,32.862],[-79.825,32.859],[-79.775,32.855],[-79.725,32.852],[-79.7,32.85]]]}},{"type":"Feature","properties":{"date":"2012-03-14","label":"14 Mar","yday":74,"tier":"day","major":false},"geometry":{"type":"MultiLineString","coordinates":[[[-89.662,32.812],[-89.625,32.812],[-89.575,32.812],[-89.538,32.812]],[[-87.574,32.824],[-87.525,32.823],[-87.475,32.822],[-87.425,32.821],[-87.375,32.82],[-87.325,32.818],[-87.275,32.816],[-87.225,32.814],[-87.175,32.812],[-87.125,32.809],[-87.075,32.806],[-87.025,32.803],[-86.975,32.8],[-86.925,32.797],[-86.875,32.793],[-86.825,32.79],[-86.775,32.786],[-86.725,32.782],[-86.675,32.777],[-86.65,32.775],[-86.625,32.773],[-86.575,32.768],[-86.525,32.764],[-86.475,32.759],[-86.425,32.754],[-86.375,32.749],[-86.325,32.743],[-86.275,32.738],[-86.225,32.733],[-86.175,32.728],[-86.152,32.725],[-86.125,32.722],[-86.075,32.717],[-86.025,32.711],[-85.975,32.706],[-85.925,32.7],[-85.875,32.695],[-85.825,32.69],[-85.775,32.685],[-85.725,32.679],[-85.681,32.675],[-85.675,32.674],[-85.625,32.669],[-85.575,32.665],[-85.525,32.66],[-85.475,32.655],[-85.425,32.651],[-85.375,32.647],[-85.325,32.643],[-85.275,32.639],[-85.225,32.635],[-85.175,32.632],[-85.125,32.628],[-85.075,32.625],[-85.073,32.625],[-85.025,32.622],[-84.975,32.62],[-84.925,32.617],[-84.875,32.615],[-84.825,32.613],[-84.775,32.611],[-84.725,32.61],[-84.675,32.609],[-84.625,32.608],[-84.575,32.607],[-84.525,32.607],[-84.475,32.606],[-84.425,32.606],[-84.375,32.607],[-84.325,32.607],[-84.275,32.608],[-84.225,32.608],[-84.175,32.61],[-84.125,32.611],[-84.075,32.612],[-84.025,32.614],[-83.975,32.616],[-83.925,32.618],[-83.875,32.621],[-83.825,32.624],[-83.802,32.625],[-83.775,32.627],[-83.725,32.63],[-83.675,32.633],[-83.625,32.637],[-83.575,32.642],[-83.525,32.646],[-83.475,32.651],[-83.425,32.656],[-83.375,32.661],[-83.325,32.667],[-83.275,32.673],[-83.253,32.675],[-83.225,32.678],[-83.175,32.684],[-83.125,32.69],[-83.075,32.696],[-83.025,32.703],[-82.975,32.709],[-82.925,32.716],[-82.875,32.723],[-82.86,32.725],[-82.825,32.73],[-82.775,32.737],[-82.725,32.744],[-82.675,32.751],[-82.625,32.759],[-82.575,32.766],[-82.525,32.773],[-82.515,32.775],[-82.475,32.781],[-82.425,32.788],[-82.375,32.796],[-82.325,32.803],[-82.275,32.811],[-82.225,32.818],[-82.182,32.825],[-82.175,32.826],[-82.125,32.834],[-82.075,32.841],[-82.025,32.849],[-81.975,32.856],[-81.925,32.864],[-81.875,32.871],[-81.852,32.875],[-81.825,32.879],[-81.775,32.887],[-81.725,32.894],[-81.675,32.902],[-81.625,32.91],[-81.575,32.917],[-81.525,32.925],[-81.523,32.925],[-81.475,32.932],[-81.425,32.94],[-81.375,32.947],[-81.325,32.955],[-81.275,32.962],[-81.225,32.969],[-81.181,32.975],[-81.175,32.976],[-81.125,32.983],[-81.075,32.989],[-81.025,32.995],[-80.975,33.001],[-80.925,33.007],[-80.875,33.012],[-80.825,33.017],[-80.775,33.022],[-80.737,33.025],[-80.725,33.026],[-80.675,33.029],[-80.625,33.032],[-80.575,33.035],[-80.525,33.037],[-80.475,33.038],[-80.425,33.039],[-80.375,33.039],[-80.325,33.039],[-80.275,33.039],[-80.225,33.038],[-80.175,33.037],[-80.125,33.035],[-80.075,33.033],[-80.025,33.031],[-79.975,33.028],[-79.925,33.026],[-79.917,33.025],[-79.875,33.022],[-79.825,33.019],[-79.775,33.015],[-79.725,33.011],[-79.675,33.008],[-79.625,33.004],[-79.598,33.002]]]}},{"type":"Feature","properties":{"date":"2012-03-15","label":"15 Mar","yday":75,"tier":"index","major":true},"geometry":{"type":"MultiLineString","coordinates":[[[-89.656,32.994],[-89.625,32.994],[-89.575,32.994],[-89.525,32.993]],[[-87.575,33.004],[-87.525,33.003],[-87.475,33.002],[-87.425,33.0],[-87.375,32.998],[-87.325,32.996],[-87.275,32.994],[-87.225,32.992],[-87.175,32.989],[-87.125,32.986],[-87.075,32.983],[-87.025,32.98],[-86.975,32.976],[-86.958,32.975],[-86.925,32.973],[-86.875,32.969],[-86.825,32.965],[-86.775,32.96],[-86.725,32.956],[-86.675,32.951],[-86.625,32.946],[-86.575,32.942],[-86.525,32.936],[-86.475,32.931],[-86.425,32.926],[-86.417,32.925],[-86.375,32.92],[-86.325,32.915],[-86.275,32.909],[-86.225,32.904],[-86.175,32.898],[-86.125,32.892],[-86.075,32.886],[-86.025,32.881],[-85.977,32.875],[-85.975,32.875],[-85.925,32.869],[-85.875,32.863],[-85.825,32.858],[-85.775,32.852],[-85.725,32.846],[-85.675,32.841],[-85.625,32.836],[-85.575,32.83],[-85.525,32.825],[-85.521,32.825],[-85.475,32.82],[-85.425,32.816],[-85.375,32.811],[-85.325,32.807],[-85.275,32.802],[-85.225,32.798],[-85.175,32.794],[-85.125,32.791],[-85.075,32.787],[-85.025,32.784],[-84.975,32.781],[-84.925,32.778],[-84.875,32.776],[-84.852,32.775],[-84.825,32.774],[-84.775,32.772],[-84.725,32.77],[-84.675,32.769],[-84.625,32.768],[-84.575,32.767],[-84.525,32.766],[-84.475,32.766],[-84.425,32.766],[-84.375,32.766],[-84.325,32.766],[-84.275,32.767],[-84.225,32.768],[-84.175,32.769],[-84.125,32.771],[-84.075,32.772],[-84.025,32.774],[-84.014,32.775],[-83.975,32.777],[-83.925,32.779],[-83.875,32.782],[-83.825,32.785],[-83.775,32.789],[-83.725,32.792],[-83.675,32.796],[-83.625,32.801],[-83.575,32.805],[-83.525,32.811],[-83.475,32.816],[-83.425,32.821],[-83.394,32.825],[-83.375,32.827],[-83.325,32.833],[-83.275,32.839],[-83.225,32.846],[-83.175,32.852],[-83.125,32.859],[-83.075,32.865],[-83.025,32.872],[-83.005,32.875],[-82.975,32.879],[-82.925,32.886],[-82.875,32.893],[-82.825,32.901],[-82.775,32.908],[-82.725,32.915],[-82.675,32.923],[-82.659,32.925],[-82.625,32.93],[-82.575,32.938],[-82.525,32.945],[-82.475,32.953],[-82.425,32.96],[-82.375,32.968],[-82.329,32.975],[-82.325,32.976],[-82.275,32.983],[-82.225,32.991],[-82.175,32.998],[-82.125,33.006],[-82.075,33.013],[-82.025,33.021],[-81.999,33.025],[-81.975,33.029],[-81.925,33.036],[-81.875,33.044],[-81.825,33.051],[-81.775,33.059],[-81.725,33.066],[-81.675,33.074],[-81.666,33.075],[-81.625,33.081],[-81.575,33.088],[-81.525,33.096],[-81.475,33.103],[-81.425,33.11],[-81.375,33.117],[-81.325,33.124],[-81.32,33.125],[-81.275,33.131],[-81.225,33.138],[-81.175,33.144],[-81.125,33.15],[-81.075,33.156],[-81.025,33.162],[-80.975,33.168],[-80.925,33.173],[-80.9,33.175],[-80.875,33.177],[-80.825,33.182],[-80.775,33.186],[-80.725,33.189],[-80.675,33.192],[-80.625,33.195],[-80.575,33.197],[-80.525,33.198],[-80.475,33.199],[-80.425,33.2],[-80.375,33.2],[-80.325,33.2],[-80.275,33.2],[-80.225,33.199],[-80.175,33.197],[-80.125,33.196],[-80.075,33.193],[-80.025,33.191],[-79.975,33.188],[-79.925,33.185],[-79.875,33.182],[-79.825,33.178],[-79.786,33.175],[-79.775,33.174],[-79.725,33.17],[-79.675,33.166],[-79.625,33.162],[-79.575,33.157],[-79.525,33.153],[-79.475,33.149],[-79.425,33.145],[-79.375,33.141],[-79.325,33.137],[-79.314,33.136]]]}},{"type":"Feature","properties":{"date":"2012-03-16","label":"16 Mar","yday":76,"tier":"day","major":false},"geometry":{"type":"MultiLineString","coordinates":[[[-84.117,32.933],[-84.075,32.935],[-84.025,32.937],[-83.975,32.94],[-83.925,32.943],[-83.875,32.946],[-83.825,32.95],[-83.802,32.952]],[[-83.464,32.986],[-83.425,32.991],[-83.375,32.997],[-83.325,33.003],[-83.275,33.01],[-83.225,33.017],[-83.175,33.023],[-83.164,33.025],[-83.125,33.03],[-83.075,33.037],[-83.025,33.044],[-82.975,33.052],[-82.925,33.059],[-82.875,33.066],[-82.825,33.073],[-82.814,33.075],[-82.775,33.081],[-82.725,33.088],[-82.675,33.096],[-82.625,33.103],[-82.575,33.111],[-82.525,33.119],[-82.483,33.125],[-82.475,33.126],[-82.425,33.134],[-82.375,33.141],[-82.325,33.149],[-82.275,33.156],[-82.225,33.164],[-82.175,33.171],[-82.149,33.175],[-82.125,33.179],[-82.075,33.186],[-82.025,33.193],[-81.975,33.201],[-81.925,33.208],[-81.875,33.215],[-81.825,33.222],[-81.806,33.225],[-81.775,33.229],[-81.725,33.237],[-81.675,33.244],[-81.625,33.251],[-81.575,33.258],[-81.525,33.265],[-81.475,33.271],[-81.449,33.275],[-81.425,33.278],[-81.375,33.285],[-81.325,33.291],[-81.275,33.298],[-81.225,33.304],[-81.175,33.31],[-81.125,33.315],[-81.075,33.321],[-81.033,33.325],[-81.025,33.326],[-80.975,33.331],[-80.925,33.335],[-80.875,33.339],[-80.825,33.343],[-80.775,33.346],[-80.725,33.349],[-80.675,33.352],[-80.625,33.354],[-80.575,33.356],[-80.525,33.357],[-80.475,33.358],[-80.425,33.359],[-80.375,33.359],[-80.325,33.359],[-80.275,33.358],[-80.225,33.357],[-80.175,33.356],[-80.125,33.354],[-80.075,33.352],[-80.025,33.35],[-79.975,33.347],[-79.925,33.344],[-79.875,33.34],[-79.825,33.337],[-79.775,33.333],[-79.725,33.329],[-79.68,33.325],[-79.675,33.325],[-79.625,33.32],[-79.575,33.316],[-79.525,33.311],[-79.475,33.307],[-79.425,33.302],[-79.375,33.298],[-79.325,33.294]],[[-87.762,33.188],[-87.725,33.188],[-87.675,33.187],[-87.625,33.186],[-87.575,33.185],[-87.525,33.184],[-87.475,33.182],[-87.425,33.18],[-87.375,33.178],[-87.325,33.176],[-87.314,33.175],[-87.275,33.173],[-87.225,33.17],[-87.175,33.167],[-87.125,33.164],[-87.075,33.161],[-87.025,33.157],[-86.975,33.154],[-86.925,33.15],[-86.875,33.145],[-86.825,33.141],[-86.775,33.136],[-86.725,33.132],[-86.675,33.127],[-86.658,33.125],[-86.625,33.122],[-86.575,33.116],[-86.525,33.111],[-86.475,33.105],[-86.425,33.1],[-86.375,33.094],[-86.325,33.088],[-86.275,33.082],[-86.225,33.076],[-86.219,33.075],[-86.175,33.07],[-86.125,33.064],[-86.075,33.057],[-86.025,33.051],[-85.975,33.045],[-85.925,33.039],[-85.875,33.033],[-85.825,33.027],[-85.811,33.025],[-85.775,33.021],[-85.725,33.015],[-85.675,33.009],[-85.625,33.003],[-85.575,32.998],[-85.525,32.992],[-85.475,32.987],[-85.425,32.981],[-85.375,32.976],[-85.36,32.975],[-85.325,32.972],[-85.275,32.967],[-85.225,32.963],[-85.175,32.958],[-85.125,32.954],[-85.075,32.951],[-85.025,32.947],[-84.975,32.944],[-84.925,32.941],[-84.875,32.938],[-84.825,32.936],[-84.775,32.933],[-84.725,32.932],[-84.675,32.93],[-84.625,32.929],[-84.575,32.928],[-84.525,32.927],[-84.475,32.927],[-84.425,32.927],[-84.375,32.927],[-84.325,32.928],[-84.275,32.928],[-84.225,32.93],[-84.181,32.931]]]}},{"type":"Feature","properties":{"date":"2012-03-17","label":"17 Mar","yday":77,"tier":"day","major":false},"geometry":{"type":"MultiLineString","coordinates":[[[-83.425,33.161],[-83.375,33.168],[-83.325,33.175],[-83.323,33.175],[-83.275,33.182],[-83.225,33.189],[-83.175,33.196],[-83.125,33.203],[-83.075,33.21],[-83.025,33.217],[-82.975,33.225],[-82.972,33.225],[-82.925,33.232],[-82.875,33.239],[-82.825,33.247],[-82.775,33.255],[-82.725,33.262],[-82.675,33.27],[-82.641,33.275],[-82.625,33.277],[-82.575,33.285],[-82.525,33.292],[-82.475,33.3],[-82.425,33.307],[-82.375,33.315],[-82.325,33.322],[-82.303,33.325],[-82.275,33.329],[-82.225,33.336],[-82.175,33.343],[-82.125,33.35],[-82.075,33.357],[-82.025,33.364],[-81.975,33.371],[-81.946,33.375],[-81.925,33.378],[-81.875,33.385],[-81.825,33.391],[-81.775,33.398],[-81.725,33.405],[-81.675,33.411],[-81.625,33.418],[-81.575,33.424],[-81.571,33.425],[-81.525,33.431],[-81.475,33.437],[-81.425,33.443],[-81.375,33.449],[-81.325,33.455],[-81.275,33.461],[-81.225,33.466],[-81.175,33.472],[-81.144,33.475],[-81.125,33.477],[-81.075,33.482],[-81.025,33.486],[-80.975,33.491],[-80.925,33.495],[-80.875,33.498],[-80.825,33.502],[-80.775,33.504],[-80.725,33.507],[-80.675,33.509],[-80.625,33.511],[-80.575,33.513],[-80.525,33.514],[-80.475,33.515],[-80.425,33.516],[-80.375,33.516],[-80.325,33.516],[-80.275,33.515],[-80.225,33.514],[-80.175,33.513],[-80.125,33.512],[-80.075,33.51],[-80.025,33.508],[-79.975,33.505],[-79.925,33.502],[-79.875,33.499],[-79.825,33.496],[-79.775,33.492],[-79.725,33.488],[-79.675,33.484],[-79.625,33.48],[-79.575,33.476],[-79.565,33.475],[-79.525,33.471],[-79.475,33.467],[-79.425,33.463],[-79.375,33.459],[-79.325,33.455],[-79.275,33.451],[-79.225,33.448],[-79.175,33.444],[-79.157,33.443]],[[-87.625,33.366],[-87.575,33.365],[-87.525,33.363],[-87.475,33.361],[-87.425,33.359],[-87.375,33.357],[-87.325,33.355],[-87.275,33.352],[-87.225,33.349],[-87.175,33.346],[-87.125,33.343],[-87.075,33.339],[-87.025,33.336],[-86.975,33.332],[-86.925,33.327],[-86.897,33.325],[-86.875,33.323],[-86.825,33.318],[-86.775,33.314],[-86.725,33.309],[-86.675,33.303],[-86.625,33.298],[-86.575,33.292],[-86.525,33.287],[-86.475,33.281],[-86.429,33.275],[-86.425,33.275],[-86.375,33.268],[-86.325,33.262],[-86.275,33.256],[-86.225,33.249],[-86.175,33.243],[-86.125,33.236],[-86.075,33.23],[-86.039,33.225],[-86.025,33.223],[-85.975,33.217],[-85.925,33.21],[-85.875,33.203],[-85.825,33.197],[-85.775,33.191],[-85.725,33.184],[-85.675,33.178],[-85.65,33.175],[-85.625,33.172],[-85.575,33.166],[-85.525,33.16],[-85.475,33.154],[-85.425,33.149],[-85.375,33.143],[-85.325,33.138],[-85.275,33.133],[-85.225,33.128],[-85.19,33.125],[-85.175,33.124],[-85.125,33.119],[-85.075,33.115],[-85.025,33.111],[-84.975,33.108],[-84.925,33.105],[-84.875,33.102],[-84.825,33.099],[-84.775,33.096],[-84.725,33.094],[-84.675,33.093],[-84.625,33.091],[-84.575,33.09],[-84.525,33.09],[-84.475,33.089],[-84.425,33.089],[-84.39,33.09]]]}},{"type":"Feature","properties":{"date":"2012-03-18","label":"18 Mar","yday":78,"tier":"day","major":false},"geometry":{"type":"MultiLineString","coordinates":[[[-83.125,33.375],[-83.125,33.375],[-83.123,33.375]],[[-82.478,33.472],[-82.475,33.473],[-82.458,33.475],[-82.425,33.48],[-82.375,33.487],[-82.325,33.493],[-82.275,33.5],[-82.225,33.507],[-82.175,33.513],[-82.125,33.52],[-82.085,33.525],[-82.075,33.526],[-82.025,33.533],[-81.975,33.539],[-81.925,33.545],[-81.875,33.552],[-81.825,33.558],[-81.775,33.564],[-81.725,33.57],[-81.684,33.575],[-81.675,33.576],[-81.625,33.582],[-81.575,33.588],[-81.525,33.594],[-81.475,33.599],[-81.425,33.605],[-81.375,33.611],[-81.325,33.616],[-81.275,33.621],[-81.235,33.625],[-81.225,33.626],[-81.175,33.631],[-81.125,33.635],[-81.075,33.64],[-81.025,33.644],[-80.975,33.648],[-80.925,33.651],[-80.875,33.654],[-80.825,33.657],[-80.775,33.66],[-80.725,33.662],[-80.675,33.664],[-80.625,33.666],[-80.575,33.668],[-80.525,33.669],[-80.475,33.67],[-80.425,33.67],[-80.375,33.671],[-80.325,33.671],[-80.275,33.671],[-80.225,33.67],[-80.175,33.669],[-80.125,33.668],[-80.075,33.667],[-80.025,33.665],[-79.975,33.663],[-79.925,33.661],[-79.875,33.658],[-79.825,33.655],[-79.775,33.652],[-79.725,33.649],[-79.675,33.645],[-79.625,33.641],[-79.575,33.638],[-79.525,33.634],[-79.475,33.63],[-79.425,33.626],[-79.416,33.625],[-79.375,33.622],[-79.325,33.618],[-79.275,33.614],[-79.225,33.611],[-79.175,33.608],[-79.125,33.605],[-79.075,33.602],[-79.025,33.599],[-79.002,33.598]],[[-87.175,33.525],[-87.125,33.521],[-87.075,33.518],[-87.025,33.514],[-86.975,33.51],[-86.925,33.506],[-86.875,33.501],[-86.825,33.497],[-86.775,33.492],[-86.725,33.486],[-86.675,33.481],[-86.625,33.475],[-86.623,33.475],[-86.575,33.469],[-86.525,33.463],[-86.475,33.457],[-86.425,33.451],[-86.375,33.444],[-86.325,33.438],[-86.275,33.431],[-86.232,33.425],[-86.225,33.424],[-86.175,33.417],[-86.125,33.41],[-86.075,33.403],[-86.025,33.396],[-85.975,33.39],[-85.925,33.383],[-85.875,33.376],[-85.87,33.375],[-85.825,33.369],[-85.775,33.362],[-85.725,33.355],[-85.675,33.349],[-85.625,33.342],[-85.575,33.336],[-85.525,33.329],[-85.489,33.325],[-85.475,33.323],[-85.425,33.317],[-85.375,33.312],[-85.325,33.306],[-85.275,33.301],[-85.225,33.295],[-85.175,33.291],[-85.125,33.286],[-85.075,33.281],[-85.027,33.277]],[[-87.749,33.549],[-87.725,33.548],[-87.675,33.547],[-87.625,33.546],[-87.575,33.544],[-87.525,33.543]]]}},{"type":"Feature","properties":{"date":"2012-03-19","label":"19 Mar","yday":79,"tier":"day","major":false},"geometry":{"type":"MultiLineString","coordinates":[[[-82.403,33.653],[-82.375,33.656],[-82.325,33.662],[-82.275,33.669],[-82.225,33.675],[-82.223,33.675],[-82.175,33.681],[-82.125,33.687],[-82.075,33.693],[-82.025,33.698],[-81.975,33.704],[-81.925,33.71],[-81.875,33.716],[-81.825,33.721],[-81.79,33.725],[-81.775,33.727],[-81.725,33.732],[-81.675,33.737],[-81.625,33.743],[-81.575,33.748],[-81.525,33.753],[-81.475,33.758],[-81.425,33.763],[-81.375,33.768],[-81.325,33.773],[-81.304,33.775],[-81.275,33.778],[-81.225,33.782],[-81.175,33.786],[-81.125,33.791],[-81.075,33.794],[-81.025,33.798],[-80.975,33.801],[-80.925,33.804],[-80.875,33.807],[-80.825,33.81],[-80.775,33.812],[-80.725,33.814],[-80.675,33.816],[-80.625,33.818],[-80.575,33.82],[-80.525,33.821],[-80.475,33.822],[-80.425,33.823],[-80.375,33.824],[-80.325,33.824],[-80.275,33.824],[-80.225,33.824],[-80.175,33.824],[-80.125,33.823],[-80.075,33.823],[-80.025,33.821],[-79.975,33.82],[-79.925,33.818],[-79.875,33.817],[-79.825,33.814],[-79.775,33.812],[-79.725,33.809],[-79.675,33.806],[-79.625,33.803],[-79.575,33.8],[-79.525,33.797],[-79.475,33.793],[-79.425,33.79],[-79.375,33.787],[-79.325,33.783],[-79.275,33.78],[-79.225,33.777],[-79.194,33.775],[-79.175,33.774],[-79.125,33.771],[-79.075,33.768],[-79.025,33.766],[-78.975,33.764],[-78.925,33.762],[-78.875,33.761],[-78.84,33.76]],[[-87.152,33.702],[-87.125,33.7],[-87.075,33.697],[-87.025,33.693],[-86.975,33.689],[-86.925,33.685],[-86.875,33.68],[-86.825,33.675],[-86.824,33.675],[-86.775,33.67],[-86.725,33.665],[-86.675,33.659],[-86.625,33.653],[-86.575,33.647],[-86.525,33.641],[-86.475,33.634],[-86.425,33.628],[-86.406,33.625],[-86.375,33.621],[-86.325,33.614],[-86.275,33.607],[-86.225,33.6],[-86.175,33.593],[-86.125,33.586],[-86.075,33.578],[-86.052,33.575],[-86.025,33.571],[-85.975,33.564],[-85.925,33.557],[-85.875,33.549],[-85.825,33.542],[-85.775,33.535],[-85.725,33.528],[-85.704,33.525],[-85.675,33.521],[-85.625,33.514],[-85.575,33.507],[-85.525,33.501],[-85.475,33.494],[-85.425,33.488],[-85.375,33.482],[-85.325,33.476],[-85.319,33.475],[-85.275,33.47],[-85.225,33.465],[-85.175,33.459],[-85.125,33.454],[-85.075,33.45]]]}},{"type":"Feature","properties":{"date":"2012-03-20","label":"20 Mar","yday":80,"tier":"five","major":false},"geometry":{"type":"MultiLineString","coordinates":[[[-86.709,33.841],[-86.675,33.838],[-86.625,33.832],[-86.575,33.825],[-86.572,33.825],[-86.525,33.819],[-86.475,33.812],[-86.425,33.806],[-86.375,33.799],[-86.325,33.791],[-86.275,33.784],[-86.225,33.777],[-86.212,33.775],[-86.175,33.77],[-86.125,33.762],[-86.075,33.755],[-86.025,33.747],[-85.975,33.74],[-85.925,33.732],[-85.878,33.725],[-85.875,33.724],[-85.825,33.717],[-85.775,33.71],[-85.725,33.702],[-85.675,33.695],[-85.625,33.688],[-85.575,33.68],[-85.536,33.675],[-85.525,33.673],[-85.475,33.667],[-85.425,33.66],[-85.375,33.654],[-85.325,33.647],[-85.275,33.641],[-85.225,33.635],[-85.175,33.63],[-85.128,33.625],[-85.125,33.625],[-85.075,33.62],[-85.025,33.615],[-84.988,33.612]],[[-82.325,33.829],[-82.275,33.835],[-82.225,33.841],[-82.175,33.846],[-82.125,33.851],[-82.075,33.857],[-82.025,33.862],[-81.975,33.867],[-81.925,33.872],[-81.892,33.875],[-81.875,33.877],[-81.825,33.881],[-81.775,33.886],[-81.725,33.891],[-81.675,33.896],[-81.625,33.9],[-81.575,33.905],[-81.525,33.909],[-81.475,33.914],[-81.425,33.918],[-81.375,33.922],[-81.343,33.925],[-81.325,33.926],[-81.275,33.931],[-81.225,33.934],[-81.175,33.938],[-81.125,33.942],[-81.075,33.945],[-81.025,33.948],[-80.975,33.951],[-80.925,33.954],[-80.875,33.957],[-80.825,33.959],[-80.775,33.961],[-80.725,33.963],[-80.675,33.965],[-80.625,33.967],[-80.575,33.969],[-80.525,33.971],[-80.475,33.972],[-80.425,33.973],[-80.375,33.974],[-80.341,33.975],[-80.325,33.975],[-80.275,33.976],[-80.225,33.976],[-80.175,33.977],[-80.125,33.977],[-80.075,33.977],[-80.025,33.976],[-79.975,33.976],[-79.928,33.975],[-79.925,33.975],[-79.875,33.974],[-79.825,33.973],[-79.775,33.971],[-79.725,33.969],[-79.675,33.967],[-79.625,33.965],[-79.575,33.963],[-79.525,33.96],[-79.475,33.958],[-79.425,33.955],[-79.375,33.953],[-79.325,33.95],[-79.275,33.948],[-79.225,33.945],[-79.175,33.943],[-79.125,33.941],[-79.075,33.939],[-79.025,33.937],[-78.975,33.935],[-78.925,33.934],[-78.875,33.933],[-78.825,33.932],[-78.775,33.931],[-78.725,33.931],[-78.675,33.931],[-78.625,33.931],[-78.575,33.932],[-78.525,33.933],[-78.475,33.934],[-78.425,33.935],[-78.415,33.935]],[[-87.375,33.896],[-87.325,33.893],[-87.275,33.89],[-87.225,33.887],[-87.175,33.884],[-87.125,33.88],[-87.075,33.877],[-87.055,33.875],[-87.025,33.873],[-86.975,33.868],[-86.925,33.864],[-86.875,33.859],[-86.825,33.854],[-86.802,33.852]],[[-78.338,33.938],[-78.325,33.938],[-78.275,33.94],[-78.225,33.942],[-78.175,33.945],[-78.125,33.947],[-78.075,33.951],[-78.025,33.954],[-77.993,33.957]]]}},{"type":"Feature","properties":{"date":"2012-03-21","label":"21 Mar","yday":81,"tier":"day","major":false},"geometry":{"type":"MultiLineString","coordinates":[[[-86.667,34.017],[-86.625,34.012],[-86.575,34.005],[-86.525,33.999],[-86.475,33.992],[-86.425,33.985],[-86.375,33.978],[-86.357,33.975],[-86.325,33.97],[-86.275,33.963],[-86.225,33.955],[-86.175,33.948],[-86.125,33.94],[-86.075,33.932],[-86.027,33.925],[-86.025,33.925],[-85.975,33.917],[-85.925,33.909],[-85.875,33.901],[-85.825,33.894],[-85.775,33.886],[-85.725,33.878],[-85.704,33.875],[-85.675,33.871],[-85.625,33.863],[-85.575,33.856],[-85.525,33.848],[-85.475,33.841],[-85.425,33.834],[-85.375,33.828],[-85.356,33.825],[-85.325,33.821],[-85.275,33.815],[-85.225,33.809],[-85.175,33.803],[-85.125,33.797],[-85.075,33.792],[-85.025,33.787],[-84.975,33.782],[-84.925,33.778],[-84.882,33.775],[-84.875,33.774],[-84.829,33.771]],[[-82.192,34.008],[-82.175,34.009],[-82.125,34.014],[-82.075,34.018],[-82.025,34.023],[-81.997,34.025],[-81.975,34.027],[-81.925,34.031],[-81.875,34.035],[-81.825,34.039],[-81.775,34.043],[-81.725,34.047],[-81.675,34.051],[-81.625,34.055],[-81.575,34.058],[-81.525,34.062],[-81.475,34.066],[-81.425,34.069],[-81.375,34.073],[-81.34,34.075],[-81.325,34.076],[-81.275,34.079],[-81.225,34.083],[-81.175,34.086],[-81.125,34.089],[-81.075,34.092],[-81.025,34.095],[-80.975,34.097],[-80.925,34.1],[-80.875,34.102],[-80.825,34.104],[-80.775,34.107],[-80.725,34.109],[-80.675,34.111],[-80.625,34.113],[-80.575,34.115],[-80.525,34.117],[-80.475,34.119],[-80.425,34.121],[-80.375,34.122],[-80.325,34.124],[-80.28,34.125],[-80.275,34.125],[-80.225,34.126],[-80.175,34.127],[-80.125,34.128],[-80.075,34.129],[-80.025,34.129],[-79.975,34.13],[-79.925,34.13],[-79.875,34.13],[-79.825,34.13],[-79.775,34.129],[-79.725,34.128],[-79.675,34.127],[-79.625,34.126],[-79.577,34.125],[-79.575,34.125],[-79.525,34.124],[-79.475,34.122],[-79.425,34.12],[-79.375,34.119],[-79.325,34.117],[-79.275,34.116],[-79.225,34.114],[-79.175,34.113],[-79.125,34.112],[-79.075,34.111],[-79.025,34.11],[-78.975,34.109],[-78.925,34.108],[-78.875,34.108],[-78.825,34.108],[-78.775,34.108],[-78.725,34.108],[-78.675,34.108],[-78.625,34.109],[-78.575,34.109],[-78.525,34.11],[-78.475,34.112],[-78.425,34.113],[-78.375,34.115],[-78.325,34.117],[-78.275,34.119],[-78.225,34.122],[-78.175,34.124],[-78.165,34.125],[-78.125,34.128],[-78.075,34.131],[-78.025,34.135],[-77.975,34.139],[-77.925,34.144],[-77.875,34.149],[-77.849,34.151]],[[-86.775,34.029],[-86.736,34.025]],[[-87.421,34.079],[-87.375,34.077],[-87.339,34.075],[-87.325,34.074],[-87.275,34.071],[-87.225,34.068],[-87.175,34.065],[-87.125,34.062],[-87.075,34.058],[-87.056,34.056]]]}},{"type":"Feature","properties":{"date":"2012-03-22","label":"22 Mar","yday":82,"tier":"day","major":false},"geometry":{"type":"MultiLineString","coordinates":[[[-85.871,34.079],[-85.843,34.075],[-85.825,34.072],[-85.775,34.064],[-85.725,34.056],[-85.675,34.049],[-85.625,34.041],[-85.575,34.033],[-85.525,34.026],[-85.521,34.025],[-85.475,34.018],[-85.425,34.011],[-85.375,34.004],[-85.325,33.997],[-85.275,33.991],[-85.225,33.984],[-85.175,33.978],[-85.149,33.975],[-85.125,33.972],[-85.075,33.967],[-85.025,33.962],[-84.975,33.957],[-84.925,33.952],[-84.875,33.948],[-84.825,33.944],[-84.775,33.941],[-84.725,33.938],[-84.675,33.936],[-84.625,33.934],[-84.575,33.933]],[[-80.959,34.241],[-80.925,34.242],[-80.875,34.245],[-80.825,34.247],[-80.775,34.249],[-80.725,34.252],[-80.675,34.254],[-80.625,34.256],[-80.575,34.259],[-80.525,34.261],[-80.475,34.263],[-80.425,34.266],[-80.375,34.268],[-80.325,34.27],[-80.275,34.272],[-80.225,34.274],[-80.199,34.275],[-80.175,34.276],[-80.125,34.278],[-80.075,34.279],[-80.025,34.28],[-79.975,34.282],[-79.925,34.283],[-79.875,34.284],[-79.825,34.284],[-79.775,34.285],[-79.725,34.285],[-79.675,34.285],[-79.625,34.285],[-79.575,34.285],[-79.525,34.285],[-79.475,34.285],[-79.425,34.285],[-79.375,34.284],[-79.325,34.284],[-79.275,34.284],[-79.225,34.284],[-79.175,34.284],[-79.125,34.283],[-79.075,34.283],[-79.025,34.284],[-78.975,34.284],[-78.925,34.284],[-78.875,34.284],[-78.825,34.285],[-78.775,34.285],[-78.725,34.286],[-78.675,34.287],[-78.625,34.288],[-78.575,34.289],[-78.525,34.291],[-78.475,34.292],[-78.425,34.294],[-78.375,34.296],[-78.325,34.298],[-78.275,34.301],[-78.225,34.304],[-78.175,34.307],[-78.125,34.31],[-78.075,34.314],[-78.025,34.318],[-77.975,34.322],[-77.946,34.325],[-77.925,34.327],[-77.875,34.332],[-77.825,34.337],[-77.775,34.342],[-77.725,34.348],[-77.699,34.351]]]}},{"type":"Feature","properties":{"date":"2012-03-23","label":"23 Mar","yday":83,"tier":"day","major":false},"geometry":{"type":"MultiLineString","coordinates":[[[-85.65,34.225],[-85.625,34.221],[-85.575,34.213],[-85.525,34.206],[-85.475,34.198],[-85.425,34.191],[-85.375,34.183],[-85.325,34.176],[-85.315,34.175],[-85.275,34.169],[-85.225,34.163],[-85.175,34.157],[-85.125,34.15],[-85.075,34.145],[-85.025,34.139],[-84.975,34.134],[-84.925,34.129],[-84.876,34.125],[-84.875,34.125],[-84.825,34.121],[-84.775,34.118],[-84.725,34.115],[-84.675,34.112],[-84.625,34.11],[-84.575,34.109],[-84.559,34.109]],[[-80.759,34.391],[-80.725,34.392],[-80.675,34.395],[-80.625,34.398],[-80.575,34.4],[-80.525,34.403],[-80.475,34.406],[-80.425,34.408],[-80.375,34.411],[-80.325,34.414],[-80.275,34.417],[-80.225,34.419],[-80.175,34.422],[-80.125,34.425],[-80.117,34.425],[-80.075,34.427],[-80.025,34.429],[-79.975,34.431],[-79.925,34.433],[-79.875,34.435],[-79.825,34.437],[-79.775,34.438],[-79.725,34.44],[-79.675,34.441],[-79.625,34.443],[-79.575,34.444],[-79.525,34.445],[-79.475,34.446],[-79.425,34.447],[-79.375,34.448],[-79.325,34.45],[-79.275,34.451],[-79.225,34.452],[-79.175,34.453],[-79.125,34.454],[-79.075,34.455],[-79.025,34.457],[-78.975,34.458],[-78.925,34.459],[-78.875,34.461],[-78.825,34.462],[-78.775,34.463],[-78.725,34.465],[-78.675,34.466],[-78.625,34.468],[-78.575,34.47],[-78.525,34.471],[-78.475,34.473],[-78.431,34.475],[-78.425,34.475],[-78.375,34.477],[-78.325,34.48],[-78.275,34.482],[-78.225,34.485],[-78.175,34.488],[-78.125,34.492],[-78.075,34.496],[-78.025,34.5],[-77.975,34.504],[-77.925,34.509],[-77.875,34.514],[-77.825,34.52],[-77.78,34.525],[-77.775,34.526],[-77.725,34.532],[-77.675,34.538],[-77.625,34.545],[-77.575,34.551],[-77.525,34.559],[-77.475,34.566],[-77.425,34.574],[-77.424,34.574]],[[-77.325,34.589],[-77.308,34.592]]]}},{"type":"Feature","properties":{"date":"2012-03-24","label":"24 Mar","yday":84,"tier":"day","major":false},"geometry":{"type":"MultiLineString","coordinates":[[[-85.063,34.325],[-85.025,34.321],[-84.975,34.315],[-84.925,34.311],[-84.875,34.306],[-84.825,34.302],[-84.8,34.3]],[[-80.675,34.535],[-80.625,34.538],[-80.575,34.541],[-80.525,34.544],[-80.475,34.547],[-80.425,34.55],[-80.375,34.553],[-80.325,34.556],[-80.275,34.56],[-80.225,34.563],[-80.175,34.566],[-80.125,34.569],[-80.075,34.573],[-80.035,34.575],[-80.025,34.576],[-79.975,34.579],[-79.925,34.582],[-79.875,34.585],[-79.825,34.587],[-79.775,34.59],[-79.725,34.593],[-79.675,34.596],[-79.625,34.598],[-79.575,34.601],[-79.525,34.603],[-79.475,34.606],[-79.425,34.608],[-79.375,34.611],[-79.325,34.613],[-79.275,34.616],[-79.225,34.618],[-79.175,34.621],[-79.125,34.623],[-79.094,34.625],[-79.075,34.626],[-79.025,34.628],[-78.975,34.631],[-78.925,34.633],[-78.875,34.635],[-78.825,34.638],[-78.775,34.64],[-78.725,34.642],[-78.675,34.644],[-78.625,34.646],[-78.575,34.648],[-78.525,34.65],[-78.475,34.652],[-78.425,34.655],[-78.375,34.657],[-78.325,34.66],[-78.275,34.662],[-78.225,34.665],[-78.175,34.669],[-78.125,34.673],[-78.094,34.675],[-78.075,34.677],[-78.025,34.681],[-77.975,34.686],[-77.925,34.691],[-77.875,34.696],[-77.825,34.702],[-77.775,34.709],[-77.725,34.715],[-77.675,34.722],[-77.656,34.725],[-77.625,34.73],[-77.575,34.737],[-77.525,34.745],[-77.475,34.753],[-77.441,34.759]],[[-77.371,34.771],[-77.348,34.775],[-77.325,34.779],[-77.275,34.788],[-77.225,34.797],[-77.175,34.806],[-77.125,34.815],[-77.075,34.824],[-77.072,34.825],[-77.025,34.834],[-76.975,34.843],[-76.925,34.852],[-76.875,34.861],[-76.825,34.87],[-76.798,34.875],[-76.778,34.878]],[[-76.71,34.89],[-76.675,34.896],[-76.625,34.905],[-76.575,34.914],[-76.525,34.923],[-76.511,34.925],[-76.475,34.931],[-76.425,34.94],[-76.395,34.945]]]}},{"type":"Feature","properties":{"date":"2012-03-25","label":"25 Mar","yday":85,"tier":"five","major":false},"geometry":{"type":"MultiLineString","coordinates":[[[-80.622,34.678],[-80.575,34.681],[-80.525,34.684],[-80.475,34.688],[-80.425,34.691],[-80.375,34.695],[-80.325,34.698],[-80.275,34.702],[-80.225,34.706],[-80.175,34.71],[-80.125,34.713],[-80.075,34.717],[-80.025,34.721],[-79.978,34.725],[-79.975,34.725],[-79.925,34.729],[-79.875,34.733],[-79.825,34.737],[-79.775,34.741],[-79.725,34.745],[-79.675,34.749],[-79.625,34.753],[-79.575,34.756],[-79.525,34.76],[-79.475,34.764],[-79.425,34.767],[-79.375,34.771],[-79.327,34.775],[-79.325,34.775],[-79.275,34.779],[-79.225,34.783],[-79.175,34.787],[-79.125,34.791],[-79.075,34.794],[-79.025,34.798],[-78.975,34.802],[-78.925,34.805],[-78.875,34.808],[-78.825,34.811],[-78.775,34.814],[-78.725,34.817],[-78.675,34.819],[-78.625,34.822],[-78.575,34.824],[-78.56,34.825],[-78.525,34.827],[-78.475,34.829],[-78.425,34.832],[-78.375,34.835],[-78.325,34.837],[-78.275,34.841],[-78.225,34.844],[-78.175,34.848],[-78.125,34.852],[-78.075,34.857],[-78.025,34.861],[-77.975,34.867],[-77.925,34.873],[-77.905,34.875],[-77.875,34.879],[-77.825,34.885],[-77.775,34.892],[-77.725,34.9],[-77.675,34.908],[-77.625,34.916],[-77.575,34.924],[-77.57,34.925],[-77.525,34.933],[-77.475,34.942],[-77.425,34.951],[-77.375,34.96],[-77.325,34.97],[-77.299,34.975],[-77.275,34.98],[-77.225,34.99],[-77.175,35.0],[-77.125,35.01],[-77.075,35.02],[-77.048,35.025],[-77.025,35.03],[-77.019,35.031]],[[-76.903,35.053],[-76.875,35.059],[-76.825,35.068],[-76.788,35.075],[-76.777,35.077]]]}},{"type":"Feature","properties":{"date":"2012-03-26","label":"26 Mar","yday":86,"tier":"day","major":false},"geometry":{"type":"MultiLineString","coordinates":[[[-80.199,34.851],[-80.175,34.853],[-80.125,34.858],[-80.075,34.862],[-80.025,34.867],[-79.975,34.872],[-79.942,34.875],[-79.925,34.877],[-79.875,34.882],[-79.825,34.887],[-79.775,34.892],[-79.725,34.896],[-79.675,34.901],[-79.625,34.906],[-79.575,34.911],[-79.525,34.915],[-79.475,34.92],[-79.428,34.925],[-79.425,34.925],[-79.375,34.93],[-79.325,34.936],[-79.275,34.941],[-79.225,34.946],[-79.175,34.951],[-79.125,34.956],[-79.075,34.962],[-79.025,34.966],[-78.975,34.971],[-78.933,34.975],[-78.925,34.976],[-78.875,34.98],[-78.825,34.984],[-78.775,34.987],[-78.725,34.99],[-78.675,34.993],[-78.625,34.996],[-78.575,34.999],[-78.525,35.002],[-78.475,35.006],[-78.425,35.009],[-78.375,35.012],[-78.325,35.016],[-78.275,35.02],[-78.225,35.024],[-78.211,35.025],[-78.175,35.028],[-78.125,35.033],[-78.075,35.038],[-78.025,35.044],[-77.975,35.05],[-77.925,35.056],[-77.875,35.064],[-77.825,35.071],[-77.8,35.075],[-77.775,35.079],[-77.725,35.087],[-77.675,35.096],[-77.625,35.105],[-77.575,35.114],[-77.525,35.123],[-77.516,35.125],[-77.475,35.133],[-77.425,35.143],[-77.375,35.153],[-77.325,35.163],[-77.275,35.173],[-77.268,35.175],[-77.225,35.184],[-77.175,35.195],[-77.125,35.205],[-77.075,35.216],[-77.032,35.225],[-77.025,35.227],[-76.975,35.237],[-76.925,35.248],[-76.875,35.258],[-76.825,35.268],[-76.793,35.275],[-76.778,35.278]]]}},{"type":"Feature","properties":{"date":"2012-03-27","label":"27 Mar","yday":87,"tier":"day","major":false},"geometry":{"type":"MultiLineString","coordinates":[[[-80.125,35.004],[-80.075,35.009],[-80.025,35.014],[-79.975,35.019],[-79.925,35.025],[-79.922,35.025],[-79.875,35.03],[-79.825,35.036],[-79.775,35.042],[-79.725,35.048],[-79.675,35.053],[-79.625,35.059],[-79.575,35.065],[-79.525,35.071],[-79.489,35.075],[-79.475,35.077],[-79.425,35.083],[-79.375,35.089],[-79.325,35.096],[-79.275,35.102],[-79.225,35.108],[-79.175,35.115],[-79.125,35.121],[-79.095,35.125],[-79.075,35.128],[-79.025,35.134],[-78.975,35.139],[-78.925,35.145],[-78.875,35.15],[-78.825,35.154],[-78.775,35.159],[-78.725,35.163],[-78.675,35.167],[-78.625,35.171],[-78.575,35.175],[-78.574,35.175],[-78.525,35.179],[-78.475,35.183],[-78.425,35.187],[-78.375,35.192],[-78.325,35.196],[-78.275,35.201],[-78.225,35.206],[-78.175,35.212],[-78.125,35.218],[-78.075,35.224],[-78.067,35.225],[-78.025,35.231],[-77.975,35.238],[-77.925,35.245],[-77.875,35.253],[-77.825,35.261],[-77.775,35.27],[-77.747,35.275],[-77.725,35.279],[-77.675,35.288],[-77.625,35.298],[-77.575,35.308],[-77.525,35.317],[-77.488,35.325],[-77.475,35.328],[-77.425,35.338],[-77.375,35.349],[-77.325,35.36],[-77.275,35.371],[-77.257,35.375],[-77.225,35.382],[-77.175,35.394],[-77.125,35.405],[-77.075,35.417],[-77.041,35.425],[-77.025,35.429],[-76.988,35.438]]]}},{"type":"Feature","properties":{"date":"2012-03-28","label":"28 Mar","yday":88,"tier":"day","major":false},"geometry":{"type":"MultiLineString","coordinates":[[[-80.105,35.155],[-80.075,35.158],[-80.025,35.163],[-79.975,35.169],[-79.928,35.175],[-79.925,35.175],[-79.875,35.182],[-79.825,35.188],[-79.775,35.194],[-79.725,35.201],[-79.675,35.208],[-79.625,35.214],[-79.575,35.221],[-79.547,35.225],[-79.525,35.228],[-79.475,35.235],[-79.425,35.242],[-79.375,35.249],[-79.325,35.257],[-79.275,35.264],[-79.225,35.271],[-79.2,35.275],[-79.175,35.279],[-79.125,35.286],[-79.075,35.293],[-79.025,35.3],[-78.975,35.307],[-78.925,35.313],[-78.875,35.319],[-78.826,35.325],[-78.825,35.325],[-78.775,35.331],[-78.725,35.336],[-78.675,35.342],[-78.625,35.347],[-78.575,35.353],[-78.525,35.358],[-78.475,35.363],[-78.425,35.369],[-78.375,35.374],[-78.371,35.375],[-78.325,35.38],[-78.275,35.387],[-78.225,35.393],[-78.175,35.4],[-78.125,35.407],[-78.075,35.415],[-78.025,35.423],[-78.011,35.425],[-77.975,35.431],[-77.925,35.44],[-77.875,35.449],[-77.825,35.458],[-77.775,35.467],[-77.735,35.475],[-77.725,35.477],[-77.675,35.487],[-77.625,35.497],[-77.575,35.508],[-77.525,35.518],[-77.493,35.525],[-77.475,35.529],[-77.425,35.54],[-77.375,35.552],[-77.325,35.564],[-77.279,35.575],[-77.275,35.576],[-77.225,35.589],[-77.175,35.602],[-77.125,35.615],[-77.087,35.625],[-77.075,35.628],[-77.025,35.641],[-76.975,35.654],[-76.925,35.667],[-76.892,35.675],[-76.875,35.679],[-76.825,35.692],[-76.775,35.705],[-76.725,35.717],[-76.691,35.725],[-76.675,35.729],[-76.67,35.73]]]}},{"type":"Feature","properties":{"date":"2012-03-29","label":"29 Mar","yday":89,"tier":"day","major":false},"geometry":{"type":"MultiLineString","coordinates":[[[-80.125,35.306],[-80.075,35.311],[-80.025,35.317],[-79.975,35.324],[-79.966,35.325],[-79.93,35.33]],[[-79.802,35.348],[-79.775,35.352],[-79.725,35.359],[-79.675,35.367],[-79.625,35.374],[-79.619,35.375],[-79.575,35.382],[-79.525,35.39],[-79.495,35.395]],[[-79.329,35.421],[-79.325,35.422],[-79.305,35.425],[-79.275,35.43],[-79.225,35.438],[-79.175,35.446],[-79.125,35.454],[-79.075,35.462],[-79.025,35.47],[-78.991,35.475]],[[-78.972,35.478],[-78.925,35.485],[-78.875,35.493],[-78.825,35.5],[-78.775,35.507],[-78.725,35.514],[-78.675,35.521],[-78.648,35.525],[-78.625,35.528],[-78.575,35.535],[-78.525,35.542],[-78.475,35.549],[-78.425,35.556],[-78.375,35.564],[-78.325,35.571],[-78.302,35.575],[-78.275,35.579],[-78.225,35.588],[-78.175,35.596],[-78.125,35.605],[-78.075,35.614],[-78.025,35.624],[-78.019,35.625],[-77.975,35.634],[-77.925,35.644],[-77.875,35.654],[-77.825,35.665],[-77.778,35.675],[-77.775,35.676],[-77.725,35.687],[-77.675,35.698],[-77.625,35.709],[-77.575,35.721],[-77.558,35.725],[-77.525,35.733],[-77.475,35.745],[-77.425,35.758],[-77.375,35.771],[-77.36,35.775],[-77.325,35.784],[-77.275,35.798],[-77.225,35.812],[-77.178,35.825],[-77.175,35.826],[-77.125,35.84],[-77.075,35.854],[-77.025,35.868],[-77.001,35.875],[-76.975,35.882],[-76.925,35.896],[-76.875,35.91],[-76.825,35.924],[-76.821,35.925],[-76.775,35.938],[-76.725,35.952],[-76.706,35.956]]]}},{"type":"Feature","properties":{"date":"2012-03-30","label":"30 Mar","yday":90,"tier":"index","major":true},"geometry":{"type":"MultiLineString","coordinates":[[[-78.875,35.675],[-78.825,35.684],[-78.775,35.693],[-78.725,35.702],[-78.705,35.705]],[[-78.073,35.827],[-78.025,35.838],[-77.975,35.851],[-77.925,35.863],[-77.876,35.875],[-77.875,35.875],[-77.825,35.888],[-77.775,35.901],[-77.725,35.914],[-77.685,35.925],[-77.675,35.928],[-77.625,35.941],[-77.575,35.955],[-77.525,35.969],[-77.502,35.975],[-77.475,35.982],[-77.425,35.996],[-77.375,36.011],[-77.325,36.025],[-77.324,36.025],[-77.275,36.039],[-77.225,36.054],[-77.175,36.068],[-77.152,36.075],[-77.125,36.083],[-77.075,36.098],[-77.025,36.113],[-76.987,36.125],[-76.975,36.129],[-76.925,36.144],[-76.875,36.16],[-76.826,36.175],[-76.825,36.175],[-76.775,36.191],[-76.749,36.199]],[[-76.681,36.219],[-76.675,36.221],[-76.662,36.225],[-76.625,36.236],[-76.575,36.251],[-76.525,36.265]]]}},{"type":"Feature","properties":{"date":"2012-03-31","label":"31 Mar","yday":91,"tier":"day","major":false},"geometry":{"type":"MultiLineString","coordinates":[[[-77.744,36.156],[-77.725,36.162],[-77.682,36.175],[-77.675,36.177],[-77.625,36.193],[-77.575,36.208],[-77.525,36.222],[-77.516,36.225],[-77.475,36.237],[-77.425,36.251],[-77.375,36.266],[-77.344,36.275],[-77.325,36.28],[-77.275,36.295],[-77.225,36.31],[-77.178,36.325],[-77.175,36.326],[-77.125,36.342],[-77.075,36.359],[-77.027,36.375],[-77.025,36.376],[-76.975,36.393],[-76.925,36.409],[-76.878,36.425],[-76.875,36.426],[-76.825,36.442],[-76.775,36.458],[-76.725,36.474],[-76.722,36.475],[-76.675,36.489],[-76.625,36.503],[-76.575,36.517],[-76.545,36.525],[-76.525,36.53],[-76.475,36.543],[-76.425,36.554],[-76.375,36.565],[-76.328,36.575],[-76.325,36.576]]]}},{"type":"Feature","properties":{"date":"2012-04-01","label":"1 Apr","yday":92,"tier":"day","major":false},"geometry":{"type":"MultiLineString","coordinates":[[[-77.647,36.447],[-77.625,36.454],[-77.575,36.469],[-77.556,36.475],[-77.525,36.484],[-77.475,36.5],[-77.425,36.515],[-77.393,36.525],[-77.375,36.531],[-77.325,36.547],[-77.275,36.563],[-77.239,36.575],[-77.225,36.58],[-77.175,36.596],[-77.125,36.613],[-77.09,36.625],[-77.075,36.63],[-77.025,36.646],[-76.975,36.663],[-76.936,36.675],[-76.925,36.679],[-76.875,36.693],[-76.825,36.708],[-76.775,36.722],[-76.762,36.725],[-76.725,36.735],[-76.675,36.747],[-76.625,36.759],[-76.612,36.762]]]}},{"type":"Feature","properties":{"date":"2012-04-02","label":"2 Apr","yday":93,"tier":"day","major":false},"geometry":{"type":"MultiLineString","coordinates":[[[-77.875,36.64],[-77.825,36.657],[-77.775,36.673],[-77.77,36.675],[-77.736,36.686]]]}}]}