{"type":"FeatureCollection","features":[{"type":"Feature","properties":{"date":"2024-02-12","label":"12 Feb","yday":43,"tier":"day","major":false},"geometry":{"type":"MultiLineString","coordinates":[[[-82.028,26.675],[-82.025,26.677],[-81.975,26.701],[-81.925,26.725],[-81.925,26.725],[-81.925,26.725]],[[-81.63,26.875],[-81.625,26.878],[-81.575,26.904],[-81.536,26.925],[-81.525,26.931],[-81.475,26.958],[-81.444,26.975],[-81.425,26.986],[-81.375,27.014],[-81.355,27.025],[-81.325,27.042]]]}},{"type":"Feature","properties":{"date":"2024-02-13","label":"13 Feb","yday":44,"tier":"day","major":false},"geometry":{"type":"MultiLineString","coordinates":[[[-82.025,26.872],[-82.02,26.875],[-81.975,26.896],[-81.925,26.921],[-81.916,26.925],[-81.875,26.945],[-81.825,26.97],[-81.815,26.975],[-81.775,26.995],[-81.725,27.02],[-81.716,27.025],[-81.675,27.046],[-81.625,27.072],[-81.62,27.075],[-81.575,27.099],[-81.527,27.125],[-81.525,27.126],[-81.475,27.154],[-81.438,27.175],[-81.425,27.182],[-81.375,27.211],[-81.35,27.225],[-81.325,27.24],[-81.275,27.27],[-81.266,27.275],[-81.225,27.3],[-81.183,27.325],[-81.175,27.33],[-81.125,27.361],[-81.103,27.375],[-81.075,27.393],[-81.025,27.425],[-81.024,27.425],[-80.975,27.457],[-80.947,27.475],[-80.925,27.489],[-80.875,27.522],[-80.87,27.525],[-80.825,27.555],[-80.794,27.575],[-80.775,27.587]]]}},{"type":"Feature","properties":{"date":"2024-02-14","label":"14 Feb","yday":45,"tier":"index","major":true},"geometry":{"type":"MultiLineString","coordinates":[[[-82.321,26.921],[-82.313,26.925],[-82.275,26.942],[-82.225,26.965],[-82.203,26.975],[-82.175,26.988],[-82.125,27.011],[-82.096,27.025],[-82.075,27.035],[-82.025,27.058],[-81.99,27.075],[-81.975,27.082],[-81.925,27.106],[-81.886,27.125],[-81.875,27.131],[-81.825,27.155],[-81.786,27.175],[-81.775,27.181],[-81.725,27.206],[-81.69,27.225],[-81.675,27.233],[-81.625,27.259],[-81.597,27.275],[-81.575,27.287],[-81.525,27.315],[-81.507,27.325],[-81.475,27.344],[-81.425,27.373],[-81.421,27.375],[-81.375,27.403],[-81.338,27.425],[-81.325,27.433],[-81.275,27.464],[-81.258,27.475],[-81.225,27.496],[-81.18,27.525],[-81.175,27.528],[-81.125,27.561],[-81.104,27.575],[-81.075,27.594],[-81.028,27.625],[-81.025,27.627],[-80.975,27.661],[-80.954,27.675],[-80.925,27.694],[-80.879,27.725],[-80.875,27.728],[-80.825,27.761],[-80.816,27.766]]]}},{"type":"Feature","properties":{"date":"2024-02-15","label":"15 Feb","yday":46,"tier":"day","major":false},"geometry":{"type":"MultiLineString","coordinates":[[[-82.425,27.056],[-82.381,27.075],[-82.375,27.077],[-82.325,27.099],[-82.275,27.121],[-82.267,27.125],[-82.225,27.144],[-82.175,27.166],[-82.156,27.175],[-82.125,27.189],[-82.075,27.212],[-82.047,27.225],[-82.025,27.235],[-81.975,27.259],[-81.942,27.275],[-81.925,27.283],[-81.875,27.308],[-81.841,27.325],[-81.825,27.333],[-81.775,27.359],[-81.745,27.375],[-81.725,27.385],[-81.675,27.412],[-81.652,27.425],[-81.625,27.44],[-81.575,27.469],[-81.564,27.475],[-81.525,27.498],[-81.48,27.525],[-81.475,27.528],[-81.425,27.559],[-81.399,27.575],[-81.375,27.59],[-81.325,27.623],[-81.321,27.625],[-81.275,27.655],[-81.246,27.675],[-81.225,27.689],[-81.175,27.723],[-81.172,27.725],[-81.125,27.757],[-81.099,27.775],[-81.075,27.791],[-81.026,27.825],[-81.025,27.826],[-80.975,27.86],[-80.953,27.875],[-80.925,27.894],[-80.907,27.907]]]}},{"type":"Feature","properties":{"date":"2024-02-16","label":"16 Feb","yday":47,"tier":"day","major":false},"geometry":{"type":"MultiLineString","coordinates":[[[-82.498,27.198],[-82.475,27.208],[-82.434,27.225],[-82.425,27.229],[-82.375,27.25],[-82.325,27.271],[-82.317,27.275],[-82.275,27.293],[-82.225,27.315],[-82.202,27.325],[-82.175,27.337],[-82.125,27.359],[-82.09,27.375],[-82.075,27.382],[-82.025,27.405],[-81.984,27.425],[-81.975,27.429],[-81.925,27.453],[-81.882,27.475],[-81.875,27.479],[-81.825,27.504],[-81.786,27.525],[-81.775,27.531],[-81.725,27.558],[-81.695,27.575],[-81.675,27.586],[-81.625,27.615],[-81.609,27.625],[-81.575,27.645],[-81.527,27.675],[-81.525,27.676],[-81.475,27.708],[-81.449,27.725],[-81.425,27.741],[-81.375,27.774],[-81.374,27.775],[-81.325,27.808],[-81.301,27.825],[-81.275,27.843],[-81.229,27.875],[-81.225,27.878],[-81.175,27.913],[-81.158,27.925],[-81.125,27.949],[-81.088,27.975],[-81.075,27.984],[-81.025,28.019],[-81.016,28.025],[-80.975,28.053],[-80.943,28.075],[-80.925,28.087]]]}},{"type":"Feature","properties":{"date":"2024-02-17","label":"17 Feb","yday":48,"tier":"day","major":false},"geometry":{"type":"MultiLineString","coordinates":[[[-82.525,27.354],[-82.475,27.375],[-82.474,27.375],[-82.425,27.395],[-82.375,27.415],[-82.352,27.425],[-82.325,27.436],[-82.275,27.457],[-82.233,27.475],[-82.225,27.478],[-82.175,27.5],[-82.125,27.522],[-82.119,27.525],[-82.075,27.545],[-82.025,27.568],[-82.011,27.575],[-81.975,27.592],[-81.925,27.617],[-81.91,27.625],[-81.875,27.643],[-81.825,27.67],[-81.815,27.675],[-81.775,27.697],[-81.727,27.725],[-81.725,27.726],[-81.675,27.756],[-81.643,27.775],[-81.625,27.786],[-81.575,27.818],[-81.565,27.825],[-81.525,27.851],[-81.49,27.875],[-81.475,27.885],[-81.425,27.92],[-81.417,27.925],[-81.375,27.955],[-81.347,27.975],[-81.325,27.991],[-81.278,28.025],[-81.275,28.027],[-81.225,28.063],[-81.208,28.075],[-81.175,28.099],[-81.138,28.125],[-81.125,28.134],[-81.075,28.169],[-81.067,28.175],[-81.025,28.203],[-80.993,28.225],[-80.975,28.237],[-80.952,28.252]]]}},{"type":"Feature","properties":{"date":"2024-02-18","label":"18 Feb","yday":49,"tier":"day","major":false},"geometry":{"type":"MultiLineString","coordinates":[[[-82.625,27.475],[-82.575,27.495],[-82.525,27.514],[-82.498,27.525],[-82.475,27.534],[-82.425,27.553],[-82.375,27.574],[-82.371,27.575],[-82.325,27.594],[-82.275,27.614],[-82.25,27.625],[-82.225,27.636],[-82.175,27.657],[-82.135,27.675],[-82.125,27.679],[-82.075,27.702],[-82.027,27.725],[-82.025,27.726],[-81.975,27.751],[-81.927,27.775],[-81.925,27.776],[-81.875,27.803],[-81.835,27.825],[-81.825,27.831],[-81.775,27.86],[-81.75,27.875],[-81.725,27.89],[-81.675,27.922],[-81.67,27.925],[-81.625,27.955],[-81.595,27.975],[-81.575,27.989],[-81.525,28.024],[-81.523,28.025],[-81.475,28.06],[-81.454,28.075],[-81.425,28.096],[-81.385,28.125],[-81.375,28.133],[-81.325,28.169],[-81.317,28.175],[-81.275,28.206],[-81.248,28.225],[-81.225,28.241],[-81.177,28.275],[-81.175,28.277],[-81.125,28.311],[-81.104,28.325],[-81.075,28.344],[-81.027,28.375],[-81.025,28.376],[-80.975,28.407]]]}},{"type":"Feature","properties":{"date":"2024-02-19","label":"19 Feb","yday":50,"tier":"five","major":false},"geometry":{"type":"MultiLineString","coordinates":[[[-82.455,27.695],[-82.425,27.707],[-82.379,27.725],[-82.375,27.726],[-82.325,27.746],[-82.275,27.767],[-82.256,27.775],[-82.225,27.788],[-82.175,27.809],[-82.14,27.825],[-82.125,27.832],[-82.075,27.855],[-82.034,27.875],[-82.025,27.879],[-81.975,27.905],[-81.938,27.925],[-81.925,27.932],[-81.875,27.96],[-81.85,27.975],[-81.825,27.99],[-81.775,28.021],[-81.768,28.025],[-81.725,28.053],[-81.693,28.075],[-81.675,28.087],[-81.625,28.122],[-81.621,28.125],[-81.575,28.158],[-81.551,28.175],[-81.525,28.194],[-81.483,28.225],[-81.475,28.231],[-81.425,28.268],[-81.416,28.275],[-81.375,28.305],[-81.347,28.325],[-81.325,28.341],[-81.277,28.375],[-81.275,28.376],[-81.225,28.41],[-81.203,28.425],[-81.175,28.443],[-81.126,28.475],[-81.125,28.475],[-81.075,28.506],[-81.045,28.525],[-81.025,28.537]]]}},{"type":"Feature","properties":{"date":"2024-02-20","label":"20 Feb","yday":51,"tier":"day","major":false},"geometry":{"type":"MultiLineString","coordinates":[[[-82.703,27.753],[-82.675,27.763],[-82.643,27.775],[-82.625,27.782]],[[-82.375,27.875],[-82.375,27.876],[-82.325,27.895],[-82.275,27.916],[-82.253,27.925],[-82.225,27.937],[-82.175,27.959],[-82.14,27.975],[-82.125,27.982],[-82.075,28.006],[-82.038,28.025],[-82.025,28.032],[-81.975,28.059],[-81.947,28.075],[-81.925,28.087],[-81.875,28.118],[-81.863,28.125],[-81.825,28.149],[-81.785,28.175],[-81.775,28.182],[-81.725,28.216],[-81.712,28.225],[-81.675,28.251],[-81.641,28.275],[-81.625,28.286],[-81.575,28.323],[-81.572,28.325],[-81.525,28.359],[-81.503,28.375],[-81.475,28.396],[-81.435,28.425],[-81.425,28.432],[-81.375,28.467],[-81.364,28.475],[-81.325,28.502],[-81.291,28.525],[-81.275,28.535],[-81.225,28.568],[-81.213,28.575],[-81.175,28.599],[-81.133,28.625],[-81.125,28.63],[-81.075,28.66]]]}},{"type":"Feature","properties":{"date":"2024-02-21","label":"21 Feb","yday":52,"tier":"day","major":false},"geometry":{"type":"MultiLineString","coordinates":[[[-82.825,27.86],[-82.78,27.875],[-82.775,27.877],[-82.725,27.894],[-82.702,27.902]],[[-82.554,27.954],[-82.525,27.965],[-82.498,27.975],[-82.475,27.983],[-82.425,28.002],[-82.375,28.022],[-82.366,28.025],[-82.325,28.042],[-82.275,28.063],[-82.246,28.075],[-82.225,28.084],[-82.175,28.107],[-82.139,28.125],[-82.125,28.132],[-82.075,28.157],[-82.042,28.175],[-82.025,28.185],[-81.975,28.213],[-81.955,28.225],[-81.925,28.243],[-81.875,28.274],[-81.874,28.275],[-81.825,28.307],[-81.797,28.325],[-81.775,28.34],[-81.725,28.374],[-81.724,28.375],[-81.675,28.41],[-81.653,28.425],[-81.625,28.445],[-81.583,28.475],[-81.575,28.481],[-81.525,28.517],[-81.513,28.525],[-81.475,28.552],[-81.442,28.575],[-81.425,28.587],[-81.375,28.621],[-81.369,28.625],[-81.325,28.654],[-81.293,28.675],[-81.275,28.687],[-81.225,28.718],[-81.214,28.725],[-81.175,28.749],[-81.132,28.775],[-81.125,28.779],[-81.075,28.808]]]}},{"type":"Feature","properties":{"date":"2024-02-22","label":"22 Feb","yday":53,"tier":"day","major":false},"geometry":{"type":"MultiLineString","coordinates":[[[-82.779,28.021],[-82.775,28.023],[-82.768,28.025],[-82.725,28.039],[-82.675,28.056],[-82.625,28.073],[-82.62,28.075],[-82.575,28.091],[-82.525,28.108],[-82.48,28.125],[-82.475,28.127],[-82.425,28.146],[-82.375,28.166],[-82.353,28.175],[-82.325,28.186],[-82.275,28.208],[-82.239,28.225],[-82.225,28.231],[-82.175,28.255],[-82.137,28.275],[-82.125,28.281],[-82.075,28.308],[-82.044,28.325],[-82.025,28.336],[-81.975,28.366],[-81.96,28.375],[-81.925,28.396],[-81.88,28.425],[-81.875,28.428],[-81.825,28.461],[-81.804,28.475],[-81.775,28.495],[-81.731,28.525],[-81.725,28.529],[-81.675,28.564],[-81.659,28.575],[-81.625,28.599],[-81.588,28.625],[-81.575,28.634],[-81.525,28.669],[-81.516,28.675],[-81.475,28.704],[-81.444,28.725],[-81.425,28.738],[-81.375,28.771],[-81.369,28.775],[-81.325,28.804],[-81.292,28.825],[-81.275,28.836],[-81.225,28.867],[-81.212,28.875],[-81.175,28.897],[-81.128,28.925],[-81.125,28.927],[-81.075,28.956],[-81.04,28.975],[-81.025,28.984]]]}},{"type":"Feature","properties":{"date":"2024-02-23","label":"23 Feb","yday":54,"tier":"day","major":false},"geometry":{"type":"MultiLineString","coordinates":[[[-82.775,28.167],[-82.749,28.175],[-82.725,28.183],[-82.675,28.199],[-82.625,28.216],[-82.599,28.225],[-82.575,28.233],[-82.525,28.251],[-82.475,28.27],[-82.461,28.275],[-82.425,28.289],[-82.375,28.31],[-82.339,28.325],[-82.325,28.331],[-82.275,28.354],[-82.231,28.375],[-82.225,28.378],[-82.175,28.403],[-82.134,28.425],[-82.125,28.43],[-82.075,28.457],[-82.045,28.475],[-82.025,28.487],[-81.975,28.517],[-81.962,28.525],[-81.925,28.548],[-81.883,28.575],[-81.875,28.58],[-81.825,28.614],[-81.808,28.625],[-81.775,28.647],[-81.735,28.675],[-81.725,28.682],[-81.675,28.716],[-81.663,28.725],[-81.625,28.751],[-81.591,28.775],[-81.575,28.786],[-81.525,28.821],[-81.519,28.825],[-81.475,28.855],[-81.446,28.875],[-81.425,28.889],[-81.375,28.922],[-81.371,28.925],[-81.325,28.955],[-81.293,28.975],[-81.275,28.986],[-81.225,29.017],[-81.212,29.025],[-81.175,29.047],[-81.128,29.075],[-81.125,29.077],[-81.075,29.105],[-81.039,29.125],[-81.025,29.133],[-80.975,29.16]]]}},{"type":"Feature","properties":{"date":"2024-02-24","label":"24 Feb","yday":55,"tier":"five","major":false},"geometry":{"type":"MultiLineString","coordinates":[[[-82.675,28.343],[-82.625,28.36],[-82.581,28.375],[-82.575,28.377],[-82.525,28.395],[-82.475,28.414],[-82.447,28.425],[-82.425,28.434],[-82.375,28.455],[-82.33,28.475],[-82.325,28.477],[-82.275,28.501],[-82.227,28.525],[-82.225,28.526],[-82.175,28.552],[-82.133,28.575],[-82.125,28.579],[-82.075,28.608],[-82.047,28.625],[-82.025,28.638],[-81.975,28.669],[-81.966,28.675],[-81.925,28.701],[-81.889,28.725],[-81.875,28.734],[-81.825,28.768],[-81.814,28.775],[-81.775,28.802],[-81.742,28.825],[-81.725,28.837],[-81.675,28.872],[-81.671,28.875],[-81.625,28.907],[-81.6,28.925],[-81.575,28.942],[-81.528,28.975],[-81.525,28.977],[-81.475,29.011],[-81.454,29.025],[-81.425,29.045],[-81.379,29.075],[-81.375,29.077],[-81.325,29.11],[-81.301,29.125],[-81.275,29.141],[-81.225,29.172],[-81.22,29.175],[-81.175,29.202],[-81.135,29.225],[-81.125,29.231],[-81.075,29.259],[-81.065,29.265]]]}},{"type":"Feature","properties":{"date":"2024-02-25","label":"25 Feb","yday":56,"tier":"day","major":false},"geometry":{"type":"MultiLineString","coordinates":[[[-82.625,28.507],[-82.575,28.525],[-82.574,28.525],[-82.525,28.543],[-82.475,28.562],[-82.444,28.575],[-82.425,28.583],[-82.375,28.605],[-82.33,28.625],[-82.325,28.627],[-82.275,28.652],[-82.23,28.675],[-82.225,28.678],[-82.175,28.705],[-82.14,28.725],[-82.125,28.734],[-82.075,28.763],[-82.056,28.775],[-82.025,28.795],[-81.978,28.825],[-81.975,28.827],[-81.925,28.86],[-81.902,28.875],[-81.875,28.894],[-81.83,28.925],[-81.825,28.928],[-81.775,28.964],[-81.759,28.975],[-81.725,28.999],[-81.688,29.025],[-81.675,29.034],[-81.625,29.069],[-81.617,29.075],[-81.575,29.104],[-81.545,29.125],[-81.525,29.139],[-81.475,29.172],[-81.471,29.175],[-81.425,29.205],[-81.395,29.225],[-81.375,29.238],[-81.325,29.27],[-81.316,29.275],[-81.275,29.301],[-81.235,29.325],[-81.225,29.331],[-81.175,29.36],[-81.149,29.375],[-81.125,29.388],[-81.101,29.401]]]}},{"type":"Feature","properties":{"date":"2024-02-26","label":"26 Feb","yday":57,"tier":"day","major":false},"geometry":{"type":"MultiLineString","coordinates":[[[-82.625,28.662],[-82.587,28.675],[-82.575,28.679],[-82.525,28.698],[-82.475,28.718],[-82.458,28.725],[-82.425,28.739],[-82.375,28.761],[-82.345,28.775],[-82.325,28.785],[-82.275,28.81],[-82.248,28.825],[-82.225,28.838],[-82.175,28.867],[-82.161,28.875],[-82.125,28.897],[-82.08,28.925],[-82.075,28.928],[-82.025,28.961],[-82.004,28.975],[-81.975,28.994],[-81.93,29.025],[-81.925,29.029],[-81.875,29.063],[-81.858,29.075],[-81.825,29.099],[-81.788,29.125],[-81.775,29.134],[-81.725,29.169],[-81.717,29.175],[-81.675,29.204],[-81.645,29.225],[-81.625,29.239],[-81.575,29.273],[-81.572,29.275],[-81.525,29.307],[-81.497,29.325],[-81.475,29.339],[-81.425,29.371],[-81.419,29.375],[-81.375,29.403],[-81.339,29.425],[-81.325,29.433],[-81.275,29.463],[-81.254,29.475],[-81.225,29.492],[-81.175,29.52],[-81.172,29.522]]]}},{"type":"Feature","properties":{"date":"2024-02-27","label":"27 Feb","yday":58,"tier":"day","major":false},"geometry":{"type":"MultiLineString","coordinates":[[[-82.625,28.826],[-82.575,28.845],[-82.525,28.864],[-82.499,28.875],[-82.475,28.885],[-82.425,28.907],[-82.388,28.925],[-82.375,28.931],[-82.325,28.957],[-82.291,28.975],[-82.275,28.984],[-82.225,29.012],[-82.204,29.025],[-82.175,29.042],[-82.125,29.073],[-82.123,29.075],[-82.075,29.106],[-82.047,29.125],[-82.025,29.14],[-81.975,29.174],[-81.973,29.175],[-81.925,29.209],[-81.902,29.225],[-81.875,29.244],[-81.83,29.275],[-81.825,29.279],[-81.775,29.313],[-81.758,29.325],[-81.725,29.348],[-81.685,29.375],[-81.675,29.382],[-81.625,29.415],[-81.61,29.425],[-81.575,29.448],[-81.533,29.475],[-81.525,29.48],[-81.475,29.511],[-81.452,29.525],[-81.425,29.542],[-81.375,29.571],[-81.368,29.575],[-81.325,29.6],[-81.28,29.625],[-81.275,29.628],[-81.225,29.655]]]}},{"type":"Feature","properties":{"date":"2024-02-28","label":"28 Feb","yday":59,"tier":"day","major":false},"geometry":{"type":"MultiLineString","coordinates":[[[-82.719,28.969],[-82.702,28.975],[-82.675,28.985],[-82.625,29.004],[-82.575,29.024],[-82.572,29.025],[-82.525,29.045],[-82.475,29.068],[-82.459,29.075],[-82.425,29.092],[-82.375,29.117],[-82.359,29.125],[-82.325,29.144],[-82.275,29.171],[-82.269,29.175],[-82.225,29.201],[-82.187,29.225],[-82.175,29.233],[-82.125,29.265],[-82.11,29.275],[-82.075,29.298],[-82.035,29.325],[-82.025,29.332],[-81.975,29.366],[-81.962,29.375],[-81.925,29.4],[-81.888,29.425],[-81.875,29.434],[-81.825,29.468],[-81.814,29.475],[-81.775,29.501],[-81.739,29.525],[-81.725,29.534],[-81.675,29.566],[-81.661,29.575],[-81.625,29.598],[-81.58,29.625],[-81.575,29.628],[-81.525,29.658],[-81.496,29.675],[-81.475,29.687],[-81.425,29.716],[-81.408,29.725],[-81.375,29.743],[-81.325,29.77],[-81.316,29.775],[-81.275,29.796]]]}},{"type":"Feature","properties":{"date":"2024-02-29","label":"29 Feb","yday":60,"tier":"index","major":true},"geometry":{"type":"MultiLineString","coordinates":[[[-82.785,29.135],[-82.775,29.139],[-82.725,29.158],[-82.68,29.175],[-82.675,29.177],[-82.625,29.198],[-82.575,29.22],[-82.563,29.225],[-82.525,29.243],[-82.475,29.267],[-82.459,29.275],[-82.425,29.292],[-82.375,29.319],[-82.365,29.325],[-82.325,29.347],[-82.278,29.375],[-82.275,29.377],[-82.225,29.407],[-82.196,29.425],[-82.175,29.438],[-82.125,29.47],[-82.118,29.475],[-82.075,29.503],[-82.041,29.525],[-82.025,29.535],[-81.975,29.568],[-81.964,29.575],[-81.925,29.601],[-81.887,29.625],[-81.875,29.633],[-81.825,29.665],[-81.808,29.675],[-81.775,29.696],[-81.727,29.725],[-81.725,29.726],[-81.675,29.756],[-81.643,29.775],[-81.625,29.786],[-81.575,29.814],[-81.555,29.825],[-81.525,29.841],[-81.475,29.868],[-81.462,29.875],[-81.425,29.894],[-81.375,29.919],[-81.363,29.925],[-81.325,29.944]]]}},{"type":"Feature","properties":{"date":"2024-03-01","label":"1 Mar","yday":61,"tier":"day","major":false},"geometry":{"type":"MultiLineString","coordinates":[[[-83.048,29.248],[-83.025,29.256],[-82.975,29.272],[-82.965,29.275],[-82.925,29.289],[-82.875,29.306],[-82.825,29.324],[-82.824,29.325],[-82.775,29.344],[-82.725,29.364],[-82.699,29.375],[-82.675,29.385],[-82.625,29.408],[-82.588,29.425],[-82.575,29.431],[-82.525,29.456],[-82.487,29.475],[-82.475,29.481],[-82.425,29.508],[-82.394,29.525],[-82.375,29.535],[-82.325,29.564],[-82.306,29.575],[-82.275,29.593],[-82.225,29.623],[-82.222,29.625],[-82.175,29.653],[-82.14,29.675],[-82.125,29.684],[-82.075,29.715],[-82.059,29.725],[-82.025,29.746],[-81.978,29.775],[-81.975,29.777],[-81.925,29.808],[-81.896,29.825],[-81.875,29.838],[-81.825,29.867],[-81.812,29.875],[-81.775,29.896],[-81.725,29.925],[-81.724,29.925],[-81.675,29.952],[-81.632,29.975],[-81.625,29.979],[-81.575,30.005],[-81.535,30.025],[-81.525,30.03],[-81.475,30.054],[-81.431,30.075],[-81.425,30.078],[-81.375,30.101]]]}},{"type":"Feature","properties":{"date":"2024-03-02","label":"2 Mar","yday":62,"tier":"day","major":false},"geometry":{"type":"MultiLineString","coordinates":[[[-83.208,29.408],[-83.175,29.418],[-83.152,29.425],[-83.125,29.433],[-83.075,29.45],[-83.025,29.467],[-83.002,29.475],[-82.975,29.484],[-82.925,29.503],[-82.875,29.522],[-82.868,29.525],[-82.825,29.542],[-82.775,29.563],[-82.747,29.575],[-82.725,29.585],[-82.675,29.607],[-82.637,29.625],[-82.625,29.631],[-82.575,29.655],[-82.535,29.675],[-82.525,29.68],[-82.475,29.706],[-82.44,29.725],[-82.425,29.733],[-82.375,29.76],[-82.348,29.775],[-82.325,29.788],[-82.275,29.816],[-82.26,29.825],[-82.225,29.845],[-82.175,29.874],[-82.173,29.875],[-82.125,29.903],[-82.087,29.925],[-82.075,29.932],[-82.025,29.961],[-82.0,29.975],[-81.975,29.989],[-81.925,30.017],[-81.911,30.025],[-81.875,30.045],[-81.825,30.072],[-81.82,30.075],[-81.775,30.099],[-81.725,30.125],[-81.724,30.125],[-81.675,30.15],[-81.625,30.174],[-81.622,30.175],[-81.575,30.196],[-81.525,30.218],[-81.509,30.225],[-81.475,30.24],[-81.425,30.261],[-81.415,30.265]]]}},{"type":"Feature","properties":{"date":"2024-03-03","label":"3 Mar","yday":63,"tier":"day","major":false},"geometry":{"type":"MultiLineString","coordinates":[[[-83.375,29.574],[-83.371,29.575],[-83.325,29.589],[-83.275,29.604],[-83.225,29.62],[-83.211,29.625],[-83.175,29.637],[-83.125,29.654],[-83.075,29.672],[-83.066,29.675],[-83.025,29.69],[-82.975,29.709],[-82.934,29.725],[-82.925,29.729],[-82.875,29.749],[-82.825,29.77],[-82.814,29.775],[-82.775,29.792],[-82.725,29.814],[-82.702,29.825],[-82.675,29.837],[-82.625,29.861],[-82.597,29.875],[-82.575,29.885],[-82.525,29.91],[-82.496,29.925],[-82.475,29.936],[-82.425,29.961],[-82.399,29.975],[-82.375,29.987],[-82.325,30.014],[-82.303,30.025],[-82.275,30.04],[-82.225,30.066],[-82.209,30.075],[-82.175,30.093],[-82.125,30.119],[-82.113,30.125],[-82.075,30.145],[-82.025,30.171],[-82.017,30.175],[-81.975,30.196],[-81.925,30.221],[-81.917,30.225],[-81.875,30.245],[-81.825,30.269],[-81.812,30.275],[-81.775,30.292],[-81.725,30.314],[-81.7,30.325],[-81.675,30.335],[-81.625,30.356],[-81.577,30.375],[-81.575,30.376],[-81.525,30.395],[-81.475,30.415],[-81.448,30.425],[-81.431,30.431]],[[-94.664,29.664],[-94.625,29.664],[-94.575,29.664],[-94.525,29.664],[-94.475,29.664]]]}},{"type":"Feature","properties":{"date":"2024-03-04","label":"4 Mar","yday":64,"tier":"day","major":false},"geometry":{"type":"MultiLineString","coordinates":[[[-83.546,29.746],[-83.525,29.751],[-83.475,29.766],[-83.446,29.775],[-83.425,29.781],[-83.375,29.797],[-83.325,29.813],[-83.289,29.825],[-83.275,29.83],[-83.225,29.847],[-83.175,29.864],[-83.146,29.875],[-83.125,29.883],[-83.075,29.901],[-83.025,29.92],[-83.014,29.925],[-82.975,29.94],[-82.925,29.961],[-82.89,29.975],[-82.875,29.981],[-82.825,30.003],[-82.775,30.024],[-82.773,30.025],[-82.725,30.046],[-82.675,30.069],[-82.662,30.075],[-82.625,30.092],[-82.575,30.115],[-82.554,30.125],[-82.525,30.138],[-82.475,30.162],[-82.447,30.175],[-82.425,30.185],[-82.375,30.209],[-82.341,30.225],[-82.325,30.233],[-82.275,30.256],[-82.235,30.275],[-82.225,30.279],[-82.175,30.302],[-82.125,30.325],[-82.125,30.325],[-82.075,30.347],[-82.025,30.369],[-82.012,30.375],[-81.975,30.391],[-81.925,30.412],[-81.893,30.425],[-81.875,30.432],[-81.825,30.452],[-81.775,30.471],[-81.766,30.475],[-81.725,30.49],[-81.675,30.509],[-81.631,30.525],[-81.625,30.527],[-81.575,30.545],[-81.525,30.563],[-81.516,30.566]]]}},{"type":"Feature","properties":{"date":"2024-03-05","label":"5 Mar","yday":65,"tier":"five","major":false},"geometry":{"type":"MultiLineString","coordinates":[[[-83.681,29.931],[-83.675,29.932],[-83.625,29.947],[-83.575,29.962],[-83.531,29.975],[-83.525,29.977],[-83.475,29.993],[-83.425,30.009],[-83.375,30.025],[-83.375,30.025],[-83.325,30.042],[-83.275,30.059],[-83.231,30.075],[-83.225,30.077],[-83.175,30.095],[-83.125,30.114],[-83.096,30.125],[-83.075,30.133],[-83.025,30.152],[-82.975,30.172],[-82.968,30.175],[-82.925,30.192],[-82.875,30.212],[-82.844,30.225],[-82.825,30.233],[-82.775,30.254],[-82.725,30.275],[-82.724,30.275],[-82.675,30.296],[-82.625,30.317],[-82.606,30.325],[-82.575,30.338],[-82.525,30.359],[-82.487,30.375],[-82.475,30.38],[-82.425,30.401],[-82.375,30.421],[-82.366,30.425],[-82.325,30.442],[-82.275,30.462],[-82.243,30.475],[-82.225,30.482],[-82.175,30.502],[-82.125,30.521],[-82.114,30.525],[-82.075,30.54],[-82.025,30.558],[-81.978,30.575],[-81.975,30.576],[-81.925,30.594],[-81.875,30.611],[-81.835,30.625],[-81.825,30.628],[-81.775,30.645],[-81.725,30.661],[-81.684,30.675],[-81.675,30.678],[-81.625,30.694],[-81.575,30.71],[-81.529,30.725],[-81.525,30.726]],[[-94.375,30.183],[-94.325,30.182],[-94.275,30.181],[-94.225,30.18],[-94.175,30.178],[-94.125,30.176],[-94.09,30.175],[-94.075,30.174],[-94.025,30.172],[-93.975,30.17],[-93.933,30.167]]]}},{"type":"Feature","properties":{"date":"2024-03-06","label":"6 Mar","yday":66,"tier":"day","major":false},"geometry":{"type":"MultiLineString","coordinates":[[[-85.285,29.835],[-85.275,29.836],[-85.225,29.839],[-85.175,29.842],[-85.125,29.846],[-85.075,29.85],[-85.025,29.856],[-84.975,29.862],[-84.925,29.869],[-84.885,29.875],[-84.875,29.877],[-84.825,29.885],[-84.775,29.894],[-84.725,29.903],[-84.675,29.912],[-84.625,29.922],[-84.613,29.925],[-84.575,29.933],[-84.525,29.943],[-84.475,29.954],[-84.458,29.958]],[[-84.377,29.977],[-84.375,29.977]],[[-83.971,30.075],[-83.925,30.087],[-83.875,30.1],[-83.825,30.114],[-83.785,30.125],[-83.775,30.128],[-83.725,30.142],[-83.675,30.157],[-83.625,30.172],[-83.614,30.175],[-83.575,30.187],[-83.525,30.203],[-83.475,30.219],[-83.457,30.225],[-83.425,30.235],[-83.375,30.252],[-83.325,30.27],[-83.31,30.275],[-83.275,30.287],[-83.225,30.305],[-83.175,30.324],[-83.172,30.325],[-83.125,30.342],[-83.075,30.361],[-83.038,30.375],[-83.025,30.38],[-82.975,30.399],[-82.925,30.418],[-82.908,30.425],[-82.875,30.437],[-82.825,30.457],[-82.777,30.475],[-82.775,30.476],[-82.725,30.495],[-82.675,30.514],[-82.646,30.525],[-82.625,30.533],[-82.575,30.552],[-82.525,30.57],[-82.512,30.575],[-82.475,30.589],[-82.425,30.607],[-82.375,30.624],[-82.374,30.625],[-82.325,30.642],[-82.275,30.659],[-82.228,30.675],[-82.225,30.676],[-82.175,30.693],[-82.125,30.709],[-82.075,30.725],[-82.075,30.725],[-82.025,30.741],[-81.975,30.756],[-81.925,30.771],[-81.912,30.775],[-81.875,30.786],[-81.825,30.8],[-81.775,30.815],[-81.74,30.825],[-81.725,30.829],[-81.675,30.844],[-81.625,30.858],[-81.575,30.873],[-81.566,30.875],[-81.525,30.887],[-81.496,30.896]],[[-94.825,30.434],[-94.775,30.434],[-94.725,30.433],[-94.682,30.432]],[[-94.475,30.427],[-94.434,30.425],[-94.425,30.425],[-94.375,30.423],[-94.325,30.42],[-94.275,30.418],[-94.225,30.416],[-94.175,30.413],[-94.125,30.41],[-94.075,30.407],[-94.025,30.404],[-93.975,30.401],[-93.925,30.398],[-93.875,30.394],[-93.825,30.389],[-93.775,30.385],[-93.725,30.38],[-93.682,30.375],[-93.675,30.374],[-93.625,30.368],[-93.575,30.362],[-93.525,30.355],[-93.475,30.348],[-93.425,30.34],[-93.375,30.332],[-93.329,30.325],[-93.325,30.324],[-93.275,30.316],[-93.225,30.308],[-93.175,30.299],[-93.125,30.291],[-93.075,30.284],[-93.025,30.276],[-93.016,30.275]]]}},{"type":"Feature","properties":{"date":"2024-03-07","label":"7 Mar","yday":67,"tier":"day","major":false},"geometry":{"type":"MultiLineString","coordinates":[[[-85.432,30.032],[-85.425,30.032],[-85.375,30.035],[-85.325,30.038],[-85.275,30.042],[-85.225,30.046],[-85.175,30.05],[-85.125,30.056],[-85.075,30.061],[-85.025,30.068],[-84.975,30.075],[-84.974,30.075],[-84.925,30.082],[-84.875,30.091],[-84.825,30.1],[-84.775,30.109],[-84.725,30.119],[-84.694,30.125],[-84.675,30.129],[-84.625,30.139],[-84.575,30.15],[-84.525,30.162],[-84.475,30.173],[-84.466,30.175],[-84.425,30.185],[-84.375,30.196],[-84.325,30.208],[-84.275,30.22],[-84.254,30.225],[-84.225,30.232],[-84.175,30.244],[-84.125,30.256],[-84.075,30.268],[-84.046,30.275],[-84.025,30.28],[-83.975,30.293],[-83.925,30.306],[-83.875,30.319],[-83.854,30.325],[-83.825,30.333],[-83.775,30.347],[-83.725,30.361],[-83.679,30.375],[-83.675,30.376],[-83.625,30.392],[-83.575,30.407],[-83.525,30.424],[-83.521,30.425],[-83.475,30.44],[-83.425,30.457],[-83.375,30.474],[-83.373,30.475],[-83.325,30.492],[-83.275,30.51],[-83.233,30.525],[-83.225,30.528],[-83.175,30.546],[-83.125,30.564],[-83.095,30.575],[-83.075,30.582],[-83.025,30.6],[-82.975,30.618],[-82.957,30.625],[-82.925,30.636],[-82.875,30.654],[-82.825,30.672],[-82.816,30.675],[-82.775,30.689],[-82.725,30.706],[-82.675,30.723],[-82.67,30.725],[-82.625,30.74],[-82.575,30.757],[-82.525,30.773],[-82.519,30.775],[-82.475,30.789],[-82.425,30.805],[-82.375,30.82],[-82.358,30.825],[-82.325,30.835],[-82.275,30.85],[-82.225,30.864],[-82.187,30.875],[-82.175,30.878],[-82.125,30.892],[-82.075,30.906],[-82.025,30.919],[-82.003,30.925],[-81.975,30.932],[-81.925,30.945],[-81.875,30.958],[-81.825,30.971],[-81.808,30.975],[-81.775,30.983],[-81.725,30.996],[-81.675,31.009],[-81.625,31.021],[-81.611,31.025],[-81.575,31.034],[-81.525,31.048],[-81.475,31.062],[-81.428,31.075]],[[-89.743,30.243],[-89.725,30.242],[-89.675,30.238],[-89.625,30.235],[-89.575,30.231],[-89.525,30.227],[-89.49,30.225]],[[-94.725,30.675],[-94.714,30.675],[-94.675,30.674],[-94.625,30.672],[-94.575,30.67],[-94.525,30.667],[-94.475,30.665],[-94.425,30.662],[-94.375,30.659],[-94.325,30.655],[-94.275,30.652],[-94.225,30.648],[-94.175,30.644],[-94.125,30.64],[-94.075,30.636],[-94.025,30.633],[-93.975,30.629],[-93.926,30.625],[-93.925,30.625],[-93.875,30.621],[-93.825,30.617],[-93.775,30.612],[-93.725,30.608],[-93.675,30.603],[-93.625,30.597],[-93.575,30.592],[-93.525,30.585],[-93.475,30.579],[-93.446,30.575],[-93.425,30.572],[-93.375,30.565],[-93.325,30.558],[-93.275,30.55],[-93.225,30.542],[-93.175,30.534],[-93.125,30.526],[-93.117,30.525],[-93.075,30.518],[-93.025,30.511],[-92.975,30.503],[-92.925,30.495],[-92.875,30.488],[-92.825,30.481],[-92.78,30.475],[-92.775,30.474],[-92.725,30.468],[-92.675,30.461],[-92.625,30.455],[-92.575,30.449],[-92.525,30.444],[-92.475,30.438]]]}},{"type":"Feature","properties":{"date":"2024-03-08","label":"8 Mar","yday":68,"tier":"day","major":false},"geometry":{"type":"MultiLineString","coordinates":[[[-85.81,30.21],[-85.775,30.212]],[[-85.631,30.219],[-85.625,30.22],[-85.575,30.222],[-85.532,30.225],[-85.525,30.225],[-85.475,30.229],[-85.425,30.232],[-85.375,30.236],[-85.325,30.24],[-85.275,30.245],[-85.225,30.25],[-85.175,30.256],[-85.125,30.262],[-85.075,30.269],[-85.035,30.275],[-85.025,30.276],[-84.975,30.284],[-84.925,30.293],[-84.875,30.301],[-84.825,30.311],[-84.775,30.321],[-84.754,30.325],[-84.725,30.331],[-84.675,30.341],[-84.625,30.352],[-84.575,30.364],[-84.525,30.375],[-84.525,30.375],[-84.475,30.387],[-84.425,30.398],[-84.375,30.41],[-84.325,30.421],[-84.309,30.425],[-84.275,30.433],[-84.225,30.444],[-84.175,30.455],[-84.125,30.467],[-84.09,30.475],[-84.075,30.478],[-84.025,30.49],[-83.975,30.503],[-83.925,30.516],[-83.891,30.525],[-83.875,30.529],[-83.825,30.543],[-83.775,30.557],[-83.725,30.572],[-83.715,30.575],[-83.675,30.587],[-83.625,30.603],[-83.575,30.619],[-83.558,30.625],[-83.525,30.636],[-83.475,30.653],[-83.425,30.671],[-83.412,30.675],[-83.375,30.688],[-83.325,30.706],[-83.275,30.724],[-83.272,30.725],[-83.225,30.742],[-83.175,30.759],[-83.131,30.775],[-83.125,30.777],[-83.075,30.794],[-83.025,30.811],[-82.985,30.825],[-82.975,30.828],[-82.925,30.845],[-82.875,30.861],[-82.831,30.875],[-82.825,30.877],[-82.775,30.893],[-82.725,30.908],[-82.675,30.923],[-82.67,30.925],[-82.625,30.938],[-82.575,30.953],[-82.525,30.968],[-82.5,30.975],[-82.475,30.982],[-82.425,30.996],[-82.375,31.009],[-82.325,31.023],[-82.316,31.025],[-82.275,31.036],[-82.225,31.048],[-82.175,31.06],[-82.125,31.073],[-82.115,31.075],[-82.075,31.084],[-82.025,31.096],[-81.975,31.107],[-81.925,31.119],[-81.897,31.125],[-81.875,31.13],[-81.825,31.141],[-81.775,31.153],[-81.725,31.164],[-81.677,31.175],[-81.675,31.175],[-81.625,31.187],[-81.575,31.199],[-81.525,31.212],[-81.477,31.225],[-81.475,31.226],[-81.425,31.24],[-81.375,31.256],[-81.325,31.273],[-81.319,31.275]],[[-87.726,30.276],[-87.725,30.276],[-87.716,30.275]],[[-88.502,30.352],[-88.475,30.35],[-88.451,30.349]],[[-90.149,30.449],[-90.125,30.448],[-90.075,30.445],[-90.025,30.442],[-89.975,30.439],[-89.925,30.436],[-89.875,30.433],[-89.825,30.429],[-89.775,30.426],[-89.758,30.425],[-89.725,30.423],[-89.675,30.419],[-89.625,30.416],[-89.575,30.412],[-89.525,30.409],[-89.475,30.405],[-89.425,30.402],[-89.375,30.399],[-89.325,30.396],[-89.275,30.392],[-89.225,30.389],[-89.175,30.386],[-89.125,30.383],[-89.075,30.381],[-89.025,30.378]],[[-91.04,30.54],[-91.025,30.538],[-90.975,30.531],[-90.927,30.525],[-90.925,30.525],[-90.875,30.518],[-90.825,30.511],[-90.775,30.505],[-90.725,30.499],[-90.675,30.493],[-90.625,30.487],[-90.575,30.482],[-90.525,30.477],[-90.506,30.475],[-90.475,30.472],[-90.425,30.468],[-90.375,30.464],[-90.339,30.461]],[[-95.168,30.918],[-95.125,30.919],[-95.075,30.921],[-95.025,30.922],[-94.975,30.922],[-94.925,30.923],[-94.875,30.923],[-94.825,30.923],[-94.775,30.922],[-94.725,30.921],[-94.675,30.919],[-94.625,30.917],[-94.575,30.915],[-94.525,30.912],[-94.475,30.909],[-94.425,30.905],[-94.375,30.901],[-94.325,30.896],[-94.275,30.891],[-94.225,30.887],[-94.175,30.881],[-94.125,30.876],[-94.114,30.875],[-94.075,30.871],[-94.025,30.866],[-93.975,30.862],[-93.925,30.858],[-93.875,30.855],[-93.825,30.851],[-93.775,30.846],[-93.725,30.842],[-93.675,30.837],[-93.625,30.832],[-93.575,30.826],[-93.565,30.825],[-93.525,30.82],[-93.475,30.814],[-93.425,30.807],[-93.375,30.8],[-93.325,30.793],[-93.275,30.785],[-93.225,30.777],[-93.216,30.775],[-93.175,30.768],[-93.125,30.759],[-93.075,30.751],[-93.025,30.742],[-92.975,30.733],[-92.925,30.725],[-92.925,30.725],[-92.875,30.717],[-92.825,30.709],[-92.775,30.701],[-92.725,30.693],[-92.675,30.686],[-92.625,30.679],[-92.593,30.675],[-92.575,30.673],[-92.525,30.666],[-92.475,30.66],[-92.425,30.654],[-92.399,30.651]]]}},{"type":"Feature","properties":{"date":"2024-03-09","label":"9 Mar","yday":69,"tier":"day","major":false},"geometry":{"type":"MultiLineString","coordinates":[[[-86.169,30.369],[-86.125,30.372],[-86.075,30.375],[-86.074,30.375],[-86.025,30.378],[-85.975,30.382],[-85.925,30.386],[-85.875,30.39],[-85.825,30.393],[-85.775,30.397],[-85.725,30.401],[-85.675,30.404],[-85.625,30.408],[-85.575,30.412],[-85.525,30.416],[-85.475,30.421],[-85.429,30.425],[-85.425,30.425],[-85.375,30.43],[-85.325,30.436],[-85.275,30.442],[-85.225,30.448],[-85.175,30.455],[-85.125,30.462],[-85.075,30.469],[-85.04,30.475],[-85.025,30.477],[-84.975,30.486],[-84.925,30.495],[-84.875,30.504],[-84.825,30.514],[-84.775,30.524],[-84.771,30.525],[-84.725,30.535],[-84.675,30.545],[-84.625,30.556],[-84.575,30.567],[-84.538,30.575],[-84.525,30.578],[-84.475,30.589],[-84.425,30.6],[-84.375,30.611],[-84.325,30.622],[-84.31,30.625],[-84.275,30.633],[-84.225,30.644],[-84.175,30.655],[-84.125,30.666],[-84.088,30.675],[-84.075,30.678],[-84.025,30.69],[-83.975,30.703],[-83.925,30.716],[-83.89,30.725],[-83.875,30.729],[-83.825,30.743],[-83.775,30.758],[-83.725,30.773],[-83.72,30.775],[-83.675,30.789],[-83.625,30.806],[-83.575,30.822],[-83.568,30.825],[-83.525,30.84],[-83.475,30.857],[-83.425,30.875],[-83.424,30.875],[-83.375,30.892],[-83.325,30.91],[-83.283,30.925],[-83.275,30.928],[-83.225,30.945],[-83.175,30.962],[-83.136,30.975],[-83.125,30.979],[-83.075,30.995],[-83.025,31.01],[-82.977,31.025],[-82.975,31.026],[-82.925,31.041],[-82.875,31.056],[-82.825,31.071],[-82.811,31.075],[-82.775,31.086],[-82.725,31.1],[-82.675,31.114],[-82.637,31.125],[-82.625,31.128],[-82.575,31.142],[-82.525,31.155],[-82.475,31.168],[-82.449,31.175],[-82.425,31.181],[-82.375,31.193],[-82.325,31.205],[-82.275,31.217],[-82.24,31.225],[-82.225,31.228],[-82.175,31.239],[-82.125,31.25],[-82.075,31.261],[-82.025,31.271],[-82.007,31.275],[-81.975,31.282],[-81.925,31.292],[-81.875,31.303],[-81.825,31.313],[-81.775,31.324],[-81.771,31.325],[-81.725,31.335],[-81.675,31.347],[-81.625,31.359],[-81.575,31.371],[-81.561,31.375],[-81.525,31.385],[-81.475,31.399],[-81.425,31.414],[-81.39,31.425],[-81.375,31.43],[-81.368,31.432]],[[-87.346,30.404],[-87.325,30.402],[-87.275,30.397],[-87.255,30.395]],[[-87.923,30.473],[-87.875,30.467],[-87.825,30.46],[-87.775,30.454],[-87.725,30.447],[-87.675,30.441],[-87.625,30.435],[-87.575,30.429],[-87.535,30.425],[-87.525,30.424],[-87.475,30.418],[-87.436,30.414]],[[-91.225,30.754],[-91.175,30.748],[-91.125,30.742],[-91.075,30.736],[-91.025,30.729],[-90.999,30.725],[-90.975,30.722],[-90.925,30.714],[-90.875,30.707],[-90.825,30.699],[-90.775,30.692],[-90.725,30.685],[-90.675,30.678],[-90.651,30.675],[-90.625,30.672],[-90.575,30.665],[-90.525,30.659],[-90.475,30.653],[-90.425,30.648],[-90.375,30.643],[-90.325,30.639],[-90.275,30.634],[-90.225,30.63],[-90.175,30.627],[-90.154,30.625],[-90.125,30.623],[-90.075,30.619],[-90.025,30.616],[-89.975,30.613],[-89.925,30.609],[-89.875,30.606],[-89.825,30.603],[-89.775,30.599],[-89.725,30.596],[-89.675,30.593],[-89.625,30.589],[-89.575,30.586],[-89.525,30.583],[-89.475,30.58],[-89.425,30.577],[-89.398,30.575],[-89.375,30.574],[-89.325,30.571],[-89.275,30.568],[-89.225,30.565],[-89.175,30.562],[-89.125,30.559],[-89.075,30.556],[-89.025,30.554],[-88.975,30.551],[-88.925,30.549],[-88.875,30.547],[-88.825,30.545],[-88.775,30.542],[-88.725,30.54],[-88.675,30.538],[-88.625,30.536],[-88.575,30.533],[-88.525,30.531],[-88.475,30.528],[-88.43,30.525],[-88.425,30.525],[-88.375,30.521],[-88.325,30.517],[-88.275,30.513],[-88.225,30.508],[-88.175,30.503],[-88.125,30.498]],[[-94.583,31.167],[-94.575,31.167],[-94.525,31.165],[-94.475,31.162],[-94.425,31.159],[-94.375,31.155],[-94.325,31.151],[-94.275,31.147],[-94.225,31.143],[-94.175,31.138],[-94.125,31.133],[-94.075,31.127],[-94.051,31.125],[-94.025,31.122],[-93.975,31.117],[-93.925,31.112],[-93.875,31.106],[-93.825,31.101],[-93.775,31.095],[-93.725,31.09],[-93.675,31.084],[-93.625,31.077],[-93.609,31.075],[-93.575,31.071],[-93.525,31.064],[-93.475,31.056],[-93.425,31.049],[-93.375,31.04],[-93.325,31.032],[-93.286,31.025],[-93.275,31.023],[-93.225,31.014],[-93.175,31.004],[-93.125,30.993],[-93.075,30.982],[-93.04,30.975],[-93.025,30.972],[-92.975,30.961],[-92.925,30.951],[-92.875,30.941],[-92.825,30.932],[-92.787,30.925],[-92.775,30.923],[-92.725,30.914],[-92.675,30.906],[-92.625,30.898],[-92.575,30.89],[-92.525,30.883],[-92.475,30.876],[-92.469,30.875],[-92.425,30.869],[-92.375,30.863],[-92.325,30.857],[-92.275,30.851],[-92.225,30.846],[-92.175,30.841],[-92.125,30.836]],[[-81.304,31.454],[-81.275,31.463],[-81.242,31.475],[-81.225,31.481],[-81.216,31.484]]]}},{"type":"Feature","properties":{"date":"2024-03-10","label":"10 Mar","yday":70,"tier":"five","major":false},"geometry":{"type":"MultiLineString","coordinates":[[[-86.974,30.524],[-86.925,30.52],[-86.875,30.517],[-86.825,30.515],[-86.775,30.514],[-86.725,30.513],[-86.675,30.513],[-86.625,30.513],[-86.575,30.515],[-86.525,30.516],[-86.482,30.518]],[[-86.469,30.519],[-86.425,30.521],[-86.376,30.524]],[[-87.083,30.533],[-87.075,30.532],[-87.068,30.532]],[[-86.357,30.525],[-86.325,30.527],[-86.275,30.53],[-86.225,30.534],[-86.175,30.538],[-86.125,30.542],[-86.075,30.546],[-86.025,30.551],[-85.975,30.556],[-85.925,30.56],[-85.875,30.565],[-85.825,30.57],[-85.775,30.575],[-85.774,30.575],[-85.725,30.58],[-85.675,30.585],[-85.625,30.59],[-85.575,30.595],[-85.525,30.6],[-85.475,30.606],[-85.425,30.612],[-85.375,30.618],[-85.325,30.624],[-85.318,30.625],[-85.275,30.631],[-85.225,30.638],[-85.175,30.646],[-85.125,30.654],[-85.075,30.662],[-85.025,30.671],[-85.002,30.675],[-84.975,30.68],[-84.925,30.69],[-84.875,30.699],[-84.825,30.709],[-84.775,30.72],[-84.75,30.725],[-84.725,30.73],[-84.675,30.741],[-84.625,30.751],[-84.575,30.762],[-84.525,30.772],[-84.512,30.775],[-84.475,30.783],[-84.425,30.793],[-84.375,30.804],[-84.325,30.814],[-84.276,30.825],[-84.275,30.825],[-84.225,30.836],[-84.175,30.847],[-84.125,30.858],[-84.075,30.87],[-84.055,30.875],[-84.025,30.882],[-83.975,30.895],[-83.925,30.908],[-83.875,30.922],[-83.863,30.925],[-83.825,30.936],[-83.775,30.952],[-83.725,30.967],[-83.702,30.975],[-83.675,30.984],[-83.625,31.0],[-83.575,31.017],[-83.551,31.025],[-83.525,31.034],[-83.475,31.051],[-83.425,31.068],[-83.404,31.075],[-83.375,31.085],[-83.325,31.101],[-83.275,31.118],[-83.253,31.125],[-83.225,31.134],[-83.175,31.15],[-83.125,31.166],[-83.094,31.175],[-83.075,31.181],[-83.025,31.196],[-82.975,31.211],[-82.927,31.225],[-82.925,31.226],[-82.875,31.24],[-82.825,31.254],[-82.775,31.269],[-82.752,31.275],[-82.725,31.282],[-82.675,31.296],[-82.625,31.31],[-82.575,31.323],[-82.567,31.325],[-82.525,31.336],[-82.475,31.348],[-82.425,31.36],[-82.375,31.371],[-82.358,31.375],[-82.325,31.382],[-82.275,31.393],[-82.225,31.403],[-82.175,31.414],[-82.125,31.424],[-82.119,31.425],[-82.075,31.434],[-82.025,31.444],[-81.975,31.454],[-81.925,31.464],[-81.875,31.475],[-81.874,31.475],[-81.825,31.485],[-81.775,31.496],[-81.725,31.508],[-81.675,31.519],[-81.652,31.525],[-81.625,31.532],[-81.575,31.545],[-81.525,31.559],[-81.475,31.573],[-81.469,31.575],[-81.425,31.588],[-81.375,31.604],[-81.325,31.62],[-81.311,31.625],[-81.275,31.637],[-81.257,31.643]],[[-87.925,30.641],[-87.875,30.634],[-87.825,30.627],[-87.812,30.625],[-87.775,30.62],[-87.725,30.613],[-87.675,30.606],[-87.625,30.599],[-87.575,30.592],[-87.525,30.585],[-87.475,30.579],[-87.443,30.575],[-87.425,30.573],[-87.375,30.567],[-87.325,30.56],[-87.275,30.554],[-87.225,30.549],[-87.195,30.545]],[[-91.325,30.954],[-91.275,30.948],[-91.225,30.941],[-91.175,30.934],[-91.125,30.927],[-91.114,30.925],[-91.075,30.919],[-91.025,30.912],[-90.975,30.904],[-90.925,30.896],[-90.875,30.888],[-90.825,30.88],[-90.795,30.875],[-90.775,30.872],[-90.725,30.864],[-90.675,30.856],[-90.625,30.849],[-90.575,30.842],[-90.525,30.835],[-90.475,30.829],[-90.441,30.825],[-90.425,30.823],[-90.375,30.817],[-90.325,30.812],[-90.275,30.807],[-90.225,30.803],[-90.175,30.798],[-90.125,30.794],[-90.075,30.79],[-90.025,30.786],[-89.975,30.783],[-89.925,30.779],[-89.875,30.776],[-89.865,30.775],[-89.825,30.772],[-89.775,30.769],[-89.725,30.766],[-89.675,30.762],[-89.625,30.759],[-89.575,30.756],[-89.525,30.753],[-89.475,30.75],[-89.425,30.747],[-89.375,30.744],[-89.325,30.741],[-89.275,30.738],[-89.225,30.735],[-89.175,30.733],[-89.125,30.73],[-89.075,30.728],[-89.025,30.725],[-89.023,30.725],[-88.975,30.723],[-88.925,30.72],[-88.875,30.718],[-88.825,30.716],[-88.775,30.713],[-88.725,30.711],[-88.675,30.709],[-88.625,30.706],[-88.575,30.704],[-88.525,30.701],[-88.475,30.698],[-88.425,30.695],[-88.375,30.691],[-88.325,30.688],[-88.275,30.683],[-88.225,30.679],[-88.19,30.675],[-88.175,30.673],[-88.125,30.667],[-88.075,30.661]],[[-94.475,31.419],[-94.425,31.418],[-94.375,31.416],[-94.325,31.414],[-94.275,31.411],[-94.225,31.408],[-94.175,31.404],[-94.125,31.4],[-94.075,31.395],[-94.025,31.39],[-93.975,31.384],[-93.925,31.378],[-93.899,31.375],[-93.875,31.372],[-93.825,31.365],[-93.775,31.358],[-93.725,31.35],[-93.675,31.342],[-93.625,31.334],[-93.577,31.325],[-93.575,31.325],[-93.525,31.316],[-93.475,31.306],[-93.425,31.296],[-93.375,31.286],[-93.326,31.275],[-93.325,31.275],[-93.275,31.264],[-93.225,31.252],[-93.175,31.24],[-93.125,31.228],[-93.112,31.225],[-93.075,31.216],[-93.025,31.203],[-92.975,31.191],[-92.925,31.179],[-92.91,31.175],[-92.875,31.167],[-92.825,31.155],[-92.775,31.144],[-92.725,31.134],[-92.681,31.125],[-92.675,31.124],[-92.674,31.124]]]}},{"type":"Feature","properties":{"date":"2024-03-11","label":"11 Mar","yday":71,"tier":"day","major":false},"geometry":{"type":"MultiLineString","coordinates":[[[-91.375,31.152],[-91.325,31.144],[-91.275,31.136],[-91.225,31.128],[-91.205,31.125],[-91.175,31.12],[-91.125,31.112],[-91.075,31.103],[-91.025,31.094],[-90.975,31.086],[-90.925,31.077],[-90.915,31.075],[-90.875,31.068],[-90.825,31.059],[-90.775,31.05],[-90.725,31.041],[-90.675,31.033],[-90.628,31.025],[-90.625,31.024],[-90.575,31.017],[-90.525,31.009],[-90.475,31.002],[-90.425,30.996],[-90.375,30.99],[-90.325,30.984],[-90.275,30.979],[-90.238,30.975],[-90.225,30.974],[-90.175,30.969],[-90.125,30.965],[-90.075,30.96],[-90.025,30.956],[-89.975,30.952],[-89.925,30.948],[-89.875,30.945],[-89.825,30.941],[-89.775,30.937],[-89.725,30.934],[-89.675,30.931],[-89.625,30.927],[-89.592,30.925],[-89.575,30.924],[-89.525,30.921],[-89.475,30.918],[-89.425,30.915],[-89.375,30.912],[-89.325,30.909],[-89.275,30.906],[-89.225,30.903],[-89.175,30.9],[-89.125,30.898],[-89.075,30.895],[-89.025,30.893],[-88.975,30.89],[-88.925,30.888],[-88.875,30.885],[-88.825,30.883],[-88.775,30.88],[-88.725,30.878],[-88.678,30.875],[-88.675,30.875],[-88.625,30.872],[-88.575,30.869],[-88.525,30.866],[-88.475,30.862],[-88.425,30.859],[-88.375,30.855],[-88.325,30.851],[-88.275,30.846],[-88.225,30.841],[-88.175,30.835],[-88.125,30.83],[-88.089,30.825],[-88.075,30.823],[-88.025,30.817],[-87.975,30.81],[-87.925,30.803],[-87.875,30.795],[-87.825,30.788],[-87.775,30.781],[-87.738,30.775],[-87.725,30.773],[-87.675,30.766],[-87.625,30.758],[-87.575,30.751],[-87.525,30.744],[-87.475,30.736],[-87.425,30.729],[-87.393,30.725],[-87.375,30.723],[-87.325,30.716],[-87.275,30.709],[-87.225,30.703],[-87.175,30.697],[-87.125,30.691],[-87.075,30.686],[-87.025,30.682],[-86.975,30.678],[-86.925,30.675],[-86.925,30.675],[-86.875,30.673],[-86.825,30.671],[-86.775,30.67],[-86.725,30.67],[-86.675,30.67],[-86.625,30.671],[-86.575,30.673],[-86.525,30.675],[-86.522,30.675],[-86.475,30.678],[-86.425,30.681],[-86.375,30.685],[-86.325,30.69],[-86.275,30.694],[-86.225,30.699],[-86.175,30.704],[-86.125,30.71],[-86.075,30.715],[-86.025,30.721],[-85.987,30.725],[-85.975,30.726],[-85.925,30.732],[-85.875,30.738],[-85.825,30.744],[-85.775,30.749],[-85.725,30.755],[-85.675,30.761],[-85.625,30.768],[-85.575,30.774],[-85.565,30.775],[-85.525,30.78],[-85.475,30.787],[-85.425,30.793],[-85.375,30.8],[-85.325,30.808],[-85.275,30.815],[-85.225,30.823],[-85.213,30.825],[-85.175,30.831],[-85.125,30.84],[-85.075,30.849],[-85.025,30.859],[-84.975,30.868],[-84.941,30.875],[-84.925,30.878],[-84.875,30.888],[-84.825,30.899],[-84.775,30.909],[-84.725,30.919],[-84.698,30.925],[-84.675,30.93],[-84.625,30.94],[-84.575,30.95],[-84.525,30.96],[-84.475,30.97],[-84.452,30.975],[-84.425,30.98],[-84.375,30.991],[-84.325,31.001],[-84.275,31.012],[-84.225,31.023],[-84.214,31.025],[-84.175,31.034],[-84.125,31.045],[-84.075,31.057],[-84.025,31.07],[-84.005,31.075],[-83.975,31.083],[-83.925,31.096],[-83.875,31.11],[-83.825,31.125],[-83.824,31.125],[-83.775,31.14],[-83.725,31.155],[-83.675,31.171],[-83.661,31.175],[-83.625,31.186],[-83.575,31.202],[-83.525,31.218],[-83.504,31.225],[-83.475,31.234],[-83.425,31.25],[-83.375,31.266],[-83.347,31.275],[-83.325,31.282],[-83.275,31.297],[-83.225,31.313],[-83.185,31.325],[-83.175,31.328],[-83.125,31.343],[-83.075,31.358],[-83.025,31.372],[-83.015,31.375],[-82.975,31.386],[-82.925,31.401],[-82.875,31.415],[-82.838,31.425],[-82.825,31.429],[-82.775,31.442],[-82.725,31.456],[-82.675,31.47],[-82.654,31.475],[-82.625,31.483],[-82.575,31.495],[-82.525,31.508],[-82.475,31.519],[-82.45,31.525],[-82.425,31.53],[-82.375,31.541],[-82.325,31.551],[-82.275,31.561],[-82.225,31.571],[-82.207,31.575],[-82.175,31.581],[-82.125,31.591],[-82.075,31.601],[-82.025,31.611],[-81.975,31.621],[-81.956,31.625],[-81.925,31.631],[-81.875,31.642],[-81.825,31.653],[-81.775,31.664],[-81.727,31.675],[-81.725,31.675],[-81.675,31.687],[-81.625,31.7],[-81.575,31.714],[-81.534,31.725],[-81.525,31.728],[-81.475,31.742],[-81.425,31.758],[-81.375,31.774],[-81.371,31.775],[-81.325,31.79],[-81.275,31.807],[-81.225,31.824],[-81.221,31.825],[-81.175,31.84],[-81.125,31.857],[-81.112,31.862]],[[-93.318,31.525],[-93.275,31.514],[-93.225,31.5],[-93.175,31.487],[-93.133,31.475],[-93.125,31.473],[-93.075,31.459],[-93.025,31.445],[-92.975,31.43],[-92.956,31.425],[-92.925,31.416],[-92.875,31.402],[-92.825,31.388],[-92.775,31.375],[-92.775,31.375],[-92.725,31.362]],[[-94.175,31.673],[-94.125,31.67],[-94.119,31.669]],[[-81.036,31.886],[-81.025,31.89],[-80.975,31.905]]]}},{"type":"Feature","properties":{"date":"2024-03-12","label":"12 Mar","yday":72,"tier":"day","major":false},"geometry":{"type":"MultiLineString","coordinates":[[[-91.356,31.344],[-91.325,31.339],[-91.275,31.33],[-91.25,31.325],[-91.225,31.32],[-91.175,31.311],[-91.125,31.301],[-91.075,31.292],[-91.025,31.282],[-90.989,31.275],[-90.975,31.272],[-90.925,31.262],[-90.875,31.253],[-90.825,31.243],[-90.775,31.233],[-90.735,31.225],[-90.725,31.223],[-90.675,31.213],[-90.625,31.204],[-90.575,31.195],[-90.525,31.186],[-90.475,31.178],[-90.453,31.175],[-90.425,31.171],[-90.375,31.165],[-90.325,31.159],[-90.275,31.153],[-90.225,31.148],[-90.175,31.143],[-90.125,31.138],[-90.075,31.133],[-90.025,31.129],[-89.985,31.125],[-89.975,31.124],[-89.925,31.12],[-89.875,31.116],[-89.825,31.112],[-89.775,31.108],[-89.725,31.104],[-89.675,31.1],[-89.625,31.096],[-89.575,31.093],[-89.525,31.089],[-89.475,31.086],[-89.425,31.082],[-89.375,31.079],[-89.325,31.076],[-89.309,31.075],[-89.275,31.073],[-89.225,31.07],[-89.175,31.067],[-89.125,31.064],[-89.075,31.062],[-89.025,31.059],[-88.975,31.056],[-88.925,31.053],[-88.875,31.051],[-88.825,31.048],[-88.775,31.045],[-88.725,31.042],[-88.675,31.039],[-88.625,31.035],[-88.575,31.032],[-88.525,31.028],[-88.486,31.025],[-88.475,31.024],[-88.425,31.02],[-88.375,31.016],[-88.325,31.011],[-88.275,31.006],[-88.225,31.0],[-88.175,30.994],[-88.125,30.988],[-88.075,30.982],[-88.025,30.975],[-88.023,30.975],[-87.975,30.968],[-87.925,30.961],[-87.875,30.954],[-87.825,30.946],[-87.775,30.939],[-87.725,30.931],[-87.686,30.925],[-87.675,30.923],[-87.625,30.916],[-87.575,30.908],[-87.525,30.9],[-87.475,30.893],[-87.425,30.886],[-87.375,30.879],[-87.349,30.875],[-87.325,30.872],[-87.275,30.865],[-87.225,30.859],[-87.175,30.853],[-87.125,30.847],[-87.075,30.842],[-87.025,30.838],[-86.975,30.835],[-86.925,30.832],[-86.875,30.83],[-86.825,30.828],[-86.775,30.828],[-86.725,30.828],[-86.675,30.828],[-86.625,30.83],[-86.575,30.832],[-86.525,30.835],[-86.475,30.839],[-86.425,30.843],[-86.375,30.848],[-86.325,30.854],[-86.275,30.86],[-86.225,30.866],[-86.175,30.872],[-86.148,30.875],[-86.125,30.878],[-86.075,30.884],[-86.025,30.891],[-85.975,30.897],[-85.925,30.904],[-85.875,30.91],[-85.825,30.917],[-85.775,30.924],[-85.764,30.925],[-85.725,30.93],[-85.675,30.937],[-85.625,30.944],[-85.575,30.951],[-85.525,30.958],[-85.475,30.966],[-85.425,30.973],[-85.414,30.975],[-85.375,30.981],[-85.325,30.989],[-85.275,30.997],[-85.225,31.006],[-85.175,31.015],[-85.125,31.024],[-85.118,31.025],[-85.075,31.033],[-85.025,31.042],[-84.975,31.052],[-84.925,31.062],[-84.875,31.072],[-84.859,31.075],[-84.825,31.082],[-84.775,31.092],[-84.725,31.101],[-84.675,31.111],[-84.625,31.121],[-84.606,31.125],[-84.575,31.131],[-84.525,31.141],[-84.475,31.151],[-84.425,31.161],[-84.375,31.171],[-84.356,31.175],[-84.325,31.181],[-84.275,31.192],[-84.225,31.203],[-84.175,31.214],[-84.13,31.225],[-84.125,31.226],[-84.075,31.238],[-84.025,31.251],[-83.975,31.264],[-83.933,31.275],[-83.925,31.277],[-83.875,31.291],[-83.825,31.305],[-83.775,31.32],[-83.756,31.325],[-83.725,31.334],[-83.675,31.349],[-83.625,31.364],[-83.589,31.375],[-83.575,31.379],[-83.525,31.394],[-83.475,31.409],[-83.425,31.424],[-83.423,31.425],[-83.375,31.439],[-83.325,31.454],[-83.275,31.469],[-83.255,31.475],[-83.225,31.484],[-83.175,31.498],[-83.125,31.512],[-83.08,31.525],[-83.075,31.526],[-83.025,31.54],[-82.975,31.554],[-82.925,31.568],[-82.899,31.575],[-82.875,31.581],[-82.825,31.595],[-82.775,31.608],[-82.725,31.621],[-82.709,31.625],[-82.675,31.634],[-82.625,31.646],[-82.575,31.658],[-82.525,31.669],[-82.499,31.675],[-82.475,31.68],[-82.425,31.691],[-82.375,31.701],[-82.325,31.711],[-82.275,31.721],[-82.257,31.725],[-82.225,31.731],[-82.175,31.741],[-82.125,31.751],[-82.075,31.761],[-82.025,31.771],[-82.005,31.775],[-81.975,31.781],[-81.925,31.791],[-81.875,31.802],[-81.825,31.813],[-81.775,31.825],[-81.773,31.825],[-81.725,31.836],[-81.675,31.849],[-81.625,31.862],[-81.576,31.875],[-81.575,31.875],[-81.525,31.89],[-81.475,31.905],[-81.425,31.921],[-81.411,31.925],[-81.375,31.937],[-81.325,31.953],[-81.275,31.97],[-81.259,31.975],[-81.225,31.986],[-81.175,32.003],[-81.125,32.019],[-81.105,32.025],[-81.075,32.034],[-81.025,32.049],[-80.975,32.064],[-80.936,32.075],[-80.925,32.078],[-80.92,32.08]],[[-92.628,31.578],[-92.625,31.577],[-92.617,31.575],[-92.575,31.564],[-92.525,31.552],[-92.475,31.54],[-92.425,31.529],[-92.405,31.525],[-92.375,31.519],[-92.325,31.509],[-92.275,31.499],[-92.254,31.496]]]}},{"type":"Feature","properties":{"date":"2024-03-13","label":"13 Mar","yday":73,"tier":"day","major":false},"geometry":{"type":"MultiLineString","coordinates":[[[-91.271,31.529],[-91.252,31.525],[-91.225,31.519],[-91.175,31.509],[-91.125,31.498],[-91.075,31.488],[-91.025,31.477],[-91.015,31.475],[-90.975,31.467],[-90.925,31.456],[-90.875,31.445],[-90.825,31.435],[-90.779,31.425],[-90.775,31.424],[-90.725,31.414],[-90.675,31.404],[-90.625,31.394],[-90.575,31.384],[-90.526,31.375],[-90.525,31.375],[-90.475,31.366],[-90.425,31.358],[-90.375,31.35],[-90.325,31.343],[-90.275,31.336],[-90.225,31.33],[-90.188,31.325],[-90.175,31.323],[-90.125,31.318],[-90.075,31.312],[-90.025,31.307],[-89.975,31.302],[-89.925,31.296],[-89.875,31.291],[-89.825,31.287],[-89.775,31.282],[-89.725,31.277],[-89.7,31.275],[-89.675,31.273],[-89.625,31.268],[-89.575,31.264],[-89.525,31.26],[-89.475,31.256],[-89.425,31.252],[-89.375,31.248],[-89.325,31.245],[-89.275,31.242],[-89.225,31.238],[-89.175,31.235],[-89.125,31.232],[-89.075,31.229],[-89.025,31.226],[-89.008,31.225],[-88.975,31.223],[-88.925,31.22],[-88.875,31.217],[-88.825,31.214],[-88.775,31.21],[-88.725,31.207],[-88.675,31.203],[-88.625,31.199],[-88.575,31.195],[-88.525,31.191],[-88.475,31.186],[-88.425,31.182],[-88.375,31.177],[-88.359,31.175],[-88.325,31.171],[-88.275,31.166],[-88.225,31.16],[-88.175,31.154],[-88.125,31.148],[-88.075,31.141],[-88.025,31.134],[-87.975,31.127],[-87.961,31.125],[-87.925,31.12],[-87.875,31.112],[-87.825,31.105],[-87.775,31.097],[-87.725,31.089],[-87.675,31.081],[-87.635,31.075],[-87.625,31.073],[-87.575,31.066],[-87.525,31.058],[-87.475,31.05],[-87.425,31.043],[-87.375,31.036],[-87.325,31.029],[-87.294,31.025],[-87.275,31.023],[-87.225,31.016],[-87.175,31.011],[-87.125,31.006],[-87.075,31.001],[-87.025,30.997],[-86.975,30.994],[-86.925,30.991],[-86.875,30.989],[-86.825,30.988],[-86.775,30.988],[-86.725,30.989],[-86.675,30.99],[-86.625,30.992],[-86.575,30.995],[-86.525,30.999],[-86.475,31.004],[-86.425,31.009],[-86.375,31.015],[-86.325,31.021],[-86.294,31.025],[-86.275,31.027],[-86.225,31.034],[-86.175,31.04],[-86.125,31.047],[-86.075,31.054],[-86.025,31.061],[-85.975,31.069],[-85.932,31.075],[-85.925,31.076],[-85.875,31.083],[-85.825,31.091],[-85.775,31.098],[-85.725,31.106],[-85.675,31.113],[-85.625,31.121],[-85.598,31.125],[-85.575,31.129],[-85.525,31.136],[-85.475,31.144],[-85.425,31.152],[-85.375,31.16],[-85.325,31.169],[-85.289,31.175],[-85.275,31.177],[-85.225,31.186],[-85.175,31.195],[-85.125,31.204],[-85.075,31.213],[-85.025,31.222],[-85.01,31.225],[-84.975,31.231],[-84.925,31.241],[-84.875,31.25],[-84.825,31.259],[-84.775,31.269],[-84.741,31.275],[-84.725,31.278],[-84.675,31.287],[-84.625,31.297],[-84.575,31.306],[-84.525,31.316],[-84.477,31.325],[-84.475,31.325],[-84.425,31.335],[-84.375,31.345],[-84.325,31.355],[-84.275,31.366],[-84.234,31.375],[-84.225,31.377],[-84.175,31.388],[-84.125,31.4],[-84.075,31.412],[-84.025,31.424],[-84.022,31.425],[-83.975,31.437],[-83.925,31.45],[-83.875,31.464],[-83.834,31.475],[-83.825,31.477],[-83.775,31.491],[-83.725,31.505],[-83.675,31.519],[-83.656,31.525],[-83.625,31.534],[-83.575,31.548],[-83.525,31.562],[-83.481,31.575],[-83.475,31.577],[-83.425,31.591],[-83.375,31.605],[-83.325,31.619],[-83.304,31.625],[-83.275,31.633],[-83.225,31.647],[-83.175,31.661],[-83.125,31.674],[-83.123,31.675],[-83.075,31.688],[-83.025,31.701],[-82.975,31.714],[-82.934,31.725],[-82.925,31.727],[-82.875,31.74],[-82.825,31.753],[-82.775,31.765],[-82.733,31.775],[-82.725,31.777],[-82.675,31.789],[-82.625,31.8],[-82.575,31.812],[-82.525,31.823],[-82.514,31.825],[-82.475,31.833],[-82.425,31.844],[-82.375,31.854],[-82.325,31.864],[-82.275,31.874],[-82.27,31.875],[-82.225,31.884],[-82.175,31.894],[-82.125,31.903],[-82.075,31.913],[-82.025,31.924],[-82.018,31.925],[-81.975,31.934],[-81.925,31.944],[-81.875,31.955],[-81.825,31.967],[-81.789,31.975],[-81.775,31.978],[-81.725,31.99],[-81.675,32.003],[-81.625,32.016],[-81.594,32.025],[-81.575,32.03],[-81.525,32.045],[-81.475,32.06],[-81.426,32.075],[-81.425,32.075],[-81.375,32.091],[-81.325,32.107],[-81.275,32.123],[-81.268,32.125],[-81.225,32.138],[-81.175,32.154],[-81.125,32.169],[-81.106,32.175],[-81.075,32.184],[-81.025,32.199],[-80.975,32.214],[-80.938,32.225],[-80.925,32.229],[-80.875,32.244],[-80.825,32.259],[-80.777,32.273]],[[-92.975,31.926],[-92.972,31.925],[-92.925,31.91],[-92.875,31.895],[-92.825,31.879],[-92.81,31.875],[-92.775,31.864],[-92.725,31.849],[-92.675,31.835],[-92.64,31.825],[-92.625,31.821],[-92.575,31.807],[-92.525,31.793],[-92.475,31.78],[-92.454,31.775],[-92.425,31.768],[-92.375,31.755],[-92.325,31.743],[-92.275,31.732],[-92.244,31.725],[-92.225,31.721],[-92.175,31.71],[-92.125,31.699],[-92.075,31.689],[-92.025,31.679],[-92.006,31.675],[-91.975,31.669],[-91.938,31.662]],[[-80.659,32.309],[-80.625,32.32],[-80.609,32.325],[-80.575,32.336],[-80.525,32.351],[-80.506,32.356]]]}},{"type":"Feature","properties":{"date":"2024-03-14","label":"14 Mar","yday":74,"tier":"day","major":false},"geometry":{"type":"MultiLineString","coordinates":[[[-91.143,31.707],[-91.125,31.703],[-91.075,31.692],[-91.025,31.68],[-91.001,31.675],[-90.975,31.669],[-90.925,31.658],[-90.875,31.647],[-90.825,31.635],[-90.778,31.625],[-90.775,31.624],[-90.725,31.613],[-90.675,31.603],[-90.625,31.592],[-90.575,31.582],[-90.539,31.575],[-90.525,31.572],[-90.475,31.563],[-90.425,31.554],[-90.375,31.545],[-90.325,31.536],[-90.275,31.528],[-90.253,31.525],[-90.225,31.521],[-90.175,31.513],[-90.125,31.506],[-90.075,31.5],[-90.025,31.493],[-89.975,31.487],[-89.925,31.481],[-89.878,31.475],[-89.875,31.475],[-89.825,31.469],[-89.775,31.463],[-89.725,31.458],[-89.675,31.452],[-89.625,31.447],[-89.575,31.442],[-89.525,31.437],[-89.475,31.432],[-89.425,31.427],[-89.406,31.425],[-89.375,31.422],[-89.325,31.418],[-89.275,31.414],[-89.225,31.411],[-89.175,31.407],[-89.125,31.404],[-89.075,31.4],[-89.025,31.397],[-88.975,31.393],[-88.925,31.39],[-88.875,31.386],[-88.825,31.382],[-88.775,31.378],[-88.733,31.375],[-88.725,31.374],[-88.675,31.37],[-88.625,31.366],[-88.575,31.361],[-88.525,31.356],[-88.475,31.351],[-88.425,31.346],[-88.375,31.341],[-88.325,31.335],[-88.275,31.329],[-88.245,31.325],[-88.225,31.323],[-88.175,31.316],[-88.125,31.309],[-88.075,31.302],[-88.025,31.295],[-87.975,31.288],[-87.925,31.28],[-87.891,31.275],[-87.875,31.273],[-87.825,31.265],[-87.775,31.257],[-87.725,31.249],[-87.675,31.241],[-87.625,31.233],[-87.575,31.225],[-87.575,31.225],[-87.525,31.217],[-87.475,31.21],[-87.425,31.202],[-87.375,31.195],[-87.325,31.188],[-87.275,31.182],[-87.225,31.176],[-87.219,31.175],[-87.175,31.17],[-87.125,31.165],[-87.075,31.161],[-87.025,31.157],[-86.975,31.154],[-86.925,31.152],[-86.875,31.15],[-86.825,31.15],[-86.775,31.15],[-86.725,31.151],[-86.675,31.153],[-86.625,31.155],[-86.575,31.159],[-86.525,31.163],[-86.475,31.168],[-86.425,31.174],[-86.414,31.175],[-86.375,31.18],[-86.325,31.187],[-86.275,31.194],[-86.225,31.201],[-86.175,31.209],[-86.125,31.217],[-86.076,31.225],[-86.075,31.225],[-86.025,31.233],[-85.975,31.242],[-85.925,31.25],[-85.875,31.258],[-85.825,31.266],[-85.775,31.275],[-85.772,31.275],[-85.725,31.283],[-85.675,31.291],[-85.625,31.298],[-85.575,31.306],[-85.525,31.314],[-85.475,31.322],[-85.457,31.325],[-85.425,31.33],[-85.375,31.338],[-85.325,31.347],[-85.275,31.355],[-85.225,31.364],[-85.175,31.372],[-85.159,31.375],[-85.125,31.381],[-85.075,31.389],[-85.025,31.398],[-84.975,31.406],[-84.925,31.415],[-84.875,31.424],[-84.867,31.425],[-84.825,31.432],[-84.775,31.441],[-84.725,31.45],[-84.675,31.458],[-84.625,31.467],[-84.582,31.475],[-84.575,31.476],[-84.525,31.485],[-84.475,31.495],[-84.425,31.504],[-84.375,31.514],[-84.325,31.524],[-84.319,31.525],[-84.275,31.534],[-84.225,31.544],[-84.175,31.556],[-84.125,31.567],[-84.092,31.575],[-84.075,31.579],[-84.025,31.591],[-83.975,31.604],[-83.925,31.616],[-83.892,31.625],[-83.875,31.629],[-83.825,31.642],[-83.775,31.656],[-83.725,31.669],[-83.703,31.675],[-83.675,31.683],[-83.625,31.696],[-83.575,31.71],[-83.525,31.723],[-83.519,31.725],[-83.475,31.737],[-83.425,31.75],[-83.375,31.764],[-83.333,31.775],[-83.325,31.777],[-83.275,31.79],[-83.225,31.803],[-83.175,31.816],[-83.142,31.825],[-83.125,31.829],[-83.075,31.842],[-83.025,31.854],[-82.975,31.867],[-82.942,31.875],[-82.925,31.879],[-82.875,31.891],[-82.825,31.903],[-82.775,31.914],[-82.728,31.925],[-82.725,31.926],[-82.675,31.937],[-82.625,31.948],[-82.575,31.959],[-82.525,31.969],[-82.497,31.975],[-82.475,31.979],[-82.425,31.99],[-82.375,32.0],[-82.325,32.01],[-82.275,32.019],[-82.246,32.025],[-82.225,32.029],[-82.175,32.039],[-82.125,32.049],[-82.075,32.059],[-82.025,32.069],[-81.996,32.075],[-81.975,32.079],[-81.925,32.09],[-81.875,32.101],[-81.825,32.112],[-81.775,32.124],[-81.773,32.125],[-81.725,32.137],[-81.675,32.15],[-81.625,32.163],[-81.582,32.175],[-81.575,32.177],[-81.525,32.191],[-81.475,32.206],[-81.425,32.221],[-81.41,32.225],[-81.375,32.236],[-81.325,32.251],[-81.275,32.266],[-81.247,32.275],[-81.225,32.282],[-81.175,32.297],[-81.125,32.312],[-81.084,32.325],[-81.075,32.328],[-81.025,32.343],[-80.975,32.359],[-80.925,32.374],[-80.923,32.375],[-80.875,32.39],[-80.825,32.406],[-80.779,32.421]],[[-93.025,32.176],[-93.022,32.175],[-92.975,32.16],[-92.925,32.145],[-92.875,32.13],[-92.859,32.125],[-92.825,32.115],[-92.775,32.1],[-92.725,32.085],[-92.69,32.075],[-92.675,32.071],[-92.625,32.057],[-92.575,32.043],[-92.525,32.029],[-92.509,32.025],[-92.475,32.016],[-92.425,32.003],[-92.375,31.99],[-92.325,31.977],[-92.316,31.975],[-92.275,31.965],[-92.225,31.953],[-92.175,31.941],[-92.125,31.929],[-92.108,31.925],[-92.075,31.917],[-92.025,31.906],[-91.975,31.894],[-91.925,31.883],[-91.889,31.875],[-91.875,31.872]],[[-80.773,32.423],[-80.766,32.425],[-80.725,32.438],[-80.706,32.444]],[[-80.659,32.459],[-80.625,32.469],[-80.605,32.475],[-80.575,32.484],[-80.543,32.493]],[[-80.437,32.525],[-80.425,32.528],[-80.375,32.543],[-80.325,32.557],[-80.275,32.57],[-80.257,32.575],[-80.225,32.583],[-80.175,32.596],[-80.148,32.602]],[[-80.042,32.625],[-80.025,32.628],[-80.021,32.629]]]}},{"type":"Feature","properties":{"date":"2024-03-15","label":"15 Mar","yday":75,"tier":"index","major":true},"geometry":{"type":"MultiLineString","coordinates":[[[-90.972,31.878],[-90.957,31.875],[-90.925,31.867],[-90.875,31.855],[-90.825,31.844],[-90.775,31.832],[-90.744,31.825],[-90.725,31.821],[-90.675,31.809],[-90.625,31.798],[-90.575,31.788],[-90.525,31.777],[-90.515,31.775],[-90.475,31.767],[-90.425,31.757],[-90.375,31.747],[-90.325,31.738],[-90.275,31.729],[-90.252,31.725],[-90.225,31.72],[-90.175,31.712],[-90.125,31.704],[-90.075,31.696],[-90.025,31.689],[-89.975,31.681],[-89.932,31.675],[-89.925,31.674],[-89.875,31.667],[-89.825,31.66],[-89.775,31.654],[-89.725,31.647],[-89.675,31.641],[-89.625,31.635],[-89.575,31.628],[-89.546,31.625],[-89.525,31.622],[-89.475,31.617],[-89.425,31.611],[-89.375,31.606],[-89.325,31.601],[-89.275,31.596],[-89.225,31.591],[-89.175,31.587],[-89.125,31.582],[-89.075,31.578],[-89.038,31.575],[-89.025,31.574],[-88.975,31.57],[-88.925,31.565],[-88.875,31.561],[-88.825,31.557],[-88.775,31.552],[-88.725,31.547],[-88.675,31.542],[-88.625,31.537],[-88.575,31.532],[-88.525,31.527],[-88.511,31.525],[-88.475,31.521],[-88.425,31.515],[-88.375,31.509],[-88.325,31.503],[-88.275,31.496],[-88.225,31.489],[-88.175,31.483],[-88.125,31.475],[-88.123,31.475],[-88.075,31.468],[-88.025,31.46],[-87.975,31.453],[-87.925,31.445],[-87.875,31.437],[-87.825,31.429],[-87.803,31.425],[-87.775,31.42],[-87.725,31.412],[-87.675,31.404],[-87.625,31.396],[-87.575,31.388],[-87.525,31.38],[-87.495,31.375],[-87.475,31.372],[-87.425,31.364],[-87.375,31.357],[-87.325,31.35],[-87.275,31.343],[-87.225,31.337],[-87.175,31.332],[-87.125,31.326],[-87.109,31.325],[-87.075,31.322],[-87.025,31.318],[-86.975,31.315],[-86.925,31.313],[-86.875,31.312],[-86.825,31.311],[-86.775,31.312],[-86.725,31.313],[-86.675,31.315],[-86.625,31.318],[-86.575,31.322],[-86.543,31.325],[-86.525,31.327],[-86.475,31.332],[-86.425,31.339],[-86.375,31.346],[-86.325,31.354],[-86.275,31.362],[-86.225,31.371],[-86.203,31.375],[-86.175,31.38],[-86.125,31.39],[-86.075,31.399],[-86.025,31.408],[-85.975,31.418],[-85.936,31.425],[-85.925,31.427],[-85.875,31.436],[-85.825,31.445],[-85.775,31.453],[-85.725,31.461],[-85.675,31.469],[-85.638,31.475],[-85.625,31.477],[-85.575,31.485],[-85.525,31.492],[-85.475,31.5],[-85.425,31.508],[-85.375,31.515],[-85.325,31.523],[-85.311,31.525],[-85.275,31.53],[-85.225,31.538],[-85.175,31.546],[-85.125,31.553],[-85.075,31.561],[-85.025,31.569],[-84.986,31.575],[-84.975,31.577],[-84.925,31.584],[-84.875,31.592],[-84.825,31.6],[-84.775,31.608],[-84.725,31.616],[-84.675,31.624],[-84.671,31.625],[-84.625,31.633],[-84.575,31.641],[-84.525,31.65],[-84.475,31.658],[-84.425,31.668],[-84.386,31.675],[-84.375,31.677],[-84.325,31.687],[-84.275,31.697],[-84.225,31.707],[-84.175,31.718],[-84.142,31.725],[-84.125,31.729],[-84.075,31.74],[-84.025,31.752],[-83.975,31.764],[-83.929,31.775],[-83.925,31.776],[-83.875,31.788],[-83.825,31.801],[-83.775,31.813],[-83.729,31.825],[-83.725,31.826],[-83.675,31.839],[-83.625,31.851],[-83.575,31.864],[-83.534,31.875],[-83.525,31.877],[-83.475,31.89],[-83.425,31.903],[-83.375,31.915],[-83.337,31.925],[-83.325,31.928],[-83.275,31.94],[-83.225,31.953],[-83.175,31.965],[-83.134,31.975],[-83.125,31.977],[-83.075,31.989],[-83.025,32.001],[-82.975,32.012],[-82.925,32.024],[-82.92,32.025],[-82.875,32.035],[-82.825,32.046],[-82.775,32.057],[-82.725,32.068],[-82.69,32.075],[-82.675,32.078],[-82.625,32.089],[-82.575,32.099],[-82.525,32.109],[-82.475,32.119],[-82.445,32.125],[-82.425,32.129],[-82.375,32.139],[-82.325,32.148],[-82.275,32.158],[-82.225,32.167],[-82.185,32.175],[-82.175,32.177],[-82.125,32.187],[-82.075,32.197],[-82.025,32.207],[-81.975,32.217],[-81.939,32.225],[-81.925,32.228],[-81.875,32.239],[-81.825,32.251],[-81.775,32.263],[-81.725,32.275],[-81.725,32.275],[-81.675,32.288],[-81.625,32.301],[-81.575,32.315],[-81.539,32.325],[-81.525,32.329],[-81.475,32.343],[-81.425,32.358],[-81.375,32.373],[-81.367,32.375],[-81.325,32.388],[-81.275,32.403],[-81.225,32.418],[-81.204,32.425],[-81.175,32.434],[-81.125,32.45],[-81.075,32.466],[-81.045,32.475],[-81.025,32.482],[-80.975,32.498],[-80.925,32.514],[-80.891,32.525],[-80.875,32.53],[-80.825,32.546],[-80.775,32.562],[-80.736,32.575],[-80.725,32.578],[-80.675,32.594],[-80.625,32.609],[-80.575,32.625],[-80.574,32.625],[-80.525,32.64],[-80.475,32.655],[-80.425,32.669],[-80.406,32.675],[-80.375,32.684],[-80.325,32.698],[-80.275,32.712],[-80.225,32.725],[-80.224,32.725],[-80.175,32.737],[-80.125,32.749],[-80.075,32.759],[-80.025,32.768],[-79.984,32.775],[-79.975,32.777]],[[-92.611,32.275],[-92.575,32.266],[-92.525,32.253],[-92.475,32.24],[-92.425,32.228],[-92.413,32.225],[-92.375,32.216],[-92.325,32.203],[-92.275,32.191],[-92.225,32.179],[-92.206,32.175],[-92.175,32.168],[-92.125,32.156],[-92.075,32.144],[-92.034,32.134]],[[-79.843,32.793],[-79.825,32.794],[-79.804,32.796]]]}},{"type":"Feature","properties":{"date":"2024-03-16","label":"16 Mar","yday":76,"tier":"day","major":false},"geometry":{"type":"MultiLineString","coordinates":[[[-90.758,32.042],[-90.725,32.035],[-90.685,32.025],[-90.675,32.023],[-90.625,32.011],[-90.575,32.0],[-90.525,31.988],[-90.475,31.977],[-90.464,31.975],[-90.425,31.967],[-90.375,31.957],[-90.325,31.947],[-90.275,31.937],[-90.225,31.928],[-90.211,31.925],[-90.175,31.919],[-90.125,31.91],[-90.075,31.901],[-90.025,31.893],[-89.975,31.885],[-89.925,31.877],[-89.914,31.875],[-89.875,31.869],[-89.825,31.861],[-89.775,31.854],[-89.725,31.847],[-89.675,31.839],[-89.625,31.832],[-89.575,31.825],[-89.572,31.825],[-89.525,31.819],[-89.475,31.812],[-89.425,31.806],[-89.375,31.799],[-89.325,31.793],[-89.275,31.787],[-89.225,31.781],[-89.175,31.776],[-89.169,31.775],[-89.125,31.77],[-89.075,31.765],[-89.025,31.759],[-88.975,31.754],[-88.925,31.749],[-88.875,31.743],[-88.825,31.738],[-88.775,31.732],[-88.725,31.727],[-88.709,31.725],[-88.675,31.721],[-88.625,31.715],[-88.575,31.709],[-88.525,31.703],[-88.475,31.697],[-88.425,31.69],[-88.375,31.684],[-88.325,31.677],[-88.314,31.675],[-88.275,31.67],[-88.225,31.662],[-88.175,31.655],[-88.125,31.647],[-88.075,31.639],[-88.025,31.631],[-87.988,31.625],[-87.975,31.623],[-87.925,31.615],[-87.875,31.606],[-87.825,31.598],[-87.775,31.589],[-87.725,31.581],[-87.692,31.575],[-87.675,31.572],[-87.625,31.564],[-87.575,31.555],[-87.525,31.547],[-87.475,31.539],[-87.425,31.531],[-87.387,31.525],[-87.375,31.523],[-87.325,31.516],[-87.275,31.509],[-87.225,31.502],[-87.175,31.496],[-87.125,31.491],[-87.075,31.486],[-87.025,31.482],[-86.975,31.479],[-86.925,31.477],[-86.875,31.475],[-86.872,31.475],[-86.825,31.474],[-86.775,31.475],[-86.768,31.475],[-86.725,31.476],[-86.675,31.479],[-86.625,31.482],[-86.575,31.487],[-86.525,31.492],[-86.475,31.499],[-86.425,31.507],[-86.375,31.515],[-86.325,31.524],[-86.322,31.525],[-86.275,31.534],[-86.225,31.545],[-86.175,31.555],[-86.125,31.566],[-86.084,31.575],[-86.075,31.577],[-86.025,31.587],[-85.975,31.597],[-85.925,31.607],[-85.875,31.616],[-85.825,31.624],[-85.819,31.625],[-85.775,31.632],[-85.725,31.639],[-85.675,31.646],[-85.625,31.653],[-85.575,31.66],[-85.525,31.667],[-85.475,31.673],[-85.463,31.675],[-85.425,31.68],[-85.375,31.687],[-85.325,31.693],[-85.275,31.7],[-85.225,31.707],[-85.175,31.713],[-85.125,31.72],[-85.09,31.725],[-85.075,31.727],[-85.025,31.734],[-84.975,31.741],[-84.925,31.747],[-84.875,31.754],[-84.825,31.762],[-84.775,31.769],[-84.733,31.775],[-84.725,31.776],[-84.675,31.784],[-84.625,31.791],[-84.575,31.799],[-84.525,31.808],[-84.475,31.816],[-84.425,31.825],[-84.424,31.825],[-84.375,31.834],[-84.325,31.843],[-84.275,31.853],[-84.225,31.863],[-84.175,31.873],[-84.165,31.875],[-84.125,31.883],[-84.075,31.894],[-84.025,31.905],[-83.975,31.917],[-83.939,31.925],[-83.925,31.928],[-83.875,31.94],[-83.825,31.952],[-83.775,31.964],[-83.729,31.975],[-83.725,31.976],[-83.675,31.988],[-83.625,32.0],[-83.575,32.012],[-83.525,32.025],[-83.523,32.025],[-83.475,32.037],[-83.425,32.049],[-83.375,32.061],[-83.325,32.072],[-83.314,32.075],[-83.275,32.084],[-83.225,32.096],[-83.175,32.107],[-83.125,32.119],[-83.096,32.125],[-83.075,32.13],[-83.025,32.141],[-82.975,32.151],[-82.925,32.162],[-82.875,32.173],[-82.863,32.175],[-82.825,32.183],[-82.775,32.193],[-82.725,32.203],[-82.675,32.213],[-82.625,32.223],[-82.614,32.225],[-82.575,32.232],[-82.525,32.242],[-82.475,32.252],[-82.425,32.261],[-82.375,32.271],[-82.351,32.275],[-82.325,32.28],[-82.275,32.289],[-82.225,32.298],[-82.175,32.308],[-82.125,32.318],[-82.088,32.325],[-82.075,32.328],[-82.025,32.338],[-81.975,32.348],[-81.925,32.359],[-81.875,32.37],[-81.855,32.375],[-81.825,32.382],[-81.775,32.394],[-81.725,32.406],[-81.675,32.419],[-81.653,32.425],[-81.625,32.432],[-81.575,32.446],[-81.525,32.46],[-81.475,32.474],[-81.472,32.475],[-81.425,32.489],[-81.375,32.504],[-81.325,32.519],[-81.305,32.525],[-81.275,32.534],[-81.225,32.55],[-81.175,32.566],[-81.146,32.575],[-81.125,32.582],[-81.075,32.598],[-81.025,32.614],[-80.993,32.625],[-80.975,32.631],[-80.925,32.647],[-80.875,32.664],[-80.84,32.675],[-80.825,32.68],[-80.775,32.696],[-80.725,32.712],[-80.684,32.725],[-80.675,32.728],[-80.625,32.743],[-80.575,32.759],[-80.525,32.775],[-80.524,32.775],[-80.475,32.79],[-80.425,32.805],[-80.375,32.82],[-80.356,32.825],[-80.325,32.834],[-80.275,32.847],[-80.225,32.86],[-80.175,32.872],[-80.161,32.875],[-80.125,32.883],[-80.075,32.893],[-80.025,32.901],[-79.975,32.908],[-79.925,32.914],[-79.875,32.919],[-79.825,32.924],[-79.812,32.925],[-79.775,32.928],[-79.725,32.931],[-79.675,32.935],[-79.625,32.938]]]}},{"type":"Feature","properties":{"date":"2024-03-17","label":"17 Mar","yday":77,"tier":"day","major":false},"geometry":{"type":"MultiLineString","coordinates":[[[-90.418,32.182],[-90.387,32.175],[-90.375,32.172],[-90.325,32.162],[-90.275,32.152],[-90.225,32.142],[-90.175,32.133],[-90.134,32.125],[-90.125,32.123],[-90.075,32.115],[-90.025,32.106],[-89.975,32.097],[-89.925,32.089],[-89.875,32.08],[-89.845,32.075],[-89.825,32.072],[-89.775,32.063],[-89.725,32.055],[-89.675,32.047],[-89.625,32.039],[-89.575,32.031],[-89.534,32.025],[-89.525,32.024],[-89.475,32.016],[-89.425,32.009],[-89.375,32.001],[-89.325,31.994],[-89.275,31.987],[-89.225,31.98],[-89.19,31.975],[-89.175,31.973],[-89.125,31.966],[-89.075,31.96],[-89.025,31.953],[-88.975,31.946],[-88.925,31.94],[-88.875,31.933],[-88.825,31.927],[-88.81,31.925],[-88.775,31.921],[-88.725,31.914],[-88.675,31.907],[-88.625,31.901],[-88.575,31.894],[-88.525,31.887],[-88.475,31.88],[-88.442,31.875],[-88.425,31.873],[-88.375,31.865],[-88.325,31.858],[-88.275,31.85],[-88.225,31.842],[-88.175,31.834],[-88.125,31.825],[-88.123,31.825],[-88.075,31.817],[-88.025,31.808],[-87.975,31.8],[-87.925,31.791],[-87.875,31.782],[-87.836,31.775],[-87.825,31.773],[-87.775,31.764],[-87.725,31.755],[-87.675,31.746],[-87.625,31.738],[-87.575,31.729],[-87.554,31.725],[-87.525,31.72],[-87.475,31.712],[-87.425,31.703],[-87.375,31.695],[-87.325,31.688],[-87.275,31.68],[-87.237,31.675],[-87.225,31.673],[-87.175,31.667],[-87.125,31.661],[-87.075,31.656],[-87.025,31.651],[-86.975,31.647],[-86.925,31.644],[-86.875,31.642],[-86.825,31.641],[-86.775,31.641],[-86.725,31.642],[-86.675,31.644],[-86.625,31.648],[-86.575,31.653],[-86.525,31.66],[-86.475,31.668],[-86.436,31.675],[-86.425,31.677],[-86.375,31.687],[-86.325,31.698],[-86.275,31.71],[-86.225,31.722],[-86.213,31.725],[-86.175,31.734],[-86.125,31.746],[-86.075,31.757],[-86.025,31.768],[-85.988,31.775],[-85.975,31.777],[-85.925,31.786],[-85.875,31.793],[-85.825,31.799],[-85.775,31.806],[-85.725,31.811],[-85.675,31.817],[-85.625,31.822],[-85.602,31.825],[-85.575,31.828],[-85.525,31.833],[-85.475,31.839],[-85.425,31.844],[-85.375,31.85],[-85.325,31.855],[-85.275,31.861],[-85.225,31.867],[-85.175,31.873],[-85.16,31.875],[-85.125,31.879],[-85.075,31.885],[-85.025,31.891],[-84.975,31.897],[-84.925,31.903],[-84.875,31.909],[-84.825,31.916],[-84.775,31.922],[-84.755,31.925],[-84.725,31.929],[-84.675,31.936],[-84.625,31.943],[-84.575,31.951],[-84.525,31.958],[-84.475,31.967],[-84.425,31.975],[-84.425,31.975],[-84.375,31.984],[-84.325,31.992],[-84.275,32.002],[-84.225,32.011],[-84.175,32.021],[-84.155,32.025],[-84.125,32.031],[-84.075,32.041],[-84.025,32.052],[-83.975,32.063],[-83.925,32.074],[-83.92,32.075],[-83.875,32.085],[-83.825,32.096],[-83.775,32.108],[-83.725,32.119],[-83.7,32.125],[-83.675,32.131],[-83.625,32.142],[-83.575,32.154],[-83.525,32.165],[-83.483,32.175],[-83.475,32.177],[-83.425,32.188],[-83.375,32.199],[-83.325,32.211],[-83.275,32.222],[-83.26,32.225],[-83.225,32.232],[-83.175,32.243],[-83.125,32.254],[-83.075,32.264],[-83.025,32.274],[-83.022,32.275],[-82.975,32.284],[-82.925,32.294],[-82.875,32.304],[-82.825,32.313],[-82.775,32.323],[-82.764,32.325],[-82.725,32.332],[-82.675,32.341],[-82.625,32.351],[-82.575,32.36],[-82.525,32.369],[-82.491,32.375],[-82.475,32.378],[-82.425,32.387],[-82.375,32.396],[-82.325,32.405],[-82.275,32.414],[-82.225,32.423],[-82.217,32.425],[-82.175,32.433],[-82.125,32.443],[-82.075,32.452],[-82.025,32.463],[-81.975,32.473],[-81.968,32.475],[-81.925,32.484],[-81.875,32.495],[-81.825,32.507],[-81.775,32.519],[-81.752,32.525],[-81.725,32.532],[-81.675,32.544],[-81.625,32.558],[-81.575,32.571],[-81.562,32.575],[-81.525,32.585],[-81.475,32.6],[-81.425,32.615],[-81.391,32.625],[-81.375,32.63],[-81.325,32.645],[-81.275,32.661],[-81.231,32.675],[-81.225,32.677],[-81.175,32.693],[-81.125,32.71],[-81.079,32.725],[-81.075,32.726],[-81.025,32.743],[-80.975,32.76],[-80.93,32.775],[-80.925,32.777],[-80.875,32.793],[-80.825,32.81],[-80.779,32.825],[-80.775,32.826],[-80.725,32.842],[-80.675,32.858],[-80.625,32.874],[-80.623,32.875],[-80.575,32.89],[-80.525,32.906],[-80.475,32.922],[-80.464,32.925],[-80.425,32.937],[-80.375,32.951],[-80.325,32.965],[-80.285,32.975],[-80.275,32.977],[-80.225,32.989],[-80.175,33.0],[-80.125,33.01],[-80.075,33.019],[-80.034,33.025],[-80.025,33.026],[-79.975,33.033],[-79.925,33.039],[-79.875,33.043],[-79.825,33.048],[-79.775,33.052],[-79.725,33.055],[-79.675,33.058],[-79.625,33.061],[-79.575,33.064],[-79.534,33.066]],[[-79.517,33.067],[-79.475,33.07],[-79.425,33.073],[-79.388,33.075],[-79.375,33.076],[-79.374,33.076]]]}},{"type":"Feature","properties":{"date":"2024-03-18","label":"18 Mar","yday":78,"tier":"day","major":false},"geometry":{"type":"MultiLineString","coordinates":[[[-87.662,31.925],[-87.625,31.918],[-87.575,31.909],[-87.525,31.9],[-87.475,31.892],[-87.425,31.883],[-87.376,31.875],[-87.375,31.875],[-87.325,31.867],[-87.275,31.859],[-87.225,31.852],[-87.175,31.845],[-87.125,31.839],[-87.075,31.833],[-87.025,31.828],[-86.992,31.825],[-86.975,31.824],[-86.925,31.82],[-86.875,31.817],[-86.825,31.815],[-86.775,31.814],[-86.725,31.814],[-86.675,31.816],[-86.625,31.819],[-86.575,31.825],[-86.573,31.825],[-86.525,31.833],[-86.475,31.843],[-86.425,31.853],[-86.375,31.865],[-86.331,31.875],[-86.325,31.876],[-86.275,31.888],[-86.225,31.9],[-86.175,31.911],[-86.125,31.922],[-86.108,31.925],[-86.075,31.931],[-86.025,31.94],[-85.975,31.947],[-85.925,31.953],[-85.875,31.959],[-85.825,31.964],[-85.775,31.968],[-85.725,31.973],[-85.7,31.975],[-85.675,31.977],[-85.625,31.981],[-85.575,31.985],[-85.525,31.99],[-85.475,31.994],[-85.425,31.999],[-85.375,32.003],[-85.325,32.008],[-85.275,32.013],[-85.225,32.018],[-85.175,32.024],[-85.162,32.025],[-85.125,32.029],[-85.075,32.034],[-85.025,32.039],[-84.975,32.045],[-84.925,32.05],[-84.875,32.056],[-84.825,32.062],[-84.775,32.068],[-84.725,32.075],[-84.722,32.075],[-84.675,32.081],[-84.625,32.088],[-84.575,32.095],[-84.525,32.102],[-84.475,32.11],[-84.425,32.118],[-84.383,32.125],[-84.375,32.126],[-84.325,32.135],[-84.275,32.144],[-84.225,32.153],[-84.175,32.162],[-84.125,32.172],[-84.109,32.175],[-84.075,32.182],[-84.025,32.192],[-83.975,32.202],[-83.925,32.213],[-83.875,32.223],[-83.868,32.225],[-83.825,32.234],[-83.775,32.245],[-83.725,32.256],[-83.675,32.267],[-83.641,32.275],[-83.625,32.278],[-83.575,32.289],[-83.525,32.3],[-83.475,32.311],[-83.425,32.322],[-83.41,32.325],[-83.375,32.332],[-83.325,32.343],[-83.275,32.353],[-83.225,32.363],[-83.175,32.373],[-83.166,32.375],[-83.125,32.383],[-83.075,32.393],[-83.025,32.402],[-82.975,32.412],[-82.925,32.421],[-82.902,32.425],[-82.875,32.43],[-82.825,32.439],[-82.775,32.447],[-82.725,32.456],[-82.675,32.465],[-82.625,32.473],[-82.614,32.475],[-82.575,32.482],[-82.525,32.49],[-82.475,32.499],[-82.425,32.508],[-82.375,32.516],[-82.327,32.525],[-82.325,32.525],[-82.275,32.534],[-82.225,32.543],[-82.175,32.553],[-82.125,32.563],[-82.075,32.573],[-82.064,32.575],[-82.025,32.583],[-81.975,32.593],[-81.925,32.604],[-81.875,32.616],[-81.836,32.625],[-81.825,32.628],[-81.775,32.64],[-81.725,32.652],[-81.675,32.665],[-81.639,32.675],[-81.625,32.679],[-81.575,32.692],[-81.525,32.707],[-81.475,32.721],[-81.463,32.725],[-81.425,32.736],[-81.375,32.752],[-81.325,32.768],[-81.303,32.775],[-81.275,32.784],[-81.225,32.801],[-81.175,32.817],[-81.153,32.825],[-81.125,32.835],[-81.075,32.852],[-81.025,32.869],[-81.009,32.875],[-80.975,32.887],[-80.925,32.904],[-80.875,32.922],[-80.865,32.925],[-80.825,32.939],[-80.775,32.956],[-80.725,32.972],[-80.717,32.975],[-80.675,32.989],[-80.625,33.005],[-80.575,33.022],[-80.564,33.025],[-80.525,33.037],[-80.475,33.052],[-80.425,33.066],[-80.393,33.075],[-80.375,33.08],[-80.325,33.092],[-80.275,33.104],[-80.225,33.114],[-80.175,33.124],[-80.17,33.125],[-80.125,33.133],[-80.075,33.141],[-80.025,33.148],[-79.975,33.154],[-79.925,33.159],[-79.875,33.164],[-79.825,33.169],[-79.775,33.172],[-79.739,33.175],[-79.725,33.176],[-79.675,33.179],[-79.625,33.182],[-79.575,33.185],[-79.525,33.189],[-79.475,33.192],[-79.425,33.195],[-79.375,33.198],[-79.325,33.202],[-79.275,33.206],[-79.225,33.211]],[[-89.387,32.213],[-89.375,32.211],[-89.325,32.202],[-89.275,32.194],[-89.225,32.186],[-89.175,32.178],[-89.158,32.175],[-89.125,32.17],[-89.075,32.162],[-89.025,32.154],[-88.975,32.146],[-88.925,32.139],[-88.875,32.131],[-88.835,32.125],[-88.825,32.123],[-88.775,32.116],[-88.725,32.109],[-88.675,32.101],[-88.625,32.094],[-88.575,32.086],[-88.525,32.078],[-88.504,32.075],[-88.475,32.071],[-88.425,32.063],[-88.375,32.054],[-88.325,32.046],[-88.275,32.037],[-88.225,32.029],[-88.205,32.025],[-88.175,32.02],[-88.125,32.011],[-88.075,32.002],[-88.025,31.993],[-87.975,31.983],[-87.931,31.975],[-87.925,31.974],[-87.875,31.965],[-87.825,31.955],[-87.775,31.946],[-87.739,31.939]],[[-89.939,32.311],[-89.925,32.309],[-89.875,32.3],[-89.825,32.29],[-89.775,32.281],[-89.741,32.275],[-89.725,32.272],[-89.675,32.263],[-89.625,32.254],[-89.575,32.245]]]}},{"type":"Feature","properties":{"date":"2024-03-19","label":"19 Mar","yday":79,"tier":"day","major":false},"geometry":{"type":"MultiLineString","coordinates":[[[-85.619,32.131],[-85.575,32.134],[-85.525,32.137],[-85.475,32.141],[-85.425,32.144],[-85.375,32.148],[-85.325,32.152],[-85.275,32.157],[-85.225,32.161],[-85.175,32.166],[-85.125,32.17],[-85.078,32.175],[-85.075,32.175],[-85.025,32.18],[-84.975,32.185],[-84.925,32.191],[-84.875,32.196],[-84.825,32.202],[-84.775,32.208],[-84.725,32.214],[-84.675,32.22],[-84.636,32.225],[-84.625,32.226],[-84.575,32.233],[-84.525,32.24],[-84.475,32.247],[-84.425,32.255],[-84.375,32.263],[-84.325,32.271],[-84.301,32.275],[-84.275,32.279],[-84.225,32.288],[-84.175,32.297],[-84.125,32.306],[-84.075,32.316],[-84.028,32.325],[-84.025,32.326],[-83.975,32.335],[-83.925,32.346],[-83.875,32.356],[-83.825,32.366],[-83.784,32.375],[-83.775,32.377],[-83.725,32.387],[-83.675,32.398],[-83.625,32.409],[-83.575,32.419],[-83.547,32.425],[-83.525,32.43],[-83.475,32.44],[-83.425,32.45],[-83.375,32.46],[-83.325,32.469],[-83.296,32.475],[-83.275,32.479],[-83.225,32.488],[-83.175,32.498],[-83.125,32.507],[-83.075,32.516],[-83.025,32.525],[-83.025,32.525],[-82.975,32.534],[-82.925,32.542],[-82.875,32.55],[-82.825,32.558],[-82.775,32.567],[-82.725,32.575],[-82.724,32.575],[-82.675,32.583],[-82.625,32.591],[-82.575,32.599],[-82.525,32.607],[-82.475,32.616],[-82.425,32.624],[-82.42,32.625],[-82.375,32.633],[-82.325,32.641],[-82.275,32.65],[-82.225,32.66],[-82.175,32.669],[-82.144,32.675],[-82.125,32.679],[-82.075,32.689],[-82.025,32.699],[-81.975,32.71],[-81.925,32.721],[-81.907,32.725],[-81.875,32.732],[-81.825,32.744],[-81.775,32.756],[-81.725,32.769],[-81.703,32.775],[-81.675,32.782],[-81.625,32.796],[-81.575,32.81],[-81.525,32.825],[-81.524,32.825],[-81.475,32.84],[-81.425,32.855],[-81.375,32.871],[-81.364,32.875],[-81.325,32.888],[-81.275,32.905],[-81.225,32.922],[-81.217,32.925],[-81.175,32.94],[-81.125,32.958],[-81.078,32.975],[-81.075,32.976],[-81.025,32.995],[-80.975,33.013],[-80.943,33.025],[-80.925,33.032],[-80.875,33.05],[-80.825,33.068],[-80.806,33.075],[-80.775,33.086],[-80.725,33.104],[-80.675,33.12],[-80.661,33.125],[-80.625,33.137],[-80.575,33.152],[-80.525,33.167],[-80.496,33.175],[-80.475,33.181],[-80.425,33.194],[-80.375,33.206],[-80.325,33.217],[-80.289,33.225],[-80.275,33.228],[-80.225,33.237],[-80.175,33.246],[-80.125,33.254],[-80.075,33.261],[-80.025,33.268],[-79.975,33.273],[-79.96,33.275],[-79.925,33.279],[-79.875,33.283],[-79.825,33.288],[-79.775,33.292],[-79.725,33.296],[-79.675,33.299],[-79.625,33.303],[-79.575,33.306],[-79.525,33.31],[-79.475,33.314],[-79.425,33.317],[-79.375,33.321],[-79.333,33.325],[-79.325,33.326],[-79.324,33.326]],[[-89.206,32.394],[-89.175,32.389],[-89.125,32.38],[-89.099,32.375],[-89.075,32.371],[-89.025,32.362],[-88.975,32.353],[-88.925,32.344],[-88.875,32.335],[-88.825,32.327],[-88.815,32.325],[-88.775,32.318],[-88.725,32.31],[-88.675,32.302],[-88.625,32.294],[-88.575,32.286],[-88.525,32.277],[-88.512,32.275],[-88.475,32.269],[-88.425,32.26],[-88.375,32.251],[-88.325,32.241],[-88.275,32.232],[-88.24,32.225],[-88.225,32.222],[-88.175,32.212],[-88.125,32.203],[-88.097,32.197]],[[-79.235,33.335],[-79.225,33.336],[-79.175,33.343]]]}},{"type":"Feature","properties":{"date":"2024-03-20","label":"20 Mar","yday":80,"tier":"five","major":false},"geometry":{"type":"MultiLineString","coordinates":[[[-87.175,32.225],[-87.171,32.225],[-87.125,32.22],[-87.075,32.215],[-87.025,32.211],[-86.975,32.207],[-86.945,32.205]],[[-85.576,32.276],[-85.575,32.276],[-85.525,32.278],[-85.475,32.281],[-85.425,32.284],[-85.375,32.287],[-85.325,32.29],[-85.275,32.294],[-85.225,32.298],[-85.175,32.302],[-85.125,32.306],[-85.075,32.311],[-85.025,32.316],[-84.975,32.321],[-84.933,32.325],[-84.925,32.326],[-84.875,32.331],[-84.825,32.336],[-84.775,32.342],[-84.725,32.347],[-84.675,32.353],[-84.625,32.359],[-84.575,32.366],[-84.525,32.372],[-84.505,32.375],[-84.475,32.379],[-84.425,32.386],[-84.375,32.394],[-84.325,32.401],[-84.275,32.409],[-84.225,32.418],[-84.182,32.425],[-84.175,32.426],[-84.125,32.435],[-84.075,32.444],[-84.025,32.453],[-83.975,32.463],[-83.925,32.473],[-83.914,32.475],[-83.875,32.483],[-83.825,32.493],[-83.775,32.503],[-83.725,32.513],[-83.675,32.523],[-83.668,32.525],[-83.625,32.534],[-83.575,32.544],[-83.525,32.553],[-83.475,32.563],[-83.425,32.572],[-83.41,32.575],[-83.375,32.581],[-83.325,32.59],[-83.275,32.599],[-83.225,32.608],[-83.175,32.617],[-83.128,32.625],[-83.125,32.625],[-83.075,32.634],[-83.025,32.642],[-82.975,32.65],[-82.925,32.658],[-82.875,32.666],[-82.825,32.674],[-82.818,32.675],[-82.775,32.682],[-82.725,32.689],[-82.675,32.697],[-82.625,32.705],[-82.575,32.713],[-82.525,32.721],[-82.5,32.725],[-82.475,32.729],[-82.425,32.737],[-82.375,32.746],[-82.325,32.754],[-82.275,32.763],[-82.225,32.772],[-82.212,32.775],[-82.175,32.782],[-82.125,32.792],[-82.075,32.802],[-82.025,32.812],[-81.975,32.823],[-81.966,32.825],[-81.925,32.834],[-81.875,32.846],[-81.825,32.858],[-81.775,32.87],[-81.757,32.875],[-81.725,32.883],[-81.675,32.897],[-81.625,32.911],[-81.575,32.925],[-81.575,32.925],[-81.525,32.94],[-81.475,32.956],[-81.425,32.972],[-81.415,32.975],[-81.375,32.988],[-81.325,33.006],[-81.275,33.024],[-81.272,33.025],[-81.225,33.042],[-81.175,33.061],[-81.139,33.075],[-81.125,33.081],[-81.075,33.1],[-81.025,33.12],[-81.013,33.125],[-80.975,33.14],[-80.925,33.16],[-80.886,33.175],[-80.875,33.179],[-80.825,33.198],[-80.775,33.217],[-80.751,33.225],[-80.725,33.234],[-80.675,33.251],[-80.625,33.266],[-80.595,33.275],[-80.575,33.281],[-80.525,33.295],[-80.475,33.307],[-80.425,33.319],[-80.4,33.325],[-80.375,33.33],[-80.325,33.341],[-80.275,33.35],[-80.225,33.359],[-80.175,33.367],[-80.125,33.374],[-80.118,33.375],[-80.075,33.381],[-80.025,33.387],[-79.975,33.392],[-79.925,33.398],[-79.875,33.402],[-79.825,33.407],[-79.775,33.412],[-79.725,33.416],[-79.675,33.42],[-79.625,33.424],[-79.618,33.425],[-79.575,33.429],[-79.525,33.433],[-79.475,33.438],[-79.425,33.442],[-79.375,33.448],[-79.325,33.453],[-79.275,33.459],[-79.225,33.465],[-79.175,33.472],[-79.155,33.475],[-79.125,33.479],[-79.12,33.48]],[[-88.985,32.565],[-88.975,32.563],[-88.925,32.554],[-88.875,32.544],[-88.825,32.535],[-88.775,32.527],[-88.765,32.525],[-88.725,32.518],[-88.675,32.509],[-88.625,32.501],[-88.575,32.491],[-88.525,32.482],[-88.49,32.475],[-88.475,32.472],[-88.425,32.462],[-88.375,32.451],[-88.325,32.441],[-88.275,32.43],[-88.252,32.425],[-88.225,32.419],[-88.175,32.409]]]}},{"type":"Feature","properties":{"date":"2024-03-21","label":"21 Mar","yday":81,"tier":"day","major":false},"geometry":{"type":"MultiLineString","coordinates":[[[-87.226,32.424],[-87.225,32.424],[-87.175,32.418],[-87.125,32.413],[-87.075,32.408],[-87.025,32.403],[-86.975,32.4],[-86.925,32.397],[-86.896,32.396]],[[-85.961,32.411],[-85.925,32.411],[-85.875,32.411],[-85.825,32.411],[-85.775,32.411],[-85.725,32.412],[-85.675,32.412],[-85.625,32.413],[-85.575,32.414],[-85.525,32.415],[-85.475,32.416],[-85.425,32.418],[-85.375,32.421],[-85.325,32.424],[-85.303,32.425],[-85.275,32.427],[-85.225,32.43],[-85.175,32.434],[-85.125,32.438],[-85.075,32.443],[-85.025,32.447],[-84.975,32.452],[-84.925,32.457],[-84.875,32.461],[-84.825,32.466],[-84.775,32.471],[-84.738,32.475],[-84.725,32.476],[-84.675,32.482],[-84.625,32.487],[-84.575,32.493],[-84.525,32.499],[-84.475,32.506],[-84.425,32.513],[-84.375,32.52],[-84.338,32.525],[-84.325,32.527],[-84.275,32.534],[-84.225,32.542],[-84.175,32.55],[-84.125,32.559],[-84.075,32.568],[-84.033,32.575],[-84.025,32.576],[-83.975,32.586],[-83.925,32.595],[-83.875,32.604],[-83.825,32.614],[-83.775,32.624],[-83.768,32.625],[-83.725,32.633],[-83.675,32.643],[-83.625,32.653],[-83.575,32.662],[-83.525,32.672],[-83.506,32.675],[-83.475,32.681],[-83.425,32.689],[-83.375,32.698],[-83.325,32.706],[-83.275,32.715],[-83.225,32.723],[-83.215,32.725],[-83.175,32.731],[-83.125,32.74],[-83.075,32.747],[-83.025,32.755],[-82.975,32.763],[-82.925,32.771],[-82.896,32.775],[-82.875,32.778],[-82.825,32.786],[-82.775,32.793],[-82.725,32.801],[-82.675,32.808],[-82.625,32.816],[-82.575,32.824],[-82.566,32.825],[-82.525,32.831],[-82.475,32.839],[-82.425,32.848],[-82.375,32.856],[-82.325,32.865],[-82.275,32.874],[-82.267,32.875],[-82.225,32.883],[-82.175,32.892],[-82.125,32.902],[-82.075,32.912],[-82.025,32.923],[-82.015,32.925],[-81.975,32.934],[-81.925,32.945],[-81.875,32.957],[-81.825,32.969],[-81.802,32.975],[-81.775,32.982],[-81.725,32.995],[-81.675,33.009],[-81.625,33.023],[-81.619,33.025],[-81.575,33.038],[-81.525,33.054],[-81.475,33.07],[-81.46,33.075],[-81.425,33.087],[-81.375,33.104],[-81.325,33.123],[-81.319,33.125],[-81.275,33.142],[-81.225,33.162],[-81.193,33.175],[-81.175,33.182],[-81.125,33.203],[-81.075,33.225],[-81.074,33.225],[-81.025,33.246],[-80.975,33.267],[-80.956,33.275],[-80.925,33.288],[-80.875,33.308],[-80.831,33.325],[-80.825,33.327],[-80.775,33.346],[-80.725,33.362],[-80.685,33.375],[-80.675,33.378],[-80.625,33.393],[-80.575,33.407],[-80.525,33.419],[-80.502,33.425],[-80.475,33.431],[-80.425,33.442],[-80.375,33.453],[-80.325,33.462],[-80.275,33.471],[-80.252,33.475],[-80.225,33.479],[-80.175,33.487],[-80.125,33.494],[-80.075,33.5],[-80.025,33.506],[-79.975,33.512],[-79.925,33.517],[-79.875,33.522],[-79.845,33.525],[-79.825,33.527],[-79.775,33.532],[-79.725,33.537],[-79.675,33.543],[-79.625,33.548],[-79.575,33.553],[-79.525,33.559],[-79.475,33.565],[-79.425,33.571],[-79.389,33.575],[-79.375,33.577],[-79.325,33.583],[-79.275,33.59],[-79.225,33.598],[-79.175,33.605],[-79.125,33.613],[-79.075,33.622],[-79.058,33.625],[-79.025,33.631],[-78.975,33.641],[-78.956,33.644]],[[-88.646,32.704],[-88.625,32.7],[-88.575,32.69],[-88.525,32.68],[-88.502,32.675],[-88.475,32.669],[-88.425,32.659],[-88.375,32.648],[-88.325,32.637],[-88.276,32.626]],[[-89.675,32.936],[-89.632,32.925],[-89.625,32.923],[-89.575,32.91],[-89.525,32.898]]]}},{"type":"Feature","properties":{"date":"2024-03-22","label":"22 Mar","yday":82,"tier":"day","major":false},"geometry":{"type":"MultiLineString","coordinates":[[[-86.722,32.572],[-86.675,32.571],[-86.625,32.57],[-86.575,32.569],[-86.525,32.569],[-86.475,32.569],[-86.432,32.568]],[[-86.215,32.565],[-86.175,32.564],[-86.125,32.562],[-86.075,32.561],[-86.025,32.559],[-85.975,32.558],[-85.925,32.556],[-85.875,32.555],[-85.825,32.553],[-85.775,32.552],[-85.725,32.551],[-85.675,32.55],[-85.625,32.549],[-85.575,32.549],[-85.525,32.549],[-85.475,32.549],[-85.425,32.55],[-85.375,32.552],[-85.325,32.554],[-85.275,32.557],[-85.225,32.56],[-85.175,32.564],[-85.125,32.567],[-85.075,32.571],[-85.029,32.575],[-85.025,32.575],[-84.975,32.579],[-84.925,32.584],[-84.875,32.588],[-84.825,32.592],[-84.775,32.597],[-84.725,32.601],[-84.675,32.606],[-84.625,32.612],[-84.575,32.617],[-84.525,32.623],[-84.506,32.625],[-84.475,32.629],[-84.425,32.635],[-84.375,32.642],[-84.325,32.648],[-84.275,32.655],[-84.225,32.663],[-84.175,32.671],[-84.148,32.675],[-84.125,32.679],[-84.075,32.687],[-84.025,32.695],[-83.975,32.704],[-83.925,32.712],[-83.875,32.721],[-83.855,32.725],[-83.825,32.73],[-83.775,32.74],[-83.725,32.749],[-83.675,32.758],[-83.625,32.767],[-83.58,32.775],[-83.575,32.776],[-83.525,32.785],[-83.475,32.793],[-83.425,32.802],[-83.375,32.81],[-83.325,32.819],[-83.286,32.825],[-83.275,32.827],[-83.225,32.835],[-83.175,32.843],[-83.125,32.85],[-83.075,32.858],[-83.025,32.865],[-82.975,32.873],[-82.961,32.875],[-82.925,32.88],[-82.875,32.888],[-82.825,32.895],[-82.775,32.902],[-82.725,32.909],[-82.675,32.917],[-82.625,32.924],[-82.621,32.925],[-82.575,32.932],[-82.525,32.94],[-82.475,32.948],[-82.425,32.956],[-82.375,32.964],[-82.325,32.973],[-82.313,32.975],[-82.275,32.982],[-82.225,32.991],[-82.175,33.001],[-82.125,33.01],[-82.075,33.021],[-82.055,33.025],[-82.025,33.032],[-81.975,33.043],[-81.925,33.054],[-81.875,33.066],[-81.841,33.075],[-81.825,33.079],[-81.775,33.092],[-81.725,33.106],[-81.675,33.12],[-81.658,33.125],[-81.625,33.135],[-81.575,33.15],[-81.525,33.166],[-81.499,33.175],[-81.475,33.183],[-81.425,33.201],[-81.375,33.219],[-81.361,33.225],[-81.325,33.239],[-81.275,33.26],[-81.24,33.275],[-81.225,33.282],[-81.175,33.304],[-81.127,33.325],[-81.125,33.326],[-81.075,33.348],[-81.025,33.371],[-81.015,33.375],[-80.975,33.392],[-80.925,33.414],[-80.898,33.425],[-80.875,33.434],[-80.825,33.453],[-80.775,33.47],[-80.76,33.475],[-80.725,33.486],[-80.675,33.501],[-80.625,33.515],[-80.588,33.525],[-80.575,33.528],[-80.525,33.541],[-80.475,33.552],[-80.425,33.563],[-80.375,33.573],[-80.367,33.575],[-80.325,33.583],[-80.275,33.591],[-80.225,33.599],[-80.175,33.607],[-80.125,33.614],[-80.075,33.62],[-80.033,33.625],[-80.025,33.626],[-79.975,33.632],[-79.925,33.637],[-79.875,33.643],[-79.825,33.649],[-79.775,33.655],[-79.725,33.661],[-79.675,33.668],[-79.625,33.674],[-79.619,33.675],[-79.575,33.681],[-79.525,33.688],[-79.475,33.695],[-79.425,33.702],[-79.375,33.709],[-79.325,33.717],[-79.276,33.725],[-79.275,33.725],[-79.225,33.734],[-79.175,33.743],[-79.125,33.752],[-79.075,33.762],[-79.025,33.773],[-79.015,33.775],[-78.975,33.784],[-78.925,33.796],[-78.875,33.808],[-78.825,33.82],[-78.805,33.825],[-78.775,33.832],[-78.725,33.844],[-78.675,33.856],[-78.634,33.866]],[[-78.495,33.895],[-78.475,33.899],[-78.446,33.904]],[[-78.306,33.925],[-78.275,33.929],[-78.225,33.934],[-78.175,33.939],[-78.125,33.942],[-78.075,33.945],[-78.025,33.946],[-78.004,33.946]]]}},{"type":"Feature","properties":{"date":"2024-03-23","label":"23 Mar","yday":83,"tier":"day","major":false},"geometry":{"type":"MultiLineString","coordinates":[[[-87.575,32.855],[-87.525,32.846],[-87.475,32.837],[-87.425,32.828],[-87.407,32.825],[-87.375,32.82],[-87.325,32.812],[-87.275,32.804],[-87.225,32.796],[-87.175,32.789],[-87.125,32.783],[-87.075,32.776],[-87.063,32.775],[-87.025,32.771],[-86.975,32.765],[-86.925,32.76],[-86.875,32.756],[-86.825,32.751],[-86.775,32.748],[-86.725,32.744],[-86.675,32.741],[-86.625,32.738],[-86.575,32.735],[-86.525,32.733],[-86.475,32.73],[-86.425,32.727],[-86.376,32.725],[-86.375,32.725],[-86.325,32.722],[-86.275,32.72],[-86.225,32.717],[-86.175,32.714],[-86.125,32.711],[-86.075,32.709],[-86.025,32.706],[-85.975,32.703],[-85.925,32.7],[-85.875,32.697],[-85.825,32.695],[-85.775,32.692],[-85.725,32.69],[-85.675,32.688],[-85.625,32.686],[-85.575,32.685],[-85.525,32.684],[-85.475,32.683],[-85.425,32.683],[-85.375,32.684],[-85.325,32.686],[-85.275,32.688],[-85.225,32.69],[-85.175,32.692],[-85.125,32.695],[-85.075,32.698],[-85.025,32.701],[-84.975,32.705],[-84.925,32.708],[-84.875,32.712],[-84.825,32.716],[-84.775,32.72],[-84.725,32.724],[-84.711,32.725],[-84.675,32.728],[-84.625,32.733],[-84.575,32.738],[-84.525,32.743],[-84.475,32.748],[-84.425,32.754],[-84.375,32.76],[-84.325,32.767],[-84.275,32.773],[-84.263,32.775],[-84.225,32.78],[-84.175,32.787],[-84.125,32.795],[-84.075,32.802],[-84.025,32.81],[-83.975,32.818],[-83.935,32.825],[-83.925,32.827],[-83.875,32.835],[-83.825,32.844],[-83.775,32.852],[-83.725,32.861],[-83.675,32.869],[-83.643,32.875]],[[-83.621,32.879],[-83.575,32.887],[-83.525,32.895],[-83.475,32.903],[-83.425,32.912],[-83.375,32.92],[-83.344,32.925],[-83.325,32.928],[-83.275,32.936],[-83.225,32.944],[-83.175,32.951],[-83.125,32.959],[-83.075,32.966],[-83.025,32.974],[-83.015,32.975],[-82.975,32.981],[-82.925,32.988],[-82.875,32.995],[-82.825,33.002],[-82.775,33.009],[-82.725,33.016],[-82.675,33.024],[-82.666,33.025],[-82.625,33.031],[-82.575,33.039],[-82.525,33.046],[-82.475,33.054],[-82.425,33.063],[-82.375,33.071],[-82.352,33.075],[-82.325,33.08],[-82.275,33.089],[-82.225,33.098],[-82.175,33.108],[-82.125,33.118],[-82.09,33.125],[-82.075,33.128],[-82.025,33.139],[-81.975,33.151],[-81.925,33.162],[-81.875,33.175],[-81.875,33.175],[-81.825,33.188],[-81.775,33.202],[-81.725,33.216],[-81.694,33.225],[-81.675,33.231],[-81.625,33.246],[-81.575,33.262],[-81.538,33.275],[-81.525,33.279],[-81.475,33.297],[-81.425,33.316],[-81.403,33.325],[-81.375,33.336],[-81.325,33.357],[-81.285,33.375],[-81.275,33.379],[-81.225,33.401],[-81.175,33.424],[-81.173,33.425],[-81.125,33.447],[-81.075,33.469],[-81.062,33.475],[-81.025,33.492],[-80.975,33.513],[-80.946,33.525],[-80.925,33.534],[-80.875,33.553],[-80.825,33.571],[-80.814,33.575],[-80.775,33.588],[-80.725,33.604],[-80.675,33.619],[-80.655,33.625],[-80.625,33.634],[-80.575,33.647],[-80.525,33.659],[-80.475,33.671],[-80.458,33.675],[-80.425,33.682],[-80.375,33.693],[-80.325,33.702],[-80.275,33.711],[-80.225,33.719],[-80.188,33.725],[-80.175,33.727],[-80.125,33.734],[-80.075,33.741],[-80.025,33.748],[-79.975,33.754],[-79.925,33.761],[-79.875,33.767],[-79.825,33.774],[-79.821,33.775],[-79.775,33.782],[-79.725,33.789],[-79.675,33.797],[-79.625,33.805],[-79.575,33.813],[-79.525,33.821],[-79.5,33.825],[-79.475,33.829],[-79.425,33.838],[-79.375,33.846],[-79.325,33.855],[-79.275,33.865],[-79.225,33.875],[-79.224,33.875],[-79.175,33.885],[-79.125,33.897],[-79.075,33.909],[-79.025,33.921],[-79.011,33.925],[-78.975,33.935],[-78.925,33.948],[-78.875,33.961],[-78.825,33.975],[-78.824,33.975],[-78.775,33.988],[-78.725,34.001],[-78.675,34.013],[-78.625,34.025],[-78.625,34.025],[-78.575,34.036],[-78.525,34.046],[-78.475,34.055],[-78.425,34.064],[-78.375,34.071],[-78.347,34.075],[-78.325,34.078],[-78.275,34.083],[-78.225,34.088],[-78.175,34.092],[-78.125,34.094],[-78.075,34.096],[-78.025,34.097],[-77.975,34.096],[-77.954,34.096]]]}},{"type":"Feature","properties":{"date":"2024-03-24","label":"24 Mar","yday":84,"tier":"day","major":false},"geometry":{"type":"MultiLineString","coordinates":[[[-83.431,33.019],[-83.425,33.02],[-83.392,33.025],[-83.375,33.028],[-83.325,33.036],[-83.275,33.043],[-83.225,33.051],[-83.175,33.058],[-83.125,33.066],[-83.075,33.073],[-83.06,33.075],[-83.025,33.08],[-82.975,33.087],[-82.925,33.094],[-82.875,33.101],[-82.825,33.108],[-82.775,33.115],[-82.725,33.122],[-82.704,33.125],[-82.675,33.129],[-82.625,33.137],[-82.575,33.144],[-82.525,33.152],[-82.475,33.16],[-82.425,33.168],[-82.386,33.175],[-82.375,33.177],[-82.325,33.186],[-82.275,33.195],[-82.225,33.204],[-82.175,33.214],[-82.125,33.224],[-82.122,33.225],[-82.075,33.235],[-82.025,33.246],[-81.975,33.258],[-81.925,33.27],[-81.907,33.275],[-81.875,33.283],[-81.825,33.297],[-81.775,33.311],[-81.728,33.325],[-81.725,33.326],[-81.675,33.342],[-81.625,33.358],[-81.576,33.375],[-81.575,33.375],[-81.525,33.393],[-81.475,33.413],[-81.444,33.425],[-81.425,33.433],[-81.375,33.453],[-81.325,33.475],[-81.325,33.475],[-81.275,33.497],[-81.225,33.52],[-81.213,33.525],[-81.175,33.542],[-81.125,33.564],[-81.101,33.575],[-81.075,33.587],[-81.025,33.608],[-80.984,33.625],[-80.975,33.629],[-80.925,33.649],[-80.875,33.668],[-80.855,33.675],[-80.825,33.686],[-80.775,33.703],[-80.725,33.719],[-80.706,33.725],[-80.675,33.734],[-80.625,33.749],[-80.575,33.763],[-80.529,33.775],[-80.525,33.776],[-80.475,33.788],[-80.425,33.8],[-80.375,33.81],[-80.325,33.82],[-80.301,33.825],[-80.275,33.83],[-80.225,33.839],[-80.175,33.847],[-80.125,33.856],[-80.075,33.864],[-80.025,33.872],[-80.003,33.875],[-79.975,33.88],[-79.925,33.888],[-79.875,33.896],[-79.825,33.904],[-79.775,33.913],[-79.725,33.922],[-79.706,33.925],[-79.675,33.931],[-79.625,33.939],[-79.575,33.949],[-79.525,33.958],[-79.475,33.967],[-79.434,33.975],[-79.425,33.977],[-79.375,33.987],[-79.325,33.997],[-79.275,34.009],[-79.225,34.021],[-79.208,34.025],[-79.175,34.033],[-79.125,34.047],[-79.075,34.061],[-79.025,34.075],[-79.024,34.075],[-78.975,34.089],[-78.925,34.104],[-78.875,34.118],[-78.852,34.125],[-78.825,34.133],[-78.775,34.146],[-78.725,34.159],[-78.675,34.172],[-78.66,34.175],[-78.625,34.183],[-78.575,34.193],[-78.525,34.203],[-78.475,34.211],[-78.425,34.218],[-78.375,34.225],[-78.373,34.225],[-78.325,34.23],[-78.275,34.235],[-78.225,34.238],[-78.175,34.241],[-78.125,34.242],[-78.075,34.243],[-78.025,34.243],[-77.975,34.242],[-77.925,34.24],[-77.875,34.237],[-77.825,34.233],[-77.818,34.232]],[[-87.565,33.035],[-87.525,33.028],[-87.51,33.025],[-87.475,33.019],[-87.425,33.01],[-87.375,33.001],[-87.325,32.992],[-87.275,32.984],[-87.225,32.976],[-87.218,32.975],[-87.175,32.968],[-87.125,32.961],[-87.075,32.954],[-87.025,32.947],[-86.975,32.94],[-86.925,32.934],[-86.875,32.928],[-86.848,32.925],[-86.825,32.922],[-86.775,32.917],[-86.725,32.912],[-86.675,32.907],[-86.625,32.903],[-86.575,32.898],[-86.525,32.894],[-86.475,32.89],[-86.425,32.885],[-86.375,32.881],[-86.325,32.877],[-86.3,32.875],[-86.275,32.873],[-86.225,32.869],[-86.175,32.865],[-86.125,32.861],[-86.075,32.856],[-86.025,32.852],[-85.975,32.848],[-85.925,32.844],[-85.875,32.841],[-85.825,32.837],[-85.775,32.834],[-85.725,32.83],[-85.675,32.827],[-85.631,32.825],[-85.625,32.825],[-85.575,32.822],[-85.525,32.821],[-85.475,32.819],[-85.425,32.818],[-85.375,32.818],[-85.325,32.818],[-85.275,32.819],[-85.225,32.82],[-85.175,32.821],[-85.125,32.823],[-85.075,32.824],[-85.062,32.825],[-85.025,32.827],[-84.975,32.829],[-84.925,32.832],[-84.875,32.834],[-84.825,32.837],[-84.775,32.841],[-84.725,32.844],[-84.675,32.848],[-84.625,32.852],[-84.575,32.856],[-84.525,32.861],[-84.475,32.866],[-84.425,32.871],[-84.391,32.875],[-84.375,32.877],[-84.325,32.883],[-84.275,32.889],[-84.225,32.895],[-84.175,32.902],[-84.125,32.909],[-84.075,32.916],[-84.025,32.923],[-84.013,32.925],[-83.975,32.931],[-83.925,32.938],[-83.875,32.946],[-83.825,32.954],[-83.807,32.957]],[[-87.825,33.085],[-87.775,33.075],[-87.773,33.075]]]}},{"type":"Feature","properties":{"date":"2024-03-25","label":"25 Mar","yday":85,"tier":"five","major":false},"geometry":{"type":"MultiLineString","coordinates":[[[-83.425,33.126],[-83.375,33.134],[-83.325,33.142],[-83.275,33.149],[-83.225,33.157],[-83.175,33.164],[-83.125,33.171],[-83.097,33.175],[-83.075,33.178],[-83.025,33.185],[-82.975,33.192],[-82.925,33.199],[-82.875,33.206],[-82.825,33.213],[-82.775,33.22],[-82.738,33.225],[-82.725,33.227],[-82.675,33.234],[-82.625,33.242],[-82.575,33.249],[-82.525,33.257],[-82.475,33.265],[-82.425,33.274],[-82.417,33.275],[-82.375,33.282],[-82.325,33.291],[-82.275,33.301],[-82.225,33.31],[-82.175,33.32],[-82.152,33.325],[-82.125,33.331],[-82.075,33.342],[-82.025,33.353],[-81.975,33.365],[-81.937,33.375],[-81.925,33.378],[-81.875,33.392],[-81.825,33.406],[-81.775,33.421],[-81.761,33.425],[-81.725,33.436],[-81.675,33.453],[-81.625,33.47],[-81.612,33.475],[-81.575,33.488],[-81.525,33.507],[-81.48,33.525],[-81.475,33.527],[-81.425,33.548],[-81.375,33.569],[-81.361,33.575],[-81.325,33.591],[-81.275,33.613],[-81.247,33.625],[-81.225,33.635],[-81.175,33.657],[-81.134,33.675],[-81.125,33.679],[-81.075,33.7],[-81.025,33.721],[-81.016,33.725],[-80.975,33.741],[-80.925,33.761],[-80.888,33.775],[-80.875,33.78],[-80.825,33.798],[-80.775,33.815],[-80.745,33.825],[-80.725,33.831],[-80.675,33.847],[-80.625,33.862],[-80.58,33.875],[-80.575,33.877],[-80.525,33.89],[-80.475,33.903],[-80.425,33.915],[-80.381,33.925],[-80.375,33.926],[-80.325,33.937],[-80.275,33.947],[-80.225,33.957],[-80.175,33.967],[-80.131,33.975],[-80.125,33.976],[-80.075,33.986],[-80.025,33.995],[-79.975,34.005],[-79.925,34.015],[-79.875,34.025],[-79.874,34.025],[-79.825,34.035],[-79.775,34.045],[-79.725,34.055],[-79.675,34.066],[-79.629,34.075],[-79.625,34.076],[-79.575,34.086],[-79.525,34.096],[-79.475,34.107],[-79.425,34.118],[-79.392,34.125],[-79.375,34.129],[-79.325,34.141],[-79.275,34.154],[-79.225,34.168],[-79.202,34.175],[-79.175,34.183],[-79.125,34.198],[-79.075,34.213],[-79.038,34.225],[-79.025,34.229],[-78.975,34.244],[-78.925,34.26],[-78.875,34.275],[-78.874,34.275],[-78.825,34.289],[-78.775,34.303],[-78.725,34.315],[-78.683,34.325],[-78.675,34.327],[-78.625,34.337],[-78.575,34.346],[-78.525,34.355],[-78.475,34.362],[-78.425,34.368],[-78.375,34.373],[-78.35,34.375],[-78.325,34.377],[-78.275,34.38],[-78.225,34.382],[-78.175,34.384],[-78.125,34.384],[-78.075,34.384],[-78.025,34.383],[-77.975,34.381],[-77.925,34.378],[-77.882,34.375],[-77.875,34.375],[-77.825,34.37],[-77.775,34.365],[-77.725,34.359],[-77.695,34.355]],[[-87.71,33.24],[-87.675,33.234],[-87.628,33.225],[-87.625,33.224],[-87.575,33.215],[-87.525,33.206],[-87.475,33.196],[-87.425,33.187],[-87.375,33.178],[-87.356,33.175],[-87.325,33.17],[-87.275,33.161],[-87.225,33.153],[-87.175,33.144],[-87.125,33.136],[-87.075,33.129],[-87.052,33.125],[-87.025,33.121],[-86.975,33.113],[-86.925,33.106],[-86.875,33.099],[-86.825,33.092],[-86.775,33.086],[-86.725,33.079],[-86.691,33.075],[-86.675,33.073],[-86.625,33.067],[-86.575,33.061],[-86.525,33.055],[-86.475,33.05],[-86.425,33.044],[-86.375,33.038],[-86.325,33.033],[-86.275,33.027],[-86.255,33.025],[-86.225,33.022],[-86.175,33.016],[-86.125,33.011],[-86.075,33.005],[-86.025,33.0],[-85.975,32.995],[-85.925,32.99],[-85.875,32.985],[-85.825,32.98],[-85.775,32.976],[-85.765,32.975],[-85.725,32.972],[-85.675,32.968],[-85.625,32.964],[-85.575,32.961],[-85.525,32.958],[-85.475,32.956],[-85.425,32.954],[-85.375,32.952],[-85.325,32.951],[-85.275,32.95],[-85.225,32.95],[-85.175,32.95],[-85.125,32.95],[-85.075,32.951],[-85.025,32.952],[-84.975,32.953],[-84.925,32.955],[-84.875,32.957],[-84.825,32.959],[-84.775,32.961],[-84.725,32.964],[-84.675,32.967],[-84.625,32.97],[-84.575,32.974],[-84.56,32.975],[-84.525,32.978],[-84.475,32.982],[-84.425,32.987],[-84.375,32.992],[-84.325,32.997],[-84.275,33.002],[-84.255,33.005]]]}},{"type":"Feature","properties":{"date":"2024-03-26","label":"26 Mar","yday":86,"tier":"day","major":false},"geometry":{"type":"MultiLineString","coordinates":[[[-83.417,33.233],[-83.375,33.239],[-83.325,33.247],[-83.275,33.254],[-83.225,33.261],[-83.175,33.268],[-83.129,33.275],[-83.125,33.275],[-83.075,33.282],[-83.025,33.289],[-82.975,33.296],[-82.925,33.303],[-82.875,33.31],[-82.825,33.317],[-82.775,33.324],[-82.771,33.325],[-82.725,33.332],[-82.675,33.339],[-82.625,33.347],[-82.575,33.354],[-82.525,33.362],[-82.475,33.371],[-82.449,33.375],[-82.425,33.379],[-82.375,33.388],[-82.325,33.397],[-82.275,33.407],[-82.225,33.417],[-82.184,33.425],[-82.175,33.427],[-82.125,33.438],[-82.075,33.449],[-82.025,33.461],[-81.975,33.474],[-81.969,33.475],[-81.925,33.487],[-81.875,33.501],[-81.825,33.515],[-81.794,33.525],[-81.775,33.531],[-81.725,33.547],[-81.675,33.564],[-81.644,33.575],[-81.625,33.582],[-81.575,33.601],[-81.525,33.62],[-81.513,33.625],[-81.475,33.64],[-81.425,33.661],[-81.392,33.675],[-81.375,33.682],[-81.325,33.704],[-81.277,33.725],[-81.275,33.726],[-81.225,33.748],[-81.175,33.769],[-81.162,33.775],[-81.125,33.791],[-81.075,33.812],[-81.042,33.825],[-81.025,33.832],[-80.975,33.852],[-80.925,33.871],[-80.915,33.875],[-80.875,33.89],[-80.825,33.907],[-80.775,33.925],[-80.774,33.925],[-80.725,33.941],[-80.675,33.957],[-80.625,33.972],[-80.616,33.975],[-80.575,33.987],[-80.525,34.001],[-80.475,34.015],[-80.434,34.025],[-80.425,34.027],[-80.375,34.039],[-80.325,34.051],[-80.275,34.062],[-80.225,34.073],[-80.215,34.075],[-80.175,34.084],[-80.125,34.095],[-80.075,34.106],[-80.025,34.117],[-79.991,34.125],[-79.975,34.129],[-79.925,34.14],[-79.875,34.152],[-79.825,34.164],[-79.78,34.175],[-79.775,34.176],[-79.725,34.188],[-79.675,34.199],[-79.625,34.211],[-79.575,34.222],[-79.564,34.225],[-79.525,34.234],[-79.475,34.246],[-79.425,34.259],[-79.375,34.272],[-79.365,34.275],[-79.325,34.286],[-79.275,34.301],[-79.225,34.317],[-79.198,34.325],[-79.175,34.332],[-79.125,34.348],[-79.075,34.365],[-79.042,34.375],[-79.025,34.381],[-78.975,34.396],[-78.925,34.411],[-78.879,34.425],[-78.875,34.426],[-78.825,34.44],[-78.775,34.453],[-78.725,34.465],[-78.677,34.475],[-78.675,34.475],[-78.625,34.485],[-78.575,34.493],[-78.525,34.5],[-78.475,34.506],[-78.425,34.511],[-78.375,34.515],[-78.325,34.518],[-78.275,34.52],[-78.225,34.521],[-78.175,34.521],[-78.125,34.52],[-78.075,34.519],[-78.025,34.517],[-77.975,34.514],[-77.925,34.511],[-77.875,34.507],[-77.825,34.502],[-77.775,34.496],[-77.725,34.49],[-77.675,34.484],[-77.625,34.477],[-77.613,34.475],[-77.58,34.47]],[[-87.625,33.397],[-87.575,33.388],[-87.525,33.379],[-87.504,33.375],[-87.475,33.37],[-87.425,33.361],[-87.375,33.352],[-87.325,33.344],[-87.275,33.335],[-87.225,33.327],[-87.213,33.325],[-87.175,33.319],[-87.125,33.311],[-87.075,33.303],[-87.025,33.295],[-86.975,33.287],[-86.925,33.279],[-86.898,33.275],[-86.875,33.271],[-86.825,33.264],[-86.775,33.256],[-86.725,33.249],[-86.675,33.241],[-86.625,33.234],[-86.575,33.227],[-86.564,33.225],[-86.525,33.219],[-86.475,33.212],[-86.425,33.205],[-86.375,33.198],[-86.325,33.191],[-86.275,33.184],[-86.225,33.177],[-86.214,33.175],[-86.175,33.17],[-86.125,33.163],[-86.075,33.156],[-86.025,33.15],[-85.975,33.143],[-85.925,33.137],[-85.875,33.131],[-85.825,33.125],[-85.824,33.125],[-85.775,33.12],[-85.725,33.114],[-85.675,33.109],[-85.625,33.105],[-85.575,33.1],[-85.525,33.096],[-85.475,33.093],[-85.425,33.09],[-85.375,33.087],[-85.325,33.084],[-85.275,33.082],[-85.225,33.081],[-85.175,33.079],[-85.125,33.079],[-85.075,33.078],[-85.025,33.078],[-84.975,33.078],[-84.925,33.078],[-84.875,33.079],[-84.825,33.08],[-84.775,33.081],[-84.725,33.083],[-84.675,33.085],[-84.625,33.088],[-84.575,33.091],[-84.525,33.094],[-84.475,33.097],[-84.425,33.101],[-84.403,33.103]]]}},{"type":"Feature","properties":{"date":"2024-03-27","label":"27 Mar","yday":87,"tier":"day","major":false},"geometry":{"type":"MultiLineString","coordinates":[[[-87.175,33.491],[-87.125,33.483],[-87.075,33.476],[-87.07,33.475],[-87.025,33.468],[-86.975,33.461],[-86.925,33.453],[-86.875,33.445],[-86.825,33.437],[-86.775,33.429],[-86.749,33.425],[-86.725,33.421],[-86.675,33.412],[-86.625,33.404],[-86.575,33.395],[-86.525,33.386],[-86.475,33.377],[-86.461,33.375],[-86.425,33.369],[-86.375,33.36],[-86.325,33.351],[-86.275,33.343],[-86.225,33.334],[-86.175,33.326],[-86.17,33.325],[-86.125,33.318],[-86.075,33.31],[-86.025,33.302],[-85.975,33.294],[-85.925,33.286],[-85.875,33.279],[-85.846,33.275],[-85.825,33.272],[-85.775,33.265],[-85.725,33.259],[-85.675,33.253],[-85.625,33.247],[-85.575,33.242],[-85.525,33.236],[-85.475,33.232],[-85.425,33.227],[-85.399,33.225],[-85.375,33.223],[-85.325,33.219],[-85.275,33.216],[-85.225,33.213],[-85.175,33.21],[-85.125,33.208],[-85.075,33.206],[-85.025,33.205],[-84.975,33.204],[-84.953,33.203]],[[-82.473,33.477],[-82.425,33.485],[-82.375,33.494],[-82.325,33.504],[-82.275,33.513],[-82.225,33.524],[-82.219,33.525],[-82.175,33.534],[-82.125,33.545],[-82.075,33.557],[-82.025,33.569],[-82.003,33.575],[-81.975,33.582],[-81.925,33.596],[-81.875,33.61],[-81.826,33.625],[-81.825,33.625],[-81.775,33.641],[-81.725,33.658],[-81.675,33.675],[-81.675,33.675],[-81.625,33.693],[-81.575,33.712],[-81.543,33.725],[-81.525,33.732],[-81.475,33.752],[-81.425,33.773],[-81.42,33.775],[-81.375,33.794],[-81.325,33.815],[-81.302,33.825],[-81.275,33.837],[-81.225,33.858],[-81.185,33.875],[-81.175,33.879],[-81.125,33.9],[-81.075,33.921],[-81.064,33.925],[-81.025,33.941],[-80.975,33.96],[-80.935,33.975],[-80.925,33.979],[-80.875,33.997],[-80.825,34.014],[-80.794,34.025],[-80.775,34.032],[-80.725,34.048],[-80.675,34.064],[-80.64,34.075],[-80.625,34.08],[-80.575,34.094],[-80.525,34.109],[-80.475,34.123],[-80.467,34.125],[-80.425,34.136],[-80.375,34.149],[-80.325,34.162],[-80.275,34.174],[-80.273,34.175],[-80.225,34.187],[-80.175,34.199],[-80.125,34.212],[-80.075,34.224],[-80.073,34.225],[-80.025,34.237],[-79.975,34.25],[-79.925,34.263],[-79.881,34.275],[-79.875,34.276],[-79.825,34.29],[-79.775,34.303],[-79.725,34.316],[-79.691,34.325],[-79.675,34.329],[-79.625,34.343],[-79.575,34.356],[-79.525,34.37],[-79.506,34.375],[-79.475,34.384],[-79.425,34.398],[-79.375,34.413],[-79.337,34.425],[-79.325,34.429],[-79.275,34.445],[-79.225,34.461],[-79.183,34.475],[-79.175,34.478],[-79.125,34.494],[-79.075,34.511],[-79.03,34.525],[-79.025,34.527],[-78.975,34.542],[-78.925,34.557],[-78.875,34.571],[-78.86,34.575],[-78.825,34.584],[-78.775,34.596],[-78.725,34.607],[-78.675,34.617],[-78.63,34.625],[-78.625,34.626],[-78.575,34.633],[-78.525,34.639],[-78.475,34.644],[-78.425,34.648],[-78.375,34.651],[-78.325,34.652],[-78.275,34.654],[-78.225,34.654],[-78.175,34.653],[-78.125,34.652],[-78.075,34.65],[-78.025,34.647],[-77.975,34.644],[-77.925,34.64],[-77.875,34.636],[-77.825,34.631],[-77.775,34.625],[-77.774,34.625],[-77.725,34.619],[-77.675,34.613],[-77.625,34.606],[-77.575,34.599],[-77.525,34.591],[-77.475,34.584],[-77.425,34.576]],[[-87.775,33.597],[-87.725,33.587],[-87.675,33.577],[-87.665,33.575],[-87.625,33.567],[-87.575,33.558],[-87.525,33.549]]]}},{"type":"Feature","properties":{"date":"2024-03-28","label":"28 Mar","yday":88,"tier":"day","major":false},"geometry":{"type":"MultiLineString","coordinates":[[[-82.375,33.602],[-82.325,33.612],[-82.275,33.621],[-82.258,33.625],[-82.225,33.632],[-82.175,33.643],[-82.125,33.654],[-82.075,33.666],[-82.039,33.675],[-82.025,33.678],[-81.975,33.692],[-81.925,33.705],[-81.875,33.72],[-81.858,33.725],[-81.825,33.735],[-81.775,33.751],[-81.725,33.768],[-81.705,33.775],[-81.675,33.786],[-81.625,33.804],[-81.575,33.823],[-81.57,33.825],[-81.525,33.843],[-81.475,33.863],[-81.445,33.875],[-81.425,33.883],[-81.375,33.904],[-81.325,33.924],[-81.324,33.925],[-81.275,33.945],[-81.225,33.966],[-81.204,33.975],[-81.175,33.987],[-81.125,34.007],[-81.08,34.025],[-81.075,34.027],[-81.025,34.047],[-80.975,34.066],[-80.949,34.075],[-80.925,34.084],[-80.875,34.102],[-80.825,34.12],[-80.809,34.125],[-80.775,34.137],[-80.725,34.153],[-80.675,34.169],[-80.658,34.175],[-80.625,34.185],[-80.575,34.201],[-80.525,34.216],[-80.493,34.225],[-80.475,34.23],[-80.425,34.245],[-80.375,34.259],[-80.325,34.273],[-80.317,34.275],[-80.275,34.286],[-80.225,34.3],[-80.175,34.314],[-80.134,34.325],[-80.125,34.328],[-80.075,34.341],[-80.025,34.356],[-79.975,34.37],[-79.957,34.375],[-79.925,34.384],[-79.875,34.399],[-79.825,34.413],[-79.785,34.425],[-79.775,34.428],[-79.725,34.442],[-79.675,34.457],[-79.625,34.472],[-79.614,34.475],[-79.575,34.487],[-79.525,34.502],[-79.475,34.517],[-79.45,34.525],[-79.425,34.533],[-79.375,34.549],[-79.325,34.566],[-79.297,34.575],[-79.275,34.582],[-79.225,34.599],[-79.175,34.616],[-79.149,34.625],[-79.125,34.633],[-79.075,34.65],[-79.025,34.666],[-78.995,34.675],[-78.975,34.681],[-78.925,34.695],[-78.875,34.709],[-78.825,34.721],[-78.809,34.725],[-78.775,34.733],[-78.725,34.743],[-78.675,34.751],[-78.625,34.759],[-78.575,34.765],[-78.525,34.771],[-78.476,34.775],[-78.475,34.775],[-78.425,34.778],[-78.375,34.781],[-78.325,34.782],[-78.275,34.782],[-78.225,34.782],[-78.175,34.781],[-78.125,34.78],[-78.075,34.778],[-78.03,34.775],[-78.025,34.775],[-77.975,34.771],[-77.925,34.767],[-77.875,34.763],[-77.825,34.758],[-77.775,34.753],[-77.725,34.747],[-77.675,34.741],[-77.625,34.734],[-77.575,34.727],[-77.559,34.725],[-77.525,34.72],[-77.475,34.713],[-77.461,34.711]],[[-87.125,33.654],[-87.075,33.647],[-87.025,33.639],[-86.975,33.632],[-86.927,33.625],[-86.925,33.625],[-86.875,33.617],[-86.825,33.609],[-86.775,33.601],[-86.725,33.593],[-86.675,33.584],[-86.629,33.575],[-86.625,33.574],[-86.575,33.565],[-86.525,33.555],[-86.475,33.545],[-86.425,33.535],[-86.377,33.525],[-86.375,33.525],[-86.325,33.515],[-86.275,33.505],[-86.225,33.495],[-86.175,33.485],[-86.125,33.476],[-86.122,33.475],[-86.075,33.466],[-86.025,33.457],[-85.975,33.448],[-85.925,33.439],[-85.875,33.43],[-85.843,33.425],[-85.825,33.422],[-85.775,33.414],[-85.725,33.406],[-85.675,33.399],[-85.625,33.392],[-85.575,33.385],[-85.525,33.379],[-85.494,33.375],[-85.475,33.373],[-85.425,33.367],[-85.375,33.362],[-85.325,33.356],[-85.275,33.352],[-85.225,33.347],[-85.175,33.343],[-85.125,33.34],[-85.075,33.336]],[[-77.325,34.69],[-77.275,34.681],[-77.239,34.675],[-77.227,34.673]]]}},{"type":"Feature","properties":{"date":"2024-03-29","label":"29 Mar","yday":89,"tier":"day","major":false},"geometry":{"type":"MultiLineString","coordinates":[[[-82.425,33.702],[-82.375,33.711],[-82.325,33.721],[-82.305,33.725],[-82.275,33.731],[-82.225,33.741],[-82.175,33.752],[-82.125,33.764],[-82.078,33.775],[-82.075,33.776],[-82.025,33.788],[-81.975,33.802],[-81.925,33.815],[-81.892,33.825],[-81.875,33.83],[-81.825,33.845],[-81.775,33.862],[-81.735,33.875],[-81.725,33.878],[-81.675,33.896],[-81.625,33.914],[-81.596,33.925],[-81.575,33.933],[-81.525,33.952],[-81.475,33.972],[-81.467,33.975],[-81.425,33.992],[-81.375,34.012],[-81.343,34.025],[-81.325,34.032],[-81.275,34.053],[-81.225,34.073],[-81.219,34.075],[-81.175,34.093],[-81.125,34.113],[-81.093,34.125],[-81.075,34.132],[-81.025,34.151],[-80.975,34.17],[-80.962,34.175],[-80.925,34.188],[-80.875,34.207],[-80.825,34.224],[-80.823,34.225],[-80.775,34.241],[-80.725,34.258],[-80.675,34.275],[-80.675,34.275],[-80.625,34.291],[-80.575,34.307],[-80.525,34.323],[-80.519,34.325],[-80.475,34.339],[-80.425,34.354],[-80.375,34.369],[-80.356,34.375],[-80.325,34.384],[-80.275,34.399],[-80.225,34.414],[-80.187,34.425],[-80.175,34.429],[-80.125,34.444],[-80.075,34.459],[-80.025,34.474],[-80.022,34.475],[-79.975,34.49],[-79.925,34.505],[-79.875,34.52],[-79.86,34.525],[-79.825,34.536],[-79.775,34.551],[-79.725,34.567],[-79.698,34.575],[-79.675,34.582],[-79.625,34.598],[-79.575,34.614],[-79.539,34.625],[-79.525,34.63],[-79.475,34.646],[-79.425,34.662],[-79.387,34.675],[-79.375,34.679],[-79.325,34.696],[-79.275,34.713],[-79.242,34.725],[-79.225,34.731],[-79.175,34.748],[-79.125,34.765],[-79.095,34.775],[-79.075,34.782],[-79.025,34.798],[-78.975,34.813],[-78.932,34.825],[-78.925,34.827],[-78.875,34.84],[-78.825,34.851],[-78.775,34.862],[-78.725,34.871],[-78.7,34.875],[-78.675,34.879],[-78.625,34.886],[-78.575,34.891],[-78.525,34.896],[-78.475,34.9],[-78.425,34.903],[-78.375,34.905],[-78.325,34.906],[-78.275,34.907],[-78.225,34.907],[-78.175,34.906],[-78.125,34.904],[-78.075,34.902],[-78.025,34.9],[-77.975,34.897],[-77.925,34.893],[-77.875,34.89],[-77.825,34.885],[-77.775,34.881],[-77.725,34.875],[-77.722,34.875],[-77.675,34.87],[-77.625,34.864],[-77.575,34.857],[-77.525,34.851],[-77.475,34.844],[-77.425,34.837],[-77.375,34.83],[-77.344,34.825],[-77.325,34.822],[-77.275,34.814],[-77.225,34.805],[-77.175,34.796],[-77.125,34.786],[-77.075,34.776],[-77.07,34.775],[-77.025,34.765],[-76.975,34.754],[-76.925,34.743],[-76.91,34.74]],[[-87.359,33.859],[-87.325,33.853],[-87.275,33.846],[-87.225,33.838],[-87.175,33.831],[-87.133,33.825],[-87.125,33.824],[-87.075,33.817],[-87.025,33.809],[-86.975,33.802],[-86.925,33.794],[-86.875,33.787],[-86.825,33.779],[-86.804,33.775],[-86.775,33.77],[-86.725,33.762],[-86.675,33.752],[-86.625,33.743],[-86.575,33.733],[-86.535,33.725],[-86.525,33.723],[-86.475,33.713],[-86.425,33.702],[-86.375,33.691],[-86.325,33.681],[-86.299,33.675],[-86.275,33.67],[-86.225,33.659],[-86.175,33.648],[-86.125,33.637],[-86.075,33.627],[-86.067,33.625],[-86.025,33.616],[-85.975,33.606],[-85.925,33.596],[-85.875,33.586],[-85.825,33.576],[-85.82,33.575],[-85.775,33.567],[-85.725,33.558],[-85.675,33.549],[-85.625,33.541],[-85.575,33.533],[-85.525,33.525],[-85.525,33.525],[-85.475,33.518],[-85.425,33.51],[-85.375,33.504],[-85.325,33.497],[-85.275,33.491],[-85.225,33.485],[-85.175,33.479],[-85.132,33.475],[-85.125,33.474],[-85.075,33.47]]]}},{"type":"Feature","properties":{"date":"2024-03-30","label":"30 Mar","yday":90,"tier":"index","major":true},"geometry":{"type":"MultiLineString","coordinates":[[[-82.325,33.832],[-82.275,33.842],[-82.225,33.852],[-82.175,33.863],[-82.125,33.874],[-82.123,33.875],[-82.075,33.886],[-82.025,33.899],[-81.975,33.912],[-81.929,33.925],[-81.925,33.926],[-81.875,33.941],[-81.825,33.956],[-81.775,33.972],[-81.766,33.975],[-81.725,33.989],[-81.675,34.006],[-81.625,34.024],[-81.622,34.025],[-81.575,34.042],[-81.525,34.061],[-81.488,34.075],[-81.475,34.08],[-81.425,34.1],[-81.375,34.119],[-81.361,34.125],[-81.325,34.139],[-81.275,34.159],[-81.234,34.175]],[[-86.635,33.915],[-86.625,33.914],[-86.575,33.904],[-86.525,33.893],[-86.475,33.883],[-86.439,33.875],[-86.425,33.872],[-86.375,33.861],[-86.325,33.85],[-86.275,33.838],[-86.225,33.827],[-86.217,33.825],[-86.175,33.815],[-86.125,33.804],[-86.075,33.792],[-86.025,33.781],[-86.0,33.775],[-85.975,33.769],[-85.925,33.758],[-85.875,33.747],[-85.825,33.736],[-85.775,33.726],[-85.772,33.725],[-85.725,33.715],[-85.675,33.705],[-85.625,33.695],[-85.575,33.686],[-85.525,33.676],[-85.517,33.675],[-85.475,33.667],[-85.425,33.659],[-85.375,33.65],[-85.325,33.642],[-85.275,33.634],[-85.225,33.627],[-85.212,33.625],[-85.175,33.62],[-85.125,33.613],[-85.075,33.607],[-85.025,33.601],[-85.002,33.598]],[[-87.425,34.041],[-87.375,34.033],[-87.325,34.026],[-87.321,34.025],[-87.275,34.018],[-87.225,34.011],[-87.175,34.004],[-87.125,33.997],[-87.075,33.989],[-87.025,33.982],[-86.979,33.975],[-86.975,33.974],[-86.925,33.967],[-86.915,33.965]],[[-80.896,34.304],[-80.875,34.312],[-80.838,34.325],[-80.825,34.33],[-80.775,34.347],[-80.725,34.365],[-80.695,34.375],[-80.675,34.382],[-80.625,34.399],[-80.575,34.416],[-80.547,34.425],[-80.525,34.432],[-80.475,34.449],[-80.425,34.465],[-80.394,34.475],[-80.375,34.481],[-80.325,34.497],[-80.275,34.513],[-80.237,34.525],[-80.225,34.529],[-80.175,34.545],[-80.125,34.561],[-80.081,34.575],[-80.075,34.577],[-80.025,34.593],[-79.975,34.609],[-79.925,34.625],[-79.925,34.625],[-79.875,34.641],[-79.825,34.657],[-79.775,34.672],[-79.767,34.675],[-79.725,34.688],[-79.675,34.704],[-79.625,34.72],[-79.611,34.725],[-79.575,34.737],[-79.525,34.753],[-79.475,34.77],[-79.459,34.775],[-79.425,34.786],[-79.375,34.804],[-79.325,34.821],[-79.314,34.825],[-79.275,34.839],[-79.225,34.856],[-79.175,34.874],[-79.171,34.875],[-79.125,34.891],[-79.075,34.907],[-79.025,34.923],[-79.018,34.925],[-78.975,34.937],[-78.925,34.951],[-78.875,34.964],[-78.825,34.975],[-78.823,34.975],[-78.775,34.984],[-78.725,34.992],[-78.675,34.999],[-78.625,35.006],[-78.575,35.011],[-78.525,35.016],[-78.475,35.02],[-78.425,35.023],[-78.375,35.025],[-78.372,35.025],[-78.325,35.026],[-78.275,35.027],[-78.225,35.028],[-78.175,35.027],[-78.125,35.026],[-78.084,35.025],[-78.075,35.025],[-78.025,35.023],[-77.975,35.021],[-77.925,35.018],[-77.875,35.015],[-77.825,35.012],[-77.775,35.008],[-77.725,35.004],[-77.675,35.0],[-77.625,34.995],[-77.575,34.989],[-77.525,34.984],[-77.475,34.977],[-77.457,34.975],[-77.425,34.971],[-77.375,34.964],[-77.325,34.956],[-77.275,34.948],[-77.225,34.939],[-77.175,34.93],[-77.149,34.925],[-77.125,34.92],[-77.075,34.91],[-77.025,34.899],[-76.975,34.888],[-76.925,34.876],[-76.923,34.875],[-76.875,34.863],[-76.825,34.851],[-76.775,34.838],[-76.727,34.825],[-76.725,34.825]],[[-76.655,34.805],[-76.625,34.796],[-76.609,34.791]]]}},{"type":"Feature","properties":{"date":"2024-03-31","label":"31 Mar","yday":91,"tier":"day","major":false},"geometry":{"type":"MultiLineString","coordinates":[[[-82.237,33.963],[-82.225,33.965],[-82.179,33.975],[-82.175,33.976],[-82.125,33.987],[-82.075,33.999],[-82.025,34.011],[-81.975,34.024],[-81.971,34.025],[-81.925,34.038],[-81.875,34.052],[-81.825,34.067],[-81.8,34.075]],[[-86.775,34.118],[-86.725,34.109],[-86.675,34.099],[-86.625,34.089],[-86.575,34.079],[-86.558,34.075],[-86.525,34.068],[-86.475,34.057],[-86.425,34.046],[-86.375,34.035],[-86.333,34.025],[-86.325,34.023],[-86.275,34.011],[-86.225,34.0],[-86.175,33.988],[-86.125,33.976],[-86.123,33.975],[-86.075,33.963],[-86.025,33.951],[-85.975,33.939],[-85.925,33.927],[-85.917,33.925],[-85.875,33.915],[-85.825,33.903],[-85.775,33.891],[-85.725,33.879],[-85.706,33.875],[-85.675,33.868],[-85.625,33.857],[-85.575,33.846],[-85.525,33.835],[-85.48,33.825],[-85.475,33.824],[-85.425,33.814],[-85.375,33.803],[-85.325,33.794],[-85.275,33.784],[-85.227,33.775],[-85.225,33.775],[-85.175,33.766],[-85.125,33.757],[-85.075,33.749],[-85.025,33.742],[-84.975,33.734],[-84.925,33.728],[-84.904,33.725]],[[-81.575,34.152],[-81.525,34.17],[-81.512,34.175]],[[-80.675,34.491],[-80.625,34.509],[-80.579,34.525],[-80.575,34.526],[-80.525,34.544],[-80.475,34.561],[-80.433,34.575],[-80.425,34.578],[-80.375,34.595],[-80.325,34.611],[-80.284,34.625],[-80.275,34.628],[-80.225,34.645],[-80.175,34.661],[-80.132,34.675],[-80.125,34.677],[-80.075,34.694],[-80.025,34.71],[-79.98,34.725],[-79.975,34.726],[-79.925,34.742],[-79.875,34.758],[-79.825,34.774],[-79.823,34.775],[-79.775,34.79],[-79.725,34.806],[-79.675,34.822],[-79.667,34.825],[-79.625,34.839],[-79.575,34.855],[-79.525,34.872],[-79.516,34.875],[-79.475,34.889],[-79.425,34.906],[-79.375,34.923],[-79.371,34.925],[-79.325,34.941],[-79.275,34.958],[-79.227,34.975],[-79.225,34.976],[-79.175,34.992],[-79.125,35.009],[-79.075,35.025],[-79.075,35.025],[-79.025,35.04],[-78.975,35.054],[-78.925,35.067],[-78.891,35.075],[-78.875,35.079],[-78.825,35.089],[-78.775,35.098],[-78.725,35.106],[-78.675,35.113],[-78.625,35.119],[-78.575,35.125],[-78.571,35.125],[-78.525,35.129],[-78.475,35.133],[-78.425,35.137],[-78.375,35.14],[-78.325,35.142],[-78.275,35.144],[-78.225,35.145],[-78.175,35.145],[-78.125,35.145],[-78.075,35.145],[-78.025,35.144],[-77.975,35.143],[-77.925,35.142],[-77.875,35.14],[-77.825,35.138],[-77.775,35.135],[-77.725,35.132],[-77.675,35.129],[-77.625,35.125],[-77.623,35.125],[-77.575,35.121],[-77.525,35.116],[-77.475,35.11],[-77.425,35.104],[-77.375,35.098],[-77.325,35.09],[-77.275,35.083],[-77.23,35.075],[-77.225,35.074],[-77.175,35.065],[-77.125,35.056],[-77.075,35.045],[-77.025,35.034],[-77.018,35.032]],[[-76.662,34.938],[-76.625,34.927],[-76.619,34.925],[-76.575,34.912],[-76.525,34.896],[-76.475,34.88],[-76.46,34.875],[-76.434,34.866]]]}},{"type":"Feature","properties":{"date":"2024-04-01","label":"1 Apr","yday":92,"tier":"day","major":false},"geometry":{"type":"MultiLineString","coordinates":[[[-85.863,34.087],[-85.825,34.077],[-85.819,34.075],[-85.775,34.064],[-85.725,34.051],[-85.675,34.038],[-85.625,34.026],[-85.622,34.025],[-85.575,34.013],[-85.525,34.001],[-85.475,33.989],[-85.425,33.976],[-85.419,33.975],[-85.375,33.965],[-85.325,33.953],[-85.275,33.941],[-85.225,33.93],[-85.201,33.925],[-85.175,33.919],[-85.125,33.909],[-85.075,33.899],[-85.025,33.889],[-84.975,33.88],[-84.948,33.875],[-84.925,33.871],[-84.875,33.863],[-84.825,33.855],[-84.775,33.848],[-84.725,33.842],[-84.675,33.836],[-84.665,33.835]],[[-82.025,34.125],[-82.025,34.125],[-82.024,34.125]],[[-80.631,34.619],[-80.625,34.621],[-80.614,34.625],[-80.575,34.639],[-80.525,34.657],[-80.475,34.675],[-80.474,34.675],[-80.425,34.692],[-80.375,34.709],[-80.328,34.725],[-80.325,34.726],[-80.275,34.743],[-80.225,34.759],[-80.178,34.775],[-80.175,34.776],[-80.125,34.792],[-80.075,34.808],[-80.025,34.825],[-80.024,34.825],[-79.975,34.841],[-79.925,34.856],[-79.875,34.872],[-79.866,34.875],[-79.825,34.888],[-79.775,34.904],[-79.725,34.92],[-79.71,34.925],[-79.675,34.936],[-79.625,34.953],[-79.575,34.97],[-79.559,34.975],[-79.525,34.986],[-79.475,35.003],[-79.425,35.02],[-79.412,35.025],[-79.375,35.037],[-79.325,35.054],[-79.275,35.071],[-79.264,35.075],[-79.225,35.088],[-79.175,35.104],[-79.125,35.12],[-79.108,35.125],[-79.075,35.135],[-79.025,35.149],[-78.975,35.163],[-78.925,35.175],[-78.924,35.175],[-78.875,35.186],[-78.825,35.195],[-78.775,35.204],[-78.725,35.213],[-78.675,35.22],[-78.638,35.225],[-78.625,35.227],[-78.575,35.233],[-78.525,35.238],[-78.475,35.243],[-78.425,35.247],[-78.375,35.251],[-78.325,35.254],[-78.275,35.256],[-78.225,35.258],[-78.175,35.26],[-78.125,35.261],[-78.075,35.262],[-78.025,35.262],[-77.975,35.262],[-77.925,35.262],[-77.875,35.262],[-77.825,35.261],[-77.775,35.259],[-77.725,35.258],[-77.675,35.256],[-77.625,35.253],[-77.575,35.249],[-77.525,35.245],[-77.475,35.241],[-77.425,35.235],[-77.375,35.23],[-77.34,35.225],[-77.325,35.223],[-77.275,35.216],[-77.225,35.208],[-77.175,35.199],[-77.125,35.19],[-77.075,35.18],[-77.052,35.175],[-77.025,35.169],[-76.975,35.158],[-76.925,35.145],[-76.875,35.132],[-76.849,35.125],[-76.825,35.119],[-76.816,35.116]],[[-76.486,35.014],[-76.475,35.01],[-76.453,35.003]]]}},{"type":"Feature","properties":{"date":"2024-04-02","label":"2 Apr","yday":93,"tier":"day","major":false},"geometry":{"type":"MultiLineString","coordinates":[[[-85.681,34.219],[-85.675,34.217],[-85.625,34.204],[-85.575,34.19],[-85.525,34.176],[-85.52,34.175],[-85.475,34.163],[-85.425,34.149],[-85.375,34.136],[-85.336,34.125],[-85.325,34.122],[-85.275,34.109],[-85.225,34.096],[-85.175,34.083],[-85.145,34.075],[-85.125,34.07],[-85.075,34.058],[-85.025,34.046],[-84.975,34.034],[-84.933,34.025],[-84.925,34.023],[-84.875,34.013],[-84.825,34.003],[-84.775,33.994],[-84.725,33.985],[-84.675,33.977],[-84.658,33.975],[-84.625,33.97],[-84.575,33.964]],[[-80.155,34.895],[-80.125,34.905],[-80.075,34.92],[-80.06,34.925],[-80.025,34.936],[-79.975,34.952],[-79.925,34.967],[-79.9,34.975],[-79.875,34.983],[-79.825,34.999],[-79.775,35.014],[-79.742,35.025],[-79.725,35.03],[-79.675,35.047],[-79.625,35.063],[-79.589,35.075],[-79.575,35.079],[-79.525,35.096],[-79.475,35.113],[-79.438,35.125],[-79.425,35.129],[-79.375,35.146],[-79.325,35.162],[-79.284,35.175],[-79.275,35.178],[-79.225,35.194],[-79.175,35.209],[-79.125,35.224],[-79.121,35.225],[-79.075,35.238],[-79.025,35.251],[-78.975,35.264],[-78.929,35.275],[-78.925,35.276],[-78.875,35.287],[-78.825,35.297],[-78.775,35.306],[-78.725,35.315],[-78.675,35.323],[-78.662,35.325],[-78.625,35.33],[-78.575,35.337],[-78.525,35.343],[-78.475,35.348],[-78.425,35.353],[-78.375,35.358],[-78.325,35.362],[-78.275,35.365],[-78.225,35.368],[-78.175,35.371],[-78.125,35.373],[-78.075,35.375],[-78.073,35.375],[-78.025,35.376],[-77.975,35.378],[-77.925,35.379],[-77.875,35.379],[-77.825,35.379],[-77.775,35.379],[-77.725,35.379],[-77.675,35.378],[-77.625,35.376],[-77.598,35.375],[-77.575,35.374],[-77.525,35.371],[-77.475,35.367],[-77.425,35.363],[-77.375,35.358],[-77.325,35.353],[-77.275,35.346],[-77.225,35.339],[-77.175,35.332],[-77.137,35.325],[-77.125,35.323],[-77.075,35.313],[-77.025,35.303],[-76.975,35.292],[-76.925,35.28],[-76.905,35.275],[-76.875,35.267],[-76.825,35.254],[-76.775,35.24]]]}},{"type":"Feature","properties":{"date":"2024-04-03","label":"3 Apr","yday":94,"tier":"day","major":false},"geometry":{"type":"MultiLineString","coordinates":[[[-85.38,34.32],[-85.375,34.318],[-85.325,34.303],[-85.275,34.288],[-85.231,34.275],[-85.225,34.273],[-85.175,34.259],[-85.125,34.244],[-85.075,34.229],[-85.061,34.225],[-85.025,34.215],[-84.975,34.201],[-84.925,34.187],[-84.878,34.175],[-84.875,34.174],[-84.825,34.162],[-84.775,34.15],[-84.725,34.139],[-84.675,34.129],[-84.652,34.125],[-84.625,34.12],[-84.575,34.112],[-84.56,34.11]],[[-80.125,35.015],[-80.091,35.025],[-80.075,35.03],[-80.025,35.045],[-79.975,35.06],[-79.925,35.075],[-79.925,35.075],[-79.875,35.09],[-79.825,35.106],[-79.775,35.121],[-79.764,35.125],[-79.725,35.137],[-79.675,35.153],[-79.625,35.169],[-79.607,35.175],[-79.575,35.185],[-79.525,35.201],[-79.475,35.217],[-79.451,35.225],[-79.425,35.233],[-79.375,35.249],[-79.325,35.265],[-79.291,35.275],[-79.275,35.28],[-79.225,35.294],[-79.175,35.309],[-79.125,35.323],[-79.118,35.325],[-79.075,35.336],[-79.025,35.349],[-78.975,35.362],[-78.925,35.374],[-78.92,35.375],[-78.875,35.385],[-78.825,35.396],[-78.775,35.405],[-78.725,35.415],[-78.675,35.423],[-78.664,35.425],[-78.625,35.431],[-78.575,35.438],[-78.525,35.445],[-78.475,35.451],[-78.425,35.457],[-78.375,35.462],[-78.325,35.467],[-78.275,35.471],[-78.225,35.475],[-78.223,35.475],[-78.175,35.478],[-78.125,35.482],[-78.075,35.484],[-78.025,35.487],[-77.975,35.489],[-77.925,35.491],[-77.875,35.493],[-77.825,35.494],[-77.775,35.495],[-77.725,35.495],[-77.675,35.495],[-77.625,35.494],[-77.575,35.493],[-77.525,35.492],[-77.475,35.489],[-77.425,35.486],[-77.375,35.483],[-77.325,35.478],[-77.291,35.475],[-77.275,35.473],[-77.225,35.467],[-77.175,35.461],[-77.125,35.453],[-77.075,35.445],[-77.025,35.436],[-76.976,35.426]]]}},{"type":"Feature","properties":{"date":"2024-04-04","label":"4 Apr","yday":95,"tier":"five","major":false},"geometry":{"type":"MultiLineString","coordinates":[[[-80.084,35.134],[-80.075,35.136],[-80.025,35.151],[-79.975,35.165],[-79.943,35.175],[-79.925,35.18],[-79.875,35.195],[-79.825,35.21],[-79.777,35.225],[-79.775,35.226],[-79.725,35.241],[-79.675,35.257],[-79.625,35.272],[-79.616,35.275],[-79.575,35.288],[-79.525,35.303],[-79.475,35.319],[-79.455,35.325],[-79.425,35.334],[-79.375,35.349],[-79.325,35.364],[-79.286,35.375],[-79.275,35.378],[-79.225,35.392],[-79.175,35.406],[-79.125,35.42],[-79.104,35.425],[-79.075,35.433],[-79.025,35.446],[-78.975,35.458],[-78.925,35.47],[-78.904,35.475],[-78.875,35.482],[-78.825,35.493],[-78.775,35.503],[-78.725,35.513],[-78.675,35.522],[-78.655,35.525],[-78.625,35.53],[-78.575,35.538],[-78.525,35.545],[-78.475,35.552],[-78.425,35.558],[-78.375,35.564],[-78.325,35.569],[-78.275,35.574],[-78.264,35.575],[-78.225,35.579],[-78.175,35.583],[-78.125,35.587],[-78.075,35.591],[-78.025,35.594],[-77.975,35.598],[-77.925,35.6],[-77.875,35.603],[-77.825,35.605],[-77.775,35.606],[-77.725,35.608],[-77.675,35.608],[-77.625,35.609],[-77.575,35.609],[-77.525,35.608],[-77.475,35.607],[-77.425,35.605],[-77.375,35.603],[-77.325,35.6],[-77.275,35.596],[-77.225,35.591],[-77.175,35.586],[-77.125,35.58],[-77.087,35.575],[-77.075,35.573],[-77.025,35.566],[-76.975,35.557],[-76.925,35.547],[-76.907,35.543]]]}},{"type":"Feature","properties":{"date":"2024-04-05","label":"5 Apr","yday":96,"tier":"day","major":false},"geometry":{"type":"MultiLineString","coordinates":[[[-80.125,35.227],[-80.075,35.241],[-80.025,35.255],[-79.975,35.269],[-79.955,35.275],[-79.925,35.284],[-79.893,35.293]],[[-79.842,35.308],[-79.825,35.313],[-79.785,35.325],[-79.775,35.328],[-79.725,35.343],[-79.675,35.358],[-79.625,35.373],[-79.619,35.375],[-79.575,35.388],[-79.525,35.403],[-79.508,35.408]],[[-79.325,35.461],[-79.275,35.475],[-79.275,35.475],[-79.225,35.489],[-79.175,35.502],[-79.125,35.515],[-79.087,35.525]],[[-78.925,35.566],[-78.888,35.575],[-78.875,35.578],[-78.825,35.589],[-78.775,35.6],[-78.725,35.61],[-78.675,35.619],[-78.641,35.625],[-78.625,35.628],[-78.575,35.636],[-78.525,35.643],[-78.475,35.65],[-78.453,35.653]],[[-78.332,35.668],[-78.325,35.669],[-78.275,35.674],[-78.27,35.675],[-78.225,35.68],[-78.175,35.685],[-78.125,35.69],[-78.075,35.695],[-78.025,35.699],[-77.975,35.703],[-77.925,35.707],[-77.875,35.71],[-77.825,35.713],[-77.775,35.715],[-77.725,35.717],[-77.675,35.718],[-77.625,35.719],[-77.575,35.72],[-77.525,35.72],[-77.475,35.72],[-77.425,35.719],[-77.375,35.718],[-77.325,35.716],[-77.275,35.713],[-77.225,35.71],[-77.175,35.707],[-77.125,35.702],[-77.075,35.697],[-77.025,35.691],[-76.975,35.684],[-76.925,35.677],[-76.916,35.675],[-76.875,35.668],[-76.825,35.658],[-76.775,35.647],[-76.725,35.635]]]}},{"type":"Feature","properties":{"date":"2024-04-06","label":"6 Apr","yday":97,"tier":"day","major":false},"geometry":{"type":"MultiLineString","coordinates":[[[-80.117,35.333],[-80.075,35.344],[-80.025,35.358],[-79.975,35.372],[-79.973,35.373]],[[-78.875,35.675],[-78.874,35.675],[-78.825,35.686],[-78.775,35.697],[-78.725,35.707],[-78.71,35.71]],[[-78.107,35.793],[-78.075,35.796],[-78.025,35.801],[-77.975,35.806],[-77.925,35.811],[-77.875,35.815],[-77.825,35.818],[-77.775,35.821],[-77.725,35.823],[-77.675,35.825],[-77.669,35.825],[-77.625,35.826],[-77.575,35.828],[-77.525,35.829],[-77.475,35.829],[-77.425,35.83],[-77.375,35.829],[-77.325,35.829],[-77.275,35.828],[-77.225,35.826],[-77.192,35.825],[-77.175,35.824],[-77.125,35.822],[-77.075,35.819],[-77.025,35.815],[-76.975,35.81],[-76.925,35.804],[-76.875,35.798],[-76.825,35.791],[-76.775,35.782],[-76.739,35.775],[-76.725,35.772],[-76.675,35.761],[-76.646,35.754]]]}},{"type":"Feature","properties":{"date":"2024-04-07","label":"7 Apr","yday":98,"tier":"day","major":false},"geometry":{"type":"MultiLineString","coordinates":[[[-77.995,35.905],[-77.975,35.907],[-77.925,35.912],[-77.875,35.917],[-77.825,35.921],[-77.775,35.924],[-77.757,35.925],[-77.725,35.927],[-77.675,35.929],[-77.625,35.932],[-77.575,35.934],[-77.525,35.936],[-77.475,35.937],[-77.425,35.939],[-77.375,35.94],[-77.325,35.94],[-77.275,35.941],[-77.225,35.941],[-77.175,35.941],[-77.125,35.94],[-77.075,35.939],[-77.025,35.937],[-76.975,35.935],[-76.925,35.931],[-76.875,35.928],[-76.846,35.925],[-76.825,35.923],[-76.775,35.917],[-76.725,35.91],[-76.675,35.902],[-76.625,35.892],[-76.575,35.881]]]}},{"type":"Feature","properties":{"date":"2024-04-08","label":"8 Apr","yday":99,"tier":"day","major":false},"geometry":{"type":"MultiLineString","coordinates":[[[-75.975,35.812],[-75.925,35.791],[-75.886,35.775],[-75.875,35.77],[-75.842,35.758]],[[-77.883,36.017],[-77.875,36.018],[-77.825,36.023],[-77.795,36.025],[-77.775,36.027],[-77.725,36.03],[-77.675,36.034],[-77.625,36.037],[-77.575,36.04],[-77.525,36.043],[-77.475,36.045],[-77.425,36.048],[-77.375,36.05],[-77.325,36.052],[-77.275,36.054],[-77.225,36.056],[-77.175,36.057],[-77.125,36.058],[-77.075,36.059],[-77.025,36.059],[-76.975,36.059],[-76.925,36.059],[-76.875,36.057],[-76.825,36.055],[-76.775,36.052],[-76.75,36.05]],[[-76.579,36.029],[-76.575,36.029]]]}},{"type":"Feature","properties":{"date":"2024-04-09","label":"9 Apr","yday":100,"tier":"five","major":false},"geometry":{"type":"MultiLineString","coordinates":[[[-77.768,36.132],[-77.725,36.136],[-77.675,36.14],[-77.625,36.144],[-77.575,36.148],[-77.525,36.152],[-77.475,36.156],[-77.425,36.16],[-77.375,36.163],[-77.325,36.167],[-77.275,36.17],[-77.225,36.173],[-77.196,36.175],[-77.175,36.176],[-77.125,36.179],[-77.075,36.182],[-77.025,36.184],[-76.975,36.186],[-76.925,36.188],[-76.875,36.189],[-76.825,36.189],[-76.775,36.188],[-76.737,36.187]],[[-76.714,36.186],[-76.675,36.184],[-76.625,36.18],[-76.582,36.175],[-76.575,36.174]]]}},{"type":"Feature","properties":{"date":"2024-04-10","label":"10 Apr","yday":101,"tier":"day","major":false},"geometry":{"type":"MultiLineString","coordinates":[[[-77.702,36.248],[-77.675,36.25],[-77.625,36.255],[-77.575,36.261],[-77.525,36.266],[-77.475,36.271],[-77.44,36.275],[-77.425,36.277],[-77.375,36.282],[-77.325,36.287],[-77.275,36.292],[-77.225,36.297],[-77.175,36.301],[-77.125,36.306],[-77.075,36.31],[-77.025,36.315],[-76.975,36.319],[-76.925,36.322],[-76.877,36.325],[-76.875,36.325],[-76.825,36.327],[-76.775,36.329],[-76.725,36.33],[-76.675,36.329],[-76.625,36.328],[-76.58,36.325],[-76.575,36.325],[-76.525,36.321],[-76.484,36.316]]]}},{"type":"Feature","properties":{"date":"2024-04-11","label":"11 Apr","yday":102,"tier":"day","major":false},"geometry":{"type":"MultiLineString","coordinates":[[[-77.625,36.376],[-77.575,36.383],[-77.525,36.39],[-77.475,36.397],[-77.425,36.404],[-77.375,36.411],[-77.325,36.418],[-77.275,36.424],[-77.266,36.425],[-77.225,36.43],[-77.175,36.437],[-77.125,36.443],[-77.075,36.449],[-77.025,36.455],[-76.975,36.46],[-76.925,36.466],[-76.875,36.47],[-76.825,36.474],[-76.818,36.475],[-76.775,36.478],[-76.725,36.481],[-76.675,36.483],[-76.625,36.485],[-76.575,36.485],[-76.525,36.484],[-76.475,36.482],[-76.425,36.479],[-76.422,36.478]]]}},{"type":"Feature","properties":{"date":"2024-04-12","label":"12 Apr","yday":103,"tier":"day","major":false},"geometry":{"type":"MultiLineString","coordinates":[[[-77.7,36.5],[-77.675,36.504],[-77.625,36.512],[-77.575,36.52],[-77.547,36.525],[-77.525,36.529],[-77.475,36.537],[-77.425,36.545],[-77.375,36.553],[-77.325,36.562],[-77.275,36.569],[-77.238,36.575],[-77.225,36.577],[-77.175,36.585],[-77.125,36.592],[-77.075,36.6],[-77.025,36.607],[-76.975,36.613],[-76.925,36.62],[-76.886,36.625],[-76.875,36.626],[-76.825,36.633],[-76.775,36.639],[-76.725,36.644],[-76.675,36.649],[-76.625,36.654],[-76.575,36.657],[-76.525,36.659],[-76.475,36.661],[-76.425,36.661],[-76.375,36.66],[-76.325,36.659]]]}},{"type":"Feature","properties":{"date":"2024-04-13","label":"13 Apr","yday":104,"tier":"day","major":false},"geometry":{"type":"MultiLineString","coordinates":[[[-77.875,36.614],[-77.825,36.624],[-77.818,36.625],[-77.775,36.634],[-77.725,36.643],[-77.675,36.653],[-77.657,36.657]],[[-76.849,36.801],[-76.825,36.805],[-76.775,36.813],[-76.725,36.82],[-76.688,36.825]]]}}]}