{"type":"FeatureCollection","features":[{"type":"Feature","properties":{"date":"2008-02-08","label":"8 Feb","yday":39,"tier":"day","major":false},"geometry":{"type":"MultiLineString","coordinates":[[[-81.508,26.825],[-81.475,26.85],[-81.443,26.875],[-81.425,26.889],[-81.378,26.925],[-81.375,26.927],[-81.365,26.935]]]}},{"type":"Feature","properties":{"date":"2008-02-09","label":"9 Feb","yday":40,"tier":"five","major":false},"geometry":{"type":"MultiLineString","coordinates":[[[-82.05,26.675],[-82.025,26.691],[-81.975,26.722],[-81.971,26.725],[-81.925,26.755],[-81.896,26.775],[-81.875,26.789],[-81.825,26.825],[-81.825,26.825],[-81.775,26.861],[-81.756,26.875],[-81.725,26.898],[-81.69,26.925],[-81.675,26.937],[-81.625,26.975],[-81.625,26.975],[-81.575,27.014],[-81.56,27.025],[-81.525,27.052],[-81.496,27.075],[-81.475,27.091],[-81.431,27.125],[-81.425,27.13],[-81.375,27.168],[-81.365,27.175],[-81.325,27.205],[-81.299,27.225],[-81.275,27.243],[-81.231,27.275],[-81.225,27.279],[-81.175,27.315],[-81.161,27.325],[-81.125,27.35],[-81.088,27.375],[-81.075,27.384],[-81.025,27.417],[-81.012,27.425],[-80.975,27.449],[-80.933,27.475],[-80.925,27.48],[-80.875,27.509],[-80.848,27.525],[-80.825,27.538],[-80.775,27.565]]]}},{"type":"Feature","properties":{"date":"2008-02-10","label":"10 Feb","yday":41,"tier":"day","major":false},"geometry":{"type":"MultiLineString","coordinates":[[[-82.025,26.918],[-82.015,26.925],[-81.975,26.953],[-81.945,26.975],[-81.925,26.989],[-81.877,27.025],[-81.875,27.026],[-81.825,27.064],[-81.81,27.075],[-81.775,27.102],[-81.745,27.125],[-81.725,27.14],[-81.679,27.175],[-81.675,27.178],[-81.625,27.216],[-81.613,27.225],[-81.575,27.254],[-81.547,27.275],[-81.525,27.291],[-81.48,27.325],[-81.475,27.328],[-81.425,27.365],[-81.411,27.375],[-81.375,27.401],[-81.342,27.425],[-81.325,27.437],[-81.275,27.472],[-81.271,27.475],[-81.225,27.506],[-81.198,27.525],[-81.175,27.54],[-81.125,27.573],[-81.122,27.575],[-81.075,27.605],[-81.043,27.625],[-81.025,27.636],[-80.975,27.666],[-80.961,27.675],[-80.925,27.696],[-80.875,27.724],[-80.873,27.725],[-80.825,27.751],[-80.809,27.759]]]}},{"type":"Feature","properties":{"date":"2008-02-11","label":"11 Feb","yday":42,"tier":"day","major":false},"geometry":{"type":"MultiLineString","coordinates":[[[-82.341,26.941],[-82.325,26.952],[-82.289,26.975],[-82.275,26.984],[-82.225,27.018],[-82.214,27.025],[-82.175,27.051],[-82.141,27.075],[-82.125,27.086],[-82.075,27.121],[-82.07,27.125],[-82.025,27.157],[-82.0,27.175],[-81.975,27.193],[-81.931,27.225],[-81.925,27.23],[-81.875,27.266],[-81.863,27.275],[-81.825,27.303],[-81.795,27.325],[-81.775,27.339],[-81.726,27.375],[-81.725,27.376],[-81.675,27.412],[-81.657,27.425],[-81.625,27.448],[-81.587,27.475],[-81.575,27.483],[-81.525,27.518],[-81.516,27.525],[-81.475,27.553],[-81.444,27.575],[-81.425,27.588],[-81.375,27.622],[-81.371,27.625],[-81.325,27.656],[-81.297,27.675],[-81.275,27.69],[-81.225,27.722],[-81.221,27.725],[-81.175,27.754],[-81.142,27.775],[-81.125,27.786],[-81.075,27.816],[-81.061,27.825],[-81.025,27.846],[-80.975,27.875],[-80.975,27.875],[-80.925,27.903],[-80.91,27.91]]]}},{"type":"Feature","properties":{"date":"2008-02-12","label":"12 Feb","yday":43,"tier":"day","major":false},"geometry":{"type":"MultiLineString","coordinates":[[[-82.425,27.113],[-82.407,27.125],[-82.375,27.147],[-82.333,27.175],[-82.325,27.181],[-82.275,27.215],[-82.261,27.225],[-82.225,27.25],[-82.189,27.275],[-82.175,27.285],[-82.125,27.319],[-82.117,27.325],[-82.075,27.354],[-82.045,27.375],[-82.025,27.389],[-81.975,27.424],[-81.974,27.425],[-81.925,27.459],[-81.901,27.475],[-81.875,27.493],[-81.829,27.525],[-81.825,27.528],[-81.775,27.562],[-81.755,27.575],[-81.725,27.596],[-81.682,27.625],[-81.675,27.629],[-81.625,27.663],[-81.607,27.675],[-81.575,27.697],[-81.533,27.725],[-81.525,27.73],[-81.475,27.764],[-81.458,27.775],[-81.425,27.797],[-81.383,27.825],[-81.375,27.83],[-81.325,27.863],[-81.306,27.875],[-81.275,27.895],[-81.227,27.925],[-81.225,27.926],[-81.175,27.957],[-81.144,27.975],[-81.125,27.986],[-81.075,28.015],[-81.058,28.025],[-81.025,28.043],[-80.975,28.07],[-80.966,28.075],[-80.925,28.096]]]}},{"type":"Feature","properties":{"date":"2008-02-13","label":"13 Feb","yday":44,"tier":"day","major":false},"geometry":{"type":"MultiLineString","coordinates":[[[-82.525,27.266],[-82.512,27.275],[-82.475,27.301],[-82.44,27.325],[-82.425,27.335],[-82.375,27.37],[-82.367,27.375],[-82.325,27.404],[-82.294,27.425],[-82.275,27.438],[-82.225,27.472],[-82.22,27.475],[-82.175,27.505],[-82.146,27.525],[-82.125,27.539],[-82.075,27.572],[-82.07,27.575],[-82.025,27.605],[-81.994,27.625],[-81.975,27.637],[-81.925,27.67],[-81.917,27.675],[-81.875,27.702],[-81.839,27.725],[-81.825,27.734],[-81.775,27.766],[-81.761,27.775],[-81.725,27.798],[-81.683,27.825],[-81.675,27.83],[-81.625,27.863],[-81.607,27.875],[-81.575,27.896],[-81.53,27.925],[-81.525,27.928],[-81.475,27.961],[-81.453,27.975],[-81.425,27.993],[-81.375,28.025],[-81.375,28.025],[-81.325,28.056],[-81.294,28.075],[-81.275,28.087],[-81.225,28.116],[-81.21,28.125],[-81.175,28.145],[-81.125,28.173],[-81.121,28.175],[-81.075,28.2],[-81.025,28.225],[-81.025,28.225],[-80.975,28.249],[-80.958,28.258]]]}},{"type":"Feature","properties":{"date":"2008-02-14","label":"14 Feb","yday":45,"tier":"index","major":true},"geometry":{"type":"MultiLineString","coordinates":[[[-82.586,27.436],[-82.575,27.443],[-82.529,27.475],[-82.525,27.478],[-82.475,27.512],[-82.456,27.525],[-82.425,27.546],[-82.381,27.575],[-82.375,27.579],[-82.325,27.612],[-82.305,27.625],[-82.275,27.644],[-82.227,27.675],[-82.225,27.676],[-82.175,27.708],[-82.148,27.725],[-82.125,27.74],[-82.075,27.771],[-82.069,27.775],[-82.025,27.802],[-81.988,27.825],[-81.975,27.833],[-81.925,27.864],[-81.906,27.875],[-81.875,27.894],[-81.825,27.924],[-81.824,27.925],[-81.775,27.955],[-81.744,27.975],[-81.725,27.987],[-81.675,28.019],[-81.666,28.025],[-81.625,28.051],[-81.588,28.075],[-81.575,28.083],[-81.525,28.115],[-81.509,28.125],[-81.475,28.146],[-81.429,28.175],[-81.425,28.177],[-81.375,28.207],[-81.346,28.225],[-81.325,28.237],[-81.275,28.266],[-81.258,28.275],[-81.225,28.293],[-81.175,28.32],[-81.165,28.325],[-81.125,28.345],[-81.075,28.369],[-81.063,28.375],[-81.025,28.392],[-80.975,28.414]]]}},{"type":"Feature","properties":{"date":"2008-02-15","label":"15 Feb","yday":46,"tier":"day","major":false},"geometry":{"type":"MultiLineString","coordinates":[[[-82.388,27.762],[-82.375,27.77],[-82.367,27.775],[-82.325,27.801],[-82.287,27.825],[-82.275,27.832],[-82.225,27.863],[-82.205,27.875],[-82.175,27.893],[-82.125,27.924],[-82.123,27.925],[-82.075,27.954],[-82.04,27.975],[-82.025,27.984],[-81.975,28.014],[-81.956,28.025],[-81.925,28.043],[-81.875,28.074],[-81.873,28.075],[-81.825,28.104],[-81.791,28.125],[-81.775,28.135],[-81.725,28.166],[-81.711,28.175],[-81.675,28.197],[-81.63,28.225],[-81.625,28.228],[-81.575,28.259],[-81.549,28.275],[-81.525,28.289],[-81.475,28.319],[-81.465,28.325],[-81.425,28.348],[-81.379,28.375],[-81.375,28.377],[-81.325,28.405],[-81.287,28.425],[-81.275,28.431],[-81.225,28.457],[-81.188,28.475],[-81.175,28.481],[-81.125,28.504],[-81.078,28.525],[-81.075,28.526],[-81.025,28.547]]]}},{"type":"Feature","properties":{"date":"2008-02-16","label":"16 Feb","yday":47,"tier":"day","major":false},"geometry":{"type":"MultiLineString","coordinates":[[[-82.693,27.743],[-82.675,27.756],[-82.646,27.775],[-82.625,27.789]],[[-82.542,27.842],[-82.525,27.852]],[[-82.418,27.918],[-82.406,27.925],[-82.375,27.943],[-82.325,27.973],[-82.322,27.975],[-82.275,28.003],[-82.238,28.025],[-82.225,28.032],[-82.175,28.062],[-82.153,28.075],[-82.125,28.092],[-82.075,28.121],[-82.069,28.125],[-82.025,28.151],[-81.984,28.175],[-81.975,28.181],[-81.925,28.211],[-81.901,28.225],[-81.875,28.241],[-81.825,28.271],[-81.819,28.275],[-81.775,28.302],[-81.737,28.325],[-81.725,28.332],[-81.675,28.362],[-81.654,28.375],[-81.625,28.392],[-81.575,28.422],[-81.57,28.425],[-81.525,28.451],[-81.483,28.475],[-81.475,28.479],[-81.425,28.507],[-81.392,28.525],[-81.375,28.534],[-81.325,28.559],[-81.294,28.575],[-81.275,28.584],[-81.225,28.608],[-81.187,28.625],[-81.175,28.63],[-81.125,28.652],[-81.075,28.673]]]}},{"type":"Feature","properties":{"date":"2008-02-17","label":"17 Feb","yday":48,"tier":"day","major":false},"geometry":{"type":"MultiLineString","coordinates":[[[-82.823,27.825],[-82.775,27.857],[-82.749,27.875],[-82.725,27.89],[-82.704,27.904]],[[-82.58,27.98],[-82.575,27.984],[-82.525,28.013],[-82.505,28.025],[-82.475,28.043],[-82.425,28.072],[-82.42,28.075],[-82.375,28.101],[-82.334,28.125],[-82.325,28.13],[-82.275,28.159],[-82.248,28.175],[-82.225,28.188],[-82.175,28.218],[-82.162,28.225],[-82.125,28.247],[-82.078,28.275],[-82.075,28.277],[-82.025,28.306],[-81.994,28.325],[-81.975,28.336],[-81.925,28.367],[-81.911,28.375],[-81.875,28.397],[-81.828,28.425],[-81.825,28.427],[-81.775,28.457],[-81.744,28.475],[-81.725,28.486],[-81.675,28.515],[-81.659,28.525],[-81.625,28.544],[-81.575,28.572],[-81.571,28.575],[-81.525,28.6],[-81.478,28.625],[-81.475,28.627],[-81.425,28.653],[-81.381,28.675],[-81.375,28.678],[-81.325,28.702],[-81.276,28.725],[-81.275,28.726],[-81.225,28.748],[-81.175,28.77],[-81.162,28.775],[-81.125,28.79],[-81.075,28.81]]]}},{"type":"Feature","properties":{"date":"2008-02-18","label":"18 Feb","yday":49,"tier":"day","major":false},"geometry":{"type":"MultiLineString","coordinates":[[[-82.812,27.988],[-82.775,28.011],[-82.753,28.025],[-82.725,28.042],[-82.675,28.073],[-82.671,28.075],[-82.625,28.102],[-82.586,28.125],[-82.575,28.131],[-82.525,28.16],[-82.5,28.175],[-82.475,28.189],[-82.425,28.218],[-82.413,28.225],[-82.375,28.247],[-82.326,28.275],[-82.325,28.276],[-82.275,28.305],[-82.241,28.325],[-82.225,28.334],[-82.175,28.364],[-82.156,28.375],[-82.125,28.393],[-82.075,28.423],[-82.072,28.425],[-82.025,28.453],[-81.988,28.475],[-81.975,28.483],[-81.925,28.513],[-81.904,28.525],[-81.875,28.542],[-81.825,28.572],[-81.82,28.575],[-81.775,28.601],[-81.733,28.625],[-81.725,28.629],[-81.675,28.657],[-81.643,28.675],[-81.625,28.685],[-81.575,28.711],[-81.549,28.725],[-81.525,28.737],[-81.475,28.763],[-81.451,28.775],[-81.425,28.788],[-81.375,28.811],[-81.346,28.825],[-81.325,28.835],[-81.275,28.857],[-81.234,28.875],[-81.225,28.879],[-81.175,28.9],[-81.125,28.919],[-81.111,28.925],[-81.075,28.938],[-81.025,28.956]]]}},{"type":"Feature","properties":{"date":"2008-02-19","label":"19 Feb","yday":50,"tier":"five","major":false},"geometry":{"type":"MultiLineString","coordinates":[[[-82.775,28.154],[-82.739,28.175],[-82.725,28.183],[-82.675,28.213],[-82.654,28.225],[-82.625,28.242],[-82.575,28.27],[-82.567,28.275],[-82.525,28.299],[-82.479,28.325],[-82.475,28.327],[-82.425,28.356],[-82.392,28.375],[-82.375,28.385],[-82.325,28.414],[-82.306,28.425],[-82.275,28.443],[-82.225,28.473],[-82.222,28.475],[-82.175,28.503],[-82.137,28.525],[-82.125,28.532],[-82.075,28.562],[-82.053,28.575],[-82.025,28.591],[-81.975,28.621],[-81.968,28.625],[-81.925,28.65],[-81.882,28.675],[-81.875,28.679],[-81.825,28.707],[-81.793,28.725],[-81.775,28.735],[-81.725,28.762],[-81.702,28.775],[-81.675,28.789],[-81.625,28.815],[-81.605,28.825],[-81.575,28.84],[-81.525,28.865],[-81.505,28.875],[-81.475,28.889],[-81.425,28.913],[-81.399,28.925],[-81.375,28.936],[-81.325,28.958],[-81.287,28.975],[-81.275,28.98],[-81.225,29.001],[-81.175,29.021],[-81.165,29.025],[-81.125,29.04],[-81.075,29.058],[-81.027,29.075],[-81.025,29.076],[-80.975,29.091]]]}},{"type":"Feature","properties":{"date":"2008-02-20","label":"20 Feb","yday":51,"tier":"day","major":false},"geometry":{"type":"MultiLineString","coordinates":[[[-82.675,28.347],[-82.625,28.375],[-82.625,28.375],[-82.575,28.403],[-82.537,28.425],[-82.525,28.432],[-82.475,28.46],[-82.449,28.475],[-82.425,28.489],[-82.375,28.518],[-82.363,28.525],[-82.325,28.547],[-82.278,28.575],[-82.275,28.577],[-82.225,28.606],[-82.193,28.625],[-82.175,28.635],[-82.125,28.665],[-82.107,28.675],[-82.075,28.694],[-82.025,28.722],[-82.021,28.725],[-81.975,28.751],[-81.932,28.775],[-81.925,28.779],[-81.875,28.807],[-81.842,28.825],[-81.825,28.834],[-81.775,28.86],[-81.747,28.875],[-81.725,28.886],[-81.675,28.911],[-81.647,28.925],[-81.625,28.936],[-81.575,28.96],[-81.544,28.975],[-81.525,28.984],[-81.475,29.007],[-81.436,29.025],[-81.425,29.03],[-81.375,29.052],[-81.325,29.074],[-81.323,29.075],[-81.275,29.095],[-81.225,29.115],[-81.2,29.125],[-81.175,29.135],[-81.125,29.153],[-81.075,29.171],[-81.061,29.175],[-81.025,29.186],[-80.995,29.195]]]}},{"type":"Feature","properties":{"date":"2008-02-21","label":"21 Feb","yday":52,"tier":"day","major":false},"geometry":{"type":"MultiLineString","coordinates":[[[-82.625,28.505],[-82.589,28.525],[-82.575,28.533],[-82.525,28.561],[-82.501,28.575],[-82.475,28.59],[-82.425,28.619],[-82.414,28.625],[-82.375,28.647],[-82.327,28.675],[-82.325,28.676],[-82.275,28.705],[-82.24,28.725],[-82.225,28.734],[-82.175,28.762],[-82.152,28.775],[-82.125,28.79],[-82.075,28.818],[-82.063,28.825],[-82.025,28.846],[-81.975,28.873],[-81.972,28.875],[-81.925,28.9],[-81.877,28.925],[-81.875,28.926],[-81.825,28.952],[-81.779,28.975],[-81.775,28.977],[-81.725,29.002],[-81.677,29.025],[-81.675,29.026],[-81.625,29.049],[-81.575,29.073],[-81.571,29.075],[-81.525,29.096],[-81.475,29.118],[-81.46,29.125],[-81.425,29.14],[-81.375,29.162],[-81.343,29.175],[-81.325,29.183],[-81.275,29.203],[-81.225,29.222],[-81.218,29.225],[-81.175,29.241],[-81.125,29.259],[-81.076,29.275],[-81.075,29.275]]]}},{"type":"Feature","properties":{"date":"2008-02-22","label":"22 Feb","yday":53,"tier":"day","major":false},"geometry":{"type":"MultiLineString","coordinates":[[[-82.625,28.631],[-82.575,28.659],[-82.547,28.675],[-82.525,28.687],[-82.475,28.715],[-82.458,28.725],[-82.425,28.743],[-82.375,28.772],[-82.369,28.775],[-82.325,28.8],[-82.28,28.825],[-82.275,28.828],[-82.225,28.855],[-82.189,28.875],[-82.175,28.883],[-82.125,28.91],[-82.096,28.925],[-82.075,28.936],[-82.025,28.963],[-82.001,28.975],[-81.975,28.988],[-81.925,29.014],[-81.903,29.025],[-81.875,29.039],[-81.825,29.063],[-81.801,29.075],[-81.775,29.087],[-81.725,29.111],[-81.695,29.125],[-81.675,29.134],[-81.625,29.157],[-81.585,29.175],[-81.575,29.179],[-81.525,29.201],[-81.475,29.223],[-81.47,29.225],[-81.425,29.244],[-81.375,29.265],[-81.35,29.275],[-81.325,29.285],[-81.275,29.304],[-81.225,29.323],[-81.22,29.325],[-81.175,29.341],[-81.125,29.358],[-81.075,29.373]]]}},{"type":"Feature","properties":{"date":"2008-02-23","label":"23 Feb","yday":54,"tier":"day","major":false},"geometry":{"type":"MultiLineString","coordinates":[[[-82.625,28.754],[-82.587,28.775],[-82.575,28.781],[-82.525,28.809],[-82.496,28.825],[-82.475,28.836],[-82.425,28.864],[-82.405,28.875],[-82.375,28.891],[-82.325,28.918],[-82.312,28.925],[-82.275,28.945],[-82.225,28.971],[-82.218,28.975],[-82.175,28.998],[-82.125,29.023],[-82.122,29.025],[-82.075,29.049],[-82.025,29.074],[-82.023,29.075],[-81.975,29.098],[-81.925,29.123],[-81.92,29.125],[-81.875,29.146],[-81.825,29.17],[-81.814,29.175],[-81.775,29.193],[-81.725,29.215],[-81.703,29.225],[-81.675,29.238],[-81.625,29.259],[-81.589,29.275],[-81.575,29.281],[-81.525,29.302],[-81.475,29.323],[-81.47,29.325],[-81.425,29.343],[-81.375,29.363],[-81.343,29.375],[-81.325,29.382],[-81.275,29.4],[-81.225,29.418],[-81.206,29.425],[-81.175,29.435],[-81.125,29.452]]]}},{"type":"Feature","properties":{"date":"2008-02-24","label":"24 Feb","yday":55,"tier":"five","major":false},"geometry":{"type":"MultiLineString","coordinates":[[[-82.625,28.873],[-82.621,28.875],[-82.575,28.9],[-82.528,28.925],[-82.525,28.927],[-82.475,28.953],[-82.434,28.975],[-82.425,28.98],[-82.375,29.006],[-82.338,29.025],[-82.325,29.032],[-82.275,29.058],[-82.241,29.075],[-82.225,29.083],[-82.175,29.108],[-82.14,29.125],[-82.125,29.132],[-82.075,29.157],[-82.036,29.175],[-82.025,29.18],[-81.975,29.204],[-81.929,29.225],[-81.925,29.227],[-81.875,29.249],[-81.825,29.272],[-81.818,29.275],[-81.775,29.294],[-81.725,29.316],[-81.703,29.325],[-81.675,29.337],[-81.625,29.358],[-81.584,29.375],[-81.575,29.379],[-81.525,29.399],[-81.475,29.419],[-81.459,29.425],[-81.425,29.438],[-81.375,29.457],[-81.326,29.475],[-81.325,29.475],[-81.275,29.493],[-81.225,29.511],[-81.182,29.525],[-81.175,29.527]]]}},{"type":"Feature","properties":{"date":"2008-02-25","label":"25 Feb","yday":56,"tier":"day","major":false},"geometry":{"type":"MultiLineString","coordinates":[[[-82.7,28.95],[-82.675,28.963],[-82.652,28.975],[-82.625,28.989],[-82.575,29.015],[-82.556,29.025],[-82.525,29.041],[-82.475,29.066],[-82.458,29.075],[-82.425,29.092],[-82.375,29.117],[-82.359,29.125],[-82.325,29.142],[-82.275,29.166],[-82.257,29.175],[-82.225,29.19],[-82.175,29.214],[-82.152,29.225],[-82.125,29.237],[-82.075,29.26],[-82.043,29.275],[-82.025,29.283],[-81.975,29.306],[-81.931,29.325],[-81.925,29.328],[-81.875,29.349],[-81.825,29.371],[-81.815,29.375],[-81.775,29.392],[-81.725,29.413],[-81.695,29.425],[-81.675,29.433],[-81.625,29.453],[-81.575,29.473],[-81.57,29.475],[-81.525,29.493],[-81.475,29.512],[-81.44,29.525],[-81.425,29.53],[-81.375,29.549],[-81.325,29.567],[-81.301,29.575],[-81.275,29.584],[-81.225,29.601],[-81.207,29.607]]]}},{"type":"Feature","properties":{"date":"2008-02-26","label":"26 Feb","yday":57,"tier":"day","major":false},"geometry":{"type":"MultiLineString","coordinates":[[[-82.725,29.051],[-82.678,29.075],[-82.675,29.076],[-82.625,29.102],[-82.579,29.125],[-82.575,29.127],[-82.525,29.152],[-82.478,29.175],[-82.475,29.176],[-82.425,29.201],[-82.375,29.225],[-82.374,29.225],[-82.325,29.248],[-82.275,29.272],[-82.268,29.275],[-82.225,29.295],[-82.175,29.317],[-82.158,29.325],[-82.125,29.34],[-82.075,29.362],[-82.044,29.375],[-82.025,29.383],[-81.975,29.405],[-81.927,29.425],[-81.925,29.426],[-81.875,29.447],[-81.825,29.467],[-81.806,29.475],[-81.775,29.487],[-81.725,29.507],[-81.68,29.525],[-81.675,29.527],[-81.625,29.546],[-81.575,29.566],[-81.55,29.575],[-81.525,29.584],[-81.475,29.603],[-81.425,29.621],[-81.414,29.625],[-81.375,29.639],[-81.325,29.657],[-81.275,29.674],[-81.272,29.675],[-81.237,29.687]]]}},{"type":"Feature","properties":{"date":"2008-02-27","label":"27 Feb","yday":58,"tier":"day","major":false},"geometry":{"type":"MultiLineString","coordinates":[[[-82.784,29.134],[-82.775,29.138],[-82.725,29.163],[-82.701,29.175],[-82.675,29.188],[-82.625,29.212],[-82.598,29.225],[-82.575,29.236],[-82.525,29.26],[-82.493,29.275],[-82.475,29.284],[-82.425,29.307],[-82.385,29.325],[-82.375,29.33],[-82.325,29.352],[-82.275,29.374],[-82.274,29.375],[-82.225,29.396],[-82.175,29.418],[-82.159,29.425],[-82.125,29.439],[-82.075,29.46],[-82.04,29.475],[-82.025,29.481],[-81.975,29.502],[-81.925,29.522],[-81.918,29.525],[-81.875,29.542],[-81.825,29.562],[-81.791,29.575],[-81.775,29.581],[-81.725,29.601],[-81.675,29.62],[-81.661,29.625],[-81.625,29.638],[-81.575,29.657],[-81.526,29.675],[-81.525,29.675],[-81.475,29.693],[-81.425,29.711],[-81.386,29.725],[-81.375,29.729],[-81.325,29.746],[-81.275,29.764]]]}},{"type":"Feature","properties":{"date":"2008-02-28","label":"28 Feb","yday":59,"tier":"day","major":false},"geometry":{"type":"MultiLineString","coordinates":[[[-82.892,29.192],[-82.875,29.201],[-82.826,29.225],[-82.825,29.225],[-82.775,29.25],[-82.725,29.273],[-82.722,29.275],[-82.675,29.297],[-82.625,29.32],[-82.615,29.325],[-82.575,29.344],[-82.525,29.366],[-82.506,29.375],[-82.475,29.389],[-82.425,29.411],[-82.393,29.425],[-82.375,29.433],[-82.325,29.454],[-82.277,29.475],[-82.275,29.476],[-82.225,29.497],[-82.175,29.517],[-82.157,29.525],[-82.125,29.538],[-82.075,29.558],[-82.033,29.575],[-82.025,29.578],[-81.975,29.598],[-81.925,29.617],[-81.905,29.625],[-81.875,29.637],[-81.825,29.656],[-81.775,29.674],[-81.774,29.675],[-81.725,29.693],[-81.675,29.711],[-81.638,29.725],[-81.625,29.73],[-81.575,29.748],[-81.525,29.766],[-81.499,29.775],[-81.475,29.783],[-81.425,29.801],[-81.375,29.819],[-81.357,29.825],[-81.325,29.836],[-81.296,29.846]]]}},{"type":"Feature","properties":{"date":"2008-02-29","label":"29 Feb","yday":60,"tier":"index","major":true},"geometry":{"type":"MultiLineString","coordinates":[[[-83.036,29.236],[-83.025,29.241],[-82.975,29.265],[-82.954,29.275],[-82.925,29.289],[-82.875,29.313],[-82.849,29.325],[-82.825,29.336],[-82.775,29.359],[-82.741,29.375],[-82.725,29.382],[-82.675,29.405],[-82.631,29.425],[-82.625,29.428],[-82.575,29.45],[-82.525,29.471],[-82.517,29.475],[-82.475,29.493],[-82.425,29.514],[-82.399,29.525],[-82.375,29.535],[-82.325,29.556],[-82.277,29.575],[-82.275,29.576],[-82.225,29.596],[-82.175,29.616],[-82.152,29.625],[-82.125,29.636],[-82.075,29.655],[-82.025,29.674],[-82.023,29.675],[-81.975,29.693],[-81.925,29.712],[-81.891,29.725],[-81.875,29.731],[-81.825,29.749],[-81.775,29.767],[-81.754,29.775],[-81.725,29.785],[-81.675,29.803],[-81.625,29.821],[-81.614,29.825],[-81.575,29.839],[-81.525,29.857],[-81.475,29.874],[-81.473,29.875],[-81.425,29.892],[-81.375,29.91],[-81.332,29.925],[-81.325,29.928]]]}},{"type":"Feature","properties":{"date":"2008-03-01","label":"1 Mar","yday":61,"tier":"day","major":false},"geometry":{"type":"MultiLineString","coordinates":[[[-83.112,29.312],[-83.086,29.325],[-83.075,29.33],[-83.025,29.354],[-82.98,29.375],[-82.975,29.377],[-82.925,29.401],[-82.875,29.424],[-82.872,29.425],[-82.825,29.446],[-82.775,29.469],[-82.76,29.475],[-82.725,29.491],[-82.675,29.512],[-82.646,29.525],[-82.625,29.534],[-82.575,29.555],[-82.527,29.575],[-82.525,29.576],[-82.475,29.596],[-82.425,29.617],[-82.404,29.625],[-82.375,29.637],[-82.325,29.657],[-82.278,29.675],[-82.275,29.676],[-82.225,29.695],[-82.175,29.715],[-82.148,29.725],[-82.125,29.734],[-82.075,29.752],[-82.025,29.771],[-82.014,29.775],[-81.975,29.789],[-81.925,29.807],[-81.876,29.825],[-81.875,29.825],[-81.825,29.843],[-81.775,29.861],[-81.735,29.875],[-81.725,29.878],[-81.675,29.896],[-81.625,29.914],[-81.593,29.925],[-81.575,29.931],[-81.525,29.949],[-81.475,29.967],[-81.452,29.975],[-81.425,29.985],[-81.375,30.003],[-81.325,30.021]]]}},{"type":"Feature","properties":{"date":"2008-03-02","label":"2 Mar","yday":62,"tier":"day","major":false},"geometry":{"type":"MultiLineString","coordinates":[[[-83.19,29.39],[-83.175,29.397],[-83.125,29.421],[-83.116,29.425],[-83.075,29.444],[-83.025,29.467],[-83.007,29.475],[-82.975,29.49],[-82.925,29.512],[-82.896,29.525],[-82.875,29.534],[-82.825,29.556],[-82.781,29.575],[-82.775,29.577],[-82.725,29.599],[-82.675,29.62],[-82.662,29.625],[-82.625,29.64],[-82.575,29.66],[-82.539,29.675],[-82.525,29.68],[-82.475,29.7],[-82.425,29.72],[-82.411,29.725],[-82.375,29.739],[-82.325,29.758],[-82.28,29.775],[-82.275,29.777],[-82.225,29.796],[-82.175,29.814],[-82.145,29.825],[-82.125,29.832],[-82.075,29.85],[-82.025,29.868],[-82.006,29.875],[-81.975,29.886],[-81.925,29.903],[-81.875,29.921],[-81.863,29.925],[-81.825,29.938],[-81.775,29.956],[-81.725,29.973],[-81.719,29.975],[-81.675,29.99],[-81.625,30.008],[-81.577,30.025],[-81.575,30.026],[-81.525,30.044],[-81.475,30.062],[-81.44,30.075],[-81.425,30.081],[-81.375,30.1]]]}},{"type":"Feature","properties":{"date":"2008-03-03","label":"3 Mar","yday":63,"tier":"day","major":false},"geometry":{"type":"MultiLineString","coordinates":[[[-83.269,29.469],[-83.257,29.475],[-83.225,29.49],[-83.175,29.513],[-83.148,29.525],[-83.125,29.535],[-83.075,29.558],[-83.036,29.575],[-83.025,29.58],[-82.975,29.602],[-82.925,29.624],[-82.922,29.625],[-82.875,29.645],[-82.825,29.666],[-82.803,29.675],[-82.775,29.687],[-82.725,29.707],[-82.68,29.725],[-82.675,29.727],[-82.625,29.747],[-82.575,29.767],[-82.553,29.775],[-82.525,29.786],[-82.475,29.805],[-82.425,29.824],[-82.422,29.825],[-82.375,29.842],[-82.325,29.861],[-82.286,29.875],[-82.275,29.879],[-82.225,29.897],[-82.175,29.915],[-82.146,29.925],[-82.125,29.932],[-82.075,29.95],[-82.025,29.967],[-82.002,29.975],[-81.975,29.984],[-81.925,30.001],[-81.875,30.018],[-81.855,30.025],[-81.825,30.035],[-81.775,30.052],[-81.725,30.069],[-81.709,30.075],[-81.675,30.087],[-81.625,30.105],[-81.575,30.123],[-81.569,30.125],[-81.525,30.142],[-81.475,30.161],[-81.438,30.175],[-81.425,30.18],[-81.375,30.2]]]}},{"type":"Feature","properties":{"date":"2008-03-04","label":"4 Mar","yday":64,"tier":"day","major":false},"geometry":{"type":"MultiLineString","coordinates":[[[-83.375,29.538],[-83.325,29.561],[-83.295,29.575],[-83.275,29.584],[-83.225,29.606],[-83.183,29.625],[-83.175,29.629],[-83.125,29.651],[-83.075,29.672],[-83.069,29.675],[-83.025,29.694],[-82.975,29.715],[-82.951,29.725],[-82.925,29.736],[-82.875,29.757],[-82.829,29.775],[-82.825,29.777],[-82.775,29.797],[-82.725,29.817],[-82.703,29.825],[-82.675,29.836],[-82.625,29.855],[-82.575,29.874],[-82.572,29.875],[-82.525,29.893],[-82.475,29.911],[-82.437,29.925],[-82.425,29.929],[-82.375,29.947],[-82.325,29.965],[-82.297,29.975],[-82.275,29.983],[-82.225,30.0],[-82.175,30.017],[-82.153,30.025],[-82.125,30.035],[-82.075,30.052],[-82.025,30.068],[-82.005,30.075],[-81.975,30.085],[-81.925,30.102],[-81.875,30.118],[-81.855,30.125],[-81.825,30.135],[-81.775,30.152],[-81.725,30.169],[-81.709,30.175],[-81.675,30.187],[-81.625,30.205],[-81.575,30.224],[-81.574,30.225],[-81.525,30.244],[-81.475,30.264],[-81.448,30.275],[-81.425,30.284]]]}},{"type":"Feature","properties":{"date":"2008-03-05","label":"5 Mar","yday":65,"tier":"five","major":false},"geometry":{"type":"MultiLineString","coordinates":[[[-83.398,29.648],[-83.375,29.658],[-83.337,29.675],[-83.325,29.68],[-83.275,29.703],[-83.225,29.724],[-83.223,29.725],[-83.175,29.746],[-83.125,29.767],[-83.107,29.775],[-83.075,29.788],[-83.025,29.809],[-82.986,29.825],[-82.975,29.83],[-82.925,29.85],[-82.875,29.87],[-82.861,29.875],[-82.825,29.889],[-82.775,29.909],[-82.732,29.925],[-82.725,29.928],[-82.675,29.946],[-82.625,29.965],[-82.598,29.975],[-82.575,29.983],[-82.525,30.002],[-82.475,30.019],[-82.459,30.025],[-82.425,30.037],[-82.375,30.055],[-82.325,30.072],[-82.316,30.075],[-82.275,30.089],[-82.225,30.106],[-82.175,30.123],[-82.169,30.125],[-82.125,30.14],[-82.075,30.156],[-82.025,30.173],[-82.019,30.175],[-81.975,30.19],[-81.925,30.206],[-81.875,30.223],[-81.868,30.225],[-81.825,30.24],[-81.775,30.257],[-81.725,30.274],[-81.723,30.275],[-81.675,30.293],[-81.625,30.312],[-81.593,30.325],[-81.575,30.332],[-81.525,30.353],[-81.475,30.373],[-81.47,30.375],[-81.425,30.394]]]}},{"type":"Feature","properties":{"date":"2008-03-06","label":"6 Mar","yday":66,"tier":"day","major":false},"geometry":{"type":"MultiLineString","coordinates":[[[-83.497,29.725],[-83.475,29.735],[-83.425,29.757],[-83.385,29.775],[-83.375,29.779],[-83.325,29.801],[-83.275,29.823],[-83.269,29.825],[-83.225,29.844],[-83.175,29.865],[-83.15,29.875],[-83.125,29.885],[-83.075,29.906],[-83.027,29.925],[-83.025,29.926],[-82.975,29.946],[-82.925,29.965],[-82.9,29.975],[-82.875,29.985],[-82.825,30.004],[-82.775,30.022],[-82.768,30.025],[-82.725,30.041],[-82.675,30.059],[-82.631,30.075],[-82.625,30.077],[-82.575,30.095],[-82.525,30.113],[-82.49,30.125],[-82.475,30.13],[-82.425,30.148],[-82.375,30.165],[-82.345,30.175],[-82.325,30.182],[-82.275,30.199],[-82.225,30.215],[-82.196,30.225],[-82.175,30.232],[-82.125,30.249],[-82.075,30.265],[-82.046,30.275],[-82.025,30.282],[-81.975,30.299],[-81.925,30.316],[-81.897,30.325],[-81.875,30.333],[-81.825,30.35],[-81.775,30.368],[-81.756,30.375],[-81.725,30.387],[-81.675,30.406],[-81.627,30.425],[-81.625,30.426],[-81.575,30.446],[-81.525,30.467],[-81.505,30.475],[-81.475,30.488]]]}},{"type":"Feature","properties":{"date":"2008-03-07","label":"7 Mar","yday":67,"tier":"day","major":false},"geometry":{"type":"MultiLineString","coordinates":[[[-94.675,29.705],[-94.625,29.691],[-94.575,29.676],[-94.57,29.675],[-94.525,29.662],[-94.475,29.647]],[[-83.575,29.816],[-83.554,29.825],[-83.525,29.838],[-83.475,29.86],[-83.44,29.875],[-83.425,29.882],[-83.375,29.903],[-83.325,29.924],[-83.323,29.925],[-83.275,29.945],[-83.225,29.966],[-83.202,29.975],[-83.175,29.986],[-83.125,30.006],[-83.076,30.025],[-83.075,30.026],[-83.025,30.045],[-82.975,30.064],[-82.947,30.075],[-82.925,30.083],[-82.875,30.102],[-82.825,30.12],[-82.813,30.125],[-82.775,30.139],[-82.725,30.157],[-82.675,30.175],[-82.674,30.175],[-82.625,30.193],[-82.575,30.21],[-82.532,30.225],[-82.525,30.227],[-82.475,30.245],[-82.425,30.262],[-82.386,30.275],[-82.375,30.279],[-82.325,30.296],[-82.275,30.312],[-82.237,30.325],[-82.225,30.329],[-82.175,30.346],[-82.125,30.363],[-82.088,30.375],[-82.075,30.38],[-82.025,30.397],[-81.975,30.414],[-81.943,30.425],[-81.925,30.431],[-81.875,30.449],[-81.825,30.467],[-81.804,30.475],[-81.775,30.486],[-81.725,30.505],[-81.675,30.525],[-81.674,30.525],[-81.625,30.545],[-81.575,30.566],[-81.552,30.575],[-81.525,30.586],[-81.506,30.594]]]}},{"type":"Feature","properties":{"date":"2008-03-08","label":"8 Mar","yday":68,"tier":"day","major":false},"geometry":{"type":"MultiLineString","coordinates":[[[-94.472,29.775],[-94.425,29.762]],[[-83.658,29.908],[-83.625,29.923],[-83.62,29.925],[-83.575,29.945],[-83.525,29.966],[-83.504,29.975],[-83.475,29.987],[-83.425,30.008],[-83.385,30.025],[-83.375,30.029],[-83.325,30.05],[-83.275,30.07],[-83.262,30.075],[-83.225,30.09],[-83.175,30.109],[-83.135,30.125],[-83.125,30.129],[-83.075,30.148],[-83.025,30.167],[-83.003,30.175],[-82.975,30.186],[-82.925,30.204],[-82.875,30.222],[-82.868,30.225],[-82.825,30.241],[-82.775,30.258],[-82.728,30.275],[-82.725,30.276],[-82.675,30.294],[-82.625,30.311],[-82.585,30.325],[-82.575,30.329],[-82.525,30.346],[-82.475,30.363],[-82.44,30.375],[-82.425,30.38],[-82.375,30.397],[-82.325,30.414],[-82.292,30.425],[-82.275,30.431],[-82.225,30.448],[-82.175,30.465],[-82.146,30.475],[-82.125,30.482],[-82.075,30.5],[-82.025,30.517],[-82.003,30.525],[-81.975,30.535],[-81.925,30.553],[-81.875,30.572],[-81.866,30.575],[-81.825,30.591],[-81.775,30.61],[-81.736,30.625],[-81.725,30.63],[-81.675,30.65],[-81.625,30.67],[-81.613,30.675],[-81.575,30.691],[-81.525,30.711],[-81.515,30.715]]]}},{"type":"Feature","properties":{"date":"2008-03-09","label":"9 Mar","yday":69,"tier":"day","major":false},"geometry":{"type":"MultiLineString","coordinates":[[[-83.785,29.985],[-83.775,29.99],[-83.725,30.012],[-83.695,30.025],[-83.675,30.034],[-83.625,30.055],[-83.578,30.075],[-83.575,30.076],[-83.525,30.097],[-83.475,30.118],[-83.458,30.125],[-83.425,30.138],[-83.375,30.158],[-83.333,30.175],[-83.325,30.178],[-83.275,30.198],[-83.225,30.217],[-83.204,30.225],[-83.175,30.236],[-83.125,30.255],[-83.075,30.273],[-83.071,30.275],[-83.025,30.292],[-82.975,30.31],[-82.934,30.325],[-82.925,30.328],[-82.875,30.346],[-82.825,30.364],[-82.794,30.375],[-82.775,30.382],[-82.725,30.399],[-82.675,30.417],[-82.651,30.425],[-82.625,30.434],[-82.575,30.452],[-82.525,30.469],[-82.507,30.475],[-82.475,30.486],[-82.425,30.503],[-82.375,30.52],[-82.361,30.525],[-82.325,30.538],[-82.275,30.555],[-82.225,30.572],[-82.217,30.575],[-82.175,30.59],[-82.125,30.608],[-82.077,30.625],[-82.075,30.626],[-82.025,30.644],[-81.975,30.663],[-81.942,30.675],[-81.925,30.681],[-81.875,30.701],[-81.825,30.72],[-81.812,30.725],[-81.775,30.74],[-81.725,30.76],[-81.688,30.775],[-81.675,30.78],[-81.625,30.801],[-81.575,30.821],[-81.566,30.825],[-81.525,30.842],[-81.475,30.862]]]}},{"type":"Feature","properties":{"date":"2008-03-10","label":"10 Mar","yday":70,"tier":"five","major":false},"geometry":{"type":"MultiLineString","coordinates":[[[-83.917,30.067],[-83.897,30.075],[-83.875,30.085],[-83.825,30.107],[-83.783,30.125],[-83.775,30.128],[-83.725,30.15],[-83.675,30.171],[-83.665,30.175],[-83.625,30.191],[-83.575,30.212],[-83.542,30.225],[-83.525,30.232],[-83.475,30.252],[-83.425,30.271],[-83.416,30.275],[-83.375,30.291],[-83.325,30.31],[-83.285,30.325],[-83.275,30.329],[-83.225,30.348],[-83.175,30.366],[-83.151,30.375],[-83.125,30.384],[-83.075,30.403],[-83.025,30.421],[-83.013,30.425],[-82.975,30.439],[-82.925,30.456],[-82.875,30.474],[-82.872,30.475],[-82.825,30.492],[-82.775,30.509],[-82.73,30.525],[-82.725,30.527],[-82.675,30.544],[-82.625,30.562],[-82.587,30.575],[-82.575,30.579],[-82.525,30.597],[-82.475,30.614],[-82.443,30.625],[-82.425,30.631],[-82.375,30.649],[-82.325,30.667],[-82.302,30.675],[-82.275,30.685],[-82.225,30.703],[-82.175,30.721],[-82.163,30.725],[-82.125,30.739],[-82.075,30.758],[-82.03,30.775],[-82.025,30.777],[-81.975,30.796],[-81.925,30.815],[-81.901,30.825],[-81.875,30.835],[-81.825,30.855],[-81.776,30.875],[-81.775,30.875],[-81.725,30.896],[-81.675,30.916],[-81.653,30.925],[-81.625,30.937],[-81.575,30.957],[-81.531,30.975],[-81.525,30.977],[-81.521,30.979]]]}},{"type":"Feature","properties":{"date":"2008-03-11","label":"11 Mar","yday":71,"tier":"day","major":false},"geometry":{"type":"MultiLineString","coordinates":[[[-84.838,29.788],[-84.825,29.794],[-84.789,29.811]],[[-84.758,29.825],[-84.725,29.841],[-84.696,29.854]],[[-84.652,29.875],[-84.625,29.888],[-84.601,29.899]],[[-84.546,29.925],[-84.525,29.935],[-84.475,29.959],[-84.464,29.964]],[[-84.396,29.996],[-84.375,30.005]],[[-84.19,30.09],[-84.175,30.097],[-84.134,30.116]],[[-94.375,30.136],[-94.328,30.125],[-94.325,30.124],[-94.275,30.113],[-94.225,30.101],[-94.175,30.09],[-94.125,30.078],[-94.109,30.075]],[[-84.114,30.125],[-84.075,30.142],[-84.025,30.164],[-84.001,30.175],[-83.975,30.186],[-83.925,30.208],[-83.885,30.225],[-83.875,30.229],[-83.825,30.25],[-83.775,30.271],[-83.765,30.275],[-83.725,30.292],[-83.675,30.312],[-83.641,30.325],[-83.625,30.332],[-83.575,30.351],[-83.525,30.37],[-83.513,30.375],[-83.475,30.39],[-83.425,30.408],[-83.38,30.425],[-83.375,30.427],[-83.325,30.445],[-83.275,30.464],[-83.244,30.475],[-83.225,30.482],[-83.175,30.5],[-83.125,30.518],[-83.104,30.525],[-83.075,30.535],[-83.025,30.553],[-82.975,30.571],[-82.963,30.575],[-82.925,30.589],[-82.875,30.606],[-82.825,30.624],[-82.821,30.625],[-82.775,30.641],[-82.725,30.659],[-82.679,30.675],[-82.675,30.676],[-82.625,30.694],[-82.575,30.712],[-82.538,30.725],[-82.525,30.73],[-82.475,30.747],[-82.425,30.765],[-82.398,30.775],[-82.375,30.783],[-82.325,30.802],[-82.275,30.82],[-82.261,30.825],[-82.225,30.839],[-82.175,30.857],[-82.129,30.875],[-82.125,30.876],[-82.075,30.896],[-82.025,30.915],[-82.001,30.925],[-81.975,30.935],[-81.925,30.955],[-81.876,30.975],[-81.875,30.975],[-81.825,30.996],[-81.775,31.016],[-81.754,31.025],[-81.725,31.037],[-81.675,31.058],[-81.632,31.075],[-81.625,31.078],[-81.575,31.099],[-81.525,31.119],[-81.521,31.121]],[[-81.378,31.178],[-81.375,31.179],[-81.368,31.182]]]}},{"type":"Feature","properties":{"date":"2008-03-12","label":"12 Mar","yday":72,"tier":"day","major":false},"geometry":{"type":"MultiLineString","coordinates":[[[-85.275,29.768],[-85.255,29.775],[-85.225,29.786],[-85.175,29.805],[-85.125,29.825],[-85.124,29.825],[-85.075,29.845],[-85.025,29.866],[-85.005,29.875],[-84.975,29.888],[-84.925,29.91],[-84.892,29.925],[-84.875,29.933],[-84.825,29.956],[-84.783,29.975],[-84.775,29.979],[-84.725,30.002],[-84.676,30.025],[-84.675,30.025],[-84.625,30.049],[-84.575,30.072],[-84.568,30.075],[-84.525,30.095],[-84.475,30.118],[-84.459,30.125],[-84.425,30.14],[-84.375,30.163],[-84.348,30.175],[-84.325,30.185],[-84.275,30.208],[-84.236,30.225],[-84.225,30.23],[-84.175,30.252],[-84.125,30.274],[-84.122,30.275],[-84.075,30.295],[-84.025,30.316],[-84.005,30.325],[-83.975,30.337],[-83.925,30.358],[-83.883,30.375],[-83.875,30.378],[-83.825,30.399],[-83.775,30.418],[-83.758,30.425],[-83.725,30.438],[-83.675,30.457],[-83.627,30.475],[-83.625,30.476],[-83.575,30.494],[-83.525,30.513],[-83.491,30.525],[-83.475,30.531],[-83.425,30.549],[-83.375,30.567],[-83.352,30.575],[-83.325,30.585],[-83.275,30.602],[-83.225,30.62],[-83.21,30.625],[-83.175,30.637],[-83.125,30.655],[-83.075,30.672],[-83.067,30.675],[-83.025,30.69],[-82.975,30.707],[-82.925,30.725],[-82.925,30.725],[-82.875,30.743],[-82.825,30.761],[-82.784,30.775],[-82.775,30.778],[-82.725,30.796],[-82.675,30.814],[-82.644,30.825],[-82.625,30.832],[-82.575,30.85],[-82.525,30.868],[-82.506,30.875],[-82.475,30.886],[-82.425,30.905],[-82.375,30.923],[-82.37,30.925],[-82.325,30.942],[-82.275,30.961],[-82.238,30.975],[-82.225,30.98],[-82.175,31.0],[-82.125,31.019],[-82.111,31.025],[-82.075,31.039],[-82.025,31.059],[-81.987,31.075],[-81.975,31.08],[-81.925,31.1],[-81.875,31.121],[-81.866,31.125],[-81.825,31.142],[-81.775,31.163],[-81.745,31.175],[-81.725,31.184],[-81.675,31.204],[-81.625,31.225],[-81.625,31.225],[-81.575,31.246],[-81.525,31.266],[-81.504,31.275],[-81.475,31.287],[-81.425,31.306],[-81.412,31.312]],[[-94.375,30.271],[-94.325,30.26],[-94.275,30.25],[-94.225,30.24],[-94.175,30.229],[-94.154,30.225],[-94.125,30.219],[-94.075,30.209],[-94.025,30.199],[-93.975,30.19],[-93.925,30.181]],[[-94.825,30.354],[-94.775,30.346],[-94.725,30.337],[-94.675,30.329]]]}},{"type":"Feature","properties":{"date":"2008-03-13","label":"13 Mar","yday":73,"tier":"day","major":false},"geometry":{"type":"MultiLineString","coordinates":[[[-85.356,29.906],[-85.325,29.918],[-85.305,29.925],[-85.275,29.936],[-85.225,29.956],[-85.177,29.975],[-85.175,29.976],[-85.125,29.996],[-85.075,30.017],[-85.058,30.025],[-85.025,30.039],[-84.975,30.061],[-84.944,30.075],[-84.925,30.083],[-84.875,30.106],[-84.833,30.125],[-84.825,30.129],[-84.775,30.151],[-84.725,30.174],[-84.722,30.175],[-84.675,30.196],[-84.625,30.219],[-84.611,30.225],[-84.575,30.241],[-84.525,30.263],[-84.498,30.275],[-84.475,30.285],[-84.425,30.307],[-84.382,30.325],[-84.375,30.328],[-84.325,30.349],[-84.275,30.371],[-84.265,30.375],[-84.225,30.392],[-84.175,30.413],[-84.146,30.425],[-84.125,30.434],[-84.075,30.454],[-84.025,30.474],[-84.023,30.475],[-83.975,30.494],[-83.925,30.513],[-83.894,30.525],[-83.875,30.532],[-83.825,30.551],[-83.775,30.57],[-83.76,30.575],[-83.725,30.588],[-83.675,30.606],[-83.625,30.623],[-83.621,30.625],[-83.575,30.641],[-83.525,30.658],[-83.477,30.675],[-83.475,30.676],[-83.425,30.693],[-83.375,30.71],[-83.331,30.725],[-83.325,30.727],[-83.275,30.744],[-83.225,30.761],[-83.185,30.775],[-83.175,30.778],[-83.125,30.796],[-83.075,30.813],[-83.041,30.825],[-83.025,30.831],[-82.975,30.849],[-82.925,30.866],[-82.901,30.875],[-82.875,30.884],[-82.825,30.902],[-82.775,30.92],[-82.762,30.925],[-82.725,30.938],[-82.675,30.957],[-82.625,30.975],[-82.624,30.975],[-82.575,30.993],[-82.525,31.012],[-82.489,31.025],[-82.475,31.03],[-82.425,31.049],[-82.375,31.068],[-82.356,31.075],[-82.325,31.087],[-82.275,31.107],[-82.229,31.125],[-82.225,31.127],[-82.175,31.147],[-82.125,31.167],[-82.106,31.175],[-82.075,31.188],[-82.025,31.208],[-81.985,31.225],[-81.975,31.229],[-81.925,31.25],[-81.875,31.271],[-81.865,31.275],[-81.825,31.292],[-81.775,31.313],[-81.745,31.325],[-81.725,31.333],[-81.675,31.354],[-81.625,31.375],[-81.624,31.375],[-81.575,31.395],[-81.525,31.414],[-81.498,31.425],[-81.475,31.434],[-81.425,31.453],[-81.375,31.472],[-81.367,31.475],[-81.325,31.491],[-81.275,31.509],[-81.231,31.525],[-81.225,31.527],[-81.175,31.545]],[[-93.602,30.302],[-93.575,30.3],[-93.525,30.299],[-93.475,30.298],[-93.425,30.298],[-93.375,30.3],[-93.325,30.302],[-93.275,30.306],[-93.225,30.31],[-93.175,30.316],[-93.125,30.323],[-93.115,30.325],[-93.075,30.332],[-93.025,30.341],[-92.975,30.351],[-92.925,30.361],[-92.875,30.372],[-92.862,30.375],[-92.825,30.383],[-92.775,30.395],[-92.725,30.406],[-92.675,30.418],[-92.643,30.425],[-92.625,30.429],[-92.575,30.44],[-92.525,30.451],[-92.475,30.462]],[[-90.737,30.387],[-90.725,30.383],[-90.7,30.375]],[[-94.762,30.475],[-94.725,30.47],[-94.719,30.469]],[[-94.475,30.428],[-94.455,30.425],[-94.425,30.42],[-94.375,30.411],[-94.325,30.402],[-94.275,30.393],[-94.225,30.384],[-94.176,30.375],[-94.175,30.375],[-94.125,30.366],[-94.075,30.358],[-94.025,30.349],[-93.975,30.341],[-93.925,30.334],[-93.875,30.327],[-93.859,30.325],[-93.829,30.321]],[[-90.881,30.431],[-90.875,30.43],[-90.859,30.425]]]}},{"type":"Feature","properties":{"date":"2008-03-14","label":"14 Mar","yday":74,"tier":"day","major":false},"geometry":{"type":"MultiLineString","coordinates":[[[-85.452,30.052],[-85.425,30.061],[-85.388,30.075],[-85.375,30.08],[-85.325,30.099],[-85.275,30.119],[-85.26,30.125],[-85.225,30.139],[-85.175,30.16],[-85.139,30.175],[-85.125,30.181],[-85.075,30.203],[-85.025,30.224],[-85.023,30.225],[-84.975,30.246],[-84.925,30.268],[-84.909,30.275],[-84.875,30.29],[-84.825,30.312],[-84.795,30.325],[-84.775,30.334],[-84.725,30.356],[-84.68,30.375],[-84.675,30.377],[-84.625,30.399],[-84.575,30.42],[-84.562,30.425],[-84.525,30.44],[-84.475,30.461],[-84.441,30.475],[-84.425,30.481],[-84.375,30.502],[-84.325,30.522],[-84.317,30.525],[-84.275,30.542],[-84.225,30.561],[-84.19,30.575],[-84.175,30.581],[-84.125,30.6],[-84.075,30.618],[-84.056,30.625],[-84.025,30.636],[-83.975,30.654],[-83.925,30.672],[-83.917,30.675],[-83.875,30.69],[-83.825,30.707],[-83.775,30.724],[-83.772,30.725],[-83.725,30.741],[-83.675,30.758],[-83.625,30.774],[-83.622,30.775],[-83.575,30.791],[-83.525,30.807],[-83.475,30.824],[-83.471,30.825],[-83.425,30.84],[-83.375,30.857],[-83.325,30.873],[-83.319,30.875],[-83.275,30.89],[-83.225,30.906],[-83.175,30.923],[-83.17,30.925],[-83.125,30.941],[-83.075,30.959],[-83.029,30.975],[-83.025,30.976],[-82.975,30.994],[-82.925,31.013],[-82.891,31.025],[-82.875,31.031],[-82.825,31.049],[-82.775,31.067],[-82.754,31.075],[-82.725,31.086],[-82.675,31.104],[-82.625,31.123],[-82.618,31.125],[-82.575,31.141],[-82.525,31.16],[-82.485,31.175],[-82.475,31.179],[-82.425,31.198],[-82.375,31.217],[-82.355,31.225],[-82.325,31.237],[-82.275,31.257],[-82.232,31.275],[-82.225,31.278],[-82.175,31.299],[-82.125,31.319],[-82.111,31.325],[-82.075,31.34],[-82.025,31.361],[-81.991,31.375],[-81.975,31.382],[-81.925,31.403],[-81.875,31.423],[-81.871,31.425],[-81.825,31.444],[-81.775,31.464],[-81.748,31.475],[-81.725,31.484],[-81.675,31.504],[-81.625,31.524],[-81.622,31.525],[-81.575,31.543],[-81.525,31.562],[-81.491,31.575],[-81.475,31.581],[-81.425,31.6],[-81.375,31.618],[-81.355,31.625],[-81.325,31.636],[-81.275,31.654],[-81.231,31.669]],[[-94.589,30.589],[-94.575,30.587],[-94.525,30.58],[-94.493,30.575],[-94.475,30.572],[-94.425,30.565],[-94.375,30.557],[-94.325,30.55],[-94.275,30.542],[-94.225,30.534],[-94.175,30.527],[-94.16,30.525],[-94.125,30.52],[-94.075,30.513],[-94.025,30.507],[-93.975,30.501],[-93.925,30.495],[-93.875,30.49],[-93.825,30.486],[-93.775,30.482],[-93.725,30.479],[-93.675,30.477],[-93.625,30.476],[-93.575,30.475],[-93.525,30.476],[-93.475,30.477],[-93.425,30.479],[-93.375,30.482],[-93.325,30.486],[-93.275,30.492],[-93.225,30.498],[-93.175,30.505],[-93.125,30.513],[-93.075,30.522],[-93.058,30.525],[-93.025,30.531],[-92.975,30.541],[-92.925,30.552],[-92.875,30.563],[-92.825,30.574],[-92.819,30.575],[-92.775,30.585],[-92.725,30.596],[-92.675,30.607],[-92.625,30.617],[-92.586,30.625],[-92.575,30.627],[-92.525,30.637],[-92.475,30.646],[-92.425,30.655],[-92.389,30.661]],[[-91.163,30.663],[-91.125,30.656],[-91.075,30.645],[-91.025,30.634],[-90.986,30.625],[-90.975,30.622],[-90.925,30.609],[-90.875,30.596],[-90.825,30.582],[-90.803,30.575],[-90.775,30.567],[-90.725,30.551],[-90.675,30.535],[-90.643,30.525],[-90.625,30.519],[-90.575,30.502],[-90.525,30.485],[-90.498,30.475],[-90.475,30.467],[-90.425,30.448],[-90.375,30.43],[-90.372,30.428]],[[-92.296,30.675],[-92.275,30.678],[-92.225,30.684],[-92.175,30.69],[-92.158,30.692]]]}},{"type":"Feature","properties":{"date":"2008-03-15","label":"15 Mar","yday":75,"tier":"index","major":true},"geometry":{"type":"MultiLineString","coordinates":[[[-85.675,30.167],[-85.652,30.175],[-85.625,30.184],[-85.575,30.201],[-85.525,30.219],[-85.509,30.225],[-85.475,30.238],[-85.425,30.257],[-85.377,30.275],[-85.375,30.276],[-85.325,30.296],[-85.275,30.316],[-85.252,30.325],[-85.225,30.336],[-85.175,30.357],[-85.132,30.375],[-85.125,30.378],[-85.075,30.399],[-85.025,30.42],[-85.013,30.425],[-84.975,30.441],[-84.925,30.462],[-84.895,30.475],[-84.875,30.484],[-84.825,30.505],[-84.776,30.525],[-84.775,30.525],[-84.725,30.546],[-84.675,30.566],[-84.653,30.575],[-84.625,30.586],[-84.575,30.606],[-84.526,30.625],[-84.525,30.625],[-84.475,30.644],[-84.425,30.663],[-84.392,30.675],[-84.375,30.681],[-84.325,30.699],[-84.275,30.716],[-84.25,30.725],[-84.225,30.734],[-84.175,30.751],[-84.125,30.767],[-84.102,30.775],[-84.075,30.784],[-84.025,30.8],[-83.975,30.816],[-83.948,30.825],[-83.925,30.832],[-83.875,30.848],[-83.825,30.864],[-83.79,30.875],[-83.775,30.88],[-83.725,30.895],[-83.675,30.911],[-83.63,30.925],[-83.625,30.927],[-83.575,30.942],[-83.525,30.958],[-83.475,30.974],[-83.472,30.975],[-83.425,30.99],[-83.375,31.006],[-83.325,31.022],[-83.317,31.025],[-83.275,31.039],[-83.225,31.056],[-83.175,31.073],[-83.17,31.075],[-83.125,31.091],[-83.075,31.109],[-83.03,31.125],[-83.025,31.127],[-82.975,31.145],[-82.925,31.163],[-82.893,31.175],[-82.875,31.182],[-82.825,31.2],[-82.775,31.219],[-82.758,31.225],[-82.725,31.237],[-82.675,31.256],[-82.625,31.275],[-82.624,31.275],[-82.575,31.294],[-82.525,31.313],[-82.493,31.325],[-82.475,31.332],[-82.425,31.352],[-82.375,31.371],[-82.366,31.375],[-82.325,31.392],[-82.275,31.412],[-82.244,31.425],[-82.225,31.433],[-82.175,31.454],[-82.125,31.474],[-82.123,31.475],[-82.075,31.495],[-82.025,31.515],[-82.001,31.525],[-81.975,31.536],[-81.925,31.556],[-81.877,31.575],[-81.875,31.576],[-81.825,31.595],[-81.775,31.615],[-81.749,31.625],[-81.725,31.634],[-81.675,31.653],[-81.625,31.672],[-81.617,31.675],[-81.575,31.691],[-81.525,31.709],[-81.481,31.725],[-81.475,31.727],[-81.425,31.745],[-81.375,31.763],[-81.34,31.775],[-81.325,31.78],[-81.275,31.798],[-81.225,31.815],[-81.194,31.825],[-81.175,31.831],[-81.125,31.848],[-81.104,31.854]],[[-94.758,30.758],[-94.725,30.754],[-94.675,30.748],[-94.625,30.742],[-94.575,30.736],[-94.525,30.73],[-94.487,30.725],[-94.475,30.724],[-94.425,30.717],[-94.375,30.711],[-94.325,30.705],[-94.275,30.699],[-94.225,30.693],[-94.175,30.687],[-94.125,30.681],[-94.075,30.677],[-94.058,30.675],[-94.025,30.672],[-93.975,30.668],[-93.925,30.665],[-93.875,30.662],[-93.825,30.66],[-93.775,30.659],[-93.725,30.658],[-93.675,30.658],[-93.625,30.659],[-93.575,30.66],[-93.525,30.663],[-93.475,30.666],[-93.425,30.67],[-93.377,30.675],[-93.375,30.675],[-93.325,30.681],[-93.275,30.687],[-93.225,30.694],[-93.175,30.702],[-93.125,30.71],[-93.075,30.719],[-93.044,30.725],[-93.025,30.729],[-92.975,30.738],[-92.925,30.748],[-92.875,30.758],[-92.825,30.768],[-92.792,30.775],[-92.775,30.778],[-92.725,30.788],[-92.675,30.798],[-92.625,30.807],[-92.575,30.815],[-92.525,30.823],[-92.514,30.825],[-92.475,30.831],[-92.425,30.838],[-92.375,30.845],[-92.325,30.851],[-92.275,30.856],[-92.225,30.861],[-92.175,30.865],[-92.125,30.869]],[[-91.291,30.841],[-91.275,30.839],[-91.225,30.831],[-91.191,30.825],[-91.175,30.822],[-91.125,30.813],[-91.075,30.803],[-91.025,30.792],[-90.975,30.781],[-90.951,30.775],[-90.925,30.769],[-90.875,30.756],[-90.825,30.742],[-90.775,30.728],[-90.764,30.725],[-90.725,30.714],[-90.675,30.698],[-90.625,30.683],[-90.6,30.675],[-90.575,30.667],[-90.525,30.651],[-90.475,30.634],[-90.449,30.625],[-90.425,30.617],[-90.375,30.599],[-90.325,30.581],[-90.308,30.575],[-90.275,30.563],[-90.225,30.544],[-90.175,30.525],[-90.175,30.525],[-90.125,30.506],[-90.075,30.486],[-90.048,30.475],[-90.025,30.466],[-89.975,30.445],[-89.926,30.425],[-89.925,30.425],[-89.875,30.404],[-89.825,30.383],[-89.806,30.375],[-89.775,30.362],[-89.725,30.341],[-89.685,30.325],[-89.675,30.321],[-89.625,30.301],[-89.575,30.281],[-89.559,30.275],[-89.525,30.262],[-89.475,30.243],[-89.426,30.225]],[[-81.028,31.878],[-81.025,31.879],[-80.975,31.894]]]}},{"type":"Feature","properties":{"date":"2008-03-16","label":"16 Mar","yday":76,"tier":"day","major":false},"geometry":{"type":"MultiLineString","coordinates":[[[-85.981,30.281],[-85.975,30.283],[-85.925,30.297],[-85.875,30.312],[-85.831,30.325],[-85.825,30.327],[-85.775,30.343],[-85.725,30.359],[-85.677,30.375],[-85.675,30.376],[-85.625,30.393],[-85.575,30.411],[-85.535,30.425],[-85.525,30.428],[-85.475,30.447],[-85.425,30.465],[-85.4,30.475],[-85.375,30.484],[-85.325,30.504],[-85.275,30.523],[-85.27,30.525],[-85.225,30.543],[-85.175,30.562],[-85.143,30.575],[-85.125,30.582],[-85.075,30.602],[-85.025,30.622],[-85.017,30.625],[-84.975,30.642],[-84.925,30.662],[-84.891,30.675],[-84.875,30.681],[-84.825,30.701],[-84.775,30.72],[-84.762,30.725],[-84.725,30.739],[-84.675,30.758],[-84.627,30.775],[-84.625,30.776],[-84.575,30.793],[-84.525,30.81],[-84.481,30.825],[-84.475,30.827],[-84.425,30.843],[-84.375,30.858],[-84.325,30.873],[-84.32,30.875],[-84.275,30.888],[-84.225,30.903],[-84.175,30.918],[-84.152,30.925],[-84.125,30.933],[-84.075,30.947],[-84.025,30.962],[-83.98,30.975],[-83.975,30.976],[-83.925,30.991],[-83.875,31.005],[-83.825,31.02],[-83.809,31.025],[-83.775,31.035],[-83.725,31.05],[-83.675,31.064],[-83.64,31.075],[-83.625,31.079],[-83.575,31.095],[-83.525,31.11],[-83.477,31.125],[-83.475,31.126],[-83.425,31.141],[-83.375,31.157],[-83.325,31.174],[-83.322,31.175],[-83.275,31.191],[-83.225,31.208],[-83.176,31.225],[-83.175,31.225],[-83.125,31.243],[-83.075,31.261],[-83.037,31.275],[-83.025,31.279],[-82.975,31.298],[-82.925,31.316],[-82.902,31.325],[-82.875,31.335],[-82.825,31.354],[-82.775,31.373],[-82.769,31.375],[-82.725,31.391],[-82.675,31.41],[-82.636,31.425],[-82.625,31.429],[-82.575,31.448],[-82.525,31.468],[-82.506,31.475],[-82.475,31.487],[-82.425,31.507],[-82.381,31.525],[-82.375,31.528],[-82.325,31.548],[-82.275,31.568],[-82.259,31.575],[-82.225,31.589],[-82.175,31.609],[-82.135,31.625],[-82.125,31.629],[-82.075,31.649],[-82.025,31.669],[-82.009,31.675],[-81.975,31.688],[-81.925,31.708],[-81.879,31.725],[-81.875,31.727],[-81.825,31.745],[-81.775,31.764],[-81.744,31.775],[-81.725,31.782],[-81.675,31.8],[-81.625,31.818],[-81.605,31.825],[-81.575,31.836],[-81.525,31.853],[-81.475,31.871],[-81.464,31.875],[-81.425,31.889],[-81.375,31.906],[-81.325,31.923],[-81.319,31.925],[-81.275,31.94],[-81.225,31.956],[-81.175,31.973],[-81.168,31.975],[-81.125,31.988],[-81.075,32.004],[-81.025,32.018],[-81.002,32.025],[-80.975,32.033],[-80.925,32.047]],[[-95.175,30.95],[-95.125,30.945],[-95.075,30.94],[-95.025,30.936],[-94.975,30.931],[-94.925,30.927],[-94.905,30.925],[-94.875,30.922],[-94.825,30.918],[-94.775,30.913],[-94.725,30.908],[-94.675,30.903],[-94.625,30.898],[-94.575,30.893],[-94.525,30.888],[-94.475,30.883],[-94.425,30.878],[-94.392,30.875],[-94.375,30.873],[-94.325,30.869],[-94.275,30.864],[-94.225,30.859],[-94.175,30.855],[-94.125,30.851],[-94.075,30.848],[-94.025,30.846],[-93.975,30.844],[-93.925,30.842],[-93.875,30.842],[-93.825,30.842],[-93.775,30.843],[-93.725,30.844],[-93.675,30.847],[-93.625,30.849],[-93.575,30.853],[-93.525,30.857],[-93.475,30.862],[-93.425,30.867],[-93.375,30.873],[-93.363,30.875],[-93.325,30.88],[-93.275,30.887],[-93.225,30.894],[-93.175,30.902],[-93.125,30.91],[-93.075,30.918],[-93.037,30.925],[-93.025,30.927],[-92.975,30.936],[-92.925,30.945],[-92.875,30.954],[-92.825,30.963],[-92.775,30.971],[-92.752,30.975],[-92.725,30.979],[-92.675,30.987],[-92.625,30.995],[-92.575,31.002],[-92.525,31.008],[-92.475,31.014],[-92.425,31.02],[-92.375,31.025],[-92.374,31.025]],[[-91.357,31.007],[-91.325,31.003],[-91.275,30.995],[-91.225,30.987],[-91.175,30.979],[-91.155,30.975],[-91.125,30.969],[-91.075,30.959],[-91.025,30.949],[-90.975,30.938],[-90.925,30.926],[-90.922,30.925],[-90.875,30.913],[-90.825,30.9],[-90.775,30.887],[-90.733,30.875],[-90.725,30.873],[-90.675,30.858],[-90.625,30.844],[-90.575,30.829],[-90.563,30.825],[-90.525,30.813],[-90.475,30.798],[-90.425,30.782],[-90.404,30.775],[-90.375,30.765],[-90.325,30.749],[-90.275,30.732],[-90.254,30.725],[-90.225,30.715],[-90.175,30.698],[-90.125,30.68],[-90.111,30.675],[-90.075,30.662],[-90.025,30.644],[-89.975,30.625],[-89.974,30.625],[-89.925,30.607],[-89.875,30.588],[-89.841,30.575],[-89.825,30.569],[-89.775,30.55],[-89.725,30.531],[-89.709,30.525],[-89.675,30.512],[-89.625,30.494],[-89.575,30.475],[-89.575,30.475],[-89.525,30.457],[-89.475,30.439],[-89.435,30.425],[-89.425,30.421],[-89.375,30.404],[-89.325,30.387],[-89.287,30.375],[-89.275,30.371],[-89.225,30.356],[-89.201,30.349]]]}},{"type":"Feature","properties":{"date":"2008-03-17","label":"17 Mar","yday":77,"tier":"day","major":false},"geometry":{"type":"MultiLineString","coordinates":[[[-88.27,30.42],[-88.225,30.419],[-88.175,30.419],[-88.125,30.419]],[[-87.875,30.425],[-87.875,30.425],[-87.825,30.428],[-87.775,30.431],[-87.725,30.434],[-87.675,30.437],[-87.625,30.441],[-87.575,30.445],[-87.525,30.45],[-87.475,30.454],[-87.425,30.458],[-87.39,30.46]],[[-87.362,30.462],[-87.325,30.464],[-87.275,30.466],[-87.225,30.467],[-87.183,30.467]],[[-86.925,30.439],[-86.875,30.43],[-86.847,30.425]],[[-86.122,30.472],[-86.109,30.475],[-86.075,30.484],[-86.025,30.497],[-85.975,30.51],[-85.925,30.524],[-85.922,30.525],[-85.875,30.539],[-85.825,30.553],[-85.775,30.568],[-85.752,30.575],[-85.725,30.583],[-85.675,30.598],[-85.625,30.614],[-85.591,30.625],[-85.575,30.63],[-85.525,30.646],[-85.475,30.663],[-85.44,30.675],[-85.425,30.68],[-85.375,30.697],[-85.325,30.714],[-85.294,30.725],[-85.275,30.732],[-85.225,30.749],[-85.175,30.767],[-85.153,30.775],[-85.125,30.785],[-85.075,30.802],[-85.025,30.82],[-85.012,30.825],[-84.975,30.838],[-84.925,30.856],[-84.875,30.874],[-84.871,30.875],[-84.825,30.891],[-84.775,30.908],[-84.726,30.925],[-84.725,30.925],[-84.675,30.942],[-84.625,30.957],[-84.575,30.972],[-84.565,30.975],[-84.525,30.986],[-84.475,31.0],[-84.425,31.013],[-84.381,31.025],[-84.375,31.027],[-84.325,31.04],[-84.275,31.053],[-84.225,31.066],[-84.192,31.075],[-84.175,31.079],[-84.125,31.093],[-84.075,31.106],[-84.025,31.119],[-84.004,31.125],[-83.975,31.133],[-83.925,31.146],[-83.875,31.16],[-83.825,31.174],[-83.82,31.175],[-83.775,31.188],[-83.725,31.202],[-83.675,31.216],[-83.645,31.225],[-83.625,31.231],[-83.575,31.246],[-83.525,31.261],[-83.479,31.275],[-83.475,31.276],[-83.425,31.292],[-83.375,31.308],[-83.325,31.325],[-83.324,31.325],[-83.275,31.341],[-83.225,31.359],[-83.179,31.375],[-83.175,31.376],[-83.125,31.394],[-83.075,31.412],[-83.041,31.425],[-83.025,31.431],[-82.975,31.45],[-82.925,31.469],[-82.908,31.475],[-82.875,31.487],[-82.825,31.506],[-82.775,31.525],[-82.775,31.525],[-82.725,31.544],[-82.675,31.563],[-82.644,31.575],[-82.625,31.582],[-82.575,31.602],[-82.525,31.622],[-82.517,31.625],[-82.475,31.642],[-82.425,31.662],[-82.393,31.675],[-82.375,31.682],[-82.325,31.703],[-82.275,31.723],[-82.269,31.725],[-82.225,31.743],[-82.175,31.762],[-82.142,31.775],[-82.125,31.782],[-82.075,31.801],[-82.025,31.819],[-82.01,31.825],[-81.975,31.838],[-81.925,31.856],[-81.875,31.874],[-81.872,31.875],[-81.825,31.891],[-81.775,31.909],[-81.729,31.925],[-81.725,31.926],[-81.675,31.943],[-81.625,31.961],[-81.583,31.975],[-81.575,31.978],[-81.525,31.995],[-81.475,32.012],[-81.437,32.025],[-81.425,32.029],[-81.375,32.046],[-81.325,32.063],[-81.287,32.075],[-81.275,32.079],[-81.225,32.095],[-81.175,32.111],[-81.129,32.125],[-81.125,32.126],[-81.075,32.141],[-81.025,32.155],[-80.975,32.169],[-80.955,32.175],[-80.925,32.183],[-80.875,32.197],[-80.825,32.21],[-80.813,32.213]],[[-94.791,31.075],[-94.775,31.074],[-94.725,31.07],[-94.675,31.067],[-94.625,31.063],[-94.575,31.059],[-94.525,31.056],[-94.475,31.052],[-94.425,31.049],[-94.375,31.045],[-94.325,31.042],[-94.275,31.039],[-94.225,31.037],[-94.175,31.034],[-94.125,31.032],[-94.075,31.031],[-94.025,31.03],[-93.975,31.03],[-93.925,31.03],[-93.875,31.032],[-93.825,31.033],[-93.775,31.036],[-93.725,31.039],[-93.675,31.042],[-93.625,31.046],[-93.575,31.051],[-93.525,31.056],[-93.475,31.061],[-93.425,31.067],[-93.375,31.073],[-93.361,31.075],[-93.325,31.08],[-93.275,31.087],[-93.225,31.094],[-93.175,31.101],[-93.125,31.109],[-93.075,31.117],[-93.025,31.124],[-93.022,31.125],[-92.975,31.132],[-92.925,31.14],[-92.875,31.148],[-92.825,31.155],[-92.775,31.162],[-92.725,31.169],[-92.72,31.17]],[[-91.375,31.168],[-91.325,31.161],[-91.275,31.153],[-91.225,31.145],[-91.175,31.136],[-91.125,31.127],[-91.116,31.125],[-91.075,31.117],[-91.025,31.106],[-90.975,31.095],[-90.925,31.084],[-90.89,31.075],[-90.875,31.071],[-90.825,31.059],[-90.775,31.046],[-90.725,31.032],[-90.7,31.025],[-90.675,31.018],[-90.625,31.004],[-90.575,30.99],[-90.525,30.975],[-90.525,30.975],[-90.475,30.96],[-90.425,30.945],[-90.375,30.931],[-90.357,30.925],[-90.325,30.915],[-90.275,30.9],[-90.225,30.885],[-90.194,30.875],[-90.175,30.869],[-90.125,30.853],[-90.075,30.837],[-90.038,30.825],[-90.025,30.821],[-89.975,30.804],[-89.925,30.788],[-89.887,30.775],[-89.875,30.771],[-89.825,30.754],[-89.775,30.737],[-89.739,30.725],[-89.725,30.72],[-89.675,30.703],[-89.625,30.686],[-89.591,30.675],[-89.575,30.67],[-89.525,30.653],[-89.475,30.637],[-89.439,30.625],[-89.425,30.621],[-89.375,30.605],[-89.325,30.589],[-89.278,30.575],[-89.275,30.574],[-89.225,30.559],[-89.175,30.545],[-89.125,30.532],[-89.098,30.525],[-89.075,30.519],[-89.025,30.507],[-88.975,30.496],[-88.925,30.486],[-88.875,30.476],[-88.867,30.475],[-88.825,30.468],[-88.775,30.46],[-88.725,30.453],[-88.675,30.447],[-88.625,30.441],[-88.575,30.436],[-88.525,30.431],[-88.475,30.428],[-88.427,30.425],[-88.425,30.425],[-88.377,30.423]]]}},{"type":"Feature","properties":{"date":"2008-03-18","label":"18 Mar","yday":78,"tier":"day","major":false},"geometry":{"type":"MultiLineString","coordinates":[[[-87.925,30.666],[-87.875,30.671],[-87.831,30.675],[-87.825,30.676],[-87.775,30.681],[-87.725,30.687],[-87.675,30.693],[-87.625,30.699],[-87.575,30.706],[-87.525,30.713],[-87.475,30.72],[-87.438,30.725],[-87.425,30.727],[-87.375,30.733],[-87.325,30.74],[-87.275,30.745],[-87.225,30.751],[-87.175,30.755],[-87.125,30.758],[-87.075,30.759],[-87.025,30.758],[-86.975,30.754],[-86.925,30.747],[-86.875,30.739],[-86.825,30.729],[-86.804,30.725],[-86.775,30.719],[-86.725,30.709],[-86.675,30.7],[-86.625,30.693],[-86.575,30.688],[-86.525,30.685],[-86.475,30.686],[-86.425,30.688],[-86.375,30.693],[-86.325,30.699],[-86.275,30.706],[-86.225,30.713],[-86.175,30.721],[-86.154,30.725],[-86.125,30.73],[-86.075,30.739],[-86.025,30.748],[-85.975,30.758],[-85.925,30.767],[-85.888,30.775],[-85.875,30.778],[-85.825,30.788],[-85.775,30.799],[-85.725,30.811],[-85.675,30.822],[-85.664,30.825],[-85.625,30.835],[-85.575,30.847],[-85.525,30.86],[-85.475,30.874],[-85.471,30.875],[-85.425,30.887],[-85.375,30.902],[-85.325,30.916],[-85.295,30.925],[-85.275,30.931],[-85.225,30.945],[-85.175,30.96],[-85.127,30.975],[-85.125,30.976],[-85.075,30.991],[-85.025,31.006],[-84.975,31.021],[-84.962,31.025],[-84.925,31.036],[-84.875,31.051],[-84.825,31.066],[-84.795,31.075],[-84.775,31.081],[-84.725,31.095],[-84.675,31.109],[-84.625,31.122],[-84.614,31.125],[-84.575,31.135],[-84.525,31.147],[-84.475,31.16],[-84.425,31.172],[-84.414,31.175],[-84.375,31.184],[-84.325,31.197],[-84.275,31.209],[-84.225,31.221],[-84.21,31.225],[-84.175,31.233],[-84.125,31.246],[-84.075,31.258],[-84.025,31.271],[-84.009,31.275],[-83.975,31.284],[-83.925,31.296],[-83.875,31.31],[-83.825,31.323],[-83.817,31.325],[-83.775,31.336],[-83.725,31.35],[-83.675,31.364],[-83.637,31.375],[-83.625,31.378],[-83.575,31.393],[-83.525,31.408],[-83.475,31.424],[-83.47,31.425],[-83.425,31.439],[-83.375,31.455],[-83.325,31.472],[-83.316,31.475],[-83.275,31.489],[-83.225,31.506],[-83.175,31.524],[-83.172,31.525],[-83.125,31.542],[-83.075,31.56],[-83.034,31.575],[-83.025,31.578],[-82.975,31.597],[-82.925,31.616],[-82.901,31.625],[-82.875,31.635],[-82.825,31.654],[-82.775,31.673],[-82.77,31.675],[-82.725,31.693],[-82.675,31.712],[-82.643,31.725],[-82.625,31.732],[-82.575,31.752],[-82.525,31.773],[-82.519,31.775],[-82.475,31.793],[-82.425,31.813],[-82.396,31.825],[-82.375,31.833],[-82.325,31.853],[-82.275,31.873],[-82.27,31.875],[-82.225,31.892],[-82.175,31.911],[-82.137,31.925],[-82.125,31.929],[-82.075,31.947],[-82.025,31.965],[-81.996,31.975],[-81.975,31.982],[-81.925,31.999],[-81.875,32.016],[-81.848,32.025],[-81.825,32.033],[-81.775,32.049],[-81.725,32.066],[-81.698,32.075],[-81.675,32.082],[-81.625,32.099],[-81.575,32.116],[-81.547,32.125],[-81.525,32.132],[-81.475,32.149],[-81.425,32.165],[-81.395,32.175],[-81.375,32.182],[-81.325,32.198],[-81.275,32.214],[-81.241,32.225],[-81.225,32.23],[-81.175,32.246],[-81.125,32.261],[-81.078,32.275],[-81.075,32.276],[-81.025,32.291],[-80.975,32.305],[-80.925,32.32],[-80.905,32.325],[-80.875,32.334],[-80.825,32.347]],[[-94.525,31.231],[-94.475,31.229],[-94.425,31.227],[-94.375,31.226],[-94.347,31.225],[-94.325,31.224],[-94.275,31.223],[-94.225,31.223],[-94.175,31.222],[-94.125,31.222],[-94.075,31.223],[-94.025,31.224],[-93.975,31.225],[-93.974,31.225],[-93.925,31.227],[-93.875,31.229],[-93.825,31.232],[-93.775,31.235],[-93.725,31.239],[-93.675,31.243],[-93.625,31.247],[-93.575,31.252],[-93.525,31.257],[-93.475,31.263],[-93.425,31.268],[-93.375,31.274],[-93.371,31.275],[-93.325,31.281],[-93.275,31.287],[-93.225,31.293],[-93.175,31.3],[-93.125,31.307],[-93.075,31.313],[-93.025,31.32],[-92.984,31.325],[-92.975,31.326],[-92.925,31.333],[-92.875,31.339],[-92.825,31.345],[-92.775,31.35],[-92.725,31.356]],[[-91.373,31.327],[-91.356,31.325],[-91.325,31.321],[-91.275,31.313],[-91.225,31.305],[-91.175,31.296],[-91.125,31.287],[-91.075,31.277],[-91.065,31.275],[-91.025,31.267],[-90.975,31.256],[-90.925,31.245],[-90.875,31.233],[-90.843,31.225],[-90.825,31.22],[-90.775,31.208],[-90.725,31.195],[-90.675,31.181],[-90.654,31.175],[-90.625,31.167],[-90.575,31.153],[-90.525,31.139],[-90.476,31.125],[-90.475,31.125],[-90.425,31.111],[-90.375,31.097],[-90.325,31.083],[-90.296,31.075],[-90.275,31.069],[-90.225,31.055],[-90.175,31.041],[-90.125,31.027],[-90.119,31.025],[-90.075,31.012],[-90.025,30.998],[-89.975,30.983],[-89.948,30.975],[-89.925,30.968],[-89.875,30.953],[-89.825,30.938],[-89.78,30.925],[-89.775,30.923],[-89.725,30.908],[-89.675,30.894],[-89.625,30.879],[-89.612,30.875],[-89.575,30.864],[-89.525,30.85],[-89.475,30.835],[-89.438,30.825],[-89.425,30.821],[-89.375,30.807],[-89.325,30.794],[-89.275,30.78],[-89.254,30.775],[-89.225,30.768],[-89.175,30.755],[-89.125,30.743],[-89.075,30.732],[-89.043,30.725],[-89.025,30.721],[-88.975,30.711],[-88.925,30.702],[-88.875,30.693],[-88.825,30.685],[-88.775,30.678],[-88.749,30.675],[-88.725,30.672],[-88.675,30.667],[-88.625,30.662],[-88.575,30.658],[-88.525,30.654],[-88.475,30.652],[-88.425,30.65],[-88.375,30.649],[-88.325,30.649],[-88.275,30.649],[-88.225,30.65],[-88.175,30.651],[-88.125,30.653],[-88.075,30.655]],[[-92.427,31.377],[-92.425,31.377],[-92.375,31.379],[-92.325,31.38],[-92.275,31.381]],[[-80.625,32.401],[-80.575,32.413],[-80.526,32.425],[-80.525,32.425],[-80.485,32.435]]]}},{"type":"Feature","properties":{"date":"2008-03-19","label":"19 Mar","yday":79,"tier":"day","major":false},"geometry":{"type":"MultiLineString","coordinates":[[[-94.475,31.412],[-94.425,31.412],[-94.375,31.413],[-94.325,31.413],[-94.275,31.414],[-94.225,31.415],[-94.175,31.417],[-94.125,31.418],[-94.075,31.42],[-94.025,31.422],[-93.975,31.425],[-93.975,31.425],[-93.925,31.428],[-93.875,31.431],[-93.825,31.435],[-93.775,31.438],[-93.725,31.442],[-93.675,31.446],[-93.625,31.451],[-93.575,31.456],[-93.525,31.46],[-93.475,31.465],[-93.425,31.47],[-93.38,31.475],[-93.375,31.476],[-93.325,31.481],[-93.275,31.486],[-93.225,31.491],[-93.175,31.496],[-93.125,31.502],[-93.104,31.504]],[[-91.318,31.482],[-91.275,31.475],[-91.273,31.475],[-91.225,31.467],[-91.175,31.459],[-91.125,31.45],[-91.075,31.441],[-91.025,31.431],[-90.995,31.425],[-90.975,31.421],[-90.925,31.41],[-90.875,31.399],[-90.825,31.387],[-90.775,31.375],[-90.773,31.375],[-90.725,31.363],[-90.675,31.35],[-90.625,31.337],[-90.58,31.325],[-90.575,31.324],[-90.525,31.31],[-90.475,31.297],[-90.425,31.283],[-90.394,31.275],[-90.375,31.27],[-90.325,31.257],[-90.275,31.243],[-90.225,31.23],[-90.205,31.225],[-90.175,31.217],[-90.125,31.204],[-90.075,31.19],[-90.025,31.177],[-90.018,31.175],[-89.975,31.164],[-89.925,31.15],[-89.875,31.137],[-89.831,31.125],[-89.825,31.123],[-89.775,31.11],[-89.725,31.097],[-89.675,31.084],[-89.641,31.075],[-89.625,31.071],[-89.575,31.058],[-89.525,31.046],[-89.475,31.033],[-89.44,31.025],[-89.425,31.021],[-89.375,31.009],[-89.325,30.998],[-89.275,30.987],[-89.225,30.976],[-89.222,30.975],[-89.175,30.965],[-89.125,30.955],[-89.075,30.945],[-89.025,30.936],[-88.975,30.927],[-88.96,30.925],[-88.925,30.919],[-88.875,30.912],[-88.825,30.905],[-88.775,30.899],[-88.725,30.894],[-88.675,30.89],[-88.625,30.886],[-88.575,30.883],[-88.525,30.881],[-88.475,30.879],[-88.425,30.879],[-88.375,30.878],[-88.325,30.879],[-88.275,30.88],[-88.225,30.882],[-88.175,30.885],[-88.125,30.888],[-88.075,30.891],[-88.025,30.895],[-87.975,30.9],[-87.925,30.905],[-87.875,30.91],[-87.825,30.916],[-87.775,30.922],[-87.755,30.925],[-87.725,30.929],[-87.675,30.935],[-87.625,30.942],[-87.575,30.949],[-87.525,30.956],[-87.475,30.963],[-87.425,30.969],[-87.377,30.975],[-87.375,30.975],[-87.325,30.981],[-87.275,30.986],[-87.225,30.991],[-87.175,30.994],[-87.125,30.997],[-87.075,30.999],[-87.025,31.0],[-86.975,31.001],[-86.925,31.0],[-86.875,30.998],[-86.825,30.997],[-86.775,30.994],[-86.725,30.992],[-86.675,30.989],[-86.625,30.987],[-86.575,30.985],[-86.525,30.984],[-86.475,30.984],[-86.425,30.984],[-86.375,30.985],[-86.325,30.986],[-86.275,30.986],[-86.225,30.987],[-86.175,30.987],[-86.125,30.988],[-86.075,30.99],[-86.025,30.993],[-85.975,30.996],[-85.925,31.0],[-85.875,31.005],[-85.825,31.01],[-85.775,31.016],[-85.725,31.024],[-85.716,31.025],[-85.675,31.031],[-85.625,31.04],[-85.575,31.049],[-85.525,31.059],[-85.475,31.069],[-85.449,31.075],[-85.425,31.08],[-85.375,31.091],[-85.325,31.103],[-85.275,31.115],[-85.232,31.125],[-85.225,31.127],[-85.175,31.139],[-85.125,31.151],[-85.075,31.164],[-85.031,31.175],[-85.025,31.176],[-84.975,31.189],[-84.925,31.202],[-84.875,31.214],[-84.833,31.225],[-84.825,31.227],[-84.775,31.239],[-84.725,31.251],[-84.675,31.264],[-84.628,31.275],[-84.625,31.276],[-84.575,31.287],[-84.525,31.299],[-84.475,31.311],[-84.425,31.322],[-84.414,31.325],[-84.375,31.334],[-84.325,31.346],[-84.275,31.357],[-84.225,31.369],[-84.2,31.375],[-84.175,31.381],[-84.125,31.393],[-84.075,31.405],[-84.025,31.417],[-83.991,31.425],[-83.975,31.429],[-83.925,31.441],[-83.875,31.454],[-83.825,31.467],[-83.794,31.475],[-83.775,31.48],[-83.725,31.493],[-83.675,31.507],[-83.625,31.521],[-83.613,31.525],[-83.575,31.536],[-83.525,31.551],[-83.475,31.566],[-83.447,31.575],[-83.425,31.582],[-83.375,31.598],[-83.325,31.614],[-83.294,31.625],[-83.275,31.631],[-83.225,31.648],[-83.175,31.666],[-83.15,31.675],[-83.125,31.684],[-83.075,31.702],[-83.025,31.72],[-83.013,31.725],[-82.975,31.739],[-82.925,31.758],[-82.881,31.775],[-82.875,31.777],[-82.825,31.797],[-82.775,31.817],[-82.754,31.825],[-82.725,31.837],[-82.675,31.857],[-82.63,31.875],[-82.625,31.877],[-82.575,31.898],[-82.525,31.918],[-82.509,31.925],[-82.475,31.939],[-82.425,31.959],[-82.386,31.975],[-82.375,31.979],[-82.325,31.999],[-82.275,32.018],[-82.255,32.025],[-82.225,32.036],[-82.175,32.054],[-82.125,32.071],[-82.113,32.075],[-82.075,32.088],[-82.025,32.104],[-81.975,32.12],[-81.961,32.125],[-81.925,32.136],[-81.875,32.152],[-81.825,32.168],[-81.804,32.175],[-81.775,32.184],[-81.725,32.2],[-81.675,32.216],[-81.648,32.225],[-81.625,32.232],[-81.575,32.249],[-81.525,32.265],[-81.494,32.275],[-81.475,32.281],[-81.425,32.297],[-81.375,32.314],[-81.341,32.325],[-81.325,32.33],[-81.275,32.346],[-81.225,32.362],[-81.186,32.375],[-81.175,32.378],[-81.125,32.394],[-81.075,32.41],[-81.026,32.425],[-81.025,32.425],[-80.975,32.44],[-80.925,32.455],[-80.875,32.47],[-80.858,32.475],[-80.825,32.484],[-80.775,32.499],[-80.725,32.512],[-80.678,32.525],[-80.675,32.526],[-80.625,32.539],[-80.575,32.551],[-80.541,32.559]],[[-92.594,31.544],[-92.575,31.545],[-92.525,31.547],[-92.475,31.549],[-92.425,31.55],[-92.375,31.55],[-92.325,31.551],[-92.275,31.551],[-92.225,31.55],[-92.2,31.55]],[[-80.515,32.565],[-80.475,32.574],[-80.472,32.575],[-80.425,32.585],[-80.375,32.596],[-80.325,32.605],[-80.275,32.614],[-80.225,32.623],[-80.211,32.625],[-80.175,32.63],[-80.125,32.637],[-80.075,32.643],[-80.025,32.649],[-79.999,32.651]]]}},{"type":"Feature","properties":{"date":"2008-03-20","label":"20 Mar","yday":80,"tier":"five","major":false},"geometry":{"type":"MultiLineString","coordinates":[[[-94.185,31.615],[-94.175,31.615],[-94.125,31.618],[-94.075,31.622],[-94.025,31.625],[-94.023,31.625]],[[-91.218,31.632],[-91.175,31.625],[-91.172,31.625],[-91.125,31.617],[-91.075,31.609],[-91.025,31.6],[-90.975,31.59],[-90.925,31.58],[-90.899,31.575],[-90.875,31.57],[-90.825,31.56],[-90.775,31.549],[-90.725,31.537],[-90.675,31.526],[-90.673,31.525],[-90.625,31.514],[-90.575,31.501],[-90.525,31.489],[-90.475,31.476],[-90.47,31.475],[-90.425,31.464],[-90.375,31.451],[-90.325,31.438],[-90.275,31.425],[-90.274,31.425],[-90.225,31.412],[-90.175,31.4],[-90.125,31.387],[-90.079,31.375],[-90.075,31.374],[-90.025,31.361],[-89.975,31.349],[-89.925,31.336],[-89.882,31.325],[-89.875,31.323],[-89.825,31.311],[-89.775,31.298],[-89.725,31.286],[-89.679,31.275],[-89.675,31.274],[-89.625,31.262],[-89.575,31.251],[-89.525,31.24],[-89.475,31.229],[-89.455,31.225],[-89.425,31.219],[-89.375,31.209],[-89.325,31.199],[-89.275,31.19],[-89.225,31.181],[-89.194,31.175],[-89.175,31.172],[-89.125,31.163],[-89.075,31.155],[-89.025,31.147],[-88.975,31.14],[-88.925,31.133],[-88.875,31.127],[-88.858,31.125],[-88.825,31.121],[-88.775,31.117],[-88.725,31.112],[-88.675,31.109],[-88.625,31.106],[-88.575,31.104],[-88.525,31.103],[-88.475,31.102],[-88.425,31.102],[-88.375,31.102],[-88.325,31.103],[-88.275,31.105],[-88.225,31.107],[-88.175,31.11],[-88.125,31.114],[-88.075,31.117],[-88.025,31.122],[-87.991,31.125],[-87.975,31.126],[-87.925,31.131],[-87.875,31.137],[-87.825,31.142],[-87.775,31.148],[-87.725,31.154],[-87.675,31.16],[-87.625,31.166],[-87.575,31.172],[-87.549,31.175],[-87.525,31.178],[-87.475,31.183],[-87.425,31.189],[-87.375,31.194],[-87.325,31.199],[-87.275,31.203],[-87.225,31.207],[-87.175,31.211],[-87.125,31.214],[-87.075,31.217],[-87.025,31.219],[-86.975,31.221],[-86.925,31.222],[-86.875,31.223],[-86.825,31.224],[-86.775,31.224],[-86.725,31.224],[-86.675,31.224],[-86.625,31.224],[-86.575,31.223],[-86.525,31.222],[-86.475,31.221],[-86.425,31.22],[-86.375,31.218],[-86.325,31.216],[-86.275,31.214],[-86.225,31.211],[-86.175,31.208],[-86.125,31.206],[-86.075,31.205],[-86.025,31.203],[-85.975,31.203],[-85.925,31.203],[-85.875,31.205],[-85.825,31.207],[-85.775,31.21],[-85.725,31.214],[-85.675,31.219],[-85.629,31.225],[-85.625,31.225],[-85.575,31.232],[-85.525,31.24],[-85.475,31.248],[-85.425,31.256],[-85.375,31.265],[-85.325,31.274],[-85.322,31.275],[-85.275,31.284],[-85.225,31.293],[-85.175,31.303],[-85.125,31.314],[-85.075,31.324],[-85.071,31.325],[-85.025,31.335],[-84.975,31.345],[-84.925,31.356],[-84.875,31.367],[-84.838,31.375],[-84.825,31.378],[-84.775,31.389],[-84.725,31.4],[-84.675,31.411],[-84.625,31.422],[-84.609,31.425],[-84.575,31.432],[-84.525,31.443],[-84.475,31.454],[-84.425,31.465],[-84.382,31.475],[-84.375,31.477],[-84.325,31.488],[-84.275,31.499],[-84.225,31.51],[-84.175,31.522],[-84.161,31.525],[-84.125,31.533],[-84.075,31.544],[-84.025,31.556],[-83.975,31.568],[-83.946,31.575],[-83.925,31.58],[-83.875,31.592],[-83.825,31.605],[-83.775,31.618],[-83.749,31.625],[-83.725,31.631],[-83.675,31.645],[-83.625,31.659],[-83.575,31.674],[-83.57,31.675],[-83.525,31.688],[-83.475,31.703],[-83.425,31.719],[-83.407,31.725],[-83.375,31.735],[-83.325,31.751],[-83.275,31.768],[-83.255,31.775],[-83.225,31.785],[-83.175,31.803],[-83.125,31.821],[-83.113,31.825],[-83.075,31.839],[-83.025,31.857],[-82.978,31.875],[-82.975,31.876],[-82.925,31.895],[-82.875,31.915],[-82.849,31.925],[-82.825,31.934],[-82.775,31.954],[-82.725,31.975],[-82.724,31.975],[-82.675,31.995],[-82.625,32.016],[-82.603,32.025],[-82.575,32.037],[-82.525,32.058],[-82.483,32.075],[-82.475,32.078],[-82.425,32.098],[-82.375,32.118],[-82.357,32.125],[-82.325,32.137],[-82.275,32.155],[-82.225,32.172],[-82.215,32.175],[-82.175,32.188],[-82.125,32.204],[-82.075,32.22],[-82.06,32.225],[-82.025,32.236],[-81.975,32.252],[-81.925,32.267],[-81.9,32.275],[-81.875,32.283],[-81.825,32.298],[-81.775,32.314],[-81.74,32.325],[-81.725,32.33],[-81.675,32.346],[-81.625,32.362],[-81.583,32.375],[-81.575,32.378],[-81.525,32.394],[-81.475,32.41],[-81.431,32.425],[-81.425,32.427],[-81.375,32.444],[-81.325,32.46],[-81.281,32.475],[-81.275,32.477],[-81.225,32.494],[-81.175,32.51],[-81.131,32.525],[-81.125,32.527],[-81.075,32.543],[-81.025,32.559],[-80.975,32.575],[-80.974,32.575],[-80.925,32.59],[-80.875,32.605],[-80.825,32.62],[-80.808,32.625],[-80.775,32.634],[-80.725,32.648],[-80.675,32.662],[-80.625,32.675],[-80.623,32.675],[-80.575,32.687],[-80.525,32.699],[-80.475,32.71],[-80.425,32.721],[-80.404,32.725],[-80.375,32.731],[-80.325,32.74],[-80.275,32.749],[-80.225,32.757],[-80.175,32.764],[-80.125,32.771],[-80.089,32.775],[-80.075,32.777],[-80.025,32.781],[-79.975,32.785]],[[-92.812,31.712],[-92.775,31.713],[-92.725,31.715],[-92.675,31.717],[-92.625,31.718],[-92.575,31.719],[-92.525,31.72],[-92.475,31.72],[-92.425,31.72],[-92.375,31.72],[-92.325,31.719],[-92.275,31.719],[-92.225,31.718],[-92.175,31.716],[-92.125,31.714],[-92.075,31.713],[-92.025,31.71],[-91.975,31.708],[-91.925,31.705],[-91.897,31.703]],[[-79.841,32.791],[-79.825,32.791],[-79.809,32.791]]]}},{"type":"Feature","properties":{"date":"2008-03-21","label":"21 Mar","yday":81,"tier":"day","major":false},"geometry":{"type":"MultiLineString","coordinates":[[[-91.114,31.786],[-91.075,31.78],[-91.045,31.775],[-91.025,31.772],[-90.975,31.763],[-90.925,31.755],[-90.875,31.746],[-90.825,31.736],[-90.775,31.726],[-90.769,31.725],[-90.725,31.716],[-90.675,31.706],[-90.625,31.695],[-90.575,31.684],[-90.535,31.675],[-90.525,31.673],[-90.475,31.661],[-90.425,31.649],[-90.375,31.637],[-90.325,31.625],[-90.324,31.625],[-90.275,31.613],[-90.225,31.601],[-90.175,31.589],[-90.125,31.576],[-90.121,31.575],[-90.075,31.564],[-90.025,31.551],[-89.975,31.539],[-89.925,31.526],[-89.919,31.525],[-89.875,31.514],[-89.825,31.502],[-89.775,31.49],[-89.725,31.478],[-89.713,31.475],[-89.675,31.466],[-89.625,31.455],[-89.575,31.444],[-89.525,31.433],[-89.488,31.425],[-89.475,31.422],[-89.425,31.412],[-89.375,31.403],[-89.325,31.394],[-89.275,31.386],[-89.225,31.378],[-89.202,31.375],[-89.175,31.371],[-89.125,31.364],[-89.075,31.357],[-89.025,31.351],[-88.975,31.345],[-88.925,31.34],[-88.875,31.335],[-88.825,31.33],[-88.775,31.327],[-88.751,31.325],[-88.725,31.323],[-88.675,31.321],[-88.625,31.319],[-88.575,31.317],[-88.525,31.316],[-88.475,31.316],[-88.425,31.317],[-88.375,31.317],[-88.325,31.319],[-88.275,31.321],[-88.225,31.323],[-88.192,31.325],[-88.175,31.326],[-88.125,31.329],[-88.075,31.333],[-88.025,31.337],[-87.975,31.341],[-87.925,31.346],[-87.875,31.35],[-87.825,31.355],[-87.775,31.36],[-87.725,31.365],[-87.675,31.371],[-87.631,31.375],[-87.625,31.376],[-87.575,31.381],[-87.525,31.385],[-87.475,31.39],[-87.425,31.395],[-87.375,31.399],[-87.325,31.403],[-87.275,31.407],[-87.225,31.41],[-87.175,31.413],[-87.125,31.416],[-87.075,31.418],[-87.025,31.421],[-86.975,31.423],[-86.925,31.424],[-86.899,31.425],[-86.875,31.426],[-86.825,31.426],[-86.775,31.427],[-86.725,31.427],[-86.675,31.426],[-86.642,31.425],[-86.625,31.425],[-86.575,31.423],[-86.525,31.421],[-86.475,31.418],[-86.425,31.415],[-86.375,31.411],[-86.325,31.407],[-86.275,31.403],[-86.225,31.399],[-86.175,31.395],[-86.125,31.392],[-86.075,31.388],[-86.025,31.386],[-85.975,31.384],[-85.925,31.383],[-85.875,31.383],[-85.825,31.383],[-85.775,31.385],[-85.725,31.387],[-85.675,31.39],[-85.625,31.395],[-85.575,31.4],[-85.525,31.405],[-85.475,31.412],[-85.425,31.418],[-85.378,31.425],[-85.375,31.425],[-85.325,31.433],[-85.275,31.44],[-85.225,31.448],[-85.175,31.457],[-85.125,31.465],[-85.075,31.474],[-85.071,31.475],[-85.025,31.483],[-84.975,31.493],[-84.925,31.502],[-84.875,31.512],[-84.825,31.521],[-84.806,31.525],[-84.775,31.531],[-84.725,31.541],[-84.675,31.551],[-84.625,31.561],[-84.575,31.571],[-84.557,31.575],[-84.525,31.581],[-84.475,31.592],[-84.425,31.602],[-84.375,31.613],[-84.325,31.623],[-84.318,31.625],[-84.275,31.634],[-84.225,31.645],[-84.175,31.656],[-84.125,31.667],[-84.089,31.675],[-84.075,31.678],[-84.025,31.69],[-83.975,31.701],[-83.925,31.713],[-83.877,31.725],[-83.875,31.725],[-83.825,31.738],[-83.775,31.751],[-83.725,31.764],[-83.685,31.775],[-83.675,31.778],[-83.625,31.792],[-83.575,31.806],[-83.525,31.821],[-83.511,31.825],[-83.475,31.836],[-83.425,31.851],[-83.375,31.867],[-83.351,31.875],[-83.325,31.883],[-83.275,31.9],[-83.225,31.917],[-83.202,31.925],[-83.175,31.934],[-83.125,31.952],[-83.075,31.97],[-83.062,31.975],[-83.025,31.989],[-82.975,32.007],[-82.929,32.025],[-82.925,32.027],[-82.875,32.046],[-82.825,32.066],[-82.802,32.075],[-82.775,32.086],[-82.725,32.106],[-82.68,32.125],[-82.675,32.127],[-82.625,32.147],[-82.575,32.168],[-82.558,32.175],[-82.525,32.189],[-82.475,32.209],[-82.434,32.225],[-82.425,32.228],[-82.375,32.247],[-82.325,32.265],[-82.295,32.275],[-82.275,32.282],[-82.225,32.298],[-82.175,32.314],[-82.142,32.325],[-82.125,32.33],[-82.075,32.346],[-82.025,32.362],[-81.983,32.375],[-81.975,32.378],[-81.925,32.393],[-81.875,32.409],[-81.825,32.424],[-81.823,32.425],[-81.775,32.44],[-81.725,32.456],[-81.675,32.472],[-81.665,32.475],[-81.625,32.488],[-81.575,32.504],[-81.525,32.521],[-81.513,32.525],[-81.475,32.538],[-81.425,32.555],[-81.375,32.573],[-81.368,32.575],[-81.325,32.59],[-81.275,32.608],[-81.225,32.625],[-81.225,32.625],[-81.175,32.642],[-81.125,32.659],[-81.078,32.675],[-81.075,32.676],[-81.025,32.692],[-80.975,32.709],[-80.925,32.724],[-80.923,32.725],[-80.875,32.74],[-80.825,32.754],[-80.775,32.769],[-80.752,32.775],[-80.725,32.783],[-80.675,32.796],[-80.625,32.808],[-80.575,32.821],[-80.556,32.825],[-80.525,32.832],[-80.475,32.843],[-80.425,32.853],[-80.375,32.863],[-80.325,32.872],[-80.308,32.875],[-80.275,32.88],[-80.225,32.888],[-80.175,32.895],[-80.125,32.901],[-80.075,32.906],[-80.025,32.91],[-79.975,32.913],[-79.925,32.915],[-79.875,32.916],[-79.825,32.917],[-79.775,32.917],[-79.725,32.917],[-79.675,32.916],[-79.635,32.915]],[[-92.939,31.889],[-92.925,31.889],[-92.875,31.89],[-92.825,31.891],[-92.775,31.892],[-92.725,31.892],[-92.675,31.892],[-92.625,31.892],[-92.575,31.892],[-92.525,31.892],[-92.475,31.891],[-92.425,31.89],[-92.375,31.889],[-92.325,31.888],[-92.275,31.886],[-92.225,31.885],[-92.175,31.883],[-92.125,31.881],[-92.075,31.878],[-92.025,31.876],[-92.01,31.875],[-91.975,31.873],[-91.925,31.87],[-91.875,31.867]]]}},{"type":"Feature","properties":{"date":"2008-03-22","label":"22 Mar","yday":82,"tier":"day","major":false},"geometry":{"type":"MultiLineString","coordinates":[[[-90.919,31.931],[-90.88,31.925],[-90.875,31.924],[-90.825,31.916],[-90.775,31.908],[-90.725,31.899],[-90.675,31.89],[-90.625,31.88],[-90.597,31.875],[-90.575,31.871],[-90.525,31.861],[-90.475,31.85],[-90.425,31.84],[-90.375,31.829],[-90.358,31.825],[-90.325,31.818],[-90.275,31.806],[-90.225,31.795],[-90.175,31.783],[-90.142,31.775],[-90.125,31.771],[-90.075,31.759],[-90.025,31.747],[-89.975,31.735],[-89.935,31.725],[-89.925,31.723],[-89.875,31.711],[-89.825,31.699],[-89.775,31.687],[-89.725,31.675],[-89.725,31.675],[-89.675,31.663],[-89.625,31.652],[-89.575,31.641],[-89.525,31.63],[-89.501,31.625],[-89.475,31.62],[-89.425,31.61],[-89.375,31.6],[-89.325,31.591],[-89.275,31.583],[-89.225,31.576],[-89.22,31.575],[-89.175,31.569],[-89.125,31.562],[-89.075,31.556],[-89.025,31.551],[-88.975,31.546],[-88.925,31.541],[-88.875,31.537],[-88.825,31.534],[-88.775,31.531],[-88.725,31.528],[-88.675,31.526],[-88.646,31.525],[-88.625,31.524],[-88.575,31.523],[-88.525,31.523],[-88.475,31.523],[-88.425,31.523],[-88.375,31.524],[-88.35,31.525],[-88.325,31.526],[-88.275,31.528],[-88.225,31.53],[-88.175,31.532],[-88.125,31.535],[-88.075,31.539],[-88.025,31.542],[-87.975,31.546],[-87.925,31.55],[-87.875,31.554],[-87.825,31.558],[-87.775,31.562],[-87.725,31.566],[-87.675,31.571],[-87.625,31.575],[-87.623,31.575],[-87.575,31.579],[-87.525,31.583],[-87.475,31.587],[-87.425,31.59],[-87.375,31.594],[-87.325,31.597],[-87.275,31.6],[-87.225,31.603],[-87.175,31.605],[-87.125,31.608],[-87.075,31.61],[-87.025,31.611],[-86.975,31.613],[-86.925,31.614],[-86.875,31.614],[-86.825,31.614],[-86.775,31.613],[-86.725,31.612],[-86.675,31.61],[-86.625,31.607],[-86.575,31.604],[-86.525,31.6],[-86.475,31.595],[-86.425,31.59],[-86.375,31.584],[-86.325,31.579],[-86.291,31.575],[-86.275,31.573],[-86.225,31.568],[-86.175,31.563],[-86.125,31.558],[-86.075,31.554],[-86.025,31.55],[-85.975,31.547],[-85.925,31.545],[-85.875,31.544],[-85.825,31.544],[-85.775,31.545],[-85.725,31.546],[-85.675,31.548],[-85.625,31.551],[-85.575,31.555],[-85.525,31.559],[-85.475,31.564],[-85.425,31.569],[-85.376,31.575],[-85.375,31.575],[-85.325,31.581],[-85.275,31.588],[-85.225,31.595],[-85.175,31.602],[-85.125,31.609],[-85.075,31.617],[-85.025,31.625],[-85.025,31.625],[-84.975,31.633],[-84.925,31.641],[-84.875,31.65],[-84.825,31.659],[-84.775,31.668],[-84.734,31.675],[-84.725,31.677],[-84.675,31.686],[-84.625,31.695],[-84.575,31.705],[-84.525,31.714],[-84.475,31.724],[-84.469,31.725],[-84.425,31.734],[-84.375,31.744],[-84.325,31.754],[-84.275,31.764],[-84.225,31.775],[-84.223,31.775],[-84.175,31.785],[-84.125,31.796],[-84.075,31.807],[-84.025,31.818],[-83.995,31.825],[-83.975,31.83],[-83.925,31.841],[-83.875,31.854],[-83.825,31.866],[-83.79,31.875],[-83.775,31.879],[-83.725,31.892],[-83.675,31.905],[-83.625,31.919],[-83.605,31.925],[-83.575,31.934],[-83.525,31.948],[-83.475,31.963],[-83.437,31.975],[-83.425,31.979],[-83.375,31.994],[-83.325,32.01],[-83.281,32.025],[-83.275,32.027],[-83.225,32.044],[-83.175,32.061],[-83.135,32.075],[-83.125,32.078],[-83.075,32.096],[-83.025,32.115],[-82.998,32.125],[-82.975,32.133],[-82.925,32.152],[-82.875,32.172],[-82.867,32.175],[-82.825,32.191],[-82.775,32.211],[-82.741,32.225],[-82.725,32.231],[-82.675,32.251],[-82.625,32.272],[-82.617,32.275],[-82.575,32.292],[-82.525,32.311],[-82.49,32.325],[-82.475,32.331],[-82.425,32.349],[-82.375,32.367],[-82.354,32.375],[-82.325,32.385],[-82.275,32.402],[-82.225,32.419],[-82.207,32.425],[-82.175,32.436],[-82.125,32.452],[-82.075,32.468],[-82.053,32.475],[-82.025,32.484],[-81.975,32.5],[-81.925,32.516],[-81.897,32.525],[-81.875,32.532],[-81.825,32.548],[-81.775,32.564],[-81.74,32.575],[-81.725,32.58],[-81.675,32.596],[-81.625,32.613],[-81.589,32.625],[-81.575,32.63],[-81.525,32.648],[-81.475,32.666],[-81.45,32.675],[-81.425,32.684],[-81.375,32.702],[-81.325,32.72],[-81.313,32.725],[-81.275,32.739],[-81.225,32.757],[-81.175,32.774],[-81.173,32.775],[-81.125,32.792],[-81.075,32.809],[-81.026,32.825],[-81.025,32.825],[-80.975,32.841],[-80.925,32.857],[-80.875,32.872],[-80.866,32.875],[-80.825,32.887],[-80.775,32.901],[-80.725,32.915],[-80.686,32.925],[-80.675,32.928],[-80.625,32.94],[-80.575,32.952],[-80.525,32.963],[-80.475,32.973],[-80.466,32.975],[-80.425,32.983],[-80.375,32.992],[-80.325,33.0],[-80.275,33.008],[-80.225,33.015],[-80.175,33.021],[-80.133,33.025],[-80.125,33.026],[-80.075,33.03],[-80.025,33.034],[-79.975,33.036],[-79.925,33.038],[-79.875,33.039],[-79.825,33.039],[-79.775,33.039],[-79.725,33.039],[-79.675,33.038],[-79.625,33.036],[-79.575,33.035],[-79.566,33.034]],[[-93.025,32.071],[-92.975,32.071],[-92.925,32.071],[-92.875,32.07],[-92.825,32.07],[-92.775,32.069],[-92.725,32.068],[-92.675,32.067],[-92.625,32.066],[-92.575,32.065],[-92.525,32.063],[-92.475,32.062],[-92.425,32.06],[-92.375,32.058],[-92.325,32.056],[-92.275,32.054],[-92.225,32.052],[-92.175,32.05],[-92.125,32.047],[-92.075,32.045],[-92.025,32.042]],[[-79.481,33.031],[-79.475,33.03],[-79.425,33.028],[-79.422,33.028]]]}},{"type":"Feature","properties":{"date":"2008-03-23","label":"23 Mar","yday":83,"tier":"day","major":false},"geometry":{"type":"MultiLineString","coordinates":[[[-90.662,32.075],[-90.625,32.069],[-90.575,32.061],[-90.525,32.052],[-90.475,32.043],[-90.425,32.034],[-90.38,32.025],[-90.375,32.024],[-90.325,32.014],[-90.275,32.004],[-90.225,31.993],[-90.175,31.982],[-90.146,31.975],[-90.125,31.97],[-90.075,31.959],[-90.025,31.947],[-89.975,31.935],[-89.931,31.925],[-89.925,31.924],[-89.875,31.912],[-89.825,31.9],[-89.775,31.888],[-89.725,31.877],[-89.718,31.875],[-89.675,31.865],[-89.625,31.854],[-89.575,31.843],[-89.525,31.832],[-89.489,31.825],[-89.475,31.822],[-89.425,31.812],[-89.375,31.803],[-89.325,31.794],[-89.275,31.785],[-89.225,31.777],[-89.209,31.775],[-89.175,31.77],[-89.125,31.763],[-89.075,31.757],[-89.025,31.751],[-88.975,31.746],[-88.925,31.742],[-88.875,31.737],[-88.825,31.734],[-88.775,31.731],[-88.725,31.728],[-88.675,31.726],[-88.627,31.725],[-88.625,31.725],[-88.575,31.724],[-88.525,31.723],[-88.475,31.723],[-88.425,31.724],[-88.375,31.725],[-88.359,31.725],[-88.325,31.726],[-88.275,31.727],[-88.225,31.729],[-88.175,31.732],[-88.125,31.734],[-88.075,31.737],[-88.025,31.74],[-87.975,31.743],[-87.925,31.746],[-87.875,31.749],[-87.825,31.753],[-87.775,31.756],[-87.725,31.759],[-87.675,31.763],[-87.625,31.766],[-87.575,31.769],[-87.525,31.772],[-87.475,31.775],[-87.473,31.775],[-87.425,31.778],[-87.375,31.78],[-87.325,31.782],[-87.275,31.784],[-87.225,31.786],[-87.175,31.788],[-87.125,31.789],[-87.075,31.79],[-87.025,31.791],[-86.975,31.791],[-86.925,31.791],[-86.875,31.79],[-86.825,31.789],[-86.775,31.788],[-86.725,31.786],[-86.675,31.783],[-86.625,31.779],[-86.587,31.775],[-86.575,31.774],[-86.525,31.768],[-86.475,31.761],[-86.425,31.754],[-86.375,31.747],[-86.325,31.739],[-86.275,31.732],[-86.225,31.725],[-86.222,31.725],[-86.175,31.719],[-86.125,31.713],[-86.075,31.707],[-86.025,31.703],[-85.975,31.7],[-85.925,31.697],[-85.875,31.695],[-85.825,31.695],[-85.775,31.695],[-85.725,31.695],[-85.675,31.697],[-85.625,31.699],[-85.575,31.702],[-85.525,31.705],[-85.475,31.709],[-85.425,31.713],[-85.375,31.718],[-85.325,31.723],[-85.309,31.725],[-85.275,31.729],[-85.225,31.735],[-85.175,31.741],[-85.125,31.747],[-85.075,31.754],[-85.025,31.761],[-84.975,31.768],[-84.931,31.775],[-84.925,31.776],[-84.875,31.784],[-84.825,31.791],[-84.775,31.799],[-84.725,31.808],[-84.675,31.816],[-84.625,31.825],[-84.623,31.825],[-84.575,31.833],[-84.525,31.842],[-84.475,31.851],[-84.425,31.861],[-84.375,31.87],[-84.351,31.875],[-84.325,31.88],[-84.275,31.89],[-84.225,31.9],[-84.175,31.91],[-84.125,31.921],[-84.105,31.925],[-84.075,31.932],[-84.025,31.943],[-83.975,31.954],[-83.925,31.966],[-83.886,31.975],[-83.875,31.978],[-83.825,31.99],[-83.775,32.003],[-83.725,32.016],[-83.691,32.025],[-83.675,32.029],[-83.625,32.043],[-83.575,32.057],[-83.525,32.072],[-83.514,32.075],[-83.475,32.086],[-83.425,32.102],[-83.375,32.117],[-83.35,32.125],[-83.325,32.133],[-83.275,32.149],[-83.225,32.166],[-83.198,32.175],[-83.175,32.183],[-83.125,32.2],[-83.075,32.218],[-83.055,32.225],[-83.025,32.236],[-82.975,32.254],[-82.925,32.273],[-82.92,32.275],[-82.875,32.292],[-82.825,32.311],[-82.791,32.325],[-82.775,32.331],[-82.725,32.351],[-82.675,32.37],[-82.664,32.375],[-82.625,32.39],[-82.575,32.41],[-82.535,32.425],[-82.525,32.429],[-82.475,32.448],[-82.425,32.466],[-82.401,32.475],[-82.375,32.484],[-82.325,32.502],[-82.275,32.52],[-82.26,32.525],[-82.225,32.537],[-82.175,32.554],[-82.125,32.571],[-82.113,32.575],[-82.075,32.588],[-82.025,32.604],[-81.975,32.621],[-81.963,32.625],[-81.925,32.638],[-81.875,32.654],[-81.825,32.671],[-81.813,32.675],[-81.775,32.688],[-81.725,32.705],[-81.675,32.722],[-81.667,32.725],[-81.625,32.74],[-81.575,32.758],[-81.529,32.775],[-81.525,32.777],[-81.475,32.795],[-81.425,32.814],[-81.396,32.825],[-81.375,32.833],[-81.325,32.851],[-81.275,32.87],[-81.261,32.875],[-81.225,32.888],[-81.175,32.906],[-81.125,32.923],[-81.12,32.925],[-81.075,32.941],[-81.025,32.957],[-80.975,32.973],[-80.969,32.975],[-80.925,32.989],[-80.875,33.004],[-80.825,33.018],[-80.8,33.025],[-80.775,33.032],[-80.725,33.045],[-80.675,33.057],[-80.625,33.069],[-80.599,33.075],[-80.575,33.08],[-80.525,33.091],[-80.475,33.1],[-80.425,33.109],[-80.375,33.117],[-80.325,33.125],[-80.325,33.125],[-80.275,33.132],[-80.225,33.138],[-80.175,33.143],[-80.125,33.148],[-80.075,33.151],[-80.025,33.154],[-79.975,33.157],[-79.925,33.158],[-79.875,33.159],[-79.825,33.16],[-79.775,33.16],[-79.725,33.159],[-79.675,33.158],[-79.625,33.156],[-79.575,33.154],[-79.525,33.152],[-79.475,33.15],[-79.425,33.147],[-79.375,33.144],[-79.325,33.141],[-79.309,33.141]],[[-93.055,32.255],[-93.025,32.254],[-92.975,32.252],[-92.925,32.251],[-92.875,32.249],[-92.825,32.247],[-92.775,32.245],[-92.725,32.243],[-92.675,32.241],[-92.625,32.239],[-92.575,32.237],[-92.525,32.235],[-92.475,32.233],[-92.425,32.23],[-92.375,32.228],[-92.325,32.225],[-92.319,32.225],[-92.275,32.223],[-92.225,32.22],[-92.175,32.218],[-92.125,32.215],[-92.114,32.214]]]}},{"type":"Feature","properties":{"date":"2008-03-24","label":"24 Mar","yday":84,"tier":"day","major":false},"geometry":{"type":"MultiLineString","coordinates":[[[-86.353,31.897],[-86.325,31.893],[-86.275,31.885],[-86.225,31.877],[-86.214,31.875],[-86.175,31.869],[-86.125,31.862],[-86.075,31.855],[-86.025,31.85],[-85.975,31.846],[-85.925,31.843],[-85.875,31.841],[-85.825,31.839],[-85.775,31.839],[-85.725,31.839],[-85.675,31.84],[-85.625,31.841],[-85.575,31.843],[-85.525,31.846],[-85.475,31.849],[-85.425,31.852],[-85.375,31.856],[-85.325,31.86],[-85.275,31.865],[-85.225,31.87],[-85.178,31.875],[-85.175,31.875],[-85.125,31.881],[-85.075,31.887],[-85.025,31.893],[-84.975,31.899],[-84.925,31.906],[-84.875,31.913],[-84.825,31.92],[-84.791,31.925],[-84.775,31.927],[-84.725,31.935],[-84.675,31.943],[-84.625,31.95],[-84.575,31.959],[-84.525,31.967],[-84.478,31.975],[-84.475,31.975],[-84.425,31.984],[-84.375,31.993],[-84.325,32.002],[-84.275,32.012],[-84.225,32.022],[-84.208,32.025],[-84.175,32.032],[-84.125,32.042],[-84.075,32.053],[-84.025,32.063],[-83.975,32.075],[-83.974,32.075],[-83.925,32.086],[-83.875,32.098],[-83.825,32.11],[-83.775,32.123],[-83.768,32.125],[-83.725,32.136],[-83.675,32.149],[-83.625,32.163],[-83.582,32.175],[-83.575,32.177],[-83.525,32.191],[-83.475,32.206],[-83.425,32.221],[-83.412,32.225],[-83.375,32.236],[-83.325,32.252],[-83.275,32.268],[-83.254,32.275],[-83.225,32.284],[-83.175,32.301],[-83.125,32.318],[-83.105,32.325],[-83.075,32.335],[-83.025,32.353],[-82.975,32.371],[-82.965,32.375],[-82.925,32.39],[-82.875,32.408],[-82.832,32.425],[-82.825,32.428],[-82.775,32.447],[-82.725,32.467],[-82.703,32.475],[-82.675,32.486],[-82.625,32.505],[-82.575,32.525],[-82.574,32.525],[-82.525,32.544],[-82.475,32.563],[-82.442,32.575],[-82.425,32.581],[-82.375,32.6],[-82.325,32.618],[-82.305,32.625],[-82.275,32.636],[-82.225,32.654],[-82.175,32.671],[-82.165,32.675],[-82.125,32.689],[-82.075,32.706],[-82.025,32.724],[-82.022,32.725],[-81.975,32.741],[-81.925,32.759],[-81.88,32.775],[-81.875,32.777],[-81.825,32.794],[-81.775,32.812],[-81.74,32.825],[-81.725,32.831],[-81.675,32.849],[-81.625,32.868],[-81.606,32.875],[-81.575,32.887],[-81.525,32.906],[-81.475,32.925],[-81.475,32.925],[-81.425,32.944],[-81.375,32.963],[-81.344,32.975],[-81.325,32.982],[-81.275,33.001],[-81.225,33.019],[-81.208,33.025],[-81.175,33.037],[-81.125,33.054],[-81.075,33.071],[-81.064,33.075],[-81.025,33.088],[-80.975,33.104],[-80.925,33.119],[-80.904,33.125],[-80.875,33.133],[-80.825,33.147],[-80.775,33.161],[-80.725,33.173],[-80.717,33.175],[-80.675,33.185],[-80.625,33.196],[-80.575,33.206],[-80.525,33.216],[-80.475,33.225],[-80.474,33.225],[-80.425,33.233],[-80.375,33.24],[-80.325,33.247],[-80.275,33.253],[-80.225,33.259],[-80.175,33.264],[-80.125,33.268],[-80.075,33.271],[-80.025,33.274],[-79.996,33.275],[-79.975,33.276],[-79.925,33.277],[-79.875,33.278],[-79.825,33.279],[-79.775,33.279],[-79.725,33.278],[-79.675,33.277],[-79.625,33.276],[-79.61,33.275],[-79.575,33.274],[-79.525,33.272],[-79.475,33.269],[-79.425,33.267],[-79.375,33.264],[-79.325,33.261],[-79.31,33.26]],[[-90.378,32.222],[-90.375,32.222],[-90.325,32.213],[-90.275,32.204],[-90.225,32.194],[-90.175,32.183],[-90.136,32.175],[-90.125,32.173],[-90.075,32.162],[-90.025,32.15],[-89.975,32.139],[-89.925,32.127],[-89.915,32.125],[-89.875,32.116],[-89.825,32.104],[-89.775,32.093],[-89.725,32.081],[-89.697,32.075],[-89.675,32.07],[-89.625,32.059],[-89.575,32.048],[-89.525,32.037],[-89.475,32.027],[-89.466,32.025],[-89.425,32.017],[-89.375,32.007],[-89.325,31.998],[-89.275,31.989],[-89.225,31.98],[-89.191,31.975],[-89.175,31.972],[-89.125,31.965],[-89.075,31.958],[-89.025,31.952],[-88.975,31.946],[-88.925,31.941],[-88.875,31.936],[-88.825,31.932],[-88.775,31.929],[-88.725,31.926],[-88.702,31.925],[-88.675,31.924],[-88.625,31.922],[-88.575,31.921],[-88.525,31.92],[-88.475,31.92],[-88.425,31.92],[-88.375,31.92],[-88.325,31.921],[-88.275,31.922],[-88.225,31.924],[-88.19,31.925],[-88.175,31.926],[-88.125,31.927],[-88.075,31.93],[-88.025,31.932],[-87.975,31.934],[-87.925,31.937],[-87.875,31.939],[-87.825,31.941],[-87.775,31.944],[-87.745,31.945]]]}},{"type":"Feature","properties":{"date":"2008-03-25","label":"25 Mar","yday":85,"tier":"five","major":false},"geometry":{"type":"MultiLineString","coordinates":[[[-86.094,32.006],[-86.075,32.003],[-86.025,31.997],[-85.975,31.992],[-85.925,31.988],[-85.875,31.985],[-85.825,31.983],[-85.775,31.981],[-85.725,31.98],[-85.675,31.98],[-85.625,31.981],[-85.575,31.982],[-85.525,31.983],[-85.475,31.985],[-85.425,31.988],[-85.375,31.99],[-85.325,31.994],[-85.275,31.998],[-85.225,32.002],[-85.175,32.006],[-85.125,32.011],[-85.075,32.016],[-85.025,32.022],[-84.995,32.025],[-84.975,32.027],[-84.925,32.033],[-84.875,32.039],[-84.825,32.045],[-84.775,32.052],[-84.725,32.059],[-84.675,32.066],[-84.625,32.073],[-84.611,32.075],[-84.575,32.08],[-84.525,32.088],[-84.475,32.096],[-84.425,32.104],[-84.375,32.113],[-84.325,32.122],[-84.307,32.125],[-84.275,32.131],[-84.225,32.14],[-84.175,32.15],[-84.125,32.16],[-84.075,32.171],[-84.054,32.175],[-84.025,32.181],[-83.975,32.192],[-83.925,32.204],[-83.875,32.216],[-83.836,32.225],[-83.825,32.228],[-83.775,32.24],[-83.725,32.253],[-83.675,32.266],[-83.643,32.275],[-83.625,32.28],[-83.575,32.294],[-83.525,32.308],[-83.475,32.323],[-83.467,32.325],[-83.425,32.337],[-83.375,32.353],[-83.325,32.368],[-83.303,32.375],[-83.275,32.384],[-83.225,32.4],[-83.175,32.416],[-83.149,32.425],[-83.125,32.433],[-83.075,32.45],[-83.025,32.467],[-83.004,32.475],[-82.975,32.485],[-82.925,32.504],[-82.875,32.522],[-82.868,32.525],[-82.825,32.542],[-82.775,32.561],[-82.739,32.575],[-82.725,32.581],[-82.675,32.6],[-82.625,32.619],[-82.61,32.625],[-82.575,32.639],[-82.525,32.658],[-82.48,32.675],[-82.475,32.677],[-82.425,32.696],[-82.375,32.714],[-82.346,32.725],[-82.325,32.733],[-82.275,32.751],[-82.225,32.77],[-82.211,32.775],[-82.175,32.788],[-82.125,32.807],[-82.075,32.825],[-82.075,32.825],[-82.025,32.843],[-81.975,32.862],[-81.94,32.875],[-81.925,32.881],[-81.875,32.899],[-81.825,32.918],[-81.807,32.925],[-81.775,32.937],[-81.725,32.956],[-81.677,32.975],[-81.675,32.976],[-81.625,32.995],[-81.575,33.015],[-81.549,33.025],[-81.525,33.034],[-81.475,33.054],[-81.425,33.073],[-81.42,33.075],[-81.375,33.092],[-81.325,33.111],[-81.289,33.125],[-81.275,33.13],[-81.225,33.148],[-81.175,33.166],[-81.15,33.175],[-81.125,33.183],[-81.075,33.2],[-81.025,33.216],[-80.998,33.225],[-80.975,33.232],[-80.925,33.247],[-80.875,33.261],[-80.825,33.274],[-80.822,33.275],[-80.775,33.287],[-80.725,33.299],[-80.675,33.31],[-80.625,33.32],[-80.6,33.325],[-80.575,33.33],[-80.525,33.339],[-80.475,33.347],[-80.425,33.354],[-80.375,33.361],[-80.325,33.368],[-80.275,33.373],[-80.257,33.375],[-80.225,33.378],[-80.175,33.383],[-80.125,33.386],[-80.075,33.39],[-80.025,33.392],[-79.975,33.394],[-79.925,33.396],[-79.875,33.397],[-79.825,33.397],[-79.775,33.397],[-79.725,33.397],[-79.675,33.396],[-79.625,33.395],[-79.575,33.393],[-79.525,33.391],[-79.475,33.389],[-79.425,33.386],[-79.375,33.383],[-79.325,33.38],[-79.275,33.377],[-79.241,33.375],[-79.225,33.374],[-79.175,33.371]],[[-87.126,32.126],[-87.125,32.126],[-87.103,32.125],[-87.075,32.124],[-87.028,32.122]],[[-89.385,32.215],[-89.375,32.212],[-89.325,32.203],[-89.275,32.193],[-89.225,32.184],[-89.175,32.176],[-89.171,32.175],[-89.125,32.167],[-89.075,32.16],[-89.025,32.153],[-88.975,32.146],[-88.925,32.14],[-88.875,32.134],[-88.825,32.13],[-88.775,32.125],[-88.769,32.125],[-88.725,32.122],[-88.675,32.119],[-88.625,32.117],[-88.575,32.115],[-88.525,32.114],[-88.475,32.113],[-88.425,32.113],[-88.375,32.113],[-88.325,32.114],[-88.275,32.114],[-88.225,32.115],[-88.175,32.116],[-88.125,32.118],[-88.075,32.119],[-88.025,32.12],[-88.021,32.121]],[[-89.92,32.33],[-89.895,32.325],[-89.875,32.321],[-89.825,32.31],[-89.775,32.298],[-89.725,32.287],[-89.675,32.276],[-89.67,32.275],[-89.625,32.265],[-89.575,32.254]]]}},{"type":"Feature","properties":{"date":"2008-03-26","label":"26 Mar","yday":86,"tier":"day","major":false},"geometry":{"type":"MultiLineString","coordinates":[[[-85.632,32.118],[-85.625,32.117],[-85.575,32.117],[-85.525,32.118],[-85.475,32.119],[-85.425,32.12],[-85.375,32.122],[-85.325,32.125],[-85.318,32.125],[-85.275,32.127],[-85.225,32.131],[-85.175,32.134],[-85.125,32.138],[-85.075,32.143],[-85.025,32.147],[-84.975,32.152],[-84.925,32.157],[-84.875,32.162],[-84.825,32.168],[-84.775,32.174],[-84.764,32.175],[-84.725,32.18],[-84.675,32.186],[-84.625,32.192],[-84.575,32.199],[-84.525,32.206],[-84.475,32.214],[-84.425,32.222],[-84.405,32.225],[-84.375,32.23],[-84.325,32.238],[-84.275,32.247],[-84.225,32.256],[-84.175,32.266],[-84.128,32.275],[-84.125,32.276],[-84.075,32.286],[-84.025,32.296],[-83.975,32.307],[-83.925,32.319],[-83.898,32.325],[-83.875,32.33],[-83.825,32.342],[-83.775,32.355],[-83.725,32.368],[-83.697,32.375],[-83.675,32.381],[-83.625,32.394],[-83.575,32.408],[-83.525,32.422],[-83.516,32.425],[-83.475,32.437],[-83.425,32.451],[-83.375,32.466],[-83.347,32.475],[-83.325,32.482],[-83.275,32.497],[-83.225,32.513],[-83.189,32.525],[-83.175,32.529],[-83.125,32.546],[-83.075,32.563],[-83.04,32.575],[-83.025,32.58],[-82.975,32.598],[-82.925,32.617],[-82.904,32.625],[-82.875,32.636],[-82.825,32.655],[-82.775,32.674],[-82.773,32.675],[-82.725,32.694],[-82.675,32.713],[-82.644,32.725],[-82.625,32.732],[-82.575,32.752],[-82.525,32.771],[-82.515,32.775],[-82.475,32.79],[-82.425,32.809],[-82.384,32.825],[-82.375,32.828],[-82.325,32.848],[-82.275,32.867],[-82.253,32.875],[-82.225,32.886],[-82.175,32.905],[-82.125,32.924],[-82.123,32.925],[-82.075,32.943],[-82.025,32.963],[-81.993,32.975],[-81.975,32.982],[-81.925,33.002],[-81.875,33.021],[-81.866,33.025],[-81.825,33.041],[-81.775,33.061],[-81.74,33.075],[-81.725,33.081],[-81.675,33.101],[-81.625,33.121],[-81.615,33.125],[-81.575,33.141],[-81.525,33.161],[-81.49,33.175],[-81.475,33.181],[-81.425,33.2],[-81.375,33.22],[-81.361,33.225],[-81.325,33.239],[-81.275,33.258],[-81.227,33.275],[-81.225,33.276],[-81.175,33.294],[-81.125,33.311],[-81.082,33.325],[-81.075,33.327],[-81.025,33.343],[-80.975,33.358],[-80.925,33.373],[-80.917,33.375],[-80.875,33.386],[-80.825,33.399],[-80.775,33.411],[-80.725,33.422],[-80.711,33.425],[-80.675,33.432],[-80.625,33.442],[-80.575,33.451],[-80.525,33.459],[-80.475,33.467],[-80.425,33.474],[-80.417,33.475],[-80.375,33.48],[-80.325,33.486],[-80.275,33.492],[-80.225,33.496],[-80.175,33.5],[-80.125,33.504],[-80.075,33.507],[-80.025,33.51],[-79.975,33.512],[-79.925,33.514],[-79.875,33.515],[-79.825,33.516],[-79.775,33.516],[-79.725,33.516],[-79.675,33.515],[-79.625,33.514],[-79.575,33.513],[-79.525,33.511],[-79.475,33.509],[-79.425,33.507],[-79.375,33.504],[-79.325,33.502],[-79.275,33.499],[-79.225,33.495],[-79.175,33.492],[-79.125,33.489],[-79.112,33.488]],[[-87.192,32.292],[-87.175,32.291],[-87.125,32.288],[-87.075,32.284],[-87.025,32.28],[-86.975,32.276],[-86.969,32.275],[-86.925,32.271],[-86.884,32.266]],[[-89.213,32.387],[-89.175,32.38],[-89.145,32.375],[-89.125,32.371],[-89.075,32.363],[-89.025,32.355],[-88.975,32.347],[-88.925,32.34],[-88.875,32.334],[-88.825,32.328],[-88.8,32.325],[-88.775,32.322],[-88.725,32.318],[-88.675,32.315],[-88.625,32.312],[-88.575,32.31],[-88.525,32.308],[-88.475,32.307],[-88.425,32.306],[-88.375,32.306],[-88.325,32.305],[-88.275,32.305],[-88.225,32.306],[-88.175,32.306]]]}},{"type":"Feature","properties":{"date":"2008-03-27","label":"27 Mar","yday":87,"tier":"day","major":false},"geometry":{"type":"MultiLineString","coordinates":[[[-85.575,32.251],[-85.525,32.25],[-85.475,32.25],[-85.425,32.25],[-85.375,32.251],[-85.325,32.253],[-85.275,32.255],[-85.225,32.257],[-85.175,32.26],[-85.125,32.263],[-85.075,32.267],[-85.025,32.27],[-84.975,32.274],[-84.969,32.275],[-84.925,32.279],[-84.875,32.283],[-84.825,32.288],[-84.775,32.293],[-84.725,32.298],[-84.675,32.304],[-84.625,32.309],[-84.575,32.316],[-84.525,32.322],[-84.506,32.325],[-84.475,32.329],[-84.425,32.337],[-84.375,32.344],[-84.325,32.352],[-84.275,32.361],[-84.225,32.37],[-84.196,32.375],[-84.175,32.379],[-84.125,32.388],[-84.075,32.398],[-84.025,32.409],[-83.975,32.42],[-83.952,32.425],[-83.925,32.431],[-83.875,32.443],[-83.825,32.455],[-83.775,32.467],[-83.744,32.475],[-83.725,32.48],[-83.675,32.493],[-83.625,32.507],[-83.575,32.52],[-83.559,32.525],[-83.525,32.534],[-83.475,32.549],[-83.425,32.564],[-83.387,32.575],[-83.375,32.579],[-83.325,32.594],[-83.275,32.609],[-83.226,32.625],[-83.225,32.625],[-83.175,32.642],[-83.125,32.659],[-83.077,32.675],[-83.075,32.676],[-83.025,32.693],[-82.975,32.711],[-82.938,32.725],[-82.925,32.73],[-82.875,32.749],[-82.825,32.768],[-82.806,32.775],[-82.775,32.787],[-82.725,32.806],[-82.676,32.825],[-82.675,32.825],[-82.625,32.845],[-82.575,32.864],[-82.547,32.875],[-82.525,32.884],[-82.475,32.903],[-82.425,32.923],[-82.419,32.925],[-82.375,32.942],[-82.325,32.962],[-82.291,32.975],[-82.275,32.981],[-82.225,33.001],[-82.175,33.021],[-82.165,33.025],[-82.125,33.041],[-82.075,33.061],[-82.041,33.075],[-82.025,33.081],[-81.975,33.102],[-81.925,33.122],[-81.918,33.125],[-81.875,33.142],[-81.825,33.163],[-81.796,33.175],[-81.775,33.183],[-81.725,33.204],[-81.675,33.224],[-81.674,33.225],[-81.625,33.245],[-81.575,33.265],[-81.551,33.275],[-81.525,33.286],[-81.475,33.306],[-81.426,33.325],[-81.425,33.325],[-81.375,33.345],[-81.325,33.364],[-81.296,33.375],[-81.275,33.383],[-81.225,33.401],[-81.175,33.419],[-81.157,33.425],[-81.125,33.436],[-81.075,33.452],[-81.025,33.468],[-81.0,33.475],[-80.975,33.482],[-80.925,33.496],[-80.875,33.509],[-80.825,33.521],[-80.808,33.525],[-80.775,33.532],[-80.725,33.543],[-80.675,33.552],[-80.625,33.561],[-80.575,33.57],[-80.542,33.575],[-80.525,33.578],[-80.475,33.585],[-80.425,33.591],[-80.375,33.598],[-80.325,33.603],[-80.275,33.608],[-80.225,33.613],[-80.175,33.617],[-80.125,33.621],[-80.075,33.624],[-80.063,33.625],[-80.025,33.627],[-79.975,33.63],[-79.925,33.632],[-79.875,33.633],[-79.825,33.634],[-79.775,33.635],[-79.725,33.635],[-79.675,33.635],[-79.625,33.635],[-79.575,33.634],[-79.525,33.633],[-79.475,33.631],[-79.425,33.629],[-79.375,33.627],[-79.329,33.625],[-79.325,33.625],[-79.275,33.622],[-79.225,33.619],[-79.175,33.617],[-79.125,33.614],[-79.075,33.61],[-79.025,33.607],[-78.994,33.606]],[[-88.995,32.555],[-88.975,32.552],[-88.925,32.545],[-88.875,32.538],[-88.825,32.531],[-88.775,32.525],[-88.774,32.525],[-88.725,32.52],[-88.675,32.515],[-88.625,32.511],[-88.575,32.508],[-88.525,32.505],[-88.475,32.503],[-88.425,32.501],[-88.375,32.499],[-88.325,32.498],[-88.275,32.497],[-88.225,32.496],[-88.196,32.496]]]}},{"type":"Feature","properties":{"date":"2008-03-28","label":"28 Mar","yday":88,"tier":"day","major":false},"geometry":{"type":"MultiLineString","coordinates":[[[-85.97,32.42],[-85.925,32.414],[-85.875,32.408],[-85.825,32.402],[-85.775,32.397],[-85.725,32.392],[-85.675,32.389],[-85.625,32.385],[-85.575,32.383],[-85.525,32.381],[-85.475,32.379],[-85.425,32.378],[-85.375,32.378],[-85.325,32.379],[-85.275,32.38],[-85.225,32.381],[-85.175,32.383],[-85.125,32.385],[-85.075,32.388],[-85.025,32.391],[-84.975,32.394],[-84.925,32.397],[-84.875,32.401],[-84.825,32.405],[-84.775,32.409],[-84.725,32.414],[-84.675,32.419],[-84.625,32.424],[-84.617,32.425],[-84.575,32.43],[-84.525,32.436],[-84.475,32.442],[-84.425,32.449],[-84.375,32.457],[-84.325,32.464],[-84.275,32.472],[-84.26,32.475],[-84.225,32.481],[-84.175,32.49],[-84.125,32.499],[-84.075,32.509],[-84.025,32.519],[-83.999,32.525],[-83.975,32.53],[-83.925,32.541],[-83.875,32.553],[-83.825,32.565],[-83.784,32.575],[-83.775,32.577],[-83.725,32.59],[-83.675,32.603],[-83.625,32.617],[-83.596,32.625],[-83.575,32.631],[-83.525,32.645],[-83.475,32.659],[-83.425,32.674],[-83.422,32.675],[-83.375,32.689],[-83.325,32.705],[-83.275,32.72],[-83.261,32.725],[-83.225,32.737],[-83.175,32.753],[-83.125,32.77],[-83.112,32.775],[-83.075,32.788],[-83.025,32.805],[-82.975,32.824],[-82.971,32.825],[-82.925,32.842],[-82.875,32.861],[-82.837,32.875],[-82.825,32.88],[-82.775,32.899],[-82.725,32.918],[-82.706,32.925],[-82.675,32.937],[-82.625,32.956],[-82.578,32.975],[-82.575,32.976],[-82.525,32.996],[-82.475,33.015],[-82.451,33.025],[-82.425,33.035],[-82.375,33.055],[-82.326,33.075],[-82.325,33.075],[-82.275,33.096],[-82.225,33.116],[-82.203,33.125],[-82.175,33.137],[-82.125,33.157],[-82.082,33.175],[-82.075,33.178],[-82.025,33.199],[-81.975,33.22],[-81.963,33.225],[-81.925,33.241],[-81.875,33.262],[-81.844,33.275],[-81.825,33.283],[-81.775,33.304],[-81.725,33.325],[-81.724,33.325],[-81.675,33.346],[-81.625,33.366],[-81.604,33.375],[-81.575,33.387],[-81.525,33.408],[-81.482,33.425],[-81.475,33.428],[-81.425,33.448],[-81.375,33.468],[-81.356,33.475],[-81.325,33.487],[-81.275,33.506],[-81.225,33.524],[-81.222,33.525],[-81.175,33.541],[-81.125,33.558],[-81.075,33.574],[-81.073,33.575],[-81.025,33.589],[-80.975,33.603],[-80.925,33.617],[-80.891,33.625],[-80.875,33.629],[-80.825,33.64],[-80.775,33.651],[-80.725,33.66],[-80.675,33.67],[-80.643,33.675],[-80.625,33.678],[-80.575,33.686],[-80.525,33.694],[-80.475,33.7],[-80.425,33.707],[-80.375,33.713],[-80.325,33.719],[-80.275,33.724],[-80.263,33.725],[-80.225,33.729],[-80.175,33.733],[-80.125,33.737],[-80.075,33.741],[-80.025,33.744],[-79.975,33.747],[-79.925,33.749],[-79.875,33.751],[-79.825,33.753],[-79.775,33.754],[-79.725,33.756],[-79.675,33.756],[-79.625,33.756],[-79.575,33.756],[-79.525,33.756],[-79.475,33.755],[-79.425,33.754],[-79.375,33.753],[-79.325,33.751],[-79.275,33.749],[-79.225,33.747],[-79.175,33.745],[-79.125,33.743],[-79.075,33.74],[-79.025,33.737],[-78.975,33.735],[-78.925,33.732],[-78.875,33.73],[-78.87,33.73]],[[-86.694,32.544],[-86.675,32.541],[-86.625,32.532],[-86.587,32.525]],[[-88.636,32.714],[-88.625,32.713],[-88.575,32.708],[-88.525,32.704],[-88.475,32.7],[-88.425,32.697],[-88.396,32.696]],[[-89.675,32.888],[-89.625,32.878],[-89.609,32.875],[-89.575,32.868],[-89.525,32.858]]]}},{"type":"Feature","properties":{"date":"2008-03-29","label":"29 Mar","yday":89,"tier":"day","major":false},"geometry":{"type":"MultiLineString","coordinates":[[[-87.575,32.828],[-87.55,32.825],[-87.525,32.822],[-87.475,32.817],[-87.425,32.811],[-87.375,32.805],[-87.325,32.799],[-87.275,32.792],[-87.225,32.785],[-87.175,32.778],[-87.158,32.775],[-87.125,32.77],[-87.075,32.762],[-87.025,32.754],[-86.975,32.746],[-86.925,32.738],[-86.875,32.729],[-86.853,32.725],[-86.825,32.72],[-86.775,32.711],[-86.725,32.702],[-86.675,32.692],[-86.625,32.683],[-86.585,32.675],[-86.575,32.673],[-86.525,32.663],[-86.475,32.653],[-86.425,32.644],[-86.375,32.634],[-86.33,32.625],[-86.325,32.624],[-86.275,32.614],[-86.225,32.605],[-86.175,32.596],[-86.125,32.587],[-86.075,32.578],[-86.059,32.575],[-86.025,32.569],[-85.975,32.561],[-85.925,32.554],[-85.875,32.546],[-85.825,32.539],[-85.775,32.533],[-85.725,32.527],[-85.703,32.525],[-85.675,32.522],[-85.625,32.517],[-85.575,32.513],[-85.525,32.51],[-85.475,32.507],[-85.425,32.505],[-85.375,32.504],[-85.325,32.503],[-85.275,32.503],[-85.225,32.503],[-85.175,32.504],[-85.125,32.506],[-85.075,32.507],[-85.025,32.509],[-84.975,32.511],[-84.925,32.514],[-84.875,32.517],[-84.825,32.52],[-84.775,32.524],[-84.76,32.525],[-84.725,32.528],[-84.675,32.532],[-84.625,32.537],[-84.575,32.542],[-84.525,32.548],[-84.475,32.554],[-84.425,32.56],[-84.375,32.567],[-84.325,32.574],[-84.32,32.575],[-84.275,32.582],[-84.225,32.59],[-84.175,32.599],[-84.125,32.608],[-84.075,32.618],[-84.04,32.625],[-84.025,32.628],[-83.975,32.639],[-83.925,32.65],[-83.875,32.661],[-83.825,32.673],[-83.818,32.675],[-83.775,32.686],[-83.725,32.698],[-83.675,32.712],[-83.626,32.725],[-83.625,32.725],[-83.575,32.739],[-83.525,32.753],[-83.475,32.768],[-83.452,32.775],[-83.425,32.783],[-83.375,32.798],[-83.325,32.814],[-83.292,32.825],[-83.275,32.83],[-83.225,32.847],[-83.175,32.864],[-83.142,32.875],[-83.125,32.881],[-83.075,32.898],[-83.025,32.916],[-83.001,32.925],[-82.975,32.934],[-82.925,32.953],[-82.875,32.971],[-82.865,32.975],[-82.825,32.99],[-82.775,33.009],[-82.733,33.025],[-82.725,33.028],[-82.675,33.048],[-82.625,33.067],[-82.605,33.075],[-82.575,33.087],[-82.525,33.107],[-82.48,33.125],[-82.475,33.127],[-82.425,33.147],[-82.375,33.168],[-82.357,33.175],[-82.325,33.188],[-82.275,33.209],[-82.237,33.225],[-82.225,33.23],[-82.175,33.251],[-82.125,33.272],[-82.118,33.275],[-82.075,33.294],[-82.025,33.315],[-82.002,33.325],[-81.975,33.337],[-81.925,33.358],[-81.885,33.375],[-81.875,33.379],[-81.825,33.4],[-81.775,33.422],[-81.767,33.425],[-81.725,33.443],[-81.675,33.464],[-81.649,33.475],[-81.625,33.485],[-81.575,33.506],[-81.53,33.525],[-81.525,33.527],[-81.475,33.547],[-81.425,33.568],[-81.407,33.575],[-81.375,33.588],[-81.325,33.607],[-81.277,33.625],[-81.275,33.626],[-81.225,33.644],[-81.175,33.662],[-81.135,33.675],[-81.125,33.678],[-81.075,33.694],[-81.025,33.708],[-80.975,33.722],[-80.962,33.725],[-80.925,33.734],[-80.875,33.746],[-80.825,33.756],[-80.775,33.766],[-80.726,33.775],[-80.725,33.775],[-80.675,33.784],[-80.625,33.792],[-80.575,33.8],[-80.525,33.807],[-80.475,33.814],[-80.425,33.82],[-80.388,33.825],[-80.375,33.827],[-80.325,33.832],[-80.275,33.838],[-80.225,33.843],[-80.175,33.847],[-80.125,33.852],[-80.075,33.856],[-80.025,33.86],[-79.975,33.863],[-79.925,33.867],[-79.875,33.87],[-79.825,33.872],[-79.775,33.875],[-79.765,33.875],[-79.725,33.877],[-79.675,33.878],[-79.625,33.88],[-79.575,33.881],[-79.525,33.881],[-79.475,33.882],[-79.425,33.882],[-79.375,33.882],[-79.325,33.881],[-79.275,33.881],[-79.225,33.88],[-79.175,33.879],[-79.125,33.878],[-79.075,33.876],[-79.03,33.875],[-79.025,33.875],[-78.975,33.873],[-78.925,33.872],[-78.875,33.871],[-78.825,33.87],[-78.775,33.869],[-78.725,33.869],[-78.675,33.87],[-78.629,33.871]],[[-89.622,33.075],[-89.575,33.066],[-89.564,33.064]],[[-78.477,33.877],[-78.475,33.877],[-78.473,33.877]]]}},{"type":"Feature","properties":{"date":"2008-03-30","label":"30 Mar","yday":90,"tier":"index","major":true},"geometry":{"type":"MultiLineString","coordinates":[[[-87.575,32.999],[-87.525,32.992],[-87.475,32.986],[-87.425,32.979],[-87.4,32.975],[-87.375,32.971],[-87.325,32.964],[-87.275,32.956],[-87.225,32.948],[-87.175,32.94],[-87.125,32.931],[-87.09,32.925],[-87.075,32.922],[-87.025,32.913],[-86.975,32.904],[-86.925,32.895],[-86.875,32.885],[-86.825,32.875],[-86.822,32.875],[-86.775,32.866],[-86.725,32.856],[-86.675,32.845],[-86.625,32.835],[-86.577,32.825],[-86.575,32.825],[-86.525,32.814],[-86.475,32.804],[-86.425,32.793],[-86.375,32.782],[-86.339,32.775],[-86.325,32.772],[-86.275,32.762],[-86.225,32.751],[-86.175,32.741],[-86.125,32.731],[-86.094,32.725],[-86.075,32.721],[-86.025,32.712],[-85.975,32.703],[-85.925,32.694],[-85.875,32.685],[-85.825,32.677],[-85.81,32.675],[-85.775,32.67],[-85.725,32.663],[-85.675,32.656],[-85.625,32.65],[-85.575,32.645],[-85.525,32.64],[-85.475,32.635],[-85.425,32.632],[-85.375,32.629],[-85.325,32.628],[-85.275,32.626],[-85.225,32.625],[-85.175,32.625],[-85.125,32.625],[-85.075,32.626],[-85.025,32.627],[-84.975,32.628],[-84.925,32.63],[-84.875,32.632],[-84.825,32.634],[-84.775,32.637],[-84.725,32.64],[-84.675,32.644],[-84.625,32.648],[-84.575,32.653],[-84.525,32.658],[-84.475,32.663],[-84.425,32.669],[-84.381,32.675],[-84.375,32.676],[-84.325,32.683],[-84.275,32.69],[-84.225,32.698],[-84.175,32.707],[-84.125,32.716],[-84.075,32.725],[-84.075,32.725],[-84.025,32.735],[-83.975,32.745],[-83.925,32.756],[-83.875,32.768],[-83.845,32.775],[-83.825,32.78],[-83.775,32.792],[-83.725,32.805],[-83.675,32.818],[-83.65,32.825],[-83.625,32.832],[-83.575,32.846],[-83.525,32.86],[-83.477,32.875],[-83.475,32.875],[-83.425,32.891],[-83.375,32.906],[-83.325,32.923],[-83.318,32.925],[-83.275,32.939],[-83.225,32.956],[-83.175,32.973],[-83.169,32.975],[-83.125,32.99],[-83.075,33.008],[-83.027,33.025],[-83.025,33.026],[-82.975,33.044],[-82.925,33.062],[-82.889,33.075],[-82.875,33.08],[-82.825,33.099],[-82.775,33.118],[-82.757,33.125],[-82.725,33.137],[-82.675,33.157],[-82.629,33.175],[-82.625,33.177],[-82.575,33.197],[-82.525,33.217],[-82.505,33.225],[-82.475,33.237],[-82.425,33.258],[-82.384,33.275],[-82.375,33.279],[-82.325,33.3],[-82.275,33.321],[-82.266,33.325],[-82.225,33.342],[-82.175,33.364],[-82.149,33.375],[-82.125,33.386],[-82.075,33.407],[-82.034,33.425],[-82.025,33.429],[-81.975,33.451],[-81.925,33.472],[-81.919,33.475],[-81.875,33.494],[-81.825,33.516],[-81.803,33.525],[-81.775,33.537],[-81.725,33.559],[-81.687,33.575],[-81.675,33.58],[-81.625,33.601],[-81.575,33.623],[-81.569,33.625],[-81.525,33.644],[-81.475,33.664],[-81.449,33.675],[-81.425,33.685],[-81.375,33.705],[-81.325,33.724],[-81.323,33.725],[-81.275,33.743],[-81.225,33.761],[-81.186,33.775],[-81.175,33.779],[-81.125,33.795],[-81.075,33.81],[-81.025,33.824],[-81.023,33.825],[-80.975,33.837],[-80.925,33.848],[-80.875,33.859],[-80.825,33.869],[-80.791,33.875],[-80.775,33.878],[-80.725,33.887],[-80.675,33.895],[-80.625,33.903],[-80.575,33.911],[-80.525,33.918],[-80.476,33.925],[-80.475,33.925],[-80.425,33.932],[-80.375,33.938],[-80.325,33.944],[-80.275,33.95],[-80.225,33.955],[-80.175,33.961],[-80.125,33.966],[-80.075,33.971],[-80.028,33.975],[-80.025,33.975],[-79.975,33.98],[-79.925,33.984],[-79.875,33.988],[-79.825,33.992],[-79.775,33.995],[-79.725,33.999],[-79.675,34.002],[-79.625,34.004],[-79.575,34.007],[-79.525,34.009],[-79.475,34.011],[-79.425,34.013],[-79.375,34.014],[-79.325,34.015],[-79.275,34.017],[-79.225,34.018],[-79.175,34.019],[-79.125,34.019],[-79.075,34.02],[-79.025,34.021],[-78.975,34.022],[-78.925,34.023],[-78.875,34.024],[-78.825,34.025],[-78.82,34.025],[-78.775,34.026],[-78.725,34.029],[-78.675,34.031],[-78.625,34.034],[-78.575,34.037],[-78.525,34.041],[-78.475,34.045],[-78.425,34.05],[-78.375,34.055],[-78.325,34.06],[-78.275,34.065],[-78.225,34.071],[-78.196,34.075],[-78.175,34.078],[-78.125,34.085],[-78.075,34.093],[-78.025,34.102],[-77.975,34.111],[-77.931,34.119]],[[-77.896,34.125],[-77.875,34.129],[-77.87,34.13]]]}},{"type":"Feature","properties":{"date":"2008-03-31","label":"31 Mar","yday":91,"tier":"day","major":false},"geometry":{"type":"MultiLineString","coordinates":[[[-83.537,32.963],[-83.525,32.966],[-83.497,32.975]],[[-83.465,32.985],[-83.425,32.997],[-83.375,33.013],[-83.339,33.025],[-83.325,33.03],[-83.275,33.046],[-83.225,33.063],[-83.191,33.075],[-83.175,33.081],[-83.125,33.098],[-83.075,33.115],[-83.048,33.125],[-83.025,33.133],[-82.975,33.151],[-82.925,33.169],[-82.91,33.175],[-82.875,33.188],[-82.825,33.207],[-82.778,33.225],[-82.775,33.226],[-82.725,33.245],[-82.675,33.265],[-82.651,33.275],[-82.625,33.285],[-82.575,33.306],[-82.528,33.325],[-82.525,33.326],[-82.475,33.347],[-82.425,33.368],[-82.408,33.375],[-82.375,33.389],[-82.325,33.41],[-82.291,33.425],[-82.275,33.432],[-82.225,33.453],[-82.176,33.475],[-82.175,33.475],[-82.125,33.497],[-82.075,33.519],[-82.061,33.525],[-82.025,33.541],[-81.975,33.563],[-81.947,33.575],[-81.925,33.585],[-81.875,33.607],[-81.833,33.625],[-81.825,33.628],[-81.775,33.65],[-81.725,33.672],[-81.718,33.675],[-81.675,33.694],[-81.625,33.715],[-81.602,33.725],[-81.575,33.736],[-81.525,33.757],[-81.483,33.775],[-81.475,33.778],[-81.425,33.798],[-81.375,33.818],[-81.358,33.825],[-81.325,33.838],[-81.275,33.857],[-81.225,33.875],[-81.225,33.875],[-81.175,33.892],[-81.125,33.908],[-81.075,33.923],[-81.067,33.925],[-81.025,33.936],[-80.975,33.948],[-80.925,33.959],[-80.875,33.968],[-80.84,33.975],[-80.825,33.978],[-80.775,33.987],[-80.725,33.995],[-80.675,34.004],[-80.625,34.012],[-80.575,34.019],[-80.537,34.025],[-80.525,34.027],[-80.475,34.034],[-80.425,34.041],[-80.375,34.048],[-80.325,34.054],[-80.275,34.06],[-80.225,34.067],[-80.175,34.073],[-80.154,34.075],[-80.125,34.078],[-80.075,34.084],[-80.025,34.09],[-79.975,34.095],[-79.925,34.101],[-79.875,34.106],[-79.825,34.111],[-79.775,34.116],[-79.725,34.121],[-79.68,34.125],[-79.675,34.125],[-79.625,34.13],[-79.575,34.134],[-79.525,34.138],[-79.475,34.142],[-79.425,34.146],[-79.375,34.149],[-79.325,34.153],[-79.275,34.157],[-79.225,34.16],[-79.175,34.164],[-79.125,34.167],[-79.075,34.171],[-79.025,34.175],[-79.023,34.175],[-78.975,34.179],[-78.925,34.183],[-78.875,34.187],[-78.825,34.192],[-78.775,34.196],[-78.725,34.201],[-78.675,34.207],[-78.625,34.213],[-78.575,34.219],[-78.528,34.225],[-78.525,34.225],[-78.475,34.232],[-78.425,34.24],[-78.375,34.247],[-78.325,34.255],[-78.275,34.263],[-78.225,34.272],[-78.206,34.275],[-78.175,34.281],[-78.125,34.29],[-78.075,34.299],[-78.025,34.309],[-77.975,34.318],[-77.936,34.325],[-77.925,34.327],[-77.875,34.335],[-77.825,34.343],[-77.775,34.351],[-77.725,34.358],[-77.687,34.363]],[[-87.564,33.164],[-87.525,33.158],[-87.475,33.151],[-87.425,33.143],[-87.375,33.135],[-87.325,33.127],[-87.314,33.125],[-87.275,33.118],[-87.225,33.11],[-87.175,33.101],[-87.125,33.091],[-87.075,33.082],[-87.039,33.075],[-87.025,33.072],[-86.975,33.062],[-86.925,33.052],[-86.875,33.042],[-86.825,33.032],[-86.794,33.025],[-86.775,33.021],[-86.725,33.01],[-86.675,33.0],[-86.625,32.989],[-86.575,32.978],[-86.564,32.975],[-86.525,32.966],[-86.475,32.955],[-86.425,32.944],[-86.375,32.933],[-86.342,32.925],[-86.325,32.921],[-86.275,32.91],[-86.225,32.899],[-86.175,32.888],[-86.125,32.877],[-86.117,32.875],[-86.075,32.866],[-86.025,32.855],[-85.975,32.845],[-85.925,32.835],[-85.875,32.826],[-85.872,32.825],[-85.825,32.816],[-85.775,32.808],[-85.725,32.799],[-85.675,32.791],[-85.625,32.784],[-85.575,32.777],[-85.557,32.775],[-85.525,32.771],[-85.475,32.766],[-85.425,32.761],[-85.375,32.757],[-85.325,32.753],[-85.275,32.75],[-85.225,32.748],[-85.175,32.746],[-85.125,32.745],[-85.075,32.744],[-85.025,32.744],[-84.975,32.744],[-84.925,32.745],[-84.875,32.746],[-84.825,32.748],[-84.775,32.75],[-84.725,32.752],[-84.675,32.755],[-84.625,32.759],[-84.575,32.762],[-84.525,32.767],[-84.475,32.772],[-84.447,32.775],[-84.425,32.777],[-84.375,32.783],[-84.325,32.79],[-84.275,32.797],[-84.225,32.805],[-84.175,32.813],[-84.125,32.822],[-84.107,32.825],[-84.075,32.831],[-84.025,32.841],[-83.975,32.851],[-83.925,32.862],[-83.875,32.873],[-83.867,32.875],[-83.825,32.885],[-83.775,32.897],[-83.753,32.903]],[[-87.762,33.188],[-87.725,33.184],[-87.675,33.179],[-87.646,33.175],[-87.625,33.172],[-87.583,33.167]]]}},{"type":"Feature","properties":{"date":"2008-04-01","label":"1 Apr","yday":92,"tier":"day","major":false},"geometry":{"type":"MultiLineString","coordinates":[[[-84.123,32.927],[-84.075,32.936],[-84.025,32.945],[-83.975,32.955],[-83.925,32.966],[-83.886,32.975],[-83.875,32.977],[-83.836,32.986]],[[-83.425,33.102],[-83.375,33.119],[-83.356,33.125],[-83.325,33.135],[-83.275,33.152],[-83.225,33.169],[-83.208,33.175],[-83.175,33.186],[-83.125,33.203],[-83.075,33.221],[-83.064,33.225],[-83.025,33.239],[-82.975,33.257],[-82.926,33.275],[-82.925,33.275],[-82.875,33.294],[-82.825,33.313],[-82.795,33.325],[-82.775,33.333],[-82.725,33.353],[-82.675,33.373],[-82.669,33.375]],[[-87.625,33.332],[-87.575,33.325],[-87.574,33.325],[-87.525,33.318],[-87.475,33.31],[-87.425,33.302],[-87.375,33.294],[-87.325,33.286],[-87.275,33.277],[-87.263,33.275],[-87.225,33.268],[-87.175,33.259],[-87.125,33.25],[-87.075,33.24],[-87.025,33.23],[-86.998,33.225],[-86.975,33.22],[-86.925,33.21],[-86.875,33.199],[-86.825,33.188],[-86.775,33.177],[-86.765,33.175],[-86.725,33.166],[-86.675,33.155],[-86.625,33.143],[-86.575,33.132],[-86.547,33.125],[-86.525,33.12],[-86.475,33.108],[-86.425,33.096],[-86.375,33.084],[-86.338,33.075],[-86.325,33.072],[-86.275,33.06],[-86.225,33.048],[-86.175,33.036],[-86.13,33.025],[-86.125,33.024],[-86.075,33.012],[-86.025,33.0],[-85.975,32.989],[-85.925,32.978],[-85.911,32.975],[-85.875,32.967],[-85.825,32.957],[-85.775,32.947],[-85.725,32.937],[-85.675,32.928],[-85.658,32.925],[-85.625,32.919],[-85.575,32.911],[-85.525,32.904],[-85.475,32.897],[-85.425,32.89],[-85.375,32.885],[-85.325,32.88],[-85.275,32.875],[-85.271,32.875],[-85.225,32.872],[-85.175,32.868],[-85.125,32.866],[-85.075,32.864],[-85.025,32.862],[-84.975,32.861],[-84.925,32.86],[-84.875,32.86],[-84.825,32.861],[-84.775,32.862],[-84.725,32.863],[-84.675,32.866],[-84.625,32.868],[-84.575,32.871],[-84.529,32.875],[-84.525,32.875],[-84.475,32.88],[-84.425,32.885],[-84.375,32.89],[-84.325,32.896],[-84.275,32.903],[-84.225,32.91],[-84.175,32.918],[-84.135,32.925]],[[-82.509,33.441],[-82.475,33.455],[-82.429,33.475],[-82.425,33.477],[-82.375,33.498],[-82.325,33.52],[-82.313,33.525],[-82.275,33.542],[-82.225,33.563],[-82.198,33.575],[-82.175,33.585],[-82.125,33.607],[-82.085,33.625],[-82.075,33.629],[-82.025,33.651],[-81.975,33.673],[-81.971,33.675],[-81.925,33.695],[-81.875,33.717],[-81.858,33.725],[-81.825,33.739],[-81.775,33.761],[-81.743,33.775],[-81.725,33.783],[-81.675,33.805],[-81.627,33.825],[-81.625,33.826],[-81.575,33.847],[-81.525,33.868],[-81.508,33.875],[-81.475,33.889],[-81.425,33.909],[-81.384,33.925],[-81.375,33.928],[-81.325,33.947],[-81.275,33.966],[-81.248,33.975],[-81.225,33.983],[-81.175,33.999],[-81.125,34.015],[-81.088,34.025],[-81.075,34.029],[-81.025,34.041],[-80.975,34.053],[-80.925,34.064],[-80.875,34.074],[-80.868,34.075],[-80.825,34.083],[-80.775,34.092],[-80.725,34.101],[-80.675,34.109],[-80.625,34.118],[-80.578,34.125],[-80.575,34.126],[-80.525,34.133],[-80.475,34.141],[-80.425,34.148],[-80.375,34.155],[-80.325,34.163],[-80.275,34.169],[-80.235,34.175],[-80.225,34.176],[-80.175,34.183],[-80.125,34.19],[-80.075,34.197],[-80.025,34.203],[-79.975,34.21],[-79.925,34.217],[-79.875,34.223],[-79.861,34.225],[-79.825,34.23],[-79.775,34.236],[-79.725,34.243],[-79.675,34.249],[-79.625,34.255],[-79.575,34.262],[-79.525,34.268],[-79.475,34.274],[-79.467,34.275],[-79.425,34.28],[-79.375,34.287],[-79.325,34.293],[-79.275,34.3],[-79.225,34.306],[-79.175,34.313],[-79.125,34.32],[-79.092,34.325],[-79.075,34.328],[-79.025,34.335],[-78.975,34.343],[-78.925,34.35],[-78.875,34.359],[-78.825,34.367],[-78.778,34.375],[-78.775,34.375],[-78.725,34.384],[-78.675,34.394],[-78.625,34.403],[-78.575,34.412],[-78.525,34.422],[-78.51,34.425],[-78.475,34.432],[-78.425,34.442],[-78.375,34.451],[-78.325,34.461],[-78.275,34.471],[-78.254,34.475],[-78.225,34.481],[-78.175,34.49],[-78.125,34.5],[-78.075,34.509],[-78.025,34.518],[-77.985,34.525],[-77.975,34.527],[-77.925,34.535],[-77.875,34.543],[-77.825,34.551],[-77.775,34.558],[-77.725,34.565],[-77.675,34.571],[-77.647,34.575],[-77.625,34.578],[-77.575,34.584],[-77.525,34.589],[-77.475,34.594],[-77.425,34.599]],[[-77.325,34.606],[-77.292,34.608]]]}},{"type":"Feature","properties":{"date":"2008-04-02","label":"2 Apr","yday":93,"tier":"day","major":false},"geometry":{"type":"MultiLineString","coordinates":[[[-83.425,33.206],[-83.375,33.222],[-83.366,33.225],[-83.325,33.239],[-83.275,33.255],[-83.225,33.272],[-83.218,33.275],[-83.175,33.29],[-83.125,33.307],[-83.075,33.325],[-83.075,33.325],[-83.025,33.343],[-82.975,33.362],[-82.94,33.375]],[[-87.184,33.416],[-87.175,33.414],[-87.125,33.406],[-87.075,33.396],[-87.025,33.387],[-86.975,33.377],[-86.965,33.375],[-86.925,33.367],[-86.875,33.356],[-86.825,33.346],[-86.775,33.334],[-86.734,33.325],[-86.725,33.323],[-86.675,33.311],[-86.625,33.299],[-86.575,33.287],[-86.527,33.275],[-86.525,33.275],[-86.475,33.262],[-86.425,33.249],[-86.375,33.236],[-86.331,33.225],[-86.325,33.224],[-86.275,33.211],[-86.225,33.198],[-86.175,33.185],[-86.136,33.175],[-86.125,33.172],[-86.075,33.159],[-86.025,33.147],[-85.975,33.134],[-85.937,33.125],[-85.925,33.122],[-85.875,33.11],[-85.825,33.099],[-85.775,33.087],[-85.725,33.076],[-85.718,33.075],[-85.675,33.066],[-85.625,33.056],[-85.575,33.046],[-85.525,33.037],[-85.475,33.029],[-85.45,33.025],[-85.425,33.021],[-85.375,33.014],[-85.325,33.007],[-85.275,33.001],[-85.225,32.996],[-85.175,32.991],[-85.125,32.987],[-85.075,32.983],[-85.025,32.98],[-84.975,32.978],[-84.925,32.976],[-84.879,32.975],[-84.875,32.975],[-84.825,32.974],[-84.775,32.974],[-84.725,32.975],[-84.717,32.975],[-84.675,32.976],[-84.625,32.978],[-84.575,32.98],[-84.525,32.983],[-84.475,32.987],[-84.425,32.991],[-84.375,32.996],[-84.325,33.002],[-84.275,33.008],[-84.26,33.01]],[[-87.696,33.496],[-87.675,33.493],[-87.625,33.486],[-87.575,33.478],[-87.551,33.475],[-87.525,33.471],[-87.475,33.464],[-87.462,33.462]],[[-82.375,33.607],[-82.333,33.625],[-82.325,33.629],[-82.275,33.65],[-82.225,33.672],[-82.219,33.675],[-82.175,33.694],[-82.125,33.716],[-82.105,33.725],[-82.075,33.738],[-82.025,33.761],[-81.992,33.775],[-81.975,33.783],[-81.925,33.805],[-81.879,33.825],[-81.875,33.827],[-81.825,33.848],[-81.775,33.87],[-81.764,33.875],[-81.725,33.892],[-81.675,33.913],[-81.648,33.925],[-81.625,33.935],[-81.575,33.955],[-81.527,33.975],[-81.525,33.976],[-81.475,33.996],[-81.425,34.015],[-81.4,34.025],[-81.375,34.034],[-81.325,34.053],[-81.275,34.07],[-81.26,34.075],[-81.225,34.086],[-81.175,34.102],[-81.125,34.116],[-81.093,34.125],[-81.075,34.13],[-81.025,34.142],[-80.975,34.154],[-80.925,34.165],[-80.877,34.175],[-80.875,34.176],[-80.825,34.185],[-80.775,34.195],[-80.725,34.204],[-80.675,34.213],[-80.625,34.221],[-80.604,34.225],[-80.575,34.23],[-80.525,34.238],[-80.475,34.246],[-80.425,34.254],[-80.375,34.262],[-80.325,34.27],[-80.291,34.275],[-80.275,34.278],[-80.225,34.285],[-80.175,34.293],[-80.125,34.301],[-80.075,34.308],[-80.025,34.316],[-79.975,34.324],[-79.969,34.325],[-79.925,34.332],[-79.875,34.34],[-79.825,34.348],[-79.775,34.356],[-79.725,34.364],[-79.675,34.373],[-79.661,34.375],[-79.625,34.381],[-79.575,34.39],[-79.525,34.398],[-79.475,34.407],[-79.425,34.416],[-79.376,34.425],[-79.375,34.425],[-79.325,34.435],[-79.275,34.445],[-79.225,34.455],[-79.175,34.465],[-79.13,34.475],[-79.125,34.476],[-79.075,34.487],[-79.025,34.499],[-78.975,34.51],[-78.925,34.522],[-78.913,34.525],[-78.875,34.534],[-78.825,34.547],[-78.775,34.559],[-78.725,34.572],[-78.711,34.575],[-78.675,34.584],[-78.625,34.597],[-78.575,34.609],[-78.525,34.621],[-78.507,34.625],[-78.475,34.633],[-78.425,34.644],[-78.375,34.655],[-78.325,34.666],[-78.282,34.675],[-78.275,34.676],[-78.225,34.687],[-78.175,34.696],[-78.125,34.706],[-78.075,34.715],[-78.025,34.724],[-78.018,34.725],[-77.975,34.732],[-77.925,34.74],[-77.875,34.748],[-77.825,34.755],[-77.775,34.762],[-77.725,34.769],[-77.681,34.775],[-77.675,34.776],[-77.625,34.782],[-77.575,34.788],[-77.525,34.795],[-77.475,34.8],[-77.425,34.805],[-77.375,34.81],[-77.325,34.813],[-77.275,34.816],[-77.225,34.819],[-77.175,34.82],[-77.125,34.821],[-77.075,34.821],[-77.025,34.82],[-76.975,34.818],[-76.925,34.816],[-76.875,34.812],[-76.825,34.809],[-76.775,34.804],[-76.748,34.802]],[[-76.641,34.791],[-76.625,34.79],[-76.612,34.788]],[[-76.529,34.779],[-76.525,34.779],[-76.522,34.778]]]}},{"type":"Feature","properties":{"date":"2008-04-03","label":"3 Apr","yday":94,"tier":"day","major":false},"geometry":{"type":"MultiLineString","coordinates":[[[-87.14,33.56],[-87.125,33.558],[-87.075,33.549],[-87.025,33.54],[-86.975,33.531],[-86.942,33.525],[-86.925,33.522],[-86.875,33.512],[-86.825,33.502],[-86.775,33.491],[-86.725,33.479],[-86.707,33.475],[-86.675,33.467],[-86.625,33.455],[-86.575,33.442],[-86.525,33.429],[-86.508,33.425],[-86.475,33.416],[-86.425,33.403],[-86.375,33.39],[-86.325,33.376],[-86.321,33.375],[-86.275,33.362],[-86.225,33.349],[-86.175,33.335],[-86.138,33.325],[-86.125,33.322],[-86.075,33.308],[-86.025,33.294],[-85.975,33.281],[-85.952,33.275],[-85.925,33.268],[-85.875,33.255],[-85.825,33.242],[-85.775,33.229],[-85.758,33.225],[-85.725,33.217],[-85.675,33.205],[-85.625,33.194],[-85.575,33.183],[-85.538,33.175],[-85.525,33.172],[-85.475,33.162],[-85.425,33.153],[-85.375,33.144],[-85.325,33.136],[-85.275,33.128],[-85.251,33.125],[-85.225,33.121],[-85.175,33.115],[-85.125,33.109],[-85.075,33.104],[-85.025,33.1],[-84.975,33.096],[-84.925,33.093],[-84.875,33.09],[-84.825,33.088],[-84.775,33.087],[-84.725,33.087],[-84.675,33.087],[-84.625,33.087],[-84.575,33.089],[-84.525,33.091],[-84.475,33.094],[-84.425,33.098],[-84.4,33.1]],[[-87.747,33.653],[-87.725,33.65],[-87.675,33.643],[-87.625,33.635],[-87.578,33.628]],[[-82.425,33.693],[-82.375,33.715],[-82.352,33.725],[-82.325,33.737],[-82.275,33.759],[-82.238,33.775],[-82.225,33.781],[-82.175,33.803],[-82.125,33.825],[-82.124,33.825],[-82.075,33.847],[-82.025,33.869],[-82.011,33.875],[-81.975,33.891],[-81.925,33.913],[-81.897,33.925],[-81.875,33.934],[-81.825,33.956],[-81.781,33.975],[-81.775,33.978],[-81.725,33.999],[-81.675,34.02],[-81.664,34.025],[-81.625,34.041],[-81.575,34.061],[-81.541,34.075],[-81.525,34.081],[-81.475,34.101],[-81.425,34.119],[-81.41,34.125],[-81.375,34.137],[-81.325,34.155],[-81.275,34.171],[-81.264,34.175]],[[-80.938,34.262],[-80.925,34.265],[-80.879,34.275],[-80.875,34.276],[-80.825,34.286],[-80.775,34.296],[-80.725,34.306],[-80.675,34.315],[-80.625,34.324],[-80.619,34.325],[-80.575,34.333],[-80.525,34.342],[-80.475,34.35],[-80.425,34.359],[-80.375,34.368],[-80.333,34.375],[-80.325,34.376],[-80.275,34.385],[-80.225,34.394],[-80.175,34.402],[-80.125,34.411],[-80.075,34.42],[-80.047,34.425],[-80.025,34.429],[-79.975,34.438],[-79.925,34.447],[-79.875,34.457],[-79.825,34.467],[-79.783,34.475],[-79.775,34.477],[-79.725,34.487],[-79.675,34.497],[-79.625,34.508],[-79.575,34.518],[-79.545,34.525],[-79.525,34.529],[-79.475,34.541],[-79.425,34.552],[-79.375,34.565],[-79.333,34.575],[-79.325,34.577],[-79.275,34.59],[-79.225,34.604],[-79.175,34.618],[-79.15,34.625],[-79.125,34.632],[-79.075,34.647],[-79.025,34.662],[-78.983,34.675],[-78.975,34.678],[-78.925,34.693],[-78.875,34.709],[-78.825,34.724],[-78.823,34.725],[-78.775,34.74],[-78.725,34.755],[-78.675,34.77],[-78.657,34.775],[-78.625,34.784],[-78.575,34.798],[-78.525,34.812],[-78.475,34.825],[-78.474,34.825],[-78.425,34.837],[-78.375,34.849],[-78.325,34.861],[-78.275,34.872],[-78.259,34.875],[-78.225,34.882],[-78.175,34.892],[-78.125,34.902],[-78.075,34.911],[-78.025,34.92],[-77.998,34.925],[-77.975,34.929],[-77.925,34.937],[-77.875,34.945],[-77.825,34.953],[-77.775,34.961],[-77.725,34.969],[-77.683,34.975],[-77.675,34.976],[-77.625,34.984],[-77.575,34.991],[-77.525,34.998],[-77.475,35.004],[-77.425,35.01],[-77.375,35.016],[-77.325,35.021],[-77.275,35.025],[-77.273,35.025],[-77.225,35.028],[-77.175,35.03],[-77.125,35.032],[-77.075,35.032],[-77.025,35.031],[-77.019,35.031]],[[-76.523,34.977],[-76.507,34.975],[-76.475,34.97],[-76.425,34.963],[-76.411,34.961]]]}},{"type":"Feature","properties":{"date":"2008-04-04","label":"4 Apr","yday":95,"tier":"five","major":false},"geometry":{"type":"MultiLineString","coordinates":[[[-87.163,33.713],[-87.125,33.707],[-87.075,33.699],[-87.025,33.69],[-86.975,33.682],[-86.939,33.675],[-86.925,33.672],[-86.875,33.663],[-86.825,33.653],[-86.775,33.643],[-86.725,33.632],[-86.695,33.625],[-86.675,33.62],[-86.625,33.608],[-86.575,33.596],[-86.525,33.583],[-86.496,33.575],[-86.475,33.569],[-86.425,33.556],[-86.375,33.542],[-86.325,33.528],[-86.314,33.525],[-86.275,33.514],[-86.225,33.5],[-86.175,33.486],[-86.138,33.475],[-86.125,33.471],[-86.075,33.457],[-86.025,33.443],[-85.975,33.429],[-85.962,33.425],[-85.925,33.414],[-85.875,33.4],[-85.825,33.386],[-85.784,33.375],[-85.775,33.373],[-85.725,33.359],[-85.675,33.346],[-85.625,33.333],[-85.593,33.325],[-85.575,33.321],[-85.525,33.309],[-85.475,33.297],[-85.425,33.286],[-85.375,33.276],[-85.371,33.275],[-85.325,33.266],[-85.275,33.257],[-85.225,33.248],[-85.175,33.24],[-85.125,33.233],[-85.075,33.227],[-85.062,33.225],[-85.025,33.221],[-84.975,33.215],[-84.964,33.214]],[[-82.325,33.845],[-82.275,33.867],[-82.257,33.875],[-82.225,33.889],[-82.175,33.911],[-82.143,33.925],[-82.125,33.933],[-82.075,33.954],[-82.028,33.975],[-82.025,33.976],[-81.975,33.998],[-81.925,34.02],[-81.913,34.025],[-81.875,34.041],[-81.825,34.063],[-81.796,34.075]],[[-81.575,34.166],[-81.551,34.175]],[[-80.748,34.402],[-80.725,34.406],[-80.675,34.416],[-80.63,34.425],[-80.625,34.426],[-80.575,34.436],[-80.525,34.445],[-80.475,34.454],[-80.425,34.464],[-80.375,34.473],[-80.366,34.475],[-80.325,34.483],[-80.275,34.492],[-80.225,34.502],[-80.175,34.512],[-80.125,34.522],[-80.109,34.525],[-80.075,34.532],[-80.025,34.542],[-79.975,34.553],[-79.925,34.564],[-79.875,34.575],[-79.875,34.575],[-79.825,34.587],[-79.775,34.598],[-79.725,34.61],[-79.675,34.623],[-79.666,34.625],[-79.625,34.635],[-79.575,34.648],[-79.525,34.661],[-79.475,34.675],[-79.475,34.675],[-79.425,34.689],[-79.375,34.704],[-79.325,34.719],[-79.307,34.725],[-79.275,34.735],[-79.225,34.752],[-79.175,34.769],[-79.158,34.775],[-79.125,34.787],[-79.075,34.805],[-79.025,34.823],[-79.021,34.825],[-78.975,34.842],[-78.925,34.861],[-78.886,34.875],[-78.875,34.879],[-78.825,34.897],[-78.775,34.914],[-78.742,34.925],[-78.725,34.931],[-78.675,34.947],[-78.625,34.962],[-78.581,34.975],[-78.575,34.977],[-78.525,34.991],[-78.475,35.004],[-78.425,35.017],[-78.394,35.025],[-78.375,35.03],[-78.325,35.041],[-78.275,35.052],[-78.225,35.063],[-78.175,35.073],[-78.166,35.075],[-78.125,35.083],[-78.075,35.093],[-78.025,35.103],[-77.975,35.112],[-77.925,35.122],[-77.907,35.125],[-77.875,35.131],[-77.825,35.14],[-77.775,35.15],[-77.725,35.16],[-77.675,35.169],[-77.645,35.175],[-77.625,35.179],[-77.575,35.188],[-77.525,35.197],[-77.475,35.206],[-77.425,35.214],[-77.375,35.221],[-77.344,35.225],[-77.325,35.227],[-77.275,35.233],[-77.225,35.238],[-77.175,35.241],[-77.125,35.243],[-77.075,35.244],[-77.025,35.244],[-76.975,35.242],[-76.925,35.239],[-76.875,35.235],[-76.825,35.23],[-76.785,35.225],[-76.775,35.224]]]}},{"type":"Feature","properties":{"date":"2008-04-05","label":"5 Apr","yday":96,"tier":"day","major":false},"geometry":{"type":"MultiLineString","coordinates":[[[-87.375,33.891],[-87.325,33.884],[-87.275,33.877],[-87.264,33.875],[-87.225,33.869],[-87.175,33.862],[-87.125,33.854],[-87.075,33.846],[-87.025,33.838],[-86.975,33.83],[-86.948,33.825],[-86.925,33.821],[-86.875,33.812],[-86.825,33.802],[-86.775,33.792],[-86.725,33.781],[-86.697,33.775],[-86.675,33.77],[-86.625,33.758],[-86.575,33.746],[-86.525,33.733],[-86.493,33.725],[-86.475,33.72],[-86.425,33.707],[-86.375,33.693],[-86.325,33.679],[-86.311,33.675],[-86.275,33.665],[-86.225,33.65],[-86.175,33.636],[-86.139,33.625],[-86.125,33.621],[-86.075,33.606],[-86.025,33.591],[-85.975,33.576],[-85.97,33.575],[-85.925,33.562],[-85.875,33.547],[-85.825,33.532],[-85.802,33.525],[-85.775,33.517],[-85.725,33.502],[-85.675,33.488],[-85.63,33.475],[-85.625,33.474],[-85.575,33.46],[-85.525,33.446],[-85.475,33.434],[-85.44,33.425],[-85.425,33.421],[-85.375,33.409],[-85.325,33.398],[-85.275,33.387],[-85.225,33.377],[-85.213,33.375],[-85.175,33.368],[-85.125,33.359],[-85.075,33.351]],[[-82.186,34.014],[-82.175,34.019],[-82.161,34.025],[-82.125,34.041],[-82.075,34.062],[-82.045,34.075],[-82.025,34.084],[-81.975,34.105],[-81.929,34.125]],[[-80.675,34.518],[-80.64,34.525],[-80.625,34.528],[-80.575,34.538],[-80.525,34.548],[-80.475,34.559],[-80.425,34.569],[-80.395,34.575],[-80.375,34.579],[-80.325,34.59],[-80.275,34.6],[-80.225,34.611],[-80.175,34.622],[-80.162,34.625],[-80.125,34.633],[-80.075,34.645],[-80.025,34.657],[-79.975,34.669],[-79.951,34.675],[-79.925,34.682],[-79.875,34.695],[-79.825,34.708],[-79.775,34.721],[-79.762,34.725],[-79.725,34.735],[-79.675,34.75],[-79.625,34.764],[-79.588,34.775],[-79.575,34.779],[-79.525,34.794],[-79.475,34.81],[-79.429,34.825],[-79.425,34.826],[-79.375,34.843],[-79.325,34.861],[-79.288,34.875],[-79.275,34.88],[-79.225,34.899],[-79.175,34.919],[-79.159,34.925],[-79.125,34.939],[-79.075,34.96],[-79.038,34.975],[-79.025,34.98],[-78.975,35.001],[-78.925,35.021],[-78.916,35.025],[-78.875,35.041],[-78.825,35.06],[-78.783,35.075],[-78.775,35.078],[-78.725,35.095],[-78.675,35.112],[-78.634,35.125],[-78.625,35.128],[-78.575,35.143],[-78.525,35.157],[-78.475,35.171],[-78.46,35.175],[-78.425,35.184],[-78.375,35.196],[-78.325,35.208],[-78.275,35.22],[-78.251,35.225],[-78.225,35.231],[-78.175,35.242],[-78.125,35.252],[-78.075,35.263],[-78.025,35.273],[-78.017,35.275],[-77.975,35.284],[-77.925,35.295],[-77.875,35.307],[-77.825,35.319],[-77.799,35.325],[-77.775,35.331],[-77.725,35.343],[-77.675,35.356],[-77.625,35.368],[-77.597,35.375],[-77.575,35.38],[-77.525,35.392],[-77.475,35.403],[-77.425,35.414],[-77.375,35.424],[-77.369,35.425],[-77.325,35.433],[-77.275,35.441],[-77.225,35.448],[-77.175,35.453],[-77.125,35.457],[-77.075,35.459],[-77.025,35.46],[-77.01,35.46]]]}},{"type":"Feature","properties":{"date":"2008-04-06","label":"6 Apr","yday":97,"tier":"day","major":false},"geometry":{"type":"MultiLineString","coordinates":[[[-86.639,33.911],[-86.625,33.908],[-86.575,33.896],[-86.525,33.884],[-86.492,33.875],[-86.475,33.871],[-86.425,33.857],[-86.375,33.843],[-86.325,33.829],[-86.31,33.825],[-86.275,33.815],[-86.225,33.8],[-86.175,33.785],[-86.141,33.775],[-86.125,33.77],[-86.075,33.755],[-86.025,33.739],[-85.978,33.725],[-85.975,33.724],[-85.925,33.708],[-85.875,33.693],[-85.825,33.677],[-85.817,33.675],[-85.775,33.662],[-85.725,33.646],[-85.675,33.631],[-85.656,33.625],[-85.625,33.615],[-85.575,33.601],[-85.525,33.586],[-85.486,33.575],[-85.475,33.572],[-85.425,33.558],[-85.375,33.545],[-85.325,33.532],[-85.295,33.525],[-85.275,33.52],[-85.225,33.509],[-85.175,33.498],[-85.125,33.488],[-85.075,33.478],[-85.072,33.478]],[[-86.958,33.975],[-86.925,33.969],[-86.918,33.968]],[[-87.425,34.044],[-87.375,34.037],[-87.325,34.03],[-87.289,34.025],[-87.275,34.023],[-87.225,34.016],[-87.175,34.009],[-87.125,34.002],[-87.075,33.994],[-87.025,33.986],[-86.979,33.979]],[[-80.625,34.631],[-80.575,34.642],[-80.525,34.653],[-80.475,34.664],[-80.425,34.675],[-80.423,34.675],[-80.375,34.686],[-80.325,34.697],[-80.275,34.709],[-80.225,34.721],[-80.209,34.725],[-80.175,34.733],[-80.125,34.746],[-80.075,34.759],[-80.025,34.772],[-80.015,34.775],[-79.975,34.786],[-79.925,34.801],[-79.875,34.815],[-79.843,34.825],[-79.825,34.831],[-79.775,34.846],[-79.725,34.862],[-79.683,34.875],[-79.675,34.878],[-79.625,34.894],[-79.575,34.91],[-79.532,34.925],[-79.525,34.927],[-79.475,34.945],[-79.425,34.963],[-79.395,34.975],[-79.375,34.983],[-79.325,35.003],[-79.275,35.023],[-79.27,35.025],[-79.225,35.044],[-79.175,35.065],[-79.153,35.075],[-79.125,35.087],[-79.075,35.109],[-79.038,35.125],[-79.025,35.13],[-78.975,35.152],[-78.925,35.173],[-78.92,35.175],[-78.875,35.194],[-78.825,35.214],[-78.796,35.225],[-78.775,35.233],[-78.725,35.251],[-78.675,35.269],[-78.657,35.275],[-78.625,35.285],[-78.575,35.301],[-78.525,35.316],[-78.491,35.325],[-78.475,35.33],[-78.425,35.343],[-78.375,35.356],[-78.325,35.368],[-78.297,35.375],[-78.275,35.38],[-78.225,35.392],[-78.175,35.404],[-78.125,35.416],[-78.085,35.425],[-78.075,35.427],[-78.025,35.439],[-77.975,35.452],[-77.925,35.465],[-77.889,35.475],[-77.875,35.479],[-77.825,35.494],[-77.775,35.509],[-77.725,35.524],[-77.722,35.525],[-77.675,35.539],[-77.625,35.555],[-77.575,35.57],[-77.558,35.575],[-77.525,35.585],[-77.475,35.599],[-77.425,35.613],[-77.376,35.625],[-77.375,35.625],[-77.325,35.636],[-77.275,35.646],[-77.225,35.655],[-77.175,35.662],[-77.125,35.668],[-77.075,35.672],[-77.025,35.674],[-76.975,35.674],[-76.925,35.673],[-76.875,35.671],[-76.825,35.667],[-76.775,35.662],[-76.725,35.656]]]}},{"type":"Feature","properties":{"date":"2008-04-07","label":"7 Apr","yday":98,"tier":"day","major":false},"geometry":{"type":"MultiLineString","coordinates":[[[-86.775,34.092],[-86.725,34.082],[-86.694,34.075],[-86.675,34.071],[-86.625,34.059],[-86.575,34.048],[-86.525,34.035],[-86.486,34.025],[-86.475,34.022],[-86.425,34.009],[-86.375,33.995],[-86.325,33.981],[-86.306,33.975],[-86.275,33.966],[-86.225,33.951],[-86.175,33.936],[-86.141,33.925],[-86.125,33.92],[-86.075,33.904],[-86.025,33.888],[-85.984,33.875],[-85.975,33.872],[-85.925,33.856],[-85.875,33.84],[-85.83,33.825],[-85.825,33.823],[-85.775,33.807],[-85.725,33.791],[-85.676,33.775],[-85.675,33.775],[-85.625,33.759],[-85.575,33.743],[-85.525,33.727],[-85.518,33.725],[-85.475,33.712],[-85.425,33.697],[-85.375,33.683],[-85.348,33.675],[-85.325,33.669],[-85.275,33.655],[-85.225,33.643],[-85.175,33.631],[-85.151,33.625],[-85.125,33.619],[-85.075,33.608],[-85.025,33.598],[-85.006,33.594]],[[-80.214,34.836],[-80.175,34.846],[-80.125,34.86],[-80.075,34.875],[-80.074,34.875],[-80.025,34.89],[-79.975,34.905],[-79.925,34.921],[-79.913,34.925],[-79.875,34.938],[-79.825,34.954],[-79.775,34.971],[-79.765,34.975],[-79.725,34.989],[-79.675,35.006],[-79.625,35.024],[-79.623,35.025],[-79.575,35.042],[-79.525,35.061],[-79.49,35.075],[-79.475,35.081],[-79.425,35.101],[-79.375,35.122],[-79.367,35.125],[-79.325,35.143],[-79.275,35.165],[-79.251,35.175],[-79.225,35.187],[-79.175,35.209],[-79.139,35.225],[-79.125,35.231],[-79.075,35.254],[-79.027,35.275],[-79.025,35.276],[-78.975,35.298],[-78.925,35.32],[-78.914,35.325],[-78.875,35.342],[-78.825,35.363],[-78.794,35.375],[-78.775,35.383],[-78.725,35.402],[-78.675,35.42],[-78.659,35.425],[-78.625,35.436],[-78.575,35.452],[-78.525,35.468],[-78.501,35.475],[-78.475,35.483],[-78.425,35.497],[-78.375,35.512],[-78.327,35.525],[-78.325,35.526],[-78.275,35.539],[-78.225,35.553],[-78.175,35.566],[-78.143,35.575],[-78.125,35.58],[-78.075,35.594],[-78.025,35.608],[-77.975,35.623],[-77.97,35.625],[-77.925,35.639],[-77.875,35.655],[-77.825,35.672],[-77.816,35.675],[-77.775,35.689],[-77.725,35.707],[-77.675,35.725],[-77.674,35.725],[-77.625,35.743],[-77.575,35.76],[-77.532,35.775],[-77.525,35.777],[-77.475,35.794],[-77.425,35.809],[-77.375,35.824],[-77.371,35.825],[-77.325,35.837],[-77.275,35.85],[-77.225,35.86],[-77.175,35.87],[-77.143,35.875],[-77.125,35.878],[-77.075,35.885],[-77.025,35.89],[-76.975,35.893],[-76.925,35.895],[-76.875,35.895],[-76.825,35.894],[-76.775,35.892],[-76.725,35.888],[-76.675,35.883],[-76.625,35.878],[-76.598,35.875],[-76.575,35.872]],[[-75.975,35.79],[-75.925,35.784],[-75.875,35.779],[-75.833,35.775],[-75.826,35.774]]]}},{"type":"Feature","properties":{"date":"2008-04-08","label":"8 Apr","yday":99,"tier":"day","major":false},"geometry":{"type":"MultiLineString","coordinates":[[[-85.982,34.025],[-85.975,34.023],[-85.925,34.006],[-85.875,33.989],[-85.834,33.975],[-85.825,33.972],[-85.775,33.955],[-85.725,33.938],[-85.688,33.925],[-85.675,33.921],[-85.625,33.904],[-85.575,33.887],[-85.538,33.875],[-85.525,33.871],[-85.475,33.854],[-85.425,33.839],[-85.381,33.825],[-85.375,33.823],[-85.325,33.808],[-85.275,33.794],[-85.225,33.78],[-85.208,33.775],[-85.175,33.766],[-85.125,33.754],[-85.075,33.742],[-85.025,33.73],[-85.001,33.725],[-84.975,33.719],[-84.938,33.712]],[[-86.134,34.075],[-86.125,34.072],[-86.075,34.056],[-86.047,34.047]],[[-80.125,34.977],[-80.075,34.993],[-80.025,35.01],[-79.98,35.025],[-79.975,35.027],[-79.925,35.045],[-79.875,35.063],[-79.841,35.075],[-79.825,35.081],[-79.775,35.099],[-79.725,35.118],[-79.707,35.125],[-79.675,35.138],[-79.625,35.157],[-79.58,35.175],[-79.575,35.177],[-79.525,35.197],[-79.475,35.218],[-79.459,35.225],[-79.425,35.239],[-79.375,35.261],[-79.344,35.275],[-79.325,35.283],[-79.275,35.306],[-79.232,35.325],[-79.225,35.328],[-79.175,35.351],[-79.125,35.374],[-79.122,35.375],[-79.075,35.396],[-79.025,35.419],[-79.011,35.425],[-78.975,35.441],[-78.925,35.464],[-78.899,35.475],[-78.875,35.485],[-78.825,35.506],[-78.779,35.525],[-78.775,35.527],[-78.725,35.546],[-78.675,35.565],[-78.648,35.575],[-78.625,35.583],[-78.575,35.601],[-78.525,35.618],[-78.505,35.625],[-78.475,35.635],[-78.445,35.645]],[[-78.238,35.712],[-78.225,35.716],[-78.197,35.725]],[[-78.164,35.736],[-78.125,35.748],[-78.075,35.765],[-78.044,35.775],[-78.025,35.782],[-77.975,35.799],[-77.925,35.816],[-77.902,35.825],[-77.875,35.835],[-77.825,35.855],[-77.775,35.875],[-77.774,35.875],[-77.725,35.895],[-77.675,35.916],[-77.652,35.925],[-77.625,35.936],[-77.575,35.956],[-77.527,35.975],[-77.525,35.976],[-77.475,35.995],[-77.425,36.013],[-77.39,36.025],[-77.375,36.03],[-77.325,36.047],[-77.275,36.062],[-77.232,36.075],[-77.225,36.077],[-77.175,36.091],[-77.125,36.103],[-77.075,36.114],[-77.025,36.124],[-77.017,36.125],[-76.975,36.132],[-76.925,36.14],[-76.875,36.146],[-76.825,36.151],[-76.775,36.154],[-76.744,36.156]],[[-76.707,36.157],[-76.675,36.158],[-76.625,36.158],[-76.575,36.157]]]}},{"type":"Feature","properties":{"date":"2008-04-09","label":"9 Apr","yday":100,"tier":"five","major":false},"geometry":{"type":"MultiLineString","coordinates":[[[-85.826,34.124],[-85.825,34.124],[-85.775,34.106],[-85.725,34.088],[-85.689,34.075],[-85.675,34.07],[-85.625,34.052],[-85.575,34.035],[-85.547,34.025],[-85.525,34.017],[-85.475,34.0],[-85.425,33.983],[-85.4,33.975],[-85.375,33.967],[-85.325,33.951],[-85.275,33.935],[-85.241,33.925],[-85.225,33.92],[-85.175,33.906],[-85.125,33.892],[-85.075,33.879],[-85.061,33.875],[-85.025,33.866],[-84.975,33.854],[-84.925,33.843],[-84.875,33.833],[-84.834,33.825],[-84.825,33.823],[-84.775,33.815],[-84.741,33.809]],[[-80.075,35.117],[-80.052,35.125],[-80.025,35.135],[-79.975,35.153],[-79.925,35.172],[-79.918,35.175],[-79.875,35.192],[-79.825,35.212],[-79.791,35.225],[-79.775,35.232],[-79.725,35.252],[-79.675,35.272],[-79.669,35.275],[-79.625,35.293],[-79.575,35.314],[-79.55,35.325],[-79.525,35.336],[-79.475,35.358],[-79.435,35.375]],[[-79.326,35.424],[-79.325,35.424],[-79.324,35.425],[-79.275,35.447],[-79.225,35.47],[-79.213,35.475],[-79.175,35.492],[-79.125,35.515],[-79.103,35.525]],[[-78.875,35.629],[-78.825,35.651],[-78.775,35.672],[-78.767,35.675],[-78.725,35.693],[-78.702,35.702]],[[-77.873,36.027],[-77.825,36.048],[-77.775,36.071],[-77.765,36.075],[-77.725,36.093],[-77.675,36.116],[-77.654,36.125],[-77.625,36.138],[-77.575,36.16],[-77.541,36.175],[-77.525,36.182],[-77.475,36.204],[-77.425,36.225],[-77.424,36.225],[-77.375,36.245],[-77.325,36.265],[-77.3,36.275],[-77.275,36.285],[-77.225,36.303],[-77.175,36.322],[-77.165,36.325],[-77.125,36.339],[-77.075,36.355],[-77.025,36.371],[-77.014,36.375],[-76.975,36.387],[-76.925,36.403],[-76.875,36.418],[-76.852,36.425],[-76.825,36.433],[-76.775,36.448],[-76.725,36.463],[-76.686,36.475],[-76.675,36.478],[-76.625,36.493],[-76.575,36.507],[-76.525,36.522],[-76.512,36.525],[-76.475,36.534],[-76.425,36.546],[-76.375,36.555],[-76.341,36.559]]]}},{"type":"Feature","properties":{"date":"2008-04-10","label":"10 Apr","yday":101,"tier":"day","major":false},"geometry":{"type":"MultiLineString","coordinates":[[[-85.676,34.224],[-85.675,34.224],[-85.625,34.205],[-85.575,34.187],[-85.543,34.175],[-85.525,34.168],[-85.475,34.15],[-85.425,34.132],[-85.404,34.125],[-85.375,34.115],[-85.325,34.098],[-85.275,34.081],[-85.257,34.075],[-85.225,34.065],[-85.175,34.049],[-85.125,34.034],[-85.094,34.025],[-85.075,34.02],[-85.025,34.006],[-84.975,33.993],[-84.925,33.981],[-84.9,33.975],[-84.875,33.969],[-84.825,33.959],[-84.775,33.949],[-84.725,33.94],[-84.675,33.932],[-84.631,33.925],[-84.625,33.924],[-84.582,33.918]],[[-80.125,35.226],[-80.075,35.245],[-80.025,35.265],[-80.0,35.275],[-79.975,35.285],[-79.925,35.305],[-79.911,35.311]],[[-79.787,35.363],[-79.775,35.368],[-79.759,35.375],[-79.725,35.389],[-79.675,35.411],[-79.643,35.425]],[[-77.625,36.342],[-77.575,36.366],[-77.555,36.375],[-77.525,36.389],[-77.475,36.412],[-77.446,36.425],[-77.425,36.434],[-77.375,36.457],[-77.333,36.475],[-77.325,36.478],[-77.275,36.5],[-77.225,36.521],[-77.216,36.525],[-77.175,36.542],[-77.125,36.563],[-77.095,36.575],[-77.075,36.583],[-77.025,36.604],[-76.975,36.625],[-76.974,36.625],[-76.925,36.645],[-76.875,36.665],[-76.851,36.675],[-76.825,36.686],[-76.775,36.705],[-76.726,36.725],[-76.725,36.726],[-76.675,36.745],[-76.625,36.764],[-76.617,36.767]]]}},{"type":"Feature","properties":{"date":"2008-04-11","label":"11 Apr","yday":102,"tier":"day","major":false},"geometry":{"type":"MultiLineString","coordinates":[[[-85.417,34.283],[-85.394,34.275],[-85.375,34.268],[-85.325,34.25],[-85.275,34.232],[-85.256,34.225],[-85.225,34.214],[-85.175,34.197],[-85.125,34.181],[-85.106,34.175],[-85.075,34.166],[-85.025,34.151],[-84.975,34.136],[-84.932,34.125],[-84.925,34.123],[-84.875,34.11],[-84.825,34.099],[-84.775,34.088],[-84.725,34.077],[-84.712,34.075],[-84.675,34.068],[-84.625,34.06],[-84.575,34.052],[-84.525,34.045]],[[-77.703,36.503],[-77.675,36.517],[-77.658,36.525],[-77.625,36.541],[-77.575,36.564],[-77.553,36.575],[-77.525,36.588],[-77.475,36.611],[-77.445,36.625]]]}},{"type":"Feature","properties":{"date":"2008-04-12","label":"12 Apr","yday":103,"tier":"day","major":false},"geometry":{"type":"MultiLineString","coordinates":[[[-85.098,34.325],[-85.075,34.317],[-85.025,34.301],[-84.975,34.286],[-84.939,34.275],[-84.925,34.271],[-84.875,34.257],[-84.825,34.244],[-84.775,34.232],[-84.744,34.225],[-84.725,34.221],[-84.675,34.21],[-84.657,34.207]],[[-77.875,36.609],[-77.844,36.625],[-77.825,36.634],[-77.775,36.658],[-77.741,36.675],[-77.73,36.68]]]}}]}