{"type":"FeatureCollection","features":[{"type":"Feature","properties":{"date":"2003-02-23","label":"23 Feb","yday":54,"tier":"day","major":false},"geometry":{"type":"MultiLineString","coordinates":[[[-82.075,26.705],[-82.028,26.725],[-82.025,26.726],[-81.975,26.748],[-81.925,26.77],[-81.915,26.775],[-81.875,26.794],[-81.825,26.819],[-81.813,26.825],[-81.775,26.845],[-81.733,26.867]],[[-81.718,26.875],[-81.675,26.899],[-81.629,26.925],[-81.625,26.927],[-81.575,26.956],[-81.542,26.975],[-81.525,26.985],[-81.475,27.014],[-81.455,27.025],[-81.425,27.043],[-81.375,27.071],[-81.368,27.075],[-81.325,27.1],[-81.279,27.125],[-81.275,27.127]]]}},{"type":"Feature","properties":{"date":"2003-02-24","label":"24 Feb","yday":55,"tier":"five","major":false},"geometry":{"type":"MultiLineString","coordinates":[[[-82.22,26.825],[-82.175,26.843]],[[-82.025,26.908],[-81.99,26.925],[-81.975,26.933],[-81.925,26.96],[-81.9,26.975],[-81.875,26.99],[-81.825,27.02],[-81.818,27.025],[-81.775,27.052],[-81.74,27.075],[-81.725,27.085],[-81.675,27.118],[-81.664,27.125],[-81.625,27.152],[-81.59,27.175],[-81.575,27.185],[-81.525,27.219],[-81.515,27.225],[-81.475,27.252],[-81.439,27.275],[-81.425,27.284],[-81.375,27.316],[-81.361,27.325],[-81.325,27.347],[-81.277,27.375],[-81.275,27.376],[-81.225,27.404],[-81.185,27.425],[-81.175,27.43],[-81.125,27.455],[-81.079,27.475],[-81.075,27.477],[-81.025,27.497],[-80.975,27.516],[-80.948,27.525],[-80.925,27.533],[-80.875,27.547],[-80.825,27.561],[-80.775,27.572]]]}},{"type":"Feature","properties":{"date":"2003-02-25","label":"25 Feb","yday":56,"tier":"day","major":false},"geometry":{"type":"MultiLineString","coordinates":[[[-82.36,26.96],[-82.325,26.974],[-82.322,26.975],[-82.275,26.995],[-82.225,27.017],[-82.208,27.025],[-82.175,27.041],[-82.125,27.067],[-82.11,27.075],[-82.075,27.095],[-82.025,27.124],[-82.024,27.125],[-81.975,27.157],[-81.948,27.175],[-81.925,27.191],[-81.876,27.225],[-81.875,27.226],[-81.825,27.263],[-81.809,27.275],[-81.775,27.301],[-81.744,27.325],[-81.725,27.34],[-81.679,27.375],[-81.675,27.379],[-81.625,27.418],[-81.616,27.425],[-81.575,27.457],[-81.551,27.475],[-81.525,27.495],[-81.485,27.525],[-81.475,27.533],[-81.425,27.569],[-81.416,27.575],[-81.375,27.604],[-81.342,27.625],[-81.325,27.636],[-81.275,27.667],[-81.261,27.675],[-81.225,27.695],[-81.175,27.721],[-81.166,27.725],[-81.125,27.744],[-81.075,27.765],[-81.048,27.775],[-81.025,27.783],[-80.975,27.799],[-80.925,27.813],[-80.875,27.825],[-80.875,27.825]]]}},{"type":"Feature","properties":{"date":"2003-02-26","label":"26 Feb","yday":57,"tier":"day","major":false},"geometry":{"type":"MultiLineString","coordinates":[[[-82.434,27.134],[-82.425,27.138],[-82.375,27.161],[-82.346,27.175],[-82.325,27.186],[-82.275,27.213],[-82.253,27.225],[-82.225,27.242],[-82.175,27.273],[-82.172,27.275],[-82.125,27.307],[-82.099,27.325],[-82.075,27.343],[-82.032,27.375],[-82.025,27.381],[-81.975,27.42],[-81.969,27.425],[-81.925,27.462],[-81.91,27.475],[-81.875,27.505],[-81.852,27.525],[-81.825,27.549],[-81.796,27.575],[-81.775,27.594],[-81.74,27.625],[-81.725,27.639],[-81.685,27.675],[-81.675,27.684],[-81.629,27.725],[-81.625,27.729],[-81.575,27.773],[-81.572,27.775],[-81.525,27.815],[-81.512,27.825],[-81.475,27.855],[-81.448,27.875],[-81.425,27.892],[-81.378,27.925],[-81.375,27.927],[-81.325,27.958],[-81.296,27.975],[-81.275,27.987],[-81.225,28.012],[-81.195,28.025],[-81.175,28.034],[-81.125,28.052],[-81.075,28.068],[-81.051,28.075],[-81.025,28.082],[-80.975,28.093],[-80.925,28.103]]]}},{"type":"Feature","properties":{"date":"2003-02-27","label":"27 Feb","yday":58,"tier":"day","major":false},"geometry":{"type":"MultiLineString","coordinates":[[[-82.525,27.313],[-82.501,27.325],[-82.475,27.339],[-82.425,27.367],[-82.411,27.375],[-82.375,27.397],[-82.332,27.425],[-82.325,27.43],[-82.275,27.465],[-82.261,27.475],[-82.225,27.502],[-82.195,27.525],[-82.175,27.541],[-82.134,27.575],[-82.125,27.582],[-82.075,27.625],[-82.075,27.625],[-82.025,27.67],[-82.019,27.675],[-81.975,27.716],[-81.966,27.725],[-81.925,27.764],[-81.913,27.775],[-81.875,27.812],[-81.861,27.825],[-81.825,27.86],[-81.81,27.875],[-81.775,27.909],[-81.758,27.925],[-81.725,27.956],[-81.704,27.975],[-81.675,28.002],[-81.648,28.025],[-81.625,28.045],[-81.589,28.075],[-81.575,28.087],[-81.526,28.125],[-81.525,28.126],[-81.475,28.161],[-81.454,28.175],[-81.425,28.194],[-81.375,28.222],[-81.37,28.225],[-81.325,28.246],[-81.275,28.267],[-81.252,28.275],[-81.225,28.284],[-81.175,28.298],[-81.125,28.31],[-81.075,28.319],[-81.038,28.325],[-81.025,28.327],[-80.975,28.332]]]}},{"type":"Feature","properties":{"date":"2003-02-28","label":"28 Feb","yday":59,"tier":"day","major":false},"geometry":{"type":"MultiLineString","coordinates":[[[-82.625,27.51],[-82.597,27.525],[-82.575,27.537],[-82.525,27.567],[-82.512,27.575],[-82.475,27.598],[-82.434,27.625],[-82.425,27.631],[-82.375,27.665],[-82.361,27.675],[-82.325,27.701],[-82.294,27.725],[-82.275,27.739],[-82.231,27.775],[-82.225,27.78],[-82.175,27.822],[-82.171,27.825],[-82.125,27.866],[-82.115,27.875],[-82.075,27.911],[-82.059,27.925],[-82.025,27.956],[-82.005,27.975],[-81.975,28.003],[-81.951,28.025],[-81.925,28.049],[-81.897,28.075],[-81.875,28.095],[-81.842,28.125],[-81.825,28.14],[-81.785,28.175],[-81.775,28.184],[-81.726,28.225],[-81.725,28.226],[-81.675,28.266],[-81.664,28.275],[-81.625,28.304],[-81.596,28.325],[-81.575,28.339],[-81.525,28.371],[-81.519,28.375],[-81.475,28.4],[-81.426,28.425],[-81.425,28.426],[-81.375,28.448],[-81.325,28.466],[-81.298,28.475],[-81.275,28.482],[-81.225,28.494],[-81.175,28.503],[-81.125,28.51],[-81.075,28.515],[-81.025,28.518],[-81.018,28.518]]]}},{"type":"Feature","properties":{"date":"2003-03-01","label":"1 Mar","yday":60,"tier":"index","major":true},"geometry":{"type":"MultiLineString","coordinates":[[[-82.687,27.737],[-82.675,27.744],[-82.625,27.772]],[[-82.403,27.903],[-82.375,27.922],[-82.371,27.925],[-82.325,27.958],[-82.303,27.975],[-82.275,27.996],[-82.239,28.025],[-82.225,28.036],[-82.177,28.075],[-82.175,28.076],[-82.125,28.118],[-82.116,28.125],[-82.075,28.16],[-82.057,28.175],[-82.025,28.202],[-81.998,28.225],[-81.975,28.244],[-81.939,28.275],[-81.925,28.287],[-81.879,28.325],[-81.875,28.328],[-81.825,28.368],[-81.816,28.375],[-81.775,28.406],[-81.749,28.425],[-81.725,28.442],[-81.678,28.475],[-81.675,28.477],[-81.625,28.508],[-81.597,28.525],[-81.575,28.538],[-81.525,28.564],[-81.504,28.575],[-81.475,28.588],[-81.425,28.61],[-81.384,28.625],[-81.375,28.628],[-81.325,28.644],[-81.275,28.656],[-81.225,28.666],[-81.175,28.673],[-81.151,28.675],[-81.125,28.677],[-81.075,28.68]]]}},{"type":"Feature","properties":{"date":"2003-03-02","label":"2 Mar","yday":61,"tier":"day","major":false},"geometry":{"type":"MultiLineString","coordinates":[[[-82.776,27.924],[-82.775,27.925],[-82.774,27.925],[-82.725,27.95]],[[-82.609,28.009],[-82.581,28.025],[-82.575,28.028],[-82.525,28.056],[-82.493,28.075],[-82.475,28.085],[-82.425,28.116],[-82.412,28.125],[-82.375,28.149],[-82.337,28.175],[-82.325,28.183],[-82.275,28.219],[-82.267,28.225],[-82.225,28.256],[-82.2,28.275],[-82.175,28.294],[-82.136,28.325],[-82.125,28.334],[-82.075,28.373],[-82.073,28.375],[-82.025,28.412],[-82.009,28.425],[-81.975,28.451],[-81.944,28.475],[-81.925,28.489],[-81.877,28.525],[-81.875,28.526],[-81.825,28.561],[-81.804,28.575],[-81.775,28.594],[-81.725,28.625],[-81.725,28.625],[-81.675,28.654],[-81.636,28.675],[-81.625,28.681],[-81.575,28.705],[-81.53,28.725],[-81.525,28.727],[-81.475,28.747],[-81.425,28.765],[-81.393,28.775],[-81.375,28.78],[-81.325,28.793],[-81.275,28.804],[-81.225,28.812],[-81.175,28.818],[-81.125,28.822],[-81.075,28.824]]]}},{"type":"Feature","properties":{"date":"2003-03-03","label":"3 Mar","yday":62,"tier":"day","major":false},"geometry":{"type":"MultiLineString","coordinates":[[[-82.775,28.129],[-82.725,28.154],[-82.682,28.175],[-82.675,28.178],[-82.625,28.204],[-82.585,28.225],[-82.575,28.23],[-82.525,28.258],[-82.495,28.275],[-82.475,28.286],[-82.425,28.317],[-82.412,28.325],[-82.375,28.349],[-82.336,28.375],[-82.325,28.382],[-82.275,28.418],[-82.265,28.425],[-82.225,28.454],[-82.198,28.475],[-82.175,28.492],[-82.13,28.525],[-82.125,28.529],[-82.075,28.566],[-82.062,28.575],[-82.025,28.602],[-81.992,28.625],[-81.975,28.636],[-81.925,28.67],[-81.917,28.675],[-81.875,28.702],[-81.836,28.725],[-81.825,28.732],[-81.775,28.76],[-81.746,28.775],[-81.725,28.786],[-81.675,28.81],[-81.642,28.825],[-81.625,28.832],[-81.575,28.852],[-81.525,28.871],[-81.513,28.875],[-81.475,28.887],[-81.425,28.902],[-81.375,28.915],[-81.328,28.925],[-81.325,28.926],[-81.275,28.934],[-81.225,28.942],[-81.175,28.947],[-81.125,28.951],[-81.075,28.954],[-81.025,28.955]]]}},{"type":"Feature","properties":{"date":"2003-03-04","label":"4 Mar","yday":63,"tier":"day","major":false},"geometry":{"type":"MultiLineString","coordinates":[[[-82.675,28.37],[-82.665,28.375],[-82.625,28.395],[-82.575,28.421],[-82.567,28.425],[-82.525,28.448],[-82.477,28.475],[-82.475,28.476],[-82.425,28.507],[-82.399,28.525],[-82.375,28.541],[-82.325,28.575],[-82.325,28.575],[-82.275,28.609],[-82.253,28.625],[-82.225,28.644],[-82.18,28.675],[-82.175,28.678],[-82.125,28.711],[-82.104,28.725],[-82.075,28.744],[-82.025,28.775],[-82.025,28.775],[-81.975,28.805],[-81.941,28.825],[-81.925,28.834],[-81.875,28.861],[-81.848,28.875],[-81.825,28.886],[-81.775,28.91],[-81.741,28.925],[-81.725,28.932],[-81.675,28.952],[-81.625,28.971],[-81.613,28.975],[-81.575,28.988],[-81.525,29.003],[-81.475,29.017],[-81.445,29.025],[-81.425,29.03],[-81.375,29.041],[-81.325,29.05],[-81.275,29.058],[-81.225,29.065],[-81.175,29.07],[-81.125,29.074],[-81.112,29.075],[-81.075,29.077],[-81.025,29.08],[-80.975,29.081]]]}},{"type":"Feature","properties":{"date":"2003-03-05","label":"5 Mar","yday":64,"tier":"day","major":false},"geometry":{"type":"MultiLineString","coordinates":[[[-82.625,28.589],[-82.575,28.615],[-82.558,28.625],[-82.525,28.643],[-82.475,28.673],[-82.471,28.675],[-82.425,28.703],[-82.388,28.725],[-82.375,28.733],[-82.325,28.764],[-82.307,28.775],[-82.275,28.794],[-82.225,28.824],[-82.223,28.825],[-82.175,28.853],[-82.137,28.875],[-82.125,28.882],[-82.075,28.91],[-82.046,28.925],[-82.025,28.936],[-81.975,28.962],[-81.949,28.975],[-81.925,28.986],[-81.875,29.009],[-81.839,29.025],[-81.825,29.031],[-81.775,29.051],[-81.725,29.07],[-81.712,29.075],[-81.675,29.088],[-81.625,29.104],[-81.575,29.118],[-81.55,29.125],[-81.525,29.132],[-81.475,29.144],[-81.425,29.154],[-81.375,29.164],[-81.325,29.172],[-81.303,29.175],[-81.275,29.179],[-81.225,29.185],[-81.175,29.19],[-81.125,29.194],[-81.075,29.198],[-81.025,29.201],[-81.002,29.202]]]}},{"type":"Feature","properties":{"date":"2003-03-06","label":"6 Mar","yday":65,"tier":"five","major":false},"geometry":{"type":"MultiLineString","coordinates":[[[-82.625,28.786],[-82.575,28.812],[-82.55,28.825],[-82.525,28.838],[-82.475,28.864],[-82.455,28.875],[-82.425,28.891],[-82.375,28.917],[-82.36,28.925],[-82.325,28.943],[-82.275,28.969],[-82.264,28.975],[-82.225,28.995],[-82.175,29.02],[-82.164,29.025],[-82.125,29.044],[-82.075,29.068],[-82.06,29.075],[-82.025,29.091],[-81.975,29.113],[-81.947,29.125],[-81.925,29.134],[-81.875,29.154],[-81.825,29.173],[-81.819,29.175],[-81.775,29.19],[-81.725,29.206],[-81.675,29.221],[-81.661,29.225],[-81.625,29.235],[-81.575,29.247],[-81.525,29.259],[-81.475,29.269],[-81.441,29.275],[-81.425,29.278],[-81.375,29.286],[-81.325,29.293],[-81.275,29.3],[-81.225,29.305],[-81.175,29.31],[-81.125,29.314],[-81.075,29.317]]]}},{"type":"Feature","properties":{"date":"2003-03-07","label":"7 Mar","yday":66,"tier":"day","major":false},"geometry":{"type":"MultiLineString","coordinates":[[[-82.699,28.949],[-82.675,28.96],[-82.642,28.975],[-82.625,28.982],[-82.575,29.005],[-82.532,29.025],[-82.525,29.028],[-82.475,29.051],[-82.425,29.074],[-82.422,29.075],[-82.375,29.096],[-82.325,29.118],[-82.31,29.125],[-82.275,29.14],[-82.225,29.162],[-82.195,29.175],[-82.175,29.184],[-82.125,29.205],[-82.077,29.225],[-82.075,29.226],[-82.025,29.246],[-81.975,29.265],[-81.946,29.275],[-81.925,29.283],[-81.875,29.299],[-81.825,29.315],[-81.791,29.325],[-81.775,29.33],[-81.725,29.343],[-81.675,29.356],[-81.625,29.367],[-81.585,29.375],[-81.575,29.377],[-81.525,29.386],[-81.475,29.395],[-81.425,29.402],[-81.375,29.409],[-81.325,29.415],[-81.275,29.421],[-81.232,29.425],[-81.225,29.426],[-81.175,29.43],[-81.125,29.434]]]}},{"type":"Feature","properties":{"date":"2003-03-08","label":"8 Mar","yday":67,"tier":"day","major":false},"geometry":{"type":"MultiLineString","coordinates":[[[-82.771,29.121],[-82.76,29.125],[-82.725,29.139],[-82.675,29.16],[-82.637,29.175],[-82.625,29.18],[-82.575,29.2],[-82.525,29.22],[-82.512,29.225],[-82.475,29.239],[-82.425,29.259],[-82.383,29.275],[-82.375,29.278],[-82.325,29.297],[-82.275,29.316],[-82.251,29.325],[-82.225,29.335],[-82.175,29.353],[-82.125,29.371],[-82.113,29.375],[-82.075,29.388],[-82.025,29.404],[-81.975,29.42],[-81.958,29.425],[-81.925,29.435],[-81.875,29.448],[-81.825,29.461],[-81.775,29.473],[-81.763,29.475],[-81.725,29.483],[-81.675,29.493],[-81.625,29.502],[-81.575,29.51],[-81.525,29.517],[-81.475,29.523],[-81.461,29.525],[-81.425,29.529],[-81.375,29.534],[-81.325,29.539],[-81.275,29.544],[-81.225,29.548],[-81.175,29.551]]]}},{"type":"Feature","properties":{"date":"2003-03-09","label":"9 Mar","yday":68,"tier":"day","major":false},"geometry":{"type":"MultiLineString","coordinates":[[[-83.034,29.234],[-83.025,29.237],[-82.975,29.256],[-82.925,29.275],[-82.925,29.275],[-82.875,29.294],[-82.825,29.313],[-82.791,29.325],[-82.775,29.331],[-82.725,29.349],[-82.675,29.367],[-82.652,29.375],[-82.625,29.385],[-82.575,29.402],[-82.525,29.419],[-82.506,29.425],[-82.475,29.435],[-82.425,29.452],[-82.375,29.468],[-82.352,29.475],[-82.325,29.483],[-82.275,29.499],[-82.225,29.514],[-82.187,29.525],[-82.175,29.529],[-82.125,29.543],[-82.075,29.557],[-82.025,29.57],[-82.003,29.575],[-81.975,29.582],[-81.925,29.593],[-81.875,29.603],[-81.825,29.613],[-81.775,29.621],[-81.749,29.625],[-81.725,29.629],[-81.675,29.635],[-81.625,29.641],[-81.575,29.646],[-81.525,29.651],[-81.475,29.655],[-81.425,29.659],[-81.375,29.662],[-81.325,29.666],[-81.275,29.669],[-81.225,29.672]]]}},{"type":"Feature","properties":{"date":"2003-03-10","label":"10 Mar","yday":69,"tier":"day","major":false},"geometry":{"type":"MultiLineString","coordinates":[[[-83.204,29.404],[-83.175,29.415],[-83.147,29.425],[-83.125,29.433],[-83.075,29.452],[-83.025,29.471],[-83.013,29.475],[-82.975,29.489],[-82.925,29.506],[-82.875,29.523],[-82.87,29.525],[-82.825,29.54],[-82.775,29.557],[-82.725,29.572],[-82.716,29.575],[-82.675,29.588],[-82.625,29.602],[-82.575,29.617],[-82.544,29.625],[-82.525,29.63],[-82.475,29.643],[-82.425,29.656],[-82.375,29.668],[-82.347,29.675],[-82.325,29.68],[-82.275,29.692],[-82.225,29.704],[-82.175,29.716],[-82.132,29.725],[-82.125,29.727],[-82.075,29.737],[-82.025,29.746],[-81.975,29.754],[-81.925,29.762],[-81.875,29.768],[-81.825,29.774],[-81.809,29.775],[-81.775,29.778],[-81.725,29.782],[-81.675,29.785],[-81.625,29.787],[-81.575,29.789],[-81.525,29.79],[-81.475,29.791],[-81.425,29.793],[-81.375,29.794],[-81.325,29.795],[-81.275,29.797]]]}},{"type":"Feature","properties":{"date":"2003-03-11","label":"11 Mar","yday":70,"tier":"five","major":false},"geometry":{"type":"MultiLineString","coordinates":[[[-83.375,29.591],[-83.325,29.612],[-83.291,29.625],[-83.275,29.632],[-83.225,29.651],[-83.175,29.67],[-83.163,29.675],[-83.125,29.689],[-83.075,29.707],[-83.025,29.725],[-83.024,29.725],[-82.975,29.742],[-82.925,29.758],[-82.875,29.773],[-82.869,29.775],[-82.825,29.788],[-82.775,29.802],[-82.725,29.816],[-82.688,29.825],[-82.675,29.828],[-82.625,29.84],[-82.575,29.852],[-82.525,29.862],[-82.475,29.872],[-82.46,29.875],[-82.425,29.882],[-82.375,29.891],[-82.325,29.899],[-82.275,29.907],[-82.225,29.915],[-82.175,29.922],[-82.147,29.925],[-82.125,29.928],[-82.075,29.933],[-82.025,29.937],[-81.975,29.941],[-81.925,29.944],[-81.875,29.945],[-81.825,29.946],[-81.775,29.946],[-81.725,29.945],[-81.675,29.943],[-81.625,29.941],[-81.575,29.939],[-81.525,29.937],[-81.475,29.934],[-81.425,29.932],[-81.375,29.93],[-81.325,29.929]]]}},{"type":"Feature","properties":{"date":"2003-03-12","label":"12 Mar","yday":71,"tier":"day","major":false},"geometry":{"type":"MultiLineString","coordinates":[[[-83.575,29.782],[-83.525,29.805],[-83.48,29.825],[-83.475,29.827],[-83.425,29.85],[-83.375,29.871],[-83.366,29.875],[-83.325,29.892],[-83.275,29.913],[-83.244,29.925],[-83.225,29.933],[-83.175,29.952],[-83.125,29.97],[-83.109,29.975],[-83.075,29.987],[-83.025,30.003],[-82.975,30.018],[-82.951,30.025],[-82.925,30.032],[-82.875,30.046],[-82.825,30.058],[-82.775,30.069],[-82.747,30.075],[-82.725,30.079],[-82.675,30.089],[-82.625,30.097],[-82.575,30.105],[-82.525,30.111],[-82.475,30.117],[-82.425,30.122],[-82.393,30.125],[-82.375,30.127],[-82.325,30.13],[-82.275,30.133],[-82.225,30.135],[-82.175,30.137],[-82.125,30.138],[-82.075,30.138],[-82.025,30.138],[-81.975,30.137],[-81.925,30.135],[-81.875,30.132],[-81.825,30.128],[-81.796,30.125],[-81.775,30.123],[-81.725,30.117],[-81.675,30.111],[-81.625,30.105],[-81.575,30.098],[-81.525,30.092],[-81.475,30.086],[-81.425,30.081],[-81.375,30.076]]]}},{"type":"Feature","properties":{"date":"2003-03-13","label":"13 Mar","yday":72,"tier":"day","major":false},"geometry":{"type":"MultiLineString","coordinates":[[[-83.78,29.98],[-83.775,29.983],[-83.725,30.008],[-83.692,30.025],[-83.675,30.034],[-83.625,30.059],[-83.593,30.075],[-83.575,30.084],[-83.525,30.108],[-83.488,30.125],[-83.475,30.131],[-83.425,30.154],[-83.375,30.175],[-83.375,30.175],[-83.325,30.196],[-83.275,30.215],[-83.248,30.225],[-83.225,30.233],[-83.175,30.251],[-83.125,30.267],[-83.097,30.275],[-83.075,30.281],[-83.025,30.295],[-82.975,30.307],[-82.925,30.318],[-82.89,30.325],[-82.875,30.328],[-82.825,30.336],[-82.775,30.343],[-82.725,30.349],[-82.675,30.354],[-82.625,30.358],[-82.575,30.36],[-82.525,30.362],[-82.475,30.362],[-82.425,30.362],[-82.375,30.361],[-82.325,30.359],[-82.275,30.356],[-82.225,30.352],[-82.175,30.348],[-82.125,30.343],[-82.075,30.338],[-82.025,30.332],[-81.975,30.326],[-81.965,30.325],[-81.925,30.32],[-81.875,30.312],[-81.825,30.304],[-81.775,30.296],[-81.725,30.287],[-81.675,30.278],[-81.661,30.275],[-81.625,30.268],[-81.575,30.258],[-81.525,30.249],[-81.475,30.241],[-81.425,30.233],[-81.377,30.227]]]}},{"type":"Feature","properties":{"date":"2003-03-14","label":"14 Mar","yday":73,"tier":"day","major":false},"geometry":{"type":"MultiLineString","coordinates":[[[-85.275,29.754],[-85.225,29.753],[-85.175,29.753],[-85.125,29.754],[-85.075,29.757],[-85.025,29.762],[-84.981,29.769]],[[-84.949,29.775],[-84.925,29.78],[-84.918,29.782]],[[-84.85,29.8],[-84.825,29.807],[-84.78,29.82]],[[-84.765,29.825],[-84.725,29.838],[-84.704,29.846]],[[-84.5,29.925],[-84.475,29.936],[-84.448,29.948]],[[-84.379,29.979],[-84.375,29.98]],[[-84.178,30.078],[-84.175,30.079],[-84.166,30.084]],[[-84.09,30.125],[-84.075,30.133],[-84.025,30.161],[-84.0,30.175],[-83.975,30.189],[-83.925,30.217],[-83.91,30.225],[-83.875,30.245],[-83.825,30.272],[-83.82,30.275],[-83.775,30.299],[-83.725,30.325],[-83.725,30.325],[-83.675,30.35],[-83.625,30.374],[-83.624,30.375],[-83.575,30.397],[-83.525,30.419],[-83.512,30.425],[-83.475,30.44],[-83.425,30.46],[-83.385,30.475],[-83.375,30.479],[-83.325,30.496],[-83.275,30.513],[-83.234,30.525],[-83.225,30.528],[-83.175,30.541],[-83.125,30.554],[-83.075,30.565],[-83.027,30.575],[-83.025,30.575],[-82.975,30.584],[-82.925,30.592],[-82.875,30.598],[-82.825,30.603],[-82.775,30.606],[-82.725,30.608],[-82.675,30.609],[-82.625,30.609],[-82.575,30.607],[-82.525,30.604],[-82.475,30.6],[-82.425,30.595],[-82.375,30.588],[-82.325,30.581],[-82.29,30.575],[-82.275,30.573],[-82.225,30.563],[-82.175,30.554],[-82.125,30.543],[-82.075,30.532],[-82.043,30.525],[-82.025,30.521],[-81.975,30.51],[-81.925,30.498],[-81.875,30.486],[-81.83,30.475],[-81.825,30.474],[-81.775,30.462],[-81.725,30.45],[-81.675,30.438],[-81.625,30.426],[-81.619,30.425],[-81.575,30.415],[-81.525,30.405],[-81.475,30.395],[-81.425,30.386]]]}},{"type":"Feature","properties":{"date":"2003-03-15","label":"15 Mar","yday":74,"tier":"day","major":false},"geometry":{"type":"MultiLineString","coordinates":[[[-85.431,30.019],[-85.425,30.019],[-85.375,30.02],[-85.325,30.022],[-85.275,30.024],[-85.259,30.025],[-85.225,30.027],[-85.175,30.032],[-85.125,30.038],[-85.075,30.045],[-85.025,30.054],[-84.975,30.065],[-84.936,30.075],[-84.925,30.078],[-84.875,30.092],[-84.825,30.108],[-84.775,30.125],[-84.774,30.125],[-84.725,30.143],[-84.675,30.162],[-84.642,30.175],[-84.625,30.182],[-84.575,30.203],[-84.525,30.224],[-84.523,30.225],[-84.475,30.247],[-84.425,30.269],[-84.413,30.275],[-84.375,30.293],[-84.325,30.318],[-84.312,30.325],[-84.275,30.345],[-84.225,30.373],[-84.222,30.375],[-84.175,30.402],[-84.136,30.425],[-84.125,30.431],[-84.075,30.459],[-84.047,30.475],[-84.025,30.487],[-83.975,30.513],[-83.951,30.525],[-83.925,30.537],[-83.875,30.561],[-83.845,30.575],[-83.825,30.584],[-83.775,30.605],[-83.728,30.625],[-83.725,30.626],[-83.675,30.646],[-83.625,30.664],[-83.596,30.675],[-83.575,30.682],[-83.525,30.7],[-83.475,30.716],[-83.447,30.725],[-83.425,30.732],[-83.375,30.746],[-83.325,30.76],[-83.275,30.773],[-83.268,30.775],[-83.225,30.785],[-83.175,30.796],[-83.125,30.805],[-83.075,30.814],[-83.025,30.822],[-82.998,30.825],[-82.975,30.828],[-82.925,30.833],[-82.875,30.837],[-82.825,30.841],[-82.775,30.843],[-82.725,30.844],[-82.675,30.843],[-82.625,30.842],[-82.575,30.838],[-82.525,30.834],[-82.475,30.827],[-82.46,30.825],[-82.425,30.819],[-82.375,30.81],[-82.325,30.799],[-82.275,30.787],[-82.232,30.775],[-82.225,30.773],[-82.175,30.759],[-82.125,30.744],[-82.075,30.728],[-82.065,30.725],[-82.025,30.712],[-81.975,30.696],[-81.925,30.68],[-81.908,30.675],[-81.875,30.664],[-81.825,30.649],[-81.775,30.633],[-81.748,30.625],[-81.725,30.618],[-81.675,30.604],[-81.625,30.59],[-81.575,30.577],[-81.566,30.575],[-81.525,30.565],[-81.513,30.563]]]}},{"type":"Feature","properties":{"date":"2003-03-16","label":"16 Mar","yday":75,"tier":"index","major":true},"geometry":{"type":"MultiLineString","coordinates":[[[-85.822,30.222],[-85.789,30.225]],[[-85.638,30.238],[-85.625,30.239],[-85.575,30.244],[-85.525,30.249],[-85.475,30.254],[-85.425,30.26],[-85.375,30.266],[-85.325,30.274],[-85.317,30.275],[-85.275,30.282],[-85.225,30.291],[-85.175,30.302],[-85.125,30.314],[-85.085,30.325],[-85.075,30.328],[-85.025,30.343],[-84.975,30.359],[-84.932,30.375],[-84.925,30.378],[-84.875,30.397],[-84.825,30.418],[-84.809,30.425],[-84.775,30.44],[-84.725,30.463],[-84.7,30.475],[-84.675,30.487],[-84.625,30.512],[-84.599,30.525],[-84.575,30.537],[-84.525,30.562],[-84.5,30.575],[-84.475,30.587],[-84.425,30.612],[-84.399,30.625],[-84.375,30.636],[-84.325,30.659],[-84.29,30.675],[-84.275,30.681],[-84.225,30.702],[-84.175,30.722],[-84.168,30.725],[-84.125,30.741],[-84.075,30.759],[-84.03,30.775],[-84.025,30.777],[-83.975,30.793],[-83.925,30.81],[-83.878,30.825],[-83.875,30.826],[-83.825,30.841],[-83.775,30.856],[-83.725,30.872],[-83.714,30.875],[-83.675,30.886],[-83.625,30.9],[-83.575,30.914],[-83.534,30.925],[-83.525,30.927],[-83.475,30.94],[-83.425,30.953],[-83.375,30.965],[-83.33,30.975],[-83.325,30.976],[-83.275,30.987],[-83.225,30.996],[-83.175,31.005],[-83.125,31.013],[-83.075,31.02],[-83.034,31.025],[-83.025,31.026],[-82.975,31.031],[-82.925,31.036],[-82.875,31.04],[-82.825,31.043],[-82.775,31.046],[-82.725,31.048],[-82.675,31.048],[-82.625,31.048],[-82.575,31.046],[-82.525,31.043],[-82.475,31.038],[-82.425,31.03],[-82.397,31.025],[-82.375,31.021],[-82.325,31.009],[-82.275,30.995],[-82.225,30.979],[-82.212,30.975],[-82.175,30.963],[-82.125,30.945],[-82.075,30.926],[-82.073,30.925],[-82.025,30.906],[-81.975,30.887],[-81.945,30.875],[-81.925,30.867],[-81.875,30.848],[-81.825,30.829],[-81.815,30.825],[-81.775,30.81],[-81.725,30.793],[-81.675,30.776],[-81.673,30.775],[-81.625,30.76],[-81.575,30.745],[-81.525,30.731]]]}},{"type":"Feature","properties":{"date":"2003-03-17","label":"17 Mar","yday":76,"tier":"day","major":false},"geometry":{"type":"MultiLineString","coordinates":[[[-86.265,30.385],[-86.225,30.388],[-86.19,30.39]],[[-86.103,30.397],[-86.075,30.399],[-86.025,30.402],[-85.975,30.406],[-85.925,30.41],[-85.875,30.414],[-85.825,30.419],[-85.775,30.424],[-85.762,30.425],[-85.725,30.429],[-85.675,30.435],[-85.625,30.441],[-85.575,30.448],[-85.525,30.456],[-85.475,30.464],[-85.425,30.474],[-85.419,30.475],[-85.375,30.484],[-85.325,30.496],[-85.275,30.509],[-85.225,30.524],[-85.222,30.525],[-85.175,30.54],[-85.125,30.558],[-85.081,30.575],[-85.075,30.577],[-85.025,30.598],[-84.975,30.621],[-84.968,30.625],[-84.925,30.646],[-84.875,30.672],[-84.87,30.675],[-84.825,30.699],[-84.779,30.725],[-84.775,30.727],[-84.725,30.755],[-84.69,30.775],[-84.675,30.783],[-84.625,30.809],[-84.592,30.825],[-84.575,30.833],[-84.525,30.853],[-84.475,30.872],[-84.466,30.875],[-84.425,30.888],[-84.375,30.903],[-84.325,30.917],[-84.296,30.925],[-84.275,30.93],[-84.225,30.943],[-84.175,30.956],[-84.125,30.969],[-84.101,30.975],[-84.075,30.981],[-84.025,30.994],[-83.975,31.006],[-83.925,31.019],[-83.899,31.025],[-83.875,31.031],[-83.825,31.043],[-83.775,31.055],[-83.725,31.067],[-83.692,31.075],[-83.675,31.079],[-83.625,31.09],[-83.575,31.102],[-83.525,31.113],[-83.475,31.124],[-83.469,31.125],[-83.425,31.134],[-83.375,31.144],[-83.325,31.153],[-83.275,31.162],[-83.225,31.171],[-83.198,31.175],[-83.175,31.178],[-83.125,31.185],[-83.075,31.192],[-83.025,31.198],[-82.975,31.203],[-82.925,31.208],[-82.875,31.212],[-82.825,31.215],[-82.775,31.219],[-82.725,31.221],[-82.675,31.223],[-82.625,31.224],[-82.575,31.224],[-82.525,31.224],[-82.475,31.222],[-82.425,31.218],[-82.375,31.21],[-82.325,31.2],[-82.275,31.187],[-82.233,31.175],[-82.225,31.173],[-82.175,31.156],[-82.125,31.138],[-82.092,31.125],[-82.075,31.119],[-82.025,31.098],[-81.975,31.077],[-81.97,31.075],[-81.925,31.056],[-81.875,31.034],[-81.855,31.025],[-81.825,31.012],[-81.775,30.991],[-81.736,30.975],[-81.725,30.97],[-81.675,30.951],[-81.625,30.932],[-81.605,30.925],[-81.575,30.915],[-81.525,30.899],[-81.488,30.888]]]}},{"type":"Feature","properties":{"date":"2003-03-18","label":"18 Mar","yday":77,"tier":"day","major":false},"geometry":{"type":"MultiLineString","coordinates":[[[-94.675,29.69],[-94.625,29.691],[-94.575,29.693],[-94.525,29.695],[-94.475,29.698],[-94.45,29.7]],[[-87.743,30.293],[-87.725,30.299],[-87.675,30.318],[-87.656,30.325],[-87.625,30.336],[-87.575,30.354],[-87.525,30.372],[-87.517,30.375],[-87.475,30.389],[-87.454,30.396]],[[-87.331,30.431],[-87.325,30.433],[-87.275,30.443],[-87.225,30.453],[-87.191,30.459]],[[-86.945,30.495],[-86.925,30.498],[-86.875,30.504],[-86.825,30.51],[-86.775,30.516],[-86.725,30.523],[-86.708,30.525],[-86.675,30.529],[-86.625,30.536],[-86.575,30.543],[-86.525,30.549],[-86.475,30.555],[-86.425,30.56],[-86.375,30.564],[-86.325,30.567],[-86.275,30.57],[-86.225,30.573],[-86.191,30.575],[-86.175,30.576],[-86.125,30.579],[-86.075,30.581],[-86.025,30.584],[-85.975,30.588],[-85.925,30.591],[-85.875,30.595],[-85.825,30.599],[-85.775,30.605],[-85.725,30.61],[-85.675,30.617],[-85.625,30.624],[-85.62,30.625],[-85.575,30.632],[-85.525,30.642],[-85.475,30.652],[-85.425,30.664],[-85.383,30.675],[-85.375,30.677],[-85.325,30.692],[-85.275,30.708],[-85.226,30.725],[-85.225,30.725],[-85.175,30.745],[-85.125,30.766],[-85.105,30.775],[-85.075,30.789],[-85.025,30.813],[-85.003,30.825],[-84.975,30.839],[-84.925,30.866],[-84.909,30.875],[-84.875,30.893],[-84.825,30.921],[-84.818,30.925],[-84.775,30.948],[-84.725,30.974],[-84.722,30.975],[-84.675,30.996],[-84.625,31.016],[-84.6,31.025],[-84.575,31.033],[-84.525,31.048],[-84.475,31.061],[-84.425,31.075],[-84.423,31.075],[-84.375,31.087],[-84.325,31.098],[-84.275,31.11],[-84.225,31.121],[-84.209,31.125],[-84.175,31.133],[-84.125,31.144],[-84.075,31.155],[-84.025,31.166],[-83.984,31.175],[-83.975,31.177],[-83.925,31.188],[-83.875,31.199],[-83.825,31.21],[-83.775,31.22],[-83.754,31.225],[-83.725,31.231],[-83.675,31.242],[-83.625,31.252],[-83.575,31.262],[-83.525,31.272],[-83.511,31.275],[-83.475,31.282],[-83.425,31.291],[-83.375,31.3],[-83.325,31.309],[-83.275,31.317],[-83.225,31.325],[-83.223,31.325],[-83.175,31.332],[-83.125,31.338],[-83.075,31.345],[-83.025,31.35],[-82.975,31.355],[-82.925,31.36],[-82.875,31.364],[-82.825,31.367],[-82.775,31.37],[-82.725,31.372],[-82.675,31.373],[-82.625,31.374],[-82.575,31.374],[-82.525,31.374],[-82.475,31.372],[-82.425,31.37],[-82.375,31.366],[-82.325,31.359],[-82.275,31.351],[-82.225,31.341],[-82.175,31.329],[-82.162,31.325],[-82.125,31.314],[-82.075,31.298],[-82.025,31.281],[-82.009,31.275],[-81.975,31.262],[-81.925,31.242],[-81.886,31.225],[-81.875,31.22],[-81.825,31.198],[-81.775,31.176],[-81.773,31.175],[-81.725,31.154],[-81.675,31.132],[-81.66,31.125],[-81.625,31.11],[-81.575,31.09],[-81.535,31.075],[-81.525,31.071],[-81.475,31.055],[-81.425,31.04]]]}},{"type":"Feature","properties":{"date":"2003-03-19","label":"19 Mar","yday":78,"tier":"day","major":false},"geometry":{"type":"MultiLineString","coordinates":[[[-89.765,30.265],[-89.725,30.259],[-89.675,30.25],[-89.625,30.242],[-89.575,30.233],[-89.525,30.225],[-89.524,30.225]],[[-89.975,30.302],[-89.925,30.294],[-89.875,30.285],[-89.825,30.276],[-89.821,30.275]],[[-87.853,30.403],[-87.825,30.413],[-87.793,30.425],[-87.775,30.432],[-87.725,30.451],[-87.675,30.469],[-87.659,30.475],[-87.625,30.487],[-87.575,30.505],[-87.525,30.522],[-87.516,30.525],[-87.475,30.538],[-87.425,30.553],[-87.375,30.567],[-87.345,30.575],[-87.325,30.58],[-87.275,30.592],[-87.225,30.604],[-87.188,30.612]],[[-87.166,30.616],[-87.125,30.625],[-87.125,30.625],[-87.075,30.635],[-87.025,30.644],[-86.975,30.654],[-86.925,30.662],[-86.875,30.671],[-86.851,30.675],[-86.825,30.679],[-86.775,30.688],[-86.725,30.696],[-86.675,30.704],[-86.625,30.711],[-86.575,30.718],[-86.525,30.724],[-86.518,30.725],[-86.475,30.729],[-86.425,30.734],[-86.375,30.738],[-86.325,30.741],[-86.275,30.744],[-86.225,30.746],[-86.175,30.748],[-86.125,30.75],[-86.075,30.752],[-86.025,30.754],[-85.975,30.757],[-85.925,30.759],[-85.875,30.763],[-85.825,30.766],[-85.775,30.771],[-85.74,30.775],[-85.725,30.777],[-85.675,30.783],[-85.625,30.791],[-85.575,30.8],[-85.525,30.81],[-85.475,30.821],[-85.461,30.825],[-85.425,30.834],[-85.375,30.849],[-85.325,30.865],[-85.296,30.875],[-85.275,30.882],[-85.225,30.901],[-85.175,30.922],[-85.169,30.925],[-85.125,30.944],[-85.075,30.968],[-85.06,30.975],[-85.025,30.992],[-84.975,31.016],[-84.958,31.025],[-84.925,31.041],[-84.875,31.065],[-84.853,31.075],[-84.825,31.088],[-84.775,31.109],[-84.737,31.125],[-84.725,31.13],[-84.675,31.148],[-84.625,31.165],[-84.595,31.175],[-84.575,31.181],[-84.525,31.195],[-84.475,31.209],[-84.425,31.222],[-84.414,31.225],[-84.375,31.234],[-84.325,31.246],[-84.275,31.258],[-84.225,31.27],[-84.201,31.275],[-84.175,31.281],[-84.125,31.292],[-84.075,31.302],[-84.025,31.313],[-83.975,31.324],[-83.971,31.325],[-83.925,31.335],[-83.875,31.345],[-83.825,31.356],[-83.775,31.366],[-83.731,31.375],[-83.725,31.376],[-83.675,31.386],[-83.625,31.396],[-83.575,31.406],[-83.525,31.415],[-83.475,31.425],[-83.472,31.425],[-83.425,31.433],[-83.375,31.442],[-83.325,31.45],[-83.275,31.458],[-83.225,31.466],[-83.175,31.473],[-83.158,31.475],[-83.125,31.479],[-83.075,31.485],[-83.025,31.491],[-82.975,31.496],[-82.925,31.5],[-82.875,31.504],[-82.825,31.507],[-82.775,31.51],[-82.725,31.512],[-82.675,31.513],[-82.625,31.513],[-82.575,31.513],[-82.525,31.512],[-82.475,31.511],[-82.425,31.51],[-82.375,31.509],[-82.325,31.505],[-82.275,31.501],[-82.225,31.495],[-82.175,31.487],[-82.125,31.477],[-82.114,31.475],[-82.075,31.466],[-82.025,31.453],[-81.975,31.439],[-81.932,31.425],[-81.925,31.423],[-81.875,31.405],[-81.825,31.386],[-81.796,31.375],[-81.775,31.366],[-81.725,31.345],[-81.678,31.325],[-81.675,31.324],[-81.625,31.302],[-81.575,31.28],[-81.562,31.275],[-81.525,31.26],[-81.475,31.24],[-81.432,31.225],[-81.427,31.223]],[[-81.422,31.222],[-81.375,31.208],[-81.349,31.201]]]}},{"type":"Feature","properties":{"date":"2003-03-20","label":"20 Mar","yday":79,"tier":"day","major":false},"geometry":{"type":"MultiLineString","coordinates":[[[-88.493,30.343],[-88.475,30.348],[-88.445,30.355]],[[-90.729,30.379],[-90.725,30.38],[-90.675,30.395],[-90.625,30.409],[-90.575,30.422],[-90.561,30.425],[-90.525,30.433],[-90.475,30.441],[-90.425,30.448],[-90.375,30.452],[-90.347,30.453]],[[-88.257,30.407],[-88.225,30.418],[-88.202,30.425],[-88.175,30.434],[-88.125,30.451]],[[-90.144,30.444],[-90.125,30.442],[-90.075,30.436],[-90.025,30.429],[-90.003,30.425],[-89.975,30.42],[-89.925,30.412],[-89.875,30.402],[-89.825,30.393],[-89.775,30.384],[-89.725,30.376],[-89.719,30.375],[-89.675,30.368],[-89.625,30.36],[-89.575,30.353],[-89.525,30.345],[-89.475,30.337],[-89.425,30.33],[-89.39,30.325],[-89.377,30.323]],[[-87.875,30.542],[-87.825,30.56],[-87.786,30.575],[-87.775,30.579],[-87.725,30.598],[-87.675,30.616],[-87.649,30.625],[-87.625,30.634],[-87.575,30.651],[-87.525,30.667],[-87.5,30.675],[-87.475,30.683],[-87.425,30.698],[-87.375,30.712],[-87.328,30.725],[-87.325,30.726],[-87.275,30.739],[-87.225,30.752],[-87.175,30.764],[-87.128,30.775],[-87.125,30.776],[-87.075,30.787],[-87.025,30.798],[-86.975,30.809],[-86.925,30.819],[-86.896,30.825],[-86.875,30.829],[-86.825,30.839],[-86.775,30.848],[-86.725,30.857],[-86.675,30.866],[-86.625,30.874],[-86.615,30.875],[-86.575,30.881],[-86.525,30.888],[-86.475,30.894],[-86.425,30.899],[-86.375,30.904],[-86.325,30.908],[-86.275,30.91],[-86.225,30.912],[-86.175,30.913],[-86.125,30.914],[-86.075,30.915],[-86.025,30.915],[-85.975,30.916],[-85.925,30.917],[-85.875,30.919],[-85.825,30.922],[-85.787,30.925],[-85.775,30.926],[-85.725,30.931],[-85.675,30.937],[-85.625,30.944],[-85.575,30.953],[-85.525,30.964],[-85.479,30.975],[-85.475,30.976],[-85.425,30.99],[-85.375,31.005],[-85.325,31.022],[-85.316,31.025],[-85.275,31.04],[-85.225,31.059],[-85.187,31.075],[-85.175,31.08],[-85.125,31.101],[-85.075,31.123],[-85.07,31.125],[-85.025,31.145],[-84.975,31.167],[-84.956,31.175],[-84.925,31.188],[-84.875,31.209],[-84.834,31.225],[-84.825,31.229],[-84.775,31.247],[-84.725,31.265],[-84.697,31.275],[-84.675,31.282],[-84.625,31.298],[-84.575,31.313],[-84.534,31.325],[-84.525,31.328],[-84.475,31.341],[-84.425,31.354],[-84.375,31.367],[-84.341,31.375],[-84.325,31.379],[-84.275,31.391],[-84.225,31.402],[-84.175,31.413],[-84.125,31.425],[-84.124,31.425],[-84.075,31.436],[-84.025,31.446],[-83.975,31.457],[-83.925,31.468],[-83.89,31.475],[-83.875,31.478],[-83.825,31.488],[-83.775,31.499],[-83.725,31.509],[-83.675,31.519],[-83.643,31.525],[-83.625,31.528],[-83.575,31.538],[-83.525,31.547],[-83.475,31.556],[-83.425,31.565],[-83.375,31.574],[-83.369,31.575],[-83.325,31.582],[-83.275,31.59],[-83.225,31.598],[-83.175,31.605],[-83.125,31.612],[-83.075,31.618],[-83.025,31.624],[-83.02,31.625],[-82.975,31.63],[-82.925,31.635],[-82.875,31.639],[-82.825,31.643],[-82.775,31.646],[-82.725,31.649],[-82.675,31.651],[-82.625,31.653],[-82.575,31.654],[-82.525,31.654],[-82.475,31.655],[-82.425,31.655],[-82.375,31.654],[-82.325,31.653],[-82.275,31.651],[-82.225,31.647],[-82.175,31.642],[-82.125,31.636],[-82.075,31.629],[-82.05,31.625],[-82.025,31.621],[-81.975,31.611],[-81.925,31.599],[-81.875,31.587],[-81.833,31.575],[-81.825,31.573],[-81.775,31.557],[-81.725,31.541],[-81.678,31.525],[-81.675,31.524],[-81.625,31.506],[-81.575,31.487],[-81.542,31.475],[-81.525,31.468],[-81.475,31.45],[-81.425,31.433],[-81.401,31.425],[-81.375,31.417],[-81.363,31.413]]]}},{"type":"Feature","properties":{"date":"2003-03-21","label":"21 Mar","yday":80,"tier":"five","major":false},"geometry":{"type":"MultiLineString","coordinates":[[[-94.375,30.108],[-94.325,30.11],[-94.275,30.114],[-94.225,30.117],[-94.175,30.122],[-94.138,30.125],[-94.125,30.126],[-94.075,30.131],[-94.025,30.137],[-93.975,30.142],[-93.955,30.145]],[[-93.45,30.225],[-93.425,30.229],[-93.375,30.238],[-93.325,30.246],[-93.275,30.254],[-93.225,30.262],[-93.175,30.267],[-93.125,30.27],[-93.075,30.27],[-93.031,30.269]],[[-90.907,30.457],[-90.875,30.468],[-90.852,30.475],[-90.825,30.484],[-90.775,30.499],[-90.725,30.513],[-90.68,30.525],[-90.675,30.526],[-90.625,30.538],[-90.575,30.549],[-90.525,30.558],[-90.475,30.566],[-90.425,30.571],[-90.375,30.574],[-90.325,30.574],[-90.275,30.573],[-90.225,30.57],[-90.175,30.566],[-90.125,30.561],[-90.075,30.555],[-90.025,30.548],[-89.975,30.541],[-89.925,30.532],[-89.882,30.525],[-89.875,30.524],[-89.825,30.515],[-89.775,30.507],[-89.725,30.498],[-89.675,30.49],[-89.625,30.482],[-89.576,30.475],[-89.575,30.475],[-89.525,30.468],[-89.475,30.46],[-89.425,30.453],[-89.375,30.447],[-89.325,30.441],[-89.275,30.435],[-89.225,30.429],[-89.178,30.425],[-89.175,30.425],[-89.125,30.421],[-89.075,30.418],[-89.025,30.417]],[[-88.825,30.425],[-88.825,30.425],[-88.775,30.431],[-88.725,30.437],[-88.675,30.445],[-88.625,30.454],[-88.575,30.463],[-88.525,30.475],[-88.523,30.475],[-88.475,30.487],[-88.425,30.501],[-88.375,30.516],[-88.345,30.525],[-88.325,30.531],[-88.275,30.547],[-88.225,30.564],[-88.192,30.575],[-88.175,30.581],[-88.125,30.598],[-88.09,30.61]],[[-87.925,30.671],[-87.913,30.675],[-87.875,30.689],[-87.825,30.708],[-87.778,30.725],[-87.775,30.726],[-87.725,30.744],[-87.675,30.762],[-87.637,30.775],[-87.625,30.779],[-87.575,30.796],[-87.525,30.812],[-87.482,30.825],[-87.475,30.827],[-87.425,30.842],[-87.375,30.857],[-87.325,30.871],[-87.309,30.875],[-87.275,30.884],[-87.225,30.897],[-87.175,30.91],[-87.125,30.923],[-87.117,30.925],[-87.075,30.935],[-87.025,30.948],[-86.975,30.96],[-86.925,30.971],[-86.91,30.975],[-86.875,30.983],[-86.825,30.995],[-86.775,31.006],[-86.725,31.017],[-86.688,31.025],[-86.675,31.028],[-86.625,31.038],[-86.575,31.048],[-86.525,31.056],[-86.475,31.063],[-86.425,31.069],[-86.375,31.074],[-86.352,31.075],[-86.325,31.076],[-86.275,31.078],[-86.225,31.078],[-86.175,31.077],[-86.127,31.075],[-86.125,31.075],[-86.075,31.073],[-86.025,31.071],[-85.975,31.07],[-85.925,31.069],[-85.875,31.069],[-85.825,31.07],[-85.775,31.072],[-85.734,31.075],[-85.725,31.076],[-85.675,31.081],[-85.625,31.088],[-85.575,31.097],[-85.525,31.108],[-85.475,31.121],[-85.46,31.125],[-85.425,31.135],[-85.375,31.15],[-85.325,31.167],[-85.304,31.175],[-85.275,31.185],[-85.225,31.204],[-85.175,31.224],[-85.172,31.225],[-85.125,31.244],[-85.075,31.264],[-85.047,31.275],[-85.025,31.283],[-84.975,31.303],[-84.925,31.322],[-84.917,31.325],[-84.875,31.341],[-84.825,31.358],[-84.777,31.375],[-84.775,31.376],[-84.725,31.392],[-84.675,31.408],[-84.625,31.423],[-84.618,31.425],[-84.575,31.437],[-84.525,31.451],[-84.475,31.465],[-84.435,31.475],[-84.425,31.478],[-84.375,31.49],[-84.325,31.502],[-84.275,31.514],[-84.228,31.525],[-84.225,31.526],[-84.175,31.537],[-84.125,31.548],[-84.075,31.559],[-84.025,31.57],[-84.003,31.575],[-83.975,31.581],[-83.925,31.591],[-83.875,31.602],[-83.825,31.612],[-83.775,31.623],[-83.763,31.625],[-83.725,31.633],[-83.675,31.643],[-83.625,31.652],[-83.575,31.662],[-83.525,31.672],[-83.507,31.675],[-83.475,31.681],[-83.425,31.69],[-83.375,31.699],[-83.325,31.707],[-83.275,31.716],[-83.225,31.724],[-83.218,31.725],[-83.175,31.732],[-83.125,31.739],[-83.075,31.746],[-83.025,31.753],[-82.975,31.759],[-82.925,31.765],[-82.875,31.771],[-82.833,31.775],[-82.825,31.776],[-82.775,31.781],[-82.725,31.785],[-82.675,31.789],[-82.625,31.792],[-82.575,31.795],[-82.525,31.798],[-82.475,31.8],[-82.425,31.801],[-82.375,31.802],[-82.325,31.802],[-82.275,31.801],[-82.225,31.8],[-82.175,31.797],[-82.125,31.794],[-82.075,31.789],[-82.025,31.784],[-81.975,31.777],[-81.96,31.775],[-81.925,31.77],[-81.875,31.761],[-81.825,31.752],[-81.775,31.742],[-81.725,31.731],[-81.702,31.725],[-81.675,31.718],[-81.625,31.705],[-81.575,31.69],[-81.525,31.675],[-81.524,31.675],[-81.475,31.66],[-81.425,31.645],[-81.375,31.63],[-81.359,31.625],[-81.325,31.615],[-81.275,31.602],[-81.244,31.594]],[[-81.213,31.587],[-81.175,31.579]]]}},{"type":"Feature","properties":{"date":"2003-03-22","label":"22 Mar","yday":81,"tier":"day","major":false},"geometry":{"type":"MultiLineString","coordinates":[[[-94.375,30.227],[-94.325,30.23],[-94.275,30.232],[-94.225,30.235],[-94.175,30.239],[-94.125,30.243],[-94.075,30.248],[-94.025,30.253],[-93.975,30.259],[-93.925,30.265],[-93.878,30.272]],[[-93.614,30.314],[-93.575,30.321],[-93.552,30.325],[-93.525,30.33],[-93.475,30.339],[-93.425,30.347],[-93.375,30.356],[-93.325,30.363],[-93.275,30.37],[-93.232,30.375],[-93.225,30.376],[-93.175,30.38],[-93.125,30.383],[-93.075,30.384],[-93.025,30.383],[-92.975,30.381],[-92.925,30.378],[-92.883,30.375],[-92.875,30.374],[-92.825,30.37],[-92.775,30.364],[-92.725,30.358],[-92.675,30.352],[-92.625,30.346],[-92.606,30.344]],[[-91.044,30.544],[-91.025,30.549],[-90.975,30.566],[-90.945,30.575],[-90.925,30.581],[-90.875,30.596],[-90.825,30.61],[-90.775,30.624],[-90.769,30.625],[-90.725,30.636],[-90.675,30.647],[-90.625,30.658],[-90.575,30.667],[-90.525,30.674],[-90.517,30.675],[-90.475,30.68],[-90.425,30.684],[-90.375,30.687],[-90.325,30.688],[-90.275,30.687],[-90.225,30.685],[-90.175,30.682],[-90.125,30.678],[-90.096,30.675],[-90.075,30.673],[-90.025,30.667],[-89.975,30.66],[-89.925,30.653],[-89.875,30.646],[-89.825,30.638],[-89.775,30.63],[-89.74,30.625],[-89.725,30.623],[-89.675,30.615],[-89.625,30.608],[-89.575,30.601],[-89.525,30.594],[-89.475,30.587],[-89.425,30.581],[-89.375,30.575],[-89.375,30.575],[-89.325,30.57],[-89.275,30.565],[-89.225,30.561],[-89.175,30.557],[-89.125,30.554],[-89.075,30.553],[-89.025,30.553],[-88.975,30.554],[-88.925,30.556],[-88.875,30.56],[-88.825,30.565],[-88.775,30.571],[-88.75,30.575],[-88.725,30.579],[-88.675,30.588],[-88.625,30.598],[-88.575,30.609],[-88.525,30.622],[-88.514,30.625],[-88.475,30.636],[-88.425,30.65],[-88.375,30.666],[-88.347,30.675],[-88.325,30.682],[-88.275,30.699],[-88.225,30.715],[-88.197,30.725],[-88.175,30.732],[-88.125,30.75],[-88.075,30.767],[-88.053,30.775],[-88.025,30.785],[-87.975,30.803],[-87.925,30.821],[-87.915,30.825],[-87.875,30.84],[-87.825,30.858],[-87.776,30.875],[-87.775,30.875],[-87.725,30.893],[-87.675,30.91],[-87.629,30.925],[-87.625,30.926],[-87.575,30.942],[-87.525,30.958],[-87.475,30.973],[-87.469,30.975],[-87.425,30.988],[-87.375,31.002],[-87.325,31.016],[-87.294,31.025],[-87.275,31.03],[-87.225,31.044],[-87.175,31.057],[-87.125,31.07],[-87.106,31.075],[-87.075,31.083],[-87.025,31.096],[-86.975,31.109],[-86.925,31.123],[-86.917,31.125],[-86.875,31.136],[-86.825,31.15],[-86.775,31.164],[-86.732,31.175],[-86.725,31.177],[-86.675,31.19],[-86.625,31.202],[-86.575,31.214],[-86.525,31.224],[-86.522,31.225],[-86.475,31.233],[-86.425,31.24],[-86.375,31.244],[-86.325,31.245],[-86.275,31.244],[-86.225,31.241],[-86.175,31.237],[-86.125,31.233],[-86.075,31.229],[-86.033,31.225],[-86.025,31.224],[-85.975,31.22],[-85.925,31.217],[-85.875,31.215],[-85.825,31.213],[-85.775,31.214],[-85.725,31.216],[-85.675,31.221],[-85.648,31.225],[-85.625,31.228],[-85.575,31.238],[-85.525,31.249],[-85.475,31.262],[-85.428,31.275],[-85.425,31.276],[-85.375,31.291],[-85.325,31.308],[-85.275,31.325],[-85.275,31.325],[-85.225,31.343],[-85.175,31.361],[-85.136,31.375],[-85.125,31.379],[-85.075,31.397],[-85.025,31.415],[-84.996,31.425],[-84.975,31.432],[-84.925,31.45],[-84.875,31.466],[-84.848,31.475],[-84.825,31.483],[-84.775,31.498],[-84.725,31.513],[-84.686,31.525],[-84.675,31.528],[-84.625,31.542],[-84.575,31.556],[-84.525,31.57],[-84.504,31.575],[-84.475,31.583],[-84.425,31.595],[-84.375,31.607],[-84.325,31.619],[-84.302,31.625],[-84.275,31.631],[-84.225,31.643],[-84.175,31.654],[-84.125,31.665],[-84.081,31.675],[-84.075,31.676],[-84.025,31.687],[-83.975,31.698],[-83.925,31.709],[-83.875,31.719],[-83.848,31.725],[-83.825,31.73],[-83.775,31.74],[-83.725,31.75],[-83.675,31.76],[-83.625,31.77],[-83.602,31.775],[-83.575,31.78],[-83.525,31.79],[-83.475,31.8],[-83.425,31.809],[-83.375,31.818],[-83.337,31.825],[-83.325,31.827],[-83.275,31.836],[-83.225,31.845],[-83.175,31.853],[-83.125,31.861],[-83.075,31.869],[-83.036,31.875],[-83.025,31.877],[-82.975,31.884],[-82.925,31.891],[-82.875,31.898],[-82.825,31.904],[-82.775,31.911],[-82.725,31.917],[-82.675,31.922],[-82.648,31.925],[-82.625,31.927],[-82.575,31.932],[-82.525,31.937],[-82.475,31.94],[-82.425,31.943],[-82.375,31.946],[-82.325,31.947],[-82.275,31.948],[-82.225,31.948],[-82.175,31.947],[-82.125,31.945],[-82.075,31.942],[-82.025,31.939],[-81.975,31.935],[-81.925,31.93],[-81.875,31.925],[-81.875,31.925],[-81.825,31.919],[-81.775,31.912],[-81.725,31.905],[-81.675,31.897],[-81.625,31.888],[-81.575,31.878],[-81.562,31.875],[-81.525,31.866],[-81.475,31.853],[-81.425,31.84],[-81.375,31.827],[-81.366,31.825],[-81.325,31.814],[-81.275,31.802],[-81.225,31.79],[-81.175,31.78],[-81.148,31.775]]]}},{"type":"Feature","properties":{"date":"2003-03-23","label":"23 Mar","yday":82,"tier":"day","major":false},"geometry":{"type":"MultiLineString","coordinates":[[[-94.825,30.343],[-94.775,30.343],[-94.725,30.342],[-94.675,30.342]],[[-94.442,30.342],[-94.425,30.343],[-94.375,30.344],[-94.325,30.345],[-94.275,30.347],[-94.225,30.35],[-94.175,30.353],[-94.125,30.357],[-94.075,30.361],[-94.025,30.366],[-93.975,30.372],[-93.949,30.375],[-93.925,30.378],[-93.875,30.385],[-93.825,30.392],[-93.775,30.399],[-93.725,30.407],[-93.675,30.416],[-93.625,30.425],[-93.623,30.425],[-93.575,30.433],[-93.525,30.442],[-93.475,30.45],[-93.425,30.458],[-93.375,30.466],[-93.325,30.473],[-93.308,30.475],[-93.275,30.479],[-93.225,30.484],[-93.175,30.488],[-93.125,30.49],[-93.075,30.492],[-93.025,30.492],[-92.975,30.491],[-92.925,30.489],[-92.875,30.487],[-92.825,30.483],[-92.775,30.479],[-92.725,30.475],[-92.724,30.475],[-92.675,30.47],[-92.625,30.466],[-92.575,30.461],[-92.525,30.456],[-92.475,30.451]],[[-91.141,30.641],[-91.125,30.646],[-91.075,30.661],[-91.028,30.675],[-91.025,30.676],[-90.975,30.69],[-90.925,30.704],[-90.875,30.717],[-90.845,30.725],[-90.825,30.73],[-90.775,30.742],[-90.725,30.753],[-90.675,30.763],[-90.625,30.772],[-90.603,30.775],[-90.575,30.779],[-90.525,30.786],[-90.475,30.791],[-90.425,30.795],[-90.375,30.797],[-90.325,30.799],[-90.275,30.799],[-90.225,30.798],[-90.175,30.795],[-90.125,30.792],[-90.075,30.789],[-90.025,30.784],[-89.975,30.779],[-89.942,30.775],[-89.925,30.773],[-89.875,30.767],[-89.825,30.761],[-89.775,30.754],[-89.725,30.748],[-89.675,30.741],[-89.625,30.735],[-89.575,30.729],[-89.544,30.725],[-89.525,30.723],[-89.475,30.717],[-89.425,30.712],[-89.375,30.707],[-89.325,30.703],[-89.275,30.7],[-89.225,30.697],[-89.175,30.695],[-89.125,30.694],[-89.075,30.694],[-89.025,30.695],[-88.975,30.697],[-88.925,30.701],[-88.875,30.706],[-88.825,30.712],[-88.775,30.72],[-88.745,30.725],[-88.725,30.728],[-88.675,30.738],[-88.625,30.75],[-88.575,30.762],[-88.526,30.775],[-88.525,30.775],[-88.475,30.79],[-88.425,30.805],[-88.375,30.82],[-88.36,30.825],[-88.325,30.837],[-88.275,30.853],[-88.225,30.87],[-88.21,30.875],[-88.175,30.887],[-88.125,30.905],[-88.075,30.922],[-88.067,30.925],[-88.025,30.94],[-87.975,30.958],[-87.927,30.975],[-87.925,30.976],[-87.875,30.993],[-87.825,31.011],[-87.783,31.025],[-87.775,31.028],[-87.725,31.045],[-87.675,31.061],[-87.632,31.075],[-87.625,31.077],[-87.575,31.093],[-87.525,31.108],[-87.475,31.123],[-87.469,31.125],[-87.425,31.138],[-87.375,31.152],[-87.325,31.165],[-87.29,31.175],[-87.275,31.179],[-87.225,31.192],[-87.175,31.206],[-87.125,31.219],[-87.102,31.225],[-87.075,31.232],[-87.025,31.246],[-86.975,31.261],[-86.926,31.275],[-86.925,31.275],[-86.875,31.291],[-86.825,31.306],[-86.775,31.321],[-86.762,31.325],[-86.725,31.336],[-86.675,31.35],[-86.625,31.363],[-86.575,31.374],[-86.57,31.375],[-86.525,31.384],[-86.475,31.391],[-86.425,31.397],[-86.375,31.4],[-86.325,31.4],[-86.275,31.399],[-86.225,31.395],[-86.175,31.391],[-86.125,31.386],[-86.075,31.381],[-86.025,31.376],[-86.013,31.375],[-85.975,31.371],[-85.925,31.367],[-85.875,31.364],[-85.825,31.362],[-85.775,31.362],[-85.725,31.363],[-85.675,31.368],[-85.625,31.375],[-85.622,31.375],[-85.575,31.383],[-85.525,31.394],[-85.475,31.405],[-85.425,31.418],[-85.402,31.425],[-85.375,31.432],[-85.325,31.447],[-85.275,31.463],[-85.236,31.475],[-85.225,31.478],[-85.175,31.494],[-85.125,31.51],[-85.079,31.525],[-85.075,31.526],[-85.025,31.542],[-84.975,31.557],[-84.925,31.573],[-84.918,31.575],[-84.875,31.588],[-84.825,31.603],[-84.775,31.617],[-84.747,31.625],[-84.725,31.631],[-84.675,31.645],[-84.625,31.658],[-84.575,31.671],[-84.56,31.675],[-84.525,31.684],[-84.475,31.696],[-84.425,31.709],[-84.375,31.721],[-84.357,31.725],[-84.325,31.732],[-84.275,31.744],[-84.225,31.755],[-84.175,31.767],[-84.137,31.775],[-84.125,31.778],[-84.075,31.789],[-84.025,31.799],[-83.975,31.81],[-83.925,31.821],[-83.906,31.825],[-83.875,31.832],[-83.825,31.842],[-83.775,31.853],[-83.725,31.863],[-83.675,31.873],[-83.667,31.875],[-83.625,31.884],[-83.575,31.894],[-83.525,31.904],[-83.475,31.914],[-83.425,31.923],[-83.417,31.925],[-83.375,31.933],[-83.325,31.942],[-83.275,31.952],[-83.225,31.961],[-83.175,31.97],[-83.147,31.975],[-83.125,31.979],[-83.075,31.987],[-83.025,31.996],[-82.975,32.004],[-82.925,32.012],[-82.875,32.02],[-82.845,32.025],[-82.825,32.028],[-82.775,32.035],[-82.725,32.043],[-82.675,32.05],[-82.625,32.056],[-82.575,32.063],[-82.525,32.069],[-82.475,32.074],[-82.467,32.075],[-82.425,32.079],[-82.375,32.083],[-82.325,32.085],[-82.275,32.087],[-82.225,32.088],[-82.175,32.088],[-82.125,32.088],[-82.075,32.086],[-82.025,32.085],[-81.975,32.082],[-81.925,32.079],[-81.875,32.076],[-81.868,32.075],[-81.825,32.071],[-81.775,32.067],[-81.725,32.061],[-81.675,32.055],[-81.625,32.049],[-81.575,32.041],[-81.525,32.033],[-81.481,32.025],[-81.475,32.024],[-81.425,32.014],[-81.375,32.004],[-81.325,31.994],[-81.275,31.984],[-81.229,31.975],[-81.225,31.974],[-81.175,31.966],[-81.125,31.958],[-81.075,31.952],[-81.025,31.947],[-80.975,31.942],[-80.959,31.941]]]}},{"type":"Feature","properties":{"date":"2003-03-24","label":"24 Mar","yday":83,"tier":"day","major":false},"geometry":{"type":"MultiLineString","coordinates":[[[-94.825,30.467],[-94.775,30.466],[-94.725,30.464],[-94.714,30.464]],[[-94.475,30.459],[-94.425,30.459],[-94.375,30.459],[-94.325,30.46],[-94.275,30.461],[-94.225,30.463],[-94.175,30.465],[-94.125,30.469],[-94.075,30.472],[-94.046,30.475],[-94.025,30.477],[-93.975,30.482],[-93.925,30.488],[-93.875,30.495],[-93.825,30.502],[-93.775,30.509],[-93.725,30.517],[-93.68,30.525],[-93.675,30.526],[-93.625,30.534],[-93.575,30.543],[-93.525,30.551],[-93.475,30.559],[-93.425,30.567],[-93.375,30.574],[-93.369,30.575],[-93.325,30.581],[-93.275,30.586],[-93.225,30.591],[-93.175,30.594],[-93.125,30.597],[-93.075,30.599],[-93.025,30.599],[-92.975,30.599],[-92.925,30.598],[-92.875,30.596],[-92.825,30.594],[-92.775,30.591],[-92.725,30.588],[-92.675,30.585],[-92.625,30.581],[-92.575,30.577],[-92.54,30.575],[-92.525,30.574],[-92.475,30.571],[-92.432,30.568]],[[-91.225,30.741],[-91.175,30.755],[-91.125,30.769],[-91.105,30.775],[-91.075,30.783],[-91.025,30.797],[-90.975,30.81],[-90.925,30.823],[-90.915,30.825],[-90.875,30.835],[-90.825,30.846],[-90.775,30.857],[-90.725,30.866],[-90.676,30.875],[-90.675,30.875],[-90.625,30.883],[-90.575,30.89],[-90.525,30.896],[-90.475,30.901],[-90.425,30.905],[-90.375,30.907],[-90.325,30.909],[-90.275,30.91],[-90.225,30.909],[-90.175,30.908],[-90.125,30.906],[-90.075,30.904],[-90.025,30.9],[-89.975,30.897],[-89.925,30.892],[-89.875,30.888],[-89.825,30.883],[-89.775,30.878],[-89.747,30.875],[-89.725,30.873],[-89.675,30.868],[-89.625,30.863],[-89.575,30.858],[-89.525,30.854],[-89.475,30.849],[-89.425,30.846],[-89.375,30.843],[-89.325,30.84],[-89.275,30.838],[-89.225,30.837],[-89.175,30.837],[-89.125,30.837],[-89.075,30.839],[-89.025,30.842],[-88.975,30.846],[-88.925,30.851],[-88.875,30.857],[-88.825,30.865],[-88.775,30.873],[-88.766,30.875],[-88.725,30.883],[-88.675,30.894],[-88.625,30.906],[-88.575,30.919],[-88.553,30.925],[-88.525,30.933],[-88.475,30.948],[-88.425,30.963],[-88.387,30.975],[-88.375,30.979],[-88.325,30.995],[-88.275,31.012],[-88.237,31.025],[-88.225,31.029],[-88.175,31.047],[-88.125,31.064],[-88.094,31.075],[-88.075,31.082],[-88.025,31.1],[-87.975,31.117],[-87.953,31.125],[-87.925,31.135],[-87.875,31.152],[-87.825,31.17],[-87.809,31.175],[-87.775,31.186],[-87.725,31.203],[-87.675,31.219],[-87.657,31.225],[-87.625,31.235],[-87.575,31.251],[-87.525,31.266],[-87.493,31.275],[-87.475,31.28],[-87.425,31.295],[-87.375,31.308],[-87.325,31.322],[-87.313,31.325],[-87.275,31.335],[-87.225,31.348],[-87.175,31.361],[-87.125,31.374],[-87.122,31.375],[-87.075,31.388],[-87.025,31.403],[-86.975,31.419],[-86.956,31.425],[-86.925,31.436],[-86.875,31.452],[-86.825,31.468],[-86.802,31.475],[-86.775,31.483],[-86.725,31.497],[-86.675,31.51],[-86.625,31.521],[-86.604,31.525],[-86.575,31.53],[-86.525,31.538],[-86.475,31.543],[-86.425,31.547],[-86.375,31.549],[-86.325,31.549],[-86.275,31.547],[-86.225,31.544],[-86.175,31.541],[-86.125,31.536],[-86.075,31.532],[-86.025,31.527],[-85.998,31.525],[-85.975,31.523],[-85.925,31.519],[-85.875,31.517],[-85.825,31.515],[-85.775,31.515],[-85.725,31.517],[-85.675,31.52],[-85.631,31.525],[-85.625,31.526],[-85.575,31.532],[-85.525,31.541],[-85.475,31.55],[-85.425,31.561],[-85.375,31.573],[-85.366,31.575],[-85.325,31.585],[-85.275,31.598],[-85.225,31.611],[-85.175,31.625],[-85.173,31.625],[-85.125,31.638],[-85.075,31.652],[-85.025,31.666],[-84.991,31.675],[-84.975,31.679],[-84.925,31.693],[-84.875,31.706],[-84.825,31.72],[-84.805,31.725],[-84.775,31.733],[-84.725,31.746],[-84.675,31.758],[-84.625,31.771],[-84.609,31.775],[-84.575,31.783],[-84.525,31.795],[-84.475,31.807],[-84.425,31.819],[-84.399,31.825],[-84.375,31.83],[-84.325,31.842],[-84.275,31.853],[-84.225,31.864],[-84.176,31.875],[-84.175,31.875],[-84.125,31.886],[-84.075,31.897],[-84.025,31.908],[-83.975,31.919],[-83.945,31.925],[-83.925,31.929],[-83.875,31.94],[-83.825,31.951],[-83.775,31.961],[-83.725,31.972],[-83.71,31.975],[-83.675,31.982],[-83.625,31.993],[-83.575,32.003],[-83.525,32.013],[-83.475,32.024],[-83.469,32.025],[-83.425,32.034],[-83.375,32.044],[-83.325,32.054],[-83.275,32.064],[-83.225,32.073],[-83.216,32.075],[-83.175,32.083],[-83.125,32.092],[-83.075,32.102],[-83.025,32.111],[-82.975,32.12],[-82.946,32.125],[-82.925,32.129],[-82.875,32.137],[-82.825,32.146],[-82.775,32.154],[-82.725,32.163],[-82.675,32.171],[-82.648,32.175],[-82.625,32.178],[-82.575,32.186],[-82.525,32.193],[-82.475,32.199],[-82.425,32.205],[-82.375,32.21],[-82.325,32.214],[-82.275,32.216],[-82.225,32.218],[-82.175,32.22],[-82.125,32.22],[-82.075,32.22],[-82.025,32.22],[-81.975,32.219],[-81.925,32.218],[-81.875,32.216],[-81.825,32.213],[-81.775,32.211],[-81.725,32.207],[-81.675,32.203],[-81.625,32.199],[-81.575,32.194],[-81.525,32.188],[-81.475,32.182],[-81.425,32.176],[-81.42,32.175],[-81.375,32.169],[-81.325,32.162],[-81.275,32.155],[-81.225,32.149],[-81.175,32.143],[-81.125,32.139],[-81.075,32.135],[-81.025,32.132],[-80.975,32.13],[-80.925,32.129],[-80.875,32.129],[-80.871,32.129]]]}},{"type":"Feature","properties":{"date":"2003-03-25","label":"25 Mar","yday":84,"tier":"day","major":false},"geometry":{"type":"MultiLineString","coordinates":[[[-94.584,30.584],[-94.575,30.583],[-94.525,30.581],[-94.475,30.579],[-94.425,30.577],[-94.375,30.576],[-94.325,30.576],[-94.275,30.576],[-94.225,30.576],[-94.175,30.578],[-94.125,30.58],[-94.075,30.583],[-94.025,30.587],[-93.975,30.592],[-93.925,30.598],[-93.875,30.604],[-93.825,30.611],[-93.775,30.619],[-93.739,30.625],[-93.725,30.627],[-93.675,30.636],[-93.625,30.644],[-93.575,30.653],[-93.525,30.661],[-93.475,30.669],[-93.434,30.675],[-93.425,30.676],[-93.375,30.683],[-93.325,30.689],[-93.275,30.694],[-93.225,30.699],[-93.175,30.702],[-93.125,30.705],[-93.075,30.707],[-93.025,30.707],[-92.975,30.708],[-92.925,30.707],[-92.875,30.706],[-92.825,30.704],[-92.775,30.702],[-92.725,30.7],[-92.675,30.697],[-92.625,30.694],[-92.575,30.692],[-92.525,30.69],[-92.475,30.688],[-92.425,30.686],[-92.375,30.685],[-92.325,30.684],[-92.275,30.684],[-92.225,30.684],[-92.175,30.686],[-92.164,30.686]],[[-91.295,30.845],[-91.275,30.85],[-91.225,30.863],[-91.181,30.875],[-91.175,30.877],[-91.125,30.89],[-91.075,30.902],[-91.025,30.915],[-90.983,30.925],[-90.975,30.927],[-90.925,30.938],[-90.875,30.949],[-90.825,30.96],[-90.775,30.969],[-90.745,30.975],[-90.725,30.979],[-90.675,30.987],[-90.625,30.994],[-90.575,31.001],[-90.525,31.007],[-90.475,31.011],[-90.425,31.015],[-90.375,31.018],[-90.325,31.02],[-90.275,31.021],[-90.225,31.022],[-90.175,31.022],[-90.125,31.021],[-90.075,31.019],[-90.025,31.017],[-89.975,31.015],[-89.925,31.012],[-89.875,31.009],[-89.825,31.005],[-89.775,31.002],[-89.725,30.998],[-89.675,30.995],[-89.625,30.992],[-89.575,30.989],[-89.525,30.986],[-89.475,30.983],[-89.425,30.981],[-89.375,30.98],[-89.325,30.979],[-89.275,30.979],[-89.225,30.98],[-89.175,30.981],[-89.125,30.984],[-89.075,30.987],[-89.025,30.992],[-88.975,30.997],[-88.925,31.004],[-88.875,31.012],[-88.825,31.021],[-88.803,31.025],[-88.775,31.031],[-88.725,31.042],[-88.675,31.054],[-88.625,31.067],[-88.594,31.075],[-88.575,31.08],[-88.525,31.095],[-88.475,31.11],[-88.429,31.125],[-88.425,31.126],[-88.375,31.143],[-88.325,31.16],[-88.28,31.175],[-88.275,31.177],[-88.225,31.194],[-88.175,31.212],[-88.139,31.225],[-88.125,31.23],[-88.075,31.248],[-88.025,31.266],[-88.001,31.275],[-87.975,31.284],[-87.925,31.302],[-87.875,31.32],[-87.86,31.325],[-87.825,31.337],[-87.775,31.354],[-87.725,31.371],[-87.713,31.375],[-87.675,31.387],[-87.625,31.404],[-87.575,31.419],[-87.556,31.425],[-87.525,31.435],[-87.475,31.45],[-87.425,31.464],[-87.387,31.475],[-87.375,31.479],[-87.325,31.493],[-87.275,31.507],[-87.225,31.521],[-87.211,31.525],[-87.175,31.536],[-87.125,31.551],[-87.075,31.566],[-87.046,31.575],[-87.025,31.582],[-86.975,31.598],[-86.925,31.614],[-86.888,31.625],[-86.875,31.629],[-86.825,31.643],[-86.775,31.656],[-86.725,31.668],[-86.69,31.675],[-86.675,31.678],[-86.625,31.687],[-86.575,31.694],[-86.525,31.699],[-86.475,31.702],[-86.425,31.704],[-86.375,31.704],[-86.325,31.703],[-86.275,31.7],[-86.225,31.697],[-86.175,31.692],[-86.125,31.688],[-86.075,31.683],[-86.025,31.678],[-85.983,31.675],[-85.975,31.674],[-85.925,31.671],[-85.875,31.669],[-85.825,31.667],[-85.775,31.667],[-85.725,31.668],[-85.675,31.671],[-85.625,31.674],[-85.619,31.675],[-85.575,31.679],[-85.525,31.685],[-85.475,31.693],[-85.425,31.701],[-85.375,31.71],[-85.325,31.72],[-85.299,31.725],[-85.275,31.73],[-85.225,31.741],[-85.175,31.752],[-85.125,31.763],[-85.075,31.775],[-85.074,31.775],[-85.025,31.787],[-84.975,31.798],[-84.925,31.81],[-84.875,31.822],[-84.864,31.825],[-84.825,31.834],[-84.775,31.846],[-84.725,31.858],[-84.675,31.87],[-84.652,31.875],[-84.625,31.881],[-84.575,31.893],[-84.525,31.904],[-84.475,31.915],[-84.432,31.925],[-84.425,31.927],[-84.375,31.938],[-84.325,31.948],[-84.275,31.959],[-84.225,31.97],[-84.202,31.975],[-84.175,31.981],[-84.125,31.992],[-84.075,32.002],[-84.025,32.013],[-83.975,32.024],[-83.969,32.025],[-83.925,32.034],[-83.875,32.045],[-83.825,32.056],[-83.775,32.067],[-83.736,32.075],[-83.725,32.077],[-83.675,32.088],[-83.625,32.099],[-83.575,32.109],[-83.525,32.12],[-83.501,32.125],[-83.475,32.13],[-83.425,32.141],[-83.375,32.151],[-83.325,32.162],[-83.275,32.172],[-83.26,32.175],[-83.225,32.182],[-83.175,32.192],[-83.125,32.202],[-83.075,32.212],[-83.025,32.221],[-83.006,32.225],[-82.975,32.231],[-82.925,32.24],[-82.875,32.25],[-82.825,32.259],[-82.775,32.268],[-82.735,32.275],[-82.725,32.277],[-82.675,32.285],[-82.625,32.293],[-82.575,32.301],[-82.525,32.309],[-82.475,32.315],[-82.425,32.322],[-82.396,32.325],[-82.375,32.327],[-82.325,32.332],[-82.275,32.336],[-82.225,32.339],[-82.175,32.342],[-82.125,32.344],[-82.075,32.346],[-82.025,32.347],[-81.975,32.348],[-81.925,32.348],[-81.875,32.348],[-81.825,32.348],[-81.775,32.347],[-81.725,32.346],[-81.675,32.344],[-81.625,32.343],[-81.575,32.34],[-81.525,32.338],[-81.475,32.335],[-81.425,32.332],[-81.375,32.329],[-81.325,32.326],[-81.311,32.325],[-81.275,32.323],[-81.225,32.32],[-81.175,32.318],[-81.125,32.317],[-81.075,32.316],[-81.025,32.315],[-80.975,32.316],[-80.925,32.316],[-80.875,32.318],[-80.825,32.319],[-80.82,32.32]],[[-80.673,32.327],[-80.625,32.33],[-80.575,32.333],[-80.525,32.336],[-80.488,32.338]]]}},{"type":"Feature","properties":{"date":"2003-03-26","label":"26 Mar","yday":85,"tier":"five","major":false},"geometry":{"type":"MultiLineString","coordinates":[[[-94.725,30.725],[-94.675,30.72],[-94.625,30.716],[-94.575,30.712],[-94.525,30.708],[-94.475,30.704],[-94.425,30.701],[-94.375,30.698],[-94.325,30.696],[-94.275,30.694],[-94.225,30.693],[-94.175,30.693],[-94.125,30.694],[-94.075,30.696],[-94.025,30.699],[-93.975,30.704],[-93.925,30.709],[-93.875,30.716],[-93.825,30.723],[-93.815,30.725],[-93.775,30.732],[-93.725,30.74],[-93.675,30.749],[-93.625,30.757],[-93.575,30.766],[-93.525,30.774],[-93.518,30.775],[-93.475,30.782],[-93.425,30.789],[-93.375,30.795],[-93.325,30.801],[-93.275,30.806],[-93.225,30.81],[-93.175,30.813],[-93.125,30.816],[-93.075,30.817],[-93.025,30.818],[-92.975,30.818],[-92.925,30.817],[-92.875,30.816],[-92.825,30.815],[-92.775,30.813],[-92.725,30.811],[-92.675,30.809],[-92.625,30.807],[-92.575,30.806],[-92.525,30.804],[-92.475,30.803],[-92.425,30.802],[-92.375,30.802],[-92.325,30.803],[-92.275,30.804],[-92.225,30.805],[-92.175,30.808],[-92.125,30.811]],[[-91.325,30.959],[-91.275,30.971],[-91.26,30.975],[-91.225,30.984],[-91.175,30.996],[-91.125,31.008],[-91.075,31.02],[-91.052,31.025],[-91.025,31.031],[-90.975,31.042],[-90.925,31.053],[-90.875,31.063],[-90.825,31.073],[-90.814,31.075],[-90.775,31.082],[-90.725,31.091],[-90.675,31.098],[-90.625,31.106],[-90.575,31.112],[-90.525,31.118],[-90.475,31.123],[-90.447,31.125],[-90.425,31.127],[-90.375,31.13],[-90.325,31.133],[-90.275,31.134],[-90.225,31.136],[-90.175,31.136],[-90.125,31.136],[-90.075,31.136],[-90.025,31.135],[-89.975,31.134],[-89.925,31.133],[-89.875,31.131],[-89.825,31.129],[-89.775,31.127],[-89.725,31.125],[-89.718,31.125],[-89.675,31.123],[-89.625,31.122],[-89.575,31.12],[-89.525,31.119],[-89.475,31.119],[-89.425,31.119],[-89.375,31.119],[-89.325,31.12],[-89.275,31.122],[-89.225,31.125],[-89.219,31.125],[-89.175,31.128],[-89.125,31.133],[-89.075,31.138],[-89.025,31.145],[-88.975,31.152],[-88.925,31.161],[-88.875,31.17],[-88.851,31.175],[-88.825,31.181],[-88.775,31.192],[-88.725,31.205],[-88.675,31.218],[-88.65,31.225],[-88.625,31.232],[-88.575,31.247],[-88.525,31.263],[-88.487,31.275],[-88.475,31.279],[-88.425,31.296],[-88.375,31.314],[-88.343,31.325],[-88.325,31.331],[-88.275,31.35],[-88.225,31.368],[-88.206,31.375],[-88.175,31.387],[-88.125,31.406],[-88.075,31.424],[-88.073,31.425],[-88.025,31.443],[-87.975,31.462],[-87.94,31.475],[-87.925,31.481],[-87.875,31.499],[-87.825,31.517],[-87.803,31.525],[-87.775,31.535],[-87.725,31.553],[-87.675,31.57],[-87.66,31.575],[-87.625,31.587],[-87.575,31.604],[-87.525,31.62],[-87.51,31.625],[-87.475,31.636],[-87.425,31.652],[-87.375,31.668],[-87.354,31.675],[-87.325,31.684],[-87.275,31.7],[-87.225,31.716],[-87.195,31.725],[-87.175,31.731],[-87.125,31.747],[-87.075,31.762],[-87.033,31.775],[-87.025,31.777],[-86.975,31.792],[-86.925,31.806],[-86.875,31.819],[-86.849,31.825],[-86.825,31.831],[-86.775,31.841],[-86.725,31.851],[-86.675,31.859],[-86.625,31.865],[-86.575,31.869],[-86.525,31.872],[-86.475,31.874],[-86.425,31.873],[-86.375,31.871],[-86.325,31.868],[-86.275,31.864],[-86.225,31.858],[-86.175,31.852],[-86.125,31.845],[-86.075,31.839],[-86.025,31.832],[-85.975,31.827],[-85.945,31.825],[-85.925,31.823],[-85.875,31.82],[-85.825,31.818],[-85.775,31.817],[-85.725,31.817],[-85.675,31.818],[-85.625,31.82],[-85.575,31.823],[-85.544,31.825],[-85.525,31.826],[-85.475,31.831],[-85.425,31.837],[-85.375,31.843],[-85.325,31.851],[-85.275,31.859],[-85.225,31.867],[-85.18,31.875],[-85.175,31.876],[-85.125,31.885],[-85.075,31.895],[-85.025,31.905],[-84.975,31.915],[-84.928,31.925],[-84.925,31.926],[-84.875,31.936],[-84.825,31.947],[-84.775,31.957],[-84.725,31.968],[-84.693,31.975],[-84.675,31.979],[-84.625,31.99],[-84.575,32.0],[-84.525,32.011],[-84.475,32.021],[-84.457,32.025],[-84.425,32.032],[-84.375,32.042],[-84.325,32.053],[-84.275,32.063],[-84.225,32.073],[-84.217,32.075],[-84.175,32.084],[-84.125,32.094],[-84.075,32.105],[-84.025,32.115],[-83.98,32.125],[-83.975,32.126],[-83.925,32.137],[-83.875,32.147],[-83.825,32.158],[-83.775,32.169],[-83.747,32.175],[-83.725,32.18],[-83.675,32.191],[-83.625,32.202],[-83.575,32.213],[-83.525,32.223],[-83.518,32.225],[-83.475,32.234],[-83.425,32.245],[-83.375,32.256],[-83.325,32.266],[-83.284,32.275],[-83.275,32.277],[-83.225,32.287],[-83.175,32.298],[-83.125,32.308],[-83.075,32.318],[-83.041,32.325],[-83.025,32.328],[-82.975,32.338],[-82.925,32.348],[-82.875,32.358],[-82.825,32.367],[-82.783,32.375],[-82.775,32.377],[-82.725,32.386],[-82.675,32.394],[-82.625,32.403],[-82.575,32.411],[-82.525,32.419],[-82.482,32.425],[-82.475,32.426],[-82.425,32.433],[-82.375,32.439],[-82.325,32.445],[-82.275,32.45],[-82.225,32.454],[-82.175,32.459],[-82.125,32.462],[-82.075,32.466],[-82.025,32.469],[-81.975,32.471],[-81.925,32.473],[-81.887,32.475],[-81.875,32.475],[-81.825,32.477],[-81.775,32.478],[-81.725,32.48],[-81.675,32.48],[-81.625,32.481],[-81.575,32.482],[-81.525,32.482],[-81.475,32.482],[-81.425,32.483],[-81.375,32.483],[-81.325,32.483],[-81.275,32.484],[-81.225,32.485],[-81.175,32.486],[-81.125,32.487],[-81.075,32.489],[-81.025,32.491],[-80.975,32.494],[-80.925,32.497],[-80.875,32.5],[-80.825,32.504],[-80.775,32.508],[-80.725,32.512],[-80.675,32.517],[-80.625,32.522],[-80.59,32.525],[-80.575,32.526],[-80.573,32.527]],[[-80.485,32.535],[-80.475,32.536],[-80.425,32.54],[-80.375,32.544],[-80.325,32.548],[-80.275,32.551],[-80.247,32.553]]]}},{"type":"Feature","properties":{"date":"2003-03-27","label":"27 Mar","yday":86,"tier":"day","major":false},"geometry":{"type":"MultiLineString","coordinates":[[[-95.175,30.93],[-95.139,30.925],[-95.125,30.923],[-95.075,30.916],[-95.025,30.91],[-94.975,30.903],[-94.925,30.896],[-94.875,30.889],[-94.825,30.883],[-94.775,30.876],[-94.769,30.875],[-94.725,30.869],[-94.675,30.863],[-94.625,30.857],[-94.575,30.85],[-94.525,30.844],[-94.475,30.839],[-94.425,30.833],[-94.375,30.828],[-94.338,30.825],[-94.325,30.824],[-94.275,30.82],[-94.225,30.817],[-94.175,30.815],[-94.125,30.814],[-94.075,30.815],[-94.025,30.817],[-93.975,30.822],[-93.946,30.825],[-93.925,30.828],[-93.875,30.835],[-93.825,30.843],[-93.775,30.851],[-93.725,30.86],[-93.675,30.869],[-93.637,30.875],[-93.625,30.877],[-93.575,30.886],[-93.525,30.893],[-93.475,30.901],[-93.425,30.907],[-93.375,30.913],[-93.325,30.919],[-93.275,30.923],[-93.246,30.925],[-93.225,30.926],[-93.175,30.929],[-93.125,30.931],[-93.075,30.932],[-93.025,30.932],[-92.975,30.931],[-92.925,30.93],[-92.875,30.929],[-92.825,30.927],[-92.775,30.926],[-92.754,30.925],[-92.725,30.924],[-92.675,30.922],[-92.625,30.921],[-92.575,30.92],[-92.525,30.919],[-92.475,30.919],[-92.425,30.919],[-92.375,30.92],[-92.325,30.921],[-92.275,30.923],[-92.234,30.925],[-92.225,30.925],[-92.175,30.929],[-92.132,30.932]],[[-91.375,31.068],[-91.345,31.075],[-91.325,31.08],[-91.275,31.091],[-91.225,31.103],[-91.175,31.114],[-91.128,31.125],[-91.125,31.126],[-91.075,31.137],[-91.025,31.147],[-90.975,31.158],[-90.925,31.168],[-90.887,31.175],[-90.875,31.177],[-90.825,31.186],[-90.775,31.195],[-90.725,31.203],[-90.675,31.211],[-90.625,31.218],[-90.575,31.224],[-90.568,31.225],[-90.525,31.23],[-90.475,31.235],[-90.425,31.239],[-90.375,31.243],[-90.325,31.246],[-90.275,31.249],[-90.225,31.251],[-90.175,31.252],[-90.125,31.254],[-90.075,31.254],[-90.025,31.255],[-89.975,31.255],[-89.925,31.255],[-89.875,31.255],[-89.825,31.255],[-89.775,31.254],[-89.725,31.254],[-89.675,31.254],[-89.625,31.254],[-89.575,31.255],[-89.525,31.255],[-89.475,31.257],[-89.425,31.258],[-89.375,31.261],[-89.325,31.264],[-89.275,31.268],[-89.225,31.273],[-89.204,31.275],[-89.175,31.278],[-89.125,31.285],[-89.075,31.293],[-89.025,31.301],[-88.975,31.311],[-88.925,31.322],[-88.91,31.325],[-88.875,31.333],[-88.825,31.346],[-88.775,31.359],[-88.725,31.373],[-88.719,31.375],[-88.675,31.388],[-88.625,31.404],[-88.575,31.421],[-88.563,31.425],[-88.525,31.438],[-88.475,31.456],[-88.425,31.475],[-88.425,31.475],[-88.375,31.494],[-88.325,31.513],[-88.295,31.525],[-88.275,31.533],[-88.225,31.553],[-88.175,31.573],[-88.17,31.575],[-88.125,31.594],[-88.075,31.614],[-88.047,31.625],[-88.025,31.634],[-87.975,31.654],[-87.925,31.674],[-87.922,31.675],[-87.875,31.694],[-87.825,31.713],[-87.794,31.725],[-87.775,31.732],[-87.725,31.751],[-87.675,31.77],[-87.66,31.775],[-87.625,31.788],[-87.575,31.806],[-87.525,31.823],[-87.519,31.825],[-87.475,31.84],[-87.425,31.857],[-87.375,31.874],[-87.372,31.875],[-87.325,31.89],[-87.275,31.906],[-87.225,31.922],[-87.216,31.925]],[[-86.092,32.008],[-86.075,32.005],[-86.025,31.996],[-85.975,31.988],[-85.925,31.981],[-85.875,31.975],[-85.87,31.975],[-85.825,31.971],[-85.775,31.967],[-85.725,31.964],[-85.675,31.963],[-85.625,31.962],[-85.575,31.962],[-85.525,31.964],[-85.475,31.966],[-85.425,31.969],[-85.375,31.973],[-85.36,31.975],[-85.325,31.978],[-85.275,31.984],[-85.225,31.99],[-85.175,31.997],[-85.125,32.005],[-85.075,32.012],[-85.025,32.021],[-85.001,32.025],[-84.975,32.03],[-84.925,32.038],[-84.875,32.048],[-84.825,32.057],[-84.775,32.067],[-84.733,32.075],[-84.725,32.077],[-84.675,32.086],[-84.625,32.096],[-84.575,32.106],[-84.525,32.115],[-84.476,32.125],[-84.475,32.125],[-84.425,32.135],[-84.375,32.145],[-84.325,32.154],[-84.275,32.164],[-84.225,32.174],[-84.221,32.175],[-84.175,32.184],[-84.125,32.194],[-84.075,32.205],[-84.025,32.215],[-83.978,32.225],[-83.975,32.226],[-83.925,32.236],[-83.875,32.247],[-83.825,32.258],[-83.775,32.269],[-83.748,32.275],[-83.725,32.28],[-83.675,32.291],[-83.625,32.302],[-83.575,32.313],[-83.525,32.325],[-83.523,32.325],[-83.475,32.336],[-83.425,32.347],[-83.375,32.358],[-83.325,32.368],[-83.295,32.375],[-83.275,32.379],[-83.225,32.39],[-83.175,32.401],[-83.125,32.411],[-83.075,32.422],[-83.058,32.425],[-83.025,32.432],[-82.975,32.442],[-82.925,32.452],[-82.875,32.462],[-82.825,32.472],[-82.808,32.475],[-82.775,32.481],[-82.725,32.491],[-82.675,32.5],[-82.625,32.508],[-82.575,32.517],[-82.526,32.525],[-82.525,32.525],[-82.475,32.533],[-82.425,32.54],[-82.375,32.547],[-82.325,32.554],[-82.275,32.56],[-82.225,32.566],[-82.175,32.571],[-82.139,32.575],[-82.125,32.576],[-82.075,32.581],[-82.025,32.586],[-81.975,32.59],[-81.925,32.594],[-81.875,32.598],[-81.825,32.602],[-81.775,32.605],[-81.725,32.609],[-81.675,32.612],[-81.625,32.615],[-81.575,32.618],[-81.525,32.621],[-81.475,32.624],[-81.462,32.625],[-81.425,32.627],[-81.375,32.63],[-81.325,32.634],[-81.275,32.637],[-81.225,32.641],[-81.175,32.645],[-81.125,32.649],[-81.075,32.654],[-81.025,32.658],[-80.975,32.663],[-80.925,32.669],[-80.875,32.674],[-80.868,32.675],[-80.825,32.68],[-80.775,32.686],[-80.725,32.692],[-80.675,32.698],[-80.625,32.704],[-80.575,32.71],[-80.525,32.716],[-80.475,32.722],[-80.451,32.725],[-80.425,32.728],[-80.375,32.733],[-80.325,32.738],[-80.275,32.742],[-80.225,32.746],[-80.175,32.748],[-80.125,32.75],[-80.075,32.751],[-80.025,32.75],[-79.975,32.748],[-79.946,32.746]]]}},{"type":"Feature","properties":{"date":"2003-03-28","label":"28 Mar","yday":87,"tier":"day","major":false},"geometry":{"type":"MultiLineString","coordinates":[[[-94.986,31.075],[-94.975,31.073],[-94.925,31.065],[-94.875,31.056],[-94.825,31.048],[-94.775,31.039],[-94.725,31.03],[-94.694,31.025],[-94.675,31.022],[-94.625,31.014],[-94.575,31.006],[-94.525,30.998],[-94.475,30.99],[-94.425,30.983],[-94.375,30.976],[-94.37,30.975],[-94.325,30.969],[-94.275,30.964],[-94.225,30.959],[-94.175,30.955],[-94.125,30.953],[-94.075,30.952],[-94.025,30.954],[-93.975,30.957],[-93.925,30.963],[-93.875,30.97],[-93.838,30.975],[-93.825,30.977],[-93.775,30.985],[-93.725,30.993],[-93.675,31.001],[-93.625,31.008],[-93.575,31.016],[-93.525,31.022],[-93.504,31.025],[-93.475,31.029],[-93.425,31.034],[-93.375,31.039],[-93.325,31.044],[-93.275,31.047],[-93.225,31.05],[-93.175,31.051],[-93.125,31.052],[-93.075,31.052],[-93.025,31.051],[-92.975,31.05],[-92.925,31.048],[-92.875,31.046],[-92.825,31.044],[-92.775,31.042],[-92.725,31.04],[-92.675,31.038],[-92.625,31.037],[-92.575,31.036],[-92.535,31.035]],[[-91.375,31.19],[-91.325,31.201],[-91.275,31.212],[-91.225,31.223],[-91.214,31.225],[-91.175,31.233],[-91.125,31.244],[-91.075,31.254],[-91.025,31.264],[-90.975,31.274],[-90.969,31.275],[-90.925,31.283],[-90.875,31.292],[-90.825,31.301],[-90.775,31.309],[-90.725,31.317],[-90.675,31.324],[-90.671,31.325],[-90.625,31.331],[-90.575,31.338],[-90.525,31.344],[-90.475,31.349],[-90.425,31.354],[-90.375,31.358],[-90.325,31.362],[-90.275,31.366],[-90.225,31.369],[-90.175,31.371],[-90.125,31.374],[-90.089,31.375],[-90.075,31.376],[-90.025,31.377],[-89.975,31.379],[-89.925,31.381],[-89.875,31.382],[-89.825,31.384],[-89.775,31.385],[-89.725,31.387],[-89.675,31.388],[-89.625,31.39],[-89.575,31.393],[-89.525,31.395],[-89.475,31.399],[-89.425,31.402],[-89.375,31.407],[-89.325,31.412],[-89.275,31.418],[-89.229,31.425],[-89.225,31.426],[-89.175,31.434],[-89.125,31.443],[-89.075,31.453],[-89.025,31.464],[-88.981,31.475],[-88.975,31.476],[-88.925,31.489],[-88.875,31.503],[-88.825,31.518],[-88.803,31.525],[-88.775,31.534],[-88.725,31.551],[-88.675,31.568],[-88.655,31.575],[-88.625,31.586],[-88.575,31.605],[-88.525,31.625],[-88.524,31.625],[-88.475,31.645],[-88.425,31.666],[-88.403,31.675],[-88.375,31.687],[-88.325,31.709],[-88.288,31.725],[-88.275,31.731],[-88.225,31.753],[-88.175,31.775],[-88.175,31.775],[-88.125,31.798],[-88.075,31.82],[-88.063,31.825],[-88.025,31.842],[-87.975,31.863],[-87.947,31.875],[-87.925,31.885],[-87.875,31.905],[-87.827,31.925],[-87.825,31.926],[-87.775,31.946],[-87.754,31.954]],[[-85.648,32.102],[-85.625,32.101],[-85.575,32.098],[-85.525,32.097],[-85.475,32.097],[-85.425,32.098],[-85.375,32.1],[-85.325,32.103],[-85.275,32.106],[-85.225,32.111],[-85.175,32.116],[-85.125,32.121],[-85.096,32.125],[-85.075,32.128],[-85.025,32.135],[-84.975,32.142],[-84.925,32.15],[-84.875,32.158],[-84.825,32.166],[-84.775,32.175],[-84.774,32.175],[-84.725,32.183],[-84.675,32.192],[-84.625,32.201],[-84.575,32.209],[-84.525,32.218],[-84.487,32.225],[-84.475,32.227],[-84.425,32.236],[-84.375,32.245],[-84.325,32.254],[-84.275,32.263],[-84.225,32.273],[-84.214,32.275],[-84.175,32.282],[-84.125,32.292],[-84.075,32.302],[-84.025,32.313],[-83.975,32.323],[-83.966,32.325],[-83.925,32.334],[-83.875,32.345],[-83.825,32.356],[-83.775,32.367],[-83.738,32.375],[-83.725,32.378],[-83.675,32.389],[-83.625,32.401],[-83.575,32.412],[-83.525,32.423],[-83.518,32.425],[-83.475,32.435],[-83.425,32.446],[-83.375,32.457],[-83.325,32.468],[-83.294,32.475],[-83.275,32.479],[-83.225,32.49],[-83.175,32.501],[-83.125,32.512],[-83.075,32.522],[-83.062,32.525],[-83.025,32.533],[-82.975,32.543],[-82.925,32.553],[-82.875,32.564],[-82.825,32.574],[-82.818,32.575],[-82.775,32.583],[-82.725,32.593],[-82.675,32.602],[-82.625,32.611],[-82.575,32.62],[-82.548,32.625],[-82.525,32.629],[-82.475,32.637],[-82.425,32.645],[-82.375,32.653],[-82.325,32.66],[-82.275,32.668],[-82.225,32.675],[-82.222,32.675],[-82.175,32.681],[-82.125,32.688],[-82.075,32.694],[-82.025,32.7],[-81.975,32.706],[-81.925,32.712],[-81.875,32.717],[-81.825,32.723],[-81.806,32.725],[-81.775,32.728],[-81.725,32.734],[-81.675,32.739],[-81.625,32.745],[-81.575,32.75],[-81.525,32.755],[-81.475,32.761],[-81.425,32.767],[-81.375,32.772],[-81.353,32.775],[-81.325,32.778],[-81.275,32.784],[-81.225,32.79],[-81.175,32.797],[-81.125,32.803],[-81.075,32.81],[-81.025,32.817],[-80.975,32.824],[-80.968,32.825],[-80.925,32.831],[-80.875,32.838],[-80.825,32.846],[-80.775,32.853],[-80.725,32.86],[-80.675,32.868],[-80.626,32.875],[-80.625,32.875],[-80.575,32.882],[-80.525,32.889],[-80.475,32.896],[-80.425,32.902],[-80.375,32.907],[-80.325,32.913],[-80.275,32.917],[-80.225,32.921],[-80.175,32.925],[-80.169,32.925],[-80.125,32.927],[-80.075,32.928],[-80.025,32.928],[-79.975,32.925],[-79.969,32.925],[-79.925,32.922],[-79.875,32.917],[-79.825,32.912],[-79.775,32.906],[-79.725,32.9],[-79.675,32.893],[-79.66,32.89]],[[-87.15,32.15],[-87.125,32.156],[-87.075,32.168],[-87.046,32.175],[-87.025,32.18],[-86.975,32.191],[-86.956,32.194]]]}},{"type":"Feature","properties":{"date":"2003-03-29","label":"29 Mar","yday":88,"tier":"day","major":false},"geometry":{"type":"MultiLineString","coordinates":[[[-94.567,31.183],[-94.525,31.175],[-94.524,31.175],[-94.475,31.166],[-94.425,31.158],[-94.375,31.15],[-94.325,31.142],[-94.275,31.135],[-94.225,31.129],[-94.177,31.125],[-94.175,31.125],[-94.125,31.122],[-94.075,31.12],[-94.025,31.12],[-93.975,31.122],[-93.925,31.124],[-93.917,31.125],[-93.875,31.128],[-93.825,31.133],[-93.775,31.139],[-93.725,31.144],[-93.675,31.15],[-93.625,31.155],[-93.575,31.16],[-93.525,31.165],[-93.475,31.169],[-93.425,31.173],[-93.386,31.175],[-93.375,31.176],[-93.325,31.178],[-93.275,31.18],[-93.225,31.181],[-93.175,31.181],[-93.125,31.18],[-93.075,31.179],[-93.025,31.177],[-92.991,31.175],[-92.975,31.174],[-92.925,31.172],[-92.875,31.169],[-92.825,31.166],[-92.775,31.163],[-92.725,31.16],[-92.71,31.16]],[[-91.375,31.313],[-91.325,31.323],[-91.317,31.325],[-91.275,31.334],[-91.225,31.344],[-91.175,31.354],[-91.125,31.363],[-91.075,31.373],[-91.065,31.375],[-91.025,31.383],[-90.975,31.392],[-90.925,31.401],[-90.875,31.409],[-90.825,31.418],[-90.779,31.425],[-90.775,31.426],[-90.725,31.433],[-90.675,31.441],[-90.625,31.448],[-90.575,31.454],[-90.525,31.46],[-90.475,31.466],[-90.425,31.471],[-90.39,31.475],[-90.375,31.476],[-90.325,31.481],[-90.275,31.486],[-90.225,31.49],[-90.175,31.494],[-90.125,31.497],[-90.075,31.501],[-90.025,31.504],[-89.975,31.507],[-89.925,31.511],[-89.875,31.514],[-89.825,31.517],[-89.775,31.521],[-89.725,31.524],[-89.715,31.525],[-89.675,31.528],[-89.625,31.532],[-89.575,31.537],[-89.525,31.542],[-89.475,31.548],[-89.425,31.554],[-89.375,31.561],[-89.325,31.569],[-89.29,31.575],[-89.275,31.578],[-89.225,31.588],[-89.175,31.599],[-89.125,31.61],[-89.075,31.623],[-89.068,31.625],[-89.025,31.637],[-88.975,31.652],[-88.925,31.667],[-88.901,31.675],[-88.875,31.684],[-88.825,31.701],[-88.775,31.72],[-88.761,31.725],[-88.725,31.739],[-88.675,31.759],[-88.638,31.775],[-88.625,31.78],[-88.575,31.802],[-88.525,31.825],[-88.525,31.825],[-88.475,31.849],[-88.425,31.873],[-88.42,31.875],[-88.375,31.897],[-88.325,31.922],[-88.319,31.925],[-88.275,31.947],[-88.225,31.972],[-88.219,31.975],[-88.175,31.997],[-88.125,32.021],[-88.116,32.025],[-88.075,32.045],[-88.025,32.067],[-88.008,32.075],[-87.985,32.085]],[[-85.575,32.23],[-85.525,32.226],[-85.497,32.225],[-85.475,32.224],[-85.425,32.223],[-85.375,32.223],[-85.325,32.224],[-85.289,32.225],[-85.275,32.226],[-85.225,32.228],[-85.175,32.232],[-85.125,32.236],[-85.075,32.241],[-85.025,32.247],[-84.975,32.253],[-84.925,32.26],[-84.875,32.267],[-84.825,32.274],[-84.82,32.275],[-84.775,32.282],[-84.725,32.289],[-84.675,32.296],[-84.625,32.304],[-84.575,32.311],[-84.525,32.319],[-84.487,32.325],[-84.475,32.327],[-84.425,32.335],[-84.375,32.343],[-84.325,32.351],[-84.275,32.36],[-84.225,32.369],[-84.194,32.375],[-84.175,32.379],[-84.125,32.388],[-84.075,32.398],[-84.025,32.408],[-83.975,32.418],[-83.944,32.425],[-83.925,32.429],[-83.875,32.44],[-83.825,32.451],[-83.775,32.462],[-83.725,32.474],[-83.721,32.475],[-83.675,32.486],[-83.625,32.497],[-83.575,32.509],[-83.525,32.52],[-83.505,32.525],[-83.475,32.532],[-83.425,32.543],[-83.375,32.555],[-83.325,32.566],[-83.284,32.575],[-83.275,32.577],[-83.225,32.588],[-83.175,32.599],[-83.125,32.61],[-83.075,32.621],[-83.056,32.625],[-83.025,32.632],[-82.975,32.642],[-82.925,32.653],[-82.875,32.663],[-82.825,32.673],[-82.817,32.675],[-82.775,32.683],[-82.725,32.693],[-82.675,32.703],[-82.625,32.713],[-82.575,32.722],[-82.558,32.725],[-82.525,32.731],[-82.475,32.74],[-82.425,32.749],[-82.375,32.757],[-82.325,32.765],[-82.275,32.773],[-82.265,32.775],[-82.225,32.781],[-82.175,32.789],[-82.125,32.797],[-82.075,32.804],[-82.025,32.812],[-81.975,32.819],[-81.936,32.825],[-81.925,32.827],[-81.875,32.834],[-81.825,32.841],[-81.775,32.849],[-81.725,32.856],[-81.675,32.863],[-81.625,32.871],[-81.597,32.875],[-81.575,32.878],[-81.525,32.886],[-81.475,32.894],[-81.425,32.901],[-81.375,32.909],[-81.325,32.918],[-81.28,32.925],[-81.275,32.926],[-81.225,32.934],[-81.175,32.942],[-81.125,32.951],[-81.075,32.959],[-81.025,32.968],[-80.985,32.975],[-80.975,32.977],[-80.925,32.985],[-80.875,32.994],[-80.825,33.002],[-80.775,33.011],[-80.725,33.019],[-80.689,33.025],[-80.675,33.027],[-80.625,33.035],[-80.575,33.042],[-80.525,33.05],[-80.475,33.056],[-80.425,33.062],[-80.375,33.068],[-80.325,33.073],[-80.302,33.075],[-80.275,33.077],[-80.225,33.081],[-80.175,33.083],[-80.125,33.085],[-80.075,33.085],[-80.025,33.085],[-79.975,33.084],[-79.925,33.081],[-79.875,33.078],[-79.844,33.075],[-79.825,33.073],[-79.775,33.068],[-79.725,33.062],[-79.675,33.056],[-79.625,33.049],[-79.575,33.042],[-79.56,33.04]],[[-87.228,32.328],[-87.225,32.328],[-87.175,32.339],[-87.125,32.349],[-87.075,32.359],[-87.025,32.368],[-86.981,32.375],[-86.975,32.376],[-86.925,32.384],[-86.889,32.389]],[[-79.478,33.028],[-79.475,33.027],[-79.461,33.025]]]}},{"type":"Feature","properties":{"date":"2003-03-30","label":"30 Mar","yday":89,"tier":"day","major":false},"geometry":{"type":"MultiLineString","coordinates":[[[-94.475,31.375],[-94.425,31.365],[-94.375,31.356],[-94.325,31.348],[-94.275,31.34],[-94.225,31.333],[-94.175,31.327],[-94.152,31.325],[-94.125,31.322],[-94.075,31.319],[-94.025,31.316],[-93.975,31.315],[-93.925,31.314],[-93.875,31.314],[-93.825,31.315],[-93.775,31.316],[-93.725,31.318],[-93.675,31.32],[-93.625,31.322],[-93.575,31.323],[-93.525,31.325],[-93.515,31.325],[-93.475,31.326],[-93.425,31.327],[-93.375,31.327],[-93.325,31.327],[-93.275,31.326],[-93.252,31.325],[-93.225,31.324],[-93.175,31.322],[-93.125,31.32],[-93.075,31.317],[-93.025,31.314],[-92.975,31.31],[-92.925,31.306],[-92.875,31.302],[-92.825,31.297],[-92.775,31.293],[-92.725,31.29]],[[-91.325,31.448],[-91.275,31.458],[-91.225,31.467],[-91.183,31.475],[-91.175,31.477],[-91.125,31.486],[-91.075,31.495],[-91.025,31.504],[-90.975,31.513],[-90.925,31.521],[-90.901,31.525],[-90.875,31.529],[-90.825,31.538],[-90.775,31.545],[-90.725,31.553],[-90.675,31.56],[-90.625,31.568],[-90.575,31.574],[-90.57,31.575],[-90.525,31.581],[-90.475,31.587],[-90.425,31.593],[-90.375,31.599],[-90.325,31.605],[-90.275,31.61],[-90.225,31.616],[-90.175,31.621],[-90.134,31.625],[-90.125,31.626],[-90.075,31.631],[-90.025,31.636],[-89.975,31.641],[-89.925,31.647],[-89.875,31.652],[-89.825,31.657],[-89.775,31.663],[-89.725,31.669],[-89.678,31.675],[-89.675,31.675],[-89.625,31.682],[-89.575,31.69],[-89.525,31.697],[-89.475,31.706],[-89.425,31.715],[-89.376,31.725],[-89.375,31.725],[-89.325,31.736],[-89.275,31.748],[-89.225,31.761],[-89.175,31.774],[-89.173,31.775],[-89.125,31.789],[-89.075,31.805],[-89.025,31.821],[-89.014,31.825],[-88.975,31.839],[-88.925,31.858],[-88.88,31.875],[-88.875,31.877],[-88.825,31.898],[-88.775,31.92],[-88.763,31.925],[-88.725,31.943],[-88.675,31.967],[-88.658,31.975],[-88.625,31.992],[-88.575,32.018],[-88.562,32.025],[-88.525,32.046],[-88.475,32.074],[-88.473,32.075],[-88.425,32.103],[-88.386,32.125],[-88.375,32.132],[-88.325,32.16],[-88.299,32.175],[-88.275,32.188],[-88.225,32.215],[-88.205,32.225],[-88.175,32.24],[-88.152,32.252]],[[-86.003,32.453],[-85.975,32.445],[-85.925,32.431],[-85.905,32.425],[-85.875,32.417],[-85.825,32.404],[-85.775,32.392],[-85.725,32.381],[-85.692,32.375],[-85.675,32.372],[-85.625,32.363],[-85.575,32.356],[-85.525,32.351],[-85.475,32.346],[-85.425,32.344],[-85.375,32.342],[-85.325,32.342],[-85.275,32.342],[-85.225,32.344],[-85.175,32.347],[-85.125,32.35],[-85.075,32.354],[-85.025,32.359],[-84.975,32.364],[-84.925,32.37],[-84.884,32.375],[-84.875,32.376],[-84.825,32.382],[-84.775,32.388],[-84.725,32.393],[-84.675,32.399],[-84.625,32.405],[-84.575,32.411],[-84.525,32.418],[-84.475,32.424],[-84.47,32.425],[-84.425,32.431],[-84.375,32.439],[-84.325,32.447],[-84.275,32.455],[-84.225,32.464],[-84.175,32.473],[-84.162,32.475],[-84.125,32.482],[-84.075,32.491],[-84.025,32.502],[-83.975,32.512],[-83.925,32.523],[-83.914,32.525],[-83.875,32.534],[-83.825,32.545],[-83.775,32.556],[-83.725,32.568],[-83.696,32.575],[-83.675,32.58],[-83.625,32.592],[-83.575,32.604],[-83.525,32.616],[-83.485,32.625],[-83.475,32.627],[-83.425,32.639],[-83.375,32.65],[-83.325,32.662],[-83.275,32.673],[-83.267,32.675],[-83.225,32.684],[-83.175,32.696],[-83.125,32.707],[-83.075,32.718],[-83.043,32.725],[-83.025,32.729],[-82.975,32.74],[-82.925,32.751],[-82.875,32.761],[-82.825,32.772],[-82.809,32.775],[-82.775,32.782],[-82.725,32.792],[-82.675,32.802],[-82.625,32.812],[-82.575,32.822],[-82.56,32.825],[-82.525,32.832],[-82.475,32.841],[-82.425,32.85],[-82.375,32.86],[-82.325,32.869],[-82.29,32.875],[-82.275,32.878],[-82.225,32.887],[-82.175,32.895],[-82.125,32.904],[-82.075,32.913],[-82.025,32.922],[-82.007,32.925],[-81.975,32.931],[-81.925,32.94],[-81.875,32.948],[-81.825,32.957],[-81.775,32.966],[-81.728,32.975],[-81.725,32.976],[-81.675,32.985],[-81.625,32.994],[-81.575,33.004],[-81.525,33.013],[-81.475,33.023],[-81.464,33.025],[-81.425,33.033],[-81.375,33.043],[-81.325,33.053],[-81.275,33.063],[-81.225,33.073],[-81.214,33.075],[-81.175,33.083],[-81.125,33.093],[-81.075,33.103],[-81.025,33.113],[-80.975,33.123],[-80.964,33.125],[-80.925,33.133],[-80.875,33.142],[-80.825,33.152],[-80.775,33.161],[-80.725,33.17],[-80.694,33.175],[-80.675,33.178],[-80.625,33.186],[-80.575,33.194],[-80.525,33.201],[-80.475,33.208],[-80.425,33.214],[-80.375,33.219],[-80.325,33.224],[-80.305,33.225],[-80.275,33.227],[-80.225,33.23],[-80.175,33.232],[-80.125,33.234],[-80.075,33.234],[-80.025,33.234],[-79.975,33.233],[-79.925,33.231],[-79.875,33.228],[-79.825,33.225],[-79.825,33.225],[-79.775,33.221],[-79.725,33.216],[-79.675,33.211],[-79.625,33.205],[-79.575,33.199],[-79.525,33.193],[-79.475,33.186],[-79.425,33.179],[-79.399,33.175],[-79.375,33.171],[-79.325,33.164],[-79.291,33.159]],[[-86.713,32.563],[-86.675,32.564],[-86.625,32.564],[-86.575,32.562],[-86.525,32.56],[-86.475,32.556],[-86.447,32.553]]]}},{"type":"Feature","properties":{"date":"2003-03-31","label":"31 Mar","yday":90,"tier":"index","major":true},"geometry":{"type":"MultiLineString","coordinates":[[[-92.474,31.424],[-92.456,31.425],[-92.425,31.426],[-92.375,31.429],[-92.325,31.432],[-92.275,31.436]],[[-94.236,31.575],[-94.225,31.573],[-94.175,31.565],[-94.125,31.558],[-94.075,31.551],[-94.025,31.545],[-93.975,31.54],[-93.925,31.535],[-93.875,31.531],[-93.825,31.527],[-93.798,31.525],[-93.775,31.523],[-93.725,31.52],[-93.675,31.518],[-93.625,31.515],[-93.575,31.512],[-93.525,31.509],[-93.475,31.506],[-93.425,31.503],[-93.375,31.5],[-93.325,31.496],[-93.275,31.492],[-93.225,31.487],[-93.175,31.483],[-93.125,31.478],[-93.1,31.475],[-93.075,31.472],[-93.025,31.467],[-92.975,31.462],[-92.925,31.456],[-92.904,31.454]],[[-91.225,31.595],[-91.175,31.603],[-91.125,31.612],[-91.075,31.621],[-91.048,31.625],[-91.025,31.629],[-90.975,31.637],[-90.925,31.646],[-90.875,31.654],[-90.825,31.662],[-90.775,31.67],[-90.74,31.675],[-90.725,31.677],[-90.675,31.685],[-90.625,31.692],[-90.575,31.7],[-90.525,31.707],[-90.475,31.714],[-90.425,31.721],[-90.394,31.725],[-90.375,31.728],[-90.325,31.734],[-90.275,31.741],[-90.225,31.748],[-90.175,31.755],[-90.125,31.761],[-90.075,31.768],[-90.027,31.775],[-90.025,31.775],[-89.975,31.783],[-89.925,31.79],[-89.875,31.798],[-89.825,31.806],[-89.775,31.814],[-89.725,31.823],[-89.714,31.825],[-89.675,31.832],[-89.625,31.842],[-89.575,31.853],[-89.525,31.864],[-89.478,31.875],[-89.475,31.876],[-89.425,31.888],[-89.375,31.902],[-89.325,31.916],[-89.296,31.925],[-89.275,31.931],[-89.225,31.948],[-89.175,31.965],[-89.145,31.975],[-89.125,31.982],[-89.075,32.002],[-89.025,32.021],[-89.016,32.025],[-88.975,32.043],[-88.925,32.065],[-88.903,32.075],[-88.875,32.088],[-88.825,32.113],[-88.801,32.125],[-88.775,32.139],[-88.725,32.167],[-88.712,32.175],[-88.675,32.198],[-88.633,32.225],[-88.625,32.23],[-88.575,32.265],[-88.561,32.275],[-88.525,32.302],[-88.492,32.325],[-88.475,32.337],[-88.425,32.371],[-88.418,32.375],[-88.375,32.401],[-88.331,32.425],[-88.325,32.428],[-88.275,32.452],[-88.225,32.473],[-88.22,32.475],[-88.188,32.488]],[[-87.325,32.675],[-87.325,32.675],[-87.275,32.681],[-87.225,32.686],[-87.175,32.691],[-87.125,32.696],[-87.075,32.7],[-87.025,32.703],[-86.975,32.706],[-86.925,32.708],[-86.875,32.71],[-86.825,32.71],[-86.775,32.711],[-86.725,32.71],[-86.675,32.708],[-86.625,32.706],[-86.575,32.703],[-86.525,32.698],[-86.475,32.693],[-86.425,32.686],[-86.375,32.679],[-86.355,32.675],[-86.325,32.67],[-86.275,32.659],[-86.225,32.648],[-86.175,32.636],[-86.135,32.625],[-86.125,32.622],[-86.075,32.608],[-86.025,32.594],[-85.975,32.579],[-85.961,32.575],[-85.925,32.564],[-85.875,32.55],[-85.825,32.536],[-85.786,32.525],[-85.775,32.522],[-85.725,32.51],[-85.675,32.498],[-85.625,32.488],[-85.575,32.479],[-85.55,32.475],[-85.525,32.471],[-85.475,32.465],[-85.425,32.461],[-85.375,32.458],[-85.325,32.457],[-85.275,32.457],[-85.225,32.458],[-85.175,32.46],[-85.125,32.463],[-85.075,32.467],[-85.025,32.471],[-84.984,32.475],[-84.975,32.476],[-84.925,32.48],[-84.875,32.484],[-84.825,32.487],[-84.775,32.491],[-84.725,32.494],[-84.675,32.499],[-84.625,32.503],[-84.575,32.508],[-84.525,32.513],[-84.475,32.519],[-84.431,32.525],[-84.425,32.526],[-84.375,32.533],[-84.325,32.54],[-84.275,32.548],[-84.225,32.556],[-84.175,32.565],[-84.125,32.574],[-84.119,32.575],[-84.075,32.583],[-84.025,32.593],[-83.975,32.604],[-83.925,32.615],[-83.879,32.625],[-83.875,32.626],[-83.825,32.637],[-83.775,32.649],[-83.725,32.661],[-83.675,32.673],[-83.666,32.675],[-83.625,32.685],[-83.575,32.697],[-83.525,32.709],[-83.475,32.721],[-83.459,32.725],[-83.425,32.733],[-83.375,32.745],[-83.325,32.756],[-83.275,32.768],[-83.246,32.775],[-83.225,32.78],[-83.175,32.791],[-83.125,32.803],[-83.075,32.814],[-83.027,32.825],[-83.025,32.825],[-82.975,32.837],[-82.925,32.848],[-82.875,32.858],[-82.825,32.869],[-82.798,32.875],[-82.775,32.88],[-82.725,32.89],[-82.675,32.901],[-82.625,32.911],[-82.575,32.921],[-82.556,32.925],[-82.525,32.931],[-82.475,32.941],[-82.425,32.951],[-82.375,32.961],[-82.325,32.971],[-82.305,32.975],[-82.275,32.981],[-82.225,32.991],[-82.175,33.001],[-82.125,33.01],[-82.075,33.02],[-82.052,33.025],[-82.025,33.03],[-81.975,33.041],[-81.925,33.051],[-81.875,33.061],[-81.825,33.072],[-81.809,33.075],[-81.775,33.082],[-81.725,33.093],[-81.675,33.104],[-81.625,33.115],[-81.581,33.125],[-81.575,33.126],[-81.525,33.138],[-81.475,33.149],[-81.425,33.161],[-81.375,33.173],[-81.364,33.175],[-81.325,33.184],[-81.275,33.196],[-81.225,33.208],[-81.175,33.219],[-81.151,33.225],[-81.125,33.231],[-81.075,33.242],[-81.025,33.254],[-80.975,33.264],[-80.926,33.275],[-80.925,33.275],[-80.875,33.285],[-80.825,33.296],[-80.775,33.305],[-80.725,33.315],[-80.675,33.324],[-80.666,33.325],[-80.625,33.332],[-80.575,33.34],[-80.525,33.347],[-80.475,33.353],[-80.425,33.359],[-80.375,33.364],[-80.325,33.368],[-80.275,33.371],[-80.225,33.374],[-80.204,33.375],[-80.175,33.376],[-80.125,33.377],[-80.075,33.378],[-80.025,33.378],[-79.975,33.377],[-79.925,33.376],[-79.902,33.375],[-79.875,33.374],[-79.825,33.371],[-79.775,33.368],[-79.725,33.364],[-79.675,33.36],[-79.625,33.356],[-79.575,33.351],[-79.525,33.345],[-79.475,33.34],[-79.425,33.334],[-79.375,33.328],[-79.355,33.325],[-79.325,33.321]]]}},{"type":"Feature","properties":{"date":"2003-04-01","label":"1 Apr","yday":91,"tier":"day","major":false},"geometry":{"type":"MultiLineString","coordinates":[[[-92.644,31.594],[-92.625,31.593],[-92.575,31.589],[-92.525,31.587],[-92.475,31.586],[-92.425,31.586],[-92.375,31.587],[-92.325,31.589],[-92.275,31.591],[-92.225,31.595],[-92.175,31.598],[-92.149,31.601]],[[-91.125,31.743],[-91.075,31.751],[-91.025,31.76],[-90.975,31.768],[-90.928,31.775],[-90.925,31.776],[-90.875,31.784],[-90.825,31.792],[-90.775,31.8],[-90.725,31.808],[-90.675,31.816],[-90.625,31.824],[-90.617,31.825],[-90.575,31.832],[-90.525,31.84],[-90.475,31.848],[-90.425,31.856],[-90.375,31.864],[-90.325,31.872],[-90.305,31.875],[-90.275,31.88],[-90.225,31.888],[-90.175,31.897],[-90.125,31.906],[-90.075,31.915],[-90.025,31.924],[-90.019,31.925],[-89.975,31.934],[-89.925,31.944],[-89.875,31.954],[-89.825,31.966],[-89.784,31.975],[-89.775,31.977],[-89.725,31.989],[-89.675,32.002],[-89.625,32.016],[-89.593,32.025],[-89.575,32.03],[-89.525,32.045],[-89.475,32.061],[-89.434,32.075],[-89.425,32.078],[-89.375,32.096],[-89.325,32.114],[-89.297,32.125],[-89.275,32.134],[-89.225,32.154],[-89.176,32.175],[-89.175,32.175],[-89.125,32.198],[-89.075,32.222],[-89.068,32.225],[-89.025,32.247],[-88.975,32.273],[-88.971,32.275],[-88.925,32.301],[-88.884,32.325],[-88.875,32.33],[-88.825,32.363],[-88.809,32.375],[-88.775,32.401],[-88.746,32.425],[-88.725,32.443],[-88.689,32.475],[-88.675,32.487],[-88.63,32.525],[-88.625,32.529],[-88.575,32.565],[-88.56,32.575],[-88.525,32.595],[-88.475,32.619],[-88.462,32.625],[-88.425,32.641],[-88.375,32.66],[-88.332,32.675]],[[-87.572,32.822],[-87.541,32.825],[-87.525,32.827],[-87.475,32.831],[-87.425,32.836],[-87.375,32.84],[-87.325,32.844],[-87.275,32.847],[-87.225,32.85],[-87.175,32.853],[-87.125,32.855],[-87.075,32.857],[-87.025,32.858],[-86.975,32.858],[-86.925,32.858],[-86.875,32.858],[-86.825,32.857],[-86.775,32.855],[-86.725,32.852],[-86.675,32.849],[-86.625,32.845],[-86.575,32.84],[-86.525,32.834],[-86.475,32.827],[-86.459,32.825],[-86.425,32.82],[-86.375,32.811],[-86.325,32.801],[-86.275,32.791],[-86.225,32.779],[-86.209,32.775],[-86.175,32.766],[-86.125,32.753],[-86.075,32.739],[-86.027,32.725],[-86.025,32.725],[-85.975,32.71],[-85.925,32.694],[-85.875,32.679],[-85.861,32.675],[-85.825,32.664],[-85.775,32.65],[-85.725,32.636],[-85.684,32.625],[-85.675,32.623],[-85.625,32.611],[-85.575,32.6],[-85.525,32.59],[-85.475,32.582],[-85.425,32.576],[-85.414,32.575],[-85.375,32.572],[-85.325,32.57],[-85.275,32.569],[-85.225,32.569],[-85.175,32.57],[-85.125,32.572],[-85.075,32.574],[-85.063,32.575],[-85.025,32.577],[-84.975,32.58],[-84.925,32.583],[-84.875,32.585],[-84.825,32.587],[-84.775,32.589],[-84.725,32.592],[-84.675,32.595],[-84.625,32.598],[-84.575,32.602],[-84.525,32.607],[-84.475,32.612],[-84.425,32.618],[-84.375,32.624],[-84.369,32.625],[-84.325,32.631],[-84.275,32.639],[-84.225,32.647],[-84.175,32.655],[-84.125,32.664],[-84.075,32.674],[-84.071,32.675],[-84.025,32.684],[-83.975,32.695],[-83.925,32.706],[-83.875,32.717],[-83.84,32.725],[-83.825,32.729],[-83.775,32.74],[-83.725,32.752],[-83.675,32.765],[-83.633,32.775],[-83.625,32.777],[-83.575,32.79],[-83.525,32.802],[-83.475,32.814],[-83.431,32.825],[-83.425,32.826],[-83.375,32.839],[-83.325,32.851],[-83.275,32.863],[-83.225,32.875],[-83.224,32.875],[-83.175,32.887],[-83.125,32.898],[-83.075,32.91],[-83.025,32.921],[-83.009,32.925],[-82.975,32.933],[-82.925,32.944],[-82.875,32.955],[-82.825,32.966],[-82.784,32.975],[-82.775,32.977],[-82.725,32.988],[-82.675,32.999],[-82.625,33.009],[-82.575,33.02],[-82.551,33.025],[-82.525,33.03],[-82.475,33.041],[-82.425,33.052],[-82.375,33.062],[-82.325,33.073],[-82.314,33.075],[-82.275,33.083],[-82.225,33.094],[-82.175,33.105],[-82.125,33.116],[-82.082,33.125],[-82.075,33.127],[-82.025,33.138],[-81.975,33.149],[-81.925,33.161],[-81.875,33.172],[-81.864,33.175],[-81.825,33.184],[-81.775,33.196],[-81.725,33.209],[-81.675,33.221],[-81.66,33.225],[-81.625,33.234],[-81.575,33.247],[-81.525,33.26],[-81.475,33.273],[-81.469,33.275],[-81.425,33.287],[-81.375,33.3],[-81.325,33.314],[-81.282,33.325],[-81.275,33.327],[-81.225,33.34],[-81.175,33.353],[-81.125,33.366],[-81.091,33.375],[-81.075,33.379],[-81.025,33.391],[-80.975,33.403],[-80.925,33.414],[-80.877,33.425],[-80.875,33.425],[-80.825,33.436],[-80.775,33.446],[-80.725,33.456],[-80.675,33.465],[-80.625,33.474],[-80.615,33.475],[-80.575,33.481],[-80.525,33.488],[-80.475,33.494],[-80.425,33.499],[-80.375,33.504],[-80.325,33.508],[-80.275,33.511],[-80.225,33.513],[-80.175,33.515],[-80.125,33.517],[-80.075,33.517],[-80.025,33.518],[-79.975,33.517],[-79.925,33.517],[-79.875,33.515],[-79.825,33.514],[-79.775,33.512],[-79.725,33.509],[-79.675,33.506],[-79.625,33.503],[-79.575,33.499],[-79.525,33.495],[-79.475,33.491],[-79.425,33.487],[-79.375,33.482],[-79.325,33.477],[-79.305,33.475],[-79.275,33.472],[-79.225,33.467],[-79.175,33.462],[-79.141,33.459]]]}},{"type":"Feature","properties":{"date":"2003-04-02","label":"2 Apr","yday":92,"tier":"day","major":false},"geometry":{"type":"MultiLineString","coordinates":[[[-92.825,31.809],[-92.775,31.8],[-92.725,31.792],[-92.675,31.785],[-92.625,31.779],[-92.59,31.775],[-92.575,31.773],[-92.525,31.769],[-92.475,31.766],[-92.425,31.763],[-92.375,31.762],[-92.325,31.761],[-92.275,31.762],[-92.225,31.763],[-92.175,31.764],[-92.125,31.767],[-92.075,31.769],[-92.025,31.773],[-91.996,31.775],[-91.975,31.777],[-91.925,31.781],[-91.875,31.786]],[[-90.939,31.911],[-90.925,31.913],[-90.875,31.921],[-90.851,31.925],[-90.825,31.929],[-90.775,31.938],[-90.725,31.947],[-90.675,31.955],[-90.625,31.964],[-90.575,31.973],[-90.562,31.975],[-90.525,31.982],[-90.475,31.991],[-90.425,32.0],[-90.375,32.01],[-90.325,32.019],[-90.297,32.025],[-90.275,32.029],[-90.225,32.04],[-90.175,32.051],[-90.125,32.062],[-90.075,32.073],[-90.067,32.075],[-90.025,32.085],[-89.975,32.098],[-89.925,32.112],[-89.878,32.125],[-89.875,32.126],[-89.825,32.141],[-89.775,32.157],[-89.725,32.173],[-89.72,32.175],[-89.675,32.191],[-89.625,32.209],[-89.583,32.225],[-89.575,32.228]],[[-89.186,32.414],[-89.175,32.42],[-89.166,32.425],[-89.125,32.45],[-89.085,32.475]],[[-89.055,32.495],[-89.025,32.515],[-89.01,32.525],[-88.975,32.55],[-88.941,32.575]],[[-88.882,32.618],[-88.875,32.623],[-88.873,32.625]],[[-87.575,32.994],[-87.525,32.997],[-87.475,33.0],[-87.425,33.003],[-87.375,33.005],[-87.325,33.007],[-87.275,33.008],[-87.225,33.009],[-87.175,33.01],[-87.125,33.01],[-87.075,33.01],[-87.025,33.009],[-86.975,33.008],[-86.925,33.006],[-86.875,33.004],[-86.825,33.001],[-86.775,32.997],[-86.725,32.993],[-86.675,32.989],[-86.625,32.983],[-86.575,32.977],[-86.559,32.975],[-86.525,32.97],[-86.475,32.963],[-86.425,32.954],[-86.375,32.944],[-86.325,32.934],[-86.286,32.925],[-86.275,32.923],[-86.225,32.911],[-86.175,32.898],[-86.125,32.884],[-86.094,32.875],[-86.075,32.87],[-86.025,32.855],[-85.975,32.839],[-85.929,32.825],[-85.925,32.824],[-85.875,32.808],[-85.825,32.793],[-85.775,32.777],[-85.767,32.775],[-85.725,32.762],[-85.675,32.748],[-85.625,32.735],[-85.586,32.725],[-85.575,32.722],[-85.525,32.711],[-85.475,32.701],[-85.425,32.693],[-85.375,32.687],[-85.325,32.683],[-85.275,32.68],[-85.225,32.678],[-85.175,32.677],[-85.125,32.677],[-85.075,32.677],[-85.025,32.678],[-84.975,32.679],[-84.925,32.68],[-84.875,32.681],[-84.825,32.682],[-84.775,32.683],[-84.725,32.685],[-84.675,32.688],[-84.625,32.69],[-84.575,32.694],[-84.525,32.698],[-84.475,32.703],[-84.425,32.708],[-84.375,32.714],[-84.325,32.721],[-84.297,32.725],[-84.275,32.728],[-84.225,32.736],[-84.175,32.745],[-84.125,32.754],[-84.075,32.764],[-84.025,32.774],[-84.021,32.775],[-83.975,32.785],[-83.925,32.796],[-83.875,32.808],[-83.825,32.82],[-83.803,32.825],[-83.775,32.832],[-83.725,32.844],[-83.675,32.857],[-83.625,32.869],[-83.603,32.875],[-83.575,32.882],[-83.525,32.895],[-83.475,32.908],[-83.425,32.92],[-83.406,32.925],[-83.375,32.933],[-83.325,32.945],[-83.275,32.958],[-83.225,32.97],[-83.203,32.975],[-83.175,32.982],[-83.125,32.994],[-83.075,33.006],[-83.025,33.017],[-82.992,33.025],[-82.975,33.029],[-82.925,33.04],[-82.875,33.052],[-82.825,33.063],[-82.775,33.074],[-82.771,33.075],[-82.725,33.085],[-82.675,33.096],[-82.625,33.107],[-82.575,33.118],[-82.544,33.125],[-82.525,33.129],[-82.475,33.14],[-82.425,33.151],[-82.375,33.162],[-82.325,33.174],[-82.319,33.175],[-82.275,33.185],[-82.225,33.196],[-82.175,33.208],[-82.125,33.22],[-82.104,33.225],[-82.075,33.232],[-82.025,33.244],[-81.975,33.257],[-81.925,33.269],[-81.903,33.275],[-81.875,33.282],[-81.825,33.296],[-81.775,33.309],[-81.725,33.323],[-81.717,33.325],[-81.675,33.337],[-81.625,33.351],[-81.575,33.366],[-81.544,33.375],[-81.525,33.381],[-81.475,33.396],[-81.425,33.411],[-81.378,33.425],[-81.375,33.426],[-81.325,33.441],[-81.275,33.456],[-81.225,33.471],[-81.211,33.475],[-81.175,33.486],[-81.125,33.5],[-81.075,33.514],[-81.034,33.525],[-81.025,33.527],[-80.975,33.54],[-80.925,33.553],[-80.875,33.564],[-80.827,33.575],[-80.825,33.575],[-80.775,33.586],[-80.725,33.595],[-80.675,33.604],[-80.625,33.612],[-80.575,33.619],[-80.527,33.625],[-80.525,33.625],[-80.475,33.631],[-80.425,33.635],[-80.375,33.64],[-80.325,33.643],[-80.275,33.646],[-80.225,33.648],[-80.175,33.65],[-80.125,33.651],[-80.075,33.653],[-80.025,33.653],[-79.975,33.653],[-79.925,33.653],[-79.875,33.653],[-79.825,33.653],[-79.775,33.652],[-79.725,33.651],[-79.675,33.649],[-79.625,33.648],[-79.575,33.646],[-79.525,33.644],[-79.475,33.642],[-79.425,33.639],[-79.375,33.637],[-79.325,33.634],[-79.275,33.631],[-79.225,33.628],[-79.175,33.625],[-79.168,33.625],[-79.125,33.622],[-79.075,33.62],[-79.025,33.617],[-78.985,33.615]]]}},{"type":"Feature","properties":{"date":"2003-04-03","label":"3 Apr","yday":93,"tier":"day","major":false},"geometry":{"type":"MultiLineString","coordinates":[[[-93.025,32.084],[-92.994,32.075],[-92.975,32.069],[-92.925,32.055],[-92.875,32.041],[-92.825,32.028],[-92.812,32.025],[-92.775,32.016],[-92.725,32.005],[-92.675,31.995],[-92.625,31.986],[-92.575,31.977],[-92.56,31.975],[-92.525,31.97],[-92.475,31.964],[-92.425,31.958],[-92.375,31.954],[-92.325,31.95],[-92.275,31.948],[-92.225,31.946],[-92.175,31.945],[-92.125,31.945],[-92.075,31.945],[-92.025,31.946],[-91.975,31.948],[-91.949,31.949]],[[-90.446,32.154],[-90.425,32.159],[-90.375,32.17],[-90.354,32.175],[-90.325,32.182],[-90.275,32.194],[-90.225,32.207],[-90.175,32.22],[-90.157,32.225]],[[-90.112,32.238],[-90.075,32.249],[-90.025,32.265],[-89.996,32.275]],[[-89.963,32.287],[-89.925,32.301],[-89.875,32.32],[-89.862,32.325],[-89.825,32.34],[-89.775,32.361],[-89.743,32.375],[-89.725,32.383],[-89.675,32.407],[-89.636,32.425]],[[-83.439,33.011],[-83.425,33.015],[-83.385,33.025],[-83.375,33.028],[-83.325,33.04],[-83.275,33.053],[-83.225,33.065],[-83.186,33.075],[-83.175,33.078],[-83.125,33.09],[-83.075,33.102],[-83.025,33.114],[-82.976,33.125],[-82.975,33.125],[-82.925,33.137],[-82.875,33.148],[-82.825,33.16],[-82.775,33.171],[-82.758,33.175],[-82.725,33.182],[-82.675,33.194],[-82.625,33.205],[-82.575,33.216],[-82.537,33.225],[-82.525,33.228],[-82.475,33.239],[-82.425,33.251],[-82.375,33.262],[-82.325,33.274],[-82.321,33.275],[-82.275,33.286],[-82.225,33.298],[-82.175,33.311],[-82.125,33.323],[-82.119,33.325],[-82.075,33.336],[-82.025,33.35],[-81.975,33.363],[-81.932,33.375],[-81.925,33.377],[-81.875,33.391],[-81.825,33.406],[-81.775,33.42],[-81.76,33.425],[-81.725,33.436],[-81.675,33.451],[-81.625,33.467],[-81.6,33.475],[-81.575,33.483],[-81.525,33.5],[-81.475,33.516],[-81.449,33.525],[-81.425,33.533],[-81.375,33.55],[-81.325,33.567],[-81.3,33.575],[-81.275,33.584],[-81.225,33.6],[-81.175,33.616],[-81.148,33.625],[-81.125,33.632],[-81.075,33.647],[-81.025,33.662],[-80.978,33.675],[-80.975,33.676],[-80.925,33.688],[-80.875,33.7],[-80.825,33.711],[-80.775,33.721],[-80.754,33.725],[-80.725,33.73],[-80.675,33.738],[-80.625,33.745],[-80.575,33.751],[-80.525,33.757],[-80.475,33.762],[-80.425,33.766],[-80.375,33.77],[-80.325,33.773],[-80.286,33.775],[-80.275,33.776],[-80.225,33.778],[-80.175,33.78],[-80.125,33.781],[-80.075,33.783],[-80.025,33.784],[-79.975,33.785],[-79.925,33.786],[-79.875,33.787],[-79.825,33.787],[-79.775,33.788],[-79.725,33.788],[-79.675,33.789],[-79.625,33.789],[-79.575,33.79],[-79.525,33.791],[-79.475,33.791],[-79.425,33.792],[-79.375,33.793],[-79.325,33.794],[-79.275,33.795],[-79.225,33.796],[-79.175,33.798],[-79.125,33.8],[-79.075,33.802],[-79.025,33.805],[-78.975,33.809],[-78.925,33.813],[-78.875,33.818],[-78.825,33.824],[-78.82,33.825],[-78.775,33.832],[-78.725,33.841],[-78.675,33.854],[-78.636,33.864]],[[-87.825,33.152],[-87.775,33.154],[-87.725,33.156],[-87.675,33.158],[-87.625,33.159],[-87.59,33.16]],[[-87.561,33.161],[-87.525,33.162],[-87.475,33.164],[-87.425,33.165],[-87.375,33.165],[-87.325,33.166],[-87.275,33.166],[-87.225,33.166],[-87.175,33.165],[-87.125,33.164],[-87.075,33.162],[-87.025,33.16],[-86.975,33.157],[-86.925,33.154],[-86.875,33.15],[-86.825,33.146],[-86.775,33.141],[-86.725,33.136],[-86.675,33.13],[-86.636,33.125],[-86.625,33.124],[-86.575,33.117],[-86.525,33.109],[-86.475,33.1],[-86.425,33.091],[-86.375,33.08],[-86.351,33.075],[-86.325,33.069],[-86.275,33.057],[-86.225,33.044],[-86.175,33.031],[-86.154,33.025],[-86.125,33.017],[-86.075,33.002],[-86.025,32.987],[-85.988,32.975],[-85.975,32.971],[-85.925,32.955],[-85.875,32.939],[-85.834,32.925],[-85.825,32.922],[-85.775,32.906],[-85.725,32.89],[-85.675,32.875],[-85.675,32.875],[-85.625,32.86],[-85.575,32.847],[-85.525,32.834],[-85.486,32.825],[-85.475,32.822],[-85.425,32.812],[-85.375,32.804],[-85.325,32.797],[-85.275,32.791],[-85.225,32.787],[-85.175,32.783],[-85.125,32.78],[-85.075,32.778],[-85.025,32.777],[-84.975,32.776],[-84.925,32.775],[-84.875,32.775],[-84.825,32.775],[-84.775,32.776],[-84.725,32.777],[-84.675,32.779],[-84.625,32.781],[-84.575,32.784],[-84.525,32.787],[-84.475,32.792],[-84.425,32.797],[-84.375,32.803],[-84.325,32.81],[-84.275,32.817],[-84.226,32.825],[-84.225,32.825],[-84.175,32.834],[-84.125,32.843],[-84.075,32.853],[-84.025,32.864],[-83.975,32.875],[-83.975,32.875],[-83.925,32.887],[-83.875,32.899],[-83.825,32.911],[-83.775,32.924],[-83.774,32.924]],[[-78.498,33.898],[-78.475,33.903],[-78.441,33.909]]]}},{"type":"Feature","properties":{"date":"2003-04-04","label":"4 Apr","yday":94,"tier":"day","major":false},"geometry":{"type":"MultiLineString","coordinates":[[[-93.053,32.347],[-93.025,32.337],[-92.993,32.325],[-92.975,32.318],[-92.925,32.3],[-92.875,32.283],[-92.85,32.275],[-92.825,32.267],[-92.775,32.252],[-92.725,32.237],[-92.681,32.225],[-92.675,32.223],[-92.625,32.211],[-92.575,32.199],[-92.525,32.189],[-92.475,32.179],[-92.453,32.175],[-92.425,32.17],[-92.375,32.163],[-92.325,32.156],[-92.275,32.15],[-92.225,32.145],[-92.175,32.141],[-92.125,32.138],[-92.075,32.136],[-92.035,32.135]],[[-84.115,32.935],[-84.075,32.943],[-84.025,32.954],[-83.975,32.966],[-83.937,32.975],[-83.925,32.978],[-83.875,32.991],[-83.848,32.998]],[[-83.425,33.111],[-83.375,33.124],[-83.371,33.125],[-83.325,33.137],[-83.275,33.15],[-83.225,33.162],[-83.175,33.175],[-83.174,33.175],[-83.125,33.187],[-83.075,33.199],[-83.025,33.211],[-82.975,33.223],[-82.965,33.225],[-82.925,33.234],[-82.875,33.246],[-82.825,33.257],[-82.775,33.269],[-82.747,33.275],[-82.725,33.28],[-82.675,33.292],[-82.625,33.303],[-82.575,33.315],[-82.53,33.325],[-82.525,33.326],[-82.475,33.338],[-82.425,33.35],[-82.375,33.362],[-82.325,33.374],[-82.323,33.375],[-82.275,33.387],[-82.225,33.4],[-82.175,33.413],[-82.13,33.425],[-82.125,33.426],[-82.075,33.44],[-82.025,33.454],[-81.975,33.469],[-81.954,33.475],[-81.925,33.484],[-81.875,33.499],[-81.825,33.515],[-81.793,33.525],[-81.775,33.531],[-81.725,33.547],[-81.675,33.564],[-81.644,33.575],[-81.625,33.582],[-81.575,33.599],[-81.525,33.617],[-81.503,33.625],[-81.475,33.635],[-81.425,33.654],[-81.375,33.672],[-81.367,33.675],[-81.325,33.69],[-81.275,33.709],[-81.23,33.725],[-81.225,33.727],[-81.175,33.744],[-81.125,33.761],[-81.083,33.775],[-81.075,33.777],[-81.025,33.792],[-80.975,33.806],[-80.925,33.819],[-80.899,33.825],[-80.875,33.83],[-80.825,33.841],[-80.775,33.85],[-80.725,33.858],[-80.675,33.865],[-80.625,33.872],[-80.596,33.875],[-80.575,33.877],[-80.525,33.882],[-80.475,33.887],[-80.425,33.891],[-80.375,33.894],[-80.325,33.897],[-80.275,33.899],[-80.225,33.901],[-80.175,33.903],[-80.125,33.905],[-80.075,33.907],[-80.025,33.909],[-79.975,33.911],[-79.925,33.913],[-79.875,33.915],[-79.825,33.917],[-79.775,33.919],[-79.725,33.922],[-79.675,33.924],[-79.658,33.925],[-79.625,33.927],[-79.575,33.93],[-79.525,33.933],[-79.475,33.937],[-79.425,33.942],[-79.375,33.947],[-79.325,33.952],[-79.275,33.959],[-79.225,33.967],[-79.178,33.975],[-79.175,33.976],[-79.125,33.986],[-79.075,33.997],[-79.025,34.011],[-78.98,34.025],[-78.975,34.027],[-78.925,34.044],[-78.875,34.064],[-78.85,34.075],[-78.825,34.086],[-78.775,34.109],[-78.741,34.125],[-78.725,34.132],[-78.675,34.154],[-78.625,34.172],[-78.616,34.175],[-78.575,34.186],[-78.525,34.198],[-78.475,34.206],[-78.425,34.212],[-78.375,34.216],[-78.325,34.218],[-78.275,34.217],[-78.225,34.214],[-78.175,34.209],[-78.125,34.202],[-78.075,34.193],[-78.025,34.183],[-77.995,34.175],[-77.975,34.17],[-77.925,34.155],[-77.875,34.138],[-77.866,34.134]],[[-87.625,33.325],[-87.575,33.325],[-87.525,33.325],[-87.475,33.325],[-87.467,33.325],[-87.425,33.325],[-87.375,33.324],[-87.325,33.323],[-87.275,33.322],[-87.225,33.321],[-87.175,33.319],[-87.125,33.317],[-87.075,33.315],[-87.025,33.311],[-86.975,33.308],[-86.925,33.304],[-86.875,33.299],[-86.825,33.294],[-86.775,33.288],[-86.725,33.282],[-86.675,33.275],[-86.674,33.275],[-86.625,33.268],[-86.575,33.26],[-86.525,33.251],[-86.475,33.241],[-86.425,33.231],[-86.398,33.225],[-86.375,33.22],[-86.325,33.208],[-86.275,33.195],[-86.225,33.182],[-86.2,33.175],[-86.175,33.168],[-86.125,33.153],[-86.075,33.138],[-86.035,33.125],[-86.025,33.122],[-85.975,33.105],[-85.925,33.088],[-85.886,33.075],[-85.875,33.071],[-85.825,33.054],[-85.775,33.037],[-85.74,33.025],[-85.725,33.02],[-85.675,33.003],[-85.625,32.987],[-85.584,32.975],[-85.575,32.972],[-85.525,32.958],[-85.475,32.944],[-85.425,32.932],[-85.392,32.925],[-85.375,32.921],[-85.325,32.912],[-85.275,32.903],[-85.225,32.896],[-85.175,32.89],[-85.125,32.884],[-85.075,32.88],[-85.025,32.876],[-85.003,32.875],[-84.975,32.873],[-84.925,32.871],[-84.875,32.869],[-84.825,32.868],[-84.775,32.868],[-84.725,32.868],[-84.675,32.869],[-84.625,32.87],[-84.575,32.873],[-84.544,32.875],[-84.525,32.876],[-84.475,32.88],[-84.425,32.885],[-84.375,32.891],[-84.325,32.898],[-84.275,32.906],[-84.225,32.914],[-84.175,32.923],[-84.164,32.925]]]}},{"type":"Feature","properties":{"date":"2003-04-05","label":"5 Apr","yday":95,"tier":"five","major":false},"geometry":{"type":"MultiLineString","coordinates":[[[-89.675,32.932],[-89.625,32.962],[-89.602,32.975],[-89.575,32.991],[-89.525,33.02]],[[-83.425,33.209],[-83.375,33.222],[-83.365,33.225],[-83.325,33.236],[-83.275,33.248],[-83.225,33.261],[-83.175,33.273],[-83.168,33.275],[-83.125,33.285],[-83.075,33.297],[-83.025,33.309],[-82.975,33.321],[-82.957,33.325],[-82.925,33.332],[-82.875,33.344],[-82.825,33.355],[-82.775,33.367],[-82.74,33.375]],[[-87.175,33.472],[-87.125,33.469],[-87.075,33.466],[-87.025,33.463],[-86.975,33.459],[-86.925,33.454],[-86.875,33.45],[-86.825,33.444],[-86.775,33.438],[-86.725,33.431],[-86.685,33.425],[-86.675,33.424],[-86.625,33.415],[-86.575,33.406],[-86.525,33.397],[-86.475,33.386],[-86.425,33.375],[-86.424,33.375],[-86.375,33.363],[-86.325,33.351],[-86.275,33.338],[-86.229,33.325],[-86.225,33.324],[-86.175,33.309],[-86.125,33.294],[-86.075,33.278],[-86.067,33.275],[-86.025,33.261],[-85.975,33.244],[-85.925,33.226],[-85.922,33.225],[-85.875,33.208],[-85.825,33.19],[-85.785,33.175],[-85.775,33.171],[-85.725,33.153],[-85.675,33.135],[-85.647,33.125],[-85.625,33.117],[-85.575,33.1],[-85.525,33.084],[-85.498,33.075],[-85.475,33.068],[-85.425,33.054],[-85.375,33.04],[-85.325,33.028],[-85.313,33.025],[-85.275,33.017],[-85.225,33.006],[-85.175,32.998],[-85.125,32.99],[-85.075,32.983],[-85.025,32.977],[-85.008,32.975],[-84.975,32.972],[-84.925,32.967],[-84.875,32.964],[-84.825,32.962],[-84.775,32.96],[-84.725,32.959],[-84.675,32.959],[-84.625,32.96],[-84.575,32.962],[-84.525,32.965],[-84.475,32.969],[-84.425,32.974],[-84.414,32.975],[-84.375,32.98],[-84.325,32.987],[-84.275,32.994],[-84.249,32.999]],[[-82.525,33.425],[-82.475,33.437],[-82.425,33.449],[-82.375,33.462],[-82.325,33.475],[-82.323,33.475],[-82.275,33.488],[-82.225,33.501],[-82.175,33.515],[-82.139,33.525],[-82.125,33.529],[-82.075,33.543],[-82.025,33.558],[-81.975,33.574],[-81.971,33.575],[-81.925,33.59],[-81.875,33.606],[-81.825,33.623],[-81.819,33.625],[-81.775,33.64],[-81.725,33.658],[-81.678,33.675],[-81.675,33.676],[-81.625,33.695],[-81.575,33.714],[-81.545,33.725],[-81.525,33.733],[-81.475,33.752],[-81.425,33.772],[-81.417,33.775],[-81.375,33.792],[-81.325,33.811],[-81.289,33.825],[-81.275,33.831],[-81.225,33.849],[-81.175,33.868],[-81.155,33.875],[-81.125,33.885],[-81.075,33.901],[-81.025,33.916],[-80.992,33.925],[-80.975,33.929],[-80.925,33.941],[-80.875,33.952],[-80.825,33.961],[-80.775,33.97],[-80.739,33.975],[-80.725,33.977],[-80.675,33.984],[-80.625,33.99],[-80.575,33.995],[-80.525,34.0],[-80.475,34.004],[-80.425,34.008],[-80.375,34.011],[-80.325,34.014],[-80.275,34.017],[-80.225,34.019],[-80.175,34.021],[-80.125,34.024],[-80.1,34.025],[-80.075,34.026],[-80.025,34.029],[-79.975,34.031],[-79.925,34.034],[-79.875,34.037],[-79.825,34.041],[-79.775,34.045],[-79.725,34.049],[-79.675,34.053],[-79.625,34.058],[-79.575,34.063],[-79.525,34.069],[-79.483,34.075],[-79.475,34.076],[-79.425,34.084],[-79.375,34.092],[-79.325,34.102],[-79.275,34.114],[-79.233,34.125],[-79.225,34.127],[-79.175,34.142],[-79.125,34.159],[-79.082,34.175],[-79.075,34.178],[-79.025,34.198],[-78.975,34.222],[-78.968,34.225],[-78.925,34.246],[-78.875,34.272],[-78.87,34.275],[-78.825,34.298],[-78.775,34.324],[-78.773,34.325],[-78.725,34.346],[-78.675,34.366],[-78.65,34.375],[-78.625,34.383],[-78.575,34.399],[-78.525,34.412],[-78.475,34.423],[-78.467,34.425],[-78.425,34.432],[-78.375,34.439],[-78.325,34.444],[-78.275,34.447],[-78.225,34.448],[-78.175,34.447],[-78.125,34.444],[-78.075,34.44],[-78.025,34.432],[-77.984,34.425],[-77.975,34.423],[-77.925,34.412],[-77.875,34.398],[-77.825,34.383],[-77.803,34.375],[-77.775,34.365],[-77.725,34.345],[-77.711,34.339]],[[-87.689,33.489],[-87.675,33.488],[-87.625,33.487],[-87.575,33.486],[-87.525,33.485],[-87.484,33.484]]]}},{"type":"Feature","properties":{"date":"2003-04-06","label":"6 Apr","yday":96,"tier":"day","major":false},"geometry":{"type":"MultiLineString","coordinates":[[[-82.393,33.557],[-82.375,33.562],[-82.325,33.575],[-82.325,33.575],[-82.275,33.588],[-82.225,33.602],[-82.175,33.616],[-82.146,33.625],[-82.125,33.631],[-82.075,33.646],[-82.025,33.662],[-81.985,33.675],[-81.975,33.678],[-81.925,33.695],[-81.875,33.712],[-81.84,33.725],[-81.825,33.73],[-81.775,33.749],[-81.725,33.768],[-81.706,33.775],[-81.675,33.787],[-81.625,33.807],[-81.579,33.825],[-81.575,33.827],[-81.525,33.847],[-81.475,33.867],[-81.456,33.875],[-81.425,33.888],[-81.375,33.908],[-81.332,33.925],[-81.325,33.928],[-81.275,33.947],[-81.225,33.966],[-81.201,33.975],[-81.175,33.984],[-81.125,34.001],[-81.075,34.016],[-81.044,34.025],[-81.025,34.03],[-80.975,34.043],[-80.925,34.054],[-80.875,34.064],[-80.825,34.073],[-80.814,34.075],[-80.775,34.081],[-80.725,34.089],[-80.675,34.095],[-80.625,34.101],[-80.575,34.107],[-80.525,34.112],[-80.475,34.116],[-80.425,34.12],[-80.375,34.123],[-80.344,34.125],[-80.325,34.126],[-80.275,34.129],[-80.225,34.132],[-80.175,34.134],[-80.125,34.137],[-80.075,34.14],[-80.025,34.143],[-79.975,34.146],[-79.925,34.15],[-79.875,34.154],[-79.825,34.159],[-79.775,34.164],[-79.725,34.17],[-79.68,34.175],[-79.675,34.176],[-79.625,34.182],[-79.575,34.189],[-79.525,34.197],[-79.475,34.206],[-79.425,34.216],[-79.385,34.225],[-79.375,34.227],[-79.325,34.24],[-79.275,34.254],[-79.225,34.271],[-79.213,34.275],[-79.175,34.288],[-79.125,34.308],[-79.086,34.325],[-79.075,34.33],[-79.025,34.352],[-78.978,34.375],[-78.975,34.376],[-78.925,34.401],[-78.877,34.425],[-78.875,34.426],[-78.825,34.451],[-78.775,34.475],[-78.775,34.475],[-78.725,34.498],[-78.675,34.52],[-78.664,34.525],[-78.625,34.541],[-78.575,34.56],[-78.532,34.575],[-78.525,34.577],[-78.475,34.591],[-78.425,34.604],[-78.375,34.615],[-78.326,34.625],[-78.325,34.625],[-78.275,34.634],[-78.225,34.64],[-78.175,34.646],[-78.125,34.649],[-78.075,34.651],[-78.025,34.65],[-77.975,34.647],[-77.925,34.642],[-77.875,34.633],[-77.835,34.625],[-77.825,34.623],[-77.775,34.61],[-77.725,34.596],[-77.675,34.58],[-77.659,34.575],[-77.625,34.563],[-77.575,34.544],[-77.531,34.525],[-77.525,34.522],[-77.475,34.498],[-77.459,34.491]],[[-87.125,33.618],[-87.075,33.615],[-87.025,33.611],[-86.975,33.607],[-86.925,33.602],[-86.875,33.598],[-86.825,33.592],[-86.775,33.586],[-86.725,33.579],[-86.698,33.575],[-86.675,33.571],[-86.625,33.563],[-86.575,33.553],[-86.525,33.543],[-86.475,33.533],[-86.441,33.525],[-86.425,33.521],[-86.375,33.509],[-86.325,33.497],[-86.275,33.483],[-86.245,33.475],[-86.225,33.469],[-86.175,33.455],[-86.125,33.439],[-86.083,33.425],[-86.075,33.423],[-86.025,33.406],[-85.975,33.388],[-85.941,33.375],[-85.925,33.369],[-85.875,33.35],[-85.825,33.331],[-85.811,33.325],[-85.775,33.311],[-85.725,33.291],[-85.686,33.275],[-85.675,33.271],[-85.625,33.251],[-85.575,33.232],[-85.557,33.225],[-85.525,33.213],[-85.475,33.195],[-85.425,33.178],[-85.416,33.175],[-85.375,33.162],[-85.325,33.147],[-85.275,33.133],[-85.246,33.125],[-85.225,33.12],[-85.175,33.108],[-85.125,33.097],[-85.075,33.088],[-85.025,33.079],[-84.995,33.075],[-84.975,33.072],[-84.925,33.066],[-84.875,33.061],[-84.825,33.056],[-84.775,33.053],[-84.725,33.051],[-84.675,33.05],[-84.625,33.05],[-84.575,33.052],[-84.525,33.054],[-84.475,33.058],[-84.425,33.063],[-84.375,33.069],[-84.37,33.07]],[[-87.753,33.647],[-87.725,33.647],[-87.675,33.645],[-87.625,33.643],[-87.592,33.642]]]}},{"type":"Feature","properties":{"date":"2003-04-07","label":"7 Apr","yday":97,"tier":"day","major":false},"geometry":{"type":"MultiLineString","coordinates":[[[-82.405,33.655],[-82.375,33.662],[-82.328,33.675],[-82.325,33.676],[-82.275,33.69],[-82.225,33.704],[-82.175,33.718],[-82.153,33.725],[-82.125,33.734],[-82.075,33.749],[-82.025,33.766],[-81.998,33.775],[-81.975,33.783],[-81.925,33.8],[-81.875,33.819],[-81.858,33.825],[-81.825,33.837],[-81.775,33.857],[-81.729,33.875],[-81.725,33.877],[-81.675,33.897],[-81.625,33.917],[-81.606,33.925],[-81.575,33.938],[-81.525,33.959],[-81.486,33.975],[-81.475,33.98],[-81.425,34.0],[-81.375,34.021],[-81.364,34.025],[-81.325,34.04],[-81.275,34.059],[-81.231,34.075],[-81.225,34.077],[-81.175,34.094],[-81.125,34.11],[-81.075,34.125],[-81.074,34.125],[-81.025,34.138],[-80.975,34.15],[-80.925,34.161],[-80.875,34.171],[-80.855,34.175],[-80.825,34.18],[-80.775,34.189],[-80.725,34.196],[-80.675,34.203],[-80.625,34.209],[-80.575,34.215],[-80.525,34.219],[-80.475,34.224],[-80.461,34.225],[-80.425,34.228],[-80.375,34.231],[-80.325,34.235],[-80.275,34.238],[-80.225,34.241],[-80.175,34.244],[-80.125,34.247],[-80.075,34.25],[-80.025,34.253],[-79.975,34.257],[-79.925,34.261],[-79.875,34.266],[-79.825,34.271],[-79.794,34.275],[-79.775,34.277],[-79.725,34.284],[-79.675,34.29],[-79.625,34.298],[-79.575,34.306],[-79.525,34.316],[-79.482,34.325],[-79.475,34.326],[-79.425,34.338],[-79.375,34.351],[-79.325,34.366],[-79.296,34.375],[-79.275,34.382],[-79.225,34.399],[-79.175,34.418],[-79.159,34.425],[-79.125,34.439],[-79.075,34.461],[-79.044,34.475],[-79.025,34.484],[-78.975,34.508],[-78.94,34.525],[-78.925,34.532],[-78.875,34.557],[-78.84,34.575],[-78.825,34.583],[-78.775,34.608],[-78.739,34.625],[-78.725,34.632],[-78.675,34.656],[-78.632,34.675],[-78.625,34.678],[-78.575,34.699],[-78.525,34.718],[-78.505,34.725],[-78.475,34.736],[-78.425,34.753],[-78.375,34.769],[-78.357,34.775],[-78.325,34.785],[-78.275,34.799],[-78.225,34.813],[-78.181,34.825],[-78.175,34.827],[-78.125,34.839],[-78.075,34.85],[-78.025,34.859],[-77.975,34.867],[-77.925,34.872],[-77.875,34.873],[-77.825,34.872],[-77.775,34.868],[-77.725,34.861],[-77.675,34.851],[-77.625,34.84],[-77.575,34.832],[-77.527,34.825],[-77.525,34.825],[-77.475,34.816],[-77.425,34.803],[-77.375,34.783],[-77.361,34.775],[-77.325,34.755],[-77.284,34.725],[-77.275,34.719],[-77.225,34.675],[-77.225,34.675]],[[-87.219,33.769],[-87.175,33.766],[-87.125,33.763],[-87.075,33.759],[-87.025,33.755],[-86.975,33.751],[-86.925,33.746],[-86.875,33.741],[-86.825,33.736],[-86.775,33.729],[-86.742,33.725],[-86.725,33.723],[-86.675,33.715],[-86.625,33.707],[-86.575,33.698],[-86.525,33.689],[-86.475,33.679],[-86.458,33.675],[-86.425,33.668],[-86.375,33.656],[-86.325,33.644],[-86.275,33.631],[-86.253,33.625],[-86.225,33.617],[-86.175,33.603],[-86.125,33.587],[-86.087,33.575],[-86.075,33.571],[-86.025,33.554],[-85.975,33.536],[-85.944,33.525],[-85.925,33.518],[-85.875,33.498],[-85.825,33.478],[-85.819,33.475],[-85.775,33.457],[-85.725,33.435],[-85.702,33.425],[-85.675,33.413],[-85.625,33.392],[-85.587,33.375],[-85.575,33.37],[-85.525,33.349],[-85.475,33.328],[-85.468,33.325],[-85.425,33.308],[-85.375,33.289],[-85.337,33.275],[-85.325,33.271],[-85.275,33.254],[-85.225,33.238],[-85.182,33.225],[-85.175,33.223],[-85.125,33.209],[-85.075,33.197],[-85.025,33.186],[-84.975,33.176],[-84.97,33.175],[-84.925,33.167],[-84.875,33.16],[-84.825,33.154],[-84.802,33.152]]]}},{"type":"Feature","properties":{"date":"2003-04-08","label":"8 Apr","yday":98,"tier":"day","major":false},"geometry":{"type":"MultiLineString","coordinates":[[[-82.39,33.76],[-82.375,33.764],[-82.334,33.775],[-82.325,33.777],[-82.275,33.791],[-82.225,33.806],[-82.175,33.821],[-82.162,33.825],[-82.125,33.837],[-82.075,33.853],[-82.025,33.87],[-82.011,33.875],[-81.975,33.888],[-81.925,33.906],[-81.875,33.925],[-81.875,33.925],[-81.825,33.945],[-81.775,33.965],[-81.751,33.975],[-81.725,33.986],[-81.675,34.007],[-81.631,34.025],[-81.625,34.028],[-81.575,34.049],[-81.525,34.07],[-81.512,34.075],[-81.475,34.091],[-81.425,34.111],[-81.389,34.125],[-81.375,34.131],[-81.325,34.15],[-81.275,34.168],[-81.254,34.175]],[[-86.691,33.859],[-86.675,33.857],[-86.625,33.849],[-86.575,33.841],[-86.525,33.833],[-86.484,33.825],[-86.475,33.823],[-86.425,33.813],[-86.375,33.803],[-86.325,33.791],[-86.275,33.779],[-86.259,33.775],[-86.225,33.766],[-86.175,33.752],[-86.125,33.738],[-86.083,33.725],[-86.075,33.722],[-86.025,33.706],[-85.975,33.689],[-85.937,33.675],[-85.925,33.67],[-85.875,33.651],[-85.825,33.631],[-85.812,33.625],[-85.775,33.609],[-85.725,33.587],[-85.7,33.575],[-85.675,33.563],[-85.625,33.54],[-85.594,33.525],[-85.575,33.516],[-85.525,33.492],[-85.488,33.475],[-85.475,33.469],[-85.425,33.446],[-85.378,33.425],[-85.375,33.424],[-85.325,33.402],[-85.275,33.382],[-85.257,33.375],[-85.225,33.363],[-85.175,33.345],[-85.125,33.328],[-85.117,33.325],[-85.075,33.312],[-85.057,33.307]],[[-87.375,33.921],[-87.325,33.918],[-87.275,33.915],[-87.225,33.911],[-87.175,33.908],[-87.125,33.904],[-87.075,33.9],[-87.025,33.896],[-86.975,33.892],[-86.925,33.887],[-86.875,33.882],[-86.826,33.876]],[[-80.936,34.264],[-80.925,34.266],[-80.883,34.275],[-80.875,34.277],[-80.825,34.286],[-80.775,34.294],[-80.725,34.302],[-80.675,34.309],[-80.625,34.315],[-80.575,34.321],[-80.533,34.325],[-80.525,34.326],[-80.475,34.33],[-80.425,34.335],[-80.375,34.339],[-80.325,34.342],[-80.275,34.345],[-80.225,34.349],[-80.175,34.352],[-80.125,34.355],[-80.075,34.358],[-80.025,34.362],[-79.975,34.365],[-79.925,34.37],[-79.875,34.375],[-79.871,34.375],[-79.825,34.38],[-79.775,34.387],[-79.725,34.394],[-79.675,34.401],[-79.625,34.41],[-79.575,34.419],[-79.548,34.425],[-79.525,34.43],[-79.475,34.441],[-79.425,34.454],[-79.375,34.468],[-79.351,34.475],[-79.325,34.483],[-79.275,34.5],[-79.225,34.518],[-79.207,34.525],[-79.175,34.538],[-79.125,34.558],[-79.088,34.575],[-79.075,34.581],[-79.025,34.604],[-78.983,34.625],[-78.975,34.629],[-78.925,34.654],[-78.884,34.675],[-78.875,34.68],[-78.825,34.706],[-78.787,34.725],[-78.775,34.731],[-78.725,34.757],[-78.688,34.775],[-78.675,34.782],[-78.625,34.806],[-78.584,34.825],[-78.575,34.829],[-78.525,34.852],[-78.475,34.874],[-78.473,34.875],[-78.425,34.896],[-78.375,34.916],[-78.353,34.925],[-78.325,34.937],[-78.275,34.957],[-78.228,34.975],[-78.225,34.976],[-78.175,34.996],[-78.125,35.015],[-78.098,35.025],[-78.075,35.034],[-78.025,35.051],[-77.975,35.069],[-77.955,35.075],[-77.925,35.085],[-77.875,35.101],[-77.825,35.118],[-77.807,35.125],[-77.775,35.137],[-77.725,35.158],[-77.689,35.175],[-77.675,35.182],[-77.625,35.206],[-77.588,35.225],[-77.575,35.231],[-77.525,35.253],[-77.475,35.273],[-77.469,35.275],[-77.425,35.287],[-77.375,35.296],[-77.325,35.298],[-77.275,35.291],[-77.229,35.275],[-77.225,35.273],[-77.175,35.238],[-77.162,35.225],[-77.125,35.183],[-77.119,35.175],[-77.087,35.125],[-77.075,35.103],[-77.061,35.075],[-77.039,35.025],[-77.025,34.99],[-77.02,34.975],[-77.001,34.925],[-76.982,34.875],[-76.975,34.856],[-76.964,34.825],[-76.943,34.775],[-76.925,34.737],[-76.921,34.729]]]}},{"type":"Feature","properties":{"date":"2003-04-09","label":"9 Apr","yday":99,"tier":"day","major":false},"geometry":{"type":"MultiLineString","coordinates":[[[-82.318,33.882],[-82.275,33.894],[-82.225,33.909],[-82.175,33.925],[-82.174,33.925],[-82.125,33.941],[-82.075,33.958],[-82.026,33.975],[-82.025,33.975],[-81.975,33.994],[-81.925,34.013],[-81.895,34.025],[-81.875,34.033],[-81.825,34.053],[-81.775,34.074],[-81.774,34.075]],[[-86.643,33.993],[-86.625,33.991],[-86.575,33.983],[-86.525,33.975],[-86.522,33.975],[-86.475,33.967],[-86.425,33.958],[-86.375,33.949],[-86.325,33.938],[-86.275,33.927],[-86.265,33.925],[-86.225,33.916],[-86.175,33.903],[-86.125,33.89],[-86.075,33.876],[-86.073,33.875],[-86.025,33.861],[-85.975,33.844],[-85.925,33.827],[-85.92,33.825],[-85.875,33.808],[-85.825,33.789],[-85.793,33.775],[-85.775,33.768],[-85.725,33.745],[-85.681,33.725],[-85.675,33.722],[-85.625,33.698],[-85.58,33.675],[-85.575,33.673],[-85.525,33.647],[-85.483,33.625],[-85.475,33.621],[-85.425,33.595],[-85.386,33.575],[-85.375,33.57],[-85.325,33.545],[-85.284,33.525],[-85.275,33.521],[-85.225,33.498],[-85.175,33.476],[-85.173,33.475],[-85.125,33.456],[-85.075,33.436]],[[-87.425,34.063],[-87.375,34.06],[-87.325,34.057],[-87.275,34.053],[-87.225,34.05],[-87.175,34.046],[-87.125,34.042],[-87.075,34.039],[-87.035,34.035]],[[-81.575,34.16],[-81.538,34.175]],[[-80.746,34.404],[-80.725,34.407],[-80.675,34.414],[-80.625,34.421],[-80.59,34.425],[-80.575,34.427],[-80.525,34.432],[-80.475,34.437],[-80.425,34.442],[-80.375,34.446],[-80.325,34.45],[-80.275,34.453],[-80.225,34.456],[-80.175,34.46],[-80.125,34.463],[-80.075,34.466],[-80.025,34.47],[-79.975,34.474],[-79.96,34.475],[-79.925,34.478],[-79.875,34.483],[-79.825,34.489],[-79.775,34.496],[-79.725,34.503],[-79.675,34.511],[-79.625,34.52],[-79.6,34.525],[-79.575,34.53],[-79.525,34.541],[-79.475,34.553],[-79.425,34.566],[-79.392,34.575],[-79.375,34.58],[-79.325,34.596],[-79.275,34.613],[-79.243,34.625],[-79.225,34.632],[-79.175,34.652],[-79.125,34.674],[-79.123,34.675],[-79.075,34.697],[-79.025,34.722],[-79.018,34.725],[-78.975,34.747],[-78.925,34.773],[-78.921,34.775],[-78.875,34.799],[-78.827,34.825],[-78.825,34.826],[-78.775,34.854],[-78.736,34.875],[-78.725,34.881],[-78.675,34.909],[-78.645,34.925],[-78.625,34.936],[-78.575,34.963],[-78.552,34.975],[-78.525,34.989],[-78.475,35.014],[-78.453,35.025],[-78.425,35.039],[-78.375,35.062],[-78.346,35.075],[-78.325,35.085],[-78.275,35.107],[-78.232,35.125],[-78.225,35.128],[-78.175,35.149],[-78.125,35.17],[-78.112,35.175],[-78.075,35.19],[-78.025,35.211],[-77.992,35.225],[-77.975,35.232],[-77.925,35.255],[-77.885,35.275],[-77.875,35.28],[-77.825,35.307],[-77.794,35.325],[-77.775,35.336],[-77.725,35.367],[-77.713,35.375],[-77.675,35.399],[-77.633,35.425],[-77.625,35.43],[-77.575,35.458],[-77.545,35.475],[-77.525,35.485],[-77.475,35.51],[-77.44,35.525],[-77.425,35.531],[-77.375,35.547],[-77.325,35.557],[-77.275,35.562],[-77.225,35.56],[-77.175,35.553],[-77.125,35.539],[-77.094,35.525],[-77.075,35.515],[-77.025,35.477],[-77.024,35.476]],[[-76.739,34.875],[-76.725,34.833],[-76.722,34.825]],[[-76.815,35.115],[-76.801,35.075],[-76.785,35.025]],[[-76.988,35.438],[-76.976,35.425],[-76.975,35.424],[-76.94,35.375],[-76.925,35.352],[-76.909,35.325],[-76.882,35.275],[-76.875,35.26],[-76.859,35.225],[-76.838,35.175],[-76.825,35.142],[-76.821,35.129]]]}},{"type":"Feature","properties":{"date":"2003-04-10","label":"10 Apr","yday":100,"tier":"five","major":false},"geometry":{"type":"MultiLineString","coordinates":[[[-86.27,34.075],[-86.225,34.066],[-86.175,34.055],[-86.125,34.043],[-86.075,34.031],[-86.052,34.025],[-86.025,34.018],[-85.975,34.003],[-85.925,33.988],[-85.887,33.975],[-85.875,33.971],[-85.825,33.953],[-85.775,33.934],[-85.754,33.925],[-85.725,33.913],[-85.675,33.891],[-85.642,33.875],[-85.625,33.867],[-85.575,33.842],[-85.544,33.825],[-85.525,33.815],[-85.475,33.788],[-85.453,33.775],[-85.425,33.759],[-85.375,33.731],[-85.365,33.725],[-85.325,33.703],[-85.276,33.675],[-85.275,33.674],[-85.225,33.648],[-85.182,33.625],[-85.175,33.621],[-85.125,33.597],[-85.078,33.575],[-85.075,33.573],[-85.025,33.552]],[[-82.167,34.033],[-82.125,34.047],[-82.075,34.064],[-82.046,34.075],[-82.025,34.083],[-81.975,34.102],[-81.925,34.122],[-81.919,34.125]],[[-86.754,34.146],[-86.725,34.143],[-86.675,34.137],[-86.625,34.131],[-86.579,34.125],[-86.575,34.124],[-86.525,34.118],[-86.475,34.11],[-86.425,34.103],[-86.398,34.098]],[[-80.675,34.522],[-80.65,34.525],[-80.625,34.528],[-80.575,34.535],[-80.525,34.54],[-80.475,34.546],[-80.425,34.55],[-80.375,34.555],[-80.325,34.559],[-80.275,34.563],[-80.225,34.566],[-80.175,34.57],[-80.125,34.573],[-80.102,34.575],[-80.075,34.577],[-80.025,34.581],[-79.975,34.585],[-79.925,34.589],[-79.875,34.595],[-79.825,34.6],[-79.775,34.607],[-79.725,34.614],[-79.675,34.622],[-79.658,34.625],[-79.625,34.631],[-79.575,34.641],[-79.525,34.651],[-79.475,34.663],[-79.43,34.675],[-79.425,34.676],[-79.375,34.691],[-79.325,34.707],[-79.277,34.725],[-79.275,34.726],[-79.225,34.746],[-79.175,34.767],[-79.158,34.775],[-79.125,34.79],[-79.075,34.814],[-79.054,34.825],[-79.025,34.84],[-78.975,34.866],[-78.958,34.875],[-78.925,34.893],[-78.875,34.921],[-78.868,34.925],[-78.825,34.951],[-78.785,34.975],[-78.775,34.981],[-78.725,35.013],[-78.705,35.025],[-78.675,35.044],[-78.625,35.075],[-78.625,35.075],[-78.575,35.105],[-78.538,35.125],[-78.525,35.132],[-78.475,35.158],[-78.441,35.175],[-78.425,35.183],[-78.375,35.205],[-78.33,35.225],[-78.325,35.227],[-78.275,35.248],[-78.225,35.269],[-78.21,35.275],[-78.175,35.289],[-78.125,35.31],[-78.09,35.325],[-78.075,35.331],[-78.025,35.354],[-77.98,35.375],[-77.975,35.377],[-77.925,35.403],[-77.887,35.425],[-77.875,35.432],[-77.825,35.464],[-77.808,35.475],[-77.775,35.496],[-77.732,35.525],[-77.725,35.529],[-77.675,35.561],[-77.653,35.575],[-77.625,35.592],[-77.575,35.622],[-77.569,35.625],[-77.525,35.648],[-77.475,35.671],[-77.466,35.675],[-77.425,35.69],[-77.375,35.704],[-77.325,35.713],[-77.275,35.718],[-77.225,35.718],[-77.175,35.713],[-77.125,35.704],[-77.075,35.69],[-77.037,35.675],[-77.025,35.67],[-76.975,35.642],[-76.95,35.625],[-76.925,35.605],[-76.891,35.575],[-76.883,35.567]],[[-76.555,34.945],[-76.546,34.925],[-76.525,34.876],[-76.525,34.875],[-76.5,34.825],[-76.492,34.808]]]}},{"type":"Feature","properties":{"date":"2003-04-11","label":"11 Apr","yday":101,"tier":"day","major":false},"geometry":{"type":"MultiLineString","coordinates":[[[-85.827,34.123],[-85.825,34.122],[-85.775,34.106],[-85.725,34.088],[-85.691,34.075],[-85.675,34.069],[-85.625,34.047],[-85.577,34.025],[-85.575,34.024],[-85.525,33.999],[-85.481,33.975],[-85.475,33.972],[-85.425,33.943],[-85.395,33.925],[-85.375,33.913],[-85.325,33.881],[-85.316,33.875],[-85.275,33.849],[-85.237,33.825],[-85.225,33.818],[-85.175,33.787],[-85.156,33.775],[-85.125,33.757],[-85.075,33.729],[-85.068,33.725],[-85.025,33.703],[-84.975,33.678],[-84.973,33.677]],[[-80.625,34.639],[-80.575,34.645],[-80.525,34.652],[-80.475,34.657],[-80.425,34.662],[-80.375,34.667],[-80.325,34.672],[-80.285,34.675],[-80.275,34.676],[-80.225,34.68],[-80.175,34.684],[-80.125,34.688],[-80.075,34.691],[-80.025,34.695],[-79.975,34.7],[-79.925,34.704],[-79.875,34.709],[-79.825,34.715],[-79.775,34.721],[-79.746,34.725],[-79.725,34.728],[-79.675,34.736],[-79.625,34.744],[-79.575,34.754],[-79.525,34.765],[-79.481,34.775],[-79.475,34.776],[-79.425,34.79],[-79.375,34.805],[-79.325,34.823],[-79.319,34.825],[-79.275,34.842],[-79.225,34.864],[-79.2,34.875],[-79.175,34.886],[-79.125,34.911],[-79.096,34.925],[-79.075,34.936],[-79.025,34.963],[-79.003,34.975],[-78.975,34.991],[-78.925,35.021],[-78.918,35.025],[-78.875,35.053],[-78.843,35.075],[-78.825,35.088],[-78.775,35.124],[-78.773,35.125],[-78.725,35.16],[-78.703,35.175],[-78.675,35.195],[-78.627,35.225],[-78.625,35.226],[-78.575,35.254],[-78.533,35.275],[-78.525,35.279],[-78.475,35.301],[-78.425,35.323],[-78.42,35.325],[-78.375,35.343],[-78.325,35.363],[-78.294,35.375],[-78.275,35.383],[-78.225,35.403],[-78.175,35.423],[-78.17,35.425],[-78.125,35.444],[-78.075,35.466],[-78.057,35.475],[-78.025,35.49],[-77.975,35.517],[-77.961,35.525],[-77.925,35.546],[-77.879,35.575],[-77.875,35.578],[-77.825,35.61],[-77.801,35.625],[-77.775,35.642],[-77.725,35.673],[-77.723,35.675],[-77.675,35.704],[-77.639,35.725],[-77.625,35.733],[-77.575,35.759],[-77.542,35.775],[-77.525,35.783],[-77.475,35.803],[-77.425,35.819],[-77.402,35.825],[-77.375,35.832],[-77.325,35.84],[-77.275,35.845],[-77.225,35.846],[-77.175,35.843],[-77.125,35.836],[-77.078,35.825],[-77.075,35.824],[-77.025,35.808],[-76.975,35.787],[-76.951,35.775],[-76.925,35.761],[-76.875,35.729],[-76.869,35.725],[-76.825,35.69],[-76.807,35.675],[-76.775,35.645],[-76.756,35.625]]]}},{"type":"Feature","properties":{"date":"2003-04-12","label":"12 Apr","yday":102,"tier":"day","major":false},"geometry":{"type":"MultiLineString","coordinates":[[[-85.619,34.231],[-85.603,34.225],[-85.575,34.215],[-85.525,34.194],[-85.481,34.175],[-85.475,34.172],[-85.425,34.147],[-85.386,34.125],[-85.375,34.119],[-85.325,34.088],[-85.306,34.075],[-85.275,34.054],[-85.235,34.025],[-85.225,34.018],[-85.175,33.981],[-85.167,33.975],[-85.125,33.945],[-85.098,33.925],[-85.075,33.91],[-85.025,33.877],[-85.023,33.875],[-84.975,33.846],[-84.937,33.825],[-84.925,33.819],[-84.875,33.794],[-84.832,33.775],[-84.827,33.773]],[[-80.254,34.796],[-80.225,34.799],[-80.175,34.803],[-80.125,34.807],[-80.075,34.811],[-80.025,34.815],[-79.975,34.819],[-79.925,34.824],[-79.913,34.825],[-79.875,34.829],[-79.825,34.834],[-79.775,34.84],[-79.725,34.847],[-79.675,34.855],[-79.625,34.863],[-79.575,34.873],[-79.565,34.875],[-79.525,34.884],[-79.475,34.897],[-79.425,34.911],[-79.383,34.925],[-79.375,34.928],[-79.325,34.947],[-79.275,34.968],[-79.258,34.975],[-79.225,34.99],[-79.175,35.015],[-79.155,35.025],[-79.125,35.041],[-79.075,35.069],[-79.064,35.075],[-79.025,35.099],[-78.984,35.125],[-78.975,35.131],[-78.925,35.168],[-78.915,35.175],[-78.875,35.207],[-78.853,35.225],[-78.825,35.248],[-78.79,35.275],[-78.775,35.287],[-78.725,35.323],[-78.721,35.325],[-78.675,35.352],[-78.628,35.375],[-78.625,35.376],[-78.575,35.398],[-78.525,35.418],[-78.507,35.425],[-78.475,35.437],[-78.425,35.456],[-78.375,35.474],[-78.373,35.475],[-78.325,35.494],[-78.275,35.514],[-78.248,35.525],[-78.225,35.535],[-78.175,35.556],[-78.134,35.575],[-78.125,35.579],[-78.075,35.604],[-78.035,35.625],[-78.025,35.63],[-77.975,35.658],[-77.946,35.675],[-77.925,35.687],[-77.875,35.717],[-77.862,35.725],[-77.825,35.747],[-77.78,35.775],[-77.775,35.778],[-77.725,35.808],[-77.697,35.825],[-77.675,35.837],[-77.625,35.864],[-77.603,35.875],[-77.575,35.889],[-77.525,35.91],[-77.482,35.925],[-77.475,35.928],[-77.425,35.942],[-77.375,35.954],[-77.325,35.962],[-77.275,35.967],[-77.225,35.968],[-77.175,35.966],[-77.125,35.96],[-77.075,35.951],[-77.025,35.937],[-76.99,35.925],[-76.975,35.92],[-76.925,35.898],[-76.882,35.875],[-76.875,35.871],[-76.825,35.839],[-76.805,35.825],[-76.775,35.803],[-76.741,35.775],[-76.725,35.761],[-76.686,35.725],[-76.68,35.72]]]}},{"type":"Feature","properties":{"date":"2003-04-13","label":"13 Apr","yday":103,"tier":"day","major":false},"geometry":{"type":"MultiLineString","coordinates":[[[-85.364,34.325],[-85.325,34.307],[-85.275,34.281],[-85.264,34.275],[-85.225,34.25],[-85.19,34.225],[-85.175,34.214],[-85.128,34.175],[-85.125,34.172],[-85.075,34.129],[-85.071,34.125],[-85.025,34.086],[-85.011,34.075],[-84.975,34.046],[-84.947,34.025],[-84.925,34.01],[-84.875,33.977],[-84.871,33.975],[-84.825,33.949],[-84.775,33.925],[-84.775,33.925],[-84.725,33.905],[-84.675,33.888],[-84.625,33.875],[-84.625,33.875]],[[-80.125,34.934],[-80.075,34.938],[-80.025,34.942],[-79.975,34.947],[-79.925,34.951],[-79.875,34.956],[-79.825,34.961],[-79.775,34.967],[-79.725,34.974],[-79.718,34.975],[-79.675,34.982],[-79.625,34.991],[-79.575,35.001],[-79.525,35.013],[-79.48,35.025],[-79.475,35.026],[-79.425,35.043],[-79.375,35.061],[-79.341,35.075],[-79.325,35.082],[-79.275,35.105],[-79.235,35.125],[-79.225,35.13],[-79.175,35.158],[-79.147,35.175],[-79.125,35.189],[-79.075,35.222],[-79.07,35.225],[-79.025,35.258],[-79.003,35.275],[-78.975,35.297],[-78.94,35.325],[-78.925,35.336],[-78.875,35.375],[-78.875,35.375],[-78.825,35.41],[-78.801,35.425],[-78.775,35.441],[-78.725,35.467],[-78.707,35.475],[-78.675,35.49],[-78.625,35.51],[-78.587,35.525],[-78.575,35.53],[-78.525,35.548],[-78.475,35.567],[-78.454,35.575],[-78.425,35.586],[-78.375,35.606],[-78.328,35.625],[-78.325,35.626],[-78.275,35.648],[-78.225,35.67],[-78.214,35.675],[-78.175,35.693],[-78.125,35.717],[-78.11,35.725],[-78.075,35.743],[-78.025,35.769],[-78.014,35.775],[-77.975,35.796],[-77.925,35.824],[-77.923,35.825],[-77.875,35.853],[-77.84,35.875],[-77.825,35.884],[-77.775,35.915],[-77.758,35.925],[-77.725,35.944],[-77.675,35.971],[-77.667,35.975],[-77.625,35.996],[-77.575,36.017],[-77.555,36.025],[-77.525,36.036],[-77.475,36.052],[-77.425,36.066],[-77.379,36.075],[-77.375,36.076],[-77.325,36.083],[-77.275,36.088],[-77.225,36.09],[-77.175,36.089],[-77.125,36.085],[-77.075,36.077],[-77.066,36.075],[-77.025,36.066],[-76.975,36.051],[-76.925,36.032],[-76.91,36.025],[-76.875,36.009],[-76.825,35.981],[-76.816,35.975],[-76.775,35.948],[-76.743,35.925],[-76.725,35.911],[-76.68,35.875],[-76.675,35.87],[-76.625,35.826],[-76.624,35.825],[-76.599,35.801]]]}},{"type":"Feature","properties":{"date":"2003-04-14","label":"14 Apr","yday":104,"tier":"day","major":false},"geometry":{"type":"MultiLineString","coordinates":[[[-85.02,34.325],[-84.975,34.286],[-84.962,34.275],[-84.925,34.243],[-84.904,34.225],[-84.875,34.201],[-84.842,34.175],[-84.825,34.162],[-84.775,34.13],[-84.766,34.125],[-84.725,34.103],[-84.675,34.08],[-84.661,34.075],[-84.625,34.062],[-84.575,34.049],[-84.525,34.04]],[[-80.075,35.075],[-80.025,35.08],[-79.975,35.084],[-79.925,35.089],[-79.875,35.093],[-79.825,35.099],[-79.775,35.105],[-79.725,35.112],[-79.675,35.121],[-79.653,35.125],[-79.625,35.131],[-79.575,35.142],[-79.525,35.155],[-79.475,35.171],[-79.463,35.175],[-79.425,35.189],[-79.375,35.209],[-79.342,35.225],[-79.325,35.233],[-79.275,35.261],[-79.25,35.275],[-79.225,35.29],[-79.175,35.323],[-79.171,35.325],[-79.125,35.357],[-79.099,35.375],[-79.075,35.392],[-79.029,35.425],[-79.025,35.428],[-78.975,35.462],[-78.956,35.475],[-78.925,35.494],[-78.875,35.524],[-78.874,35.525],[-78.825,35.551],[-78.777,35.575],[-78.775,35.576],[-78.725,35.599],[-78.675,35.62],[-78.663,35.625],[-78.625,35.64],[-78.575,35.66],[-78.537,35.675]],[[-77.936,35.964],[-77.925,35.97],[-77.917,35.975],[-77.875,36.0],[-77.833,36.025],[-77.825,36.03],[-77.775,36.058],[-77.742,36.075],[-77.725,36.084],[-77.675,36.107],[-77.634,36.125],[-77.625,36.129],[-77.575,36.148],[-77.525,36.165],[-77.488,36.175],[-77.475,36.179],[-77.425,36.19],[-77.375,36.2],[-77.325,36.207],[-77.275,36.211],[-77.225,36.214],[-77.175,36.213],[-77.125,36.211],[-77.075,36.205],[-77.025,36.197],[-76.975,36.185],[-76.942,36.175],[-76.925,36.17],[-76.875,36.15],[-76.825,36.126],[-76.824,36.125],[-76.775,36.097]]]}},{"type":"Feature","properties":{"date":"2003-04-15","label":"15 Apr","yday":105,"tier":"index","major":true},"geometry":{"type":"MultiLineString","coordinates":[[[-80.125,35.221],[-80.078,35.225],[-80.075,35.225],[-80.025,35.229],[-79.975,35.234],[-79.925,35.239],[-79.875,35.244],[-79.825,35.25],[-79.775,35.257],[-79.725,35.266],[-79.677,35.275],[-79.675,35.275],[-79.625,35.287],[-79.575,35.301],[-79.525,35.317],[-79.502,35.325],[-79.475,35.335],[-79.425,35.356],[-79.386,35.375]],[[-79.363,35.387],[-79.325,35.407],[-79.295,35.425],[-79.275,35.436],[-79.225,35.467],[-79.212,35.475],[-79.175,35.498],[-79.132,35.525]],[[-78.875,35.668],[-78.86,35.675],[-78.825,35.691],[-78.775,35.713],[-78.746,35.725]],[[-76.694,36.206],[-76.675,36.191],[-76.654,36.175],[-76.625,36.151],[-76.596,36.125],[-76.575,36.106]],[[-77.725,36.225],[-77.675,36.245],[-77.625,36.264],[-77.59,36.275],[-77.575,36.28],[-77.525,36.294],[-77.475,36.306],[-77.425,36.316],[-77.375,36.324],[-77.369,36.325],[-77.325,36.33],[-77.275,36.335],[-77.225,36.337],[-77.175,36.338],[-77.125,36.337],[-77.075,36.334],[-77.025,36.328],[-77.003,36.325],[-76.975,36.32],[-76.925,36.309],[-76.875,36.295],[-76.825,36.277],[-76.821,36.275],[-76.775,36.254],[-76.756,36.244]]]}},{"type":"Feature","properties":{"date":"2003-04-16","label":"16 Apr","yday":106,"tier":"day","major":false},"geometry":{"type":"MultiLineString","coordinates":[[[-77.625,36.398],[-77.575,36.411],[-77.525,36.422],[-77.51,36.425],[-77.475,36.432],[-77.425,36.44],[-77.375,36.447],[-77.325,36.452],[-77.275,36.456],[-77.225,36.459],[-77.175,36.46],[-77.125,36.46],[-77.075,36.459],[-77.025,36.456],[-76.975,36.451],[-76.925,36.444],[-76.875,36.435],[-76.832,36.425],[-76.825,36.423],[-76.775,36.408],[-76.725,36.388],[-76.696,36.375],[-76.675,36.364],[-76.625,36.334],[-76.613,36.325],[-76.575,36.297],[-76.55,36.275],[-76.525,36.252]]]}},{"type":"Feature","properties":{"date":"2003-04-17","label":"17 Apr","yday":107,"tier":"day","major":false},"geometry":{"type":"MultiLineString","coordinates":[[[-75.975,35.785],[-75.967,35.775],[-75.925,35.725],[-75.925,35.725],[-75.902,35.698]],[[-77.708,36.508],[-77.675,36.516],[-77.638,36.525],[-77.625,36.528],[-77.575,36.538],[-77.525,36.546],[-77.475,36.554],[-77.425,36.56],[-77.375,36.565],[-77.325,36.569],[-77.275,36.572],[-77.225,36.574],[-77.179,36.575],[-77.175,36.575],[-77.125,36.575],[-77.075,36.575],[-77.073,36.575],[-77.025,36.574],[-76.975,36.571],[-76.925,36.567],[-76.875,36.562],[-76.825,36.554],[-76.775,36.545],[-76.725,36.534],[-76.694,36.525],[-76.675,36.519],[-76.625,36.5],[-76.575,36.477],[-76.572,36.475],[-76.525,36.446],[-76.496,36.425],[-76.475,36.408]]]}},{"type":"Feature","properties":{"date":"2003-04-18","label":"18 Apr","yday":108,"tier":"day","major":false},"geometry":{"type":"MultiLineString","coordinates":[[[-75.853,35.825],[-75.825,35.793]],[[-77.875,36.6],[-77.825,36.613],[-77.776,36.625],[-77.775,36.625],[-77.725,36.636],[-77.675,36.645],[-77.649,36.649]],[[-77.119,36.681],[-77.075,36.681],[-77.025,36.68],[-76.975,36.678],[-76.925,36.676],[-76.909,36.675],[-76.875,36.672],[-76.825,36.668],[-76.775,36.661],[-76.725,36.654],[-76.675,36.645],[-76.625,36.635],[-76.589,36.625],[-76.575,36.621],[-76.525,36.602],[-76.475,36.58],[-76.466,36.575],[-76.425,36.55],[-76.39,36.525],[-76.382,36.518]]]}},{"type":"Feature","properties":{"date":"2003-04-19","label":"19 Apr","yday":109,"tier":"day","major":false},"geometry":{"type":"MultiLineString","coordinates":[[[-76.399,36.675],[-76.375,36.663],[-76.325,36.635]],[[-76.548,36.725],[-76.525,36.719],[-76.475,36.704],[-76.442,36.692]],[[-76.976,36.774],[-76.975,36.774],[-76.925,36.772],[-76.875,36.768],[-76.825,36.764],[-76.775,36.76],[-76.725,36.754],[-76.675,36.748],[-76.625,36.74],[-76.582,36.732]]]}}]}