{"type":"FeatureCollection","features":[{"type":"Feature","properties":{"date":"2016-02-17","label":"17 Feb","yday":48,"tier":"day","major":false},"geometry":{"type":"MultiLineString","coordinates":[[[-82.074,26.726],[-82.025,26.739],[-81.975,26.753],[-81.925,26.767],[-81.895,26.775],[-81.875,26.78],[-81.825,26.794],[-81.799,26.801]],[[-81.565,26.865],[-81.531,26.875],[-81.525,26.877],[-81.475,26.89],[-81.425,26.904],[-81.385,26.915]]]}},{"type":"Feature","properties":{"date":"2016-02-18","label":"18 Feb","yday":49,"tier":"day","major":false},"geometry":{"type":"MultiLineString","coordinates":[[[-82.248,26.848],[-82.225,26.855],[-82.175,26.868]],[[-82.025,26.909],[-81.975,26.923],[-81.968,26.925],[-81.925,26.937],[-81.875,26.951],[-81.825,26.965],[-81.789,26.975],[-81.775,26.979],[-81.725,26.993],[-81.675,27.007],[-81.625,27.021],[-81.61,27.025],[-81.575,27.035],[-81.525,27.049],[-81.475,27.063],[-81.433,27.075],[-81.425,27.077],[-81.375,27.091],[-81.325,27.106],[-81.282,27.118]]]}},{"type":"Feature","properties":{"date":"2016-02-19","label":"19 Feb","yday":50,"tier":"five","major":false},"geometry":{"type":"MultiLineString","coordinates":[[[-82.382,26.982],[-82.375,26.984],[-82.325,26.998],[-82.275,27.012],[-82.229,27.025],[-82.225,27.026],[-82.175,27.04],[-82.125,27.054],[-82.075,27.068],[-82.049,27.075],[-82.025,27.082],[-81.975,27.096],[-81.925,27.11],[-81.875,27.124],[-81.871,27.125],[-81.825,27.138],[-81.775,27.152],[-81.725,27.167],[-81.696,27.175],[-81.675,27.181],[-81.625,27.195],[-81.575,27.21],[-81.525,27.224],[-81.522,27.225],[-81.475,27.239],[-81.425,27.253],[-81.375,27.268],[-81.352,27.275],[-81.325,27.283],[-81.275,27.298],[-81.225,27.313],[-81.185,27.325],[-81.175,27.328],[-81.125,27.343],[-81.098,27.352]],[[-81.024,27.375],[-80.975,27.391],[-80.951,27.399]],[[-80.871,27.425],[-80.825,27.441],[-80.775,27.458]]]}},{"type":"Feature","properties":{"date":"2016-02-20","label":"20 Feb","yday":51,"tier":"day","major":false},"geometry":{"type":"MultiLineString","coordinates":[[[-82.438,27.138],[-82.425,27.142],[-82.375,27.156],[-82.325,27.171],[-82.309,27.175],[-82.275,27.185],[-82.225,27.199],[-82.175,27.213],[-82.133,27.225],[-82.125,27.227],[-82.075,27.241],[-82.025,27.256],[-81.975,27.27],[-81.957,27.275],[-81.925,27.284],[-81.875,27.299],[-81.825,27.313],[-81.784,27.325],[-81.775,27.328],[-81.725,27.342],[-81.675,27.357],[-81.625,27.372],[-81.614,27.375],[-81.575,27.387],[-81.525,27.402],[-81.475,27.417],[-81.449,27.425],[-81.425,27.433],[-81.375,27.448],[-81.325,27.464],[-81.29,27.475],[-81.275,27.48],[-81.225,27.496],[-81.175,27.512],[-81.136,27.525],[-81.125,27.529],[-81.075,27.545],[-81.025,27.562],[-80.988,27.575],[-80.975,27.579],[-80.925,27.597],[-80.875,27.614],[-80.844,27.625],[-80.825,27.632],[-80.775,27.649]]]}},{"type":"Feature","properties":{"date":"2016-02-21","label":"21 Feb","yday":52,"tier":"day","major":false},"geometry":{"type":"MultiLineString","coordinates":[[[-82.525,27.286],[-82.475,27.3],[-82.425,27.315],[-82.39,27.325],[-82.375,27.329],[-82.325,27.344],[-82.275,27.358],[-82.225,27.373],[-82.216,27.375],[-82.175,27.387],[-82.125,27.401],[-82.075,27.416],[-82.043,27.425],[-82.025,27.43],[-81.975,27.445],[-81.925,27.459],[-81.875,27.474],[-81.871,27.475],[-81.825,27.489],[-81.775,27.503],[-81.725,27.519],[-81.704,27.525],[-81.675,27.534],[-81.625,27.549],[-81.575,27.565],[-81.543,27.575],[-81.525,27.581],[-81.475,27.597],[-81.425,27.613],[-81.39,27.625],[-81.375,27.63],[-81.325,27.647],[-81.275,27.664],[-81.243,27.675],[-81.225,27.681],[-81.175,27.699],[-81.125,27.716],[-81.1,27.725],[-81.075,27.734],[-81.025,27.752],[-80.975,27.77],[-80.96,27.775],[-80.925,27.788],[-80.875,27.806],[-80.861,27.811]]]}},{"type":"Feature","properties":{"date":"2016-02-22","label":"22 Feb","yday":53,"tier":"day","major":false},"geometry":{"type":"MultiLineString","coordinates":[[[-82.589,27.439],[-82.575,27.443],[-82.525,27.458],[-82.475,27.473],[-82.467,27.475],[-82.425,27.487],[-82.375,27.502],[-82.325,27.517],[-82.296,27.525],[-82.275,27.531],[-82.225,27.545],[-82.175,27.56],[-82.125,27.574],[-82.123,27.575],[-82.075,27.589],[-82.025,27.603],[-81.975,27.618],[-81.951,27.625],[-81.925,27.633],[-81.875,27.648],[-81.825,27.663],[-81.785,27.675],[-81.775,27.678],[-81.725,27.694],[-81.675,27.71],[-81.628,27.725],[-81.625,27.726],[-81.575,27.743],[-81.525,27.76],[-81.481,27.775],[-81.475,27.777],[-81.425,27.794],[-81.375,27.812],[-81.339,27.825],[-81.325,27.83],[-81.275,27.848],[-81.225,27.866],[-81.202,27.875],[-81.175,27.885],[-81.125,27.903],[-81.075,27.921],[-81.065,27.925],[-81.025,27.94],[-80.975,27.958],[-80.929,27.975],[-80.925,27.976]]]}},{"type":"Feature","properties":{"date":"2016-02-23","label":"23 Feb","yday":54,"tier":"day","major":false},"geometry":{"type":"MultiLineString","coordinates":[[[-82.52,27.63],[-82.475,27.643],[-82.425,27.658],[-82.375,27.673],[-82.367,27.675],[-82.325,27.687],[-82.275,27.701],[-82.225,27.716],[-82.194,27.725],[-82.175,27.73],[-82.125,27.745],[-82.075,27.759],[-82.025,27.774],[-82.022,27.775],[-81.975,27.789],[-81.925,27.804],[-81.875,27.819],[-81.855,27.825],[-81.825,27.834],[-81.775,27.85],[-81.725,27.867],[-81.7,27.875],[-81.675,27.884],[-81.625,27.901],[-81.575,27.919],[-81.558,27.925],[-81.525,27.937],[-81.475,27.955],[-81.425,27.974],[-81.422,27.975],[-81.375,27.993],[-81.325,28.011],[-81.288,28.025],[-81.275,28.03],[-81.225,28.049],[-81.175,28.067],[-81.154,28.075],[-81.125,28.086],[-81.075,28.104],[-81.025,28.123],[-81.018,28.125],[-80.975,28.141],[-80.925,28.159]]]}},{"type":"Feature","properties":{"date":"2016-02-24","label":"24 Feb","yday":55,"tier":"five","major":false},"geometry":{"type":"MultiLineString","coordinates":[[[-82.694,27.744],[-82.675,27.75],[-82.625,27.765]],[[-82.375,27.838],[-82.325,27.853],[-82.275,27.867],[-82.248,27.875],[-82.225,27.882],[-82.175,27.896],[-82.125,27.911],[-82.078,27.925],[-82.075,27.926],[-82.025,27.941],[-81.975,27.956],[-81.925,27.972],[-81.914,27.975],[-81.875,27.987],[-81.825,28.004],[-81.775,28.021],[-81.762,28.025],[-81.725,28.038],[-81.675,28.056],[-81.625,28.074],[-81.623,28.075],[-81.575,28.093],[-81.525,28.112],[-81.49,28.125],[-81.475,28.131],[-81.425,28.15],[-81.375,28.169],[-81.359,28.175],[-81.325,28.188],[-81.275,28.206],[-81.225,28.225],[-81.225,28.225],[-81.175,28.243],[-81.125,28.261],[-81.087,28.275],[-81.075,28.279],[-81.025,28.297],[-80.975,28.315]]]}},{"type":"Feature","properties":{"date":"2016-02-25","label":"25 Feb","yday":56,"tier":"day","major":false},"geometry":{"type":"MultiLineString","coordinates":[[[-82.825,27.863],[-82.788,27.875],[-82.775,27.879],[-82.725,27.895],[-82.702,27.902]],[[-82.548,27.948],[-82.525,27.954],[-82.475,27.969],[-82.454,27.975],[-82.425,27.983],[-82.375,27.997],[-82.325,28.012],[-82.28,28.025],[-82.275,28.027],[-82.225,28.041],[-82.175,28.056],[-82.125,28.071],[-82.114,28.075],[-82.075,28.087],[-82.025,28.103],[-81.975,28.119],[-81.956,28.125],[-81.925,28.135],[-81.875,28.152],[-81.825,28.169],[-81.809,28.175],[-81.775,28.187],[-81.725,28.205],[-81.675,28.224],[-81.671,28.225],[-81.625,28.242],[-81.575,28.261],[-81.54,28.275],[-81.525,28.281],[-81.475,28.3],[-81.425,28.319],[-81.409,28.325],[-81.375,28.338],[-81.325,28.356],[-81.275,28.375],[-81.274,28.375],[-81.225,28.393],[-81.175,28.41],[-81.134,28.425],[-81.125,28.428],[-81.075,28.445],[-81.025,28.462],[-80.987,28.475],[-80.978,28.478]]]}},{"type":"Feature","properties":{"date":"2016-02-26","label":"26 Feb","yday":57,"tier":"day","major":false},"geometry":{"type":"MultiLineString","coordinates":[[[-82.775,28.033],[-82.725,28.048],[-82.675,28.063],[-82.635,28.075],[-82.625,28.078],[-82.575,28.092],[-82.525,28.107],[-82.475,28.121],[-82.462,28.125],[-82.425,28.136],[-82.375,28.15],[-82.325,28.165],[-82.292,28.175],[-82.275,28.18],[-82.225,28.195],[-82.175,28.211],[-82.13,28.225],[-82.125,28.226],[-82.075,28.243],[-82.025,28.259],[-81.978,28.275],[-81.975,28.276],[-81.925,28.293],[-81.875,28.311],[-81.835,28.325],[-81.825,28.329],[-81.775,28.347],[-81.725,28.365],[-81.7,28.375],[-81.675,28.384],[-81.625,28.403],[-81.575,28.422],[-81.568,28.425],[-81.525,28.441],[-81.475,28.46],[-81.436,28.475],[-81.425,28.479],[-81.375,28.498],[-81.325,28.516],[-81.301,28.525],[-81.275,28.534],[-81.225,28.551],[-81.175,28.569],[-81.156,28.575],[-81.125,28.585],[-81.075,28.602],[-81.058,28.608]]]}},{"type":"Feature","properties":{"date":"2016-02-27","label":"27 Feb","yday":58,"tier":"day","major":false},"geometry":{"type":"MultiLineString","coordinates":[[[-82.764,28.186],[-82.725,28.197],[-82.675,28.212],[-82.629,28.225],[-82.625,28.226],[-82.575,28.24],[-82.525,28.255],[-82.475,28.269],[-82.456,28.275],[-82.425,28.284],[-82.375,28.299],[-82.325,28.314],[-82.289,28.325],[-82.275,28.329],[-82.225,28.345],[-82.175,28.361],[-82.132,28.375],[-82.125,28.377],[-82.075,28.394],[-82.025,28.411],[-81.984,28.425],[-81.975,28.428],[-81.925,28.446],[-81.875,28.464],[-81.845,28.475],[-81.825,28.482],[-81.775,28.501],[-81.725,28.519],[-81.71,28.525],[-81.675,28.538],[-81.625,28.557],[-81.578,28.575],[-81.575,28.576],[-81.525,28.595],[-81.475,28.613],[-81.444,28.625],[-81.425,28.632],[-81.375,28.65],[-81.325,28.668],[-81.305,28.675],[-81.275,28.685],[-81.225,28.702],[-81.175,28.719],[-81.158,28.725],[-81.125,28.736],[-81.075,28.752]]]}},{"type":"Feature","properties":{"date":"2016-02-28","label":"28 Feb","yday":59,"tier":"day","major":false},"geometry":{"type":"MultiLineString","coordinates":[[[-82.675,28.358],[-82.625,28.372],[-82.615,28.375],[-82.575,28.386],[-82.525,28.401],[-82.475,28.415],[-82.442,28.425],[-82.425,28.43],[-82.375,28.445],[-82.325,28.46],[-82.278,28.475],[-82.275,28.476],[-82.225,28.492],[-82.175,28.508],[-82.125,28.525],[-82.125,28.525],[-82.075,28.542],[-82.025,28.559],[-81.981,28.575],[-81.975,28.577],[-81.925,28.595],[-81.875,28.613],[-81.843,28.625],[-81.825,28.632],[-81.775,28.65],[-81.725,28.669],[-81.708,28.675],[-81.675,28.687],[-81.625,28.706],[-81.575,28.725],[-81.574,28.725],[-81.525,28.743],[-81.475,28.761],[-81.436,28.775],[-81.425,28.779],[-81.375,28.797],[-81.325,28.814],[-81.294,28.825],[-81.275,28.832],[-81.225,28.848],[-81.175,28.865],[-81.145,28.875],[-81.125,28.882],[-81.075,28.898],[-81.025,28.914]]]}},{"type":"Feature","properties":{"date":"2016-02-29","label":"29 Feb","yday":60,"tier":"index","major":true},"geometry":{"type":"MultiLineString","coordinates":[[[-82.625,28.518],[-82.599,28.525],[-82.575,28.532],[-82.525,28.546],[-82.475,28.56],[-82.425,28.575],[-82.425,28.575],[-82.375,28.59],[-82.325,28.605],[-82.275,28.621],[-82.263,28.625],[-82.225,28.637],[-82.175,28.654],[-82.125,28.671],[-82.113,28.675],[-82.075,28.688],[-82.025,28.706],[-81.975,28.724],[-81.972,28.725],[-81.925,28.742],[-81.875,28.76],[-81.835,28.775],[-81.825,28.778],[-81.775,28.797],[-81.725,28.815],[-81.698,28.825],[-81.675,28.834],[-81.625,28.852],[-81.575,28.87],[-81.561,28.875],[-81.525,28.888],[-81.475,28.906],[-81.425,28.923],[-81.42,28.925],[-81.375,28.941],[-81.325,28.958],[-81.275,28.975],[-81.275,28.975],[-81.225,28.992],[-81.175,29.009],[-81.125,29.025],[-81.125,29.025],[-81.075,29.042],[-81.025,29.058],[-80.976,29.074]]]}},{"type":"Feature","properties":{"date":"2016-03-01","label":"1 Mar","yday":61,"tier":"day","major":false},"geometry":{"type":"MultiLineString","coordinates":[[[-82.625,28.664],[-82.584,28.675],[-82.575,28.677],[-82.525,28.691],[-82.475,28.706],[-82.425,28.72],[-82.409,28.725],[-82.375,28.735],[-82.325,28.751],[-82.275,28.766],[-82.249,28.775],[-82.225,28.783],[-82.175,28.8],[-82.125,28.817],[-82.101,28.825],[-82.075,28.834],[-82.025,28.852],[-81.975,28.87],[-81.961,28.875],[-81.925,28.888],[-81.875,28.906],[-81.825,28.924],[-81.823,28.925],[-81.775,28.942],[-81.725,28.96],[-81.685,28.975],[-81.675,28.979],[-81.625,28.997],[-81.575,29.014],[-81.545,29.025],[-81.525,29.032],[-81.475,29.05],[-81.425,29.067],[-81.402,29.075],[-81.375,29.084],[-81.325,29.102],[-81.275,29.119],[-81.256,29.125],[-81.225,29.135],[-81.175,29.152],[-81.125,29.169],[-81.106,29.175],[-81.075,29.186],[-81.025,29.202],[-81.008,29.208]]]}},{"type":"Feature","properties":{"date":"2016-03-02","label":"2 Mar","yday":62,"tier":"day","major":false},"geometry":{"type":"MultiLineString","coordinates":[[[-82.625,28.811],[-82.575,28.825],[-82.575,28.825],[-82.525,28.839],[-82.475,28.853],[-82.425,28.868],[-82.4,28.875],[-82.375,28.883],[-82.325,28.898],[-82.275,28.914],[-82.241,28.925],[-82.225,28.93],[-82.175,28.947],[-82.125,28.964],[-82.093,28.975],[-82.075,28.981],[-82.025,28.999],[-81.975,29.017],[-81.952,29.025],[-81.925,29.035],[-81.875,29.053],[-81.825,29.071],[-81.813,29.075],[-81.775,29.089],[-81.725,29.107],[-81.675,29.125],[-81.674,29.125],[-81.625,29.143],[-81.575,29.16],[-81.533,29.175],[-81.525,29.178],[-81.475,29.195],[-81.425,29.213],[-81.39,29.225],[-81.375,29.23],[-81.325,29.247],[-81.275,29.264],[-81.243,29.275],[-81.225,29.281],[-81.175,29.298],[-81.125,29.315],[-81.097,29.325],[-81.075,29.333]]]}},{"type":"Feature","properties":{"date":"2016-03-03","label":"3 Mar","yday":63,"tier":"day","major":false},"geometry":{"type":"MultiLineString","coordinates":[[[-82.694,28.944],[-82.675,28.949],[-82.625,28.962],[-82.577,28.975],[-82.575,28.975],[-82.525,28.989],[-82.475,29.004],[-82.425,29.018],[-82.402,29.025],[-82.375,29.033],[-82.325,29.048],[-82.275,29.064],[-82.241,29.075],[-82.225,29.08],[-82.175,29.097],[-82.125,29.114],[-82.092,29.125],[-82.075,29.131],[-82.025,29.148],[-81.975,29.166],[-81.95,29.175],[-81.925,29.184],[-81.875,29.202],[-81.825,29.22],[-81.811,29.225],[-81.775,29.238],[-81.725,29.256],[-81.675,29.274],[-81.672,29.275],[-81.625,29.292],[-81.575,29.31],[-81.531,29.325],[-81.525,29.327],[-81.475,29.345],[-81.425,29.363],[-81.39,29.375],[-81.375,29.38],[-81.325,29.398],[-81.275,29.415],[-81.247,29.425],[-81.225,29.433],[-81.175,29.45],[-81.125,29.468]]]}},{"type":"Feature","properties":{"date":"2016-03-04","label":"4 Mar","yday":64,"tier":"day","major":false},"geometry":{"type":"MultiLineString","coordinates":[[[-82.737,29.087],[-82.725,29.09],[-82.675,29.103],[-82.625,29.116],[-82.593,29.125],[-82.575,29.13],[-82.525,29.144],[-82.475,29.158],[-82.425,29.172],[-82.416,29.175],[-82.375,29.187],[-82.325,29.202],[-82.275,29.218],[-82.253,29.225],[-82.225,29.234],[-82.175,29.251],[-82.125,29.267],[-82.103,29.275],[-82.075,29.285],[-82.025,29.302],[-81.975,29.32],[-81.96,29.325],[-81.925,29.338],[-81.875,29.355],[-81.825,29.373],[-81.82,29.375],[-81.775,29.391],[-81.725,29.41],[-81.682,29.425],[-81.675,29.428],[-81.625,29.446],[-81.575,29.464],[-81.544,29.475],[-81.525,29.482],[-81.475,29.5],[-81.425,29.518],[-81.406,29.525],[-81.375,29.536],[-81.325,29.554],[-81.275,29.572],[-81.267,29.575],[-81.225,29.59],[-81.199,29.599]]]}},{"type":"Feature","properties":{"date":"2016-03-05","label":"5 Mar","yday":65,"tier":"five","major":false},"geometry":{"type":"MultiLineString","coordinates":[[[-82.904,29.204],[-82.875,29.211],[-82.825,29.224],[-82.82,29.225],[-82.775,29.236],[-82.725,29.249],[-82.675,29.262],[-82.627,29.275],[-82.625,29.275],[-82.575,29.289],[-82.525,29.303],[-82.475,29.317],[-82.447,29.325],[-82.425,29.332],[-82.375,29.346],[-82.325,29.362],[-82.282,29.375],[-82.275,29.377],[-82.225,29.393],[-82.175,29.41],[-82.129,29.425],[-82.125,29.426],[-82.075,29.444],[-82.025,29.461],[-81.985,29.475],[-81.975,29.478],[-81.925,29.496],[-81.875,29.514],[-81.845,29.525],[-81.825,29.532],[-81.775,29.551],[-81.725,29.569],[-81.708,29.575],[-81.675,29.587],[-81.625,29.606],[-81.575,29.624],[-81.573,29.625],[-81.525,29.643],[-81.475,29.661],[-81.437,29.675],[-81.425,29.68],[-81.375,29.698],[-81.325,29.716],[-81.301,29.725],[-81.275,29.735]]]}},{"type":"Feature","properties":{"date":"2016-03-06","label":"6 Mar","yday":66,"tier":"day","major":false},"geometry":{"type":"MultiLineString","coordinates":[[[-83.118,29.318],[-83.089,29.325],[-83.075,29.328],[-83.025,29.34],[-82.975,29.352],[-82.925,29.364],[-82.881,29.375],[-82.875,29.376],[-82.825,29.389],[-82.775,29.401],[-82.725,29.414],[-82.683,29.425],[-82.675,29.427],[-82.625,29.441],[-82.575,29.454],[-82.525,29.468],[-82.499,29.475],[-82.475,29.482],[-82.425,29.496],[-82.375,29.511],[-82.329,29.525],[-82.325,29.526],[-82.275,29.542],[-82.225,29.558],[-82.175,29.574],[-82.173,29.575],[-82.125,29.591],[-82.075,29.608],[-82.027,29.625],[-82.025,29.626],[-81.975,29.644],[-81.925,29.661],[-81.888,29.675],[-81.875,29.68],[-81.825,29.698],[-81.775,29.716],[-81.751,29.725],[-81.725,29.735],[-81.675,29.753],[-81.625,29.772],[-81.617,29.775],[-81.575,29.791],[-81.525,29.809],[-81.483,29.825],[-81.475,29.828],[-81.425,29.847],[-81.375,29.865],[-81.349,29.875],[-81.325,29.884]],[[-94.65,29.65],[-94.625,29.645],[-94.575,29.635],[-94.527,29.625]]]}},{"type":"Feature","properties":{"date":"2016-03-07","label":"7 Mar","yday":67,"tier":"day","major":false},"geometry":{"type":"MultiLineString","coordinates":[[[-83.258,29.458],[-83.225,29.465],[-83.183,29.475],[-83.175,29.477],[-83.125,29.488],[-83.075,29.5],[-83.025,29.512],[-82.975,29.524],[-82.971,29.525],[-82.925,29.536],[-82.875,29.548],[-82.825,29.561],[-82.775,29.573],[-82.769,29.575],[-82.725,29.586],[-82.675,29.599],[-82.625,29.613],[-82.579,29.625],[-82.575,29.626],[-82.525,29.64],[-82.475,29.654],[-82.425,29.668],[-82.402,29.675],[-82.375,29.683],[-82.325,29.698],[-82.275,29.714],[-82.24,29.725],[-82.225,29.73],[-82.175,29.746],[-82.125,29.763],[-82.091,29.775],[-82.075,29.781],[-82.025,29.798],[-81.975,29.816],[-81.949,29.825],[-81.925,29.834],[-81.875,29.852],[-81.825,29.87],[-81.812,29.875],[-81.775,29.889],[-81.725,29.907],[-81.677,29.925],[-81.675,29.926],[-81.625,29.944],[-81.575,29.963],[-81.543,29.975],[-81.525,29.982],[-81.475,30.0],[-81.425,30.019],[-81.407,30.025],[-81.375,30.037],[-81.347,30.047]]]}},{"type":"Feature","properties":{"date":"2016-03-08","label":"8 Mar","yday":68,"tier":"day","major":false},"geometry":{"type":"MultiLineString","coordinates":[[[-83.375,29.611],[-83.325,29.622],[-83.311,29.625],[-83.275,29.633],[-83.225,29.645],[-83.175,29.656],[-83.125,29.668],[-83.095,29.675],[-83.075,29.68],[-83.025,29.692],[-82.975,29.704],[-82.925,29.716],[-82.889,29.725],[-82.875,29.728],[-82.825,29.741],[-82.775,29.754],[-82.725,29.767],[-82.694,29.775],[-82.675,29.78],[-82.625,29.793],[-82.575,29.807],[-82.525,29.821],[-82.51,29.825],[-82.475,29.835],[-82.425,29.85],[-82.375,29.865],[-82.341,29.875],[-82.325,29.88],[-82.275,29.896],[-82.225,29.912],[-82.184,29.925],[-82.175,29.928],[-82.125,29.945],[-82.075,29.961],[-82.035,29.975],[-82.025,29.979],[-81.975,29.996],[-81.925,30.013],[-81.892,30.025],[-81.875,30.031],[-81.825,30.049],[-81.775,30.067],[-81.754,30.075],[-81.725,30.086],[-81.675,30.104],[-81.625,30.122],[-81.618,30.125],[-81.575,30.14],[-81.525,30.159],[-81.479,30.175],[-81.475,30.176],[-81.425,30.194],[-81.375,30.212]],[[-94.366,30.066],[-94.325,30.058],[-94.275,30.048],[-94.225,30.039],[-94.175,30.029],[-94.172,30.028]]]}},{"type":"Feature","properties":{"date":"2016-03-09","label":"9 Mar","yday":69,"tier":"day","major":false},"geometry":{"type":"MultiLineString","coordinates":[[[-83.557,29.757],[-83.525,29.765],[-83.478,29.775],[-83.475,29.776],[-83.425,29.787],[-83.375,29.798],[-83.325,29.81],[-83.275,29.821],[-83.259,29.825],[-83.225,29.833],[-83.175,29.845],[-83.125,29.857],[-83.075,29.869],[-83.049,29.875],[-83.025,29.881],[-82.975,29.893],[-82.925,29.906],[-82.875,29.918],[-82.849,29.925],[-82.825,29.931],[-82.775,29.944],[-82.725,29.957],[-82.675,29.971],[-82.659,29.975],[-82.625,29.984],[-82.575,29.998],[-82.525,30.012],[-82.481,30.025],[-82.475,30.027],[-82.425,30.042],[-82.375,30.056],[-82.325,30.072],[-82.314,30.075],[-82.275,30.087],[-82.225,30.103],[-82.175,30.119],[-82.155,30.125],[-82.125,30.135],[-82.075,30.151],[-82.025,30.167],[-82.002,30.175],[-81.975,30.184],[-81.925,30.201],[-81.875,30.218],[-81.855,30.225],[-81.825,30.235],[-81.775,30.253],[-81.725,30.271],[-81.714,30.275],[-81.675,30.289],[-81.625,30.306],[-81.575,30.323],[-81.57,30.325],[-81.525,30.341],[-81.475,30.358],[-81.426,30.375],[-81.425,30.375]],[[-94.408,30.308],[-94.375,30.302],[-94.325,30.292],[-94.275,30.283],[-94.233,30.275],[-94.225,30.274],[-94.175,30.264],[-94.125,30.255],[-94.075,30.245],[-94.025,30.236],[-93.975,30.226],[-93.969,30.225],[-93.925,30.217]],[[-94.825,30.384],[-94.775,30.375],[-94.772,30.375],[-94.725,30.367],[-94.675,30.358]]]}},{"type":"Feature","properties":{"date":"2016-03-10","label":"10 Mar","yday":70,"tier":"five","major":false},"geometry":{"type":"MultiLineString","coordinates":[[[-83.677,29.927],[-83.675,29.928],[-83.625,29.939],[-83.575,29.95],[-83.525,29.961],[-83.475,29.972],[-83.464,29.975],[-83.425,29.984],[-83.375,29.996],[-83.325,30.007],[-83.275,30.019],[-83.25,30.025],[-83.225,30.031],[-83.175,30.043],[-83.125,30.055],[-83.075,30.068],[-83.045,30.075],[-83.025,30.08],[-82.975,30.093],[-82.925,30.106],[-82.875,30.119],[-82.851,30.125],[-82.825,30.132],[-82.775,30.145],[-82.725,30.159],[-82.675,30.173],[-82.666,30.175],[-82.625,30.186],[-82.575,30.201],[-82.525,30.215],[-82.49,30.225],[-82.475,30.229],[-82.425,30.244],[-82.375,30.259],[-82.325,30.274],[-82.321,30.275],[-82.275,30.289],[-82.225,30.304],[-82.175,30.319],[-82.157,30.325],[-82.125,30.335],[-82.075,30.351],[-82.025,30.367],[-81.999,30.375],[-81.975,30.383],[-81.925,30.399],[-81.875,30.415],[-81.845,30.425],[-81.825,30.432],[-81.775,30.448],[-81.725,30.464],[-81.693,30.475],[-81.675,30.481],[-81.625,30.498],[-81.575,30.515],[-81.544,30.525],[-81.525,30.532],[-81.493,30.543]],[[-94.573,30.573],[-94.525,30.564],[-94.475,30.555],[-94.425,30.546],[-94.375,30.537],[-94.325,30.528],[-94.309,30.525],[-94.275,30.519],[-94.225,30.51],[-94.175,30.501],[-94.125,30.492],[-94.075,30.483],[-94.031,30.475],[-94.025,30.474],[-93.975,30.465],[-93.925,30.456],[-93.875,30.447],[-93.825,30.439],[-93.775,30.43],[-93.746,30.425],[-93.725,30.421],[-93.675,30.413],[-93.625,30.404],[-93.575,30.396],[-93.525,30.387],[-93.475,30.379],[-93.453,30.375],[-93.425,30.37],[-93.375,30.362],[-93.325,30.353],[-93.275,30.345],[-93.225,30.336],[-93.175,30.328],[-93.159,30.325],[-93.125,30.319],[-93.075,30.311],[-93.025,30.303],[-92.975,30.295],[-92.925,30.288],[-92.914,30.286]]]}},{"type":"Feature","properties":{"date":"2016-03-11","label":"11 Mar","yday":71,"tier":"day","major":false},"geometry":{"type":"MultiLineString","coordinates":[[[-85.303,29.853],[-85.275,29.855],[-85.225,29.86],[-85.175,29.866],[-85.125,29.871],[-85.095,29.875],[-85.075,29.877],[-85.025,29.884],[-84.975,29.891],[-84.925,29.898],[-84.875,29.905],[-84.825,29.913],[-84.775,29.921],[-84.751,29.925],[-84.725,29.929],[-84.675,29.938],[-84.625,29.946],[-84.575,29.955],[-84.525,29.964],[-84.475,29.973],[-84.473,29.973]],[[-84.389,29.989],[-84.375,29.991]],[[-83.949,30.075],[-83.925,30.08],[-83.875,30.091],[-83.825,30.101],[-83.775,30.112],[-83.725,30.123],[-83.714,30.125],[-83.675,30.134],[-83.625,30.145],[-83.575,30.156],[-83.525,30.168],[-83.493,30.175],[-83.475,30.179],[-83.425,30.191],[-83.375,30.203],[-83.325,30.215],[-83.283,30.225],[-83.275,30.227],[-83.225,30.239],[-83.175,30.252],[-83.125,30.265],[-83.084,30.275],[-83.075,30.277],[-83.025,30.29],[-82.975,30.304],[-82.925,30.317],[-82.895,30.325],[-82.875,30.33],[-82.825,30.344],[-82.775,30.358],[-82.725,30.372],[-82.714,30.375],[-82.675,30.386],[-82.625,30.4],[-82.575,30.414],[-82.538,30.425],[-82.525,30.429],[-82.475,30.443],[-82.425,30.458],[-82.375,30.473],[-82.367,30.475],[-82.325,30.488],[-82.275,30.503],[-82.225,30.517],[-82.2,30.525],[-82.175,30.532],[-82.125,30.548],[-82.075,30.563],[-82.034,30.575],[-82.025,30.578],[-81.975,30.593],[-81.925,30.608],[-81.875,30.623],[-81.87,30.625],[-81.825,30.639],[-81.775,30.654],[-81.725,30.67],[-81.708,30.675],[-81.675,30.685],[-81.625,30.701],[-81.575,30.717],[-81.549,30.725],[-81.525,30.733]],[[-94.857,30.857],[-94.825,30.852],[-94.775,30.843],[-94.725,30.835],[-94.675,30.827],[-94.664,30.825],[-94.625,30.818],[-94.575,30.81],[-94.525,30.801],[-94.475,30.793],[-94.425,30.784],[-94.375,30.775],[-94.372,30.775],[-94.325,30.767],[-94.275,30.758],[-94.225,30.749],[-94.175,30.741],[-94.125,30.732],[-94.082,30.725],[-94.075,30.724],[-94.025,30.716],[-93.975,30.708],[-93.925,30.7],[-93.875,30.692],[-93.825,30.684],[-93.775,30.676],[-93.768,30.675],[-93.725,30.668],[-93.675,30.661],[-93.625,30.653],[-93.575,30.645],[-93.525,30.638],[-93.475,30.63],[-93.444,30.625],[-93.425,30.622],[-93.375,30.614],[-93.325,30.607],[-93.275,30.599],[-93.225,30.591],[-93.175,30.584],[-93.125,30.576],[-93.119,30.575],[-93.075,30.568],[-93.025,30.561],[-92.975,30.553],[-92.925,30.546],[-92.875,30.539],[-92.825,30.531],[-92.779,30.525],[-92.775,30.524],[-92.725,30.518],[-92.675,30.511],[-92.625,30.504],[-92.575,30.498],[-92.525,30.492],[-92.475,30.485]],[[-95.152,30.902],[-95.125,30.898],[-95.075,30.891],[-95.025,30.883],[-94.975,30.876],[-94.972,30.875],[-94.925,30.868],[-94.888,30.862]]]}},{"type":"Feature","properties":{"date":"2016-03-12","label":"12 Mar","yday":72,"tier":"day","major":false},"geometry":{"type":"MultiLineString","coordinates":[[[-85.464,30.064],[-85.425,30.067],[-85.375,30.071],[-85.332,30.075],[-85.325,30.076],[-85.275,30.081],[-85.225,30.086],[-85.175,30.091],[-85.125,30.097],[-85.075,30.103],[-85.025,30.109],[-84.975,30.115],[-84.925,30.122],[-84.903,30.125],[-84.875,30.129],[-84.825,30.136],[-84.775,30.144],[-84.725,30.151],[-84.675,30.159],[-84.625,30.167],[-84.576,30.175],[-84.575,30.175],[-84.525,30.184],[-84.475,30.192],[-84.425,30.201],[-84.375,30.209],[-84.325,30.218],[-84.288,30.225],[-84.275,30.227],[-84.225,30.237],[-84.175,30.246],[-84.125,30.256],[-84.075,30.265],[-84.026,30.275],[-84.025,30.275],[-83.975,30.285],[-83.925,30.295],[-83.875,30.306],[-83.825,30.316],[-83.785,30.325],[-83.775,30.327],[-83.725,30.338],[-83.675,30.349],[-83.625,30.36],[-83.575,30.372],[-83.562,30.375],[-83.525,30.384],[-83.475,30.396],[-83.425,30.408],[-83.375,30.42],[-83.355,30.425],[-83.325,30.432],[-83.275,30.445],[-83.225,30.458],[-83.175,30.471],[-83.16,30.475],[-83.125,30.484],[-83.075,30.498],[-83.025,30.511],[-82.976,30.525],[-82.975,30.525],[-82.925,30.539],[-82.875,30.553],[-82.825,30.567],[-82.798,30.575],[-82.775,30.582],[-82.725,30.596],[-82.675,30.611],[-82.626,30.625],[-82.625,30.625],[-82.575,30.64],[-82.525,30.655],[-82.475,30.669],[-82.456,30.675],[-82.425,30.684],[-82.375,30.699],[-82.325,30.713],[-82.285,30.725],[-82.275,30.728],[-82.225,30.743],[-82.175,30.757],[-82.125,30.771],[-82.113,30.775],[-82.075,30.786],[-82.025,30.8],[-81.975,30.814],[-81.937,30.825],[-81.925,30.829],[-81.875,30.843],[-81.825,30.857],[-81.775,30.871],[-81.761,30.875],[-81.725,30.885],[-81.675,30.899],[-81.625,30.913],[-81.584,30.925],[-81.575,30.928],[-81.525,30.942]],[[-90.135,30.435],[-90.125,30.433],[-90.084,30.425],[-90.075,30.423],[-90.025,30.413],[-89.975,30.403],[-89.925,30.392],[-89.875,30.382],[-89.843,30.375],[-89.825,30.371],[-89.775,30.36],[-89.725,30.35],[-89.675,30.339],[-89.625,30.328],[-89.612,30.325],[-89.575,30.317],[-89.525,30.306],[-89.475,30.295],[-89.425,30.285],[-89.417,30.283]],[[-91.125,30.6],[-91.075,30.593],[-91.025,30.586],[-90.975,30.579],[-90.949,30.575],[-90.925,30.571],[-90.875,30.564],[-90.825,30.556],[-90.775,30.548],[-90.725,30.54],[-90.675,30.532],[-90.631,30.525],[-90.625,30.524],[-90.575,30.516],[-90.525,30.507],[-90.475,30.498],[-90.425,30.49],[-90.375,30.481],[-90.344,30.475],[-90.328,30.472]],[[-94.77,31.08],[-94.736,31.075],[-94.725,31.073],[-94.675,31.066],[-94.625,31.058],[-94.575,31.051],[-94.525,31.043],[-94.475,31.035],[-94.425,31.027],[-94.409,31.025],[-94.375,31.02],[-94.325,31.012],[-94.275,31.004],[-94.225,30.996],[-94.175,30.988],[-94.125,30.98],[-94.092,30.975],[-94.075,30.972],[-94.025,30.965],[-93.975,30.957],[-93.925,30.95],[-93.875,30.943],[-93.825,30.936],[-93.775,30.93],[-93.741,30.925],[-93.725,30.923],[-93.675,30.916],[-93.625,30.909],[-93.575,30.902],[-93.525,30.896],[-93.475,30.889],[-93.425,30.882],[-93.375,30.875],[-93.374,30.875],[-93.325,30.868],[-93.275,30.861],[-93.225,30.854],[-93.175,30.848],[-93.125,30.841],[-93.075,30.834],[-93.025,30.827],[-93.013,30.825],[-92.975,30.82],[-92.925,30.813],[-92.875,30.806],[-92.825,30.799],[-92.775,30.792],[-92.725,30.786],[-92.675,30.779],[-92.641,30.775],[-92.625,30.773],[-92.575,30.767],[-92.525,30.761],[-92.475,30.756],[-92.425,30.75],[-92.375,30.745],[-92.325,30.739],[-92.275,30.734],[-92.225,30.728],[-92.196,30.725],[-92.175,30.723],[-92.132,30.718]]]}},{"type":"Feature","properties":{"date":"2016-03-13","label":"13 Mar","yday":73,"tier":"day","major":false},"geometry":{"type":"MultiLineString","coordinates":[[[-87.73,30.28],[-87.725,30.28],[-87.675,30.277],[-87.627,30.275]],[[-85.978,30.278],[-85.975,30.278],[-85.925,30.28],[-85.875,30.282],[-85.868,30.282]],[[-85.69,30.29],[-85.675,30.291],[-85.625,30.294],[-85.575,30.297],[-85.525,30.3],[-85.475,30.304],[-85.425,30.308],[-85.375,30.312],[-85.325,30.316],[-85.275,30.321],[-85.23,30.325],[-85.225,30.325],[-85.175,30.33],[-85.125,30.336],[-85.075,30.341],[-85.025,30.347],[-84.975,30.353],[-84.925,30.359],[-84.875,30.365],[-84.825,30.371],[-84.798,30.375],[-84.775,30.378],[-84.725,30.385],[-84.675,30.392],[-84.625,30.399],[-84.575,30.406],[-84.525,30.414],[-84.475,30.422],[-84.454,30.425],[-84.425,30.43],[-84.375,30.438],[-84.325,30.446],[-84.275,30.454],[-84.225,30.463],[-84.175,30.472],[-84.158,30.475],[-84.125,30.481],[-84.075,30.49],[-84.025,30.5],[-83.975,30.509],[-83.925,30.519],[-83.897,30.525],[-83.875,30.53],[-83.825,30.54],[-83.775,30.551],[-83.725,30.562],[-83.675,30.573],[-83.666,30.575],[-83.625,30.584],[-83.575,30.596],[-83.525,30.608],[-83.475,30.62],[-83.457,30.625],[-83.425,30.633],[-83.375,30.646],[-83.325,30.659],[-83.275,30.672],[-83.264,30.675],[-83.225,30.685],[-83.175,30.699],[-83.125,30.713],[-83.083,30.725],[-83.075,30.727],[-83.025,30.741],[-82.975,30.756],[-82.925,30.771],[-82.91,30.775],[-82.875,30.785],[-82.825,30.8],[-82.775,30.815],[-82.742,30.825],[-82.725,30.83],[-82.675,30.845],[-82.625,30.86],[-82.576,30.875],[-82.575,30.875],[-82.525,30.89],[-82.475,30.905],[-82.425,30.92],[-82.407,30.925],[-82.375,30.934],[-82.325,30.949],[-82.275,30.963],[-82.232,30.975],[-82.225,30.977],[-82.175,30.991],[-82.125,31.004],[-82.075,31.018],[-82.048,31.025],[-82.025,31.031],[-81.975,31.044],[-81.925,31.057],[-81.875,31.07],[-81.855,31.075],[-81.825,31.083],[-81.775,31.095],[-81.725,31.108],[-81.675,31.121],[-81.658,31.125],[-81.625,31.133],[-81.575,31.146],[-81.525,31.159],[-81.479,31.171]],[[-88.513,30.363],[-88.475,30.357],[-88.447,30.353]],[[-88.813,30.413],[-88.775,30.406],[-88.725,30.398],[-88.675,30.389],[-88.625,30.381],[-88.59,30.375]],[[-91.325,30.903],[-91.275,30.896],[-91.225,30.889],[-91.175,30.882],[-91.127,30.875],[-91.125,30.875],[-91.075,30.867],[-91.025,30.86],[-90.975,30.852],[-90.925,30.844],[-90.875,30.836],[-90.825,30.828],[-90.808,30.825],[-90.775,30.819],[-90.725,30.811],[-90.675,30.802],[-90.625,30.793],[-90.575,30.784],[-90.525,30.775],[-90.524,30.775],[-90.475,30.766],[-90.425,30.756],[-90.375,30.747],[-90.325,30.737],[-90.275,30.727],[-90.265,30.725],[-90.225,30.717],[-90.175,30.707],[-90.125,30.696],[-90.075,30.686],[-90.025,30.675],[-90.023,30.675],[-89.975,30.665],[-89.925,30.654],[-89.875,30.643],[-89.825,30.632],[-89.795,30.625],[-89.775,30.621],[-89.725,30.609],[-89.675,30.598],[-89.625,30.587],[-89.575,30.575],[-89.573,30.575],[-89.525,30.564],[-89.475,30.553],[-89.425,30.541],[-89.375,30.53],[-89.353,30.525],[-89.325,30.519],[-89.275,30.508],[-89.225,30.496],[-89.175,30.486],[-89.126,30.475],[-89.125,30.475],[-89.075,30.464],[-89.025,30.454],[-89.001,30.449]],[[-92.403,31.025],[-92.375,31.022],[-92.325,31.017],[-92.275,31.011],[-92.26,31.01]],[[-81.394,31.194],[-81.375,31.199],[-81.342,31.208]],[[-94.513,31.287],[-94.475,31.282],[-94.425,31.275],[-94.422,31.275],[-94.375,31.269],[-94.325,31.262],[-94.275,31.256],[-94.225,31.249],[-94.175,31.242],[-94.125,31.236],[-94.075,31.229],[-94.041,31.225],[-94.025,31.223],[-93.975,31.216],[-93.925,31.21],[-93.875,31.204],[-93.825,31.198],[-93.775,31.191],[-93.725,31.185],[-93.675,31.179],[-93.64,31.175],[-93.625,31.173],[-93.575,31.167],[-93.525,31.161],[-93.475,31.155],[-93.425,31.149],[-93.375,31.143],[-93.325,31.137],[-93.275,31.131],[-93.229,31.125],[-93.225,31.124],[-93.175,31.118],[-93.125,31.112],[-93.075,31.106],[-93.025,31.1],[-92.975,31.094],[-92.925,31.087],[-92.875,31.081],[-92.827,31.075],[-92.825,31.075],[-92.775,31.068],[-92.725,31.062],[-92.675,31.056],[-92.625,31.05],[-92.575,31.044],[-92.54,31.04]]]}},{"type":"Feature","properties":{"date":"2016-03-14","label":"14 Mar","yday":74,"tier":"day","major":false},"geometry":{"type":"MultiLineString","coordinates":[[[-86.975,30.525],[-86.925,30.524],[-86.875,30.524],[-86.825,30.524],[-86.775,30.523],[-86.725,30.523],[-86.675,30.523],[-86.625,30.523],[-86.575,30.524],[-86.525,30.524],[-86.492,30.525],[-86.475,30.525],[-86.425,30.526],[-86.375,30.527],[-86.325,30.528],[-86.275,30.53],[-86.225,30.531],[-86.175,30.532],[-86.125,30.533],[-86.075,30.534],[-86.025,30.536],[-85.975,30.537],[-85.925,30.538],[-85.875,30.54],[-85.825,30.542],[-85.775,30.544],[-85.725,30.546],[-85.675,30.548],[-85.625,30.551],[-85.575,30.554],[-85.525,30.557],[-85.475,30.56],[-85.425,30.563],[-85.375,30.566],[-85.325,30.57],[-85.275,30.574],[-85.257,30.575],[-85.225,30.578],[-85.175,30.582],[-85.125,30.586],[-85.075,30.591],[-85.025,30.595],[-84.975,30.6],[-84.925,30.605],[-84.875,30.61],[-84.825,30.616],[-84.775,30.622],[-84.746,30.625],[-84.725,30.627],[-84.675,30.633],[-84.625,30.64],[-84.575,30.646],[-84.525,30.653],[-84.475,30.659],[-84.425,30.666],[-84.375,30.674],[-84.366,30.675],[-84.325,30.681],[-84.275,30.689],[-84.225,30.697],[-84.175,30.705],[-84.125,30.713],[-84.075,30.722],[-84.056,30.725],[-84.025,30.731],[-83.975,30.74],[-83.925,30.749],[-83.875,30.759],[-83.825,30.77],[-83.799,30.775],[-83.775,30.78],[-83.725,30.791],[-83.675,30.803],[-83.625,30.814],[-83.581,30.825],[-83.575,30.826],[-83.525,30.839],[-83.475,30.851],[-83.425,30.864],[-83.384,30.875],[-83.375,30.877],[-83.325,30.891],[-83.275,30.905],[-83.225,30.919],[-83.202,30.925],[-83.175,30.933],[-83.125,30.947],[-83.075,30.962],[-83.032,30.975],[-83.025,30.977],[-82.975,30.992],[-82.925,31.007],[-82.875,31.023],[-82.868,31.025],[-82.825,31.038],[-82.775,31.054],[-82.725,31.069],[-82.706,31.075],[-82.675,31.084],[-82.625,31.1],[-82.575,31.115],[-82.542,31.125],[-82.525,31.13],[-82.475,31.145],[-82.425,31.16],[-82.375,31.174],[-82.371,31.175],[-82.325,31.188],[-82.275,31.201],[-82.225,31.214],[-82.184,31.225],[-82.175,31.227],[-82.125,31.24],[-82.075,31.253],[-82.025,31.265],[-81.985,31.275],[-81.975,31.278],[-81.925,31.29],[-81.875,31.302],[-81.825,31.314],[-81.778,31.325],[-81.775,31.326],[-81.725,31.337],[-81.675,31.349],[-81.625,31.361],[-81.575,31.373],[-81.567,31.375],[-81.525,31.385],[-81.475,31.397],[-81.425,31.41],[-81.375,31.423],[-81.373,31.423]],[[-87.875,30.542],[-87.825,30.539],[-87.775,30.536],[-87.725,30.534],[-87.675,30.531],[-87.625,30.53],[-87.575,30.528],[-87.525,30.527],[-87.475,30.526],[-87.425,30.526],[-87.375,30.526],[-87.325,30.525],[-87.275,30.525],[-87.225,30.525],[-87.175,30.525]],[[-87.075,30.525],[-87.075,30.525],[-87.075,30.525]],[[-91.375,31.183],[-91.325,31.176],[-91.319,31.175],[-91.275,31.169],[-91.225,31.161],[-91.175,31.154],[-91.125,31.146],[-91.075,31.139],[-91.025,31.131],[-90.991,31.125],[-90.975,31.122],[-90.925,31.114],[-90.875,31.105],[-90.825,31.097],[-90.775,31.088],[-90.725,31.079],[-90.706,31.075],[-90.675,31.069],[-90.625,31.06],[-90.575,31.05],[-90.525,31.041],[-90.475,31.031],[-90.447,31.025],[-90.425,31.021],[-90.375,31.011],[-90.325,31.0],[-90.275,30.99],[-90.225,30.979],[-90.204,30.975],[-90.175,30.969],[-90.125,30.958],[-90.075,30.947],[-90.025,30.936],[-89.975,30.925],[-89.974,30.925],[-89.925,30.914],[-89.875,30.903],[-89.825,30.891],[-89.775,30.88],[-89.753,30.875],[-89.725,30.869],[-89.675,30.857],[-89.625,30.846],[-89.575,30.834],[-89.536,30.825],[-89.525,30.823],[-89.475,30.811],[-89.425,30.799],[-89.375,30.788],[-89.325,30.776],[-89.319,30.775],[-89.275,30.765],[-89.225,30.754],[-89.175,30.742],[-89.125,30.731],[-89.096,30.725],[-89.075,30.72],[-89.025,30.71],[-88.975,30.699],[-88.925,30.689],[-88.875,30.679],[-88.856,30.675],[-88.825,30.669],[-88.775,30.659],[-88.725,30.65],[-88.675,30.641],[-88.625,30.632],[-88.581,30.625],[-88.575,30.624],[-88.525,30.616],[-88.475,30.608],[-88.425,30.601],[-88.375,30.594],[-88.325,30.587],[-88.275,30.58],[-88.231,30.575],[-88.225,30.574],[-88.175,30.569],[-88.125,30.563]],[[-81.294,31.444],[-81.275,31.448],[-81.244,31.456]],[[-94.381,31.519],[-94.375,31.519],[-94.325,31.513],[-94.275,31.508],[-94.225,31.503],[-94.175,31.498],[-94.125,31.492],[-94.075,31.487],[-94.025,31.482],[-93.975,31.476],[-93.962,31.475],[-93.925,31.471],[-93.875,31.466],[-93.825,31.46],[-93.775,31.455],[-93.725,31.45],[-93.675,31.444],[-93.625,31.439],[-93.575,31.434],[-93.525,31.428],[-93.495,31.425],[-93.475,31.423],[-93.425,31.417],[-93.375,31.412],[-93.325,31.407],[-93.275,31.401],[-93.225,31.396],[-93.175,31.39],[-93.125,31.384],[-93.075,31.379],[-93.042,31.375],[-93.025,31.373],[-92.975,31.367],[-92.925,31.362],[-92.875,31.356],[-92.825,31.35],[-92.775,31.344],[-92.725,31.338]]]}},{"type":"Feature","properties":{"date":"2016-03-15","label":"15 Mar","yday":75,"tier":"index","major":true},"geometry":{"type":"MultiLineString","coordinates":[[[-91.325,31.442],[-91.275,31.435],[-91.225,31.428],[-91.209,31.425],[-91.175,31.42],[-91.125,31.412],[-91.075,31.404],[-91.025,31.395],[-90.975,31.387],[-90.925,31.378],[-90.909,31.375],[-90.875,31.369],[-90.825,31.36],[-90.775,31.35],[-90.725,31.341],[-90.675,31.331],[-90.644,31.325],[-90.625,31.321],[-90.575,31.311],[-90.525,31.301],[-90.475,31.291],[-90.425,31.28],[-90.4,31.275],[-90.375,31.27],[-90.325,31.259],[-90.275,31.248],[-90.225,31.237],[-90.175,31.226],[-90.17,31.225],[-90.125,31.215],[-90.075,31.204],[-90.025,31.192],[-89.975,31.181],[-89.949,31.175],[-89.925,31.17],[-89.875,31.158],[-89.825,31.146],[-89.775,31.135],[-89.732,31.125],[-89.725,31.123],[-89.675,31.112],[-89.625,31.1],[-89.575,31.089],[-89.525,31.077],[-89.516,31.075],[-89.475,31.066],[-89.425,31.054],[-89.375,31.043],[-89.325,31.031],[-89.298,31.025],[-89.275,31.02],[-89.225,31.008],[-89.175,30.997],[-89.125,30.986],[-89.076,30.975],[-89.075,30.975],[-89.025,30.964],[-88.975,30.953],[-88.925,30.943],[-88.875,30.933],[-88.836,30.925],[-88.825,30.923],[-88.775,30.913],[-88.725,30.904],[-88.675,30.895],[-88.625,30.886],[-88.575,30.878],[-88.559,30.875],[-88.525,30.87],[-88.475,30.862],[-88.425,30.855],[-88.375,30.848],[-88.325,30.841],[-88.275,30.835],[-88.225,30.829],[-88.188,30.825],[-88.175,30.824],[-88.125,30.819],[-88.075,30.814],[-88.025,30.81],[-87.975,30.806],[-87.925,30.803],[-87.875,30.8],[-87.825,30.798],[-87.775,30.795],[-87.725,30.794],[-87.675,30.792],[-87.625,30.791],[-87.575,30.79],[-87.525,30.79],[-87.475,30.79],[-87.425,30.79],[-87.375,30.79],[-87.325,30.79],[-87.275,30.791],[-87.225,30.791],[-87.175,30.792],[-87.125,30.793],[-87.075,30.793],[-87.025,30.794],[-86.975,30.794],[-86.925,30.795],[-86.875,30.795],[-86.825,30.795],[-86.775,30.795],[-86.725,30.795],[-86.675,30.795],[-86.625,30.796],[-86.575,30.796],[-86.525,30.797],[-86.475,30.797],[-86.425,30.798],[-86.375,30.799],[-86.325,30.8],[-86.275,30.802],[-86.225,30.803],[-86.175,30.804],[-86.125,30.805],[-86.075,30.806],[-86.025,30.807],[-85.975,30.809],[-85.925,30.81],[-85.875,30.811],[-85.825,30.812],[-85.775,30.814],[-85.725,30.815],[-85.675,30.816],[-85.625,30.818],[-85.575,30.82],[-85.525,30.822],[-85.475,30.824],[-85.44,30.825],[-85.425,30.826],[-85.375,30.828],[-85.325,30.83],[-85.275,30.833],[-85.225,30.836],[-85.175,30.838],[-85.125,30.842],[-85.075,30.845],[-85.025,30.848],[-84.975,30.852],[-84.925,30.856],[-84.875,30.86],[-84.825,30.864],[-84.775,30.869],[-84.725,30.874],[-84.711,30.875],[-84.675,30.879],[-84.625,30.884],[-84.575,30.889],[-84.525,30.895],[-84.475,30.9],[-84.425,30.906],[-84.375,30.913],[-84.325,30.919],[-84.284,30.925],[-84.275,30.926],[-84.225,30.933],[-84.175,30.941],[-84.125,30.948],[-84.075,30.956],[-84.025,30.965],[-83.975,30.974],[-83.967,30.975],[-83.925,30.983],[-83.875,30.992],[-83.825,31.003],[-83.775,31.013],[-83.725,31.024],[-83.721,31.025],[-83.675,31.036],[-83.625,31.047],[-83.575,31.059],[-83.525,31.072],[-83.512,31.075],[-83.475,31.084],[-83.425,31.097],[-83.375,31.111],[-83.325,31.124],[-83.323,31.125],[-83.275,31.138],[-83.225,31.153],[-83.175,31.167],[-83.148,31.175],[-83.125,31.182],[-83.075,31.197],[-83.025,31.212],[-82.982,31.225],[-82.975,31.227],[-82.925,31.242],[-82.875,31.258],[-82.825,31.273],[-82.819,31.275],[-82.775,31.288],[-82.725,31.304],[-82.675,31.319],[-82.654,31.325],[-82.625,31.334],[-82.575,31.348],[-82.525,31.363],[-82.483,31.375],[-82.475,31.377],[-82.425,31.391],[-82.375,31.405],[-82.325,31.418],[-82.3,31.425],[-82.275,31.432],[-82.225,31.445],[-82.175,31.458],[-82.125,31.471],[-82.107,31.475],[-82.075,31.483],[-82.025,31.496],[-81.975,31.508],[-81.925,31.521],[-81.907,31.525],[-81.875,31.533],[-81.825,31.544],[-81.775,31.556],[-81.725,31.567],[-81.692,31.575],[-81.675,31.579],[-81.625,31.59],[-81.575,31.602],[-81.525,31.613],[-81.475,31.625],[-81.474,31.625],[-81.425,31.636],[-81.375,31.648],[-81.325,31.659],[-81.275,31.67],[-81.255,31.675],[-81.225,31.682]],[[-92.651,31.601],[-92.625,31.598],[-92.575,31.592],[-92.525,31.587],[-92.475,31.582],[-92.425,31.576],[-92.415,31.575],[-92.375,31.571],[-92.325,31.565],[-92.275,31.56],[-92.225,31.554],[-92.199,31.551]]]}},{"type":"Feature","properties":{"date":"2016-03-16","label":"16 Mar","yday":76,"tier":"day","major":false},"geometry":{"type":"MultiLineString","coordinates":[[[-91.175,31.675],[-91.174,31.675],[-91.125,31.667],[-91.075,31.659],[-91.025,31.65],[-90.975,31.641],[-90.925,31.632],[-90.884,31.625],[-90.875,31.623],[-90.825,31.614],[-90.775,31.604],[-90.725,31.595],[-90.675,31.585],[-90.628,31.575],[-90.625,31.574],[-90.575,31.564],[-90.525,31.554],[-90.475,31.543],[-90.425,31.532],[-90.393,31.525],[-90.375,31.521],[-90.325,31.51],[-90.275,31.498],[-90.225,31.487],[-90.175,31.476],[-90.173,31.475],[-90.125,31.464],[-90.075,31.452],[-90.025,31.44],[-89.975,31.429],[-89.96,31.425],[-89.925,31.417],[-89.875,31.405],[-89.825,31.393],[-89.775,31.381],[-89.749,31.375],[-89.725,31.369],[-89.675,31.357],[-89.625,31.346],[-89.575,31.334],[-89.536,31.325],[-89.525,31.322],[-89.475,31.311],[-89.425,31.299],[-89.375,31.288],[-89.325,31.277],[-89.317,31.275],[-89.275,31.265],[-89.225,31.254],[-89.175,31.243],[-89.125,31.232],[-89.094,31.225],[-89.075,31.221],[-89.025,31.21],[-88.975,31.2],[-88.925,31.189],[-88.875,31.179],[-88.853,31.175],[-88.825,31.169],[-88.775,31.16],[-88.725,31.151],[-88.675,31.142],[-88.625,31.134],[-88.575,31.126],[-88.57,31.125],[-88.525,31.118],[-88.475,31.111],[-88.425,31.104],[-88.375,31.097],[-88.325,31.091],[-88.275,31.086],[-88.225,31.08],[-88.175,31.075],[-88.169,31.075],[-88.125,31.071],[-88.075,31.067],[-88.025,31.064],[-87.975,31.06],[-87.925,31.058],[-87.875,31.055],[-87.825,31.053],[-87.775,31.052],[-87.725,31.051],[-87.675,31.05],[-87.625,31.049],[-87.575,31.049],[-87.525,31.049],[-87.475,31.05],[-87.425,31.05],[-87.375,31.051],[-87.325,31.052],[-87.275,31.053],[-87.225,31.055],[-87.175,31.056],[-87.125,31.058],[-87.075,31.059],[-87.025,31.061],[-86.975,31.062],[-86.925,31.064],[-86.875,31.066],[-86.825,31.067],[-86.775,31.069],[-86.725,31.07],[-86.675,31.072],[-86.625,31.073],[-86.575,31.075],[-86.566,31.075],[-86.525,31.076],[-86.475,31.077],[-86.425,31.078],[-86.375,31.079],[-86.325,31.08],[-86.275,31.08],[-86.225,31.081],[-86.175,31.081],[-86.125,31.082],[-86.075,31.082],[-86.025,31.082],[-85.975,31.083],[-85.925,31.083],[-85.875,31.083],[-85.825,31.083],[-85.775,31.083],[-85.725,31.083],[-85.675,31.084],[-85.625,31.084],[-85.575,31.084],[-85.525,31.085],[-85.475,31.085],[-85.425,31.086],[-85.375,31.087],[-85.325,31.088],[-85.275,31.089],[-85.225,31.09],[-85.175,31.092],[-85.125,31.093],[-85.075,31.095],[-85.025,31.098],[-84.975,31.1],[-84.925,31.103],[-84.875,31.106],[-84.825,31.109],[-84.775,31.112],[-84.725,31.116],[-84.675,31.12],[-84.625,31.124],[-84.614,31.125],[-84.575,31.128],[-84.525,31.133],[-84.475,31.138],[-84.425,31.143],[-84.375,31.149],[-84.325,31.155],[-84.275,31.161],[-84.225,31.168],[-84.175,31.175],[-84.173,31.175],[-84.125,31.182],[-84.075,31.19],[-84.025,31.198],[-83.975,31.206],[-83.925,31.215],[-83.875,31.224],[-83.871,31.225],[-83.825,31.234],[-83.775,31.244],[-83.725,31.254],[-83.675,31.265],[-83.632,31.275],[-83.625,31.277],[-83.575,31.288],[-83.525,31.3],[-83.475,31.313],[-83.427,31.325],[-83.425,31.325],[-83.375,31.339],[-83.325,31.352],[-83.275,31.366],[-83.242,31.375],[-83.225,31.38],[-83.175,31.394],[-83.125,31.408],[-83.075,31.423],[-83.069,31.425],[-83.025,31.438],[-82.975,31.453],[-82.925,31.468],[-82.901,31.475],[-82.875,31.483],[-82.825,31.497],[-82.775,31.512],[-82.729,31.525],[-82.725,31.526],[-82.675,31.54],[-82.625,31.555],[-82.575,31.569],[-82.553,31.575],[-82.525,31.583],[-82.475,31.597],[-82.425,31.611],[-82.375,31.624],[-82.372,31.625],[-82.325,31.638],[-82.275,31.651],[-82.225,31.665],[-82.186,31.675],[-82.175,31.678],[-82.125,31.691],[-82.075,31.704],[-82.025,31.717],[-81.991,31.725],[-81.975,31.729],[-81.925,31.741],[-81.875,31.754],[-81.825,31.766],[-81.785,31.775],[-81.775,31.777],[-81.725,31.789],[-81.675,31.801],[-81.625,31.812],[-81.575,31.823],[-81.567,31.825],[-81.525,31.834],[-81.475,31.845],[-81.425,31.856],[-81.375,31.867],[-81.336,31.875],[-81.325,31.877],[-81.275,31.887],[-81.225,31.897],[-81.175,31.907],[-81.125,31.916],[-81.078,31.925],[-81.075,31.926],[-81.025,31.934],[-80.975,31.943],[-80.954,31.946]],[[-92.938,31.888],[-92.925,31.886],[-92.875,31.882],[-92.825,31.877],[-92.808,31.875],[-92.775,31.872],[-92.725,31.867],[-92.675,31.862],[-92.625,31.856],[-92.575,31.851],[-92.525,31.846],[-92.475,31.84],[-92.425,31.835],[-92.375,31.83],[-92.333,31.825],[-92.325,31.824],[-92.275,31.818],[-92.225,31.813],[-92.175,31.807],[-92.125,31.801],[-92.075,31.796],[-92.025,31.79],[-91.975,31.784],[-91.925,31.778],[-91.902,31.775],[-91.875,31.772]]]}},{"type":"Feature","properties":{"date":"2016-03-17","label":"17 Mar","yday":77,"tier":"day","major":false},"geometry":{"type":"MultiLineString","coordinates":[[[-90.968,31.882],[-90.929,31.875],[-90.925,31.874],[-90.875,31.865],[-90.825,31.856],[-90.775,31.846],[-90.725,31.836],[-90.675,31.826],[-90.669,31.825],[-90.625,31.816],[-90.575,31.805],[-90.525,31.795],[-90.475,31.784],[-90.435,31.775],[-90.425,31.773],[-90.375,31.761],[-90.325,31.75],[-90.275,31.738],[-90.225,31.727],[-90.218,31.725],[-90.175,31.715],[-90.125,31.703],[-90.075,31.69],[-90.025,31.678],[-90.012,31.675],[-89.975,31.666],[-89.925,31.654],[-89.875,31.641],[-89.825,31.629],[-89.81,31.625],[-89.775,31.616],[-89.725,31.604],[-89.675,31.592],[-89.625,31.58],[-89.606,31.575],[-89.575,31.568],[-89.525,31.555],[-89.475,31.544],[-89.425,31.532],[-89.395,31.525],[-89.375,31.52],[-89.325,31.509],[-89.275,31.497],[-89.225,31.486],[-89.175,31.475],[-89.174,31.475],[-89.125,31.464],[-89.075,31.454],[-89.025,31.443],[-88.975,31.433],[-88.935,31.425],[-88.925,31.423],[-88.875,31.413],[-88.825,31.404],[-88.775,31.395],[-88.725,31.386],[-88.675,31.378],[-88.656,31.375],[-88.625,31.37],[-88.575,31.362],[-88.525,31.355],[-88.475,31.348],[-88.425,31.342],[-88.375,31.336],[-88.325,31.331],[-88.275,31.325],[-88.27,31.325],[-88.225,31.321],[-88.175,31.316],[-88.125,31.313],[-88.075,31.309],[-88.025,31.306],[-87.975,31.304],[-87.925,31.302],[-87.875,31.3],[-87.825,31.298],[-87.775,31.297],[-87.725,31.297],[-87.675,31.297],[-87.625,31.297],[-87.575,31.297],[-87.525,31.298],[-87.475,31.299],[-87.425,31.3],[-87.375,31.302],[-87.325,31.303],[-87.275,31.305],[-87.225,31.307],[-87.175,31.309],[-87.125,31.312],[-87.075,31.314],[-87.025,31.317],[-86.975,31.319],[-86.925,31.322],[-86.875,31.325],[-86.868,31.325],[-86.825,31.327],[-86.775,31.33],[-86.725,31.332],[-86.675,31.335],[-86.625,31.337],[-86.575,31.34],[-86.525,31.342],[-86.475,31.344],[-86.425,31.345],[-86.375,31.346],[-86.325,31.347],[-86.275,31.347],[-86.225,31.346],[-86.175,31.346],[-86.125,31.345],[-86.075,31.344],[-86.025,31.344],[-85.975,31.343],[-85.925,31.342],[-85.875,31.341],[-85.825,31.34],[-85.775,31.339],[-85.725,31.338],[-85.675,31.337],[-85.625,31.336],[-85.575,31.335],[-85.525,31.334],[-85.475,31.333],[-85.425,31.333],[-85.375,31.333],[-85.325,31.332],[-85.275,31.332],[-85.225,31.332],[-85.175,31.333],[-85.125,31.333],[-85.075,31.334],[-85.025,31.335],[-84.975,31.337],[-84.925,31.338],[-84.875,31.34],[-84.825,31.342],[-84.775,31.345],[-84.725,31.348],[-84.675,31.351],[-84.625,31.354],[-84.575,31.358],[-84.525,31.362],[-84.475,31.366],[-84.425,31.371],[-84.386,31.375],[-84.375,31.376],[-84.325,31.381],[-84.275,31.387],[-84.225,31.393],[-84.175,31.4],[-84.125,31.407],[-84.075,31.414],[-84.025,31.421],[-84.001,31.425],[-83.975,31.429],[-83.925,31.437],[-83.875,31.446],[-83.825,31.455],[-83.775,31.465],[-83.725,31.475],[-83.723,31.475],[-83.675,31.485],[-83.625,31.496],[-83.575,31.507],[-83.525,31.518],[-83.497,31.525],[-83.475,31.53],[-83.425,31.542],[-83.375,31.555],[-83.325,31.568],[-83.298,31.575],[-83.275,31.581],[-83.225,31.594],[-83.175,31.608],[-83.125,31.622],[-83.114,31.625],[-83.075,31.636],[-83.025,31.65],[-82.975,31.664],[-82.937,31.675],[-82.925,31.678],[-82.875,31.693],[-82.825,31.707],[-82.775,31.721],[-82.761,31.725],[-82.725,31.735],[-82.675,31.749],[-82.625,31.764],[-82.585,31.775],[-82.575,31.778],[-82.525,31.792],[-82.475,31.806],[-82.425,31.82],[-82.407,31.825],[-82.375,31.834],[-82.325,31.848],[-82.275,31.861],[-82.225,31.875],[-82.224,31.875],[-82.175,31.888],[-82.125,31.901],[-82.075,31.914],[-82.034,31.925],[-82.025,31.927],[-81.975,31.94],[-81.925,31.953],[-81.875,31.965],[-81.834,31.975],[-81.825,31.977],[-81.775,31.989],[-81.725,32.001],[-81.675,32.012],[-81.625,32.024],[-81.62,32.025],[-81.575,32.035],[-81.525,32.046],[-81.475,32.057],[-81.425,32.067],[-81.385,32.075],[-81.375,32.077],[-81.325,32.087],[-81.275,32.096],[-81.225,32.105],[-81.175,32.114],[-81.125,32.122],[-81.105,32.125],[-81.075,32.13],[-81.025,32.137],[-80.975,32.144],[-80.925,32.151],[-80.875,32.157],[-80.838,32.162]],[[-93.025,32.135],[-92.975,32.131],[-92.925,32.127],[-92.907,32.125],[-92.875,32.122],[-92.825,32.118],[-92.775,32.113],[-92.725,32.108],[-92.675,32.104],[-92.625,32.099],[-92.575,32.094],[-92.525,32.088],[-92.475,32.083],[-92.425,32.078],[-92.399,32.075],[-92.375,32.072],[-92.325,32.067],[-92.275,32.061],[-92.225,32.055],[-92.175,32.049],[-92.125,32.043],[-92.075,32.038],[-92.025,32.032]],[[-80.736,32.175],[-80.725,32.176],[-80.724,32.176]]]}},{"type":"Feature","properties":{"date":"2016-03-18","label":"18 Mar","yday":78,"tier":"day","major":false},"geometry":{"type":"MultiLineString","coordinates":[[[-90.735,32.065],[-90.725,32.064],[-90.675,32.053],[-90.625,32.043],[-90.575,32.033],[-90.537,32.025],[-90.525,32.022],[-90.475,32.011],[-90.425,32.0],[-90.375,31.989],[-90.325,31.978],[-90.313,31.975],[-90.275,31.966],[-90.225,31.954],[-90.175,31.942],[-90.125,31.93],[-90.106,31.925],[-90.075,31.917],[-90.025,31.905],[-89.975,31.892],[-89.925,31.879],[-89.909,31.875],[-89.875,31.866],[-89.825,31.853],[-89.775,31.84],[-89.725,31.828],[-89.714,31.825],[-89.675,31.815],[-89.625,31.802],[-89.575,31.79],[-89.525,31.777],[-89.516,31.775],[-89.475,31.765],[-89.425,31.753],[-89.375,31.741],[-89.325,31.729],[-89.307,31.725],[-89.275,31.718],[-89.225,31.706],[-89.175,31.695],[-89.125,31.684],[-89.081,31.675],[-89.075,31.674],[-89.025,31.663],[-88.975,31.653],[-88.925,31.644],[-88.875,31.634],[-88.825,31.625],[-88.823,31.625],[-88.775,31.617],[-88.725,31.608],[-88.675,31.6],[-88.625,31.593],[-88.575,31.586],[-88.525,31.579],[-88.493,31.575],[-88.475,31.573],[-88.425,31.567],[-88.375,31.561],[-88.325,31.556],[-88.275,31.552],[-88.225,31.548],[-88.175,31.544],[-88.125,31.54],[-88.075,31.538],[-88.025,31.535],[-87.975,31.533],[-87.925,31.531],[-87.875,31.53],[-87.825,31.529],[-87.775,31.529],[-87.725,31.529],[-87.675,31.529],[-87.625,31.529],[-87.575,31.53],[-87.525,31.531],[-87.475,31.533],[-87.425,31.534],[-87.375,31.536],[-87.325,31.538],[-87.275,31.541],[-87.225,31.543],[-87.175,31.546],[-87.125,31.549],[-87.075,31.551],[-87.025,31.554],[-86.975,31.557],[-86.925,31.56],[-86.875,31.563],[-86.825,31.566],[-86.775,31.569],[-86.725,31.571],[-86.675,31.574],[-86.649,31.575],[-86.625,31.576],[-86.575,31.578],[-86.525,31.58],[-86.475,31.581],[-86.425,31.583],[-86.375,31.584],[-86.325,31.584],[-86.275,31.584],[-86.225,31.584],[-86.175,31.584],[-86.125,31.583],[-86.075,31.582],[-86.025,31.581],[-85.975,31.579],[-85.925,31.578],[-85.875,31.576],[-85.843,31.575],[-85.825,31.574],[-85.775,31.573],[-85.725,31.571],[-85.675,31.569],[-85.625,31.567],[-85.575,31.565],[-85.525,31.564],[-85.475,31.562],[-85.425,31.561],[-85.375,31.56],[-85.325,31.559],[-85.275,31.558],[-85.225,31.558],[-85.175,31.557],[-85.125,31.557],[-85.075,31.557],[-85.025,31.557],[-84.975,31.558],[-84.925,31.559],[-84.875,31.56],[-84.825,31.561],[-84.775,31.563],[-84.725,31.565],[-84.675,31.567],[-84.625,31.57],[-84.575,31.573],[-84.547,31.575],[-84.525,31.577],[-84.475,31.58],[-84.425,31.585],[-84.375,31.589],[-84.325,31.594],[-84.275,31.599],[-84.225,31.605],[-84.175,31.611],[-84.125,31.617],[-84.075,31.624],[-84.068,31.625],[-84.025,31.631],[-83.975,31.638],[-83.925,31.646],[-83.875,31.654],[-83.825,31.663],[-83.775,31.672],[-83.761,31.675],[-83.725,31.682],[-83.675,31.692],[-83.625,31.702],[-83.575,31.713],[-83.525,31.724],[-83.52,31.725],[-83.475,31.735],[-83.425,31.747],[-83.375,31.759],[-83.325,31.771],[-83.311,31.775],[-83.275,31.784],[-83.225,31.797],[-83.175,31.81],[-83.125,31.823],[-83.118,31.825],[-83.075,31.837],[-83.025,31.85],[-82.975,31.864],[-82.936,31.875],[-82.925,31.878],[-82.875,31.892],[-82.825,31.906],[-82.775,31.92],[-82.758,31.925],[-82.725,31.934],[-82.675,31.949],[-82.625,31.963],[-82.584,31.975],[-82.575,31.977],[-82.525,31.992],[-82.475,32.006],[-82.425,32.02],[-82.409,32.025],[-82.375,32.035],[-82.325,32.049],[-82.275,32.062],[-82.229,32.075],[-82.225,32.076],[-82.175,32.09],[-82.125,32.103],[-82.075,32.116],[-82.042,32.125],[-82.025,32.129],[-81.975,32.142],[-81.925,32.155],[-81.875,32.167],[-81.844,32.175],[-81.825,32.18],[-81.775,32.192],[-81.725,32.203],[-81.675,32.215],[-81.63,32.225],[-81.625,32.226],[-81.575,32.237],[-81.525,32.247],[-81.475,32.258],[-81.425,32.267],[-81.385,32.275],[-81.375,32.277],[-81.325,32.286],[-81.275,32.295],[-81.225,32.303],[-81.175,32.31],[-81.125,32.318],[-81.075,32.325],[-81.074,32.325],[-81.025,32.331],[-80.975,32.338],[-80.925,32.344],[-80.875,32.35],[-80.825,32.355]],[[-92.18,32.275],[-92.175,32.274],[-92.174,32.274]],[[-92.535,32.315],[-92.525,32.314],[-92.475,32.308],[-92.425,32.303],[-92.375,32.297],[-92.344,32.294]],[[-93.042,32.358],[-93.025,32.357],[-92.975,32.353],[-92.951,32.351]],[[-80.625,32.377],[-80.575,32.382],[-80.525,32.386],[-80.512,32.388]]]}},{"type":"Feature","properties":{"date":"2016-03-19","label":"19 Mar","yday":79,"tier":"day","major":false},"geometry":{"type":"MultiLineString","coordinates":[[[-90.393,32.207],[-90.375,32.203],[-90.325,32.192],[-90.275,32.18],[-90.252,32.175],[-90.225,32.169],[-90.175,32.156],[-90.125,32.144],[-90.075,32.132],[-90.049,32.125],[-90.025,32.119],[-89.975,32.106],[-89.925,32.093],[-89.875,32.08],[-89.857,32.075],[-89.825,32.066],[-89.775,32.053],[-89.725,32.04],[-89.675,32.027],[-89.667,32.025],[-89.625,32.014],[-89.575,32.001],[-89.525,31.988],[-89.475,31.976],[-89.473,31.975],[-89.425,31.963],[-89.375,31.951],[-89.325,31.939],[-89.275,31.927],[-89.267,31.925],[-89.225,31.915],[-89.175,31.904],[-89.125,31.893],[-89.075,31.882],[-89.039,31.875],[-89.025,31.872],[-88.975,31.862],[-88.925,31.852],[-88.875,31.843],[-88.825,31.834],[-88.775,31.826],[-88.769,31.825],[-88.725,31.818],[-88.675,31.81],[-88.625,31.803],[-88.575,31.796],[-88.525,31.79],[-88.475,31.784],[-88.425,31.778],[-88.391,31.775],[-88.375,31.773],[-88.325,31.769],[-88.275,31.765],[-88.225,31.761],[-88.175,31.757],[-88.125,31.755],[-88.075,31.752],[-88.025,31.75],[-87.975,31.748],[-87.925,31.747],[-87.875,31.746],[-87.825,31.745],[-87.775,31.745],[-87.725,31.745],[-87.675,31.746],[-87.625,31.747],[-87.575,31.748],[-87.525,31.749],[-87.475,31.751],[-87.425,31.753],[-87.375,31.755],[-87.325,31.757],[-87.275,31.759],[-87.225,31.762],[-87.175,31.765],[-87.125,31.767],[-87.075,31.77],[-87.025,31.773],[-86.993,31.775],[-86.975,31.776],[-86.925,31.779],[-86.875,31.782],[-86.825,31.784],[-86.775,31.787],[-86.725,31.79],[-86.675,31.792],[-86.625,31.794],[-86.575,31.796],[-86.525,31.797],[-86.475,31.799],[-86.425,31.799],[-86.375,31.8],[-86.325,31.8],[-86.275,31.8],[-86.225,31.8],[-86.175,31.799],[-86.125,31.798],[-86.075,31.797],[-86.025,31.796],[-85.975,31.794],[-85.925,31.792],[-85.875,31.789],[-85.825,31.787],[-85.775,31.785],[-85.725,31.782],[-85.675,31.78],[-85.625,31.778],[-85.575,31.776],[-85.557,31.775],[-85.525,31.774],[-85.475,31.772],[-85.425,31.77],[-85.375,31.768],[-85.325,31.767],[-85.275,31.766],[-85.225,31.765],[-85.175,31.764],[-85.125,31.763],[-85.075,31.763],[-85.025,31.762],[-84.975,31.762],[-84.925,31.762],[-84.875,31.763],[-84.825,31.764],[-84.775,31.765],[-84.725,31.766],[-84.675,31.768],[-84.625,31.77],[-84.575,31.773],[-84.543,31.775],[-84.525,31.776],[-84.475,31.779],[-84.425,31.783],[-84.375,31.787],[-84.325,31.792],[-84.275,31.797],[-84.225,31.802],[-84.175,31.808],[-84.125,31.814],[-84.075,31.82],[-84.042,31.825],[-84.025,31.827],[-83.975,31.835],[-83.925,31.842],[-83.875,31.85],[-83.825,31.859],[-83.775,31.868],[-83.736,31.875],[-83.725,31.877],[-83.675,31.887],[-83.625,31.897],[-83.575,31.907],[-83.525,31.918],[-83.493,31.925],[-83.475,31.929],[-83.425,31.94],[-83.375,31.952],[-83.325,31.964],[-83.28,31.975],[-83.275,31.976],[-83.225,31.989],[-83.175,32.002],[-83.125,32.015],[-83.086,32.025],[-83.075,32.028],[-83.025,32.041],[-82.975,32.055],[-82.925,32.069],[-82.903,32.075],[-82.875,32.083],[-82.825,32.097],[-82.775,32.111],[-82.727,32.125],[-82.725,32.126],[-82.675,32.14],[-82.625,32.155],[-82.575,32.169],[-82.555,32.175],[-82.525,32.184],[-82.475,32.198],[-82.425,32.213],[-82.383,32.225],[-82.375,32.227],[-82.325,32.241],[-82.275,32.255],[-82.225,32.269],[-82.204,32.275],[-82.175,32.283],[-82.125,32.296],[-82.075,32.31],[-82.025,32.323],[-82.018,32.325],[-81.975,32.336],[-81.925,32.349],[-81.875,32.361],[-81.825,32.374],[-81.819,32.375],[-81.775,32.386],[-81.725,32.397],[-81.675,32.408],[-81.625,32.419],[-81.599,32.425],[-81.575,32.43],[-81.525,32.44],[-81.475,32.45],[-81.425,32.459],[-81.375,32.468],[-81.333,32.475],[-81.325,32.476],[-81.275,32.484],[-81.225,32.492],[-81.175,32.499],[-81.125,32.506],[-81.075,32.513],[-81.025,32.519],[-80.975,32.525],[-80.973,32.525],[-80.925,32.53],[-80.875,32.536],[-80.825,32.541],[-80.775,32.546],[-80.725,32.55],[-80.675,32.555],[-80.625,32.559],[-80.575,32.563],[-80.534,32.566]],[[-80.517,32.567],[-80.475,32.57],[-80.425,32.574],[-80.411,32.575],[-80.375,32.578],[-80.325,32.581],[-80.275,32.584],[-80.225,32.588],[-80.175,32.591],[-80.158,32.592]]]}},{"type":"Feature","properties":{"date":"2016-03-20","label":"20 Mar","yday":80,"tier":"five","major":false},"geometry":{"type":"MultiLineString","coordinates":[[[-86.106,31.994],[-86.075,31.993],[-86.025,31.991],[-85.975,31.989],[-85.925,31.986],[-85.875,31.983],[-85.825,31.981],[-85.775,31.978],[-85.725,31.975],[-85.72,31.975],[-85.675,31.973],[-85.625,31.97],[-85.575,31.967],[-85.525,31.965],[-85.475,31.963],[-85.425,31.961],[-85.375,31.959],[-85.325,31.957],[-85.275,31.956],[-85.225,31.955],[-85.175,31.954],[-85.125,31.953],[-85.075,31.952],[-85.025,31.951],[-84.975,31.951],[-84.925,31.951],[-84.875,31.951],[-84.825,31.951],[-84.775,31.952],[-84.725,31.953],[-84.675,31.955],[-84.625,31.957],[-84.575,31.959],[-84.525,31.962],[-84.475,31.965],[-84.425,31.969],[-84.375,31.973],[-84.352,31.975],[-84.325,31.977],[-84.275,31.982],[-84.225,31.987],[-84.175,31.993],[-84.125,31.999],[-84.075,32.006],[-84.025,32.012],[-83.975,32.02],[-83.941,32.025],[-83.925,32.027],[-83.875,32.035],[-83.825,32.044],[-83.775,32.053],[-83.725,32.062],[-83.675,32.072],[-83.659,32.075],[-83.625,32.082],[-83.575,32.092],[-83.525,32.103],[-83.475,32.114],[-83.425,32.125],[-83.425,32.125],[-83.375,32.136],[-83.325,32.148],[-83.275,32.16],[-83.225,32.173],[-83.217,32.175],[-83.175,32.186],[-83.125,32.198],[-83.075,32.212],[-83.025,32.225],[-83.025,32.225],[-82.975,32.239],[-82.925,32.252],[-82.875,32.267],[-82.846,32.275],[-82.825,32.281],[-82.775,32.295],[-82.725,32.31],[-82.675,32.325],[-82.674,32.325],[-82.625,32.339],[-82.575,32.354],[-82.525,32.369],[-82.505,32.375],[-82.475,32.384],[-82.425,32.398],[-82.375,32.413],[-82.333,32.425],[-82.325,32.427],[-82.275,32.441],[-82.225,32.455],[-82.175,32.469],[-82.154,32.475],[-82.125,32.483],[-82.075,32.496],[-82.025,32.51],[-81.975,32.523],[-81.965,32.525],[-81.925,32.535],[-81.875,32.548],[-81.825,32.56],[-81.775,32.572],[-81.761,32.575],[-81.725,32.583],[-81.675,32.594],[-81.625,32.605],[-81.575,32.615],[-81.525,32.625],[-81.524,32.625],[-81.475,32.634],[-81.425,32.643],[-81.375,32.651],[-81.325,32.659],[-81.275,32.666],[-81.225,32.674],[-81.215,32.675],[-81.175,32.68],[-81.125,32.687],[-81.075,32.693],[-81.025,32.699],[-80.975,32.705],[-80.925,32.71],[-80.875,32.715],[-80.825,32.719],[-80.775,32.724],[-80.76,32.725],[-80.725,32.728],[-80.675,32.732],[-80.625,32.735],[-80.575,32.738],[-80.525,32.741],[-80.475,32.744],[-80.425,32.746],[-80.375,32.749],[-80.325,32.752],[-80.275,32.754],[-80.225,32.757],[-80.175,32.759],[-80.125,32.762],[-80.075,32.765],[-80.025,32.767],[-79.975,32.77],[-79.97,32.77]],[[-89.434,32.166],[-89.425,32.163],[-89.375,32.151],[-89.325,32.138],[-89.275,32.126],[-89.269,32.125],[-89.225,32.115],[-89.175,32.103],[-89.125,32.092],[-89.075,32.081],[-89.045,32.075],[-89.025,32.071],[-88.975,32.061],[-88.925,32.051],[-88.875,32.042],[-88.825,32.033],[-88.779,32.025],[-88.775,32.024],[-88.725,32.016],[-88.675,32.009],[-88.625,32.002],[-88.575,31.995],[-88.525,31.989],[-88.475,31.984],[-88.425,31.978],[-88.389,31.975],[-88.375,31.974],[-88.325,31.969],[-88.275,31.965],[-88.225,31.962],[-88.175,31.959],[-88.125,31.956],[-88.075,31.954],[-88.025,31.952],[-87.975,31.951],[-87.925,31.95],[-87.875,31.949],[-87.825,31.949],[-87.775,31.948],[-87.749,31.949]],[[-89.95,32.3],[-89.925,32.294],[-89.875,32.281],[-89.852,32.275],[-89.825,32.268],[-89.775,32.254],[-89.725,32.241],[-89.675,32.228],[-89.664,32.225],[-89.625,32.215],[-89.575,32.202],[-89.543,32.193]],[[-79.829,32.779],[-79.825,32.779],[-79.82,32.78]]]}},{"type":"Feature","properties":{"date":"2016-03-21","label":"21 Mar","yday":81,"tier":"day","major":false},"geometry":{"type":"MultiLineString","coordinates":[[[-87.158,32.158],[-87.125,32.16],[-87.075,32.162],[-87.025,32.165],[-86.983,32.167]],[[-85.605,32.145],[-85.575,32.144],[-85.525,32.141],[-85.475,32.139],[-85.425,32.137],[-85.375,32.134],[-85.325,32.133],[-85.275,32.131],[-85.225,32.129],[-85.175,32.128],[-85.125,32.127],[-85.075,32.126],[-85.025,32.126],[-84.975,32.125],[-84.925,32.125],[-84.875,32.125],[-84.825,32.126],[-84.775,32.127],[-84.725,32.128],[-84.675,32.13],[-84.625,32.132],[-84.575,32.134],[-84.525,32.137],[-84.475,32.14],[-84.425,32.144],[-84.375,32.148],[-84.325,32.153],[-84.275,32.157],[-84.225,32.163],[-84.175,32.169],[-84.125,32.175],[-84.125,32.175],[-84.075,32.182],[-84.025,32.189],[-83.975,32.196],[-83.925,32.204],[-83.875,32.212],[-83.825,32.221],[-83.802,32.225],[-83.775,32.23],[-83.725,32.239],[-83.675,32.249],[-83.625,32.259],[-83.575,32.27],[-83.55,32.275],[-83.525,32.28],[-83.475,32.291],[-83.425,32.303],[-83.375,32.314],[-83.331,32.325],[-83.325,32.326],[-83.275,32.339],[-83.225,32.351],[-83.175,32.364],[-83.131,32.375],[-83.125,32.377],[-83.075,32.39],[-83.025,32.403],[-82.975,32.417],[-82.947,32.425],[-82.925,32.431],[-82.875,32.445],[-82.825,32.46],[-82.775,32.475],[-82.775,32.475],[-82.725,32.49],[-82.675,32.505],[-82.625,32.52],[-82.608,32.525],[-82.575,32.535],[-82.525,32.55],[-82.475,32.565],[-82.44,32.575],[-82.425,32.579],[-82.375,32.594],[-82.325,32.608],[-82.275,32.623],[-82.266,32.625],[-82.225,32.636],[-82.175,32.65],[-82.125,32.664],[-82.083,32.675],[-82.075,32.677],[-82.025,32.69],[-81.975,32.703],[-81.925,32.715],[-81.884,32.725],[-81.875,32.727],[-81.825,32.739],[-81.775,32.75],[-81.725,32.761],[-81.675,32.772],[-81.661,32.775],[-81.625,32.782],[-81.575,32.792],[-81.525,32.801],[-81.475,32.81],[-81.425,32.819],[-81.386,32.825],[-81.375,32.827],[-81.325,32.834],[-81.275,32.842],[-81.225,32.849],[-81.175,32.855],[-81.125,32.861],[-81.075,32.867],[-81.025,32.873],[-81.003,32.875],[-80.975,32.878],[-80.925,32.883],[-80.875,32.887],[-80.825,32.891],[-80.775,32.895],[-80.725,32.899],[-80.675,32.902],[-80.625,32.905],[-80.575,32.908],[-80.525,32.91],[-80.475,32.912],[-80.425,32.913],[-80.375,32.915],[-80.325,32.917],[-80.275,32.919],[-80.225,32.92],[-80.175,32.922],[-80.125,32.924],[-80.102,32.925],[-80.075,32.926],[-80.025,32.928],[-79.975,32.93],[-79.925,32.933],[-79.875,32.935],[-79.825,32.938],[-79.775,32.941],[-79.725,32.945],[-79.675,32.949],[-79.625,32.953]],[[-89.281,32.319],[-89.275,32.318],[-89.225,32.306],[-89.175,32.294],[-89.125,32.283],[-89.089,32.275],[-89.075,32.272],[-89.025,32.261],[-88.975,32.251],[-88.925,32.241],[-88.875,32.231],[-88.839,32.225],[-88.825,32.223],[-88.775,32.214],[-88.725,32.206],[-88.675,32.199],[-88.625,32.192],[-88.575,32.185],[-88.525,32.179],[-88.485,32.175],[-88.475,32.174],[-88.425,32.169],[-88.375,32.164],[-88.325,32.16],[-88.275,32.156],[-88.225,32.153],[-88.175,32.15],[-88.125,32.148],[-88.075,32.146],[-88.045,32.145]],[[-89.7,32.425],[-89.675,32.418],[-89.625,32.405],[-89.599,32.399]]]}},{"type":"Feature","properties":{"date":"2016-03-22","label":"22 Mar","yday":82,"tier":"day","major":false},"geometry":{"type":"MultiLineString","coordinates":[[[-85.611,32.311],[-85.575,32.309],[-85.525,32.306],[-85.475,32.303],[-85.425,32.301],[-85.375,32.299],[-85.325,32.297],[-85.275,32.295],[-85.225,32.293],[-85.175,32.292],[-85.125,32.291],[-85.075,32.29],[-85.025,32.29],[-84.975,32.289],[-84.925,32.289],[-84.875,32.29],[-84.825,32.291],[-84.775,32.292],[-84.725,32.293],[-84.675,32.295],[-84.625,32.297],[-84.575,32.3],[-84.525,32.303],[-84.475,32.306],[-84.425,32.31],[-84.375,32.315],[-84.325,32.32],[-84.275,32.325],[-84.274,32.325],[-84.225,32.331],[-84.175,32.337],[-84.125,32.343],[-84.075,32.35],[-84.025,32.358],[-83.975,32.365],[-83.925,32.374],[-83.918,32.375],[-83.875,32.382],[-83.825,32.391],[-83.775,32.401],[-83.725,32.411],[-83.675,32.421],[-83.655,32.425],[-83.625,32.431],[-83.575,32.442],[-83.525,32.453],[-83.475,32.465],[-83.43,32.475],[-83.425,32.476],[-83.375,32.488],[-83.325,32.5],[-83.275,32.513],[-83.226,32.525],[-83.225,32.525],[-83.175,32.538],[-83.125,32.551],[-83.075,32.565],[-83.039,32.575],[-83.025,32.579],[-82.975,32.593],[-82.925,32.608],[-82.875,32.622],[-82.867,32.625],[-82.825,32.638],[-82.775,32.653],[-82.725,32.668],[-82.702,32.675],[-82.675,32.683],[-82.625,32.698],[-82.575,32.713],[-82.536,32.725],[-82.525,32.728],[-82.475,32.743],[-82.425,32.757],[-82.375,32.772],[-82.364,32.775],[-82.325,32.786],[-82.275,32.8],[-82.225,32.814],[-82.182,32.825],[-82.175,32.827],[-82.125,32.84],[-82.075,32.853],[-82.025,32.865],[-81.985,32.875],[-81.975,32.878],[-81.925,32.889],[-81.875,32.901],[-81.825,32.912],[-81.775,32.923],[-81.766,32.925],[-81.725,32.934],[-81.675,32.944],[-81.625,32.954],[-81.575,32.963],[-81.525,32.972],[-81.508,32.975],[-81.475,32.981],[-81.425,32.989],[-81.375,32.997],[-81.325,33.004],[-81.275,33.011],[-81.225,33.018],[-81.175,33.024],[-81.169,33.025],[-81.125,33.03],[-81.075,33.036],[-81.025,33.041],[-80.975,33.046],[-80.925,33.05],[-80.875,33.054],[-80.825,33.058],[-80.775,33.061],[-80.725,33.064],[-80.675,33.067],[-80.625,33.069],[-80.575,33.071],[-80.525,33.073],[-80.475,33.074],[-80.449,33.075],[-80.425,33.076],[-80.375,33.077],[-80.325,33.078],[-80.275,33.079],[-80.225,33.08],[-80.175,33.081],[-80.125,33.082],[-80.075,33.084],[-80.025,33.085],[-79.975,33.087],[-79.925,33.09],[-79.875,33.092],[-79.825,33.095],[-79.775,33.099],[-79.725,33.102],[-79.675,33.106],[-79.625,33.11],[-79.575,33.115],[-79.525,33.12],[-79.475,33.125],[-79.475,33.125],[-79.425,33.131],[-79.375,33.137],[-79.325,33.144],[-79.303,33.147]],[[-87.234,32.334],[-87.225,32.334],[-87.175,32.336],[-87.125,32.338],[-87.075,32.34],[-87.025,32.342],[-86.975,32.344],[-86.925,32.346],[-86.875,32.347],[-86.852,32.348]],[[-89.132,32.468],[-89.125,32.467],[-89.075,32.456],[-89.025,32.445],[-88.975,32.435],[-88.925,32.425],[-88.925,32.425],[-88.875,32.415],[-88.825,32.406],[-88.775,32.397],[-88.725,32.389],[-88.675,32.382],[-88.626,32.375],[-88.625,32.375],[-88.575,32.368],[-88.525,32.362],[-88.475,32.357],[-88.425,32.352],[-88.375,32.347],[-88.325,32.343],[-88.275,32.34],[-88.225,32.336],[-88.175,32.334]]]}},{"type":"Feature","properties":{"date":"2016-03-23","label":"23 Mar","yday":83,"tier":"day","major":false},"geometry":{"type":"MultiLineString","coordinates":[[[-86.047,32.497],[-86.025,32.496],[-85.975,32.492],[-85.925,32.489],[-85.875,32.485],[-85.825,32.482],[-85.775,32.479],[-85.725,32.475],[-85.723,32.475],[-85.675,32.472],[-85.625,32.469],[-85.575,32.465],[-85.525,32.462],[-85.475,32.46],[-85.425,32.457],[-85.375,32.455],[-85.325,32.453],[-85.275,32.451],[-85.225,32.449],[-85.175,32.448],[-85.125,32.447],[-85.075,32.446],[-85.025,32.446],[-84.975,32.446],[-84.925,32.446],[-84.875,32.447],[-84.825,32.448],[-84.775,32.449],[-84.725,32.451],[-84.675,32.453],[-84.625,32.456],[-84.575,32.459],[-84.525,32.462],[-84.475,32.466],[-84.425,32.47],[-84.376,32.475],[-84.375,32.475],[-84.325,32.48],[-84.275,32.486],[-84.225,32.492],[-84.175,32.499],[-84.125,32.506],[-84.075,32.513],[-84.025,32.521],[-84.002,32.525],[-83.975,32.53],[-83.925,32.538],[-83.875,32.547],[-83.825,32.557],[-83.775,32.567],[-83.737,32.575],[-83.725,32.578],[-83.675,32.588],[-83.625,32.599],[-83.575,32.611],[-83.525,32.622],[-83.514,32.625],[-83.475,32.634],[-83.425,32.647],[-83.375,32.659],[-83.325,32.672],[-83.313,32.675],[-83.275,32.685],[-83.225,32.698],[-83.175,32.712],[-83.128,32.725],[-83.125,32.726],[-83.075,32.74],[-83.025,32.755],[-82.975,32.769],[-82.956,32.775],[-82.925,32.784],[-82.875,32.799],[-82.825,32.815],[-82.791,32.825],[-82.775,32.83],[-82.725,32.845],[-82.675,32.86],[-82.626,32.875],[-82.625,32.875],[-82.575,32.89],[-82.525,32.905],[-82.475,32.919],[-82.455,32.925],[-82.425,32.934],[-82.375,32.948],[-82.325,32.961],[-82.275,32.975],[-82.273,32.975],[-82.225,32.988],[-82.175,33.0],[-82.125,33.013],[-82.075,33.025],[-82.075,33.025],[-82.025,33.037],[-81.975,33.048],[-81.925,33.059],[-81.875,33.07],[-81.853,33.075],[-81.825,33.081],[-81.775,33.091],[-81.725,33.101],[-81.675,33.111],[-81.625,33.121],[-81.601,33.125],[-81.575,33.13],[-81.525,33.138],[-81.475,33.147],[-81.425,33.155],[-81.375,33.163],[-81.325,33.17],[-81.288,33.175],[-81.275,33.177],[-81.225,33.183],[-81.175,33.189],[-81.125,33.195],[-81.075,33.2],[-81.025,33.205],[-80.975,33.209],[-80.925,33.213],[-80.875,33.217],[-80.825,33.22],[-80.775,33.223],[-80.744,33.225],[-80.725,33.226],[-80.675,33.228],[-80.625,33.23],[-80.575,33.232],[-80.525,33.234],[-80.475,33.235],[-80.425,33.236],[-80.375,33.237],[-80.325,33.238],[-80.275,33.238],[-80.225,33.239],[-80.175,33.24],[-80.125,33.241],[-80.075,33.242],[-80.025,33.244],[-79.975,33.246],[-79.925,33.248],[-79.875,33.251],[-79.825,33.254],[-79.775,33.257],[-79.725,33.261],[-79.675,33.265],[-79.625,33.269],[-79.575,33.274],[-79.564,33.275],[-79.525,33.279],[-79.475,33.284],[-79.425,33.29],[-79.375,33.297],[-79.325,33.304]],[[-88.901,32.599],[-88.875,32.595],[-88.825,32.585],[-88.775,32.577],[-88.765,32.575],[-88.725,32.568],[-88.675,32.561],[-88.625,32.553],[-88.575,32.547],[-88.525,32.54],[-88.475,32.535],[-88.425,32.53],[-88.375,32.525],[-88.375,32.525],[-88.325,32.521],[-88.275,32.517],[-88.225,32.513],[-88.213,32.513]],[[-79.192,33.325],[-79.175,33.328]]]}},{"type":"Feature","properties":{"date":"2016-03-24","label":"24 Mar","yday":84,"tier":"day","major":false},"geometry":{"type":"MultiLineString","coordinates":[[[-87.021,32.671],[-86.975,32.671],[-86.925,32.672],[-86.875,32.672],[-86.825,32.672],[-86.775,32.673],[-86.725,32.672],[-86.675,32.672],[-86.625,32.672],[-86.575,32.671],[-86.525,32.67],[-86.475,32.669],[-86.425,32.667],[-86.375,32.666],[-86.325,32.664],[-86.275,32.661],[-86.225,32.659],[-86.175,32.656],[-86.125,32.653],[-86.075,32.65],[-86.025,32.646],[-85.975,32.643],[-85.925,32.64],[-85.875,32.636],[-85.825,32.632],[-85.775,32.629],[-85.725,32.626],[-85.717,32.625],[-85.675,32.622],[-85.625,32.619],[-85.575,32.616],[-85.525,32.613],[-85.475,32.61],[-85.425,32.607],[-85.375,32.605],[-85.325,32.603],[-85.275,32.601],[-85.225,32.6],[-85.175,32.598],[-85.125,32.597],[-85.075,32.597],[-85.025,32.597],[-84.975,32.597],[-84.925,32.597],[-84.875,32.598],[-84.825,32.599],[-84.775,32.601],[-84.725,32.603],[-84.675,32.605],[-84.625,32.608],[-84.575,32.612],[-84.525,32.616],[-84.475,32.62],[-84.425,32.625],[-84.424,32.625],[-84.375,32.63],[-84.325,32.636],[-84.275,32.642],[-84.225,32.649],[-84.175,32.656],[-84.125,32.664],[-84.075,32.672],[-84.057,32.675],[-84.025,32.68],[-83.975,32.689],[-83.925,32.699],[-83.875,32.709],[-83.825,32.719],[-83.798,32.725],[-83.775,32.73],[-83.725,32.741],[-83.675,32.752],[-83.625,32.764],[-83.581,32.775],[-83.575,32.777],[-83.525,32.789],[-83.475,32.802],[-83.425,32.815],[-83.388,32.825],[-83.375,32.828],[-83.325,32.842],[-83.275,32.856],[-83.225,32.87],[-83.209,32.875],[-83.175,32.885],[-83.125,32.9],[-83.075,32.915],[-83.04,32.925],[-83.025,32.93],[-82.975,32.945],[-82.925,32.96],[-82.877,32.975],[-82.875,32.976],[-82.825,32.991],[-82.775,33.006],[-82.725,33.022],[-82.714,33.025],[-82.675,33.037],[-82.625,33.052],[-82.575,33.066],[-82.544,33.075],[-82.525,33.08],[-82.475,33.095],[-82.425,33.108],[-82.375,33.122],[-82.362,33.125],[-82.325,33.135],[-82.275,33.147],[-82.225,33.16],[-82.175,33.171],[-82.16,33.175],[-82.125,33.183],[-82.075,33.194],[-82.025,33.205],[-81.975,33.216],[-81.931,33.225],[-81.925,33.226],[-81.875,33.236],[-81.825,33.246],[-81.775,33.256],[-81.725,33.265],[-81.675,33.275],[-81.673,33.275],[-81.625,33.284],[-81.575,33.292],[-81.525,33.301],[-81.475,33.309],[-81.425,33.317],[-81.375,33.324],[-81.371,33.325],[-81.325,33.331],[-81.275,33.338],[-81.225,33.344],[-81.175,33.35],[-81.125,33.356],[-81.075,33.361],[-81.025,33.366],[-80.975,33.37],[-80.925,33.374],[-80.912,33.375],[-80.875,33.378],[-80.825,33.381],[-80.775,33.384],[-80.725,33.387],[-80.675,33.389],[-80.625,33.391],[-80.575,33.393],[-80.525,33.394],[-80.475,33.395],[-80.425,33.397],[-80.375,33.398],[-80.325,33.399],[-80.275,33.4],[-80.225,33.401],[-80.175,33.402],[-80.125,33.403],[-80.075,33.404],[-80.025,33.406],[-79.975,33.408],[-79.925,33.41],[-79.875,33.413],[-79.825,33.416],[-79.775,33.42],[-79.725,33.423],[-79.705,33.425],[-79.675,33.428],[-79.625,33.432],[-79.575,33.437],[-79.525,33.442],[-79.475,33.448],[-79.425,33.455],[-79.375,33.461],[-79.325,33.469],[-79.285,33.475],[-79.275,33.477],[-79.225,33.485],[-79.175,33.494],[-79.125,33.504],[-79.089,33.511]],[[-88.603,32.725],[-88.575,32.721],[-88.525,32.715],[-88.475,32.709],[-88.425,32.703],[-88.401,32.701]],[[-89.675,32.946],[-89.625,32.934],[-89.587,32.925],[-89.575,32.922],[-89.525,32.91]]]}},{"type":"Feature","properties":{"date":"2016-03-25","label":"25 Mar","yday":85,"tier":"five","major":false},"geometry":{"type":"MultiLineString","coordinates":[[[-87.575,32.826],[-87.525,32.826],[-87.475,32.826],[-87.425,32.826],[-87.375,32.825],[-87.325,32.825],[-87.275,32.826],[-87.225,32.826],[-87.175,32.826],[-87.125,32.826],[-87.075,32.826],[-87.025,32.826],[-86.975,32.826],[-86.925,32.826],[-86.875,32.826],[-86.825,32.825],[-86.805,32.825],[-86.775,32.825],[-86.725,32.824],[-86.675,32.823],[-86.625,32.822],[-86.575,32.821],[-86.525,32.819],[-86.475,32.817],[-86.425,32.815],[-86.375,32.813],[-86.325,32.811],[-86.275,32.808],[-86.225,32.805],[-86.175,32.802],[-86.125,32.799],[-86.075,32.796],[-86.025,32.792],[-85.975,32.789],[-85.925,32.785],[-85.875,32.782],[-85.825,32.778],[-85.778,32.775],[-85.775,32.775],[-85.725,32.771],[-85.675,32.768],[-85.625,32.765],[-85.575,32.762],[-85.525,32.759],[-85.475,32.756],[-85.425,32.753],[-85.375,32.751],[-85.325,32.749],[-85.275,32.747],[-85.225,32.746],[-85.175,32.744],[-85.125,32.744],[-85.075,32.743],[-85.025,32.743],[-84.975,32.743],[-84.925,32.744],[-84.875,32.745],[-84.825,32.747],[-84.775,32.749],[-84.725,32.751],[-84.675,32.754],[-84.625,32.757],[-84.575,32.761],[-84.525,32.765],[-84.475,32.77],[-84.431,32.775],[-84.425,32.776],[-84.375,32.781],[-84.325,32.788],[-84.275,32.795],[-84.225,32.802],[-84.175,32.81],[-84.125,32.818],[-84.088,32.825],[-84.075,32.827],[-84.025,32.837],[-83.975,32.847],[-83.925,32.857],[-83.875,32.868],[-83.843,32.875],[-83.825,32.879],[-83.775,32.891],[-83.747,32.897]],[[-83.553,32.947],[-83.525,32.955],[-83.475,32.969],[-83.452,32.975],[-83.425,32.983],[-83.375,32.997],[-83.325,33.012],[-83.281,33.025],[-83.275,33.027],[-83.225,33.042],[-83.175,33.057],[-83.125,33.073],[-83.119,33.075],[-83.075,33.089],[-83.025,33.104],[-82.975,33.12],[-82.96,33.125],[-82.925,33.136],[-82.875,33.152],[-82.825,33.167],[-82.8,33.175],[-82.775,33.183],[-82.725,33.198],[-82.675,33.213],[-82.634,33.225],[-82.625,33.228],[-82.575,33.242],[-82.525,33.256],[-82.475,33.269],[-82.453,33.275],[-82.425,33.282],[-82.375,33.295],[-82.325,33.307],[-82.275,33.319],[-82.248,33.325],[-82.225,33.33],[-82.175,33.341],[-82.125,33.352],[-82.075,33.362],[-82.025,33.372],[-82.008,33.375],[-81.975,33.381],[-81.925,33.391],[-81.875,33.4],[-81.825,33.409],[-81.775,33.418],[-81.734,33.425],[-81.725,33.427],[-81.675,33.435],[-81.625,33.444],[-81.575,33.452],[-81.525,33.46],[-81.475,33.468],[-81.429,33.475],[-81.425,33.476],[-81.375,33.483],[-81.325,33.49],[-81.275,33.497],[-81.225,33.503],[-81.175,33.509],[-81.125,33.515],[-81.075,33.52],[-81.025,33.525],[-81.025,33.525],[-80.975,33.53],[-80.925,33.534],[-80.875,33.538],[-80.825,33.541],[-80.775,33.544],[-80.725,33.547],[-80.675,33.549],[-80.625,33.552],[-80.575,33.553],[-80.525,33.555],[-80.475,33.557],[-80.425,33.558],[-80.375,33.56],[-80.325,33.561],[-80.275,33.562],[-80.225,33.564],[-80.175,33.565],[-80.125,33.567],[-80.075,33.569],[-80.025,33.571],[-79.975,33.573],[-79.934,33.575],[-79.925,33.575],[-79.875,33.578],[-79.825,33.582],[-79.775,33.586],[-79.725,33.59],[-79.675,33.594],[-79.625,33.6],[-79.575,33.605],[-79.525,33.611],[-79.475,33.617],[-79.425,33.624],[-79.418,33.625],[-79.375,33.631],[-79.325,33.639],[-79.275,33.647],[-79.225,33.656],[-79.175,33.665],[-79.125,33.675],[-79.125,33.675],[-79.075,33.685],[-79.025,33.696],[-78.975,33.708],[-78.925,33.72],[-78.903,33.725],[-78.875,33.732],[-78.866,33.734]],[[-78.223,33.925],[-78.175,33.942],[-78.125,33.959],[-78.081,33.975],[-78.075,33.977],[-78.025,33.996],[-77.975,34.015],[-77.968,34.018]]]}},{"type":"Feature","properties":{"date":"2016-03-26","label":"26 Mar","yday":86,"tier":"day","major":false},"geometry":{"type":"MultiLineString","coordinates":[[[-87.575,32.984],[-87.525,32.983],[-87.475,32.982],[-87.425,32.981],[-87.375,32.981],[-87.325,32.98],[-87.275,32.98],[-87.225,32.979],[-87.175,32.979],[-87.125,32.978],[-87.075,32.978],[-87.025,32.977],[-86.975,32.977],[-86.925,32.976],[-86.875,32.975],[-86.854,32.975],[-86.825,32.974],[-86.775,32.973],[-86.725,32.972],[-86.675,32.97],[-86.625,32.969],[-86.575,32.967],[-86.525,32.965],[-86.475,32.963],[-86.425,32.96],[-86.375,32.957],[-86.325,32.955],[-86.275,32.952],[-86.225,32.949],[-86.175,32.945],[-86.125,32.942],[-86.075,32.939],[-86.025,32.935],[-85.975,32.932],[-85.925,32.928],[-85.882,32.925],[-85.875,32.925],[-85.825,32.921],[-85.775,32.917],[-85.725,32.914],[-85.675,32.911],[-85.625,32.907],[-85.575,32.904],[-85.525,32.901],[-85.475,32.898],[-85.425,32.896],[-85.375,32.894],[-85.325,32.892],[-85.275,32.89],[-85.225,32.889],[-85.175,32.888],[-85.125,32.887],[-85.075,32.886],[-85.025,32.887],[-84.975,32.887],[-84.925,32.888],[-84.875,32.889],[-84.825,32.891],[-84.775,32.893],[-84.725,32.896],[-84.675,32.899],[-84.625,32.903],[-84.575,32.907],[-84.525,32.912],[-84.475,32.917],[-84.425,32.923],[-84.413,32.925],[-84.375,32.93],[-84.325,32.937],[-84.275,32.945],[-84.225,32.953],[-84.206,32.956]],[[-84.068,32.982],[-84.025,32.991],[-83.975,33.002],[-83.925,33.014],[-83.877,33.025]],[[-83.425,33.151],[-83.375,33.166],[-83.347,33.175],[-83.325,33.182],[-83.275,33.198],[-83.225,33.214],[-83.192,33.225],[-83.175,33.231],[-83.125,33.247],[-83.075,33.263],[-83.04,33.275],[-83.025,33.28],[-82.975,33.296],[-82.925,33.312],[-82.886,33.325],[-82.875,33.328],[-82.825,33.344],[-82.775,33.36],[-82.725,33.375],[-82.725,33.375]],[[-82.517,33.433],[-82.475,33.444],[-82.425,33.456],[-82.375,33.468],[-82.344,33.475],[-82.325,33.479],[-82.275,33.49],[-82.225,33.5],[-82.175,33.51],[-82.125,33.519],[-82.095,33.525],[-82.075,33.529],[-82.025,33.537],[-81.975,33.546],[-81.925,33.554],[-81.875,33.563],[-81.825,33.571],[-81.797,33.575],[-81.775,33.578],[-81.725,33.586],[-81.675,33.594],[-81.625,33.602],[-81.575,33.61],[-81.525,33.618],[-81.48,33.625],[-81.475,33.626],[-81.425,33.633],[-81.375,33.641],[-81.325,33.648],[-81.275,33.655],[-81.225,33.661],[-81.175,33.667],[-81.125,33.673],[-81.109,33.675],[-81.075,33.679],[-81.025,33.684],[-80.975,33.689],[-80.925,33.693],[-80.875,33.697],[-80.825,33.7],[-80.775,33.704],[-80.725,33.707],[-80.675,33.71],[-80.625,33.712],[-80.575,33.715],[-80.525,33.717],[-80.475,33.719],[-80.425,33.721],[-80.375,33.723],[-80.325,33.725],[-80.318,33.725],[-80.275,33.727],[-80.225,33.729],[-80.175,33.731],[-80.125,33.733],[-80.075,33.735],[-80.025,33.738],[-79.975,33.741],[-79.925,33.744],[-79.875,33.747],[-79.825,33.751],[-79.775,33.756],[-79.725,33.761],[-79.675,33.766],[-79.625,33.772],[-79.598,33.775],[-79.575,33.778],[-79.525,33.784],[-79.475,33.791],[-79.425,33.799],[-79.375,33.807],[-79.325,33.815],[-79.275,33.823],[-79.266,33.825],[-79.225,33.833],[-79.175,33.842],[-79.125,33.853],[-79.075,33.864],[-79.026,33.875],[-79.025,33.875],[-78.975,33.887],[-78.925,33.9],[-78.875,33.913],[-78.828,33.925],[-78.825,33.926],[-78.775,33.939],[-78.725,33.953],[-78.675,33.968],[-78.65,33.975],[-78.625,33.982],[-78.575,33.997],[-78.525,34.012],[-78.484,34.025],[-78.475,34.028],[-78.425,34.043],[-78.375,34.059],[-78.326,34.075],[-78.325,34.075],[-78.275,34.092],[-78.225,34.109],[-78.178,34.125],[-78.175,34.126],[-78.125,34.143],[-78.075,34.161],[-78.037,34.175],[-78.025,34.179],[-77.975,34.198],[-77.925,34.217],[-77.903,34.225],[-77.875,34.235],[-77.825,34.254],[-77.777,34.273]],[[-76.781,34.731],[-76.775,34.734],[-76.75,34.75]],[[-76.657,34.807],[-76.63,34.825],[-76.625,34.828],[-76.575,34.862],[-76.557,34.875],[-76.525,34.897],[-76.486,34.925],[-76.475,34.933],[-76.425,34.97],[-76.422,34.972]]]}},{"type":"Feature","properties":{"date":"2016-03-27","label":"27 Mar","yday":87,"tier":"day","major":false},"geometry":{"type":"MultiLineString","coordinates":[[[-87.825,33.148],[-87.775,33.146],[-87.725,33.143],[-87.675,33.141],[-87.625,33.139],[-87.611,33.139]],[[-87.537,33.137],[-87.525,33.136],[-87.475,33.135],[-87.425,33.134],[-87.375,33.133],[-87.325,33.132],[-87.275,33.131],[-87.225,33.13],[-87.175,33.129],[-87.125,33.128],[-87.075,33.127],[-87.025,33.126],[-86.981,33.125],[-86.975,33.125],[-86.925,33.124],[-86.875,33.122],[-86.825,33.121],[-86.775,33.119],[-86.725,33.118],[-86.675,33.115],[-86.625,33.113],[-86.575,33.111],[-86.525,33.108],[-86.475,33.106],[-86.425,33.103],[-86.375,33.1],[-86.325,33.097],[-86.275,33.093],[-86.225,33.09],[-86.175,33.087],[-86.125,33.083],[-86.075,33.08],[-86.025,33.076],[-86.013,33.075],[-85.975,33.072],[-85.925,33.069],[-85.875,33.065],[-85.825,33.061],[-85.775,33.058],[-85.725,33.054],[-85.675,33.051],[-85.625,33.048],[-85.575,33.045],[-85.525,33.042],[-85.475,33.039],[-85.425,33.036],[-85.375,33.034],[-85.325,33.032],[-85.275,33.031],[-85.225,33.029],[-85.175,33.028],[-85.125,33.028],[-85.075,33.028],[-85.025,33.028],[-84.975,33.028],[-84.925,33.029],[-84.875,33.031],[-84.825,33.033],[-84.775,33.035],[-84.725,33.038],[-84.675,33.042],[-84.625,33.046],[-84.575,33.051],[-84.525,33.057],[-84.475,33.063],[-84.425,33.069],[-84.387,33.075],[-84.377,33.077]],[[-82.388,33.638],[-82.375,33.641],[-82.325,33.651],[-82.275,33.661],[-82.225,33.67],[-82.197,33.675],[-82.175,33.679],[-82.125,33.687],[-82.075,33.695],[-82.025,33.703],[-81.975,33.711],[-81.925,33.718],[-81.879,33.725],[-81.875,33.726],[-81.825,33.733],[-81.775,33.74],[-81.725,33.747],[-81.675,33.754],[-81.625,33.762],[-81.575,33.769],[-81.536,33.775],[-81.525,33.777],[-81.475,33.784],[-81.425,33.791],[-81.375,33.798],[-81.325,33.805],[-81.275,33.812],[-81.225,33.819],[-81.177,33.825],[-81.175,33.825],[-81.125,33.831],[-81.075,33.837],[-81.025,33.842],[-80.975,33.847],[-80.925,33.851],[-80.875,33.855],[-80.825,33.859],[-80.775,33.863],[-80.725,33.866],[-80.675,33.869],[-80.625,33.872],[-80.581,33.875],[-80.575,33.875],[-80.525,33.878],[-80.475,33.881],[-80.425,33.884],[-80.375,33.886],[-80.325,33.889],[-80.275,33.891],[-80.225,33.894],[-80.175,33.897],[-80.125,33.9],[-80.075,33.903],[-80.025,33.907],[-79.975,33.911],[-79.925,33.915],[-79.875,33.92],[-79.825,33.924],[-79.82,33.925],[-79.775,33.93],[-79.725,33.936],[-79.675,33.942],[-79.625,33.948],[-79.575,33.955],[-79.525,33.963],[-79.475,33.971],[-79.449,33.975],[-79.425,33.979],[-79.375,33.988],[-79.325,33.997],[-79.275,34.006],[-79.225,34.017],[-79.185,34.025],[-79.175,34.027],[-79.125,34.038],[-79.075,34.05],[-79.025,34.062],[-78.975,34.075],[-78.974,34.075],[-78.925,34.088],[-78.875,34.101],[-78.825,34.115],[-78.787,34.125],[-78.775,34.128],[-78.725,34.142],[-78.675,34.157],[-78.625,34.171],[-78.613,34.175],[-78.575,34.186],[-78.525,34.201],[-78.475,34.216],[-78.446,34.225],[-78.425,34.231],[-78.375,34.247],[-78.325,34.262],[-78.286,34.275],[-78.275,34.278],[-78.225,34.295],[-78.175,34.311],[-78.133,34.325],[-78.125,34.328],[-78.075,34.344],[-78.025,34.362],[-77.986,34.375],[-77.975,34.379],[-77.925,34.396],[-77.875,34.414],[-77.844,34.425],[-77.825,34.432],[-77.775,34.45],[-77.725,34.469],[-77.708,34.475],[-77.675,34.487],[-77.625,34.506],[-77.578,34.525],[-77.575,34.526],[-77.525,34.546],[-77.475,34.566],[-77.454,34.575],[-77.425,34.587]],[[-77.325,34.63],[-77.275,34.652],[-77.225,34.675]],[[-77.225,34.675],[-77.175,34.698]],[[-77.089,34.739],[-77.075,34.747],[-77.025,34.772],[-77.019,34.775],[-76.975,34.798],[-76.925,34.825],[-76.925,34.825],[-76.875,34.853],[-76.837,34.875],[-76.825,34.882],[-76.798,34.898]]]}},{"type":"Feature","properties":{"date":"2016-03-28","label":"28 Mar","yday":88,"tier":"day","major":false},"geometry":{"type":"MultiLineString","coordinates":[[[-87.657,33.293],[-87.625,33.291],[-87.575,33.289],[-87.525,33.287],[-87.475,33.285],[-87.425,33.283],[-87.375,33.282],[-87.325,33.28],[-87.275,33.279],[-87.225,33.277],[-87.175,33.276],[-87.135,33.275],[-87.125,33.275],[-87.075,33.273],[-87.025,33.272],[-86.975,33.27],[-86.925,33.269],[-86.875,33.267],[-86.825,33.265],[-86.775,33.263],[-86.725,33.261],[-86.675,33.258],[-86.625,33.256],[-86.575,33.253],[-86.525,33.25],[-86.475,33.247],[-86.425,33.244],[-86.375,33.241],[-86.325,33.237],[-86.275,33.234],[-86.225,33.23],[-86.175,33.226],[-86.157,33.225],[-86.125,33.223],[-86.075,33.219],[-86.025,33.215],[-85.975,33.211],[-85.925,33.208],[-85.875,33.204],[-85.825,33.2],[-85.775,33.197],[-85.725,33.193],[-85.675,33.19],[-85.625,33.187],[-85.575,33.184],[-85.525,33.181],[-85.475,33.178],[-85.425,33.176],[-85.413,33.175],[-85.375,33.173],[-85.325,33.171],[-85.275,33.17],[-85.225,33.169],[-85.175,33.168],[-85.125,33.167],[-85.075,33.167],[-85.025,33.168],[-84.975,33.168],[-84.925,33.17],[-84.875,33.171],[-84.825,33.174],[-84.824,33.174]],[[-82.326,33.824],[-82.325,33.824],[-82.319,33.825],[-82.275,33.833],[-82.225,33.841],[-82.175,33.848],[-82.125,33.856],[-82.075,33.863],[-82.025,33.87],[-81.984,33.875],[-81.975,33.876],[-81.925,33.883],[-81.875,33.889],[-81.825,33.895],[-81.775,33.902],[-81.725,33.908],[-81.675,33.915],[-81.625,33.921],[-81.598,33.925],[-81.575,33.928],[-81.525,33.935],[-81.475,33.942],[-81.425,33.948],[-81.375,33.955],[-81.325,33.962],[-81.275,33.968],[-81.225,33.975],[-81.224,33.975],[-81.175,33.981],[-81.125,33.987],[-81.075,33.993],[-81.025,33.998],[-80.975,34.003],[-80.925,34.007],[-80.875,34.012],[-80.825,34.016],[-80.775,34.02],[-80.725,34.024],[-80.705,34.025],[-80.675,34.027],[-80.625,34.031],[-80.575,34.034],[-80.525,34.038],[-80.475,34.041],[-80.425,34.045],[-80.375,34.048],[-80.325,34.052],[-80.275,34.055],[-80.225,34.059],[-80.175,34.063],[-80.125,34.067],[-80.075,34.072],[-80.039,34.075],[-80.025,34.076],[-79.975,34.081],[-79.925,34.087],[-79.875,34.092],[-79.825,34.099],[-79.775,34.105],[-79.725,34.112],[-79.675,34.119],[-79.637,34.125],[-79.625,34.127],[-79.575,34.135],[-79.525,34.143],[-79.475,34.152],[-79.425,34.162],[-79.375,34.172],[-79.358,34.175],[-79.325,34.182],[-79.275,34.192],[-79.225,34.204],[-79.175,34.215],[-79.133,34.225],[-79.125,34.227],[-79.075,34.239],[-79.025,34.252],[-78.975,34.265],[-78.936,34.275],[-78.925,34.278],[-78.875,34.291],[-78.825,34.305],[-78.775,34.318],[-78.751,34.325],[-78.725,34.332],[-78.675,34.346],[-78.625,34.36],[-78.575,34.374],[-78.573,34.375],[-78.525,34.389],[-78.475,34.403],[-78.425,34.417],[-78.399,34.425],[-78.375,34.432],[-78.325,34.446],[-78.275,34.461],[-78.229,34.475],[-78.225,34.476],[-78.175,34.491],[-78.125,34.507],[-78.075,34.522],[-78.067,34.525],[-78.025,34.538],[-77.975,34.554],[-77.925,34.571],[-77.913,34.575],[-77.875,34.588],[-77.825,34.605],[-77.775,34.622],[-77.767,34.625],[-77.725,34.64],[-77.675,34.658],[-77.629,34.675],[-77.625,34.677],[-77.575,34.696],[-77.525,34.715],[-77.501,34.725],[-77.475,34.735],[-77.457,34.743]],[[-77.38,34.775],[-77.375,34.777],[-77.325,34.799],[-77.275,34.821],[-77.267,34.825],[-77.225,34.844],[-77.175,34.868],[-77.161,34.875],[-77.125,34.892],[-77.075,34.918],[-77.061,34.925],[-77.025,34.944],[-76.975,34.971],[-76.972,34.972]],[[-76.877,35.027],[-76.875,35.029],[-76.825,35.059],[-76.799,35.075],[-76.784,35.084]],[[-75.975,35.729],[-75.925,35.775],[-75.925,35.775],[-75.875,35.821],[-75.871,35.825]]]}},{"type":"Feature","properties":{"date":"2016-03-29","label":"29 Mar","yday":89,"tier":"day","major":false},"geometry":{"type":"MultiLineString","coordinates":[[[-87.178,33.422],[-87.175,33.421],[-87.125,33.42],[-87.075,33.418],[-87.025,33.416],[-86.975,33.414],[-86.925,33.412],[-86.875,33.41],[-86.825,33.408],[-86.775,33.405],[-86.725,33.403],[-86.675,33.4],[-86.625,33.397],[-86.575,33.394],[-86.525,33.391],[-86.475,33.387],[-86.425,33.384],[-86.375,33.38],[-86.325,33.376],[-86.306,33.375],[-86.275,33.373],[-86.225,33.369],[-86.175,33.365],[-86.125,33.361],[-86.075,33.357],[-86.025,33.354],[-85.975,33.35],[-85.925,33.346],[-85.875,33.342],[-85.825,33.339],[-85.775,33.335],[-85.725,33.331],[-85.675,33.328],[-85.627,33.325],[-85.625,33.325],[-85.575,33.322],[-85.525,33.319],[-85.475,33.316],[-85.425,33.314],[-85.375,33.312],[-85.325,33.31],[-85.275,33.309],[-85.225,33.307],[-85.175,33.307],[-85.125,33.306],[-85.075,33.306],[-85.057,33.307]],[[-87.642,33.442],[-87.625,33.441],[-87.575,33.439],[-87.525,33.436],[-87.475,33.434],[-87.432,33.432]],[[-82.183,34.017],[-82.175,34.018],[-82.125,34.024],[-82.12,34.025],[-82.075,34.03],[-82.025,34.036],[-81.975,34.041],[-81.925,34.046],[-81.875,34.052],[-81.825,34.057],[-81.775,34.062],[-81.725,34.068],[-81.675,34.073],[-81.66,34.075]],[[-81.62,34.08],[-81.575,34.085],[-81.525,34.091],[-81.475,34.097],[-81.425,34.103],[-81.375,34.11],[-81.325,34.116],[-81.275,34.122],[-81.25,34.125],[-81.225,34.128],[-81.175,34.134],[-81.125,34.14],[-81.075,34.145],[-81.025,34.151],[-80.975,34.156],[-80.925,34.161],[-80.875,34.165],[-80.825,34.17],[-80.775,34.174],[-80.766,34.175],[-80.725,34.179],[-80.675,34.183],[-80.625,34.187],[-80.575,34.191],[-80.525,34.195],[-80.475,34.2],[-80.425,34.204],[-80.375,34.208],[-80.325,34.213],[-80.275,34.217],[-80.225,34.222],[-80.197,34.225],[-80.175,34.227],[-80.125,34.232],[-80.075,34.238],[-80.025,34.244],[-79.975,34.25],[-79.925,34.257],[-79.875,34.264],[-79.825,34.271],[-79.798,34.275],[-79.775,34.279],[-79.725,34.287],[-79.675,34.295],[-79.625,34.304],[-79.575,34.313],[-79.525,34.323],[-79.513,34.325],[-79.475,34.333],[-79.425,34.343],[-79.375,34.354],[-79.325,34.365],[-79.281,34.375],[-79.275,34.376],[-79.225,34.388],[-79.175,34.4],[-79.125,34.413],[-79.077,34.425],[-79.075,34.425],[-79.025,34.438],[-78.975,34.451],[-78.925,34.464],[-78.884,34.475],[-78.875,34.477],[-78.825,34.49],[-78.775,34.504],[-78.725,34.517],[-78.695,34.525],[-78.675,34.53],[-78.625,34.544],[-78.575,34.557],[-78.525,34.57],[-78.507,34.575],[-78.475,34.583],[-78.425,34.596],[-78.375,34.61],[-78.325,34.623],[-78.319,34.625],[-78.275,34.637],[-78.225,34.651],[-78.175,34.665],[-78.14,34.675],[-78.125,34.679],[-78.075,34.694],[-78.025,34.708],[-77.975,34.724],[-77.971,34.725],[-77.925,34.739],[-77.875,34.755],[-77.825,34.772],[-77.815,34.775],[-77.775,34.788],[-77.725,34.806],[-77.675,34.824],[-77.671,34.825],[-77.625,34.842],[-77.575,34.861],[-77.539,34.875],[-77.525,34.88],[-77.475,34.9],[-77.425,34.921],[-77.416,34.925],[-77.375,34.942],[-77.325,34.964],[-77.302,34.975],[-77.275,34.987],[-77.225,35.011],[-77.196,35.025],[-77.175,35.035],[-77.125,35.06],[-77.097,35.075],[-77.075,35.086],[-77.025,35.113],[-77.004,35.125],[-76.975,35.141],[-76.925,35.17],[-76.917,35.175],[-76.875,35.2],[-76.835,35.225],[-76.825,35.231],[-76.775,35.263]]]}},{"type":"Feature","properties":{"date":"2016-03-30","label":"30 Mar","yday":90,"tier":"index","major":true},"geometry":{"type":"MultiLineString","coordinates":[[[-87.137,33.563],[-87.125,33.563],[-87.075,33.561],[-87.025,33.558],[-86.975,33.556],[-86.925,33.554],[-86.875,33.551],[-86.825,33.549],[-86.775,33.546],[-86.725,33.543],[-86.675,33.54],[-86.625,33.537],[-86.575,33.534],[-86.525,33.53],[-86.475,33.526],[-86.456,33.525],[-86.425,33.523],[-86.375,33.519],[-86.325,33.515],[-86.275,33.511],[-86.225,33.507],[-86.175,33.503],[-86.125,33.5],[-86.075,33.496],[-86.025,33.492],[-85.975,33.488],[-85.925,33.484],[-85.875,33.48],[-85.825,33.477],[-85.801,33.475],[-85.775,33.473],[-85.725,33.47],[-85.675,33.466],[-85.625,33.463],[-85.575,33.46],[-85.525,33.457],[-85.475,33.455],[-85.425,33.452],[-85.375,33.45],[-85.325,33.449],[-85.275,33.447],[-85.225,33.446],[-85.175,33.446],[-85.125,33.446],[-85.075,33.446]],[[-87.775,33.601],[-87.725,33.597],[-87.675,33.593],[-87.625,33.59],[-87.575,33.587],[-87.534,33.584]],[[-80.884,34.316],[-80.875,34.317],[-80.825,34.322],[-80.793,34.325],[-80.775,34.327],[-80.725,34.332],[-80.675,34.336],[-80.625,34.341],[-80.575,34.346],[-80.525,34.351],[-80.475,34.356],[-80.425,34.361],[-80.375,34.366],[-80.325,34.372],[-80.294,34.375],[-80.275,34.377],[-80.225,34.383],[-80.175,34.389],[-80.125,34.395],[-80.075,34.402],[-80.025,34.408],[-79.975,34.416],[-79.925,34.423],[-79.914,34.425],[-79.875,34.431],[-79.825,34.439],[-79.775,34.448],[-79.725,34.457],[-79.675,34.467],[-79.632,34.475],[-79.625,34.476],[-79.575,34.487],[-79.525,34.497],[-79.475,34.508],[-79.425,34.519],[-79.399,34.525],[-79.375,34.531],[-79.325,34.542],[-79.275,34.554],[-79.225,34.567],[-79.192,34.575],[-79.175,34.579],[-79.125,34.592],[-79.075,34.604],[-79.025,34.617],[-78.994,34.625],[-78.975,34.63],[-78.925,34.642],[-78.875,34.655],[-78.825,34.667],[-78.795,34.675],[-78.775,34.68],[-78.725,34.692],[-78.675,34.705],[-78.625,34.717],[-78.593,34.725],[-78.575,34.729],[-78.525,34.742],[-78.475,34.754],[-78.425,34.766],[-78.39,34.775],[-78.375,34.779],[-78.325,34.791],[-78.275,34.804],[-78.225,34.817],[-78.194,34.825],[-78.175,34.83],[-78.125,34.843],[-78.075,34.857],[-78.025,34.871],[-78.013,34.875],[-77.975,34.886],[-77.925,34.901],[-77.875,34.916],[-77.849,34.925],[-77.825,34.933],[-77.775,34.949],[-77.725,34.966],[-77.7,34.975],[-77.675,34.984],[-77.625,35.002],[-77.575,35.021],[-77.565,35.025],[-77.525,35.041],[-77.475,35.061],[-77.441,35.075],[-77.425,35.082],[-77.375,35.103],[-77.326,35.125],[-77.325,35.126],[-77.275,35.149],[-77.225,35.173],[-77.22,35.175],[-77.175,35.197],[-77.125,35.223],[-77.121,35.225],[-77.075,35.249],[-77.028,35.275],[-77.025,35.277],[-76.975,35.305],[-76.942,35.325],[-76.925,35.335],[-76.875,35.365],[-76.869,35.369]]]}},{"type":"Feature","properties":{"date":"2016-03-31","label":"31 Mar","yday":91,"tier":"day","major":false},"geometry":{"type":"MultiLineString","coordinates":[[[-87.157,33.707],[-87.125,33.705],[-87.075,33.703],[-87.025,33.7],[-86.975,33.697],[-86.925,33.695],[-86.875,33.692],[-86.825,33.689],[-86.775,33.686],[-86.725,33.683],[-86.675,33.679],[-86.625,33.676],[-86.612,33.675],[-86.575,33.672],[-86.525,33.669],[-86.475,33.665],[-86.425,33.661],[-86.375,33.657],[-86.325,33.654],[-86.275,33.65],[-86.225,33.646],[-86.175,33.642],[-86.125,33.638],[-86.075,33.634],[-86.025,33.63],[-85.975,33.626],[-85.957,33.625],[-85.925,33.623],[-85.875,33.619],[-85.825,33.615],[-85.775,33.612],[-85.725,33.608],[-85.675,33.605],[-85.625,33.602],[-85.575,33.599],[-85.525,33.596],[-85.475,33.594],[-85.425,33.592],[-85.375,33.59],[-85.325,33.588],[-85.275,33.587],[-85.225,33.587],[-85.175,33.586],[-85.125,33.586],[-85.075,33.587],[-85.025,33.588],[-85.011,33.589]],[[-80.675,34.489],[-80.625,34.494],[-80.575,34.499],[-80.525,34.505],[-80.475,34.51],[-80.425,34.516],[-80.375,34.522],[-80.349,34.525],[-80.325,34.528],[-80.275,34.534],[-80.225,34.541],[-80.175,34.547],[-80.125,34.554],[-80.075,34.562],[-80.025,34.569],[-79.989,34.575],[-79.975,34.577],[-79.925,34.585],[-79.875,34.594],[-79.825,34.603],[-79.775,34.613],[-79.725,34.622],[-79.712,34.625],[-79.675,34.632],[-79.625,34.643],[-79.575,34.653],[-79.525,34.665],[-79.479,34.675],[-79.475,34.676],[-79.425,34.687],[-79.375,34.699],[-79.325,34.711],[-79.275,34.723],[-79.268,34.725],[-79.225,34.736],[-79.175,34.748],[-79.125,34.76],[-79.075,34.773],[-79.066,34.775],[-79.025,34.785],[-78.975,34.798],[-78.925,34.81],[-78.875,34.822],[-78.863,34.825],[-78.825,34.834],[-78.775,34.846],[-78.725,34.857],[-78.675,34.869],[-78.649,34.875],[-78.625,34.88],[-78.575,34.892],[-78.525,34.903],[-78.475,34.915],[-78.431,34.925],[-78.425,34.926],[-78.375,34.938],[-78.325,34.95],[-78.275,34.962],[-78.225,34.974],[-78.223,34.975],[-78.175,34.987],[-78.125,35.0],[-78.075,35.013],[-78.032,35.025],[-78.025,35.027],[-77.975,35.041],[-77.925,35.056],[-77.875,35.071],[-77.864,35.075],[-77.825,35.087],[-77.775,35.104],[-77.725,35.121],[-77.713,35.125],[-77.675,35.138],[-77.625,35.157],[-77.577,35.175],[-77.575,35.176],[-77.525,35.195],[-77.475,35.216],[-77.453,35.225],[-77.425,35.237],[-77.375,35.258],[-77.338,35.275],[-77.325,35.281],[-77.275,35.304],[-77.232,35.325],[-77.225,35.328],[-77.175,35.353],[-77.133,35.375],[-77.125,35.379],[-77.075,35.406],[-77.041,35.425],[-77.025,35.434],[-76.999,35.449]]]}},{"type":"Feature","properties":{"date":"2016-04-01","label":"1 Apr","yday":92,"tier":"day","major":false},"geometry":{"type":"MultiLineString","coordinates":[[[-86.772,33.825],[-86.725,33.822],[-86.675,33.818],[-86.625,33.815],[-86.575,33.811],[-86.525,33.808],[-86.475,33.804],[-86.425,33.8],[-86.375,33.796],[-86.325,33.792],[-86.275,33.788],[-86.225,33.785],[-86.175,33.781],[-86.125,33.777],[-86.101,33.775],[-86.075,33.773],[-86.025,33.769],[-85.975,33.766],[-85.925,33.762],[-85.875,33.758],[-85.825,33.755],[-85.775,33.751],[-85.725,33.748],[-85.675,33.745],[-85.625,33.742],[-85.575,33.739],[-85.525,33.737],[-85.475,33.735],[-85.425,33.733],[-85.375,33.731],[-85.325,33.73],[-85.275,33.729],[-85.225,33.728],[-85.175,33.728],[-85.125,33.729],[-85.075,33.73],[-85.025,33.732],[-84.975,33.734],[-84.925,33.737],[-84.875,33.74],[-84.858,33.742]],[[-87.364,33.864],[-87.325,33.861],[-87.275,33.857],[-87.225,33.854],[-87.175,33.851],[-87.125,33.848],[-87.075,33.844],[-87.025,33.841],[-86.975,33.838],[-86.925,33.835],[-86.875,33.832],[-86.825,33.828],[-86.775,33.825]],[[-80.625,34.645],[-80.575,34.65],[-80.525,34.656],[-80.475,34.662],[-80.425,34.668],[-80.375,34.675],[-80.372,34.675],[-80.325,34.681],[-80.275,34.688],[-80.225,34.695],[-80.175,34.702],[-80.125,34.709],[-80.075,34.717],[-80.026,34.725],[-80.025,34.725],[-79.975,34.734],[-79.925,34.742],[-79.875,34.751],[-79.825,34.761],[-79.775,34.771],[-79.754,34.775],[-79.725,34.781],[-79.675,34.791],[-79.625,34.802],[-79.575,34.813],[-79.525,34.824],[-79.52,34.825],[-79.475,34.835],[-79.425,34.847],[-79.375,34.858],[-79.325,34.87],[-79.305,34.875],[-79.275,34.882],[-79.225,34.894],[-79.175,34.906],[-79.125,34.919],[-79.099,34.925],[-79.075,34.931],[-79.025,34.943],[-78.975,34.955],[-78.925,34.967],[-78.891,34.975],[-78.875,34.979],[-78.825,34.99],[-78.775,35.001],[-78.725,35.012],[-78.675,35.023],[-78.664,35.025],[-78.625,35.033],[-78.575,35.044],[-78.525,35.055],[-78.475,35.066],[-78.436,35.075],[-78.425,35.077],[-78.375,35.089],[-78.325,35.1],[-78.275,35.112],[-78.225,35.124],[-78.22,35.125],[-78.175,35.136],[-78.125,35.149],[-78.075,35.162],[-78.028,35.175],[-78.025,35.176],[-77.975,35.19],[-77.925,35.204],[-77.875,35.22],[-77.859,35.225],[-77.825,35.236],[-77.775,35.252],[-77.725,35.269],[-77.708,35.275],[-77.675,35.287],[-77.625,35.305],[-77.575,35.324],[-77.573,35.325],[-77.525,35.344],[-77.475,35.364],[-77.449,35.375],[-77.425,35.385],[-77.375,35.407],[-77.336,35.425],[-77.325,35.43],[-77.275,35.453],[-77.23,35.475],[-77.225,35.478],[-77.175,35.503],[-77.132,35.525],[-77.125,35.529],[-77.075,35.556],[-77.041,35.575],[-77.025,35.584],[-76.975,35.613],[-76.955,35.625],[-76.925,35.643],[-76.875,35.674],[-76.874,35.675],[-76.825,35.706],[-76.797,35.725],[-76.775,35.74],[-76.725,35.774],[-76.724,35.775],[-76.675,35.809],[-76.654,35.825],[-76.625,35.846],[-76.586,35.875],[-76.575,35.883]]]}},{"type":"Feature","properties":{"date":"2016-04-02","label":"2 Apr","yday":93,"tier":"day","major":false},"geometry":{"type":"MultiLineString","coordinates":[[[-86.625,33.955],[-86.575,33.951],[-86.525,33.947],[-86.475,33.943],[-86.425,33.94],[-86.375,33.936],[-86.325,33.932],[-86.275,33.928],[-86.232,33.925],[-86.225,33.925],[-86.175,33.921],[-86.125,33.917],[-86.075,33.913],[-86.025,33.91],[-85.975,33.906],[-85.925,33.903],[-85.875,33.899],[-85.825,33.896],[-85.775,33.893],[-85.725,33.89],[-85.675,33.887],[-85.625,33.884],[-85.575,33.882],[-85.525,33.88],[-85.475,33.878],[-85.425,33.876],[-85.386,33.875],[-85.375,33.875],[-85.325,33.874],[-85.275,33.873],[-85.225,33.873],[-85.175,33.873],[-85.125,33.874],[-85.101,33.875],[-85.075,33.876],[-85.025,33.878],[-84.975,33.881],[-84.925,33.884],[-84.875,33.888],[-84.825,33.894],[-84.775,33.9],[-84.725,33.907],[-84.675,33.915],[-84.625,33.923],[-84.617,33.925],[-84.575,33.933]],[[-87.425,34.014],[-87.375,34.01],[-87.325,34.005],[-87.275,34.002],[-87.225,33.998],[-87.175,33.994],[-87.125,33.99],[-87.075,33.987],[-87.025,33.983],[-86.98,33.98]],[[-80.202,34.848],[-80.175,34.852],[-80.125,34.86],[-80.075,34.868],[-80.03,34.875],[-80.025,34.876],[-79.975,34.884],[-79.925,34.893],[-79.875,34.902],[-79.825,34.912],[-79.775,34.922],[-79.759,34.925],[-79.725,34.932],[-79.675,34.942],[-79.625,34.953],[-79.575,34.963],[-79.525,34.975],[-79.523,34.975],[-79.475,34.986],[-79.425,34.997],[-79.375,35.008],[-79.325,35.02],[-79.303,35.025],[-79.275,35.031],[-79.225,35.043],[-79.175,35.055],[-79.125,35.067],[-79.091,35.075],[-79.075,35.079],[-79.025,35.09],[-78.975,35.102],[-78.925,35.113],[-78.875,35.124],[-78.872,35.125],[-78.825,35.135],[-78.775,35.146],[-78.725,35.156],[-78.675,35.167],[-78.636,35.175],[-78.625,35.177],[-78.575,35.188],[-78.525,35.198],[-78.475,35.209],[-78.425,35.22],[-78.403,35.225],[-78.375,35.231],[-78.325,35.242],[-78.275,35.254],[-78.225,35.266],[-78.189,35.275],[-78.175,35.278],[-78.125,35.291],[-78.075,35.304],[-78.025,35.318],[-77.999,35.325],[-77.975,35.332],[-77.925,35.346],[-77.875,35.362],[-77.833,35.375],[-77.825,35.377],[-77.775,35.394],[-77.725,35.411],[-77.685,35.425],[-77.675,35.429],[-77.625,35.447],[-77.575,35.466],[-77.552,35.475],[-77.525,35.486],[-77.475,35.506],[-77.431,35.525],[-77.425,35.527],[-77.375,35.549],[-77.325,35.572],[-77.319,35.575],[-77.275,35.596],[-77.225,35.62],[-77.215,35.625],[-77.175,35.645],[-77.125,35.672],[-77.119,35.675],[-77.075,35.699],[-77.029,35.725],[-77.025,35.727],[-76.975,35.757],[-76.945,35.775],[-76.925,35.787],[-76.875,35.818],[-76.865,35.825],[-76.825,35.851],[-76.789,35.875],[-76.775,35.884],[-76.725,35.919],[-76.717,35.925],[-76.692,35.942]],[[-76.577,36.027],[-76.575,36.028]]]}},{"type":"Feature","properties":{"date":"2016-04-03","label":"3 Apr","yday":94,"tier":"day","major":false},"geometry":{"type":"MultiLineString","coordinates":[[[-86.343,34.075],[-86.325,34.074],[-86.275,34.07],[-86.225,34.066],[-86.175,34.063],[-86.125,34.059],[-86.075,34.056],[-86.055,34.055]],[[-85.905,34.045],[-85.875,34.043],[-85.825,34.04],[-85.775,34.037],[-85.725,34.035],[-85.675,34.032],[-85.625,34.03],[-85.575,34.028],[-85.525,34.026],[-85.494,34.025],[-85.475,34.024],[-85.425,34.023],[-85.375,34.022],[-85.325,34.022],[-85.275,34.022],[-85.225,34.022],[-85.175,34.023],[-85.125,34.024],[-85.105,34.025],[-85.075,34.026],[-85.025,34.029],[-84.975,34.032],[-84.925,34.036],[-84.875,34.042],[-84.825,34.048],[-84.775,34.055],[-84.725,34.063],[-84.675,34.072],[-84.662,34.075],[-84.625,34.083],[-84.575,34.094],[-84.55,34.1]],[[-86.775,34.107],[-86.725,34.104],[-86.675,34.1],[-86.625,34.096],[-86.575,34.092],[-86.525,34.089],[-86.475,34.085],[-86.425,34.081],[-86.378,34.078]],[[-80.125,35.004],[-80.075,35.012],[-80.025,35.02],[-79.998,35.025],[-79.975,35.029],[-79.925,35.038],[-79.875,35.047],[-79.825,35.056],[-79.775,35.066],[-79.728,35.075],[-79.725,35.076],[-79.675,35.086],[-79.625,35.096],[-79.575,35.106],[-79.525,35.117],[-79.488,35.125],[-79.475,35.128],[-79.425,35.139],[-79.375,35.15],[-79.325,35.161],[-79.275,35.172],[-79.262,35.175],[-79.225,35.183],[-79.175,35.194],[-79.125,35.206],[-79.075,35.217],[-79.04,35.225],[-79.025,35.228],[-78.975,35.239],[-78.925,35.25],[-78.875,35.261],[-78.825,35.271],[-78.808,35.275],[-78.775,35.282],[-78.725,35.293],[-78.675,35.303],[-78.625,35.314],[-78.575,35.324],[-78.571,35.325],[-78.525,35.335],[-78.475,35.345],[-78.425,35.356],[-78.375,35.367],[-78.341,35.375],[-78.325,35.379],[-78.275,35.39],[-78.225,35.402],[-78.175,35.414],[-78.133,35.425],[-78.125,35.427],[-78.075,35.44],[-78.025,35.454],[-77.975,35.468],[-77.95,35.475],[-77.925,35.482],[-77.875,35.497],[-77.825,35.513],[-77.789,35.525],[-77.775,35.53],[-77.725,35.547],[-77.675,35.564],[-77.646,35.575],[-77.625,35.583],[-77.575,35.602],[-77.525,35.622],[-77.517,35.625],[-77.475,35.642],[-77.425,35.664],[-77.399,35.675],[-77.375,35.686],[-77.325,35.708],[-77.29,35.725],[-77.275,35.732],[-77.225,35.757],[-77.189,35.775],[-77.175,35.782],[-77.125,35.809],[-77.096,35.825],[-77.075,35.836],[-77.025,35.865],[-77.008,35.875],[-76.975,35.895],[-76.926,35.925],[-76.925,35.925],[-76.875,35.957],[-76.848,35.975],[-76.825,35.99],[-76.775,36.024],[-76.773,36.025],[-76.745,36.045]],[[-76.675,36.094],[-76.632,36.125],[-76.625,36.13],[-76.575,36.167]]]}},{"type":"Feature","properties":{"date":"2016-04-04","label":"4 Apr","yday":95,"tier":"five","major":false},"geometry":{"type":"MultiLineString","coordinates":[[[-85.717,34.183],[-85.675,34.181],[-85.625,34.179],[-85.575,34.178],[-85.525,34.177],[-85.475,34.176],[-85.425,34.175],[-85.386,34.175],[-85.375,34.175],[-85.357,34.175],[-85.325,34.175],[-85.275,34.176],[-85.225,34.177],[-85.175,34.178],[-85.125,34.181],[-85.075,34.184],[-85.025,34.187],[-84.975,34.192],[-84.925,34.197],[-84.875,34.203],[-84.825,34.211],[-84.775,34.219],[-84.746,34.225],[-84.728,34.228]],[[-80.097,35.147],[-80.075,35.151],[-80.025,35.159],[-79.975,35.167],[-79.931,35.175],[-79.925,35.176],[-79.875,35.185],[-79.825,35.194],[-79.775,35.203],[-79.725,35.213],[-79.675,35.223],[-79.664,35.225],[-79.625,35.233],[-79.575,35.243],[-79.525,35.253],[-79.475,35.263],[-79.425,35.274],[-79.42,35.275],[-79.375,35.284],[-79.325,35.295],[-79.275,35.305],[-79.225,35.316],[-79.183,35.325],[-79.175,35.327],[-79.125,35.337],[-79.075,35.348],[-79.025,35.359],[-78.975,35.37],[-78.951,35.375],[-78.925,35.38],[-78.875,35.391],[-78.825,35.402],[-78.775,35.412],[-78.725,35.423],[-78.716,35.425],[-78.675,35.434],[-78.625,35.444],[-78.575,35.455],[-78.525,35.465],[-78.481,35.475],[-78.475,35.476],[-78.425,35.487],[-78.375,35.498],[-78.325,35.509],[-78.275,35.521],[-78.258,35.525],[-78.225,35.533],[-78.175,35.545],[-78.125,35.558],[-78.075,35.571],[-78.06,35.575],[-78.025,35.584],[-77.975,35.598],[-77.925,35.613],[-77.886,35.625],[-77.875,35.628],[-77.825,35.644],[-77.775,35.661],[-77.733,35.675],[-77.725,35.678],[-77.675,35.695],[-77.625,35.714],[-77.596,35.725],[-77.575,35.733],[-77.525,35.753],[-77.475,35.773],[-77.471,35.775],[-77.425,35.795],[-77.375,35.817],[-77.357,35.825],[-77.325,35.84],[-77.275,35.864],[-77.252,35.875],[-77.225,35.889],[-77.175,35.914],[-77.155,35.925],[-77.125,35.941],[-77.075,35.969],[-77.065,35.975],[-77.025,35.998],[-76.981,36.025],[-76.975,36.028],[-76.925,36.059],[-76.901,36.075],[-76.875,36.091],[-76.825,36.125],[-76.824,36.125],[-76.775,36.158],[-76.751,36.175],[-76.736,36.186]],[[-76.662,36.238],[-76.625,36.265],[-76.611,36.275],[-76.575,36.301],[-76.543,36.325],[-76.525,36.339],[-76.477,36.375],[-76.475,36.376]]]}},{"type":"Feature","properties":{"date":"2016-04-05","label":"5 Apr","yday":96,"tier":"day","major":false},"geometry":{"type":"MultiLineString","coordinates":[[[-80.125,35.277],[-80.075,35.285],[-80.025,35.293],[-79.975,35.301],[-79.925,35.31],[-79.912,35.312]],[[-79.822,35.328],[-79.775,35.337],[-79.725,35.346],[-79.675,35.356],[-79.625,35.365],[-79.575,35.375],[-79.574,35.375],[-79.525,35.385],[-79.491,35.391]],[[-79.326,35.424],[-79.325,35.424],[-79.321,35.425],[-79.275,35.434],[-79.225,35.444],[-79.175,35.454],[-79.125,35.465],[-79.076,35.475],[-79.075,35.475],[-79.034,35.484]],[[-78.948,35.502],[-78.925,35.507],[-78.875,35.518],[-78.84,35.525],[-78.825,35.528],[-78.775,35.539],[-78.725,35.549],[-78.675,35.56],[-78.625,35.571],[-78.604,35.575],[-78.575,35.581],[-78.525,35.592],[-78.475,35.603],[-78.425,35.613],[-78.375,35.625],[-78.373,35.625],[-78.325,35.636],[-78.275,35.647],[-78.225,35.659],[-78.175,35.672],[-78.161,35.675],[-78.125,35.684],[-78.075,35.697],[-78.025,35.711],[-77.976,35.725],[-77.975,35.725],[-77.925,35.74],[-77.875,35.755],[-77.825,35.771],[-77.813,35.775],[-77.775,35.787],[-77.725,35.804],[-77.675,35.822],[-77.667,35.825],[-77.625,35.841],[-77.575,35.86],[-77.537,35.875],[-77.525,35.88],[-77.475,35.9],[-77.425,35.922],[-77.418,35.925],[-77.375,35.944],[-77.325,35.968],[-77.31,35.975],[-77.275,35.992],[-77.225,36.017],[-77.21,36.025],[-77.175,36.043],[-77.125,36.071],[-77.118,36.075],[-77.075,36.099],[-77.031,36.125],[-77.025,36.129],[-76.975,36.159],[-76.95,36.175],[-76.925,36.191],[-76.875,36.223],[-76.872,36.225],[-76.825,36.256],[-76.798,36.275],[-76.775,36.291],[-76.726,36.325],[-76.725,36.325],[-76.675,36.361],[-76.655,36.375],[-76.625,36.397],[-76.587,36.425],[-76.575,36.434],[-76.525,36.471],[-76.519,36.475],[-76.475,36.508],[-76.453,36.525],[-76.425,36.546],[-76.387,36.575],[-76.375,36.585],[-76.325,36.623]]]}},{"type":"Feature","properties":{"date":"2016-04-06","label":"6 Apr","yday":97,"tier":"day","major":false},"geometry":{"type":"MultiLineString","coordinates":[[[-78.875,35.642],[-78.825,35.652],[-78.775,35.663],[-78.725,35.673],[-78.717,35.675],[-78.682,35.682]],[[-78.081,35.819],[-78.075,35.821],[-78.06,35.825],[-78.025,35.835],[-77.975,35.849],[-77.925,35.864],[-77.888,35.875],[-77.875,35.879],[-77.825,35.895],[-77.775,35.911],[-77.735,35.925],[-77.725,35.928],[-77.675,35.946],[-77.625,35.965],[-77.598,35.975],[-77.575,35.984],[-77.525,36.004],[-77.475,36.025],[-77.475,36.025],[-77.425,36.047],[-77.375,36.07],[-77.364,36.075],[-77.325,36.093],[-77.275,36.118],[-77.262,36.125],[-77.225,36.144],[-77.175,36.171],[-77.167,36.175],[-77.125,36.199],[-77.079,36.225],[-77.075,36.228],[-77.025,36.258],[-76.997,36.275],[-76.975,36.289],[-76.925,36.321],[-76.918,36.325],[-76.875,36.353],[-76.843,36.375],[-76.825,36.387],[-76.775,36.421],[-76.77,36.425],[-76.725,36.456],[-76.699,36.475],[-76.675,36.492],[-76.629,36.525],[-76.625,36.528],[-76.575,36.564],[-76.561,36.575],[-76.525,36.601],[-76.494,36.625],[-76.475,36.639],[-76.427,36.675],[-76.426,36.676]]]}},{"type":"Feature","properties":{"date":"2016-04-07","label":"7 Apr","yday":98,"tier":"day","major":false},"geometry":{"type":"MultiLineString","coordinates":[[[-77.91,35.99],[-77.875,36.001],[-77.825,36.017],[-77.801,36.025],[-77.775,36.033],[-77.725,36.051],[-77.675,36.069],[-77.658,36.075],[-77.625,36.087],[-77.575,36.107],[-77.531,36.125],[-77.525,36.127],[-77.475,36.149],[-77.425,36.171],[-77.417,36.175],[-77.375,36.194],[-77.325,36.219],[-77.313,36.225],[-77.275,36.244],[-77.225,36.27],[-77.217,36.275],[-77.175,36.298],[-77.128,36.325],[-77.125,36.327],[-77.075,36.356],[-77.045,36.375],[-77.025,36.387],[-76.975,36.419],[-76.965,36.425],[-76.925,36.451],[-76.889,36.475],[-76.875,36.484],[-76.825,36.518],[-76.814,36.525],[-76.775,36.552],[-76.742,36.575],[-76.725,36.587],[-76.675,36.622],[-76.671,36.625],[-76.625,36.658],[-76.602,36.675],[-76.575,36.695],[-76.534,36.725]]]}},{"type":"Feature","properties":{"date":"2016-04-08","label":"8 Apr","yday":99,"tier":"day","major":false},"geometry":{"type":"MultiLineString","coordinates":[[[-77.728,36.172],[-77.725,36.173],[-77.719,36.175],[-77.675,36.191],[-77.625,36.21],[-77.588,36.225],[-77.575,36.23],[-77.525,36.251],[-77.475,36.273],[-77.471,36.275],[-77.425,36.296],[-77.375,36.32],[-77.366,36.325],[-77.325,36.346],[-77.275,36.372],[-77.269,36.375],[-77.225,36.399],[-77.179,36.425],[-77.175,36.427],[-77.125,36.457],[-77.095,36.475],[-77.075,36.487],[-77.025,36.518],[-77.014,36.525],[-76.975,36.55],[-76.937,36.575],[-76.925,36.583],[-76.875,36.616],[-76.861,36.625],[-76.825,36.65],[-76.788,36.675],[-76.775,36.684],[-76.725,36.719],[-76.717,36.725],[-76.675,36.755],[-76.647,36.775],[-76.634,36.784]]]}},{"type":"Feature","properties":{"date":"2016-04-09","label":"9 Apr","yday":100,"tier":"five","major":false},"geometry":{"type":"MultiLineString","coordinates":[[[-77.625,36.335],[-77.575,36.356],[-77.531,36.375],[-77.525,36.377],[-77.475,36.4],[-77.425,36.424],[-77.424,36.425],[-77.375,36.449],[-77.325,36.475],[-77.325,36.475],[-77.275,36.502],[-77.235,36.525],[-77.225,36.53],[-77.175,36.56],[-77.149,36.575],[-77.125,36.59],[-77.075,36.62],[-77.068,36.625],[-77.025,36.652],[-76.989,36.675],[-76.975,36.684],[-76.925,36.717],[-76.913,36.725],[-76.875,36.75],[-76.839,36.775],[-76.825,36.784],[-76.775,36.819],[-76.766,36.825]]]}},{"type":"Feature","properties":{"date":"2016-04-10","label":"10 Apr","yday":101,"tier":"day","major":false},"geometry":{"type":"MultiLineString","coordinates":[[[-77.653,36.453],[-77.625,36.464],[-77.599,36.475],[-77.575,36.485],[-77.525,36.508],[-77.489,36.525],[-77.475,36.532],[-77.425,36.556],[-77.389,36.575],[-77.375,36.582],[-77.325,36.609],[-77.296,36.625]]]}},{"type":"Feature","properties":{"date":"2016-04-11","label":"11 Apr","yday":102,"tier":"day","major":false},"geometry":{"type":"MultiLineString","coordinates":[[[-77.784,36.534],[-77.775,36.537],[-77.725,36.556],[-77.679,36.575],[-77.675,36.576],[-77.625,36.598],[-77.575,36.62],[-77.564,36.625]]]}},{"type":"Feature","properties":{"date":"2016-04-12","label":"12 Apr","yday":103,"tier":"day","major":false},"geometry":{"type":"MultiLineString","coordinates":[[[-77.875,36.636],[-77.825,36.655],[-77.775,36.674],[-77.773,36.675],[-77.739,36.689]]]}}]}