{"type":"FeatureCollection","features":[{"type":"Feature","properties":{"date":"2004-02-15","label":"15 Feb","yday":46,"tier":"day","major":false},"geometry":{"type":"MultiLineString","coordinates":[[[-81.54,26.84],[-81.525,26.85],[-81.488,26.875],[-81.475,26.884],[-81.425,26.919],[-81.417,26.925],[-81.375,26.954],[-81.345,26.975],[-81.325,26.989]]]}},{"type":"Feature","properties":{"date":"2004-02-16","label":"16 Feb","yday":47,"tier":"day","major":false},"geometry":{"type":"MultiLineString","coordinates":[[[-82.075,26.7],[-82.03,26.725],[-82.025,26.728],[-81.975,26.756],[-81.942,26.775],[-81.925,26.785],[-81.875,26.816],[-81.86,26.825],[-81.825,26.848],[-81.785,26.875],[-81.775,26.882],[-81.725,26.917],[-81.714,26.925],[-81.675,26.953],[-81.645,26.975],[-81.625,26.99],[-81.578,27.025],[-81.575,27.028],[-81.525,27.065],[-81.511,27.075],[-81.475,27.102],[-81.444,27.125],[-81.425,27.139],[-81.375,27.175],[-81.375,27.175],[-81.325,27.21],[-81.304,27.225],[-81.275,27.245],[-81.23,27.275],[-81.225,27.278],[-81.175,27.311],[-81.152,27.325],[-81.125,27.342],[-81.084,27.366]],[[-81.069,27.375],[-81.025,27.4],[-80.978,27.425],[-80.975,27.427],[-80.925,27.452],[-80.877,27.475],[-80.875,27.476],[-80.825,27.498],[-80.775,27.519]]]}},{"type":"Feature","properties":{"date":"2004-02-17","label":"17 Feb","yday":48,"tier":"day","major":false},"geometry":{"type":"MultiLineString","coordinates":[[[-82.198,26.825],[-82.175,26.837]],[[-82.025,26.919],[-82.015,26.925],[-81.975,26.951],[-81.941,26.975],[-81.925,26.986],[-81.875,27.024],[-81.873,27.025],[-81.825,27.062],[-81.809,27.075],[-81.775,27.102],[-81.745,27.125],[-81.725,27.141],[-81.681,27.175],[-81.675,27.18],[-81.625,27.219],[-81.617,27.225],[-81.575,27.257],[-81.552,27.275],[-81.525,27.295],[-81.484,27.325],[-81.475,27.332],[-81.425,27.368],[-81.415,27.375],[-81.375,27.403],[-81.342,27.425],[-81.325,27.437],[-81.275,27.47],[-81.267,27.475],[-81.225,27.501],[-81.186,27.525],[-81.175,27.532],[-81.125,27.561],[-81.1,27.575],[-81.075,27.589],[-81.025,27.616],[-81.006,27.625],[-80.975,27.641],[-80.925,27.664],[-80.901,27.675],[-80.875,27.687],[-80.825,27.707],[-80.778,27.725],[-80.776,27.726]]]}},{"type":"Feature","properties":{"date":"2004-02-18","label":"18 Feb","yday":49,"tier":"day","major":false},"geometry":{"type":"MultiLineString","coordinates":[[[-82.351,26.951],[-82.325,26.966],[-82.307,26.975],[-82.275,26.993],[-82.225,27.022],[-82.219,27.025],[-82.175,27.052],[-82.138,27.075],[-82.125,27.084],[-82.075,27.118],[-82.065,27.125],[-82.025,27.154],[-81.997,27.175],[-81.975,27.191],[-81.931,27.225],[-81.925,27.23],[-81.875,27.268],[-81.866,27.275],[-81.825,27.307],[-81.802,27.325],[-81.775,27.345],[-81.736,27.375],[-81.725,27.383],[-81.675,27.42],[-81.668,27.425],[-81.625,27.456],[-81.599,27.475],[-81.575,27.492],[-81.528,27.525],[-81.525,27.527],[-81.475,27.561],[-81.455,27.575],[-81.425,27.595],[-81.379,27.625],[-81.375,27.628],[-81.325,27.659],[-81.3,27.675],[-81.275,27.69],[-81.225,27.72],[-81.217,27.725],[-81.175,27.749],[-81.128,27.775],[-81.125,27.777],[-81.075,27.803],[-81.031,27.825],[-81.025,27.828],[-80.975,27.852],[-80.925,27.874],[-80.923,27.875],[-80.889,27.889]]]}},{"type":"Feature","properties":{"date":"2004-02-19","label":"19 Feb","yday":50,"tier":"five","major":false},"geometry":{"type":"MultiLineString","coordinates":[[[-82.432,27.132],[-82.425,27.136],[-82.375,27.167],[-82.362,27.175],[-82.325,27.199],[-82.285,27.225],[-82.275,27.232],[-82.225,27.266],[-82.212,27.275],[-82.175,27.301],[-82.142,27.325],[-82.125,27.337],[-82.075,27.373],[-82.073,27.375],[-82.025,27.409],[-82.003,27.425],[-81.975,27.445],[-81.933,27.475],[-81.925,27.48],[-81.875,27.515],[-81.861,27.525],[-81.825,27.549],[-81.787,27.575],[-81.775,27.583],[-81.725,27.616],[-81.712,27.625],[-81.675,27.649],[-81.636,27.675],[-81.625,27.682],[-81.575,27.714],[-81.559,27.725],[-81.525,27.747],[-81.48,27.775],[-81.475,27.778],[-81.425,27.81],[-81.4,27.825],[-81.375,27.84],[-81.325,27.87],[-81.317,27.875],[-81.275,27.899],[-81.23,27.925],[-81.225,27.928],[-81.175,27.954],[-81.135,27.975],[-81.125,27.98],[-81.075,28.004],[-81.03,28.025],[-81.025,28.027],[-80.975,28.048],[-80.925,28.068]]]}},{"type":"Feature","properties":{"date":"2004-02-20","label":"20 Feb","yday":51,"tier":"day","major":false},"geometry":{"type":"MultiLineString","coordinates":[[[-82.525,27.315],[-82.51,27.325],[-82.475,27.349],[-82.438,27.375],[-82.425,27.384],[-82.375,27.42],[-82.368,27.425],[-82.325,27.455],[-82.296,27.475],[-82.275,27.489],[-82.225,27.523],[-82.222,27.525],[-82.175,27.555],[-82.144,27.575],[-82.125,27.587],[-82.075,27.618],[-82.063,27.625],[-82.025,27.648],[-81.98,27.675],[-81.975,27.678],[-81.925,27.707],[-81.895,27.725],[-81.875,27.737],[-81.825,27.766],[-81.81,27.775],[-81.775,27.796],[-81.727,27.825],[-81.725,27.826],[-81.675,27.856],[-81.644,27.875],[-81.625,27.887],[-81.575,27.917],[-81.562,27.925],[-81.525,27.948],[-81.48,27.975],[-81.475,27.978],[-81.425,28.008],[-81.396,28.025],[-81.375,28.037],[-81.325,28.065],[-81.307,28.075],[-81.275,28.092],[-81.225,28.118],[-81.21,28.125],[-81.175,28.141],[-81.125,28.164],[-81.099,28.175],[-81.075,28.184],[-81.025,28.203],[-80.975,28.221],[-80.963,28.225],[-80.934,28.234]]]}},{"type":"Feature","properties":{"date":"2004-02-21","label":"21 Feb","yday":52,"tier":"day","major":false},"geometry":{"type":"MultiLineString","coordinates":[[[-82.625,27.502],[-82.593,27.525],[-82.575,27.539],[-82.525,27.574],[-82.524,27.575],[-82.475,27.608],[-82.449,27.625],[-82.425,27.64],[-82.375,27.67],[-82.366,27.675],[-82.325,27.697],[-82.275,27.724],[-82.273,27.725],[-82.225,27.749],[-82.175,27.775],[-82.175,27.775],[-82.125,27.8],[-82.075,27.825],[-82.075,27.825],[-82.025,27.85],[-81.977,27.875],[-81.975,27.876],[-81.925,27.902],[-81.883,27.925],[-81.875,27.929],[-81.825,27.956],[-81.792,27.975],[-81.775,27.985],[-81.725,28.014],[-81.706,28.025],[-81.675,28.043],[-81.625,28.073],[-81.622,28.075],[-81.575,28.103],[-81.539,28.125],[-81.525,28.133],[-81.475,28.162],[-81.452,28.175],[-81.425,28.19],[-81.375,28.217],[-81.36,28.225],[-81.325,28.243],[-81.275,28.267],[-81.257,28.275],[-81.225,28.289],[-81.175,28.309],[-81.13,28.325],[-81.125,28.327],[-81.075,28.342],[-81.025,28.357],[-80.975,28.37]]]}},{"type":"Feature","properties":{"date":"2004-02-22","label":"22 Feb","yday":53,"tier":"day","major":false},"geometry":{"type":"MultiLineString","coordinates":[[[-82.649,27.725],[-82.625,27.74]],[[-82.375,27.867],[-82.356,27.875],[-82.325,27.888],[-82.275,27.909],[-82.24,27.925],[-82.225,27.931],[-82.175,27.953],[-82.127,27.975],[-82.125,27.976],[-82.075,27.999],[-82.025,28.024],[-82.022,28.025],[-81.975,28.049],[-81.925,28.075],[-81.925,28.075],[-81.875,28.102],[-81.834,28.125],[-81.825,28.13],[-81.775,28.159],[-81.747,28.175],[-81.725,28.188],[-81.675,28.218],[-81.663,28.225],[-81.625,28.247],[-81.578,28.275],[-81.575,28.276],[-81.525,28.305],[-81.488,28.325],[-81.475,28.332],[-81.425,28.358],[-81.391,28.375],[-81.375,28.383],[-81.325,28.405],[-81.276,28.425],[-81.275,28.425],[-81.225,28.443],[-81.175,28.458],[-81.125,28.472],[-81.111,28.475],[-81.075,28.483],[-81.025,28.493],[-80.998,28.498]]]}},{"type":"Feature","properties":{"date":"2004-02-23","label":"23 Feb","yday":54,"tier":"day","major":false},"geometry":{"type":"MultiLineString","coordinates":[[[-82.783,27.825],[-82.775,27.83],[-82.725,27.862],[-82.703,27.875],[-82.685,27.885]],[[-82.55,27.95],[-82.525,27.962],[-82.493,27.975],[-82.475,27.982],[-82.425,28.002],[-82.375,28.022],[-82.368,28.025],[-82.325,28.042],[-82.275,28.063],[-82.247,28.075],[-82.225,28.085],[-82.175,28.107],[-82.136,28.125],[-82.125,28.13],[-82.075,28.155],[-82.035,28.175],[-82.025,28.18],[-81.975,28.207],[-81.941,28.225],[-81.925,28.234],[-81.875,28.262],[-81.853,28.275],[-81.825,28.291],[-81.775,28.321],[-81.768,28.325],[-81.725,28.35],[-81.683,28.375],[-81.675,28.38],[-81.625,28.408],[-81.595,28.425],[-81.575,28.436],[-81.525,28.462],[-81.501,28.475],[-81.475,28.488],[-81.425,28.511],[-81.393,28.525],[-81.375,28.533],[-81.325,28.551],[-81.275,28.567],[-81.248,28.575],[-81.225,28.581],[-81.175,28.593],[-81.125,28.603],[-81.075,28.612],[-81.064,28.614]]]}},{"type":"Feature","properties":{"date":"2004-02-24","label":"24 Feb","yday":55,"tier":"five","major":false},"geometry":{"type":"MultiLineString","coordinates":[[[-82.812,27.962],[-82.79,27.975],[-82.775,27.983],[-82.725,28.009],[-82.691,28.025],[-82.675,28.033],[-82.625,28.055],[-82.578,28.075],[-82.575,28.076],[-82.525,28.097],[-82.475,28.117],[-82.455,28.125],[-82.425,28.137],[-82.375,28.157],[-82.333,28.175],[-82.325,28.178],[-82.275,28.2],[-82.225,28.223],[-82.222,28.225],[-82.175,28.247],[-82.125,28.273],[-82.12,28.275],[-82.075,28.299],[-82.027,28.325],[-82.025,28.326],[-81.975,28.355],[-81.94,28.375],[-81.925,28.383],[-81.875,28.413],[-81.854,28.425],[-81.825,28.442],[-81.775,28.472],[-81.769,28.475],[-81.725,28.5],[-81.681,28.525],[-81.675,28.529],[-81.625,28.555],[-81.587,28.575],[-81.575,28.581],[-81.525,28.604],[-81.479,28.625],[-81.475,28.627],[-81.425,28.647],[-81.375,28.665],[-81.344,28.675],[-81.325,28.681],[-81.275,28.695],[-81.225,28.707],[-81.175,28.717],[-81.131,28.725],[-81.125,28.726],[-81.075,28.733]]]}},{"type":"Feature","properties":{"date":"2004-02-25","label":"25 Feb","yday":56,"tier":"day","major":false},"geometry":{"type":"MultiLineString","coordinates":[[[-82.775,28.114],[-82.751,28.125],[-82.725,28.137],[-82.675,28.159],[-82.636,28.175],[-82.625,28.18],[-82.575,28.2],[-82.525,28.221],[-82.514,28.225],[-82.475,28.241],[-82.425,28.262],[-82.394,28.275],[-82.375,28.283],[-82.325,28.306],[-82.285,28.325],[-82.275,28.33],[-82.225,28.355],[-82.187,28.375],[-82.175,28.382],[-82.125,28.409],[-82.097,28.425],[-82.075,28.437],[-82.025,28.466],[-82.01,28.475],[-81.975,28.496],[-81.926,28.525],[-81.925,28.526],[-81.875,28.555],[-81.841,28.575],[-81.825,28.584],[-81.775,28.613],[-81.753,28.625],[-81.725,28.64],[-81.675,28.666],[-81.656,28.675],[-81.625,28.69],[-81.575,28.712],[-81.545,28.725],[-81.525,28.733],[-81.475,28.752],[-81.425,28.77],[-81.41,28.775],[-81.375,28.786],[-81.325,28.8],[-81.275,28.813],[-81.225,28.824],[-81.22,28.825],[-81.175,28.833],[-81.125,28.841],[-81.075,28.848],[-81.049,28.851]]]}},{"type":"Feature","properties":{"date":"2004-02-26","label":"26 Feb","yday":57,"tier":"day","major":false},"geometry":{"type":"MultiLineString","coordinates":[[[-82.725,28.258],[-82.685,28.275],[-82.675,28.279],[-82.625,28.299],[-82.575,28.32],[-82.562,28.325],[-82.525,28.34],[-82.475,28.361],[-82.443,28.375],[-82.425,28.383],[-82.375,28.406],[-82.338,28.425],[-82.325,28.431],[-82.275,28.458],[-82.244,28.475],[-82.225,28.485],[-82.175,28.514],[-82.156,28.525],[-82.125,28.543],[-82.075,28.573],[-82.071,28.575],[-82.025,28.602],[-81.987,28.625],[-81.975,28.632],[-81.925,28.661],[-81.902,28.675],[-81.875,28.69],[-81.825,28.718],[-81.812,28.725],[-81.775,28.745],[-81.725,28.77],[-81.713,28.775],[-81.675,28.792],[-81.625,28.814],[-81.598,28.825],[-81.575,28.834],[-81.525,28.853],[-81.475,28.87],[-81.459,28.875],[-81.425,28.886],[-81.375,28.9],[-81.325,28.913],[-81.275,28.924],[-81.273,28.925],[-81.225,28.935],[-81.175,28.944],[-81.125,28.952],[-81.075,28.959],[-81.025,28.965]]]}},{"type":"Feature","properties":{"date":"2004-02-27","label":"27 Feb","yday":58,"tier":"day","major":false},"geometry":{"type":"MultiLineString","coordinates":[[[-82.636,28.414],[-82.625,28.418],[-82.609,28.425],[-82.575,28.439],[-82.525,28.46],[-82.491,28.475],[-82.475,28.482],[-82.425,28.507],[-82.389,28.525],[-82.375,28.533],[-82.325,28.56],[-82.298,28.575],[-82.275,28.588],[-82.225,28.617],[-82.211,28.625],[-82.175,28.646],[-82.125,28.675],[-82.125,28.675],[-82.075,28.705],[-82.04,28.725],[-82.025,28.734],[-81.975,28.763],[-81.953,28.775],[-81.925,28.791],[-81.875,28.818],[-81.862,28.825],[-81.825,28.844],[-81.775,28.868],[-81.759,28.875],[-81.725,28.89],[-81.675,28.911],[-81.64,28.925],[-81.625,28.931],[-81.575,28.949],[-81.525,28.967],[-81.499,28.975],[-81.475,28.982],[-81.425,28.997],[-81.375,29.01],[-81.325,29.022],[-81.313,29.025],[-81.275,29.033],[-81.225,29.043],[-81.175,29.052],[-81.125,29.06],[-81.075,29.068],[-81.025,29.074],[-81.02,29.075],[-80.975,29.081]]]}},{"type":"Feature","properties":{"date":"2004-02-28","label":"28 Feb","yday":59,"tier":"day","major":false},"geometry":{"type":"MultiLineString","coordinates":[[[-82.625,28.541],[-82.575,28.563],[-82.55,28.575],[-82.525,28.587],[-82.475,28.611],[-82.448,28.625],[-82.425,28.637],[-82.375,28.663],[-82.354,28.675],[-82.325,28.691],[-82.275,28.719],[-82.264,28.725],[-82.225,28.747],[-82.176,28.775],[-82.175,28.776],[-82.125,28.804],[-82.088,28.825],[-82.075,28.832],[-82.025,28.86],[-81.997,28.875],[-81.975,28.887],[-81.925,28.913],[-81.902,28.925],[-81.875,28.938],[-81.825,28.962],[-81.796,28.975],[-81.775,28.984],[-81.725,29.006],[-81.676,29.025],[-81.675,29.026],[-81.625,29.044],[-81.575,29.062],[-81.534,29.075],[-81.525,29.078],[-81.475,29.093],[-81.425,29.107],[-81.375,29.12],[-81.353,29.125],[-81.325,29.132],[-81.275,29.142],[-81.225,29.152],[-81.175,29.161],[-81.125,29.169],[-81.085,29.175],[-81.075,29.176],[-81.025,29.184],[-80.989,29.189]]]}},{"type":"Feature","properties":{"date":"2004-02-29","label":"29 Feb","yday":60,"tier":"index","major":true},"geometry":{"type":"MultiLineString","coordinates":[[[-82.625,28.669],[-82.612,28.675],[-82.575,28.693],[-82.525,28.717],[-82.509,28.725],[-82.475,28.742],[-82.425,28.768],[-82.412,28.775],[-82.375,28.794],[-82.325,28.821],[-82.318,28.825],[-82.275,28.848],[-82.225,28.875],[-82.225,28.875],[-82.175,28.902],[-82.132,28.925],[-82.125,28.929],[-82.075,28.955],[-82.038,28.975],[-82.025,28.982],[-81.975,29.007],[-81.939,29.025],[-81.925,29.032],[-81.875,29.055],[-81.832,29.075],[-81.825,29.078],[-81.775,29.099],[-81.725,29.12],[-81.711,29.125],[-81.675,29.139],[-81.625,29.157],[-81.575,29.174],[-81.571,29.175],[-81.525,29.189],[-81.475,29.204],[-81.425,29.218],[-81.395,29.225],[-81.375,29.23],[-81.325,29.242],[-81.275,29.252],[-81.225,29.262],[-81.175,29.271],[-81.152,29.275],[-81.125,29.28],[-81.075,29.288]]]}},{"type":"Feature","properties":{"date":"2004-03-01","label":"1 Mar","yday":61,"tier":"day","major":false},"geometry":{"type":"MultiLineString","coordinates":[[[-82.625,28.8],[-82.575,28.824],[-82.573,28.825],[-82.525,28.848],[-82.475,28.873],[-82.471,28.875],[-82.425,28.898],[-82.375,28.924],[-82.372,28.925],[-82.325,28.949],[-82.275,28.975],[-82.274,28.975],[-82.225,29.0],[-82.177,29.025],[-82.175,29.026],[-82.125,29.052],[-82.079,29.075],[-82.075,29.077],[-82.025,29.102],[-81.978,29.125],[-81.975,29.127],[-81.925,29.15],[-81.875,29.173],[-81.87,29.175],[-81.825,29.195],[-81.775,29.215],[-81.751,29.225],[-81.725,29.235],[-81.675,29.254],[-81.625,29.271],[-81.613,29.275],[-81.575,29.287],[-81.525,29.303],[-81.475,29.317],[-81.444,29.325],[-81.425,29.33],[-81.375,29.342],[-81.325,29.354],[-81.275,29.365],[-81.225,29.374],[-81.222,29.375],[-81.175,29.384],[-81.125,29.392],[-81.097,29.397]]]}},{"type":"Feature","properties":{"date":"2004-03-02","label":"2 Mar","yday":62,"tier":"day","major":false},"geometry":{"type":"MultiLineString","coordinates":[[[-82.664,28.914],[-82.64,28.925],[-82.625,28.932],[-82.575,28.956],[-82.536,28.975],[-82.525,28.98],[-82.475,29.004],[-82.432,29.025],[-82.425,29.028],[-82.375,29.053],[-82.329,29.075],[-82.325,29.077],[-82.275,29.101],[-82.226,29.125],[-82.225,29.126],[-82.175,29.151],[-82.126,29.175],[-82.125,29.176],[-82.075,29.201],[-82.025,29.225],[-82.025,29.225],[-81.975,29.249],[-81.925,29.271],[-81.917,29.275],[-81.875,29.293],[-81.825,29.314],[-81.798,29.325],[-81.775,29.334],[-81.725,29.353],[-81.675,29.371],[-81.662,29.375],[-81.625,29.387],[-81.575,29.403],[-81.525,29.418],[-81.5,29.425],[-81.475,29.432],[-81.425,29.445],[-81.375,29.457],[-81.325,29.468],[-81.293,29.475],[-81.275,29.479],[-81.225,29.489],[-81.175,29.498],[-81.152,29.502]]]}},{"type":"Feature","properties":{"date":"2004-03-03","label":"3 Mar","yday":63,"tier":"day","major":false},"geometry":{"type":"MultiLineString","coordinates":[[[-82.725,29.02],[-82.714,29.025],[-82.675,29.043],[-82.625,29.067],[-82.608,29.075],[-82.575,29.09],[-82.525,29.114],[-82.501,29.125],[-82.475,29.137],[-82.425,29.161],[-82.395,29.175],[-82.375,29.184],[-82.325,29.208],[-82.289,29.225],[-82.275,29.232],[-82.225,29.256],[-82.186,29.275],[-82.175,29.28],[-82.125,29.305],[-82.082,29.325],[-82.075,29.328],[-82.025,29.352],[-81.975,29.374],[-81.973,29.375],[-81.925,29.396],[-81.875,29.417],[-81.854,29.425],[-81.825,29.437],[-81.775,29.456],[-81.725,29.474],[-81.721,29.475],[-81.675,29.491],[-81.625,29.507],[-81.575,29.522],[-81.564,29.525],[-81.525,29.536],[-81.475,29.55],[-81.425,29.562],[-81.375,29.574],[-81.369,29.575],[-81.325,29.585],[-81.275,29.595],[-81.225,29.604],[-81.208,29.608]]]}},{"type":"Feature","properties":{"date":"2004-03-04","label":"4 Mar","yday":64,"tier":"day","major":false},"geometry":{"type":"MultiLineString","coordinates":[[[-82.782,29.132],[-82.775,29.135],[-82.725,29.159],[-82.69,29.175],[-82.675,29.182],[-82.625,29.205],[-82.582,29.225],[-82.575,29.228],[-82.525,29.252],[-82.475,29.275],[-82.474,29.275],[-82.425,29.298],[-82.375,29.321],[-82.367,29.325],[-82.325,29.345],[-82.275,29.368],[-82.26,29.375],[-82.225,29.392],[-82.175,29.415],[-82.153,29.425],[-82.125,29.438],[-82.075,29.46],[-82.041,29.475],[-82.025,29.482],[-81.975,29.503],[-81.925,29.524],[-81.922,29.525],[-81.875,29.544],[-81.825,29.563],[-81.791,29.575],[-81.775,29.581],[-81.725,29.598],[-81.675,29.614],[-81.639,29.625],[-81.625,29.629],[-81.575,29.644],[-81.525,29.657],[-81.475,29.67],[-81.452,29.675],[-81.425,29.681],[-81.375,29.692],[-81.325,29.703],[-81.275,29.712],[-81.264,29.714]]]}},{"type":"Feature","properties":{"date":"2004-03-05","label":"5 Mar","yday":65,"tier":"five","major":false},"geometry":{"type":"MultiLineString","coordinates":[[[-82.914,29.214],[-82.889,29.225],[-82.875,29.232],[-82.825,29.255],[-82.783,29.275],[-82.775,29.279],[-82.725,29.302],[-82.676,29.325],[-82.675,29.326],[-82.625,29.349],[-82.575,29.372],[-82.568,29.375],[-82.525,29.395],[-82.475,29.418],[-82.459,29.425],[-82.425,29.44],[-82.375,29.463],[-82.348,29.475],[-82.325,29.486],[-82.275,29.508],[-82.237,29.525],[-82.225,29.53],[-82.175,29.552],[-82.125,29.574],[-82.123,29.575],[-82.075,29.595],[-82.025,29.616],[-82.003,29.625],[-81.975,29.636],[-81.925,29.656],[-81.875,29.674],[-81.872,29.675],[-81.825,29.692],[-81.775,29.709],[-81.725,29.725],[-81.724,29.725],[-81.675,29.74],[-81.625,29.754],[-81.575,29.767],[-81.544,29.775],[-81.525,29.78],[-81.475,29.791],[-81.425,29.802],[-81.375,29.812],[-81.325,29.822],[-81.308,29.825],[-81.28,29.83]]]}},{"type":"Feature","properties":{"date":"2004-03-06","label":"6 Mar","yday":66,"tier":"day","major":false},"geometry":{"type":"MultiLineString","coordinates":[[[-83.081,29.281],[-83.075,29.284],[-83.025,29.308],[-82.991,29.325],[-82.975,29.333],[-82.925,29.357],[-82.888,29.375],[-82.875,29.381],[-82.825,29.405],[-82.783,29.425],[-82.775,29.429],[-82.725,29.452],[-82.675,29.475],[-82.675,29.475],[-82.625,29.498],[-82.575,29.521],[-82.565,29.525],[-82.525,29.543],[-82.475,29.565],[-82.452,29.575],[-82.425,29.587],[-82.375,29.608],[-82.336,29.625],[-82.325,29.63],[-82.275,29.651],[-82.225,29.672],[-82.218,29.675],[-82.175,29.693],[-82.125,29.714],[-82.097,29.725],[-82.075,29.734],[-82.025,29.753],[-81.975,29.772],[-81.966,29.775],[-81.925,29.79],[-81.875,29.807],[-81.825,29.823],[-81.82,29.825],[-81.775,29.839],[-81.725,29.854],[-81.675,29.868],[-81.646,29.875],[-81.625,29.881],[-81.575,29.893],[-81.525,29.904],[-81.475,29.915],[-81.425,29.924],[-81.422,29.925],[-81.375,29.933],[-81.325,29.942]]]}},{"type":"Feature","properties":{"date":"2004-03-07","label":"7 Mar","yday":67,"tier":"day","major":false},"geometry":{"type":"MultiLineString","coordinates":[[[-83.183,29.383],[-83.175,29.388],[-83.125,29.413],[-83.102,29.425],[-83.075,29.439],[-83.025,29.464],[-83.003,29.475],[-82.975,29.489],[-82.925,29.513],[-82.901,29.525],[-82.875,29.538],[-82.825,29.561],[-82.796,29.575],[-82.775,29.585],[-82.725,29.608],[-82.687,29.625],[-82.675,29.631],[-82.625,29.653],[-82.575,29.675],[-82.574,29.675],[-82.525,29.696],[-82.475,29.717],[-82.456,29.725],[-82.425,29.738],[-82.375,29.758],[-82.333,29.775],[-82.325,29.778],[-82.275,29.798],[-82.225,29.818],[-82.207,29.825],[-82.175,29.837],[-82.125,29.856],[-82.075,29.874],[-82.072,29.875],[-82.025,29.892],[-81.975,29.909],[-81.925,29.925],[-81.924,29.925],[-81.875,29.94],[-81.825,29.955],[-81.775,29.97],[-81.755,29.975],[-81.725,29.983],[-81.675,29.996],[-81.625,30.008],[-81.575,30.019],[-81.544,30.025],[-81.525,30.029],[-81.475,30.038],[-81.425,30.047],[-81.375,30.055],[-81.358,30.058]]]}},{"type":"Feature","properties":{"date":"2004-03-08","label":"8 Mar","yday":68,"tier":"day","major":false},"geometry":{"type":"MultiLineString","coordinates":[[[-83.289,29.489],[-83.275,29.496],[-83.225,29.523],[-83.222,29.525],[-83.175,29.55],[-83.127,29.575],[-83.125,29.576],[-83.075,29.602],[-83.03,29.625],[-83.025,29.628],[-82.975,29.653],[-82.93,29.675],[-82.925,29.677],[-82.875,29.701],[-82.825,29.725],[-82.825,29.725],[-82.775,29.748],[-82.725,29.77],[-82.713,29.775],[-82.675,29.792],[-82.625,29.813],[-82.595,29.825],[-82.575,29.833],[-82.525,29.853],[-82.475,29.873],[-82.47,29.875],[-82.425,29.892],[-82.375,29.911],[-82.336,29.925],[-82.325,29.929],[-82.275,29.947],[-82.225,29.964],[-82.193,29.975],[-82.175,29.981],[-82.125,29.997],[-82.075,30.013],[-82.038,30.025],[-82.025,30.029],[-81.975,30.044],[-81.925,30.058],[-81.875,30.072],[-81.864,30.075],[-81.825,30.085],[-81.775,30.098],[-81.725,30.11],[-81.675,30.122],[-81.661,30.125],[-81.625,30.132],[-81.575,30.142],[-81.525,30.152],[-81.475,30.16],[-81.425,30.168],[-81.38,30.175],[-81.375,30.176]]]}},{"type":"Feature","properties":{"date":"2004-03-09","label":"9 Mar","yday":69,"tier":"day","major":false},"geometry":{"type":"MultiLineString","coordinates":[[[-83.375,29.61],[-83.348,29.625],[-83.325,29.638],[-83.275,29.667],[-83.26,29.675],[-83.225,29.695],[-83.175,29.722],[-83.169,29.725],[-83.125,29.749],[-83.075,29.775],[-83.075,29.775],[-83.025,29.8],[-82.975,29.825],[-82.975,29.825],[-82.925,29.849],[-82.875,29.872],[-82.868,29.875],[-82.825,29.894],[-82.775,29.916],[-82.753,29.925],[-82.725,29.937],[-82.675,29.957],[-82.627,29.975],[-82.625,29.976],[-82.575,29.994],[-82.525,30.012],[-82.488,30.025],[-82.475,30.029],[-82.425,30.046],[-82.375,30.062],[-82.333,30.075],[-82.325,30.078],[-82.275,30.093],[-82.225,30.107],[-82.175,30.121],[-82.162,30.125],[-82.125,30.135],[-82.075,30.148],[-82.025,30.161],[-81.975,30.174],[-81.972,30.175],[-81.925,30.186],[-81.875,30.198],[-81.825,30.21],[-81.775,30.221],[-81.758,30.225],[-81.725,30.232],[-81.675,30.242],[-81.625,30.251],[-81.575,30.26],[-81.525,30.268],[-81.486,30.275],[-81.475,30.277],[-81.425,30.285]]]}},{"type":"Feature","properties":{"date":"2004-03-10","label":"10 Mar","yday":70,"tier":"five","major":false},"geometry":{"type":"MultiLineString","coordinates":[[[-94.671,29.671],[-94.625,29.663],[-94.575,29.655],[-94.525,29.647],[-94.475,29.641]],[[-83.482,29.725],[-83.475,29.729],[-83.425,29.76],[-83.4,29.775],[-83.375,29.79],[-83.325,29.82],[-83.316,29.825],[-83.275,29.849],[-83.228,29.875],[-83.225,29.877],[-83.175,29.904],[-83.136,29.925],[-83.125,29.931],[-83.075,29.956],[-83.037,29.975],[-83.025,29.981],[-82.975,30.004],[-82.928,30.025],[-82.925,30.026],[-82.875,30.047],[-82.825,30.068],[-82.806,30.075],[-82.775,30.087],[-82.725,30.105],[-82.675,30.122],[-82.665,30.125],[-82.625,30.138],[-82.575,30.153],[-82.525,30.168],[-82.501,30.175],[-82.475,30.182],[-82.425,30.196],[-82.375,30.209],[-82.325,30.221],[-82.309,30.225],[-82.275,30.233],[-82.225,30.245],[-82.175,30.256],[-82.125,30.267],[-82.086,30.275],[-82.075,30.277],[-82.025,30.288],[-81.975,30.298],[-81.925,30.308],[-81.875,30.317],[-81.834,30.325],[-81.825,30.327],[-81.775,30.336],[-81.725,30.345],[-81.675,30.353],[-81.625,30.362],[-81.575,30.37],[-81.548,30.375],[-81.525,30.379],[-81.475,30.387],[-81.425,30.395]]]}},{"type":"Feature","properties":{"date":"2004-03-11","label":"11 Mar","yday":71,"tier":"day","major":false},"geometry":{"type":"MultiLineString","coordinates":[[[-83.593,29.843],[-83.575,29.856],[-83.545,29.875],[-83.525,29.888],[-83.475,29.921],[-83.468,29.925],[-83.425,29.952],[-83.388,29.975],[-83.375,29.983],[-83.325,30.013],[-83.304,30.025],[-83.275,30.042],[-83.225,30.069],[-83.214,30.075],[-83.175,30.096],[-83.125,30.121],[-83.116,30.125],[-83.075,30.144],[-83.025,30.166],[-83.003,30.175],[-82.975,30.187],[-82.925,30.206],[-82.875,30.224],[-82.871,30.225],[-82.825,30.24],[-82.775,30.256],[-82.725,30.27],[-82.707,30.275],[-82.675,30.284],[-82.625,30.296],[-82.575,30.308],[-82.525,30.319],[-82.497,30.325],[-82.475,30.33],[-82.425,30.339],[-82.375,30.349],[-82.325,30.358],[-82.275,30.367],[-82.229,30.375],[-82.225,30.376],[-82.175,30.384],[-82.125,30.392],[-82.075,30.4],[-82.025,30.408],[-81.975,30.415],[-81.925,30.423],[-81.909,30.425],[-81.875,30.43],[-81.825,30.437],[-81.775,30.444],[-81.725,30.452],[-81.675,30.459],[-81.625,30.467],[-81.575,30.475],[-81.573,30.475],[-81.525,30.482],[-81.475,30.49]]]}},{"type":"Feature","properties":{"date":"2004-03-12","label":"12 Mar","yday":72,"tier":"day","major":false},"geometry":{"type":"MultiLineString","coordinates":[[[-83.713,29.963],[-83.696,29.975],[-83.675,29.99],[-83.626,30.025],[-83.625,30.025],[-83.575,30.06],[-83.553,30.075],[-83.525,30.094],[-83.478,30.125],[-83.475,30.127],[-83.425,30.159],[-83.398,30.175],[-83.375,30.189],[-83.325,30.217],[-83.311,30.225],[-83.275,30.244],[-83.225,30.269],[-83.213,30.275],[-83.175,30.292],[-83.125,30.314],[-83.097,30.325],[-83.075,30.334],[-83.025,30.352],[-82.975,30.368],[-82.952,30.375],[-82.925,30.383],[-82.875,30.396],[-82.825,30.408],[-82.775,30.42],[-82.749,30.425],[-82.725,30.43],[-82.675,30.439],[-82.625,30.448],[-82.575,30.456],[-82.525,30.463],[-82.475,30.47],[-82.437,30.475],[-82.425,30.477],[-82.375,30.483],[-82.325,30.489],[-82.275,30.495],[-82.225,30.5],[-82.175,30.506],[-82.125,30.512],[-82.075,30.517],[-82.025,30.522],[-82.001,30.525],[-81.975,30.528],[-81.925,30.533],[-81.875,30.539],[-81.825,30.544],[-81.775,30.55],[-81.725,30.556],[-81.675,30.562],[-81.625,30.568],[-81.575,30.575],[-81.574,30.575],[-81.525,30.581],[-81.518,30.582]]]}},{"type":"Feature","properties":{"date":"2004-03-13","label":"13 Mar","yday":73,"tier":"day","major":false},"geometry":{"type":"MultiLineString","coordinates":[[[-83.894,30.044],[-83.875,30.058],[-83.853,30.075],[-83.825,30.097],[-83.788,30.125],[-83.775,30.135],[-83.725,30.173],[-83.723,30.175],[-83.675,30.211],[-83.655,30.225],[-83.625,30.247],[-83.585,30.275],[-83.575,30.282],[-83.525,30.315],[-83.508,30.325],[-83.475,30.346],[-83.425,30.375],[-83.424,30.375],[-83.375,30.401],[-83.327,30.425],[-83.325,30.426],[-83.275,30.449],[-83.225,30.469],[-83.209,30.475],[-83.175,30.487],[-83.125,30.504],[-83.075,30.518],[-83.05,30.525],[-83.025,30.531],[-82.975,30.542],[-82.925,30.552],[-82.875,30.561],[-82.825,30.568],[-82.776,30.575],[-82.775,30.575],[-82.725,30.581],[-82.675,30.586],[-82.625,30.591],[-82.575,30.595],[-82.525,30.599],[-82.475,30.603],[-82.425,30.607],[-82.375,30.61],[-82.325,30.613],[-82.275,30.617],[-82.225,30.62],[-82.175,30.623],[-82.147,30.625],[-82.125,30.626],[-82.075,30.63],[-82.025,30.633],[-81.975,30.637],[-81.925,30.64],[-81.875,30.644],[-81.825,30.648],[-81.775,30.653],[-81.725,30.657],[-81.675,30.662],[-81.625,30.667],[-81.575,30.673],[-81.553,30.675],[-81.525,30.678],[-81.482,30.682]],[[-94.375,30.206],[-94.325,30.206],[-94.275,30.207],[-94.225,30.209],[-94.175,30.211],[-94.125,30.213],[-94.075,30.216],[-94.025,30.22],[-93.975,30.224],[-93.964,30.225],[-93.925,30.229],[-93.921,30.229]],[[-93.569,30.269],[-93.525,30.275],[-93.522,30.275],[-93.475,30.281],[-93.425,30.287],[-93.375,30.292],[-93.325,30.298],[-93.275,30.303],[-93.225,30.307],[-93.175,30.31],[-93.125,30.312],[-93.075,30.311],[-93.025,30.309],[-92.975,30.306],[-92.925,30.302],[-92.9,30.3]]]}},{"type":"Feature","properties":{"date":"2004-03-14","label":"14 Mar","yday":74,"tier":"day","major":false},"geometry":{"type":"MultiLineString","coordinates":[[[-84.079,30.125],[-84.075,30.128],[-84.025,30.169],[-84.018,30.175],[-83.975,30.211],[-83.959,30.225],[-83.925,30.254],[-83.899,30.275],[-83.875,30.295],[-83.839,30.325],[-83.825,30.336],[-83.776,30.375],[-83.775,30.375],[-83.725,30.413],[-83.708,30.425],[-83.675,30.448],[-83.634,30.475],[-83.625,30.481],[-83.575,30.511],[-83.55,30.525],[-83.525,30.539],[-83.475,30.564],[-83.453,30.575],[-83.425,30.588],[-83.375,30.609],[-83.332,30.625],[-83.325,30.628],[-83.275,30.644],[-83.225,30.659],[-83.175,30.672],[-83.16,30.675],[-83.125,30.682],[-83.075,30.691],[-83.025,30.699],[-82.975,30.705],[-82.925,30.71],[-82.875,30.714],[-82.825,30.717],[-82.775,30.72],[-82.725,30.722],[-82.675,30.724],[-82.643,30.725],[-82.625,30.726],[-82.575,30.727],[-82.525,30.728],[-82.475,30.729],[-82.425,30.73],[-82.375,30.731],[-82.325,30.732],[-82.275,30.733],[-82.225,30.734],[-82.175,30.736],[-82.125,30.737],[-82.075,30.739],[-82.025,30.74],[-81.975,30.743],[-81.925,30.745],[-81.875,30.747],[-81.825,30.75],[-81.775,30.753],[-81.725,30.757],[-81.675,30.76],[-81.625,30.764],[-81.575,30.769],[-81.525,30.773]],[[-89.975,30.305],[-89.925,30.276],[-89.923,30.275]],[[-94.825,30.37],[-94.775,30.371],[-94.725,30.373],[-94.675,30.374]],[[-94.475,30.382],[-94.425,30.384],[-94.375,30.387],[-94.325,30.39],[-94.275,30.393],[-94.225,30.396],[-94.175,30.399],[-94.125,30.403],[-94.075,30.406],[-94.025,30.41],[-93.975,30.413],[-93.925,30.417],[-93.875,30.42],[-93.825,30.423],[-93.803,30.425],[-93.775,30.427],[-93.725,30.43],[-93.675,30.433],[-93.625,30.437],[-93.575,30.44],[-93.525,30.443],[-93.475,30.446],[-93.425,30.449],[-93.375,30.452],[-93.325,30.455],[-93.275,30.457],[-93.225,30.459],[-93.175,30.46],[-93.125,30.461],[-93.075,30.461],[-93.025,30.46],[-92.975,30.459],[-92.925,30.457],[-92.875,30.455],[-92.825,30.453],[-92.775,30.45],[-92.725,30.447],[-92.675,30.444],[-92.625,30.44],[-92.575,30.437],[-92.525,30.434],[-92.475,30.43]],[[-90.125,30.386],[-90.104,30.375]],[[-90.94,30.49],[-90.925,30.492],[-90.875,30.499],[-90.825,30.505],[-90.775,30.51],[-90.725,30.514],[-90.675,30.517],[-90.625,30.518],[-90.575,30.517],[-90.525,30.514],[-90.475,30.509],[-90.425,30.5],[-90.375,30.488],[-90.335,30.475],[-90.328,30.472]]]}},{"type":"Feature","properties":{"date":"2004-03-15","label":"15 Mar","yday":75,"tier":"index","major":true},"geometry":{"type":"MultiLineString","coordinates":[[[-85.181,29.681],[-85.175,29.683],[-85.125,29.698],[-85.09,29.71]],[[-85.048,29.725],[-85.025,29.734],[-85.009,29.741]],[[-84.935,29.775],[-84.925,29.78],[-84.914,29.786]],[[-84.863,29.813],[-84.841,29.825],[-84.825,29.834],[-84.775,29.863],[-84.754,29.875],[-84.725,29.893],[-84.675,29.924],[-84.674,29.925],[-84.625,29.957],[-84.597,29.975],[-84.575,29.99],[-84.525,30.024],[-84.523,30.025],[-84.475,30.059],[-84.452,30.075],[-84.425,30.095],[-84.384,30.125],[-84.375,30.132],[-84.325,30.17],[-84.319,30.175],[-84.275,30.21],[-84.257,30.225],[-84.225,30.252],[-84.198,30.275],[-84.175,30.296],[-84.143,30.325],[-84.125,30.342],[-84.089,30.375],[-84.075,30.389],[-84.035,30.425],[-84.025,30.434],[-83.979,30.475],[-83.975,30.478],[-83.925,30.52],[-83.918,30.525],[-83.875,30.557],[-83.85,30.575],[-83.825,30.592],[-83.775,30.624],[-83.773,30.625],[-83.725,30.653],[-83.684,30.675],[-83.675,30.679],[-83.625,30.704],[-83.577,30.725],[-83.575,30.726],[-83.525,30.746],[-83.475,30.765],[-83.444,30.775],[-83.425,30.781],[-83.375,30.796],[-83.325,30.809],[-83.275,30.821],[-83.255,30.825],[-83.225,30.831],[-83.175,30.838],[-83.125,30.844],[-83.075,30.848],[-83.025,30.851],[-82.975,30.852],[-82.925,30.853],[-82.875,30.854],[-82.825,30.853],[-82.775,30.853],[-82.725,30.852],[-82.675,30.852],[-82.625,30.851],[-82.575,30.85],[-82.525,30.849],[-82.475,30.848],[-82.425,30.847],[-82.375,30.846],[-82.325,30.845],[-82.275,30.845],[-82.225,30.844],[-82.175,30.844],[-82.125,30.844],[-82.075,30.844],[-82.025,30.845],[-81.975,30.845],[-81.925,30.847],[-81.875,30.848],[-81.825,30.85],[-81.775,30.852],[-81.725,30.854],[-81.675,30.857],[-81.625,30.86],[-81.575,30.864],[-81.525,30.868],[-81.475,30.872]],[[-94.552,30.552],[-94.525,30.554],[-94.475,30.558],[-94.425,30.562],[-94.375,30.566],[-94.325,30.57],[-94.275,30.574],[-94.269,30.575],[-94.225,30.579],[-94.175,30.582],[-94.125,30.586],[-94.075,30.589],[-94.025,30.592],[-93.975,30.594],[-93.925,30.595],[-93.875,30.596],[-93.825,30.597],[-93.775,30.598],[-93.725,30.598],[-93.675,30.598],[-93.625,30.598],[-93.575,30.598],[-93.525,30.598],[-93.475,30.598],[-93.425,30.599],[-93.375,30.599],[-93.325,30.599],[-93.275,30.6],[-93.225,30.6],[-93.175,30.601],[-93.125,30.601],[-93.075,30.601],[-93.025,30.601],[-92.975,30.601],[-92.925,30.601],[-92.875,30.601],[-92.825,30.601],[-92.775,30.601],[-92.725,30.6],[-92.675,30.6],[-92.625,30.599],[-92.575,30.599],[-92.525,30.598],[-92.475,30.598],[-92.425,30.598]],[[-91.168,30.668],[-91.125,30.674],[-91.114,30.675],[-91.075,30.68],[-91.025,30.686],[-90.975,30.691],[-90.925,30.696],[-90.875,30.7],[-90.825,30.704],[-90.775,30.706],[-90.725,30.707],[-90.675,30.707],[-90.625,30.705],[-90.575,30.702],[-90.525,30.697],[-90.475,30.689],[-90.425,30.68],[-90.405,30.675],[-90.375,30.668],[-90.325,30.653],[-90.275,30.636],[-90.247,30.625],[-90.225,30.616],[-90.175,30.594],[-90.136,30.575],[-90.125,30.57],[-90.075,30.544],[-90.042,30.525],[-90.025,30.516],[-89.975,30.486],[-89.957,30.475],[-89.925,30.455],[-89.878,30.425],[-89.875,30.423],[-89.825,30.39],[-89.801,30.375],[-89.775,30.359],[-89.725,30.328],[-89.719,30.325],[-89.675,30.298],[-89.637,30.275],[-89.625,30.267],[-89.575,30.236],[-89.557,30.225],[-89.538,30.212]]]}},{"type":"Feature","properties":{"date":"2004-03-16","label":"16 Mar","yday":76,"tier":"day","major":false},"geometry":{"type":"MultiLineString","coordinates":[[[-85.309,29.859],[-85.275,29.868],[-85.253,29.875],[-85.225,29.884],[-85.175,29.901],[-85.125,29.921],[-85.114,29.925],[-85.075,29.942],[-85.025,29.965],[-85.006,29.975],[-84.975,29.991],[-84.925,30.019],[-84.914,30.025],[-84.875,30.048],[-84.831,30.075],[-84.825,30.079],[-84.775,30.111],[-84.754,30.125],[-84.725,30.145],[-84.681,30.175],[-84.675,30.18],[-84.625,30.216],[-84.612,30.225],[-84.575,30.253],[-84.545,30.275],[-84.525,30.291],[-84.481,30.325],[-84.475,30.33],[-84.425,30.371],[-84.42,30.375],[-84.375,30.415],[-84.365,30.425],[-84.325,30.466],[-84.316,30.475],[-84.275,30.519],[-84.269,30.525],[-84.225,30.569],[-84.219,30.575],[-84.175,30.614],[-84.163,30.625],[-84.125,30.655],[-84.098,30.675],[-84.075,30.691],[-84.025,30.723],[-84.021,30.725],[-83.975,30.751],[-83.93,30.775],[-83.925,30.777],[-83.875,30.801],[-83.825,30.823],[-83.82,30.825],[-83.775,30.843],[-83.725,30.861],[-83.687,30.875],[-83.675,30.879],[-83.625,30.895],[-83.575,30.909],[-83.525,30.923],[-83.518,30.925],[-83.475,30.935],[-83.425,30.946],[-83.375,30.956],[-83.325,30.965],[-83.275,30.973],[-83.258,30.975],[-83.225,30.979],[-83.175,30.982],[-83.125,30.984],[-83.075,30.985],[-83.025,30.984],[-82.975,30.983],[-82.925,30.982],[-82.875,30.98],[-82.825,30.977],[-82.775,30.975],[-82.775,30.975],[-82.725,30.972],[-82.675,30.97],[-82.625,30.967],[-82.575,30.965],[-82.525,30.962],[-82.475,30.96],[-82.425,30.958],[-82.375,30.955],[-82.325,30.953],[-82.275,30.951],[-82.225,30.95],[-82.175,30.948],[-82.125,30.947],[-82.075,30.946],[-82.025,30.946],[-81.975,30.946],[-81.925,30.946],[-81.875,30.947],[-81.825,30.948],[-81.775,30.949],[-81.725,30.951],[-81.675,30.953],[-81.625,30.956],[-81.575,30.959],[-81.525,30.962]],[[-94.725,30.716],[-94.675,30.719],[-94.625,30.722],[-94.583,30.725],[-94.575,30.726],[-94.525,30.729],[-94.475,30.734],[-94.425,30.738],[-94.375,30.743],[-94.325,30.748],[-94.275,30.753],[-94.225,30.757],[-94.175,30.761],[-94.125,30.765],[-94.075,30.768],[-94.025,30.769],[-93.975,30.769],[-93.925,30.768],[-93.875,30.766],[-93.825,30.764],[-93.775,30.761],[-93.725,30.758],[-93.675,30.755],[-93.625,30.752],[-93.575,30.749],[-93.525,30.747],[-93.475,30.744],[-93.425,30.742],[-93.375,30.74],[-93.325,30.739],[-93.275,30.738],[-93.225,30.737],[-93.175,30.737],[-93.125,30.737],[-93.075,30.738],[-93.025,30.739],[-92.975,30.74],[-92.925,30.742],[-92.875,30.743],[-92.825,30.745],[-92.775,30.747],[-92.725,30.749],[-92.675,30.751],[-92.625,30.753],[-92.575,30.755],[-92.525,30.757],[-92.475,30.76],[-92.425,30.762],[-92.375,30.764],[-92.325,30.766],[-92.275,30.769],[-92.225,30.771],[-92.175,30.774],[-92.151,30.775],[-92.125,30.776]],[[-91.296,30.846],[-91.275,30.849],[-91.225,30.854],[-91.175,30.859],[-91.125,30.863],[-91.075,30.868],[-91.025,30.872],[-90.98,30.875],[-90.975,30.875],[-90.925,30.878],[-90.875,30.88],[-90.825,30.881],[-90.775,30.882],[-90.725,30.881],[-90.675,30.878],[-90.627,30.875],[-90.625,30.875],[-90.575,30.87],[-90.525,30.863],[-90.475,30.855],[-90.425,30.844],[-90.375,30.832],[-90.348,30.825],[-90.325,30.818],[-90.275,30.803],[-90.225,30.785],[-90.2,30.775],[-90.175,30.765],[-90.125,30.743],[-90.087,30.725],[-90.075,30.719],[-90.025,30.694],[-89.99,30.675],[-89.975,30.667],[-89.925,30.638],[-89.903,30.625],[-89.875,30.608],[-89.825,30.577],[-89.822,30.575],[-89.775,30.545],[-89.744,30.525],[-89.725,30.513],[-89.675,30.481],[-89.666,30.475],[-89.625,30.449],[-89.587,30.425],[-89.575,30.417],[-89.525,30.386],[-89.507,30.375],[-89.475,30.355],[-89.427,30.325],[-89.425,30.324],[-89.395,30.305]]]}},{"type":"Feature","properties":{"date":"2004-03-17","label":"17 Mar","yday":77,"tier":"day","major":false},"geometry":{"type":"MultiLineString","coordinates":[[[-85.457,30.057],[-85.425,30.067],[-85.398,30.075],[-85.375,30.082],[-85.325,30.099],[-85.275,30.117],[-85.255,30.125],[-85.225,30.137],[-85.175,30.16],[-85.144,30.175],[-85.125,30.184],[-85.075,30.211],[-85.051,30.225],[-85.025,30.241],[-84.975,30.272],[-84.971,30.275],[-84.925,30.307],[-84.9,30.325],[-84.875,30.344],[-84.835,30.375],[-84.825,30.384],[-84.776,30.425],[-84.775,30.426],[-84.725,30.472],[-84.722,30.475],[-84.675,30.522],[-84.672,30.525],[-84.625,30.575],[-84.625,30.575],[-84.579,30.625],[-84.575,30.629],[-84.532,30.675],[-84.525,30.682],[-84.48,30.725],[-84.475,30.729],[-84.425,30.769],[-84.417,30.775],[-84.375,30.803],[-84.338,30.825],[-84.325,30.832],[-84.275,30.856],[-84.235,30.875],[-84.225,30.879],[-84.175,30.899],[-84.125,30.918],[-84.106,30.925],[-84.075,30.936],[-84.025,30.952],[-83.975,30.968],[-83.951,30.975],[-83.925,30.982],[-83.875,30.996],[-83.825,31.009],[-83.775,31.022],[-83.763,31.025],[-83.725,31.034],[-83.675,31.045],[-83.625,31.055],[-83.575,31.064],[-83.525,31.073],[-83.511,31.075],[-83.475,31.08],[-83.425,31.087],[-83.375,31.093],[-83.325,31.097],[-83.275,31.101],[-83.225,31.104],[-83.175,31.105],[-83.125,31.105],[-83.075,31.104],[-83.025,31.102],[-82.975,31.1],[-82.925,31.097],[-82.875,31.094],[-82.825,31.09],[-82.775,31.087],[-82.725,31.083],[-82.675,31.079],[-82.625,31.076],[-82.614,31.075],[-82.575,31.072],[-82.525,31.069],[-82.475,31.066],[-82.425,31.062],[-82.375,31.059],[-82.325,31.056],[-82.275,31.054],[-82.225,31.051],[-82.175,31.049],[-82.125,31.047],[-82.075,31.046],[-82.025,31.045],[-81.975,31.044],[-81.925,31.044],[-81.875,31.044],[-81.825,31.045],[-81.775,31.046],[-81.725,31.047],[-81.675,31.049],[-81.625,31.051],[-81.575,31.054],[-81.525,31.057],[-81.475,31.061],[-81.425,31.066]],[[-95.175,30.93],[-95.144,30.925],[-95.125,30.922],[-95.075,30.915],[-95.025,30.908],[-94.975,30.904],[-94.925,30.9],[-94.875,30.897],[-94.825,30.896],[-94.775,30.895],[-94.725,30.895],[-94.675,30.897],[-94.625,30.899],[-94.575,30.901],[-94.525,30.905],[-94.475,30.908],[-94.425,30.912],[-94.375,30.917],[-94.325,30.921],[-94.28,30.925],[-94.275,30.925],[-94.225,30.929],[-94.175,30.933],[-94.125,30.936],[-94.075,30.937],[-94.025,30.938],[-93.975,30.936],[-93.925,30.933],[-93.875,30.93],[-93.825,30.925],[-93.822,30.925],[-93.775,30.92],[-93.725,30.915],[-93.675,30.91],[-93.625,30.905],[-93.575,30.9],[-93.525,30.894],[-93.475,30.89],[-93.425,30.885],[-93.375,30.881],[-93.325,30.878],[-93.275,30.875],[-93.26,30.875],[-93.225,30.874],[-93.175,30.873],[-93.125,30.874],[-93.086,30.875],[-93.075,30.875],[-93.025,30.878],[-92.975,30.88],[-92.925,30.884],[-92.875,30.887],[-92.825,30.891],[-92.775,30.895],[-92.725,30.9],[-92.675,30.904],[-92.625,30.908],[-92.575,30.912],[-92.525,30.917],[-92.475,30.921],[-92.426,30.925],[-92.425,30.925],[-92.375,30.929],[-92.325,30.933],[-92.275,30.938],[-92.225,30.942],[-92.175,30.946],[-92.148,30.948]],[[-91.369,31.019],[-91.325,31.023],[-91.299,31.025],[-91.275,31.027],[-91.225,31.031],[-91.175,31.035],[-91.125,31.038],[-91.075,31.041],[-91.025,31.043],[-90.975,31.045],[-90.925,31.047],[-90.875,31.047],[-90.825,31.047],[-90.775,31.046],[-90.725,31.044],[-90.675,31.04],[-90.625,31.036],[-90.575,31.03],[-90.538,31.025],[-90.525,31.023],[-90.475,31.014],[-90.425,31.004],[-90.375,30.992],[-90.325,30.978],[-90.314,30.975],[-90.275,30.963],[-90.225,30.946],[-90.175,30.928],[-90.167,30.925],[-90.125,30.908],[-90.075,30.887],[-90.048,30.875],[-90.025,30.865],[-89.975,30.84],[-89.944,30.825],[-89.925,30.815],[-89.875,30.788],[-89.851,30.775],[-89.825,30.76],[-89.775,30.731],[-89.764,30.725],[-89.725,30.701],[-89.682,30.675],[-89.675,30.671],[-89.625,30.64],[-89.601,30.625],[-89.575,30.609],[-89.525,30.577],[-89.522,30.575],[-89.475,30.546],[-89.442,30.525],[-89.425,30.515],[-89.375,30.483],[-89.361,30.475],[-89.325,30.453],[-89.279,30.425],[-89.275,30.423],[-89.225,30.394],[-89.192,30.375],[-89.181,30.369]]]}},{"type":"Feature","properties":{"date":"2004-03-18","label":"18 Mar","yday":78,"tier":"day","major":false},"geometry":{"type":"MultiLineString","coordinates":[[[-85.805,30.205],[-85.775,30.211]],[[-85.645,30.245],[-85.625,30.25],[-85.575,30.265],[-85.544,30.275],[-85.525,30.281],[-85.475,30.298],[-85.425,30.317],[-85.404,30.325],[-85.375,30.337],[-85.325,30.36],[-85.293,30.375],[-85.275,30.384],[-85.225,30.412],[-85.202,30.425],[-85.175,30.442],[-85.125,30.475],[-85.125,30.475],[-85.075,30.512],[-85.058,30.525],[-85.025,30.552],[-84.999,30.575],[-84.975,30.597],[-84.945,30.625],[-84.925,30.645],[-84.896,30.675],[-84.875,30.697],[-84.85,30.725],[-84.825,30.752],[-84.805,30.775],[-84.775,30.808],[-84.759,30.825],[-84.725,30.86],[-84.71,30.875],[-84.675,30.907],[-84.654,30.925],[-84.625,30.946],[-84.575,30.975],[-84.574,30.975],[-84.525,30.996],[-84.475,31.015],[-84.445,31.025],[-84.425,31.031],[-84.375,31.046],[-84.325,31.06],[-84.275,31.073],[-84.268,31.075],[-84.225,31.085],[-84.175,31.097],[-84.125,31.108],[-84.075,31.119],[-84.046,31.125],[-84.025,31.129],[-83.975,31.139],[-83.925,31.148],[-83.875,31.157],[-83.825,31.166],[-83.775,31.174],[-83.767,31.175],[-83.725,31.181],[-83.675,31.188],[-83.625,31.194],[-83.575,31.199],[-83.525,31.204],[-83.475,31.208],[-83.425,31.212],[-83.375,31.215],[-83.325,31.216],[-83.275,31.217],[-83.225,31.218],[-83.175,31.217],[-83.125,31.216],[-83.075,31.213],[-83.025,31.211],[-82.975,31.207],[-82.925,31.203],[-82.875,31.199],[-82.825,31.195],[-82.775,31.19],[-82.725,31.186],[-82.675,31.181],[-82.625,31.177],[-82.599,31.175],[-82.575,31.173],[-82.525,31.169],[-82.475,31.165],[-82.425,31.162],[-82.375,31.158],[-82.325,31.155],[-82.275,31.152],[-82.225,31.149],[-82.175,31.146],[-82.125,31.144],[-82.075,31.143],[-82.025,31.141],[-81.975,31.141],[-81.925,31.14],[-81.875,31.141],[-81.825,31.141],[-81.775,31.143],[-81.725,31.144],[-81.675,31.146],[-81.625,31.149],[-81.575,31.152],[-81.525,31.156],[-81.491,31.159]],[[-87.738,30.288],[-87.725,30.287],[-87.675,30.279],[-87.646,30.275]],[[-88.839,30.439],[-88.825,30.435],[-88.785,30.425],[-88.775,30.423],[-88.725,30.412],[-88.675,30.402],[-88.625,30.392],[-88.575,30.384],[-88.525,30.377],[-88.51,30.375],[-88.475,30.371],[-88.434,30.366]],[[-94.767,31.083],[-94.725,31.081],[-94.675,31.079],[-94.625,31.079],[-94.575,31.08],[-94.525,31.082],[-94.475,31.084],[-94.425,31.087],[-94.375,31.09],[-94.325,31.092],[-94.275,31.095],[-94.225,31.097],[-94.175,31.098],[-94.125,31.099],[-94.075,31.099],[-94.025,31.098],[-93.975,31.096],[-93.925,31.093],[-93.875,31.089],[-93.825,31.085],[-93.775,31.079],[-93.739,31.075],[-93.725,31.073],[-93.675,31.067],[-93.625,31.061],[-93.575,31.054],[-93.525,31.048],[-93.475,31.041],[-93.425,31.035],[-93.375,31.029],[-93.334,31.025],[-93.325,31.024],[-93.275,31.02],[-93.225,31.017],[-93.175,31.016],[-93.125,31.018],[-93.075,31.02],[-93.025,31.024],[-93.017,31.025],[-92.975,31.029],[-92.925,31.034],[-92.875,31.04],[-92.825,31.045],[-92.775,31.051],[-92.725,31.057],[-92.675,31.063],[-92.625,31.069],[-92.575,31.075],[-92.575,31.075]],[[-91.375,31.188],[-91.325,31.192],[-91.275,31.195],[-91.225,31.198],[-91.175,31.201],[-91.125,31.203],[-91.075,31.204],[-91.025,31.206],[-90.975,31.206],[-90.925,31.206],[-90.875,31.206],[-90.825,31.204],[-90.775,31.202],[-90.725,31.199],[-90.675,31.195],[-90.625,31.19],[-90.575,31.185],[-90.525,31.177],[-90.511,31.175],[-90.475,31.169],[-90.425,31.158],[-90.375,31.147],[-90.325,31.134],[-90.295,31.125],[-90.275,31.119],[-90.225,31.103],[-90.175,31.087],[-90.143,31.075],[-90.125,31.068],[-90.075,31.049],[-90.025,31.029],[-90.016,31.025],[-89.975,31.007],[-89.925,30.985],[-89.904,30.975],[-89.875,30.961],[-89.825,30.937],[-89.802,30.925],[-89.775,30.911],[-89.725,30.885],[-89.706,30.875],[-89.675,30.858],[-89.625,30.83],[-89.615,30.825],[-89.575,30.802],[-89.527,30.775],[-89.525,30.774],[-89.475,30.745],[-89.44,30.725],[-89.425,30.716],[-89.375,30.687],[-89.354,30.675],[-89.325,30.658],[-89.275,30.63],[-89.266,30.625],[-89.225,30.602],[-89.176,30.575],[-89.175,30.575],[-89.125,30.548],[-89.078,30.525],[-89.075,30.524],[-89.025,30.501],[-88.975,30.481],[-88.957,30.475]]]}},{"type":"Feature","properties":{"date":"2004-03-19","label":"19 Mar","yday":79,"tier":"day","major":false},"geometry":{"type":"MultiLineString","coordinates":[[[-86.255,30.395],[-86.225,30.395],[-86.196,30.396]],[[-86.099,30.401],[-86.075,30.403],[-86.025,30.408],[-85.975,30.414],[-85.925,30.422],[-85.905,30.425],[-85.875,30.43],[-85.825,30.44],[-85.775,30.451],[-85.725,30.463],[-85.681,30.475],[-85.675,30.477],[-85.625,30.492],[-85.575,30.508],[-85.53,30.525],[-85.525,30.527],[-85.475,30.547],[-85.425,30.57],[-85.414,30.575],[-85.375,30.595],[-85.325,30.622],[-85.32,30.625],[-85.275,30.652],[-85.241,30.675],[-85.225,30.685],[-85.175,30.722],[-85.171,30.725],[-85.125,30.762],[-85.109,30.775],[-85.075,30.804],[-85.052,30.825],[-85.025,30.85],[-84.998,30.875],[-84.975,30.896],[-84.944,30.925],[-84.925,30.942],[-84.888,30.975],[-84.875,30.986],[-84.827,31.025],[-84.825,31.026],[-84.775,31.061],[-84.754,31.075],[-84.725,31.092],[-84.675,31.118],[-84.66,31.125],[-84.625,31.14],[-84.575,31.16],[-84.53,31.175],[-84.525,31.177],[-84.475,31.191],[-84.425,31.204],[-84.375,31.216],[-84.336,31.225],[-84.325,31.227],[-84.275,31.237],[-84.225,31.247],[-84.175,31.255],[-84.125,31.264],[-84.075,31.271],[-84.052,31.275],[-84.025,31.279],[-83.975,31.286],[-83.925,31.292],[-83.875,31.298],[-83.825,31.304],[-83.775,31.309],[-83.725,31.313],[-83.675,31.317],[-83.625,31.32],[-83.575,31.323],[-83.533,31.325],[-83.525,31.325],[-83.475,31.327],[-83.425,31.328],[-83.375,31.328],[-83.325,31.328],[-83.275,31.327],[-83.226,31.325],[-83.225,31.325],[-83.175,31.323],[-83.125,31.32],[-83.075,31.317],[-83.025,31.313],[-82.975,31.308],[-82.925,31.304],[-82.875,31.299],[-82.825,31.293],[-82.775,31.288],[-82.725,31.282],[-82.675,31.277],[-82.653,31.275],[-82.625,31.272],[-82.575,31.267],[-82.525,31.263],[-82.475,31.259],[-82.425,31.256],[-82.375,31.252],[-82.325,31.249],[-82.275,31.245],[-82.225,31.242],[-82.175,31.24],[-82.125,31.238],[-82.075,31.237],[-82.025,31.236],[-81.975,31.236],[-81.925,31.236],[-81.875,31.237],[-81.825,31.238],[-81.775,31.24],[-81.725,31.242],[-81.675,31.245],[-81.625,31.249],[-81.575,31.254],[-81.525,31.259],[-81.475,31.265],[-81.425,31.272],[-81.404,31.275],[-81.379,31.279]],[[-87.924,30.624],[-87.875,30.623],[-87.825,30.622],[-87.775,30.621],[-87.725,30.62],[-87.675,30.619],[-87.625,30.618],[-87.575,30.618],[-87.525,30.617],[-87.475,30.617],[-87.425,30.617],[-87.375,30.617],[-87.325,30.617],[-87.275,30.617],[-87.225,30.616],[-87.185,30.615]],[[-87.163,30.613],[-87.125,30.61],[-87.075,30.603],[-87.025,30.592],[-86.975,30.577],[-86.969,30.575],[-86.925,30.56],[-86.875,30.541],[-86.833,30.525],[-86.825,30.522],[-86.775,30.504],[-86.725,30.486],[-86.695,30.475],[-86.675,30.468],[-86.625,30.452],[-86.605,30.445]],[[-94.525,31.272],[-94.475,31.272],[-94.425,31.272],[-94.375,31.272],[-94.325,31.272],[-94.275,31.272],[-94.225,31.271],[-94.175,31.271],[-94.125,31.27],[-94.075,31.268],[-94.025,31.266],[-93.975,31.263],[-93.925,31.26],[-93.875,31.256],[-93.825,31.251],[-93.775,31.246],[-93.725,31.24],[-93.675,31.234],[-93.625,31.228],[-93.603,31.225],[-93.575,31.221],[-93.525,31.215],[-93.475,31.209],[-93.425,31.202],[-93.375,31.197],[-93.325,31.192],[-93.275,31.188],[-93.225,31.185],[-93.175,31.185],[-93.125,31.186],[-93.075,31.188],[-93.025,31.192],[-92.975,31.197],[-92.925,31.202],[-92.875,31.208],[-92.825,31.214],[-92.775,31.22],[-92.739,31.225],[-92.725,31.227]],[[-91.347,31.353],[-91.325,31.355],[-91.275,31.357],[-91.225,31.359],[-91.175,31.36],[-91.125,31.361],[-91.075,31.362],[-91.025,31.362],[-90.975,31.361],[-90.925,31.36],[-90.875,31.358],[-90.825,31.356],[-90.775,31.353],[-90.725,31.349],[-90.675,31.344],[-90.625,31.339],[-90.575,31.332],[-90.527,31.325],[-90.525,31.325],[-90.475,31.316],[-90.425,31.306],[-90.375,31.295],[-90.325,31.283],[-90.294,31.275],[-90.275,31.27],[-90.225,31.255],[-90.175,31.24],[-90.13,31.225],[-90.125,31.223],[-90.075,31.206],[-90.025,31.188],[-89.992,31.175],[-89.975,31.168],[-89.925,31.148],[-89.875,31.128],[-89.869,31.125],[-89.825,31.106],[-89.775,31.084],[-89.755,31.075],[-89.725,31.061],[-89.675,31.038],[-89.647,31.025],[-89.625,31.014],[-89.575,30.99],[-89.544,30.975],[-89.525,30.966],[-89.475,30.941],[-89.441,30.925],[-89.425,30.917],[-89.375,30.892],[-89.339,30.875],[-89.325,30.868],[-89.275,30.844],[-89.234,30.825],[-89.225,30.821],[-89.175,30.798],[-89.125,30.776],[-89.123,30.775],[-89.075,30.755],[-89.025,30.736],[-88.996,30.725],[-88.975,30.718],[-88.925,30.701],[-88.875,30.687],[-88.828,30.675],[-88.825,30.674],[-88.775,30.663],[-88.725,30.654],[-88.675,30.646],[-88.625,30.64],[-88.575,30.636],[-88.525,30.632],[-88.475,30.63],[-88.425,30.629],[-88.375,30.629],[-88.325,30.629],[-88.275,30.629],[-88.225,30.629],[-88.175,30.629],[-88.125,30.628],[-88.075,30.627]]]}},{"type":"Feature","properties":{"date":"2004-03-20","label":"20 Mar","yday":80,"tier":"five","major":false},"geometry":{"type":"MultiLineString","coordinates":[[[-92.484,31.434],[-92.475,31.435],[-92.425,31.44],[-92.375,31.444],[-92.325,31.449],[-92.275,31.453]],[[-94.424,31.476],[-94.407,31.475],[-94.375,31.472],[-94.325,31.469],[-94.275,31.466],[-94.225,31.463],[-94.175,31.46],[-94.125,31.456],[-94.075,31.453],[-94.025,31.45],[-93.975,31.446],[-93.925,31.442],[-93.875,31.438],[-93.825,31.433],[-93.775,31.428],[-93.749,31.425],[-93.725,31.423],[-93.675,31.417],[-93.625,31.412],[-93.575,31.406],[-93.525,31.401],[-93.475,31.395],[-93.425,31.39],[-93.375,31.386],[-93.325,31.382],[-93.275,31.379],[-93.225,31.378],[-93.175,31.377],[-93.125,31.377],[-93.075,31.379],[-93.025,31.381],[-92.975,31.385],[-92.925,31.389],[-92.875,31.393],[-92.825,31.398],[-92.775,31.403],[-92.756,31.406]],[[-91.286,31.514],[-91.275,31.515],[-91.225,31.515],[-91.175,31.516],[-91.125,31.516],[-91.075,31.515],[-91.025,31.514],[-90.975,31.512],[-90.925,31.51],[-90.875,31.507],[-90.825,31.504],[-90.775,31.5],[-90.725,31.495],[-90.675,31.49],[-90.625,31.484],[-90.575,31.477],[-90.564,31.475],[-90.525,31.469],[-90.475,31.46],[-90.425,31.451],[-90.375,31.44],[-90.325,31.429],[-90.309,31.425],[-90.275,31.417],[-90.225,31.403],[-90.175,31.389],[-90.127,31.375],[-90.125,31.374],[-90.075,31.359],[-90.025,31.342],[-89.975,31.325],[-89.975,31.325],[-89.925,31.307],[-89.875,31.289],[-89.839,31.275],[-89.825,31.27],[-89.775,31.25],[-89.725,31.23],[-89.712,31.225],[-89.675,31.21],[-89.625,31.19],[-89.589,31.175],[-89.575,31.169],[-89.525,31.149],[-89.475,31.129],[-89.466,31.125],[-89.425,31.108],[-89.375,31.088],[-89.34,31.075],[-89.325,31.069],[-89.275,31.05],[-89.225,31.031],[-89.207,31.025],[-89.175,31.014],[-89.125,30.997],[-89.075,30.981],[-89.055,30.975],[-89.025,30.966],[-88.975,30.952],[-88.925,30.94],[-88.875,30.929],[-88.853,30.925],[-88.825,30.92],[-88.775,30.912],[-88.725,30.905],[-88.675,30.901],[-88.625,30.897],[-88.575,30.895],[-88.525,30.894],[-88.475,30.895],[-88.425,30.896],[-88.375,30.898],[-88.325,30.901],[-88.275,30.904],[-88.225,30.907],[-88.175,30.911],[-88.125,30.915],[-88.075,30.919],[-88.025,30.924],[-88.014,30.925],[-87.975,30.929],[-87.925,30.934],[-87.875,30.939],[-87.825,30.945],[-87.775,30.951],[-87.725,30.957],[-87.675,30.963],[-87.625,30.97],[-87.585,30.975],[-87.575,30.976],[-87.525,30.983],[-87.475,30.989],[-87.425,30.995],[-87.375,31.0],[-87.325,31.004],[-87.275,31.007],[-87.225,31.009],[-87.175,31.009],[-87.125,31.007],[-87.075,31.003],[-87.025,30.996],[-86.975,30.986],[-86.931,30.975],[-86.925,30.973],[-86.875,30.956],[-86.825,30.935],[-86.804,30.925],[-86.775,30.91],[-86.725,30.881],[-86.715,30.875],[-86.675,30.85],[-86.638,30.825],[-86.625,30.817],[-86.575,30.786],[-86.555,30.775],[-86.525,30.76],[-86.475,30.741],[-86.427,30.725],[-86.425,30.724],[-86.375,30.711],[-86.325,30.699],[-86.275,30.69],[-86.225,30.683],[-86.175,30.677],[-86.145,30.675],[-86.125,30.674],[-86.075,30.672],[-86.025,30.672],[-85.975,30.673],[-85.947,30.675],[-85.925,30.676],[-85.875,30.681],[-85.825,30.688],[-85.775,30.696],[-85.725,30.706],[-85.675,30.718],[-85.652,30.725],[-85.625,30.732],[-85.575,30.749],[-85.525,30.767],[-85.506,30.775],[-85.475,30.788],[-85.425,30.812],[-85.399,30.825],[-85.375,30.838],[-85.325,30.866],[-85.312,30.875],[-85.275,30.898],[-85.236,30.925],[-85.225,30.932],[-85.175,30.969],[-85.167,30.975],[-85.125,31.007],[-85.101,31.025],[-85.075,31.045],[-85.036,31.075],[-85.025,31.083],[-84.975,31.119],[-84.967,31.125],[-84.925,31.153],[-84.89,31.175],[-84.875,31.184],[-84.825,31.213],[-84.802,31.225],[-84.775,31.238],[-84.725,31.261],[-84.692,31.275],[-84.675,31.282],[-84.625,31.3],[-84.575,31.316],[-84.543,31.325],[-84.525,31.33],[-84.475,31.343],[-84.425,31.354],[-84.375,31.364],[-84.325,31.373],[-84.315,31.375],[-84.275,31.382],[-84.225,31.389],[-84.175,31.396],[-84.125,31.403],[-84.075,31.409],[-84.025,31.414],[-83.975,31.42],[-83.925,31.424],[-83.914,31.425],[-83.875,31.428],[-83.825,31.431],[-83.775,31.434],[-83.725,31.437],[-83.675,31.438],[-83.625,31.439],[-83.575,31.44],[-83.525,31.44],[-83.475,31.439],[-83.425,31.438],[-83.375,31.436],[-83.325,31.434],[-83.275,31.431],[-83.225,31.427],[-83.191,31.425],[-83.175,31.424],[-83.125,31.42],[-83.075,31.415],[-83.025,31.41],[-82.975,31.405],[-82.925,31.399],[-82.875,31.394],[-82.825,31.387],[-82.775,31.381],[-82.73,31.375],[-82.725,31.374],[-82.675,31.368],[-82.625,31.362],[-82.575,31.357],[-82.525,31.352],[-82.475,31.348],[-82.425,31.344],[-82.375,31.34],[-82.325,31.337],[-82.275,31.335],[-82.225,31.332],[-82.175,31.33],[-82.125,31.329],[-82.075,31.329],[-82.025,31.329],[-81.975,31.329],[-81.925,31.33],[-81.875,31.332],[-81.825,31.335],[-81.775,31.338],[-81.725,31.342],[-81.675,31.347],[-81.625,31.352],[-81.575,31.358],[-81.525,31.365],[-81.475,31.374],[-81.467,31.375],[-81.425,31.383],[-81.375,31.393],[-81.348,31.398]]]}},{"type":"Feature","properties":{"date":"2004-03-21","label":"21 Mar","yday":81,"tier":"day","major":false},"geometry":{"type":"MultiLineString","coordinates":[[[-92.655,31.605],[-92.625,31.607],[-92.575,31.61],[-92.525,31.614],[-92.475,31.617],[-92.425,31.62],[-92.375,31.623],[-92.349,31.625],[-92.325,31.627],[-92.275,31.63],[-92.225,31.633],[-92.175,31.636],[-92.125,31.638],[-92.075,31.641],[-92.025,31.644],[-91.975,31.647],[-91.952,31.648]],[[-94.175,31.668],[-94.125,31.663],[-94.112,31.662]],[[-91.18,31.67],[-91.175,31.67],[-91.125,31.669],[-91.075,31.667],[-91.025,31.665],[-90.975,31.663],[-90.925,31.659],[-90.875,31.656],[-90.825,31.652],[-90.775,31.647],[-90.725,31.641],[-90.675,31.635],[-90.625,31.628],[-90.602,31.625],[-90.575,31.621],[-90.525,31.613],[-90.475,31.604],[-90.425,31.595],[-90.375,31.584],[-90.332,31.575],[-90.325,31.574],[-90.275,31.562],[-90.225,31.55],[-90.175,31.537],[-90.133,31.525],[-90.125,31.523],[-90.075,31.509],[-90.025,31.494],[-89.975,31.478],[-89.965,31.475],[-89.925,31.462],[-89.875,31.446],[-89.825,31.429],[-89.813,31.425],[-89.775,31.412],[-89.725,31.394],[-89.675,31.377],[-89.67,31.375],[-89.625,31.359],[-89.575,31.341],[-89.529,31.325],[-89.525,31.324],[-89.475,31.306],[-89.425,31.29],[-89.379,31.275],[-89.375,31.274],[-89.325,31.258],[-89.275,31.243],[-89.225,31.229],[-89.211,31.225],[-89.175,31.215],[-89.125,31.203],[-89.075,31.191],[-89.025,31.18],[-88.996,31.175],[-88.975,31.171],[-88.925,31.162],[-88.875,31.155],[-88.825,31.149],[-88.775,31.145],[-88.725,31.141],[-88.675,31.139],[-88.625,31.138],[-88.575,31.138],[-88.525,31.14],[-88.475,31.142],[-88.425,31.145],[-88.375,31.149],[-88.325,31.154],[-88.275,31.16],[-88.225,31.166],[-88.175,31.173],[-88.158,31.175],[-88.125,31.18],[-88.075,31.187],[-88.025,31.196],[-87.975,31.204],[-87.925,31.213],[-87.875,31.222],[-87.858,31.225],[-87.825,31.231],[-87.775,31.24],[-87.725,31.25],[-87.675,31.259],[-87.625,31.269],[-87.59,31.275],[-87.575,31.278],[-87.525,31.286],[-87.475,31.295],[-87.425,31.302],[-87.375,31.309],[-87.325,31.316],[-87.275,31.321],[-87.233,31.325],[-87.225,31.326],[-87.175,31.329],[-87.125,31.331],[-87.075,31.333],[-87.025,31.332],[-86.975,31.331],[-86.925,31.328],[-86.887,31.325],[-86.875,31.324],[-86.825,31.318],[-86.775,31.31],[-86.725,31.301],[-86.675,31.29],[-86.625,31.277],[-86.619,31.275],[-86.575,31.261],[-86.525,31.241],[-86.49,31.225],[-86.475,31.217],[-86.425,31.187],[-86.408,31.175],[-86.375,31.151],[-86.341,31.125],[-86.325,31.113],[-86.275,31.077],[-86.272,31.075],[-86.225,31.045],[-86.19,31.025],[-86.175,31.017],[-86.125,30.994],[-86.075,30.976],[-86.072,30.975],[-86.025,30.961],[-85.975,30.951],[-85.925,30.943],[-85.875,30.939],[-85.825,30.937],[-85.775,30.939],[-85.725,30.944],[-85.675,30.951],[-85.625,30.962],[-85.578,30.975],[-85.575,30.976],[-85.525,30.992],[-85.475,31.012],[-85.446,31.025],[-85.425,31.035],[-85.375,31.06],[-85.348,31.075],[-85.325,31.088],[-85.275,31.118],[-85.264,31.125],[-85.225,31.15],[-85.187,31.175],[-85.175,31.183],[-85.125,31.215],[-85.11,31.225],[-85.075,31.247],[-85.029,31.275],[-85.025,31.277],[-84.975,31.306],[-84.94,31.325],[-84.925,31.333],[-84.875,31.357],[-84.835,31.375],[-84.825,31.379],[-84.775,31.4],[-84.725,31.418],[-84.704,31.425],[-84.675,31.435],[-84.625,31.449],[-84.575,31.463],[-84.525,31.475],[-84.524,31.475],[-84.475,31.485],[-84.425,31.495],[-84.375,31.503],[-84.325,31.511],[-84.275,31.517],[-84.225,31.523],[-84.21,31.525],[-84.175,31.529],[-84.125,31.534],[-84.075,31.539],[-84.025,31.543],[-83.975,31.547],[-83.925,31.55],[-83.875,31.552],[-83.825,31.553],[-83.775,31.554],[-83.725,31.555],[-83.675,31.554],[-83.625,31.553],[-83.575,31.552],[-83.525,31.55],[-83.475,31.547],[-83.425,31.544],[-83.375,31.54],[-83.325,31.536],[-83.275,31.532],[-83.225,31.527],[-83.208,31.525],[-83.175,31.521],[-83.125,31.516],[-83.075,31.51],[-83.025,31.504],[-82.975,31.498],[-82.925,31.491],[-82.875,31.485],[-82.825,31.477],[-82.809,31.475],[-82.775,31.47],[-82.725,31.462],[-82.675,31.455],[-82.625,31.449],[-82.575,31.443],[-82.525,31.437],[-82.475,31.433],[-82.425,31.429],[-82.375,31.426],[-82.362,31.425],[-82.325,31.423],[-82.275,31.421],[-82.225,31.419],[-82.175,31.418],[-82.125,31.418],[-82.075,31.419],[-82.025,31.42],[-81.975,31.422],[-81.925,31.424],[-81.913,31.425],[-81.875,31.428],[-81.825,31.432],[-81.775,31.437],[-81.725,31.443],[-81.675,31.449],[-81.625,31.457],[-81.575,31.466],[-81.525,31.475],[-81.525,31.475],[-81.475,31.486],[-81.425,31.497],[-81.375,31.509],[-81.325,31.522],[-81.314,31.525],[-81.275,31.536],[-81.225,31.55],[-81.175,31.564]]]}},{"type":"Feature","properties":{"date":"2004-03-22","label":"22 Mar","yday":82,"tier":"day","major":false},"geometry":{"type":"MultiLineString","coordinates":[[[-92.825,31.799],[-92.775,31.799],[-92.725,31.8],[-92.675,31.8],[-92.625,31.801],[-92.575,31.802],[-92.525,31.803],[-92.475,31.805],[-92.425,31.806],[-92.375,31.807],[-92.325,31.808],[-92.275,31.81],[-92.225,31.811],[-92.175,31.812],[-92.125,31.814],[-92.075,31.815],[-92.025,31.816],[-91.975,31.818],[-91.925,31.819],[-91.875,31.821]],[[-91.08,31.82],[-91.075,31.82],[-91.025,31.817],[-90.975,31.813],[-90.925,31.809],[-90.875,31.805],[-90.825,31.8],[-90.775,31.794],[-90.725,31.788],[-90.675,31.781],[-90.632,31.775],[-90.625,31.774],[-90.575,31.766],[-90.525,31.758],[-90.475,31.749],[-90.425,31.739],[-90.375,31.729],[-90.355,31.725],[-90.325,31.719],[-90.275,31.708],[-90.225,31.696],[-90.175,31.684],[-90.141,31.675],[-90.125,31.671],[-90.075,31.658],[-90.025,31.644],[-89.975,31.63],[-89.957,31.625],[-89.925,31.616],[-89.875,31.601],[-89.825,31.586],[-89.788,31.575],[-89.775,31.571],[-89.725,31.556],[-89.675,31.54],[-89.626,31.525],[-89.625,31.525],[-89.575,31.509],[-89.525,31.494],[-89.475,31.479],[-89.462,31.475],[-89.425,31.464],[-89.375,31.45],[-89.325,31.438],[-89.275,31.426],[-89.271,31.425],[-89.225,31.415],[-89.175,31.405],[-89.125,31.396],[-89.075,31.388],[-89.025,31.381],[-88.979,31.375],[-88.975,31.374],[-88.925,31.369],[-88.875,31.365],[-88.825,31.362],[-88.775,31.36],[-88.725,31.36],[-88.675,31.36],[-88.625,31.361],[-88.575,31.364],[-88.525,31.367],[-88.475,31.372],[-88.445,31.375],[-88.425,31.377],[-88.375,31.383],[-88.325,31.39],[-88.275,31.398],[-88.225,31.406],[-88.175,31.415],[-88.125,31.424],[-88.121,31.425],[-88.075,31.434],[-88.025,31.444],[-87.975,31.455],[-87.925,31.466],[-87.883,31.475],[-87.875,31.477],[-87.825,31.488],[-87.775,31.499],[-87.725,31.51],[-87.675,31.521],[-87.655,31.525],[-87.625,31.531],[-87.575,31.541],[-87.525,31.551],[-87.475,31.561],[-87.425,31.569],[-87.391,31.575],[-87.375,31.578],[-87.325,31.585],[-87.275,31.591],[-87.225,31.597],[-87.175,31.602],[-87.125,31.605],[-87.075,31.608],[-87.025,31.609],[-86.975,31.61],[-86.925,31.609],[-86.875,31.606],[-86.825,31.602],[-86.775,31.597],[-86.725,31.591],[-86.675,31.582],[-86.637,31.575],[-86.625,31.573],[-86.575,31.561],[-86.525,31.547],[-86.475,31.531],[-86.457,31.525],[-86.425,31.513],[-86.375,31.493],[-86.338,31.475],[-86.325,31.469],[-86.275,31.442],[-86.247,31.425],[-86.225,31.411],[-86.175,31.377],[-86.172,31.375],[-86.125,31.342],[-86.101,31.325],[-86.075,31.307],[-86.027,31.275],[-86.025,31.273],[-85.975,31.244],[-85.937,31.225],[-85.925,31.219],[-85.875,31.2],[-85.825,31.186],[-85.775,31.177],[-85.743,31.175],[-85.725,31.174],[-85.695,31.175],[-85.675,31.176],[-85.625,31.183],[-85.575,31.194],[-85.525,31.209],[-85.483,31.225],[-85.475,31.228],[-85.425,31.25],[-85.375,31.275],[-85.374,31.275],[-85.325,31.302],[-85.283,31.325],[-85.275,31.329],[-85.225,31.358],[-85.194,31.375],[-85.175,31.385],[-85.125,31.412],[-85.099,31.425],[-85.075,31.437],[-85.025,31.461],[-84.993,31.475],[-84.975,31.483],[-84.925,31.503],[-84.875,31.522],[-84.868,31.525],[-84.825,31.54],[-84.775,31.556],[-84.725,31.57],[-84.707,31.575],[-84.675,31.583],[-84.625,31.595],[-84.575,31.606],[-84.525,31.616],[-84.475,31.624],[-84.47,31.625],[-84.425,31.632],[-84.375,31.639],[-84.325,31.645],[-84.275,31.65],[-84.225,31.655],[-84.175,31.659],[-84.125,31.663],[-84.075,31.666],[-84.025,31.669],[-83.975,31.671],[-83.925,31.672],[-83.875,31.672],[-83.825,31.672],[-83.775,31.672],[-83.725,31.67],[-83.675,31.668],[-83.625,31.665],[-83.575,31.662],[-83.525,31.658],[-83.475,31.653],[-83.425,31.648],[-83.375,31.643],[-83.325,31.637],[-83.275,31.631],[-83.232,31.625],[-83.225,31.624],[-83.175,31.617],[-83.125,31.61],[-83.075,31.603],[-83.025,31.595],[-82.975,31.588],[-82.925,31.58],[-82.893,31.575],[-82.875,31.572],[-82.825,31.564],[-82.775,31.556],[-82.725,31.548],[-82.675,31.54],[-82.625,31.533],[-82.575,31.526],[-82.563,31.525],[-82.525,31.521],[-82.475,31.516],[-82.425,31.512],[-82.375,31.509],[-82.325,31.507],[-82.275,31.506],[-82.225,31.505],[-82.175,31.505],[-82.125,31.506],[-82.075,31.508],[-82.025,31.51],[-81.975,31.513],[-81.925,31.518],[-81.875,31.523],[-81.857,31.525],[-81.825,31.529],[-81.775,31.536],[-81.725,31.544],[-81.675,31.553],[-81.625,31.563],[-81.575,31.574],[-81.573,31.575],[-81.525,31.587],[-81.475,31.6],[-81.425,31.614],[-81.387,31.625],[-81.375,31.629],[-81.325,31.644],[-81.275,31.66],[-81.228,31.675],[-81.225,31.676]]]}},{"type":"Feature","properties":{"date":"2004-03-23","label":"23 Mar","yday":83,"tier":"day","major":false},"geometry":{"type":"MultiLineString","coordinates":[[[-81.012,31.875],[-80.975,31.885]],[[-90.893,31.957],[-90.875,31.955],[-90.825,31.95],[-90.775,31.943],[-90.725,31.937],[-90.675,31.929],[-90.648,31.925],[-90.625,31.921],[-90.575,31.913],[-90.525,31.905],[-90.475,31.895],[-90.425,31.886],[-90.375,31.876],[-90.372,31.875],[-90.325,31.865],[-90.275,31.854],[-90.225,31.843],[-90.175,31.832],[-90.148,31.825],[-90.125,31.82],[-90.075,31.807],[-90.025,31.795],[-89.975,31.782],[-89.948,31.775],[-89.925,31.769],[-89.875,31.756],[-89.825,31.742],[-89.775,31.729],[-89.76,31.725],[-89.725,31.715],[-89.675,31.702],[-89.625,31.689],[-89.575,31.675],[-89.573,31.675],[-89.525,31.662],[-89.475,31.65],[-89.425,31.638],[-89.375,31.626],[-89.369,31.625],[-89.325,31.616],[-89.275,31.606],[-89.225,31.597],[-89.175,31.589],[-89.125,31.582],[-89.075,31.577],[-89.058,31.575],[-89.025,31.572],[-88.975,31.568],[-88.925,31.565],[-88.875,31.564],[-88.825,31.563],[-88.775,31.563],[-88.725,31.565],[-88.675,31.567],[-88.625,31.571],[-88.576,31.575],[-88.575,31.575],[-88.525,31.58],[-88.475,31.587],[-88.425,31.594],[-88.375,31.602],[-88.325,31.61],[-88.275,31.62],[-88.248,31.625],[-88.225,31.63],[-88.175,31.64],[-88.125,31.651],[-88.075,31.662],[-88.025,31.674],[-88.02,31.675],[-87.975,31.686],[-87.925,31.698],[-87.875,31.71],[-87.825,31.722],[-87.813,31.725],[-87.775,31.734],[-87.725,31.746],[-87.675,31.757],[-87.625,31.768],[-87.594,31.775],[-87.575,31.779],[-87.525,31.789],[-87.475,31.799],[-87.425,31.808],[-87.375,31.816],[-87.325,31.823],[-87.314,31.825],[-87.275,31.83],[-87.225,31.836],[-87.175,31.84],[-87.125,31.844],[-87.075,31.846],[-87.025,31.848],[-86.975,31.848],[-86.925,31.847],[-86.875,31.845],[-86.825,31.841],[-86.775,31.836],[-86.725,31.83],[-86.695,31.825],[-86.675,31.822],[-86.625,31.812],[-86.575,31.801],[-86.525,31.789],[-86.476,31.775],[-86.475,31.775],[-86.425,31.759],[-86.375,31.742],[-86.331,31.725],[-86.325,31.723],[-86.275,31.702],[-86.225,31.68],[-86.215,31.675],[-86.175,31.656],[-86.125,31.631],[-86.113,31.625],[-86.075,31.605],[-86.025,31.579],[-86.018,31.575],[-85.975,31.552],[-85.925,31.526],[-85.922,31.525],[-85.875,31.502],[-85.825,31.481],[-85.807,31.475],[-85.775,31.464],[-85.725,31.452],[-85.675,31.447],[-85.625,31.447],[-85.575,31.453],[-85.525,31.462],[-85.479,31.475],[-85.475,31.476],[-85.425,31.492],[-85.375,31.51],[-85.336,31.525],[-85.325,31.529],[-85.275,31.548],[-85.225,31.567],[-85.206,31.575],[-85.175,31.586],[-85.125,31.605],[-85.075,31.622],[-85.067,31.625],[-85.025,31.639],[-84.975,31.655],[-84.925,31.67],[-84.906,31.675],[-84.875,31.684],[-84.825,31.696],[-84.775,31.708],[-84.725,31.719],[-84.696,31.725],[-84.675,31.729],[-84.625,31.738],[-84.575,31.746],[-84.525,31.754],[-84.475,31.76],[-84.425,31.766],[-84.375,31.772],[-84.34,31.775],[-84.325,31.776],[-84.275,31.78],[-84.225,31.784],[-84.175,31.787],[-84.125,31.789],[-84.075,31.791],[-84.025,31.792],[-83.975,31.793],[-83.925,31.792],[-83.875,31.791],[-83.825,31.79],[-83.775,31.788],[-83.725,31.784],[-83.675,31.781],[-83.625,31.776],[-83.613,31.775],[-83.575,31.771],[-83.525,31.765],[-83.475,31.759],[-83.425,31.752],[-83.375,31.745],[-83.325,31.737],[-83.275,31.729],[-83.251,31.725],[-83.225,31.721],[-83.175,31.712],[-83.125,31.703],[-83.075,31.694],[-83.025,31.686],[-82.975,31.676],[-82.967,31.675],[-82.925,31.667],[-82.875,31.659],[-82.825,31.65],[-82.775,31.641],[-82.725,31.632],[-82.68,31.625],[-82.675,31.624],[-82.625,31.617],[-82.575,31.61],[-82.525,31.604],[-82.475,31.599],[-82.425,31.595],[-82.375,31.592],[-82.325,31.591],[-82.275,31.59],[-82.225,31.59],[-82.175,31.591],[-82.125,31.593],[-82.075,31.596],[-82.025,31.6],[-81.975,31.605],[-81.925,31.611],[-81.875,31.618],[-81.834,31.625],[-81.825,31.626],[-81.775,31.636],[-81.725,31.646],[-81.675,31.658],[-81.625,31.671],[-81.61,31.675],[-81.575,31.685],[-81.525,31.7],[-81.475,31.716],[-81.448,31.725],[-81.425,31.733],[-81.375,31.751],[-81.325,31.769],[-81.308,31.775],[-81.275,31.787],[-81.225,31.806],[-81.175,31.824],[-81.171,31.825],[-81.125,31.841],[-81.099,31.849]],[[-93.025,32.025],[-92.975,32.021],[-92.925,32.018],[-92.875,32.015],[-92.825,32.012],[-92.775,32.01],[-92.725,32.007],[-92.675,32.005],[-92.625,32.003],[-92.575,32.001],[-92.525,32.0],[-92.475,31.998],[-92.425,31.997],[-92.375,31.995],[-92.325,31.994],[-92.275,31.993],[-92.225,31.993],[-92.175,31.992],[-92.125,31.991],[-92.075,31.991],[-92.025,31.991],[-91.991,31.991]]]}},{"type":"Feature","properties":{"date":"2004-03-24","label":"24 Mar","yday":84,"tier":"day","major":false},"geometry":{"type":"MultiLineString","coordinates":[[[-86.256,31.925],[-86.225,31.913],[-86.175,31.894],[-86.125,31.875],[-86.125,31.875],[-86.075,31.855],[-86.025,31.835],[-85.999,31.825],[-85.975,31.816],[-85.925,31.797],[-85.875,31.779],[-85.861,31.775],[-85.825,31.763],[-85.775,31.749],[-85.725,31.738],[-85.675,31.73],[-85.632,31.725],[-85.625,31.724],[-85.575,31.722],[-85.525,31.722],[-85.482,31.725],[-85.475,31.725],[-85.425,31.731],[-85.375,31.738],[-85.325,31.746],[-85.275,31.756],[-85.225,31.766],[-85.185,31.775],[-85.175,31.777],[-85.125,31.788],[-85.075,31.799],[-85.025,31.809],[-84.975,31.82],[-84.949,31.825],[-84.925,31.83],[-84.875,31.839],[-84.825,31.848],[-84.775,31.856],[-84.725,31.864],[-84.675,31.871],[-84.642,31.875],[-84.625,31.877],[-84.575,31.883],[-84.525,31.888],[-84.475,31.893],[-84.425,31.897],[-84.375,31.901],[-84.325,31.905],[-84.275,31.907],[-84.225,31.91],[-84.175,31.912],[-84.125,31.913],[-84.075,31.914],[-84.025,31.914],[-83.975,31.913],[-83.925,31.912],[-83.875,31.91],[-83.825,31.907],[-83.775,31.903],[-83.725,31.899],[-83.675,31.893],[-83.625,31.887],[-83.575,31.881],[-83.536,31.875],[-83.525,31.873],[-83.475,31.865],[-83.425,31.857],[-83.375,31.848],[-83.325,31.838],[-83.275,31.828],[-83.26,31.825],[-83.225,31.818],[-83.175,31.808],[-83.125,31.797],[-83.075,31.787],[-83.025,31.776],[-83.02,31.775],[-82.975,31.766],[-82.925,31.755],[-82.875,31.745],[-82.825,31.735],[-82.775,31.726],[-82.772,31.725],[-82.725,31.716],[-82.675,31.708],[-82.625,31.7],[-82.575,31.693],[-82.525,31.687],[-82.475,31.682],[-82.425,31.678],[-82.375,31.676],[-82.355,31.675],[-82.325,31.674],[-82.275,31.674],[-82.225,31.675],[-82.221,31.675],[-82.175,31.677],[-82.125,31.68],[-82.075,31.685],[-82.025,31.69],[-81.975,31.697],[-81.925,31.705],[-81.875,31.714],[-81.825,31.725],[-81.824,31.725],[-81.775,31.737],[-81.725,31.75],[-81.675,31.764],[-81.641,31.775],[-81.625,31.78],[-81.575,31.797],[-81.525,31.815],[-81.498,31.825],[-81.475,31.834],[-81.425,31.854],[-81.375,31.874],[-81.373,31.875],[-81.325,31.895],[-81.275,31.916],[-81.253,31.925],[-81.225,31.937],[-81.175,31.957],[-81.125,31.975],[-81.124,31.975],[-81.075,31.99],[-81.025,32.005],[-80.975,32.017],[-80.942,32.025],[-80.925,32.029]],[[-90.646,32.075],[-90.625,32.072],[-90.575,32.063],[-90.525,32.054],[-90.475,32.044],[-90.425,32.034],[-90.379,32.025],[-90.375,32.024],[-90.325,32.014],[-90.275,32.003],[-90.225,31.992],[-90.175,31.981],[-90.15,31.975],[-90.125,31.969],[-90.075,31.958],[-90.025,31.946],[-89.975,31.934],[-89.936,31.925],[-89.925,31.922],[-89.875,31.91],[-89.825,31.898],[-89.775,31.887],[-89.726,31.875],[-89.725,31.875],[-89.675,31.863],[-89.625,31.851],[-89.575,31.84],[-89.525,31.829],[-89.505,31.825],[-89.475,31.819],[-89.425,31.809],[-89.375,31.799],[-89.325,31.79],[-89.275,31.783],[-89.225,31.775],[-89.221,31.775],[-89.175,31.769],[-89.125,31.764],[-89.075,31.76],[-89.025,31.757],[-88.975,31.754],[-88.925,31.753],[-88.875,31.753],[-88.825,31.754],[-88.775,31.756],[-88.725,31.759],[-88.675,31.763],[-88.625,31.768],[-88.575,31.774],[-88.571,31.775],[-88.525,31.781],[-88.475,31.789],[-88.425,31.798],[-88.375,31.807],[-88.325,31.817],[-88.29,31.825],[-88.275,31.828],[-88.225,31.839],[-88.175,31.851],[-88.125,31.863],[-88.078,31.875],[-88.075,31.876],[-88.025,31.888],[-87.975,31.901],[-87.925,31.914],[-87.881,31.925],[-87.875,31.927],[-87.825,31.939],[-87.775,31.951],[-87.756,31.956]],[[-93.065,32.265],[-93.025,32.26],[-92.975,32.254],[-92.925,32.247],[-92.875,32.241],[-92.825,32.235],[-92.775,32.23],[-92.735,32.225],[-92.725,32.224],[-92.675,32.218],[-92.625,32.213],[-92.575,32.208],[-92.525,32.203],[-92.475,32.198],[-92.425,32.194],[-92.375,32.19],[-92.325,32.186],[-92.275,32.182],[-92.225,32.178],[-92.175,32.175],[-92.169,32.175],[-92.125,32.173],[-92.075,32.17],[-92.07,32.17]]]}},{"type":"Feature","properties":{"date":"2004-03-25","label":"25 Mar","yday":85,"tier":"five","major":false},"geometry":{"type":"MultiLineString","coordinates":[[[-86.046,32.054],[-86.025,32.047],[-85.975,32.03],[-85.958,32.025],[-85.925,32.014],[-85.875,31.998],[-85.825,31.984],[-85.788,31.975],[-85.775,31.972],[-85.725,31.96],[-85.675,31.951],[-85.625,31.943],[-85.575,31.938],[-85.525,31.934],[-85.475,31.932],[-85.425,31.932],[-85.375,31.933],[-85.325,31.936],[-85.275,31.94],[-85.225,31.945],[-85.175,31.95],[-85.125,31.956],[-85.075,31.962],[-85.025,31.968],[-84.975,31.974],[-84.97,31.975],[-84.925,31.98],[-84.875,31.986],[-84.825,31.992],[-84.775,31.997],[-84.725,32.002],[-84.675,32.006],[-84.625,32.01],[-84.575,32.014],[-84.525,32.018],[-84.475,32.021],[-84.425,32.024],[-84.407,32.025],[-84.375,32.027],[-84.325,32.029],[-84.275,32.031],[-84.225,32.032],[-84.175,32.033],[-84.125,32.034],[-84.075,32.034],[-84.025,32.033],[-83.975,32.032],[-83.925,32.03],[-83.875,32.027],[-83.847,32.025],[-83.825,32.023],[-83.775,32.019],[-83.725,32.013],[-83.675,32.007],[-83.625,32.0],[-83.575,31.992],[-83.525,31.983],[-83.485,31.975],[-83.475,31.973],[-83.425,31.963],[-83.375,31.952],[-83.325,31.941],[-83.275,31.929],[-83.259,31.925],[-83.225,31.917],[-83.175,31.905],[-83.125,31.893],[-83.075,31.88],[-83.054,31.875],[-83.025,31.868],[-82.975,31.856],[-82.925,31.844],[-82.875,31.833],[-82.84,31.825],[-82.825,31.822],[-82.775,31.811],[-82.725,31.801],[-82.675,31.792],[-82.625,31.784],[-82.575,31.776],[-82.566,31.775],[-82.525,31.77],[-82.475,31.765],[-82.425,31.761],[-82.375,31.759],[-82.325,31.758],[-82.275,31.758],[-82.225,31.76],[-82.175,31.763],[-82.125,31.768],[-82.075,31.774],[-82.066,31.775],[-82.025,31.781],[-81.975,31.79],[-81.925,31.8],[-81.875,31.812],[-81.825,31.825],[-81.823,31.825],[-81.775,31.839],[-81.725,31.855],[-81.675,31.872],[-81.667,31.875],[-81.625,31.891],[-81.575,31.91],[-81.539,31.925],[-81.525,31.931],[-81.475,31.953],[-81.425,31.975],[-81.425,31.975],[-81.375,31.998],[-81.325,32.02],[-81.314,32.025],[-81.275,32.042],[-81.225,32.064],[-81.196,32.075],[-81.175,32.083],[-81.125,32.101],[-81.075,32.117],[-81.047,32.125],[-81.025,32.131],[-80.975,32.145],[-80.925,32.157],[-80.875,32.169],[-80.845,32.175],[-80.825,32.179],[-80.787,32.187]],[[-90.416,32.184],[-90.375,32.175],[-90.373,32.175],[-90.325,32.165],[-90.275,32.154],[-90.225,32.143],[-90.175,32.132],[-90.144,32.125],[-90.125,32.121],[-90.075,32.11],[-90.025,32.099],[-89.975,32.088],[-89.925,32.077],[-89.918,32.075],[-89.875,32.066],[-89.825,32.055],[-89.775,32.044],[-89.725,32.034],[-89.683,32.025],[-89.675,32.023],[-89.625,32.013],[-89.575,32.003],[-89.525,31.994],[-89.475,31.985],[-89.425,31.977],[-89.415,31.975],[-89.375,31.969],[-89.325,31.961],[-89.275,31.955],[-89.225,31.949],[-89.175,31.944],[-89.125,31.94],[-89.075,31.937],[-89.025,31.935],[-88.975,31.934],[-88.925,31.934],[-88.875,31.935],[-88.825,31.937],[-88.775,31.941],[-88.725,31.945],[-88.675,31.95],[-88.625,31.957],[-88.575,31.964],[-88.525,31.973],[-88.513,31.975],[-88.475,31.982],[-88.425,31.992],[-88.375,32.003],[-88.325,32.014],[-88.281,32.025],[-88.275,32.026],[-88.225,32.039],[-88.175,32.051],[-88.125,32.064],[-88.085,32.075],[-88.075,32.078],[-88.025,32.091],[-87.998,32.098]],[[-80.758,32.192],[-80.725,32.198],[-80.697,32.203]],[[-87.175,32.252],[-87.125,32.255],[-87.075,32.256],[-87.025,32.257],[-86.975,32.256],[-86.925,32.255],[-86.897,32.253]]]}},{"type":"Feature","properties":{"date":"2004-03-26","label":"26 Mar","yday":86,"tier":"day","major":false},"geometry":{"type":"MultiLineString","coordinates":[[[-85.628,32.122],[-85.625,32.122],[-85.575,32.114],[-85.525,32.109],[-85.475,32.104],[-85.425,32.102],[-85.375,32.1],[-85.325,32.1],[-85.275,32.101],[-85.225,32.102],[-85.175,32.105],[-85.125,32.108],[-85.075,32.111],[-85.025,32.114],[-84.975,32.118],[-84.925,32.121],[-84.875,32.124],[-84.857,32.125],[-84.825,32.127],[-84.775,32.13],[-84.725,32.132],[-84.675,32.134],[-84.625,32.137],[-84.575,32.139],[-84.525,32.141],[-84.475,32.143],[-84.425,32.145],[-84.375,32.147],[-84.325,32.148],[-84.275,32.15],[-84.225,32.151],[-84.175,32.151],[-84.125,32.152],[-84.075,32.152],[-84.025,32.151],[-83.975,32.149],[-83.925,32.147],[-83.875,32.144],[-83.825,32.14],[-83.775,32.135],[-83.725,32.129],[-83.697,32.125],[-83.675,32.122],[-83.625,32.114],[-83.575,32.105],[-83.525,32.094],[-83.475,32.083],[-83.44,32.075],[-83.425,32.071],[-83.375,32.059],[-83.325,32.046],[-83.275,32.033],[-83.248,32.025],[-83.225,32.019],[-83.175,32.005],[-83.125,31.991],[-83.075,31.977],[-83.069,31.975],[-83.025,31.963],[-82.975,31.949],[-82.925,31.936],[-82.884,31.925],[-82.875,31.923],[-82.825,31.91],[-82.775,31.898],[-82.725,31.887],[-82.675,31.877],[-82.663,31.875],[-82.625,31.868],[-82.575,31.86],[-82.525,31.854],[-82.475,31.848],[-82.425,31.845],[-82.375,31.843],[-82.325,31.842],[-82.275,31.843],[-82.225,31.846],[-82.175,31.85],[-82.125,31.856],[-82.075,31.864],[-82.025,31.873],[-82.017,31.875],[-81.975,31.884],[-81.925,31.897],[-81.875,31.911],[-81.83,31.925],[-81.825,31.926],[-81.775,31.944],[-81.725,31.962],[-81.693,31.975],[-81.675,31.982],[-81.625,32.003],[-81.576,32.025],[-81.575,32.025],[-81.525,32.048],[-81.475,32.072],[-81.468,32.075],[-81.425,32.096],[-81.375,32.119],[-81.363,32.125],[-81.325,32.142],[-81.275,32.165],[-81.25,32.175],[-81.225,32.186],[-81.175,32.205],[-81.125,32.223],[-81.12,32.225],[-81.075,32.24],[-81.025,32.256],[-80.975,32.27],[-80.958,32.275],[-80.925,32.284],[-80.875,32.297],[-80.825,32.309],[-80.811,32.311]],[[-89.453,32.147],[-89.425,32.143],[-89.375,32.136],[-89.325,32.13],[-89.28,32.125],[-89.275,32.124],[-89.225,32.12],[-89.175,32.116],[-89.125,32.113],[-89.075,32.11],[-89.025,32.109],[-88.975,32.109],[-88.925,32.109],[-88.875,32.111],[-88.825,32.114],[-88.775,32.118],[-88.725,32.124],[-88.717,32.125],[-88.675,32.131],[-88.625,32.138],[-88.575,32.147],[-88.525,32.157],[-88.475,32.168],[-88.445,32.175],[-88.425,32.18],[-88.375,32.192],[-88.325,32.204],[-88.275,32.217],[-88.244,32.225],[-88.225,32.23],[-88.175,32.243],[-88.15,32.25]],[[-90.084,32.266],[-90.075,32.264],[-90.025,32.253],[-89.975,32.243],[-89.925,32.232],[-89.888,32.225],[-89.875,32.222],[-89.825,32.212],[-89.775,32.203],[-89.725,32.193],[-89.675,32.184],[-89.626,32.175],[-89.625,32.175],[-89.575,32.166],[-89.525,32.158],[-89.505,32.155]],[[-80.657,32.343],[-80.625,32.348],[-80.575,32.356],[-80.525,32.363],[-80.515,32.365]]]}},{"type":"Feature","properties":{"date":"2004-03-27","label":"27 Mar","yday":87,"tier":"day","major":false},"geometry":{"type":"MultiLineString","coordinates":[[[-85.575,32.266],[-85.525,32.259],[-85.475,32.253],[-85.425,32.248],[-85.375,32.245],[-85.325,32.243],[-85.275,32.242],[-85.225,32.242],[-85.175,32.243],[-85.125,32.244],[-85.075,32.246],[-85.025,32.248],[-84.975,32.249],[-84.925,32.25],[-84.875,32.251],[-84.825,32.252],[-84.775,32.253],[-84.725,32.254],[-84.675,32.255],[-84.625,32.256],[-84.575,32.257],[-84.525,32.258],[-84.475,32.259],[-84.425,32.26],[-84.375,32.261],[-84.325,32.263],[-84.275,32.264],[-84.225,32.265],[-84.175,32.266],[-84.125,32.266],[-84.075,32.266],[-84.025,32.266],[-83.975,32.265],[-83.925,32.263],[-83.875,32.26],[-83.825,32.256],[-83.775,32.252],[-83.725,32.246],[-83.675,32.238],[-83.625,32.23],[-83.602,32.225],[-83.575,32.22],[-83.525,32.209],[-83.475,32.196],[-83.425,32.183],[-83.395,32.175],[-83.375,32.169],[-83.325,32.155],[-83.275,32.14],[-83.228,32.125],[-83.225,32.124],[-83.175,32.109],[-83.125,32.093],[-83.075,32.077],[-83.07,32.075],[-83.025,32.061],[-82.975,32.046],[-82.925,32.03],[-82.907,32.025],[-82.875,32.016],[-82.825,32.002],[-82.775,31.989],[-82.725,31.976],[-82.72,31.975],[-82.675,31.965],[-82.625,31.955],[-82.575,31.946],[-82.525,31.939],[-82.475,31.933],[-82.425,31.929],[-82.375,31.927],[-82.325,31.927],[-82.275,31.929],[-82.225,31.933],[-82.175,31.939],[-82.125,31.947],[-82.075,31.957],[-82.025,31.968],[-82.0,31.975],[-81.975,31.982],[-81.925,31.997],[-81.875,32.014],[-81.844,32.025],[-81.825,32.032],[-81.775,32.052],[-81.725,32.073],[-81.72,32.075],[-81.675,32.096],[-81.625,32.119],[-81.612,32.125],[-81.575,32.143],[-81.525,32.168],[-81.51,32.175],[-81.475,32.192],[-81.425,32.217],[-81.408,32.225],[-81.375,32.241],[-81.325,32.265],[-81.302,32.275],[-81.275,32.287],[-81.225,32.308],[-81.184,32.325],[-81.175,32.329],[-81.125,32.348],[-81.075,32.366],[-81.047,32.375],[-81.025,32.383],[-80.975,32.399],[-80.925,32.414],[-80.884,32.425],[-80.875,32.427],[-80.825,32.441],[-80.775,32.453],[-80.725,32.465],[-80.678,32.475],[-80.675,32.476],[-80.625,32.486],[-80.575,32.496],[-80.55,32.5]],[[-89.305,32.295],[-89.275,32.293],[-89.225,32.289],[-89.175,32.285],[-89.125,32.283],[-89.075,32.281],[-89.025,32.28],[-88.975,32.281],[-88.925,32.282],[-88.875,32.284],[-88.825,32.288],[-88.775,32.292],[-88.725,32.299],[-88.675,32.307],[-88.625,32.317],[-88.587,32.325],[-88.575,32.328],[-88.525,32.339],[-88.475,32.351],[-88.425,32.363],[-88.376,32.375],[-88.375,32.375],[-88.325,32.388],[-88.275,32.4],[-88.225,32.413],[-88.179,32.425],[-88.175,32.426]],[[-89.84,32.375],[-89.825,32.372],[-89.775,32.363],[-89.725,32.354],[-89.675,32.345],[-89.625,32.337],[-89.575,32.329]],[[-86.721,32.571],[-86.675,32.563],[-86.625,32.555],[-86.575,32.546],[-86.525,32.535],[-86.477,32.525]],[[-80.349,32.525],[-80.325,32.527],[-80.275,32.529],[-80.271,32.529]],[[-86.779,32.579],[-86.775,32.578],[-86.752,32.575]]]}},{"type":"Feature","properties":{"date":"2004-03-28","label":"28 Mar","yday":88,"tier":"day","major":false},"geometry":{"type":"MultiLineString","coordinates":[[[-89.147,32.453],[-89.125,32.453],[-89.075,32.452],[-89.025,32.452],[-88.975,32.453],[-88.925,32.455],[-88.875,32.459],[-88.825,32.463],[-88.775,32.47],[-88.741,32.475],[-88.725,32.477],[-88.675,32.486],[-88.625,32.496],[-88.575,32.507],[-88.525,32.518],[-88.492,32.525],[-88.475,32.529],[-88.425,32.539],[-88.375,32.551],[-88.325,32.562],[-88.275,32.574],[-88.274,32.574]],[[-87.525,32.738],[-87.475,32.744],[-87.425,32.749],[-87.375,32.753],[-87.325,32.756],[-87.275,32.758],[-87.225,32.759],[-87.175,32.759],[-87.125,32.758],[-87.075,32.756],[-87.025,32.753],[-86.975,32.75],[-86.925,32.745],[-86.875,32.739],[-86.825,32.733],[-86.775,32.726],[-86.769,32.725],[-86.725,32.718],[-86.675,32.709],[-86.625,32.699],[-86.575,32.689],[-86.525,32.678],[-86.514,32.675],[-86.475,32.666],[-86.425,32.653],[-86.375,32.639],[-86.325,32.625],[-86.324,32.625],[-86.275,32.61],[-86.225,32.594],[-86.175,32.578],[-86.166,32.575],[-86.125,32.561],[-86.075,32.544],[-86.025,32.527],[-86.018,32.525],[-85.975,32.51],[-85.925,32.494],[-85.875,32.478],[-85.866,32.475],[-85.825,32.462],[-85.775,32.448],[-85.725,32.434],[-85.689,32.425],[-85.675,32.422],[-85.625,32.41],[-85.575,32.4],[-85.525,32.392],[-85.475,32.385],[-85.425,32.379],[-85.379,32.375],[-85.375,32.375],[-85.325,32.371],[-85.275,32.369],[-85.225,32.368],[-85.175,32.368],[-85.125,32.368],[-85.075,32.368],[-85.025,32.369],[-84.975,32.369],[-84.925,32.369],[-84.875,32.368],[-84.825,32.368],[-84.775,32.367],[-84.725,32.367],[-84.675,32.367],[-84.625,32.367],[-84.575,32.367],[-84.525,32.367],[-84.475,32.368],[-84.425,32.369],[-84.375,32.37],[-84.325,32.372],[-84.275,32.373],[-84.225,32.374],[-84.187,32.375],[-84.175,32.375],[-84.125,32.376],[-84.075,32.377],[-84.025,32.377],[-83.975,32.377],[-83.925,32.376],[-83.886,32.375],[-83.875,32.375],[-83.825,32.372],[-83.775,32.368],[-83.725,32.362],[-83.675,32.356],[-83.625,32.347],[-83.575,32.337],[-83.525,32.325],[-83.523,32.325],[-83.475,32.313],[-83.425,32.298],[-83.375,32.283],[-83.349,32.275],[-83.325,32.267],[-83.275,32.251],[-83.225,32.234],[-83.2,32.225],[-83.175,32.217],[-83.125,32.199],[-83.075,32.182],[-83.056,32.175],[-83.025,32.164],[-82.975,32.147],[-82.925,32.13],[-82.909,32.125],[-82.875,32.114],[-82.825,32.098],[-82.775,32.083],[-82.745,32.075],[-82.725,32.069],[-82.675,32.057],[-82.625,32.045],[-82.575,32.035],[-82.525,32.027],[-82.512,32.025],[-82.475,32.02],[-82.425,32.016],[-82.375,32.015],[-82.325,32.015],[-82.275,32.018],[-82.225,32.024],[-82.217,32.025],[-82.175,32.032],[-82.125,32.042],[-82.075,32.054],[-82.025,32.068],[-82.003,32.075],[-81.975,32.084],[-81.925,32.102],[-81.875,32.122],[-81.867,32.125],[-81.825,32.143],[-81.775,32.166],[-81.755,32.175],[-81.725,32.189],[-81.675,32.214],[-81.653,32.225],[-81.625,32.239],[-81.575,32.265],[-81.555,32.275],[-81.525,32.291],[-81.475,32.317],[-81.458,32.325],[-81.425,32.342],[-81.375,32.367],[-81.358,32.375],[-81.325,32.391],[-81.275,32.414],[-81.25,32.425],[-81.225,32.436],[-81.175,32.457],[-81.131,32.475],[-81.125,32.478],[-81.075,32.497],[-81.025,32.515],[-80.997,32.525],[-80.975,32.533],[-80.925,32.549],[-80.875,32.565],[-80.839,32.575],[-80.825,32.579],[-80.775,32.593],[-80.725,32.607],[-80.675,32.619],[-80.648,32.625],[-80.625,32.63],[-80.575,32.641],[-80.525,32.65],[-80.475,32.659],[-80.425,32.666],[-80.375,32.671],[-80.333,32.675],[-80.325,32.676],[-80.275,32.678],[-80.225,32.68],[-80.175,32.679],[-80.125,32.677],[-80.107,32.675],[-80.075,32.672],[-80.025,32.666],[-79.99,32.66]]]}},{"type":"Feature","properties":{"date":"2004-03-29","label":"29 Mar","yday":89,"tier":"day","major":false},"geometry":{"type":"MultiLineString","coordinates":[[[-88.815,32.635],[-88.775,32.64],[-88.725,32.647],[-88.675,32.655],[-88.625,32.664],[-88.575,32.673],[-88.566,32.675],[-88.525,32.683],[-88.475,32.692],[-88.425,32.702],[-88.406,32.706]],[[-87.575,32.887],[-87.525,32.894],[-87.475,32.899],[-87.425,32.903],[-87.375,32.906],[-87.325,32.908],[-87.275,32.909],[-87.225,32.909],[-87.175,32.908],[-87.125,32.906],[-87.075,32.903],[-87.025,32.899],[-86.975,32.894],[-86.925,32.888],[-86.875,32.882],[-86.828,32.875],[-86.825,32.875],[-86.775,32.866],[-86.725,32.857],[-86.675,32.847],[-86.625,32.837],[-86.575,32.825],[-86.574,32.825],[-86.525,32.813],[-86.475,32.8],[-86.425,32.787],[-86.383,32.775],[-86.375,32.773],[-86.325,32.758],[-86.275,32.742],[-86.225,32.727],[-86.22,32.725],[-86.175,32.71],[-86.125,32.693],[-86.075,32.677],[-86.07,32.675],[-86.025,32.659],[-85.975,32.642],[-85.925,32.625],[-85.924,32.625],[-85.875,32.609],[-85.825,32.593],[-85.775,32.577],[-85.768,32.575],[-85.725,32.562],[-85.675,32.549],[-85.625,32.536],[-85.577,32.525],[-85.575,32.525],[-85.525,32.514],[-85.475,32.506],[-85.425,32.499],[-85.375,32.493],[-85.325,32.488],[-85.275,32.485],[-85.225,32.483],[-85.175,32.481],[-85.125,32.48],[-85.075,32.479],[-85.025,32.478],[-84.975,32.478],[-84.925,32.477],[-84.875,32.476],[-84.855,32.475],[-84.825,32.474],[-84.775,32.473],[-84.725,32.472],[-84.675,32.471],[-84.625,32.471],[-84.575,32.471],[-84.525,32.471],[-84.475,32.472],[-84.425,32.473],[-84.375,32.474],[-84.332,32.475],[-84.325,32.475],[-84.275,32.477],[-84.225,32.479],[-84.175,32.48],[-84.125,32.482],[-84.075,32.484],[-84.025,32.485],[-83.975,32.486],[-83.925,32.486],[-83.875,32.486],[-83.825,32.485],[-83.775,32.482],[-83.725,32.478],[-83.696,32.475],[-83.675,32.473],[-83.625,32.465],[-83.575,32.455],[-83.525,32.444],[-83.475,32.43],[-83.456,32.425],[-83.425,32.416],[-83.375,32.4],[-83.325,32.383],[-83.301,32.375],[-83.275,32.366],[-83.225,32.348],[-83.175,32.329],[-83.163,32.325],[-83.125,32.311],[-83.075,32.292],[-83.03,32.275],[-83.025,32.273],[-82.975,32.255],[-82.925,32.236],[-82.893,32.225],[-82.875,32.219],[-82.825,32.202],[-82.775,32.185],[-82.743,32.175],[-82.725,32.169],[-82.675,32.155],[-82.625,32.142],[-82.575,32.13],[-82.55,32.125],[-82.525,32.12],[-82.475,32.113],[-82.425,32.108],[-82.375,32.106],[-82.325,32.108],[-82.275,32.112],[-82.225,32.12],[-82.2,32.125],[-82.175,32.13],[-82.125,32.144],[-82.075,32.159],[-82.027,32.175],[-82.025,32.176],[-81.975,32.195],[-81.925,32.216],[-81.904,32.225],[-81.875,32.238],[-81.825,32.262],[-81.799,32.275],[-81.775,32.287],[-81.725,32.313],[-81.702,32.325],[-81.675,32.339],[-81.625,32.366],[-81.609,32.375],[-81.575,32.394],[-81.525,32.42],[-81.516,32.425],[-81.475,32.447],[-81.425,32.473],[-81.422,32.475],[-81.375,32.499],[-81.325,32.524],[-81.323,32.525],[-81.275,32.548],[-81.225,32.571],[-81.217,32.575],[-81.175,32.594],[-81.125,32.615],[-81.101,32.625],[-81.075,32.636],[-81.025,32.656],[-80.975,32.674],[-80.973,32.675],[-80.925,32.692],[-80.875,32.709],[-80.826,32.725],[-80.825,32.725],[-80.775,32.74],[-80.725,32.755],[-80.675,32.768],[-80.645,32.775],[-80.625,32.78],[-80.575,32.791],[-80.525,32.8],[-80.475,32.809],[-80.425,32.816],[-80.375,32.822],[-80.339,32.825],[-80.325,32.826],[-80.275,32.829],[-80.225,32.83],[-80.175,32.83],[-80.125,32.828],[-80.096,32.825],[-80.075,32.823],[-80.025,32.816],[-79.975,32.807]]]}},{"type":"Feature","properties":{"date":"2004-03-30","label":"30 Mar","yday":90,"tier":"index","major":true},"geometry":{"type":"MultiLineString","coordinates":[[[-89.675,32.836],[-89.625,32.828],[-89.605,32.825],[-89.575,32.82],[-89.535,32.815]],[[-87.564,33.036],[-87.525,33.041],[-87.475,33.045],[-87.425,33.048],[-87.375,33.05],[-87.325,33.051],[-87.275,33.051],[-87.225,33.05],[-87.175,33.048],[-87.125,33.045],[-87.075,33.042],[-87.025,33.037],[-86.975,33.032],[-86.925,33.025],[-86.922,33.025],[-86.875,33.018],[-86.825,33.01],[-86.775,33.001],[-86.725,32.991],[-86.675,32.981],[-86.65,32.975],[-86.625,32.969],[-86.575,32.957],[-86.525,32.944],[-86.475,32.931],[-86.455,32.925],[-86.425,32.916],[-86.375,32.902],[-86.325,32.886],[-86.289,32.875],[-86.275,32.871],[-86.225,32.854],[-86.175,32.838],[-86.138,32.825],[-86.125,32.821],[-86.075,32.803],[-86.025,32.786],[-85.993,32.775],[-85.975,32.769],[-85.925,32.751],[-85.875,32.734],[-85.848,32.725],[-85.825,32.717],[-85.775,32.701],[-85.725,32.686],[-85.69,32.675],[-85.675,32.671],[-85.625,32.657],[-85.575,32.644],[-85.525,32.632],[-85.493,32.625],[-85.475,32.621],[-85.425,32.612],[-85.375,32.605],[-85.325,32.599],[-85.275,32.595],[-85.225,32.591],[-85.175,32.588],[-85.125,32.585],[-85.075,32.583],[-85.025,32.581],[-84.975,32.579],[-84.925,32.578],[-84.875,32.576],[-84.857,32.575],[-84.825,32.574],[-84.775,32.572],[-84.725,32.571],[-84.675,32.57],[-84.625,32.569],[-84.575,32.569],[-84.525,32.569],[-84.475,32.57],[-84.425,32.571],[-84.375,32.572],[-84.325,32.574],[-84.306,32.575],[-84.275,32.576],[-84.225,32.578],[-84.175,32.581],[-84.125,32.583],[-84.075,32.586],[-84.025,32.588],[-83.975,32.59],[-83.925,32.592],[-83.875,32.593],[-83.825,32.593],[-83.775,32.592],[-83.725,32.59],[-83.675,32.587],[-83.625,32.581],[-83.592,32.575],[-83.575,32.572],[-83.525,32.561],[-83.475,32.548],[-83.425,32.533],[-83.399,32.525],[-83.375,32.518],[-83.325,32.501],[-83.275,32.483],[-83.253,32.475],[-83.225,32.465],[-83.175,32.446],[-83.125,32.427],[-83.12,32.425],[-83.075,32.408],[-83.025,32.388],[-82.991,32.375],[-82.975,32.369],[-82.925,32.35],[-82.875,32.331],[-82.858,32.325],[-82.825,32.313],[-82.775,32.296],[-82.725,32.279],[-82.712,32.275],[-82.675,32.264],[-82.625,32.249],[-82.575,32.236],[-82.525,32.225],[-82.524,32.225],[-82.475,32.217],[-82.425,32.211],[-82.375,32.208],[-82.325,32.211],[-82.275,32.218],[-82.242,32.225],[-82.225,32.229],[-82.175,32.242],[-82.125,32.258],[-82.077,32.275],[-82.075,32.276],[-82.025,32.296],[-81.975,32.318],[-81.959,32.325],[-81.925,32.341],[-81.875,32.366],[-81.857,32.375],[-81.825,32.392],[-81.775,32.419],[-81.764,32.425],[-81.725,32.447],[-81.675,32.474],[-81.674,32.475],[-81.625,32.503],[-81.585,32.525],[-81.575,32.531],[-81.525,32.559],[-81.496,32.575],[-81.475,32.587],[-81.425,32.614],[-81.404,32.625],[-81.375,32.641],[-81.325,32.666],[-81.308,32.675],[-81.275,32.692],[-81.225,32.716],[-81.206,32.725],[-81.175,32.739],[-81.125,32.762],[-81.095,32.775],[-81.075,32.784],[-81.025,32.804],[-80.975,32.824],[-80.972,32.825],[-80.925,32.843],[-80.875,32.86],[-80.831,32.875],[-80.825,32.877],[-80.775,32.893],[-80.725,32.907],[-80.675,32.92],[-80.654,32.925],[-80.625,32.932],[-80.575,32.942],[-80.525,32.952],[-80.475,32.96],[-80.425,32.966],[-80.375,32.971],[-80.325,32.975],[-80.319,32.975],[-80.275,32.977],[-80.225,32.977],[-80.175,32.976],[-80.159,32.975],[-80.125,32.973],[-80.075,32.968],[-80.025,32.961],[-79.975,32.951],[-79.925,32.94],[-79.875,32.926],[-79.87,32.925],[-79.825,32.912],[-79.775,32.896],[-79.725,32.879],[-79.712,32.875],[-79.685,32.865]]]}},{"type":"Feature","properties":{"date":"2004-03-31","label":"31 Mar","yday":91,"tier":"day","major":false},"geometry":{"type":"MultiLineString","coordinates":[[[-89.655,32.995],[-89.625,32.99],[-89.575,32.982],[-89.526,32.975],[-89.525,32.975]],[[-87.825,33.13],[-87.775,33.14],[-87.725,33.15],[-87.675,33.16],[-87.625,33.168],[-87.576,33.174]],[[-87.574,33.174],[-87.562,33.175],[-87.525,33.178],[-87.475,33.182],[-87.425,33.184],[-87.375,33.185],[-87.325,33.185],[-87.275,33.185],[-87.225,33.183],[-87.175,33.181],[-87.125,33.178],[-87.088,33.175],[-87.075,33.174],[-87.025,33.169],[-86.975,33.163],[-86.925,33.157],[-86.875,33.149],[-86.825,33.141],[-86.775,33.131],[-86.745,33.125],[-86.725,33.121],[-86.675,33.11],[-86.625,33.098],[-86.575,33.085],[-86.537,33.075],[-86.525,33.072],[-86.475,33.058],[-86.425,33.043],[-86.375,33.028],[-86.366,33.025],[-86.325,33.012],[-86.275,32.996],[-86.225,32.979],[-86.213,32.975],[-86.175,32.962],[-86.125,32.945],[-86.075,32.927],[-86.069,32.925],[-86.025,32.909],[-85.975,32.892],[-85.928,32.875],[-85.925,32.874],[-85.875,32.856],[-85.825,32.839],[-85.784,32.825],[-85.775,32.822],[-85.725,32.806],[-85.675,32.79],[-85.625,32.775],[-85.625,32.775],[-85.575,32.761],[-85.525,32.748],[-85.475,32.736],[-85.425,32.725],[-85.424,32.725],[-85.375,32.716],[-85.325,32.708],[-85.275,32.702],[-85.225,32.696],[-85.175,32.691],[-85.125,32.687],[-85.075,32.683],[-85.025,32.68],[-84.975,32.677],[-84.947,32.675],[-84.925,32.674],[-84.875,32.671],[-84.825,32.669],[-84.775,32.667],[-84.725,32.665],[-84.675,32.664],[-84.625,32.664],[-84.575,32.663],[-84.525,32.664],[-84.475,32.664],[-84.425,32.666],[-84.375,32.667],[-84.325,32.669],[-84.275,32.672],[-84.225,32.675],[-84.218,32.675],[-84.175,32.678],[-84.125,32.681],[-84.075,32.684],[-84.025,32.687],[-83.975,32.69],[-83.925,32.692],[-83.875,32.694],[-83.825,32.696],[-83.775,32.696],[-83.725,32.696],[-83.675,32.693],[-83.625,32.689],[-83.575,32.682],[-83.54,32.675],[-83.525,32.672],[-83.475,32.66],[-83.425,32.647],[-83.375,32.632],[-83.352,32.625],[-83.325,32.616],[-83.275,32.6],[-83.225,32.582],[-83.205,32.575],[-83.175,32.564],[-83.125,32.546],[-83.075,32.527],[-83.07,32.525],[-83.025,32.508],[-82.975,32.489],[-82.938,32.475],[-82.925,32.47],[-82.875,32.452],[-82.825,32.434],[-82.799,32.425],[-82.775,32.417],[-82.725,32.4],[-82.675,32.385],[-82.64,32.375],[-82.625,32.371],[-82.575,32.359],[-82.525,32.348],[-82.475,32.341],[-82.425,32.336],[-82.375,32.336],[-82.325,32.339],[-82.275,32.347],[-82.225,32.359],[-82.175,32.373],[-82.169,32.375],[-82.125,32.391],[-82.075,32.41],[-82.041,32.425],[-82.025,32.432],[-81.975,32.456],[-81.937,32.475],[-81.925,32.481],[-81.875,32.507],[-81.843,32.525],[-81.825,32.535],[-81.775,32.563],[-81.754,32.575],[-81.725,32.592],[-81.675,32.621],[-81.668,32.625],[-81.625,32.65],[-81.583,32.675],[-81.575,32.679],[-81.525,32.708],[-81.496,32.725],[-81.475,32.737],[-81.425,32.765],[-81.407,32.775],[-81.375,32.793],[-81.325,32.819],[-81.314,32.825],[-81.275,32.845],[-81.225,32.87],[-81.215,32.875],[-81.175,32.894],[-81.125,32.917],[-81.108,32.925],[-81.075,32.94],[-81.025,32.961],[-80.989,32.975],[-80.975,32.981],[-80.925,32.999],[-80.875,33.017],[-80.85,33.025],[-80.825,33.033],[-80.775,33.048],[-80.725,33.062],[-80.675,33.075],[-80.673,33.075],[-80.625,33.086],[-80.575,33.095],[-80.525,33.103],[-80.475,33.11],[-80.425,33.115],[-80.375,33.119],[-80.325,33.121],[-80.275,33.122],[-80.225,33.121],[-80.175,33.118],[-80.125,33.113],[-80.075,33.107],[-80.025,33.099],[-79.975,33.089],[-79.925,33.078],[-79.914,33.075],[-79.875,33.065],[-79.825,33.05],[-79.775,33.034],[-79.747,33.025],[-79.725,33.017],[-79.675,32.999],[-79.625,32.981],[-79.621,32.979]]]}},{"type":"Feature","properties":{"date":"2004-04-01","label":"1 Apr","yday":92,"tier":"day","major":false},"geometry":{"type":"MultiLineString","coordinates":[[[-87.661,33.289],[-87.625,33.294],[-87.575,33.3],[-87.525,33.304],[-87.475,33.307],[-87.425,33.31],[-87.375,33.311],[-87.325,33.311],[-87.275,33.31],[-87.225,33.309],[-87.175,33.307],[-87.125,33.304],[-87.075,33.3],[-87.025,33.295],[-86.975,33.289],[-86.925,33.283],[-86.875,33.275],[-86.873,33.275],[-86.825,33.267],[-86.775,33.257],[-86.725,33.247],[-86.675,33.236],[-86.631,33.225],[-86.625,33.223],[-86.575,33.21],[-86.525,33.197],[-86.475,33.182],[-86.451,33.175],[-86.425,33.167],[-86.375,33.152],[-86.325,33.135],[-86.293,33.125],[-86.275,33.119],[-86.225,33.102],[-86.175,33.084],[-86.148,33.075],[-86.125,33.067],[-86.075,33.049],[-86.025,33.031],[-86.009,33.025],[-85.975,33.013],[-85.925,32.994],[-85.875,32.976],[-85.871,32.975],[-85.825,32.959],[-85.775,32.941],[-85.728,32.925],[-85.725,32.924],[-85.675,32.907],[-85.625,32.892],[-85.575,32.876],[-85.57,32.875],[-85.525,32.862],[-85.475,32.849],[-85.425,32.837],[-85.375,32.826],[-85.371,32.825],[-85.325,32.816],[-85.275,32.807],[-85.225,32.799],[-85.175,32.793],[-85.125,32.786],[-85.075,32.781],[-85.025,32.776],[-85.011,32.775],[-84.975,32.772],[-84.925,32.768],[-84.875,32.765],[-84.825,32.762],[-84.775,32.759],[-84.725,32.757],[-84.675,32.756],[-84.625,32.755],[-84.575,32.755],[-84.525,32.755],[-84.475,32.756],[-84.425,32.757],[-84.375,32.759],[-84.325,32.762],[-84.275,32.765],[-84.225,32.768],[-84.175,32.771],[-84.125,32.775],[-84.124,32.775],[-84.075,32.779],[-84.025,32.782],[-83.975,32.786],[-83.925,32.789],[-83.875,32.791],[-83.825,32.793],[-83.775,32.794],[-83.725,32.793],[-83.675,32.792],[-83.625,32.788],[-83.575,32.783],[-83.525,32.775],[-83.524,32.775],[-83.475,32.766],[-83.425,32.755],[-83.375,32.742],[-83.325,32.728],[-83.313,32.725],[-83.275,32.714],[-83.225,32.698],[-83.175,32.682],[-83.155,32.675],[-83.125,32.665],[-83.075,32.648],[-83.025,32.63],[-83.01,32.625],[-82.975,32.613],[-82.925,32.595],[-82.875,32.578],[-82.864,32.575],[-82.825,32.562],[-82.775,32.546],[-82.725,32.532],[-82.701,32.525],[-82.675,32.518],[-82.625,32.506],[-82.575,32.496],[-82.525,32.488],[-82.475,32.483],[-82.425,32.481],[-82.375,32.482],[-82.325,32.487],[-82.275,32.496],[-82.225,32.508],[-82.175,32.523],[-82.169,32.525],[-82.125,32.541],[-82.075,32.562],[-82.046,32.575],[-82.025,32.584],[-81.975,32.609],[-81.944,32.625],[-81.925,32.635],[-81.875,32.663],[-81.853,32.675],[-81.825,32.691],[-81.775,32.72],[-81.767,32.725],[-81.725,32.75],[-81.683,32.775],[-81.675,32.78],[-81.625,32.81],[-81.6,32.825],[-81.575,32.84],[-81.525,32.869],[-81.515,32.875],[-81.475,32.899],[-81.429,32.925],[-81.425,32.927],[-81.375,32.955],[-81.338,32.975],[-81.325,32.982],[-81.275,33.008],[-81.242,33.025],[-81.225,33.033],[-81.175,33.058],[-81.137,33.075],[-81.125,33.081],[-81.075,33.102],[-81.025,33.123],[-81.02,33.125],[-80.975,33.143],[-80.925,33.161],[-80.882,33.175],[-80.875,33.178],[-80.825,33.193],[-80.775,33.207],[-80.725,33.22],[-80.702,33.225],[-80.675,33.231],[-80.625,33.241],[-80.575,33.249],[-80.525,33.256],[-80.475,33.262],[-80.425,33.265],[-80.375,33.268],[-80.325,33.268],[-80.275,33.267],[-80.225,33.265],[-80.175,33.261],[-80.125,33.255],[-80.075,33.248],[-80.025,33.239],[-79.975,33.228],[-79.961,33.225],[-79.925,33.217],[-79.875,33.203],[-79.825,33.188],[-79.783,33.175],[-79.775,33.172],[-79.725,33.155],[-79.675,33.137],[-79.644,33.125],[-79.625,33.118],[-79.575,33.098],[-79.525,33.078],[-79.519,33.075],[-79.475,33.057],[-79.425,33.036],[-79.418,33.032]]]}},{"type":"Feature","properties":{"date":"2004-04-02","label":"2 Apr","yday":93,"tier":"day","major":false},"geometry":{"type":"MultiLineString","coordinates":[[[-83.616,32.884],[-83.575,32.881],[-83.527,32.875],[-83.525,32.875],[-83.475,32.867],[-83.425,32.859],[-83.375,32.848],[-83.325,32.837],[-83.276,32.825],[-83.275,32.825],[-83.225,32.811],[-83.175,32.797],[-83.125,32.783],[-83.099,32.775],[-83.075,32.768],[-83.025,32.753],[-82.975,32.738],[-82.933,32.725],[-82.925,32.723],[-82.875,32.708],[-82.825,32.694],[-82.775,32.681],[-82.75,32.675],[-82.725,32.669],[-82.675,32.658],[-82.625,32.649],[-82.575,32.642],[-82.525,32.637],[-82.475,32.635],[-82.425,32.635],[-82.375,32.639],[-82.325,32.646],[-82.275,32.656],[-82.225,32.669],[-82.207,32.675],[-82.175,32.685],[-82.125,32.704],[-82.077,32.725],[-82.075,32.726],[-82.025,32.749],[-81.975,32.775],[-81.974,32.775],[-81.925,32.802],[-81.883,32.825],[-81.875,32.83],[-81.825,32.859],[-81.798,32.875],[-81.775,32.889],[-81.725,32.92],[-81.716,32.925],[-81.675,32.95],[-81.635,32.975],[-81.625,32.981],[-81.575,33.011],[-81.552,33.025],[-81.525,33.041],[-81.475,33.07],[-81.467,33.075],[-81.425,33.099],[-81.378,33.125],[-81.375,33.126],[-81.325,33.153],[-81.283,33.175],[-81.275,33.179],[-81.225,33.204],[-81.18,33.225],[-81.175,33.227],[-81.125,33.25],[-81.075,33.271],[-81.064,33.275],[-81.025,33.29],[-80.975,33.309],[-80.927,33.325],[-80.925,33.326],[-80.875,33.341],[-80.825,33.356],[-80.775,33.368],[-80.747,33.375],[-80.725,33.38],[-80.675,33.39],[-80.625,33.399],[-80.575,33.406],[-80.525,33.411],[-80.475,33.415],[-80.425,33.418],[-80.375,33.419],[-80.325,33.418],[-80.275,33.416],[-80.225,33.412],[-80.175,33.407],[-80.125,33.401],[-80.075,33.392],[-80.025,33.383],[-79.99,33.375],[-79.975,33.372],[-79.925,33.359],[-79.875,33.345],[-79.825,33.33],[-79.809,33.325],[-79.775,33.314],[-79.725,33.296],[-79.675,33.277],[-79.669,33.275],[-79.625,33.258],[-79.575,33.237],[-79.546,33.225],[-79.525,33.216],[-79.475,33.195],[-79.431,33.175],[-79.425,33.173],[-79.375,33.15],[-79.325,33.128],[-79.323,33.127]],[[-87.625,33.414],[-87.575,33.419],[-87.525,33.423],[-87.501,33.425],[-87.475,33.427],[-87.429,33.429]],[[-87.175,33.427],[-87.141,33.425],[-87.125,33.424],[-87.075,33.42],[-87.025,33.416],[-86.975,33.411],[-86.925,33.404],[-86.875,33.397],[-86.825,33.389],[-86.775,33.38],[-86.751,33.375],[-86.725,33.37],[-86.675,33.358],[-86.625,33.346],[-86.575,33.333],[-86.547,33.325],[-86.525,33.319],[-86.475,33.304],[-86.425,33.289],[-86.38,33.275],[-86.375,33.273],[-86.325,33.257],[-86.275,33.24],[-86.231,33.225],[-86.225,33.223],[-86.175,33.205],[-86.125,33.188],[-86.09,33.175],[-86.075,33.169],[-86.025,33.151],[-85.975,33.133],[-85.954,33.125],[-85.925,33.114],[-85.875,33.096],[-85.825,33.077],[-85.819,33.075],[-85.775,33.059],[-85.725,33.041],[-85.678,33.025],[-85.675,33.024],[-85.625,33.007],[-85.575,32.991],[-85.525,32.976],[-85.523,32.975],[-85.475,32.961],[-85.425,32.947],[-85.375,32.935],[-85.333,32.925],[-85.325,32.923],[-85.275,32.912],[-85.225,32.903],[-85.175,32.894],[-85.125,32.886],[-85.075,32.879],[-85.045,32.875],[-85.025,32.872],[-84.975,32.867],[-84.925,32.862],[-84.875,32.857],[-84.825,32.853],[-84.775,32.85],[-84.725,32.848],[-84.675,32.846],[-84.625,32.845],[-84.575,32.844],[-84.525,32.845],[-84.475,32.846],[-84.425,32.847],[-84.375,32.849],[-84.325,32.852],[-84.275,32.856],[-84.225,32.859],[-84.175,32.863],[-84.125,32.867],[-84.075,32.871],[-84.031,32.875],[-84.025,32.875],[-83.975,32.879],[-83.925,32.883],[-83.875,32.885],[-83.825,32.888],[-83.775,32.889],[-83.739,32.889]]]}},{"type":"Feature","properties":{"date":"2004-04-03","label":"3 Apr","yday":94,"tier":"day","major":false},"geometry":{"type":"MultiLineString","coordinates":[[[-84.087,32.963],[-84.075,32.964],[-84.025,32.969],[-83.975,32.973],[-83.946,32.975],[-83.925,32.977],[-83.875,32.98],[-83.832,32.982]],[[-83.525,32.975],[-83.525,32.975],[-83.475,32.969],[-83.425,32.962],[-83.375,32.954],[-83.325,32.945],[-83.275,32.935],[-83.231,32.925],[-83.225,32.924],[-83.175,32.912],[-83.125,32.9],[-83.075,32.887],[-83.026,32.875],[-83.025,32.875],[-82.975,32.862],[-82.925,32.85],[-82.875,32.838],[-82.825,32.827],[-82.814,32.825],[-82.775,32.817],[-82.725,32.808],[-82.675,32.8],[-82.625,32.795],[-82.575,32.791],[-82.525,32.789],[-82.475,32.79],[-82.425,32.794],[-82.375,32.8],[-82.325,32.809],[-82.275,32.821],[-82.263,32.825],[-82.225,32.836],[-82.175,32.854],[-82.125,32.875],[-82.124,32.875],[-82.075,32.898],[-82.025,32.922],[-82.02,32.925],[-81.975,32.949],[-81.93,32.975],[-81.925,32.978],[-81.875,33.007],[-81.846,33.025],[-81.825,33.038],[-81.775,33.068],[-81.764,33.075],[-81.725,33.1],[-81.684,33.125],[-81.675,33.13],[-81.625,33.161],[-81.602,33.175],[-81.575,33.191],[-81.525,33.22],[-81.517,33.225],[-81.475,33.249],[-81.429,33.275],[-81.425,33.277],[-81.375,33.304],[-81.334,33.325],[-81.325,33.33],[-81.275,33.355],[-81.232,33.375],[-81.225,33.379],[-81.175,33.401],[-81.125,33.422],[-81.118,33.425],[-81.075,33.442],[-81.025,33.461],[-80.983,33.475],[-80.975,33.478],[-80.925,33.493],[-80.875,33.508],[-80.825,33.521],[-80.806,33.525],[-80.775,33.532],[-80.725,33.542],[-80.675,33.551],[-80.625,33.558],[-80.575,33.564],[-80.525,33.569],[-80.475,33.571],[-80.425,33.573],[-80.375,33.573],[-80.325,33.571],[-80.275,33.568],[-80.225,33.564],[-80.175,33.558],[-80.125,33.551],[-80.075,33.542],[-80.025,33.532],[-79.993,33.525],[-79.975,33.521],[-79.925,33.508],[-79.875,33.494],[-79.825,33.478],[-79.815,33.475],[-79.775,33.462],[-79.725,33.444],[-79.677,33.425],[-79.675,33.424],[-79.625,33.404],[-79.575,33.383],[-79.558,33.375],[-79.525,33.361],[-79.475,33.338],[-79.447,33.325],[-79.425,33.315],[-79.375,33.292],[-79.34,33.275],[-79.325,33.268],[-79.312,33.262]],[[-79.233,33.225],[-79.225,33.222]],[[-87.719,33.519],[-87.677,33.525],[-87.675,33.525],[-87.625,33.531],[-87.575,33.536],[-87.525,33.54]],[[-87.158,33.542],[-87.125,33.54],[-87.075,33.536],[-87.025,33.532],[-86.975,33.527],[-86.955,33.525],[-86.925,33.522],[-86.875,33.515],[-86.825,33.507],[-86.775,33.498],[-86.725,33.488],[-86.675,33.477],[-86.665,33.475],[-86.625,33.465],[-86.575,33.452],[-86.525,33.438],[-86.479,33.425],[-86.475,33.424],[-86.425,33.409],[-86.375,33.393],[-86.325,33.377],[-86.32,33.375],[-86.275,33.36],[-86.225,33.343],[-86.175,33.325],[-86.174,33.325],[-86.125,33.307],[-86.075,33.289],[-86.036,33.275],[-86.025,33.271],[-85.975,33.252],[-85.925,33.233],[-85.903,33.225],[-85.875,33.215],[-85.825,33.196],[-85.775,33.177],[-85.769,33.175],[-85.725,33.159],[-85.675,33.141],[-85.63,33.125],[-85.625,33.123],[-85.575,33.106],[-85.525,33.089],[-85.48,33.075],[-85.475,33.074],[-85.425,33.058],[-85.375,33.044],[-85.325,33.031],[-85.302,33.025],[-85.275,33.018],[-85.225,33.007],[-85.175,32.996],[-85.125,32.986],[-85.075,32.977],[-85.06,32.975],[-85.025,32.969],[-84.975,32.962],[-84.925,32.956],[-84.875,32.95],[-84.825,32.945],[-84.775,32.941],[-84.725,32.938],[-84.675,32.935],[-84.625,32.934],[-84.575,32.933],[-84.525,32.934],[-84.475,32.935],[-84.425,32.937],[-84.375,32.939],[-84.325,32.942],[-84.275,32.946],[-84.225,32.95],[-84.202,32.952]]]}},{"type":"Feature","properties":{"date":"2004-04-04","label":"4 Apr","yday":95,"tier":"five","major":false},"geometry":{"type":"MultiLineString","coordinates":[[[-83.425,33.068],[-83.375,33.061],[-83.325,33.054],[-83.275,33.046],[-83.225,33.037],[-83.175,33.027],[-83.162,33.025],[-83.125,33.018],[-83.075,33.007],[-83.025,32.997],[-82.975,32.987],[-82.925,32.977],[-82.912,32.975],[-82.875,32.968],[-82.825,32.96],[-82.775,32.953],[-82.725,32.947],[-82.675,32.942],[-82.625,32.94],[-82.575,32.939],[-82.525,32.94],[-82.475,32.944],[-82.425,32.951],[-82.375,32.96],[-82.325,32.973],[-82.317,32.975],[-82.275,32.987],[-82.225,33.005],[-82.177,33.025],[-82.175,33.026],[-82.125,33.049],[-82.075,33.074],[-82.073,33.075],[-82.025,33.101],[-81.984,33.125],[-81.975,33.131],[-81.925,33.161],[-81.902,33.175],[-81.875,33.192],[-81.825,33.223],[-81.823,33.225],[-81.775,33.255],[-81.742,33.275],[-81.725,33.285],[-81.675,33.316],[-81.659,33.325],[-81.625,33.345],[-81.575,33.374],[-81.574,33.375],[-81.525,33.403],[-81.485,33.425],[-81.475,33.431],[-81.425,33.458],[-81.391,33.475],[-81.375,33.484],[-81.325,33.508],[-81.29,33.525],[-81.275,33.532],[-81.225,33.555],[-81.178,33.575],[-81.175,33.576],[-81.125,33.596],[-81.075,33.615],[-81.045,33.625],[-81.025,33.632],[-80.975,33.647],[-80.925,33.661],[-80.875,33.674],[-80.871,33.675],[-80.825,33.685],[-80.775,33.695],[-80.725,33.704],[-80.675,33.711],[-80.625,33.717],[-80.575,33.722],[-80.537,33.725],[-80.525,33.726],[-80.475,33.728],[-80.425,33.729],[-80.375,33.728],[-80.325,33.726],[-80.304,33.725],[-80.275,33.723],[-80.225,33.719],[-80.175,33.713],[-80.125,33.706],[-80.075,33.697],[-80.025,33.688],[-79.975,33.676],[-79.969,33.675],[-79.925,33.664],[-79.875,33.651],[-79.825,33.635],[-79.794,33.625],[-79.775,33.619],[-79.725,33.601],[-79.675,33.582],[-79.659,33.575],[-79.625,33.561],[-79.575,33.539],[-79.544,33.525],[-79.525,33.516],[-79.475,33.493],[-79.44,33.475],[-79.425,33.468],[-79.375,33.443],[-79.34,33.425],[-79.325,33.418],[-79.275,33.392],[-79.241,33.375],[-79.225,33.367],[-79.175,33.343]],[[-87.769,33.631],[-87.725,33.637],[-87.675,33.642],[-87.625,33.647],[-87.6,33.65]],[[-87.125,33.653],[-87.075,33.649],[-87.025,33.645],[-86.975,33.64],[-86.925,33.634],[-86.875,33.628],[-86.857,33.625],[-86.825,33.62],[-86.775,33.612],[-86.725,33.603],[-86.675,33.592],[-86.625,33.58],[-86.604,33.575],[-86.575,33.568],[-86.525,33.554],[-86.475,33.54],[-86.425,33.526],[-86.423,33.525],[-86.375,33.51],[-86.325,33.494],[-86.275,33.478],[-86.265,33.475],[-86.225,33.461],[-86.175,33.444],[-86.125,33.427],[-86.121,33.425],[-86.075,33.409],[-86.025,33.39],[-85.984,33.375],[-85.975,33.372],[-85.925,33.353],[-85.875,33.334],[-85.851,33.325],[-85.825,33.315],[-85.775,33.296],[-85.725,33.277],[-85.719,33.275],[-85.675,33.259],[-85.625,33.24],[-85.583,33.225],[-85.575,33.222],[-85.525,33.205],[-85.475,33.188],[-85.437,33.175],[-85.425,33.171],[-85.375,33.155],[-85.325,33.14],[-85.275,33.126],[-85.271,33.125],[-85.225,33.113],[-85.175,33.1],[-85.125,33.089],[-85.075,33.078],[-85.06,33.075],[-85.025,33.068],[-84.975,33.059],[-84.925,33.051],[-84.875,33.044],[-84.825,33.038],[-84.775,33.033],[-84.725,33.029],[-84.675,33.026],[-84.662,33.025],[-84.625,33.024],[-84.575,33.023],[-84.525,33.023],[-84.475,33.024],[-84.453,33.025],[-84.425,33.026],[-84.375,33.029],[-84.332,33.032]]]}},{"type":"Feature","properties":{"date":"2004-04-05","label":"5 Apr","yday":96,"tier":"day","major":false},"geometry":{"type":"MultiLineString","coordinates":[[[-84.756,33.125],[-84.725,33.122],[-84.675,33.118],[-84.625,33.115],[-84.575,33.114],[-84.525,33.114],[-84.475,33.115],[-84.425,33.118],[-84.419,33.119]],[[-83.425,33.177],[-83.4,33.175],[-83.375,33.173],[-83.325,33.167],[-83.275,33.161],[-83.225,33.154],[-83.175,33.146],[-83.125,33.138],[-83.075,33.13],[-83.045,33.125],[-83.025,33.122],[-82.975,33.114],[-82.925,33.106],[-82.875,33.099],[-82.825,33.093],[-82.775,33.088],[-82.725,33.085],[-82.675,33.083],[-82.625,33.083],[-82.575,33.085],[-82.525,33.09],[-82.475,33.097],[-82.425,33.107],[-82.375,33.119],[-82.356,33.125],[-82.325,33.135],[-82.275,33.153],[-82.225,33.174],[-82.223,33.175],[-82.175,33.198],[-82.125,33.225],[-82.125,33.225],[-82.075,33.254],[-82.041,33.275],[-82.025,33.285],[-81.975,33.317],[-81.962,33.325],[-81.925,33.348],[-81.882,33.375],[-81.875,33.379],[-81.825,33.41],[-81.8,33.425],[-81.775,33.44],[-81.725,33.47],[-81.716,33.475],[-81.675,33.499],[-81.631,33.525],[-81.625,33.528],[-81.575,33.557],[-81.542,33.575],[-81.525,33.584],[-81.475,33.611],[-81.448,33.625],[-81.425,33.637],[-81.375,33.662],[-81.347,33.675],[-81.325,33.685],[-81.275,33.708],[-81.235,33.725],[-81.225,33.729],[-81.175,33.749],[-81.125,33.767],[-81.101,33.775],[-81.075,33.784],[-81.025,33.799],[-80.975,33.812],[-80.925,33.824],[-80.919,33.825],[-80.875,33.834],[-80.825,33.843],[-80.775,33.851],[-80.725,33.859],[-80.675,33.865],[-80.625,33.871],[-80.578,33.875],[-80.575,33.875],[-80.525,33.879],[-80.475,33.881],[-80.425,33.882],[-80.375,33.881],[-80.325,33.879],[-80.275,33.876],[-80.26,33.875],[-80.225,33.872],[-80.175,33.867],[-80.125,33.861],[-80.075,33.854],[-80.025,33.846],[-79.975,33.837],[-79.925,33.826],[-79.92,33.825],[-79.875,33.815],[-79.825,33.801],[-79.775,33.787],[-79.738,33.775],[-79.725,33.771],[-79.675,33.753],[-79.625,33.734],[-79.605,33.725],[-79.575,33.713],[-79.525,33.69],[-79.495,33.675],[-79.475,33.666],[-79.425,33.64],[-79.398,33.625],[-79.375,33.613],[-79.325,33.585],[-79.307,33.575],[-79.275,33.557],[-79.225,33.529],[-79.218,33.525],[-79.175,33.502],[-79.126,33.475],[-79.125,33.475]],[[-87.219,33.769],[-87.175,33.767],[-87.125,33.763],[-87.075,33.759],[-87.025,33.755],[-86.975,33.749],[-86.925,33.743],[-86.875,33.737],[-86.825,33.729],[-86.798,33.725],[-86.775,33.721],[-86.725,33.712],[-86.675,33.702],[-86.625,33.691],[-86.575,33.679],[-86.557,33.675],[-86.525,33.667],[-86.475,33.654],[-86.425,33.64],[-86.375,33.625],[-86.374,33.625],[-86.325,33.61],[-86.275,33.595],[-86.225,33.579],[-86.214,33.575],[-86.175,33.562],[-86.125,33.545],[-86.075,33.528],[-86.068,33.525],[-86.025,33.51],[-85.975,33.492],[-85.93,33.475],[-85.925,33.473],[-85.875,33.455],[-85.825,33.436],[-85.797,33.425],[-85.775,33.417],[-85.725,33.398],[-85.675,33.378],[-85.666,33.375],[-85.625,33.36],[-85.575,33.341],[-85.532,33.325],[-85.525,33.322],[-85.475,33.304],[-85.425,33.287],[-85.39,33.275],[-85.375,33.27],[-85.325,33.254],[-85.275,33.238],[-85.233,33.225],[-85.225,33.223],[-85.175,33.209],[-85.125,33.195],[-85.075,33.183],[-85.043,33.175],[-85.025,33.171],[-84.975,33.16],[-84.925,33.15],[-84.875,33.141],[-84.825,33.134],[-84.777,33.127]]]}},{"type":"Feature","properties":{"date":"2004-04-06","label":"6 Apr","yday":97,"tier":"day","major":false},"geometry":{"type":"MultiLineString","coordinates":[[[-83.36,33.29],[-83.325,33.287],[-83.275,33.282],[-83.225,33.276],[-83.214,33.275],[-83.175,33.27],[-83.125,33.264],[-83.075,33.258],[-83.025,33.251],[-82.975,33.245],[-82.925,33.239],[-82.875,33.234],[-82.825,33.229],[-82.775,33.226],[-82.737,33.225],[-82.725,33.225],[-82.675,33.225],[-82.67,33.225],[-82.625,33.227],[-82.575,33.232],[-82.525,33.239],[-82.475,33.248],[-82.425,33.261],[-82.381,33.275],[-82.375,33.277],[-82.325,33.296],[-82.275,33.318],[-82.262,33.325],[-82.225,33.344],[-82.175,33.372],[-82.17,33.375],[-82.125,33.402],[-82.089,33.425],[-82.075,33.434],[-82.025,33.466],[-82.011,33.475],[-81.975,33.498],[-81.933,33.525],[-81.925,33.53],[-81.875,33.561],[-81.853,33.575],[-81.825,33.592],[-81.775,33.623],[-81.771,33.625],[-81.725,33.652],[-81.686,33.675],[-81.675,33.682],[-81.625,33.71],[-81.597,33.725],[-81.575,33.737],[-81.525,33.763],[-81.501,33.775],[-81.475,33.788],[-81.425,33.812],[-81.397,33.825],[-81.375,33.835],[-81.325,33.856],[-81.278,33.875],[-81.275,33.876],[-81.225,33.895],[-81.175,33.912],[-81.135,33.925],[-81.125,33.928],[-81.075,33.942],[-81.025,33.954],[-80.975,33.965],[-80.925,33.974],[-80.921,33.975],[-80.875,33.982],[-80.825,33.99],[-80.775,33.997],[-80.725,34.003],[-80.675,34.008],[-80.625,34.013],[-80.575,34.018],[-80.525,34.021],[-80.475,34.024],[-80.425,34.025],[-80.375,34.025],[-80.325,34.024],[-80.275,34.023],[-80.225,34.02],[-80.175,34.017],[-80.125,34.013],[-80.075,34.009],[-80.025,34.004],[-79.975,33.998],[-79.925,33.991],[-79.875,33.983],[-79.832,33.975],[-79.825,33.974],[-79.775,33.963],[-79.725,33.952],[-79.675,33.939],[-79.628,33.925],[-79.625,33.924],[-79.575,33.908],[-79.525,33.889],[-79.491,33.875],[-79.475,33.868],[-79.425,33.845],[-79.386,33.825],[-79.375,33.819],[-79.325,33.791],[-79.298,33.775],[-79.275,33.761],[-79.225,33.729],[-79.22,33.725],[-79.175,33.696],[-79.145,33.675],[-79.125,33.662],[-79.075,33.629],[-79.068,33.625],[-79.025,33.599],[-79.01,33.59]],[[-86.755,33.825],[-86.725,33.82],[-86.675,33.81],[-86.625,33.8],[-86.575,33.789],[-86.525,33.777],[-86.516,33.775],[-86.475,33.765],[-86.425,33.752],[-86.375,33.738],[-86.328,33.725],[-86.325,33.724],[-86.275,33.71],[-86.225,33.695],[-86.175,33.679],[-86.163,33.675],[-86.125,33.663],[-86.075,33.646],[-86.025,33.629],[-86.012,33.625],[-85.975,33.612],[-85.925,33.594],[-85.875,33.576],[-85.872,33.575],[-85.825,33.558],[-85.775,33.539],[-85.738,33.525],[-85.725,33.52],[-85.675,33.501],[-85.625,33.482],[-85.607,33.475],[-85.575,33.463],[-85.525,33.444],[-85.475,33.425],[-85.474,33.425],[-85.425,33.407],[-85.375,33.389],[-85.335,33.375],[-85.325,33.372],[-85.275,33.355],[-85.225,33.338],[-85.183,33.325],[-85.175,33.322],[-85.125,33.308],[-85.075,33.293],[-85.031,33.281]],[[-87.375,33.887],[-87.325,33.885],[-87.275,33.883],[-87.225,33.88],[-87.175,33.877],[-87.15,33.875],[-87.125,33.873],[-87.075,33.869],[-87.025,33.863],[-86.975,33.858],[-86.925,33.851],[-86.875,33.844],[-86.825,33.837],[-86.779,33.829]]]}},{"type":"Feature","properties":{"date":"2004-04-07","label":"7 Apr","yday":98,"tier":"day","major":false},"geometry":{"type":"MultiLineString","coordinates":[[[-82.863,33.375],[-82.825,33.373],[-82.775,33.371],[-82.725,33.37],[-82.675,33.371],[-82.625,33.375],[-82.623,33.375]],[[-82.568,33.382],[-82.525,33.39],[-82.475,33.403],[-82.425,33.419],[-82.41,33.425],[-82.375,33.44],[-82.325,33.464],[-82.304,33.475],[-82.275,33.491],[-82.225,33.521],[-82.219,33.525],[-82.175,33.553],[-82.141,33.575],[-82.125,33.586],[-82.075,33.619],[-82.066,33.625],[-82.025,33.652],[-81.99,33.675],[-81.975,33.685],[-81.925,33.717],[-81.913,33.725],[-81.875,33.749],[-81.832,33.775],[-81.825,33.779],[-81.775,33.808],[-81.745,33.825],[-81.725,33.836],[-81.675,33.863],[-81.652,33.875],[-81.625,33.889],[-81.575,33.913],[-81.55,33.925],[-81.525,33.936],[-81.475,33.958],[-81.433,33.975],[-81.425,33.978],[-81.375,33.997],[-81.325,34.015],[-81.296,34.025],[-81.275,34.032],[-81.225,34.047],[-81.175,34.061],[-81.125,34.073],[-81.117,34.075],[-81.075,34.084],[-81.025,34.094],[-80.975,34.103],[-80.925,34.111],[-80.875,34.118],[-80.825,34.125],[-80.822,34.125],[-80.775,34.131],[-80.725,34.136],[-80.675,34.141],[-80.625,34.145],[-80.575,34.149],[-80.525,34.153],[-80.475,34.155],[-80.425,34.158],[-80.375,34.159],[-80.325,34.16],[-80.275,34.161],[-80.225,34.161],[-80.175,34.16],[-80.125,34.16],[-80.075,34.159],[-80.025,34.157],[-79.975,34.155],[-79.925,34.153],[-79.875,34.15],[-79.825,34.147],[-79.775,34.143],[-79.725,34.138],[-79.675,34.133],[-79.625,34.127],[-79.613,34.125],[-79.575,34.12],[-79.525,34.111],[-79.475,34.102],[-79.425,34.092],[-79.375,34.079],[-79.36,34.075],[-79.325,34.065],[-79.275,34.048],[-79.225,34.027],[-79.221,34.025],[-79.175,34.001],[-79.133,33.975],[-79.125,33.969],[-79.075,33.93],[-79.07,33.925],[-79.025,33.884],[-79.016,33.875],[-78.975,33.835],[-78.966,33.825],[-78.925,33.787],[-78.912,33.775],[-78.875,33.746],[-78.863,33.737]],[[-86.639,33.911],[-86.625,33.908],[-86.575,33.897],[-86.525,33.886],[-86.476,33.875],[-86.475,33.875],[-86.425,33.863],[-86.375,33.85],[-86.325,33.837],[-86.279,33.825],[-86.275,33.824],[-86.225,33.81],[-86.175,33.795],[-86.125,33.781],[-86.107,33.775],[-86.075,33.765],[-86.025,33.749],[-85.975,33.733],[-85.951,33.725],[-85.925,33.716],[-85.875,33.699],[-85.825,33.682],[-85.806,33.675],[-85.775,33.664],[-85.725,33.646],[-85.675,33.627],[-85.669,33.625],[-85.625,33.608],[-85.575,33.59],[-85.536,33.575],[-85.525,33.571],[-85.475,33.552],[-85.425,33.533],[-85.403,33.525],[-85.375,33.515],[-85.325,33.497],[-85.275,33.479],[-85.264,33.475],[-85.225,33.462],[-85.175,33.445],[-85.125,33.429],[-85.114,33.425],[-85.075,33.413]],[[-87.425,34.004],[-87.375,34.002],[-87.325,33.999],[-87.275,33.996],[-87.225,33.992],[-87.175,33.988],[-87.125,33.983],[-87.075,33.978],[-87.05,33.975],[-87.025,33.972],[-86.975,33.966],[-86.925,33.959],[-86.906,33.956]]]}},{"type":"Feature","properties":{"date":"2004-04-08","label":"8 Apr","yday":99,"tier":"day","major":false},"geometry":{"type":"MultiLineString","coordinates":[[[-82.378,33.628],[-82.375,33.629],[-82.325,33.659],[-82.3,33.675],[-82.275,33.691],[-82.225,33.724],[-82.223,33.725],[-82.175,33.757],[-82.148,33.775],[-82.125,33.79],[-82.075,33.823],[-82.071,33.825],[-82.025,33.855],[-81.992,33.875],[-81.975,33.885],[-81.925,33.915],[-81.907,33.925],[-81.875,33.943],[-81.825,33.97],[-81.815,33.975],[-81.775,33.995],[-81.725,34.019],[-81.712,34.025],[-81.675,34.041],[-81.625,34.062],[-81.594,34.075],[-81.575,34.082],[-81.525,34.101],[-81.475,34.118],[-81.454,34.125],[-81.425,34.134],[-81.375,34.149],[-81.325,34.163],[-81.278,34.175]],[[-86.775,34.043],[-86.725,34.034],[-86.675,34.025],[-86.674,34.025],[-86.625,34.016],[-86.575,34.006],[-86.525,33.995],[-86.475,33.985],[-86.431,33.975],[-86.425,33.974],[-86.375,33.962],[-86.325,33.95],[-86.275,33.938],[-86.225,33.925],[-86.223,33.925],[-86.175,33.912],[-86.125,33.899],[-86.075,33.885],[-86.041,33.875],[-86.025,33.87],[-85.975,33.856],[-85.925,33.84],[-85.877,33.825],[-85.875,33.824],[-85.825,33.808],[-85.775,33.792],[-85.727,33.775],[-85.725,33.774],[-85.675,33.757],[-85.625,33.739],[-85.586,33.725],[-85.575,33.721],[-85.525,33.703],[-85.475,33.685],[-85.449,33.675],[-85.425,33.666],[-85.375,33.648],[-85.325,33.63],[-85.311,33.625],[-85.275,33.612],[-85.225,33.595],[-85.175,33.578],[-85.167,33.575],[-85.125,33.561],[-85.075,33.545],[-85.025,33.53]],[[-87.381,34.119],[-87.375,34.119],[-87.325,34.115],[-87.275,34.111],[-87.225,34.106],[-87.175,34.1],[-87.147,34.097]],[[-80.967,34.233],[-80.925,34.239],[-80.875,34.245],[-80.825,34.251],[-80.775,34.256],[-80.725,34.261],[-80.675,34.266],[-80.625,34.27],[-80.575,34.274],[-80.561,34.275],[-80.525,34.278],[-80.475,34.281],[-80.425,34.284],[-80.375,34.287],[-80.325,34.29],[-80.275,34.293],[-80.225,34.295],[-80.175,34.298],[-80.125,34.3],[-80.075,34.302],[-80.025,34.305],[-79.975,34.307],[-79.925,34.31],[-79.875,34.312],[-79.825,34.315],[-79.775,34.317],[-79.725,34.32],[-79.675,34.323],[-79.647,34.325],[-79.625,34.326],[-79.575,34.33],[-79.525,34.334],[-79.475,34.339],[-79.425,34.345],[-79.375,34.352],[-79.325,34.36],[-79.275,34.371],[-79.258,34.375],[-79.225,34.384],[-79.175,34.399],[-79.125,34.419],[-79.111,34.425],[-79.075,34.442],[-79.025,34.469],[-79.016,34.475],[-78.975,34.5],[-78.94,34.525],[-78.925,34.536],[-78.875,34.572],[-78.871,34.575],[-78.825,34.607],[-78.797,34.625],[-78.775,34.638],[-78.725,34.664],[-78.698,34.675],[-78.675,34.683],[-78.625,34.695],[-78.575,34.699],[-78.525,34.696],[-78.475,34.685],[-78.449,34.675],[-78.425,34.664],[-78.375,34.63],[-78.369,34.625],[-78.327,34.575],[-78.325,34.572],[-78.303,34.525],[-78.29,34.475],[-78.285,34.425],[-78.286,34.375],[-78.293,34.325],[-78.305,34.275],[-78.319,34.225],[-78.325,34.206],[-78.336,34.175],[-78.353,34.125],[-78.369,34.075],[-78.375,34.045],[-78.38,34.025],[-78.382,33.975],[-78.381,33.969]]]}},{"type":"Feature","properties":{"date":"2004-04-09","label":"9 Apr","yday":100,"tier":"five","major":false},"geometry":{"type":"MultiLineString","coordinates":[[[-82.275,33.925],[-82.225,33.955],[-82.191,33.975],[-82.175,33.984],[-82.125,34.013],[-82.103,34.025],[-82.075,34.04],[-82.025,34.067],[-82.009,34.075],[-81.975,34.092],[-81.925,34.115],[-81.904,34.125]],[[-86.752,34.148],[-86.725,34.143],[-86.675,34.134],[-86.629,34.125],[-86.625,34.124],[-86.575,34.115],[-86.525,34.105],[-86.475,34.095],[-86.425,34.085],[-86.377,34.075],[-86.375,34.075],[-86.325,34.064],[-86.275,34.053],[-86.225,34.042],[-86.175,34.03],[-86.154,34.025],[-86.125,34.018],[-86.075,34.006],[-86.025,33.993],[-85.975,33.98],[-85.957,33.975],[-85.925,33.966],[-85.875,33.952],[-85.825,33.938],[-85.782,33.925],[-85.775,33.923],[-85.725,33.908],[-85.675,33.892],[-85.625,33.876],[-85.623,33.875],[-85.575,33.859],[-85.525,33.842],[-85.476,33.825],[-85.475,33.825],[-85.425,33.808],[-85.375,33.79],[-85.332,33.775],[-85.325,33.773],[-85.275,33.755],[-85.225,33.738],[-85.184,33.725],[-85.175,33.722],[-85.125,33.706],[-85.075,33.691],[-85.025,33.676],[-85.021,33.675],[-84.975,33.663]],[[-80.829,34.371],[-80.825,34.371],[-80.787,34.375]],[[-80.774,34.376],[-80.725,34.381],[-80.675,34.385],[-80.625,34.389],[-80.575,34.394],[-80.525,34.398],[-80.475,34.402],[-80.425,34.407],[-80.375,34.411],[-80.325,34.416],[-80.275,34.421],[-80.229,34.425],[-80.225,34.425],[-80.175,34.431],[-80.125,34.436],[-80.075,34.442],[-80.025,34.448],[-79.975,34.454],[-79.925,34.461],[-79.875,34.468],[-79.835,34.475],[-79.825,34.477],[-79.775,34.485],[-79.725,34.495],[-79.675,34.505],[-79.625,34.516],[-79.59,34.525],[-79.575,34.529],[-79.525,34.542],[-79.475,34.557],[-79.425,34.574],[-79.422,34.575],[-79.375,34.592],[-79.325,34.612],[-79.297,34.625],[-79.275,34.635],[-79.225,34.66],[-79.198,34.675],[-79.175,34.688],[-79.125,34.719],[-79.115,34.725],[-79.075,34.751],[-79.04,34.775],[-79.025,34.785],[-78.975,34.817],[-78.962,34.825],[-78.925,34.847],[-78.875,34.874],[-78.874,34.875],[-78.825,34.898],[-78.775,34.918],[-78.752,34.925],[-78.725,34.933],[-78.675,34.946],[-78.625,34.954],[-78.575,34.959],[-78.525,34.96],[-78.475,34.959],[-78.425,34.955],[-78.375,34.95],[-78.325,34.943],[-78.275,34.936],[-78.225,34.926],[-78.221,34.925],[-78.175,34.911],[-78.125,34.891],[-78.095,34.875],[-78.075,34.861],[-78.034,34.825],[-78.025,34.815],[-77.995,34.775],[-77.975,34.74],[-77.968,34.725],[-77.947,34.675],[-77.932,34.625],[-77.925,34.598],[-77.92,34.575],[-77.911,34.525],[-77.905,34.475],[-77.9,34.425],[-77.898,34.375],[-77.896,34.325],[-77.894,34.275],[-77.893,34.225],[-77.89,34.175],[-77.884,34.125]]]}},{"type":"Feature","properties":{"date":"2004-04-10","label":"10 Apr","yday":101,"tier":"day","major":false},"geometry":{"type":"MultiLineString","coordinates":[[[-85.868,34.082],[-85.838,34.075],[-85.825,34.072],[-85.775,34.059],[-85.725,34.046],[-85.675,34.033],[-85.647,34.025],[-85.625,34.019],[-85.575,34.004],[-85.525,33.99],[-85.478,33.975],[-85.475,33.974],[-85.425,33.959],[-85.375,33.943],[-85.325,33.927],[-85.32,33.925],[-85.275,33.911],[-85.225,33.895],[-85.175,33.879],[-85.162,33.875],[-85.125,33.864],[-85.075,33.85],[-85.025,33.836],[-84.979,33.825],[-84.975,33.824],[-84.925,33.813],[-84.875,33.804],[-84.825,33.796],[-84.775,33.79],[-84.761,33.789]],[[-80.675,34.501],[-80.625,34.505],[-80.575,34.51],[-80.525,34.515],[-80.475,34.52],[-80.432,34.525],[-80.425,34.526],[-80.375,34.532],[-80.325,34.538],[-80.275,34.545],[-80.225,34.552],[-80.175,34.56],[-80.125,34.568],[-80.085,34.575],[-80.075,34.577],[-80.025,34.586],[-79.975,34.597],[-79.925,34.608],[-79.875,34.62],[-79.857,34.625],[-79.825,34.633],[-79.775,34.648],[-79.725,34.663],[-79.688,34.675],[-79.675,34.68],[-79.625,34.697],[-79.575,34.717],[-79.555,34.725],[-79.525,34.737],[-79.475,34.76],[-79.443,34.775],[-79.425,34.784],[-79.375,34.81],[-79.348,34.825],[-79.325,34.838],[-79.275,34.869],[-79.265,34.875],[-79.225,34.9],[-79.185,34.925],[-79.175,34.931],[-79.125,34.963],[-79.105,34.975],[-79.075,34.993],[-79.025,35.023],[-79.021,35.025],[-78.975,35.05],[-78.926,35.075],[-78.925,35.075],[-78.875,35.097],[-78.825,35.117],[-78.8,35.125],[-78.775,35.133],[-78.725,35.146],[-78.675,35.156],[-78.625,35.163],[-78.575,35.168],[-78.525,35.17],[-78.475,35.172],[-78.425,35.172],[-78.375,35.172],[-78.325,35.171],[-78.275,35.17],[-78.225,35.168],[-78.175,35.166],[-78.125,35.164],[-78.075,35.159],[-78.025,35.154],[-77.975,35.145],[-77.925,35.133],[-77.899,35.125],[-77.875,35.116],[-77.825,35.09],[-77.801,35.075],[-77.775,35.052],[-77.749,35.025],[-77.725,34.991],[-77.715,34.975],[-77.693,34.925],[-77.676,34.875],[-77.675,34.872],[-77.662,34.825],[-77.648,34.775],[-77.635,34.725],[-77.625,34.682],[-77.623,34.675],[-77.613,34.625],[-77.605,34.575],[-77.597,34.525],[-77.589,34.475],[-77.587,34.463]]]}},{"type":"Feature","properties":{"date":"2004-04-11","label":"11 Apr","yday":102,"tier":"day","major":false},"geometry":{"type":"MultiLineString","coordinates":[[[-85.711,34.189],[-85.675,34.181],[-85.648,34.175],[-85.625,34.17],[-85.575,34.159],[-85.525,34.147],[-85.475,34.135],[-85.434,34.125],[-85.425,34.123],[-85.375,34.11],[-85.325,34.096],[-85.275,34.082],[-85.249,34.075],[-85.225,34.068],[-85.175,34.054],[-85.125,34.04],[-85.075,34.026],[-85.072,34.025],[-85.025,34.013],[-84.975,34.001],[-84.925,33.991],[-84.875,33.982],[-84.825,33.976],[-84.82,33.975],[-84.775,33.971],[-84.725,33.968],[-84.675,33.967],[-84.625,33.967],[-84.575,33.967]],[[-80.632,34.618],[-80.625,34.619],[-80.575,34.624],[-80.564,34.625],[-80.525,34.629],[-80.475,34.635],[-80.425,34.642],[-80.375,34.649],[-80.325,34.657],[-80.275,34.666],[-80.228,34.675],[-80.225,34.675],[-80.175,34.686],[-80.125,34.697],[-80.075,34.709],[-80.025,34.722],[-80.014,34.725],[-79.975,34.736],[-79.925,34.751],[-79.875,34.768],[-79.854,34.775],[-79.825,34.785],[-79.775,34.804],[-79.725,34.825],[-79.725,34.825],[-79.675,34.847],[-79.625,34.871],[-79.616,34.875],[-79.575,34.896],[-79.525,34.923],[-79.521,34.925],[-79.475,34.95],[-79.432,34.975],[-79.425,34.979],[-79.375,35.008],[-79.347,35.025],[-79.325,35.038],[-79.275,35.067],[-79.263,35.075],[-79.225,35.097],[-79.178,35.125],[-79.175,35.126],[-79.125,35.155],[-79.088,35.175],[-79.075,35.182],[-79.025,35.208],[-78.989,35.225],[-78.975,35.232],[-78.925,35.253],[-78.875,35.273],[-78.869,35.275],[-78.825,35.29],[-78.775,35.304],[-78.725,35.316],[-78.675,35.324],[-78.661,35.325],[-78.625,35.328],[-78.575,35.331],[-78.525,35.333],[-78.475,35.334],[-78.425,35.335],[-78.375,35.336],[-78.325,35.337],[-78.275,35.338],[-78.225,35.339],[-78.175,35.34],[-78.125,35.342],[-78.075,35.343],[-78.025,35.344],[-77.975,35.345],[-77.925,35.344],[-77.875,35.343],[-77.825,35.341],[-77.775,35.338],[-77.725,35.332],[-77.682,35.325],[-77.675,35.324],[-77.625,35.309],[-77.575,35.286],[-77.556,35.275],[-77.525,35.251],[-77.497,35.225],[-77.475,35.199],[-77.458,35.175],[-77.43,35.125],[-77.425,35.114],[-77.409,35.075],[-77.394,35.025],[-77.382,34.975],[-77.375,34.936],[-77.373,34.925],[-77.366,34.875],[-77.359,34.825],[-77.352,34.775],[-77.349,34.749]]]}},{"type":"Feature","properties":{"date":"2004-04-12","label":"12 Apr","yday":103,"tier":"day","major":false},"geometry":{"type":"MultiLineString","coordinates":[[[-85.401,34.299],[-85.375,34.295],[-85.325,34.287],[-85.275,34.278],[-85.257,34.275],[-85.225,34.269],[-85.175,34.26],[-85.125,34.249],[-85.075,34.239],[-85.025,34.227],[-85.015,34.225],[-84.975,34.216],[-84.925,34.206],[-84.875,34.197],[-84.825,34.189],[-84.775,34.185],[-84.725,34.182],[-84.675,34.18],[-84.629,34.179]],[[-80.325,34.775],[-80.325,34.775],[-80.324,34.775]],[[-80.261,34.789],[-80.225,34.797],[-80.175,34.81],[-80.125,34.823],[-80.12,34.825],[-80.075,34.838],[-80.025,34.854],[-79.975,34.872],[-79.967,34.875],[-79.925,34.891],[-79.875,34.911],[-79.842,34.925],[-79.825,34.932],[-79.775,34.955],[-79.734,34.975],[-79.725,34.98],[-79.675,35.005],[-79.639,35.025],[-79.625,35.033],[-79.575,35.061],[-79.55,35.075],[-79.525,35.089],[-79.475,35.117],[-79.462,35.125],[-79.425,35.146],[-79.375,35.175],[-79.374,35.175],[-79.325,35.203],[-79.286,35.225],[-79.275,35.231],[-79.225,35.259],[-79.195,35.275],[-79.175,35.286],[-79.125,35.311],[-79.097,35.325],[-79.075,35.335],[-79.025,35.358],[-78.984,35.375],[-78.975,35.378],[-78.925,35.397],[-78.875,35.413],[-78.834,35.425],[-78.825,35.428],[-78.775,35.439],[-78.725,35.448],[-78.675,35.454],[-78.625,35.458],[-78.575,35.461],[-78.525,35.464],[-78.475,35.465],[-78.425,35.467],[-78.375,35.469],[-78.325,35.471],[-78.275,35.474],[-78.251,35.475],[-78.225,35.477],[-78.175,35.48],[-78.125,35.483],[-78.075,35.487],[-78.025,35.491],[-77.975,35.494],[-77.925,35.498],[-77.875,35.501],[-77.825,35.504],[-77.775,35.507],[-77.725,35.509],[-77.675,35.51],[-77.625,35.509],[-77.575,35.505],[-77.525,35.498],[-77.475,35.488],[-77.435,35.475],[-77.425,35.471],[-77.375,35.446],[-77.342,35.425],[-77.325,35.412],[-77.284,35.375],[-77.275,35.365],[-77.243,35.325],[-77.225,35.297],[-77.212,35.275],[-77.188,35.225],[-77.175,35.192],[-77.169,35.175],[-77.154,35.125],[-77.142,35.075],[-77.133,35.025],[-77.125,34.975],[-77.125,34.971],[-77.12,34.925],[-77.116,34.875],[-77.113,34.825],[-77.109,34.775],[-77.108,34.758]]]}},{"type":"Feature","properties":{"date":"2004-04-13","label":"13 Apr","yday":104,"tier":"day","major":false},"geometry":{"type":"MultiLineString","coordinates":[[[-76.909,34.925],[-76.906,34.875],[-76.904,34.825],[-76.902,34.775],[-76.9,34.75]],[[-80.125,34.949],[-80.075,34.966],[-80.051,34.975],[-80.025,34.985],[-79.975,35.005],[-79.928,35.025],[-79.925,35.026],[-79.875,35.049],[-79.825,35.073],[-79.821,35.075],[-79.775,35.098],[-79.725,35.125],[-79.725,35.125],[-79.675,35.152],[-79.634,35.175],[-79.625,35.18],[-79.575,35.208],[-79.545,35.225],[-79.525,35.236],[-79.475,35.264],[-79.456,35.275],[-79.425,35.293],[-79.375,35.321],[-79.367,35.325],[-79.325,35.348],[-79.275,35.375],[-79.274,35.375],[-79.225,35.4],[-79.175,35.425],[-79.174,35.425],[-79.125,35.447],[-79.075,35.468],[-79.058,35.475],[-79.034,35.484]],[[-78.933,35.517],[-78.925,35.52],[-78.905,35.525],[-78.875,35.533],[-78.825,35.544],[-78.775,35.554],[-78.725,35.561],[-78.675,35.568],[-78.625,35.572],[-78.593,35.575],[-78.575,35.576],[-78.525,35.58],[-78.475,35.582],[-78.425,35.585],[-78.375,35.588],[-78.325,35.591],[-78.275,35.595],[-78.225,35.599],[-78.175,35.603],[-78.125,35.608],[-78.075,35.613],[-78.025,35.618],[-77.975,35.623],[-77.955,35.625],[-77.925,35.628],[-77.875,35.634],[-77.825,35.64],[-77.775,35.646],[-77.725,35.651],[-77.675,35.657],[-77.625,35.661],[-77.575,35.665],[-77.525,35.666],[-77.475,35.666],[-77.425,35.663],[-77.375,35.655],[-77.325,35.642],[-77.277,35.625],[-77.275,35.624],[-77.225,35.599],[-77.186,35.575],[-77.175,35.567],[-77.125,35.525],[-77.125,35.525],[-77.08,35.475],[-77.075,35.469],[-77.044,35.425],[-77.025,35.392],[-77.016,35.375],[-76.993,35.325],[-76.975,35.278],[-76.974,35.275],[-76.959,35.225],[-76.946,35.175],[-76.935,35.125],[-76.926,35.075]]]}},{"type":"Feature","properties":{"date":"2004-04-14","label":"14 Apr","yday":105,"tier":"index","major":true},"geometry":{"type":"MultiLineString","coordinates":[[[-76.721,34.879],[-76.72,34.875],[-76.718,34.825]],[[-80.075,35.093],[-80.025,35.114],[-79.999,35.125],[-79.975,35.136],[-79.925,35.159],[-79.892,35.175],[-79.875,35.183],[-79.825,35.209],[-79.794,35.225],[-79.775,35.235],[-79.725,35.262],[-79.701,35.275],[-79.675,35.29],[-79.625,35.317],[-79.612,35.325],[-79.575,35.345],[-79.525,35.374],[-79.522,35.375],[-79.492,35.392]],[[-79.312,35.488],[-79.275,35.506],[-79.235,35.525]],[[-78.875,35.645],[-78.825,35.655],[-78.775,35.663],[-78.725,35.67],[-78.688,35.675],[-78.676,35.676]],[[-78.234,35.716],[-78.225,35.716],[-78.175,35.721],[-78.14,35.725],[-78.125,35.727],[-78.075,35.732],[-78.025,35.738],[-77.975,35.744],[-77.925,35.75],[-77.875,35.758],[-77.825,35.766],[-77.775,35.774],[-77.771,35.775],[-77.725,35.783],[-77.675,35.792],[-77.625,35.799],[-77.575,35.806],[-77.525,35.811],[-77.475,35.814],[-77.425,35.815],[-77.375,35.813],[-77.325,35.808],[-77.275,35.801],[-77.225,35.789],[-77.177,35.775],[-77.175,35.774],[-77.125,35.754],[-77.075,35.729],[-77.068,35.725],[-77.025,35.697],[-76.996,35.675],[-76.975,35.657],[-76.943,35.625],[-76.925,35.604],[-76.902,35.575],[-76.891,35.559]]]}},{"type":"Feature","properties":{"date":"2004-04-15","label":"15 Apr","yday":106,"tier":"day","major":false},"geometry":{"type":"MultiLineString","coordinates":[[[-76.54,34.96],[-76.535,34.925],[-76.529,34.875],[-76.525,34.846],[-76.522,34.825],[-76.514,34.786]],[[-80.125,35.198],[-80.075,35.219],[-80.062,35.225],[-80.025,35.242],[-79.975,35.265],[-79.955,35.275],[-79.925,35.29],[-79.902,35.302]],[[-79.79,35.36],[-79.775,35.368],[-79.762,35.375],[-79.725,35.395],[-79.675,35.423],[-79.671,35.425]],[[-78.041,35.859],[-78.025,35.861],[-77.975,35.868],[-77.931,35.875],[-77.925,35.876],[-77.875,35.886],[-77.825,35.897],[-77.775,35.908],[-77.725,35.919],[-77.695,35.925],[-77.675,35.929],[-77.625,35.939],[-77.575,35.947],[-77.525,35.954],[-77.475,35.959],[-77.425,35.963],[-77.375,35.964],[-77.325,35.964],[-77.275,35.961],[-77.225,35.956],[-77.175,35.949],[-77.125,35.939],[-77.075,35.926],[-77.071,35.925],[-77.025,35.91],[-76.975,35.889],[-76.947,35.875],[-76.925,35.863],[-76.875,35.831],[-76.867,35.825],[-76.825,35.79],[-76.81,35.775],[-76.775,35.738],[-76.764,35.725],[-76.728,35.675],[-76.725,35.67]]]}},{"type":"Feature","properties":{"date":"2004-04-16","label":"16 Apr","yday":107,"tier":"day","major":false},"geometry":{"type":"MultiLineString","coordinates":[[[-80.124,35.326],[-80.075,35.348],[-80.025,35.371],[-80.018,35.375]],[[-76.66,35.925],[-76.625,35.887],[-76.616,35.875],[-76.58,35.825],[-76.578,35.822]],[[-77.864,36.036],[-77.825,36.045],[-77.775,36.057],[-77.725,36.069],[-77.696,36.075],[-77.675,36.08],[-77.625,36.09],[-77.575,36.099],[-77.525,36.106],[-77.475,36.113],[-77.425,36.117],[-77.375,36.121],[-77.325,36.123],[-77.275,36.123],[-77.225,36.122],[-77.175,36.12],[-77.125,36.116],[-77.075,36.11],[-77.025,36.101],[-76.975,36.091],[-76.925,36.077],[-76.918,36.075],[-76.875,36.06],[-76.825,36.039],[-76.796,36.025],[-76.775,36.013],[-76.725,35.981]]]}},{"type":"Feature","properties":{"date":"2004-04-17","label":"17 Apr","yday":108,"tier":"day","major":false},"geometry":{"type":"MultiLineString","coordinates":[[[-76.687,36.213],[-76.675,36.208],[-76.625,36.18],[-76.617,36.175],[-76.575,36.146]],[[-77.708,36.242],[-77.675,36.249],[-77.625,36.258],[-77.575,36.267],[-77.525,36.274],[-77.518,36.275],[-77.475,36.281],[-77.425,36.286],[-77.375,36.29],[-77.325,36.293],[-77.275,36.296],[-77.225,36.297],[-77.175,36.297],[-77.125,36.297],[-77.075,36.295],[-77.025,36.292],[-76.975,36.288],[-76.925,36.282],[-76.886,36.275],[-76.875,36.273],[-76.825,36.262],[-76.775,36.248],[-76.758,36.242]]]}},{"type":"Feature","properties":{"date":"2004-04-18","label":"18 Apr","yday":109,"tier":"day","major":false},"geometry":{"type":"MultiLineString","coordinates":[[[-77.647,36.447],[-77.625,36.45],[-77.575,36.457],[-77.525,36.464],[-77.475,36.469],[-77.425,36.474],[-77.417,36.475],[-77.375,36.479],[-77.325,36.483],[-77.275,36.487],[-77.225,36.49],[-77.175,36.492],[-77.125,36.494],[-77.075,36.495],[-77.025,36.495],[-76.975,36.494],[-76.925,36.491],[-76.875,36.488],[-76.825,36.483],[-76.775,36.476],[-76.772,36.475],[-76.725,36.466],[-76.675,36.454],[-76.625,36.438],[-76.592,36.425],[-76.575,36.418],[-76.525,36.393],[-76.495,36.375],[-76.475,36.362]]]}},{"type":"Feature","properties":{"date":"2004-04-19","label":"19 Apr","yday":110,"tier":"five","major":false},"geometry":{"type":"MultiLineString","coordinates":[[[-75.925,35.825],[-75.925,35.824],[-75.914,35.775],[-75.903,35.725],[-75.898,35.702]],[[-77.875,36.638],[-77.825,36.648],[-77.775,36.657],[-77.725,36.665],[-77.675,36.671],[-77.671,36.671]],[[-77.093,36.707],[-77.075,36.707],[-77.025,36.707],[-76.975,36.707],[-76.925,36.706],[-76.875,36.704],[-76.825,36.702],[-76.775,36.699],[-76.725,36.695],[-76.675,36.689],[-76.625,36.682],[-76.591,36.675],[-76.575,36.672],[-76.525,36.658],[-76.475,36.642],[-76.433,36.625],[-76.425,36.622],[-76.375,36.596],[-76.341,36.575],[-76.331,36.569]]]}}]}