{"type":"FeatureCollection","features":[{"type":"Feature","properties":{"date":"2020-02-08","label":"8 Feb","yday":39,"tier":"day","major":false},"geometry":{"type":"MultiLineString","coordinates":[[[-82.075,26.68],[-82.025,26.677],[-81.975,26.675],[-81.975,26.675]]]}},{"type":"Feature","properties":{"date":"2020-02-09","label":"9 Feb","yday":40,"tier":"five","major":false},"geometry":{"type":"MultiLineString","coordinates":[[[-82.025,26.888],[-81.975,26.885],[-81.925,26.884],[-81.875,26.883],[-81.825,26.884],[-81.775,26.885],[-81.725,26.887],[-81.675,26.889],[-81.625,26.892],[-81.575,26.895],[-81.525,26.899],[-81.475,26.903],[-81.425,26.908],[-81.388,26.912]],[[-82.325,26.925],[-82.325,26.925],[-82.322,26.925],[-82.275,26.918],[-82.225,26.912],[-82.209,26.909]]]}},{"type":"Feature","properties":{"date":"2020-02-10","label":"10 Feb","yday":41,"tier":"day","major":false},"geometry":{"type":"MultiLineString","coordinates":[[[-82.525,27.234],[-82.475,27.229],[-82.436,27.225],[-82.425,27.224],[-82.375,27.219],[-82.325,27.213],[-82.275,27.207],[-82.225,27.201],[-82.175,27.196],[-82.125,27.19],[-82.075,27.186],[-82.025,27.182],[-81.975,27.179],[-81.925,27.176],[-81.875,27.175],[-81.825,27.175],[-81.775,27.176],[-81.725,27.178],[-81.675,27.181],[-81.625,27.184],[-81.575,27.188],[-81.525,27.192],[-81.475,27.197],[-81.425,27.202],[-81.375,27.208],[-81.325,27.214],[-81.275,27.221],[-81.247,27.225],[-81.225,27.229],[-81.221,27.229]]]}},{"type":"Feature","properties":{"date":"2020-02-11","label":"11 Feb","yday":42,"tier":"day","major":false},"geometry":{"type":"MultiLineString","coordinates":[[[-82.571,27.579],[-82.525,27.582],[-82.475,27.585],[-82.425,27.587],[-82.375,27.59],[-82.325,27.592],[-82.275,27.594],[-82.225,27.597],[-82.175,27.6],[-82.125,27.603],[-82.075,27.606],[-82.025,27.61],[-81.975,27.615],[-81.925,27.621],[-81.895,27.625],[-81.875,27.628],[-81.825,27.636],[-81.775,27.645],[-81.725,27.657],[-81.675,27.67],[-81.658,27.675],[-81.625,27.686],[-81.575,27.704],[-81.526,27.725],[-81.525,27.725],[-81.475,27.75],[-81.431,27.775],[-81.425,27.779],[-81.375,27.811],[-81.356,27.825],[-81.325,27.848],[-81.29,27.875],[-81.275,27.887],[-81.229,27.925],[-81.225,27.928],[-81.175,27.969],[-81.168,27.975],[-81.125,28.008],[-81.102,28.025],[-81.075,28.044],[-81.027,28.075],[-81.025,28.076],[-80.975,28.104],[-80.933,28.125],[-80.925,28.128]]]}},{"type":"Feature","properties":{"date":"2020-02-12","label":"12 Feb","yday":43,"tier":"day","major":false},"geometry":{"type":"MultiLineString","coordinates":[[[-82.825,27.84],[-82.775,27.854],[-82.725,27.868],[-82.699,27.875],[-82.68,27.88]],[[-82.543,27.907],[-82.525,27.91],[-82.482,27.918]],[[-82.443,27.925],[-82.425,27.928],[-82.375,27.938],[-82.325,27.949],[-82.275,27.96],[-82.225,27.974],[-82.22,27.975],[-82.175,27.988],[-82.125,28.003],[-82.075,28.021],[-82.063,28.025],[-82.025,28.039],[-81.975,28.059],[-81.937,28.075],[-81.925,28.08],[-81.875,28.104],[-81.837,28.125],[-81.825,28.131],[-81.775,28.16],[-81.751,28.175],[-81.725,28.191],[-81.675,28.223],[-81.673,28.225],[-81.625,28.256],[-81.598,28.275],[-81.575,28.29],[-81.525,28.324],[-81.524,28.325],[-81.475,28.356],[-81.446,28.375],[-81.425,28.387],[-81.375,28.416],[-81.357,28.425],[-81.325,28.44],[-81.275,28.46],[-81.227,28.475],[-81.225,28.476],[-81.175,28.488],[-81.125,28.498],[-81.075,28.506],[-81.025,28.513],[-81.014,28.514]]]}},{"type":"Feature","properties":{"date":"2020-02-13","label":"13 Feb","yday":44,"tier":"day","major":false},"geometry":{"type":"MultiLineString","coordinates":[[[-82.775,28.077],[-82.725,28.09],[-82.675,28.103],[-82.625,28.116],[-82.591,28.125],[-82.575,28.129],[-82.525,28.142],[-82.475,28.155],[-82.425,28.169],[-82.406,28.175],[-82.375,28.184],[-82.325,28.2],[-82.275,28.218],[-82.258,28.225],[-82.225,28.238],[-82.175,28.259],[-82.139,28.275],[-82.125,28.282],[-82.075,28.306],[-82.04,28.325],[-82.025,28.333],[-81.975,28.361],[-81.952,28.375],[-81.925,28.391],[-81.875,28.423],[-81.871,28.425],[-81.825,28.455],[-81.794,28.475],[-81.775,28.487],[-81.725,28.52],[-81.717,28.525],[-81.675,28.551],[-81.635,28.575],[-81.625,28.581],[-81.575,28.609],[-81.543,28.625],[-81.525,28.634],[-81.475,28.657],[-81.431,28.675],[-81.425,28.677],[-81.375,28.695],[-81.325,28.71],[-81.275,28.724],[-81.269,28.725],[-81.225,28.735],[-81.175,28.744],[-81.125,28.751],[-81.075,28.758]]]}},{"type":"Feature","properties":{"date":"2020-02-14","label":"14 Feb","yday":45,"tier":"index","major":true},"geometry":{"type":"MultiLineString","coordinates":[[[-82.722,28.278],[-82.675,28.291],[-82.625,28.305],[-82.575,28.32],[-82.557,28.325],[-82.525,28.335],[-82.475,28.351],[-82.425,28.369],[-82.408,28.375],[-82.375,28.388],[-82.325,28.409],[-82.289,28.425],[-82.275,28.432],[-82.225,28.456],[-82.19,28.475],[-82.175,28.483],[-82.125,28.511],[-82.102,28.525],[-82.075,28.541],[-82.025,28.573],[-82.022,28.575],[-81.975,28.606],[-81.946,28.625],[-81.925,28.639],[-81.875,28.672],[-81.871,28.675],[-81.825,28.704],[-81.792,28.725],[-81.775,28.735],[-81.725,28.764],[-81.704,28.775],[-81.675,28.79],[-81.625,28.814],[-81.6,28.825],[-81.575,28.836],[-81.525,28.856],[-81.475,28.874],[-81.472,28.875],[-81.425,28.89],[-81.375,28.905],[-81.325,28.918],[-81.295,28.925],[-81.275,28.93],[-81.225,28.94],[-81.175,28.948],[-81.125,28.956],[-81.075,28.962],[-81.025,28.967]]]}},{"type":"Feature","properties":{"date":"2020-02-15","label":"15 Feb","yday":46,"tier":"day","major":false},"geometry":{"type":"MultiLineString","coordinates":[[[-82.625,28.484],[-82.575,28.5],[-82.525,28.518],[-82.506,28.525],[-82.475,28.537],[-82.425,28.558],[-82.387,28.575],[-82.375,28.581],[-82.325,28.605],[-82.288,28.625],[-82.275,28.632],[-82.225,28.66],[-82.201,28.675],[-82.175,28.691],[-82.125,28.723],[-82.121,28.725],[-82.075,28.756],[-82.046,28.775],[-82.025,28.789],[-81.975,28.823],[-81.972,28.825],[-81.925,28.855],[-81.893,28.875],[-81.875,28.886],[-81.825,28.915],[-81.806,28.925],[-81.775,28.942],[-81.725,28.966],[-81.706,28.975],[-81.675,28.989],[-81.625,29.011],[-81.589,29.025],[-81.575,29.031],[-81.525,29.049],[-81.475,29.065],[-81.442,29.075],[-81.425,29.08],[-81.375,29.094],[-81.325,29.106],[-81.275,29.116],[-81.229,29.125],[-81.225,29.126],[-81.175,29.134],[-81.125,29.141],[-81.075,29.147],[-81.025,29.152],[-80.975,29.157]]]}},{"type":"Feature","properties":{"date":"2020-02-16","label":"16 Feb","yday":47,"tier":"day","major":false},"geometry":{"type":"MultiLineString","coordinates":[[[-82.625,28.663],[-82.593,28.675],[-82.575,28.682],[-82.525,28.702],[-82.475,28.724],[-82.472,28.725],[-82.425,28.747],[-82.375,28.771],[-82.368,28.775],[-82.325,28.798],[-82.28,28.825],[-82.275,28.828],[-82.225,28.86],[-82.202,28.875],[-82.175,28.892],[-82.126,28.925],[-82.125,28.925],[-82.075,28.958],[-82.049,28.975],[-82.025,28.99],[-81.975,29.02],[-81.967,29.025],[-81.925,29.05],[-81.88,29.075],[-81.875,29.078],[-81.825,29.104],[-81.783,29.125],[-81.775,29.129],[-81.725,29.153],[-81.675,29.175],[-81.674,29.175],[-81.625,29.195],[-81.575,29.214],[-81.545,29.225],[-81.525,29.232],[-81.475,29.248],[-81.425,29.262],[-81.377,29.275],[-81.375,29.275],[-81.325,29.287],[-81.275,29.297],[-81.225,29.306],[-81.175,29.314],[-81.125,29.321],[-81.089,29.325],[-81.075,29.327]]]}},{"type":"Feature","properties":{"date":"2020-02-17","label":"17 Feb","yday":48,"tier":"day","major":false},"geometry":{"type":"MultiLineString","coordinates":[[[-82.625,28.844],[-82.575,28.865],[-82.554,28.875],[-82.525,28.888],[-82.475,28.913],[-82.452,28.925],[-82.425,28.939],[-82.375,28.967],[-82.361,28.975],[-82.325,28.996],[-82.278,29.025],[-82.275,29.027],[-82.225,29.058],[-82.198,29.075],[-82.175,29.089],[-82.125,29.12],[-82.116,29.125],[-82.075,29.15],[-82.032,29.175],[-82.025,29.179],[-81.975,29.207],[-81.943,29.225],[-81.925,29.235],[-81.875,29.262],[-81.849,29.275],[-81.825,29.287],[-81.775,29.312],[-81.747,29.325],[-81.725,29.335],[-81.675,29.357],[-81.632,29.375],[-81.625,29.378],[-81.575,29.397],[-81.525,29.414],[-81.49,29.425],[-81.475,29.43],[-81.425,29.444],[-81.375,29.456],[-81.325,29.467],[-81.285,29.475],[-81.275,29.477],[-81.225,29.485],[-81.175,29.492],[-81.146,29.496]]]}},{"type":"Feature","properties":{"date":"2020-02-18","label":"18 Feb","yday":49,"tier":"day","major":false},"geometry":{"type":"MultiLineString","coordinates":[[[-82.725,28.981],[-82.675,29.003],[-82.626,29.025],[-82.625,29.025],[-82.575,29.049],[-82.525,29.075],[-82.524,29.075],[-82.475,29.101],[-82.431,29.125],[-82.425,29.128],[-82.375,29.157],[-82.344,29.175],[-82.325,29.186],[-82.275,29.215],[-82.258,29.225],[-82.225,29.244],[-82.175,29.273],[-82.172,29.275],[-82.125,29.303],[-82.086,29.325],[-82.075,29.332],[-82.025,29.36],[-81.999,29.375],[-81.975,29.389],[-81.925,29.417],[-81.91,29.425],[-81.875,29.444],[-81.825,29.47],[-81.816,29.475],[-81.775,29.496],[-81.725,29.52],[-81.713,29.525],[-81.675,29.542],[-81.625,29.563],[-81.592,29.575],[-81.575,29.581],[-81.525,29.598],[-81.475,29.613],[-81.427,29.625],[-81.425,29.626],[-81.375,29.637],[-81.325,29.646],[-81.275,29.654],[-81.225,29.661]]]}},{"type":"Feature","properties":{"date":"2020-02-19","label":"19 Feb","yday":50,"tier":"five","major":false},"geometry":{"type":"MultiLineString","coordinates":[[[-82.781,29.131],[-82.775,29.134],[-82.725,29.156],[-82.684,29.175],[-82.675,29.179],[-82.625,29.203],[-82.581,29.225],[-82.575,29.228],[-82.525,29.254],[-82.485,29.275],[-82.475,29.28],[-82.425,29.307],[-82.393,29.325],[-82.375,29.335],[-82.325,29.363],[-82.304,29.375],[-82.275,29.392],[-82.225,29.421],[-82.218,29.425],[-82.175,29.45],[-82.133,29.475],[-82.125,29.48],[-82.075,29.51],[-82.05,29.525],[-82.025,29.541],[-81.975,29.571],[-81.968,29.575],[-81.925,29.601],[-81.884,29.625],[-81.875,29.63],[-81.825,29.658],[-81.794,29.675],[-81.775,29.685],[-81.725,29.709],[-81.69,29.725],[-81.675,29.732],[-81.625,29.752],[-81.575,29.769],[-81.554,29.775],[-81.525,29.783],[-81.475,29.796],[-81.425,29.806],[-81.375,29.814],[-81.325,29.821],[-81.285,29.825],[-81.276,29.826]]]}},{"type":"Feature","properties":{"date":"2020-02-20","label":"20 Feb","yday":51,"tier":"day","major":false},"geometry":{"type":"MultiLineString","coordinates":[[[-83.025,29.2],[-82.984,29.216]],[[-82.96,29.225],[-82.925,29.239],[-82.875,29.26],[-82.839,29.275],[-82.825,29.281],[-82.775,29.303],[-82.728,29.325],[-82.725,29.326],[-82.675,29.35],[-82.625,29.375],[-82.624,29.375],[-82.575,29.4],[-82.526,29.425],[-82.525,29.426],[-82.475,29.452],[-82.433,29.475],[-82.425,29.479],[-82.375,29.507],[-82.343,29.525],[-82.325,29.535],[-82.275,29.564],[-82.257,29.575],[-82.225,29.595],[-82.177,29.625],[-82.175,29.626],[-82.125,29.659],[-82.102,29.675],[-82.075,29.693],[-82.028,29.725],[-82.025,29.727],[-81.975,29.76],[-81.952,29.775],[-81.925,29.793],[-81.875,29.824],[-81.873,29.825],[-81.825,29.853],[-81.783,29.875],[-81.775,29.879],[-81.725,29.903],[-81.675,29.924],[-81.673,29.925],[-81.625,29.942],[-81.575,29.956],[-81.525,29.967],[-81.475,29.975],[-81.474,29.975],[-81.425,29.981],[-81.375,29.985],[-81.325,29.988]]]}},{"type":"Feature","properties":{"date":"2020-02-21","label":"21 Feb","yday":52,"tier":"day","major":false},"geometry":{"type":"MultiLineString","coordinates":[[[-83.123,29.323],[-83.119,29.325],[-83.075,29.342],[-83.025,29.361],[-82.991,29.375],[-82.975,29.381],[-82.925,29.402],[-82.875,29.424],[-82.872,29.425],[-82.825,29.446],[-82.775,29.469],[-82.763,29.475],[-82.725,29.493],[-82.675,29.517],[-82.66,29.525],[-82.625,29.543],[-82.575,29.568],[-82.562,29.575],[-82.525,29.595],[-82.475,29.622],[-82.47,29.625],[-82.425,29.65],[-82.382,29.675],[-82.375,29.679],[-82.325,29.709],[-82.3,29.725],[-82.275,29.742],[-82.227,29.775],[-82.225,29.776],[-82.175,29.812],[-82.157,29.825],[-82.125,29.848],[-82.087,29.875],[-82.075,29.884],[-82.025,29.919],[-82.016,29.925],[-81.975,29.953],[-81.94,29.975],[-81.925,29.985],[-81.875,30.015],[-81.857,30.025],[-81.825,30.043],[-81.775,30.068],[-81.759,30.075],[-81.725,30.089],[-81.675,30.107],[-81.625,30.121],[-81.604,30.125],[-81.575,30.13],[-81.525,30.137],[-81.475,30.14],[-81.425,30.143],[-81.375,30.144]]]}},{"type":"Feature","properties":{"date":"2020-02-22","label":"22 Feb","yday":53,"tier":"day","major":false},"geometry":{"type":"MultiLineString","coordinates":[[[-83.238,29.438],[-83.225,29.442],[-83.175,29.461],[-83.137,29.475],[-83.125,29.48],[-83.075,29.499],[-83.025,29.52],[-83.013,29.525],[-82.975,29.541],[-82.925,29.563],[-82.898,29.575],[-82.875,29.586],[-82.825,29.609],[-82.791,29.625],[-82.775,29.633],[-82.725,29.658],[-82.691,29.675],[-82.675,29.683],[-82.625,29.71],[-82.597,29.725],[-82.575,29.737],[-82.525,29.766],[-82.509,29.775],[-82.475,29.795],[-82.427,29.825],[-82.425,29.826],[-82.375,29.858],[-82.35,29.875],[-82.325,29.892],[-82.278,29.925],[-82.275,29.927],[-82.225,29.962],[-82.206,29.975],[-82.175,29.997],[-82.135,30.025],[-82.125,30.031],[-82.075,30.065],[-82.06,30.075],[-82.025,30.097],[-81.981,30.125],[-81.975,30.128],[-81.925,30.157],[-81.892,30.175],[-81.875,30.184],[-81.825,30.207],[-81.785,30.225],[-81.775,30.229],[-81.725,30.246],[-81.675,30.26],[-81.625,30.269],[-81.576,30.275],[-81.575,30.275],[-81.525,30.279],[-81.475,30.28],[-81.425,30.281]]]}},{"type":"Feature","properties":{"date":"2020-02-23","label":"23 Feb","yday":54,"tier":"day","major":false},"geometry":{"type":"MultiLineString","coordinates":[[[-83.375,29.541],[-83.325,29.559],[-83.279,29.575],[-83.275,29.577],[-83.225,29.595],[-83.175,29.614],[-83.148,29.625],[-83.125,29.634],[-83.075,29.655],[-83.028,29.675],[-83.025,29.676],[-82.975,29.698],[-82.925,29.721],[-82.917,29.725],[-82.875,29.745],[-82.825,29.77],[-82.814,29.775],[-82.775,29.795],[-82.725,29.821],[-82.718,29.825],[-82.675,29.848],[-82.628,29.875],[-82.625,29.877],[-82.575,29.906],[-82.543,29.925],[-82.525,29.936],[-82.475,29.967],[-82.463,29.975],[-82.425,29.999],[-82.386,30.025],[-82.375,30.032],[-82.325,30.065],[-82.31,30.075],[-82.275,30.098],[-82.234,30.125],[-82.225,30.131],[-82.175,30.163],[-82.155,30.175],[-82.125,30.193],[-82.075,30.223],[-82.072,30.225],[-82.025,30.251],[-81.979,30.275],[-81.975,30.277],[-81.925,30.3],[-81.875,30.322],[-81.867,30.325],[-81.825,30.341],[-81.775,30.357],[-81.725,30.37],[-81.704,30.375],[-81.675,30.381],[-81.625,30.389],[-81.575,30.394],[-81.525,30.398],[-81.475,30.4],[-81.425,30.401]]]}},{"type":"Feature","properties":{"date":"2020-02-24","label":"24 Feb","yday":55,"tier":"five","major":false},"geometry":{"type":"MultiLineString","coordinates":[[[-83.423,29.673],[-83.417,29.675],[-83.375,29.69],[-83.325,29.707],[-83.278,29.725],[-83.275,29.726],[-83.225,29.745],[-83.175,29.765],[-83.152,29.775],[-83.125,29.786],[-83.075,29.808],[-83.036,29.825],[-83.025,29.83],[-82.975,29.853],[-82.929,29.875],[-82.925,29.877],[-82.875,29.902],[-82.83,29.925],[-82.825,29.927],[-82.775,29.954],[-82.736,29.975],[-82.725,29.981],[-82.675,30.009],[-82.648,30.025],[-82.625,30.038],[-82.575,30.068],[-82.563,30.075],[-82.525,30.098],[-82.481,30.125],[-82.475,30.129],[-82.425,30.159],[-82.4,30.175],[-82.375,30.19],[-82.325,30.221],[-82.318,30.225],[-82.275,30.25],[-82.233,30.275],[-82.225,30.279],[-82.175,30.307],[-82.142,30.325],[-82.125,30.334],[-82.075,30.359],[-82.041,30.375],[-82.025,30.382],[-81.975,30.404],[-81.925,30.424],[-81.922,30.425],[-81.875,30.441],[-81.825,30.457],[-81.775,30.47],[-81.756,30.475],[-81.725,30.482],[-81.675,30.491],[-81.625,30.498],[-81.575,30.504],[-81.525,30.508],[-81.475,30.51]]]}},{"type":"Feature","properties":{"date":"2020-02-25","label":"25 Feb","yday":56,"tier":"day","major":false},"geometry":{"type":"MultiLineString","coordinates":[[[-83.57,29.77],[-83.554,29.775],[-83.525,29.784],[-83.475,29.8],[-83.425,29.817],[-83.403,29.825],[-83.375,29.835],[-83.325,29.854],[-83.275,29.873],[-83.269,29.875],[-83.225,29.893],[-83.175,29.913],[-83.148,29.925],[-83.125,29.935],[-83.075,29.957],[-83.036,29.975],[-83.025,29.98],[-82.975,30.004],[-82.932,30.025],[-82.925,30.029],[-82.875,30.054],[-82.835,30.075],[-82.825,30.08],[-82.775,30.107],[-82.742,30.125],[-82.725,30.134],[-82.675,30.162],[-82.652,30.175],[-82.625,30.19],[-82.575,30.219],[-82.565,30.225],[-82.525,30.248],[-82.478,30.275],[-82.475,30.276],[-82.425,30.305],[-82.389,30.325],[-82.375,30.333],[-82.325,30.36],[-82.297,30.375],[-82.275,30.387],[-82.225,30.412],[-82.199,30.425],[-82.175,30.436],[-82.125,30.459],[-82.089,30.475],[-82.075,30.481],[-82.025,30.501],[-81.975,30.519],[-81.959,30.525],[-81.925,30.536],[-81.875,30.551],[-81.825,30.565],[-81.782,30.575],[-81.775,30.577],[-81.725,30.587],[-81.675,30.595],[-81.625,30.602],[-81.575,30.607],[-81.525,30.612],[-81.486,30.614]]]}},{"type":"Feature","properties":{"date":"2020-02-26","label":"26 Feb","yday":57,"tier":"day","major":false},"geometry":{"type":"MultiLineString","coordinates":[[[-83.64,29.89],[-83.625,29.894],[-83.575,29.91],[-83.527,29.925],[-83.525,29.926],[-83.475,29.942],[-83.425,29.96],[-83.383,29.975],[-83.375,29.978],[-83.325,29.997],[-83.275,30.016],[-83.254,30.025],[-83.225,30.037],[-83.175,30.058],[-83.136,30.075],[-83.125,30.08],[-83.075,30.103],[-83.027,30.125],[-83.025,30.126],[-82.975,30.15],[-82.925,30.175],[-82.925,30.175],[-82.875,30.2],[-82.827,30.225],[-82.825,30.226],[-82.775,30.252],[-82.732,30.275],[-82.725,30.279],[-82.675,30.305],[-82.639,30.325],[-82.625,30.332],[-82.575,30.359],[-82.546,30.375],[-82.525,30.386],[-82.475,30.412],[-82.451,30.425],[-82.425,30.438],[-82.375,30.463],[-82.352,30.475],[-82.325,30.488],[-82.275,30.511],[-82.246,30.525],[-82.225,30.534],[-82.175,30.555],[-82.127,30.575],[-82.125,30.576],[-82.075,30.595],[-82.025,30.612],[-81.986,30.625],[-81.975,30.629],[-81.925,30.643],[-81.875,30.657],[-81.825,30.669],[-81.794,30.675],[-81.775,30.679],[-81.725,30.688],[-81.675,30.696],[-81.625,30.702],[-81.575,30.708],[-81.525,30.713],[-81.513,30.713]]]}},{"type":"Feature","properties":{"date":"2020-02-27","label":"27 Feb","yday":58,"tier":"day","major":false},"geometry":{"type":"MultiLineString","coordinates":[[[-85.275,29.785],[-85.225,29.79],[-85.175,29.795],[-85.125,29.8],[-85.075,29.804],[-85.025,29.809],[-84.975,29.814],[-84.925,29.818],[-84.877,29.823]],[[-84.873,29.823],[-84.854,29.825],[-84.825,29.828],[-84.775,29.833],[-84.725,29.837],[-84.711,29.839]],[[-83.788,29.988],[-83.775,29.991],[-83.725,30.004],[-83.675,30.018],[-83.652,30.025],[-83.625,30.033],[-83.575,30.048],[-83.525,30.065],[-83.495,30.075],[-83.475,30.082],[-83.425,30.099],[-83.375,30.118],[-83.356,30.125],[-83.325,30.137],[-83.275,30.157],[-83.231,30.175],[-83.225,30.178],[-83.175,30.199],[-83.125,30.221],[-83.117,30.225],[-83.075,30.244],[-83.025,30.267],[-83.009,30.275],[-82.975,30.291],[-82.925,30.315],[-82.905,30.325],[-82.875,30.34],[-82.825,30.365],[-82.805,30.375],[-82.775,30.39],[-82.725,30.415],[-82.706,30.425],[-82.675,30.441],[-82.625,30.466],[-82.607,30.475],[-82.575,30.491],[-82.525,30.515],[-82.505,30.525],[-82.475,30.539],[-82.425,30.563],[-82.399,30.575],[-82.375,30.586],[-82.325,30.608],[-82.285,30.625],[-82.275,30.629],[-82.225,30.65],[-82.175,30.669],[-82.158,30.675],[-82.125,30.687],[-82.075,30.704],[-82.025,30.72],[-82.008,30.725],[-81.975,30.734],[-81.925,30.748],[-81.875,30.76],[-81.825,30.771],[-81.802,30.775],[-81.775,30.78],[-81.725,30.789],[-81.675,30.796],[-81.625,30.802],[-81.575,30.808],[-81.525,30.812],[-81.484,30.816]]]}},{"type":"Feature","properties":{"date":"2020-02-28","label":"28 Feb","yday":59,"tier":"day","major":false},"geometry":{"type":"MultiLineString","coordinates":[[[-85.375,29.925],[-85.375,29.925],[-85.325,29.93],[-85.275,29.936],[-85.225,29.94],[-85.175,29.945],[-85.125,29.95],[-85.075,29.954],[-85.025,29.959],[-84.975,29.963],[-84.925,29.967],[-84.875,29.971],[-84.829,29.975],[-84.825,29.975],[-84.775,29.979],[-84.725,29.984],[-84.675,29.988],[-84.625,29.992],[-84.575,29.997],[-84.525,30.002],[-84.475,30.007],[-84.439,30.011]],[[-84.414,30.014],[-84.375,30.018]],[[-83.98,30.08],[-83.975,30.081],[-83.925,30.092],[-83.875,30.103],[-83.825,30.115],[-83.785,30.125],[-83.775,30.128],[-83.725,30.141],[-83.675,30.155],[-83.625,30.17],[-83.608,30.175],[-83.575,30.185],[-83.525,30.201],[-83.475,30.219],[-83.457,30.225],[-83.425,30.236],[-83.375,30.255],[-83.325,30.274],[-83.323,30.275],[-83.275,30.294],[-83.225,30.315],[-83.202,30.325],[-83.175,30.336],[-83.125,30.358],[-83.088,30.375],[-83.075,30.381],[-83.025,30.404],[-82.979,30.425],[-82.975,30.427],[-82.925,30.45],[-82.875,30.474],[-82.873,30.475],[-82.825,30.498],[-82.775,30.522],[-82.768,30.525],[-82.725,30.545],[-82.675,30.569],[-82.663,30.575],[-82.625,30.593],[-82.575,30.616],[-82.555,30.625],[-82.525,30.638],[-82.475,30.66],[-82.442,30.675],[-82.425,30.682],[-82.375,30.703],[-82.325,30.723],[-82.321,30.725],[-82.275,30.743],[-82.225,30.761],[-82.187,30.775],[-82.175,30.779],[-82.125,30.796],[-82.075,30.811],[-82.028,30.825],[-82.025,30.826],[-81.975,30.839],[-81.925,30.852],[-81.875,30.863],[-81.825,30.873],[-81.813,30.875],[-81.775,30.882],[-81.725,30.89],[-81.675,30.897],[-81.625,30.903],[-81.575,30.908],[-81.525,30.913],[-81.514,30.914]]]}},{"type":"Feature","properties":{"date":"2020-02-29","label":"29 Feb","yday":60,"tier":"index","major":true},"geometry":{"type":"MultiLineString","coordinates":[[[-94.675,29.684],[-94.625,29.692],[-94.575,29.7],[-94.525,29.707],[-94.475,29.714],[-94.43,29.72]],[[-85.466,30.066],[-85.425,30.071],[-85.389,30.075],[-85.375,30.077],[-85.325,30.082],[-85.275,30.087],[-85.225,30.092],[-85.175,30.097],[-85.125,30.101],[-85.075,30.106],[-85.025,30.11],[-84.975,30.114],[-84.925,30.117],[-84.875,30.121],[-84.825,30.124],[-84.815,30.125],[-84.775,30.128],[-84.725,30.131],[-84.675,30.135],[-84.625,30.138],[-84.575,30.142],[-84.525,30.146],[-84.475,30.15],[-84.425,30.155],[-84.375,30.16],[-84.325,30.165],[-84.275,30.171],[-84.243,30.175],[-84.225,30.177],[-84.175,30.184],[-84.125,30.192],[-84.075,30.2],[-84.025,30.208],[-83.975,30.218],[-83.939,30.225],[-83.925,30.228],[-83.875,30.239],[-83.825,30.25],[-83.775,30.263],[-83.728,30.275],[-83.725,30.276],[-83.675,30.29],[-83.625,30.304],[-83.575,30.32],[-83.559,30.325],[-83.525,30.336],[-83.475,30.353],[-83.425,30.371],[-83.415,30.375],[-83.375,30.39],[-83.325,30.409],[-83.286,30.425],[-83.275,30.429],[-83.225,30.45],[-83.175,30.471],[-83.166,30.475],[-83.125,30.492],[-83.075,30.514],[-83.051,30.525],[-83.025,30.536],[-82.975,30.559],[-82.939,30.575],[-82.925,30.581],[-82.875,30.604],[-82.828,30.625],[-82.825,30.626],[-82.775,30.648],[-82.725,30.671],[-82.715,30.675],[-82.675,30.693],[-82.625,30.714],[-82.601,30.725],[-82.575,30.736],[-82.525,30.757],[-82.481,30.775],[-82.475,30.777],[-82.425,30.798],[-82.375,30.817],[-82.354,30.825],[-82.325,30.836],[-82.275,30.854],[-82.225,30.872],[-82.215,30.875],[-82.175,30.888],[-82.125,30.904],[-82.075,30.919],[-82.052,30.925],[-82.025,30.932],[-81.975,30.945],[-81.925,30.957],[-81.875,30.967],[-81.835,30.975],[-81.825,30.977],[-81.775,30.985],[-81.725,30.993],[-81.675,30.999],[-81.625,31.005],[-81.575,31.01],[-81.525,31.015],[-81.482,31.018]]]}},{"type":"Feature","properties":{"date":"2020-03-01","label":"1 Mar","yday":61,"tier":"day","major":false},"geometry":{"type":"MultiLineString","coordinates":[[[-85.665,30.185],[-85.625,30.192],[-85.575,30.2],[-85.525,30.208],[-85.475,30.215],[-85.425,30.222],[-85.405,30.225],[-85.375,30.229],[-85.325,30.235],[-85.275,30.241],[-85.225,30.246],[-85.175,30.251],[-85.125,30.256],[-85.075,30.26],[-85.025,30.264],[-84.975,30.267],[-84.925,30.27],[-84.875,30.273],[-84.844,30.275],[-84.825,30.276],[-84.775,30.279],[-84.725,30.281],[-84.675,30.284],[-84.625,30.287],[-84.575,30.289],[-84.525,30.292],[-84.475,30.295],[-84.425,30.299],[-84.375,30.302],[-84.325,30.307],[-84.275,30.311],[-84.225,30.317],[-84.175,30.323],[-84.16,30.325],[-84.125,30.33],[-84.075,30.337],[-84.025,30.345],[-83.975,30.354],[-83.925,30.363],[-83.875,30.373],[-83.868,30.375],[-83.825,30.385],[-83.775,30.397],[-83.725,30.409],[-83.675,30.423],[-83.669,30.425],[-83.625,30.438],[-83.575,30.453],[-83.525,30.47],[-83.509,30.475],[-83.475,30.487],[-83.425,30.505],[-83.375,30.523],[-83.371,30.525],[-83.325,30.543],[-83.275,30.562],[-83.244,30.575],[-83.225,30.583],[-83.175,30.603],[-83.125,30.624],[-83.123,30.625],[-83.075,30.645],[-83.025,30.666],[-83.005,30.675],[-82.975,30.687],[-82.925,30.709],[-82.886,30.725],[-82.875,30.73],[-82.825,30.751],[-82.775,30.772],[-82.767,30.775],[-82.725,30.792],[-82.675,30.813],[-82.645,30.825],[-82.625,30.833],[-82.575,30.853],[-82.525,30.873],[-82.519,30.875],[-82.475,30.892],[-82.425,30.911],[-82.387,30.925],[-82.375,30.93],[-82.325,30.948],[-82.275,30.965],[-82.245,30.975],[-82.225,30.982],[-82.175,30.998],[-82.125,31.013],[-82.083,31.025],[-82.075,31.027],[-82.025,31.041],[-81.975,31.053],[-81.925,31.065],[-81.876,31.075],[-81.875,31.075],[-81.825,31.085],[-81.775,31.093],[-81.725,31.1],[-81.675,31.107],[-81.625,31.112],[-81.575,31.117],[-81.525,31.121],[-81.521,31.121]]]}},{"type":"Feature","properties":{"date":"2020-03-02","label":"2 Mar","yday":62,"tier":"day","major":false},"geometry":{"type":"MultiLineString","coordinates":[[[-89.659,30.209],[-89.625,30.201],[-89.575,30.188],[-89.565,30.185]],[[-85.977,30.277],[-85.975,30.277],[-85.925,30.286],[-85.875,30.296],[-85.85,30.3]],[[-85.724,30.324],[-85.721,30.325],[-85.675,30.334],[-85.625,30.344],[-85.575,30.353],[-85.525,30.362],[-85.475,30.37],[-85.444,30.375],[-85.425,30.378],[-85.375,30.385],[-85.325,30.392],[-85.275,30.399],[-85.225,30.404],[-85.175,30.41],[-85.125,30.414],[-85.075,30.418],[-85.025,30.422],[-84.976,30.425],[-84.975,30.425],[-84.925,30.428],[-84.875,30.43],[-84.825,30.432],[-84.775,30.434],[-84.725,30.436],[-84.675,30.437],[-84.625,30.439],[-84.575,30.44],[-84.525,30.442],[-84.475,30.443],[-84.425,30.445],[-84.375,30.448],[-84.325,30.451],[-84.275,30.454],[-84.225,30.459],[-84.175,30.463],[-84.125,30.469],[-84.075,30.475],[-84.075,30.475],[-84.025,30.482],[-83.975,30.49],[-83.925,30.498],[-83.875,30.508],[-83.825,30.519],[-83.797,30.525],[-83.775,30.53],[-83.725,30.543],[-83.675,30.556],[-83.625,30.571],[-83.612,30.575],[-83.575,30.586],[-83.525,30.603],[-83.475,30.62],[-83.461,30.625],[-83.425,30.638],[-83.375,30.656],[-83.326,30.675],[-83.325,30.675],[-83.275,30.695],[-83.225,30.714],[-83.199,30.725],[-83.175,30.734],[-83.125,30.754],[-83.075,30.774],[-83.073,30.775],[-83.025,30.794],[-82.975,30.814],[-82.947,30.825],[-82.925,30.833],[-82.875,30.853],[-82.825,30.872],[-82.818,30.875],[-82.775,30.892],[-82.725,30.911],[-82.689,30.925],[-82.675,30.93],[-82.625,30.949],[-82.575,30.968],[-82.557,30.975],[-82.525,30.987],[-82.475,31.006],[-82.425,31.024],[-82.422,31.025],[-82.375,31.042],[-82.325,31.059],[-82.279,31.075],[-82.275,31.076],[-82.225,31.093],[-82.175,31.109],[-82.125,31.124],[-82.123,31.125],[-82.075,31.139],[-82.025,31.153],[-81.975,31.166],[-81.935,31.175],[-81.925,31.177],[-81.875,31.188],[-81.825,31.198],[-81.775,31.207],[-81.725,31.214],[-81.675,31.22],[-81.633,31.225],[-81.625,31.226],[-81.575,31.231],[-81.525,31.235],[-81.475,31.24],[-81.425,31.245],[-81.375,31.25],[-81.325,31.256],[-81.291,31.259]]]}},{"type":"Feature","properties":{"date":"2020-03-03","label":"3 Mar","yday":63,"tier":"day","major":false},"geometry":{"type":"MultiLineString","coordinates":[[[-94.344,30.044],[-94.325,30.046],[-94.275,30.052],[-94.225,30.057],[-94.175,30.061],[-94.136,30.064]],[[-87.737,30.287],[-87.725,30.29],[-87.675,30.3],[-87.625,30.311],[-87.578,30.322]],[[-90.0,30.35],[-89.975,30.349],[-89.925,30.345],[-89.875,30.339],[-89.825,30.332],[-89.78,30.325],[-89.775,30.324],[-89.725,30.315],[-89.675,30.305],[-89.625,30.293],[-89.575,30.282],[-89.548,30.275],[-89.525,30.269],[-89.475,30.257],[-89.425,30.244]],[[-87.564,30.325],[-87.525,30.334],[-87.475,30.344],[-87.449,30.349]],[[-87.39,30.36],[-87.375,30.362],[-87.325,30.369],[-87.275,30.374],[-87.274,30.374]],[[-86.271,30.379],[-86.225,30.386],[-86.192,30.392]],[[-86.09,30.41],[-86.075,30.412],[-86.025,30.422],[-86.008,30.425],[-85.975,30.432],[-85.925,30.442],[-85.875,30.452],[-85.825,30.462],[-85.775,30.473],[-85.764,30.475],[-85.725,30.483],[-85.675,30.494],[-85.625,30.504],[-85.575,30.514],[-85.525,30.524],[-85.518,30.525],[-85.475,30.533],[-85.425,30.542],[-85.375,30.55],[-85.325,30.557],[-85.275,30.564],[-85.225,30.57],[-85.175,30.575],[-85.174,30.575],[-85.125,30.58],[-85.075,30.583],[-85.025,30.587],[-84.975,30.589],[-84.925,30.591],[-84.875,30.593],[-84.825,30.594],[-84.775,30.595],[-84.725,30.595],[-84.675,30.596],[-84.625,30.596],[-84.575,30.596],[-84.525,30.596],[-84.475,30.597],[-84.425,30.597],[-84.375,30.598],[-84.325,30.6],[-84.275,30.601],[-84.225,30.604],[-84.175,30.607],[-84.125,30.611],[-84.075,30.615],[-84.025,30.621],[-83.992,30.625],[-83.975,30.627],[-83.925,30.635],[-83.875,30.643],[-83.825,30.653],[-83.775,30.664],[-83.732,30.675],[-83.725,30.677],[-83.675,30.69],[-83.625,30.705],[-83.575,30.721],[-83.561,30.725],[-83.525,30.737],[-83.475,30.754],[-83.425,30.772],[-83.416,30.775],[-83.375,30.79],[-83.325,30.809],[-83.281,30.825],[-83.275,30.827],[-83.225,30.846],[-83.175,30.865],[-83.148,30.875],[-83.125,30.883],[-83.075,30.902],[-83.025,30.92],[-83.011,30.925],[-82.975,30.938],[-82.925,30.956],[-82.875,30.974],[-82.872,30.975],[-82.825,30.992],[-82.775,31.01],[-82.733,31.025],[-82.725,31.028],[-82.675,31.046],[-82.625,31.064],[-82.595,31.075],[-82.575,31.082],[-82.525,31.101],[-82.475,31.119],[-82.457,31.125],[-82.425,31.137],[-82.375,31.155],[-82.325,31.172],[-82.317,31.175],[-82.275,31.19],[-82.225,31.206],[-82.175,31.223],[-82.169,31.225],[-82.125,31.239],[-82.075,31.255],[-82.025,31.269],[-82.005,31.275],[-81.975,31.284],[-81.925,31.297],[-81.875,31.309],[-81.825,31.319],[-81.794,31.325],[-81.775,31.329],[-81.725,31.337],[-81.675,31.344],[-81.625,31.351],[-81.575,31.356],[-81.525,31.362],[-81.475,31.367],[-81.425,31.372],[-81.4,31.375],[-81.375,31.378],[-81.332,31.382]]]}},{"type":"Feature","properties":{"date":"2020-03-04","label":"4 Mar","yday":64,"tier":"day","major":false},"geometry":{"type":"MultiLineString","coordinates":[[[-94.375,30.143],[-94.325,30.149],[-94.275,30.154],[-94.225,30.159],[-94.175,30.163],[-94.125,30.167],[-94.075,30.169],[-94.025,30.172],[-93.975,30.173],[-93.927,30.173]],[[-90.739,30.389],[-90.725,30.391],[-90.675,30.396],[-90.625,30.4],[-90.575,30.405],[-90.525,30.409],[-90.489,30.411]],[[-87.852,30.402],[-87.825,30.409],[-87.775,30.42],[-87.756,30.425],[-87.725,30.432],[-87.675,30.445],[-87.625,30.457],[-87.575,30.469],[-87.547,30.475],[-87.525,30.48],[-87.475,30.491],[-87.425,30.5],[-87.375,30.508],[-87.325,30.515],[-87.275,30.52],[-87.225,30.523],[-87.175,30.524]],[[-90.136,30.436],[-90.125,30.437],[-90.075,30.437],[-90.025,30.436],[-89.975,30.434],[-89.925,30.431],[-89.875,30.426],[-89.867,30.425],[-89.825,30.42],[-89.775,30.413],[-89.725,30.405],[-89.675,30.396],[-89.625,30.386],[-89.575,30.375],[-89.574,30.375],[-89.525,30.364],[-89.475,30.352],[-89.425,30.34],[-89.375,30.328],[-89.362,30.325]],[[-86.966,30.516],[-86.925,30.513],[-86.875,30.509],[-86.825,30.506],[-86.775,30.502],[-86.725,30.5],[-86.675,30.499],[-86.625,30.499],[-86.575,30.5],[-86.525,30.503],[-86.494,30.506]],[[-86.459,30.509],[-86.425,30.513],[-86.38,30.52]],[[-86.345,30.525],[-86.325,30.528],[-86.275,30.537],[-86.225,30.546],[-86.175,30.556],[-86.125,30.566],[-86.082,30.575],[-86.075,30.576],[-86.025,30.587],[-85.975,30.598],[-85.925,30.609],[-85.875,30.62],[-85.853,30.625],[-85.825,30.631],[-85.775,30.642],[-85.725,30.653],[-85.675,30.664],[-85.625,30.675],[-85.624,30.675],[-85.575,30.685],[-85.525,30.695],[-85.475,30.705],[-85.425,30.714],[-85.375,30.722],[-85.355,30.725],[-85.325,30.73],[-85.275,30.736],[-85.225,30.743],[-85.175,30.748],[-85.125,30.752],[-85.075,30.755],[-85.025,30.758],[-84.975,30.76],[-84.925,30.761],[-84.875,30.762],[-84.825,30.762],[-84.775,30.762],[-84.725,30.761],[-84.675,30.76],[-84.625,30.759],[-84.575,30.758],[-84.525,30.757],[-84.475,30.756],[-84.425,30.755],[-84.375,30.754],[-84.325,30.754],[-84.275,30.754],[-84.225,30.754],[-84.175,30.755],[-84.125,30.757],[-84.075,30.759],[-84.025,30.763],[-83.975,30.768],[-83.925,30.774],[-83.917,30.775],[-83.875,30.781],[-83.825,30.791],[-83.775,30.802],[-83.725,30.814],[-83.685,30.825],[-83.675,30.828],[-83.625,30.843],[-83.575,30.858],[-83.525,30.874],[-83.523,30.875],[-83.475,30.891],[-83.425,30.908],[-83.376,30.925],[-83.375,30.925],[-83.325,30.943],[-83.275,30.96],[-83.233,30.975],[-83.225,30.978],[-83.175,30.995],[-83.125,31.011],[-83.083,31.025],[-83.075,31.028],[-83.025,31.044],[-82.975,31.06],[-82.931,31.075],[-82.925,31.077],[-82.875,31.093],[-82.825,31.11],[-82.781,31.125],[-82.775,31.127],[-82.725,31.144],[-82.675,31.161],[-82.635,31.175],[-82.625,31.178],[-82.575,31.196],[-82.525,31.214],[-82.494,31.225],[-82.475,31.232],[-82.425,31.25],[-82.375,31.268],[-82.357,31.275],[-82.325,31.286],[-82.275,31.305],[-82.225,31.323],[-82.218,31.325],[-82.175,31.341],[-82.125,31.358],[-82.077,31.375],[-82.075,31.376],[-82.025,31.392],[-81.975,31.408],[-81.925,31.423],[-81.919,31.425],[-81.875,31.437],[-81.825,31.449],[-81.775,31.46],[-81.725,31.469],[-81.687,31.475],[-81.675,31.477],[-81.625,31.484],[-81.575,31.491],[-81.525,31.498],[-81.475,31.504],[-81.425,31.509],[-81.375,31.515],[-81.325,31.52],[-81.276,31.525],[-81.275,31.525],[-81.225,31.53],[-81.175,31.534]]]}},{"type":"Feature","properties":{"date":"2020-03-05","label":"5 Mar","yday":65,"tier":"five","major":false},"geometry":{"type":"MultiLineString","coordinates":[[[-94.375,30.246],[-94.325,30.252],[-94.275,30.257],[-94.225,30.262],[-94.175,30.265],[-94.125,30.268],[-94.075,30.271],[-94.025,30.272],[-93.975,30.273],[-93.925,30.274],[-93.877,30.273]],[[-93.555,30.255],[-93.525,30.253],[-93.475,30.248],[-93.425,30.243],[-93.375,30.238],[-93.325,30.232],[-93.275,30.226],[-93.262,30.225]],[[-88.735,30.375],[-88.725,30.376],[-88.675,30.384],[-88.625,30.392],[-88.575,30.401],[-88.525,30.409],[-88.475,30.417],[-88.425,30.424],[-88.42,30.425],[-88.375,30.432],[-88.325,30.439],[-88.275,30.448],[-88.225,30.457],[-88.175,30.466],[-88.134,30.475],[-88.125,30.477]],[[-90.925,30.475],[-90.923,30.475],[-90.875,30.479],[-90.825,30.483],[-90.775,30.487],[-90.725,30.49],[-90.675,30.493],[-90.625,30.496],[-90.575,30.498],[-90.525,30.5],[-90.475,30.502],[-90.425,30.505],[-90.375,30.509],[-90.325,30.513],[-90.275,30.516],[-90.225,30.519],[-90.175,30.522],[-90.125,30.523],[-90.075,30.524],[-90.025,30.523],[-89.975,30.522],[-89.925,30.519],[-89.875,30.515],[-89.825,30.51],[-89.775,30.504],[-89.725,30.497],[-89.675,30.489],[-89.625,30.481],[-89.596,30.475],[-89.575,30.471],[-89.525,30.461],[-89.475,30.45],[-89.425,30.439],[-89.375,30.428],[-89.363,30.425],[-89.325,30.417],[-89.275,30.406],[-89.225,30.395],[-89.175,30.385],[-89.125,30.376],[-89.118,30.375]],[[-87.875,30.538],[-87.825,30.551],[-87.775,30.564],[-87.735,30.575],[-87.725,30.578],[-87.675,30.591],[-87.625,30.604],[-87.575,30.616],[-87.536,30.625],[-87.525,30.627],[-87.475,30.638],[-87.425,30.647],[-87.375,30.656],[-87.325,30.662],[-87.275,30.668],[-87.225,30.672],[-87.175,30.674],[-87.135,30.675],[-87.125,30.675],[-87.075,30.676],[-87.025,30.675],[-87.007,30.675],[-86.975,30.675],[-86.925,30.674],[-86.875,30.673],[-86.825,30.672],[-86.775,30.671],[-86.725,30.671],[-86.675,30.671],[-86.625,30.672],[-86.575,30.674],[-86.559,30.675],[-86.525,30.677],[-86.475,30.683],[-86.425,30.69],[-86.375,30.698],[-86.325,30.707],[-86.275,30.716],[-86.228,30.725],[-86.225,30.726],[-86.175,30.736],[-86.125,30.746],[-86.075,30.757],[-86.025,30.767],[-85.989,30.775],[-85.975,30.778],[-85.925,30.789],[-85.875,30.8],[-85.825,30.81],[-85.775,30.821],[-85.757,30.825],[-85.725,30.832],[-85.675,30.843],[-85.625,30.853],[-85.575,30.863],[-85.525,30.873],[-85.515,30.875],[-85.475,30.882],[-85.425,30.891],[-85.375,30.9],[-85.325,30.907],[-85.275,30.913],[-85.225,30.919],[-85.175,30.924],[-85.155,30.925],[-85.125,30.927],[-85.075,30.93],[-85.025,30.932],[-84.975,30.933],[-84.925,30.934],[-84.875,30.934],[-84.825,30.933],[-84.775,30.933],[-84.725,30.932],[-84.675,30.93],[-84.625,30.928],[-84.575,30.926],[-84.547,30.925],[-84.525,30.924],[-84.475,30.922],[-84.425,30.92],[-84.375,30.917],[-84.325,30.915],[-84.275,30.914],[-84.225,30.913],[-84.175,30.912],[-84.125,30.912],[-84.075,30.913],[-84.025,30.914],[-83.975,30.917],[-83.925,30.922],[-83.898,30.925],[-83.875,30.928],[-83.825,30.937],[-83.775,30.948],[-83.725,30.961],[-83.675,30.974],[-83.67,30.975],[-83.625,30.988],[-83.575,31.002],[-83.525,31.017],[-83.498,31.025],[-83.475,31.032],[-83.425,31.047],[-83.375,31.062],[-83.334,31.075],[-83.325,31.078],[-83.275,31.093],[-83.225,31.108],[-83.175,31.123],[-83.168,31.125],[-83.125,31.138],[-83.075,31.153],[-83.025,31.167],[-82.999,31.175],[-82.975,31.182],[-82.925,31.197],[-82.875,31.212],[-82.834,31.225],[-82.825,31.228],[-82.775,31.244],[-82.725,31.26],[-82.678,31.275],[-82.675,31.276],[-82.625,31.293],[-82.575,31.31],[-82.533,31.325],[-82.525,31.328],[-82.475,31.346],[-82.425,31.364],[-82.397,31.375],[-82.375,31.383],[-82.325,31.403],[-82.275,31.423],[-82.269,31.425],[-82.225,31.443],[-82.175,31.463],[-82.144,31.475],[-82.125,31.483],[-82.075,31.502],[-82.025,31.521],[-82.014,31.525],[-81.975,31.539],[-81.925,31.556],[-81.875,31.571],[-81.858,31.575],[-81.825,31.584],[-81.775,31.595],[-81.725,31.605],[-81.675,31.614],[-81.625,31.623],[-81.61,31.625],[-81.575,31.631],[-81.525,31.638],[-81.475,31.645],[-81.425,31.652],[-81.375,31.658],[-81.325,31.663],[-81.275,31.668],[-81.228,31.672]]]}},{"type":"Feature","properties":{"date":"2020-03-06","label":"6 Mar","yday":66,"tier":"day","major":false},"geometry":{"type":"MultiLineString","coordinates":[[[-94.785,30.285],[-94.775,30.287],[-94.725,30.297],[-94.675,30.306]],[[-94.443,30.343],[-94.425,30.345],[-94.375,30.351],[-94.325,30.356],[-94.275,30.361],[-94.225,30.365],[-94.175,30.368],[-94.125,30.371],[-94.075,30.373],[-94.025,30.374],[-93.975,30.375],[-93.925,30.375],[-93.875,30.374],[-93.825,30.373],[-93.779,30.371]],[[-93.717,30.367],[-93.675,30.364],[-93.625,30.361],[-93.575,30.357],[-93.525,30.352],[-93.475,30.347],[-93.425,30.342],[-93.375,30.337],[-93.325,30.331],[-93.275,30.326],[-93.269,30.325],[-93.225,30.32],[-93.175,30.315],[-93.125,30.311],[-93.075,30.307],[-93.025,30.304],[-92.975,30.301],[-92.925,30.299],[-92.901,30.299]],[[-88.911,30.475],[-88.875,30.477],[-88.825,30.482],[-88.775,30.489],[-88.725,30.497],[-88.675,30.506],[-88.625,30.515],[-88.575,30.524],[-88.572,30.525],[-88.525,30.533],[-88.475,30.542],[-88.425,30.55],[-88.375,30.558],[-88.325,30.566],[-88.279,30.575],[-88.275,30.576],[-88.225,30.586],[-88.175,30.598],[-88.125,30.611],[-88.076,30.625],[-88.075,30.625]],[[-91.071,30.571],[-91.031,30.575],[-91.025,30.576],[-90.975,30.58],[-90.925,30.583],[-90.875,30.586],[-90.825,30.589],[-90.775,30.591],[-90.725,30.593],[-90.675,30.594],[-90.625,30.595],[-90.575,30.597],[-90.525,30.598],[-90.475,30.599],[-90.425,30.601],[-90.375,30.604],[-90.325,30.607],[-90.275,30.61],[-90.225,30.612],[-90.175,30.614],[-90.125,30.616],[-90.075,30.616],[-90.025,30.616],[-89.975,30.614],[-89.925,30.612],[-89.875,30.609],[-89.825,30.605],[-89.775,30.6],[-89.725,30.594],[-89.675,30.587],[-89.625,30.579],[-89.601,30.575],[-89.575,30.571],[-89.525,30.562],[-89.475,30.553],[-89.425,30.543],[-89.375,30.533],[-89.337,30.525],[-89.325,30.523],[-89.275,30.513],[-89.225,30.503],[-89.175,30.495],[-89.125,30.487],[-89.075,30.48],[-89.025,30.476],[-89.005,30.475],[-88.976,30.474]],[[-87.925,30.669],[-87.905,30.675],[-87.875,30.684],[-87.825,30.699],[-87.775,30.714],[-87.737,30.725],[-87.725,30.729],[-87.675,30.743],[-87.625,30.757],[-87.575,30.77],[-87.553,30.775],[-87.525,30.782],[-87.475,30.793],[-87.425,30.804],[-87.375,30.813],[-87.325,30.821],[-87.3,30.825],[-87.275,30.829],[-87.225,30.835],[-87.175,30.84],[-87.125,30.845],[-87.075,30.848],[-87.025,30.852],[-86.975,30.855],[-86.925,30.858],[-86.875,30.861],[-86.825,30.864],[-86.775,30.867],[-86.725,30.87],[-86.675,30.874],[-86.655,30.875],[-86.625,30.877],[-86.575,30.882],[-86.525,30.886],[-86.475,30.892],[-86.425,30.898],[-86.375,30.905],[-86.325,30.912],[-86.275,30.919],[-86.237,30.925],[-86.225,30.927],[-86.175,30.935],[-86.125,30.943],[-86.075,30.951],[-86.025,30.96],[-85.975,30.968],[-85.935,30.975],[-85.925,30.977],[-85.875,30.985],[-85.825,30.994],[-85.775,31.003],[-85.725,31.013],[-85.675,31.022],[-85.662,31.025],[-85.625,31.032],[-85.575,31.042],[-85.525,31.052],[-85.475,31.061],[-85.425,31.07],[-85.391,31.075],[-85.375,31.077],[-85.325,31.084],[-85.275,31.09],[-85.225,31.094],[-85.175,31.098],[-85.125,31.1],[-85.075,31.102],[-85.025,31.104],[-84.975,31.105],[-84.925,31.105],[-84.875,31.105],[-84.825,31.104],[-84.775,31.103],[-84.725,31.102],[-84.675,31.101],[-84.625,31.099],[-84.575,31.097],[-84.525,31.095],[-84.475,31.093],[-84.425,31.09],[-84.375,31.088],[-84.325,31.086],[-84.275,31.084],[-84.225,31.082],[-84.175,31.081],[-84.125,31.08],[-84.075,31.081],[-84.025,31.082],[-83.975,31.084],[-83.925,31.088],[-83.875,31.094],[-83.825,31.101],[-83.775,31.109],[-83.725,31.118],[-83.693,31.125],[-83.675,31.129],[-83.625,31.14],[-83.575,31.151],[-83.525,31.163],[-83.478,31.175],[-83.475,31.176],[-83.425,31.188],[-83.375,31.201],[-83.325,31.214],[-83.281,31.225],[-83.275,31.226],[-83.225,31.239],[-83.175,31.252],[-83.125,31.265],[-83.087,31.275],[-83.075,31.278],[-83.025,31.291],[-82.975,31.305],[-82.925,31.319],[-82.902,31.325],[-82.875,31.333],[-82.825,31.347],[-82.775,31.362],[-82.732,31.375],[-82.725,31.377],[-82.675,31.393],[-82.625,31.409],[-82.578,31.425],[-82.575,31.426],[-82.525,31.444],[-82.475,31.463],[-82.443,31.475],[-82.425,31.482],[-82.375,31.504],[-82.325,31.525],[-82.325,31.525],[-82.275,31.547],[-82.225,31.569],[-82.211,31.575],[-82.175,31.591],[-82.125,31.612],[-82.094,31.625],[-82.075,31.633],[-82.025,31.652],[-81.975,31.671],[-81.962,31.675],[-81.925,31.688],[-81.875,31.703],[-81.825,31.717],[-81.794,31.725],[-81.775,31.73],[-81.725,31.742],[-81.675,31.753],[-81.625,31.763],[-81.575,31.772],[-81.561,31.775],[-81.525,31.782],[-81.475,31.79],[-81.425,31.798],[-81.375,31.805],[-81.325,31.812],[-81.275,31.817],[-81.225,31.821],[-81.175,31.823],[-81.125,31.824],[-81.075,31.825]]]}},{"type":"Feature","properties":{"date":"2020-03-07","label":"7 Mar","yday":67,"tier":"day","major":false},"geometry":{"type":"MultiLineString","coordinates":[[[-94.825,30.387],[-94.775,30.397],[-94.725,30.407],[-94.675,30.415]],[[-94.475,30.446],[-94.425,30.452],[-94.375,30.458],[-94.325,30.463],[-94.275,30.467],[-94.225,30.471],[-94.175,30.474],[-94.148,30.475],[-94.125,30.476],[-94.075,30.478],[-94.025,30.478],[-93.975,30.479],[-93.925,30.478],[-93.875,30.477],[-93.826,30.475],[-93.825,30.475],[-93.775,30.473],[-93.725,30.47],[-93.675,30.466],[-93.625,30.462],[-93.575,30.458],[-93.525,30.453],[-93.475,30.448],[-93.425,30.443],[-93.375,30.437],[-93.325,30.432],[-93.275,30.427],[-93.257,30.425],[-93.225,30.422],[-93.175,30.417],[-93.125,30.413],[-93.075,30.409],[-93.025,30.406],[-92.975,30.403],[-92.925,30.401],[-92.875,30.4],[-92.825,30.4],[-92.775,30.4],[-92.725,30.402],[-92.675,30.404],[-92.625,30.406],[-92.575,30.41],[-92.525,30.414],[-92.481,30.419]],[[-91.173,30.673],[-91.156,30.675],[-91.125,30.679],[-91.075,30.684],[-91.025,30.688],[-90.975,30.692],[-90.925,30.694],[-90.875,30.697],[-90.825,30.698],[-90.775,30.7],[-90.725,30.701],[-90.675,30.701],[-90.625,30.702],[-90.575,30.703],[-90.525,30.703],[-90.475,30.704],[-90.425,30.706],[-90.375,30.707],[-90.325,30.709],[-90.275,30.711],[-90.225,30.713],[-90.175,30.714],[-90.125,30.715],[-90.075,30.715],[-90.025,30.715],[-89.975,30.713],[-89.925,30.711],[-89.875,30.709],[-89.825,30.705],[-89.775,30.701],[-89.725,30.696],[-89.675,30.69],[-89.625,30.683],[-89.575,30.676],[-89.566,30.675],[-89.525,30.669],[-89.475,30.661],[-89.425,30.653],[-89.375,30.645],[-89.325,30.637],[-89.275,30.629],[-89.251,30.625],[-89.225,30.621],[-89.175,30.615],[-89.125,30.609],[-89.075,30.605],[-89.025,30.602],[-88.975,30.602],[-88.925,30.603],[-88.875,30.607],[-88.825,30.612],[-88.775,30.619],[-88.734,30.625],[-88.725,30.626],[-88.675,30.635],[-88.625,30.644],[-88.575,30.653],[-88.525,30.662],[-88.475,30.671],[-88.454,30.675],[-88.425,30.681],[-88.375,30.69],[-88.325,30.701],[-88.275,30.712],[-88.225,30.725],[-88.224,30.725],[-88.175,30.74],[-88.125,30.756],[-88.075,30.772],[-88.066,30.775],[-88.025,30.789],[-87.975,30.806],[-87.925,30.823],[-87.919,30.825],[-87.875,30.84],[-87.825,30.857],[-87.775,30.873],[-87.77,30.875],[-87.725,30.89],[-87.675,30.906],[-87.625,30.921],[-87.61,30.925],[-87.575,30.936],[-87.525,30.95],[-87.475,30.963],[-87.427,30.975],[-87.425,30.976],[-87.375,30.988],[-87.325,30.999],[-87.275,31.01],[-87.225,31.019],[-87.195,31.025],[-87.175,31.029],[-87.125,31.038],[-87.075,31.046],[-87.025,31.054],[-86.975,31.061],[-86.925,31.069],[-86.879,31.075],[-86.875,31.076],[-86.825,31.082],[-86.775,31.089],[-86.725,31.095],[-86.675,31.102],[-86.625,31.108],[-86.575,31.114],[-86.525,31.12],[-86.48,31.125],[-86.475,31.126],[-86.425,31.13],[-86.375,31.134],[-86.325,31.137],[-86.275,31.139],[-86.225,31.142],[-86.175,31.144],[-86.125,31.147],[-86.075,31.15],[-86.025,31.153],[-85.975,31.157],[-85.925,31.161],[-85.875,31.167],[-85.825,31.172],[-85.806,31.175],[-85.775,31.179],[-85.725,31.187],[-85.675,31.195],[-85.625,31.205],[-85.575,31.216],[-85.531,31.225],[-85.525,31.226],[-85.475,31.236],[-85.425,31.244],[-85.375,31.25],[-85.325,31.255],[-85.275,31.259],[-85.225,31.262],[-85.175,31.265],[-85.125,31.267],[-85.075,31.268],[-85.025,31.269],[-84.975,31.27],[-84.925,31.271],[-84.875,31.271],[-84.825,31.271],[-84.775,31.27],[-84.725,31.27],[-84.675,31.269],[-84.625,31.268],[-84.575,31.267],[-84.525,31.266],[-84.475,31.265],[-84.425,31.263],[-84.375,31.262],[-84.325,31.261],[-84.275,31.259],[-84.225,31.258],[-84.175,31.257],[-84.125,31.257],[-84.075,31.257],[-84.025,31.257],[-83.975,31.259],[-83.925,31.261],[-83.875,31.264],[-83.825,31.269],[-83.775,31.274],[-83.767,31.275],[-83.725,31.28],[-83.675,31.287],[-83.625,31.295],[-83.575,31.303],[-83.525,31.312],[-83.475,31.322],[-83.458,31.325],[-83.425,31.331],[-83.375,31.341],[-83.325,31.352],[-83.275,31.362],[-83.225,31.373],[-83.216,31.375],[-83.175,31.384],[-83.125,31.395],[-83.075,31.407],[-83.025,31.418],[-82.998,31.425],[-82.975,31.431],[-82.925,31.443],[-82.875,31.456],[-82.825,31.47],[-82.808,31.475],[-82.775,31.485],[-82.725,31.5],[-82.675,31.516],[-82.646,31.525],[-82.625,31.532],[-82.575,31.55],[-82.525,31.568],[-82.508,31.575],[-82.475,31.589],[-82.425,31.611],[-82.394,31.625],[-82.375,31.634],[-82.325,31.657],[-82.286,31.675],[-82.275,31.68],[-82.225,31.703],[-82.175,31.725],[-82.175,31.725],[-82.125,31.747],[-82.075,31.767],[-82.055,31.775],[-82.025,31.787],[-81.975,31.806],[-81.925,31.823],[-81.918,31.825],[-81.875,31.839],[-81.825,31.854],[-81.775,31.869],[-81.751,31.875],[-81.725,31.882],[-81.675,31.895],[-81.625,31.907],[-81.575,31.918],[-81.543,31.925],[-81.525,31.929],[-81.475,31.94],[-81.425,31.949],[-81.375,31.958],[-81.325,31.965],[-81.275,31.971],[-81.225,31.974],[-81.196,31.975],[-81.175,31.976],[-81.125,31.975],[-81.124,31.975],[-81.075,31.973],[-81.025,31.97],[-80.975,31.966],[-80.938,31.962]]]}},{"type":"Feature","properties":{"date":"2020-03-08","label":"8 Mar","yday":68,"tier":"day","major":false},"geometry":{"type":"MultiLineString","coordinates":[[[-94.548,30.548],[-94.525,30.551],[-94.475,30.557],[-94.425,30.563],[-94.375,30.568],[-94.325,30.573],[-94.296,30.575],[-94.275,30.577],[-94.225,30.58],[-94.175,30.582],[-94.125,30.584],[-94.075,30.585],[-94.025,30.586],[-93.975,30.586],[-93.925,30.585],[-93.875,30.583],[-93.825,30.581],[-93.775,30.578],[-93.736,30.575],[-93.725,30.574],[-93.675,30.57],[-93.625,30.566],[-93.575,30.562],[-93.525,30.557],[-93.475,30.552],[-93.425,30.546],[-93.375,30.541],[-93.325,30.536],[-93.275,30.53],[-93.225,30.526],[-93.219,30.525],[-93.175,30.521],[-93.125,30.517],[-93.075,30.513],[-93.025,30.51],[-92.975,30.508],[-92.925,30.506],[-92.875,30.505],[-92.825,30.505],[-92.775,30.505],[-92.725,30.507],[-92.675,30.509],[-92.625,30.512],[-92.575,30.517],[-92.525,30.522],[-92.498,30.525],[-92.475,30.528],[-92.472,30.528]],[[-91.233,30.783],[-91.225,30.785],[-91.175,30.791],[-91.125,30.797],[-91.075,30.801],[-91.025,30.805],[-90.975,30.808],[-90.925,30.811],[-90.875,30.812],[-90.825,30.814],[-90.775,30.815],[-90.725,30.815],[-90.675,30.816],[-90.625,30.816],[-90.575,30.816],[-90.525,30.817],[-90.475,30.817],[-90.425,30.818],[-90.375,30.819],[-90.325,30.82],[-90.275,30.821],[-90.225,30.821],[-90.175,30.822],[-90.125,30.822],[-90.075,30.822],[-90.025,30.822],[-89.975,30.821],[-89.925,30.819],[-89.875,30.817],[-89.825,30.814],[-89.775,30.81],[-89.725,30.806],[-89.675,30.801],[-89.625,30.796],[-89.575,30.79],[-89.525,30.784],[-89.475,30.778],[-89.452,30.775],[-89.425,30.772],[-89.375,30.766],[-89.325,30.76],[-89.275,30.754],[-89.225,30.749],[-89.175,30.745],[-89.125,30.741],[-89.075,30.74],[-89.025,30.739],[-88.975,30.74],[-88.925,30.743],[-88.875,30.747],[-88.825,30.753],[-88.775,30.759],[-88.725,30.767],[-88.679,30.775],[-88.675,30.776],[-88.625,30.785],[-88.575,30.795],[-88.525,30.806],[-88.475,30.816],[-88.437,30.825],[-88.425,30.828],[-88.375,30.84],[-88.325,30.854],[-88.275,30.869],[-88.254,30.875],[-88.225,30.884],[-88.175,30.901],[-88.125,30.919],[-88.107,30.925],[-88.075,30.937],[-88.025,30.955],[-87.975,30.974],[-87.972,30.975],[-87.925,30.993],[-87.875,31.011],[-87.837,31.025],[-87.825,31.029],[-87.775,31.048],[-87.725,31.065],[-87.697,31.075],[-87.675,31.083],[-87.625,31.1],[-87.575,31.116],[-87.548,31.125],[-87.525,31.132],[-87.475,31.148],[-87.425,31.163],[-87.383,31.175],[-87.375,31.177],[-87.325,31.192],[-87.275,31.205],[-87.225,31.218],[-87.196,31.225],[-87.175,31.23],[-87.125,31.242],[-87.075,31.253],[-87.025,31.262],[-86.975,31.271],[-86.953,31.275],[-86.925,31.279],[-86.875,31.287],[-86.825,31.293],[-86.775,31.3],[-86.725,31.306],[-86.675,31.312],[-86.625,31.318],[-86.575,31.324],[-86.569,31.325],[-86.525,31.33],[-86.475,31.334],[-86.425,31.338],[-86.375,31.339],[-86.325,31.339],[-86.275,31.337],[-86.225,31.335],[-86.175,31.333],[-86.125,31.332],[-86.075,31.331],[-86.025,31.331],[-85.975,31.332],[-85.925,31.333],[-85.875,31.336],[-85.825,31.34],[-85.775,31.345],[-85.725,31.352],[-85.675,31.36],[-85.625,31.368],[-85.59,31.375],[-85.575,31.378],[-85.525,31.386],[-85.475,31.394],[-85.425,31.401],[-85.375,31.406],[-85.325,31.41],[-85.275,31.414],[-85.225,31.417],[-85.175,31.42],[-85.125,31.422],[-85.075,31.424],[-85.032,31.425],[-85.025,31.425],[-84.975,31.426],[-84.925,31.427],[-84.875,31.428],[-84.825,31.429],[-84.775,31.43],[-84.725,31.43],[-84.675,31.43],[-84.625,31.431],[-84.575,31.431],[-84.525,31.431],[-84.475,31.431],[-84.425,31.431],[-84.375,31.432],[-84.325,31.432],[-84.275,31.432],[-84.225,31.431],[-84.175,31.431],[-84.125,31.43],[-84.075,31.43],[-84.025,31.429],[-83.975,31.429],[-83.925,31.43],[-83.875,31.431],[-83.825,31.434],[-83.775,31.436],[-83.725,31.44],[-83.675,31.444],[-83.625,31.449],[-83.575,31.455],[-83.525,31.461],[-83.475,31.468],[-83.43,31.475],[-83.425,31.476],[-83.375,31.484],[-83.325,31.492],[-83.275,31.501],[-83.225,31.51],[-83.175,31.519],[-83.146,31.525],[-83.125,31.529],[-83.075,31.54],[-83.025,31.551],[-82.975,31.562],[-82.925,31.574],[-82.923,31.575],[-82.875,31.588],[-82.825,31.602],[-82.775,31.616],[-82.747,31.625],[-82.725,31.632],[-82.675,31.649],[-82.625,31.667],[-82.603,31.675],[-82.575,31.686],[-82.525,31.707],[-82.483,31.725],[-82.475,31.728],[-82.425,31.751],[-82.375,31.774],[-82.373,31.775],[-82.325,31.797],[-82.275,31.82],[-82.264,31.825],[-82.225,31.843],[-82.175,31.865],[-82.151,31.875],[-82.125,31.886],[-82.075,31.907],[-82.029,31.925],[-82.025,31.927],[-81.975,31.945],[-81.925,31.963],[-81.891,31.975],[-81.875,31.98],[-81.825,31.997],[-81.775,32.012],[-81.732,32.025],[-81.725,32.027],[-81.675,32.041],[-81.625,32.055],[-81.575,32.068],[-81.544,32.075],[-81.525,32.08],[-81.475,32.091],[-81.425,32.101],[-81.375,32.11],[-81.325,32.118],[-81.275,32.124],[-81.259,32.125],[-81.225,32.127],[-81.175,32.128],[-81.127,32.125],[-81.125,32.125],[-81.075,32.12],[-81.025,32.114],[-80.975,32.108],[-80.925,32.101],[-80.903,32.097]]]}},{"type":"Feature","properties":{"date":"2020-03-09","label":"9 Mar","yday":69,"tier":"day","major":false},"geometry":{"type":"MultiLineString","coordinates":[[[-94.694,30.644],[-94.675,30.647],[-94.625,30.654],[-94.575,30.661],[-94.525,30.667],[-94.475,30.673],[-94.456,30.675],[-94.425,30.678],[-94.375,30.683],[-94.325,30.687],[-94.275,30.691],[-94.225,30.693],[-94.175,30.696],[-94.125,30.697],[-94.075,30.698],[-94.025,30.698],[-93.975,30.697],[-93.925,30.695],[-93.875,30.693],[-93.825,30.69],[-93.775,30.687],[-93.725,30.683],[-93.675,30.679],[-93.632,30.675],[-93.625,30.674],[-93.575,30.669],[-93.525,30.664],[-93.475,30.659],[-93.425,30.654],[-93.375,30.648],[-93.325,30.643],[-93.275,30.638],[-93.225,30.633],[-93.175,30.628],[-93.134,30.625],[-93.125,30.624],[-93.075,30.621],[-93.025,30.618],[-92.975,30.615],[-92.925,30.614],[-92.875,30.613],[-92.825,30.613],[-92.775,30.613],[-92.725,30.615],[-92.675,30.618],[-92.625,30.622],[-92.595,30.625],[-92.575,30.627],[-92.525,30.633],[-92.475,30.64],[-92.425,30.648],[-92.397,30.653]],[[-92.282,30.675],[-92.275,30.676],[-92.225,30.687],[-92.175,30.698],[-92.145,30.705]],[[-91.325,30.895],[-91.275,30.903],[-91.225,30.91],[-91.175,30.916],[-91.125,30.921],[-91.083,30.925],[-91.075,30.926],[-91.025,30.93],[-90.975,30.933],[-90.925,30.935],[-90.875,30.937],[-90.825,30.938],[-90.775,30.938],[-90.725,30.939],[-90.675,30.939],[-90.625,30.939],[-90.575,30.939],[-90.525,30.939],[-90.475,30.939],[-90.425,30.939],[-90.375,30.94],[-90.325,30.94],[-90.275,30.94],[-90.225,30.941],[-90.175,30.941],[-90.125,30.941],[-90.075,30.941],[-90.025,30.94],[-89.975,30.939],[-89.925,30.937],[-89.875,30.935],[-89.825,30.933],[-89.775,30.93],[-89.725,30.926],[-89.708,30.925],[-89.675,30.923],[-89.625,30.919],[-89.575,30.914],[-89.525,30.91],[-89.475,30.905],[-89.425,30.901],[-89.375,30.897],[-89.325,30.893],[-89.275,30.89],[-89.225,30.887],[-89.175,30.886],[-89.125,30.885],[-89.075,30.885],[-89.025,30.887],[-88.975,30.89],[-88.925,30.894],[-88.875,30.9],[-88.825,30.907],[-88.775,30.915],[-88.725,30.923],[-88.717,30.925],[-88.675,30.933],[-88.625,30.944],[-88.575,30.956],[-88.525,30.969],[-88.501,30.975],[-88.475,30.982],[-88.425,30.997],[-88.375,31.012],[-88.335,31.025],[-88.325,31.028],[-88.275,31.045],[-88.225,31.063],[-88.193,31.075],[-88.175,31.082],[-88.125,31.101],[-88.075,31.12],[-88.063,31.125],[-88.025,31.14],[-87.975,31.16],[-87.936,31.175],[-87.925,31.179],[-87.875,31.199],[-87.825,31.218],[-87.806,31.225],[-87.775,31.237],[-87.725,31.256],[-87.675,31.274],[-87.671,31.275],[-87.625,31.291],[-87.575,31.309],[-87.526,31.325],[-87.525,31.325],[-87.475,31.341],[-87.425,31.357],[-87.375,31.372],[-87.365,31.375],[-87.325,31.386],[-87.275,31.4],[-87.225,31.413],[-87.175,31.425],[-87.174,31.425],[-87.125,31.436],[-87.075,31.445],[-87.025,31.453],[-86.975,31.46],[-86.925,31.465],[-86.875,31.47],[-86.825,31.475],[-86.821,31.475],[-86.775,31.479],[-86.725,31.482],[-86.675,31.485],[-86.625,31.488],[-86.575,31.491],[-86.525,31.493],[-86.475,31.494],[-86.425,31.495],[-86.375,31.495],[-86.325,31.495],[-86.275,31.493],[-86.225,31.492],[-86.175,31.49],[-86.125,31.489],[-86.075,31.488],[-86.025,31.488],[-85.975,31.488],[-85.925,31.49],[-85.875,31.492],[-85.825,31.496],[-85.775,31.5],[-85.725,31.505],[-85.675,31.512],[-85.625,31.518],[-85.575,31.525],[-85.573,31.525],[-85.525,31.531],[-85.475,31.537],[-85.425,31.543],[-85.375,31.548],[-85.325,31.553],[-85.275,31.557],[-85.225,31.561],[-85.175,31.564],[-85.125,31.567],[-85.075,31.569],[-85.025,31.572],[-84.975,31.574],[-84.946,31.575],[-84.925,31.576],[-84.875,31.578],[-84.825,31.579],[-84.775,31.581],[-84.725,31.582],[-84.675,31.583],[-84.625,31.585],[-84.575,31.586],[-84.525,31.587],[-84.475,31.588],[-84.425,31.589],[-84.375,31.59],[-84.325,31.591],[-84.275,31.592],[-84.225,31.592],[-84.175,31.592],[-84.125,31.592],[-84.075,31.591],[-84.025,31.59],[-83.975,31.59],[-83.925,31.59],[-83.875,31.59],[-83.825,31.591],[-83.775,31.593],[-83.725,31.595],[-83.675,31.598],[-83.625,31.601],[-83.575,31.605],[-83.525,31.61],[-83.475,31.615],[-83.425,31.621],[-83.391,31.625],[-83.375,31.627],[-83.325,31.634],[-83.275,31.641],[-83.225,31.65],[-83.175,31.658],[-83.125,31.668],[-83.089,31.675],[-83.075,31.678],[-83.025,31.689],[-82.975,31.7],[-82.925,31.713],[-82.88,31.725],[-82.875,31.726],[-82.825,31.741],[-82.775,31.757],[-82.725,31.773],[-82.72,31.775],[-82.675,31.791],[-82.625,31.811],[-82.589,31.825],[-82.575,31.831],[-82.525,31.852],[-82.475,31.874],[-82.473,31.875],[-82.425,31.897],[-82.375,31.919],[-82.363,31.925],[-82.325,31.942],[-82.275,31.965],[-82.252,31.975],[-82.225,31.987],[-82.175,32.009],[-82.137,32.025],[-82.125,32.03],[-82.075,32.05],[-82.025,32.07],[-82.012,32.075],[-81.975,32.089],[-81.925,32.107],[-81.875,32.125],[-81.874,32.125],[-81.825,32.142],[-81.775,32.158],[-81.725,32.173],[-81.718,32.175],[-81.675,32.187],[-81.625,32.201],[-81.575,32.213],[-81.525,32.225],[-81.524,32.225],[-81.475,32.235],[-81.425,32.244],[-81.375,32.251],[-81.325,32.257],[-81.275,32.261],[-81.225,32.263],[-81.175,32.263],[-81.125,32.261],[-81.075,32.257],[-81.025,32.251],[-80.975,32.245],[-80.925,32.238],[-80.875,32.23],[-80.845,32.225],[-80.825,32.222],[-80.821,32.221]],[[-80.741,32.209],[-80.725,32.206],[-80.697,32.203]]]}},{"type":"Feature","properties":{"date":"2020-03-10","label":"10 Mar","yday":70,"tier":"five","major":false},"geometry":{"type":"MultiLineString","coordinates":[[[-94.76,30.76],[-94.725,30.764],[-94.675,30.771],[-94.645,30.775],[-94.625,30.778],[-94.575,30.784],[-94.525,30.789],[-94.475,30.794],[-94.425,30.799],[-94.375,30.803],[-94.325,30.807],[-94.275,30.81],[-94.225,30.812],[-94.175,30.814],[-94.125,30.815],[-94.075,30.815],[-94.025,30.815],[-93.975,30.814],[-93.925,30.812],[-93.875,30.809],[-93.825,30.806],[-93.775,30.802],[-93.725,30.798],[-93.675,30.793],[-93.625,30.788],[-93.575,30.783],[-93.525,30.777],[-93.506,30.775],[-93.475,30.772],[-93.425,30.766],[-93.375,30.76],[-93.325,30.755],[-93.275,30.75],[-93.225,30.745],[-93.175,30.741],[-93.125,30.737],[-93.075,30.733],[-93.025,30.731],[-92.975,30.728],[-92.925,30.727],[-92.875,30.726],[-92.825,30.726],[-92.775,30.727],[-92.725,30.729],[-92.675,30.732],[-92.625,30.737],[-92.575,30.744],[-92.525,30.751],[-92.475,30.759],[-92.425,30.768],[-92.391,30.775],[-92.375,30.778],[-92.325,30.789],[-92.275,30.8],[-92.225,30.812],[-92.175,30.824],[-92.171,30.825],[-92.125,30.837]],[[-91.372,31.022],[-91.356,31.025],[-91.325,31.03],[-91.275,31.038],[-91.225,31.045],[-91.175,31.052],[-91.125,31.057],[-91.075,31.062],[-91.025,31.065],[-90.975,31.068],[-90.925,31.071],[-90.875,31.072],[-90.825,31.073],[-90.775,31.074],[-90.725,31.074],[-90.675,31.074],[-90.625,31.073],[-90.575,31.073],[-90.525,31.073],[-90.475,31.072],[-90.425,31.072],[-90.375,31.072],[-90.325,31.073],[-90.275,31.073],[-90.225,31.073],[-90.175,31.073],[-90.125,31.073],[-90.075,31.073],[-90.025,31.072],[-89.975,31.071],[-89.925,31.07],[-89.875,31.068],[-89.825,31.066],[-89.775,31.064],[-89.725,31.061],[-89.675,31.058],[-89.625,31.055],[-89.575,31.052],[-89.525,31.049],[-89.475,31.047],[-89.425,31.044],[-89.375,31.042],[-89.325,31.04],[-89.275,31.039],[-89.225,31.039],[-89.175,31.04],[-89.125,31.042],[-89.075,31.045],[-89.025,31.049],[-88.975,31.055],[-88.925,31.061],[-88.875,31.069],[-88.843,31.075],[-88.825,31.078],[-88.775,31.089],[-88.725,31.1],[-88.675,31.112],[-88.627,31.125],[-88.625,31.125],[-88.575,31.14],[-88.525,31.155],[-88.475,31.171],[-88.463,31.175],[-88.425,31.188],[-88.375,31.206],[-88.325,31.224],[-88.322,31.225],[-88.275,31.243],[-88.225,31.262],[-88.193,31.275],[-88.175,31.282],[-88.125,31.302],[-88.075,31.322],[-88.067,31.325],[-88.025,31.342],[-87.975,31.361],[-87.94,31.375],[-87.925,31.381],[-87.875,31.4],[-87.825,31.419],[-87.807,31.425],[-87.775,31.437],[-87.725,31.455],[-87.675,31.472],[-87.665,31.475],[-87.625,31.488],[-87.575,31.504],[-87.525,31.519],[-87.506,31.525],[-87.475,31.534],[-87.425,31.547],[-87.375,31.56],[-87.325,31.572],[-87.312,31.575],[-87.275,31.583],[-87.225,31.593],[-87.175,31.602],[-87.125,31.609],[-87.075,31.616],[-87.025,31.622],[-86.989,31.625],[-86.975,31.626],[-86.925,31.63],[-86.875,31.633],[-86.825,31.635],[-86.775,31.637],[-86.725,31.638],[-86.675,31.639],[-86.625,31.64],[-86.575,31.64],[-86.525,31.64],[-86.475,31.64],[-86.425,31.64],[-86.375,31.639],[-86.325,31.638],[-86.275,31.636],[-86.225,31.635],[-86.175,31.633],[-86.125,31.632],[-86.075,31.632],[-86.025,31.631],[-85.975,31.632],[-85.925,31.634],[-85.875,31.636],[-85.825,31.639],[-85.775,31.643],[-85.725,31.648],[-85.675,31.653],[-85.625,31.658],[-85.575,31.664],[-85.525,31.669],[-85.475,31.675],[-85.473,31.675],[-85.425,31.68],[-85.375,31.685],[-85.325,31.69],[-85.275,31.694],[-85.225,31.698],[-85.175,31.702],[-85.125,31.705],[-85.075,31.709],[-85.025,31.712],[-84.975,31.715],[-84.925,31.717],[-84.875,31.72],[-84.825,31.722],[-84.775,31.724],[-84.761,31.725],[-84.725,31.726],[-84.675,31.728],[-84.625,31.73],[-84.575,31.732],[-84.525,31.733],[-84.475,31.735],[-84.425,31.736],[-84.375,31.737],[-84.325,31.738],[-84.275,31.739],[-84.225,31.74],[-84.175,31.74],[-84.125,31.74],[-84.075,31.74],[-84.025,31.74],[-83.975,31.74],[-83.925,31.74],[-83.875,31.741],[-83.825,31.741],[-83.775,31.743],[-83.725,31.744],[-83.675,31.746],[-83.625,31.749],[-83.575,31.752],[-83.525,31.756],[-83.475,31.76],[-83.425,31.765],[-83.375,31.771],[-83.34,31.775],[-83.325,31.777],[-83.275,31.784],[-83.225,31.791],[-83.175,31.8],[-83.125,31.809],[-83.075,31.819],[-83.049,31.825],[-83.025,31.83],[-82.975,31.842],[-82.925,31.855],[-82.875,31.869],[-82.857,31.875],[-82.825,31.885],[-82.775,31.901],[-82.725,31.919],[-82.708,31.925],[-82.675,31.937],[-82.625,31.957],[-82.582,31.975],[-82.575,31.978],[-82.525,32.0],[-82.475,32.022],[-82.468,32.025],[-82.425,32.044],[-82.375,32.067],[-82.357,32.075],[-82.325,32.089],[-82.275,32.111],[-82.244,32.125],[-82.225,32.133],[-82.175,32.154],[-82.125,32.175],[-82.125,32.175],[-82.075,32.195],[-82.025,32.215],[-81.998,32.225],[-81.975,32.234],[-81.925,32.252],[-81.875,32.269],[-81.857,32.275],[-81.825,32.286],[-81.775,32.301],[-81.725,32.316],[-81.692,32.325],[-81.675,32.33],[-81.625,32.342],[-81.575,32.354],[-81.525,32.364],[-81.475,32.372],[-81.458,32.375],[-81.425,32.38],[-81.375,32.386],[-81.325,32.39],[-81.275,32.393],[-81.225,32.394],[-81.175,32.394],[-81.125,32.392],[-81.075,32.389],[-81.025,32.384],[-80.975,32.379],[-80.941,32.375],[-80.925,32.373],[-80.875,32.366],[-80.825,32.359]],[[-80.662,32.338],[-80.625,32.334],[-80.575,32.329],[-80.53,32.325],[-80.525,32.325]]]}},{"type":"Feature","properties":{"date":"2020-03-11","label":"11 Mar","yday":71,"tier":"day","major":false},"geometry":{"type":"MultiLineString","coordinates":[[[-95.055,30.855],[-95.025,30.858],[-94.975,30.865],[-94.925,30.871],[-94.897,30.875],[-94.875,30.878],[-94.825,30.884],[-94.775,30.89],[-94.725,30.896],[-94.675,30.902],[-94.625,30.907],[-94.575,30.913],[-94.525,30.917],[-94.475,30.922],[-94.434,30.925],[-94.425,30.926],[-94.375,30.929],[-94.325,30.932],[-94.275,30.935],[-94.225,30.937],[-94.175,30.938],[-94.125,30.939],[-94.075,30.939],[-94.025,30.938],[-93.975,30.937],[-93.925,30.934],[-93.875,30.931],[-93.825,30.928],[-93.792,30.925],[-93.775,30.924],[-93.725,30.919],[-93.675,30.914],[-93.625,30.909],[-93.575,30.903],[-93.525,30.898],[-93.475,30.892],[-93.425,30.886],[-93.375,30.88],[-93.33,30.875],[-93.325,30.874],[-93.275,30.869],[-93.225,30.865],[-93.175,30.861],[-93.125,30.857],[-93.075,30.854],[-93.025,30.851],[-92.975,30.849],[-92.925,30.848],[-92.875,30.848],[-92.825,30.849],[-92.775,30.85],[-92.725,30.853],[-92.675,30.858],[-92.625,30.864],[-92.575,30.871],[-92.547,30.875],[-92.525,30.879],[-92.475,30.888],[-92.425,30.898],[-92.375,30.909],[-92.325,30.921],[-92.306,30.925],[-92.275,30.933],[-92.225,30.946],[-92.175,30.959],[-92.162,30.962]],[[-91.375,31.17],[-91.348,31.175],[-91.325,31.179],[-91.275,31.188],[-91.225,31.195],[-91.175,31.202],[-91.125,31.208],[-91.075,31.213],[-91.025,31.217],[-90.975,31.221],[-90.925,31.223],[-90.882,31.225],[-90.875,31.225],[-90.825,31.227],[-90.775,31.227],[-90.725,31.228],[-90.675,31.227],[-90.625,31.227],[-90.575,31.226],[-90.525,31.225],[-90.497,31.225],[-90.475,31.225],[-90.425,31.225],[-90.375,31.225],[-90.344,31.225],[-90.325,31.225],[-90.275,31.225],[-90.225,31.226],[-90.175,31.226],[-90.125,31.225],[-90.079,31.225],[-90.075,31.225],[-90.025,31.224],[-89.975,31.223],[-89.925,31.222],[-89.875,31.221],[-89.825,31.219],[-89.775,31.218],[-89.725,31.216],[-89.675,31.214],[-89.625,31.212],[-89.575,31.21],[-89.525,31.208],[-89.475,31.207],[-89.425,31.206],[-89.375,31.205],[-89.325,31.206],[-89.275,31.207],[-89.225,31.21],[-89.175,31.214],[-89.125,31.219],[-89.075,31.225],[-89.074,31.225],[-89.025,31.233],[-88.975,31.241],[-88.925,31.251],[-88.875,31.262],[-88.825,31.274],[-88.823,31.275],[-88.775,31.288],[-88.725,31.302],[-88.675,31.317],[-88.65,31.325],[-88.625,31.333],[-88.575,31.35],[-88.525,31.367],[-88.503,31.375],[-88.475,31.385],[-88.425,31.404],[-88.375,31.423],[-88.369,31.425],[-88.325,31.442],[-88.275,31.461],[-88.239,31.475],[-88.225,31.48],[-88.175,31.5],[-88.125,31.519],[-88.108,31.525],[-88.075,31.537],[-88.025,31.556],[-87.975,31.574],[-87.972,31.575],[-87.925,31.592],[-87.875,31.609],[-87.825,31.625],[-87.825,31.625],[-87.775,31.641],[-87.725,31.656],[-87.675,31.671],[-87.66,31.675],[-87.625,31.685],[-87.575,31.698],[-87.525,31.71],[-87.475,31.722],[-87.459,31.725],[-87.425,31.732],[-87.375,31.742],[-87.325,31.751],[-87.275,31.759],[-87.225,31.766],[-87.175,31.772],[-87.144,31.775],[-87.125,31.777],[-87.075,31.781],[-87.025,31.785],[-86.975,31.787],[-86.925,31.789],[-86.875,31.79],[-86.825,31.79],[-86.775,31.79],[-86.725,31.789],[-86.675,31.788],[-86.625,31.787],[-86.575,31.786],[-86.525,31.785],[-86.475,31.784],[-86.425,31.783],[-86.375,31.781],[-86.325,31.779],[-86.275,31.777],[-86.227,31.775],[-86.225,31.775],[-86.175,31.773],[-86.125,31.771],[-86.075,31.77],[-86.025,31.769],[-85.975,31.77],[-85.925,31.772],[-85.875,31.774],[-85.861,31.775],[-85.825,31.777],[-85.775,31.781],[-85.725,31.785],[-85.675,31.79],[-85.625,31.795],[-85.575,31.8],[-85.525,31.804],[-85.475,31.809],[-85.425,31.814],[-85.375,31.819],[-85.325,31.824],[-85.311,31.825],[-85.275,31.828],[-85.225,31.833],[-85.175,31.837],[-85.125,31.841],[-85.075,31.844],[-85.025,31.848],[-84.975,31.851],[-84.925,31.854],[-84.875,31.857],[-84.825,31.86],[-84.775,31.863],[-84.725,31.865],[-84.675,31.867],[-84.625,31.87],[-84.575,31.872],[-84.525,31.873],[-84.475,31.875],[-84.474,31.875],[-84.425,31.876],[-84.375,31.878],[-84.325,31.879],[-84.275,31.88],[-84.225,31.881],[-84.175,31.881],[-84.125,31.882],[-84.075,31.882],[-84.025,31.883],[-83.975,31.883],[-83.925,31.884],[-83.875,31.885],[-83.825,31.886],[-83.775,31.887],[-83.725,31.889],[-83.675,31.891],[-83.625,31.893],[-83.575,31.896],[-83.525,31.899],[-83.475,31.903],[-83.425,31.908],[-83.375,31.913],[-83.325,31.919],[-83.281,31.925],[-83.275,31.926],[-83.225,31.933],[-83.175,31.942],[-83.125,31.951],[-83.075,31.961],[-83.025,31.972],[-83.015,31.975],[-82.975,31.985],[-82.925,31.998],[-82.875,32.013],[-82.836,32.025],[-82.825,32.029],[-82.775,32.046],[-82.725,32.064],[-82.695,32.075],[-82.675,32.083],[-82.625,32.103],[-82.575,32.124],[-82.573,32.125],[-82.525,32.146],[-82.475,32.168],[-82.459,32.175],[-82.425,32.19],[-82.375,32.213],[-82.347,32.225],[-82.325,32.235],[-82.275,32.256],[-82.231,32.275],[-82.225,32.278],[-82.175,32.299],[-82.125,32.319],[-82.11,32.325],[-82.075,32.339],[-82.025,32.358],[-81.98,32.375],[-81.975,32.377],[-81.925,32.395],[-81.875,32.412],[-81.834,32.425],[-81.825,32.428],[-81.775,32.443],[-81.725,32.457],[-81.675,32.47],[-81.652,32.475],[-81.625,32.481],[-81.575,32.491],[-81.525,32.5],[-81.475,32.508],[-81.425,32.514],[-81.375,32.519],[-81.325,32.522],[-81.275,32.524],[-81.225,32.525],[-81.175,32.524],[-81.125,32.523],[-81.075,32.52],[-81.025,32.517],[-80.975,32.513],[-80.925,32.508],[-80.875,32.502],[-80.825,32.497],[-80.775,32.491],[-80.725,32.486],[-80.675,32.48],[-80.629,32.475],[-80.625,32.475],[-80.575,32.47],[-80.525,32.465],[-80.514,32.464]]]}},{"type":"Feature","properties":{"date":"2020-03-12","label":"12 Mar","yday":72,"tier":"day","major":false},"geometry":{"type":"MultiLineString","coordinates":[[[-95.175,30.992],[-95.125,30.997],[-95.075,31.002],[-95.025,31.006],[-94.975,31.011],[-94.925,31.016],[-94.875,31.021],[-94.832,31.025],[-94.825,31.026],[-94.775,31.031],[-94.725,31.035],[-94.675,31.04],[-94.625,31.045],[-94.575,31.049],[-94.525,31.053],[-94.475,31.057],[-94.425,31.06],[-94.375,31.063],[-94.325,31.066],[-94.275,31.068],[-94.225,31.069],[-94.175,31.07],[-94.125,31.07],[-94.075,31.07],[-94.025,31.069],[-93.975,31.067],[-93.925,31.065],[-93.875,31.062],[-93.825,31.058],[-93.775,31.054],[-93.725,31.049],[-93.675,31.044],[-93.625,31.039],[-93.575,31.033],[-93.525,31.028],[-93.504,31.025],[-93.475,31.022],[-93.425,31.016],[-93.375,31.01],[-93.325,31.005],[-93.275,30.999],[-93.225,30.994],[-93.175,30.99],[-93.125,30.987],[-93.075,30.984],[-93.025,30.982],[-92.975,30.981],[-92.925,30.981],[-92.875,30.981],[-92.825,30.983],[-92.775,30.986],[-92.725,30.99],[-92.675,30.995],[-92.625,31.002],[-92.575,31.01],[-92.525,31.018],[-92.492,31.025]],[[-91.359,31.341],[-91.325,31.348],[-91.275,31.357],[-91.225,31.366],[-91.175,31.374],[-91.167,31.375],[-91.125,31.381],[-91.075,31.387],[-91.025,31.393],[-90.975,31.397],[-90.925,31.401],[-90.875,31.404],[-90.825,31.406],[-90.775,31.408],[-90.725,31.409],[-90.675,31.41],[-90.625,31.41],[-90.575,31.41],[-90.525,31.41],[-90.475,31.409],[-90.425,31.409],[-90.375,31.409],[-90.325,31.409],[-90.275,31.408],[-90.225,31.408],[-90.175,31.407],[-90.125,31.407],[-90.075,31.406],[-90.025,31.405],[-89.975,31.405],[-89.925,31.404],[-89.875,31.402],[-89.825,31.401],[-89.775,31.4],[-89.725,31.399],[-89.675,31.398],[-89.625,31.397],[-89.575,31.396],[-89.525,31.396],[-89.475,31.396],[-89.425,31.397],[-89.375,31.399],[-89.325,31.402],[-89.275,31.406],[-89.225,31.412],[-89.175,31.42],[-89.144,31.425],[-89.125,31.428],[-89.075,31.438],[-89.025,31.45],[-88.975,31.462],[-88.925,31.475],[-88.925,31.475],[-88.875,31.489],[-88.825,31.504],[-88.775,31.52],[-88.76,31.525],[-88.725,31.537],[-88.675,31.554],[-88.625,31.571],[-88.613,31.575],[-88.575,31.589],[-88.525,31.606],[-88.475,31.624],[-88.473,31.625],[-88.425,31.642],[-88.375,31.66],[-88.333,31.675],[-88.325,31.678],[-88.275,31.695],[-88.225,31.712],[-88.187,31.725],[-88.175,31.729],[-88.125,31.745],[-88.075,31.761],[-88.029,31.775],[-88.025,31.776],[-87.975,31.791],[-87.925,31.806],[-87.875,31.819],[-87.854,31.825],[-87.825,31.833],[-87.775,31.845],[-87.725,31.857],[-87.675,31.869],[-87.645,31.875],[-87.625,31.879],[-87.575,31.889],[-87.525,31.899],[-87.475,31.907],[-87.425,31.915],[-87.375,31.922],[-87.35,31.925]],[[-86.304,31.925],[-86.275,31.923],[-86.225,31.92],[-86.175,31.917],[-86.125,31.914],[-86.075,31.912],[-86.025,31.911],[-85.975,31.911],[-85.925,31.912],[-85.875,31.914],[-85.825,31.916],[-85.775,31.919],[-85.725,31.923],[-85.694,31.925],[-85.675,31.926],[-85.625,31.93],[-85.575,31.935],[-85.525,31.939],[-85.475,31.943],[-85.425,31.947],[-85.375,31.952],[-85.325,31.956],[-85.275,31.961],[-85.225,31.965],[-85.175,31.969],[-85.125,31.973],[-85.103,31.975],[-85.075,31.977],[-85.025,31.981],[-84.975,31.985],[-84.925,31.988],[-84.875,31.991],[-84.825,31.994],[-84.775,31.997],[-84.725,32.0],[-84.675,32.002],[-84.625,32.004],[-84.575,32.007],[-84.525,32.009],[-84.475,32.01],[-84.425,32.012],[-84.375,32.013],[-84.325,32.015],[-84.275,32.016],[-84.225,32.017],[-84.175,32.018],[-84.125,32.019],[-84.075,32.02],[-84.025,32.021],[-83.975,32.022],[-83.925,32.023],[-83.875,32.025],[-83.857,32.025],[-83.825,32.026],[-83.775,32.027],[-83.725,32.029],[-83.675,32.031],[-83.625,32.034],[-83.575,32.037],[-83.525,32.04],[-83.475,32.044],[-83.425,32.048],[-83.375,32.054],[-83.325,32.059],[-83.275,32.066],[-83.225,32.073],[-83.215,32.075],[-83.175,32.082],[-83.125,32.091],[-83.075,32.101],[-83.025,32.112],[-82.975,32.125],[-82.975,32.125],[-82.925,32.139],[-82.875,32.154],[-82.825,32.17],[-82.81,32.175],[-82.775,32.187],[-82.725,32.206],[-82.675,32.225],[-82.675,32.225],[-82.625,32.245],[-82.575,32.267],[-82.556,32.275],[-82.525,32.288],[-82.475,32.311],[-82.443,32.325],[-82.425,32.333],[-82.375,32.355],[-82.33,32.375],[-82.325,32.377],[-82.275,32.399],[-82.225,32.42],[-82.214,32.425],[-82.175,32.441],[-82.125,32.462],[-82.092,32.475],[-82.075,32.482],[-82.025,32.501],[-81.975,32.52],[-81.96,32.525],[-81.925,32.537],[-81.875,32.554],[-81.825,32.569],[-81.805,32.575],[-81.775,32.584],[-81.725,32.597],[-81.675,32.609],[-81.625,32.62],[-81.596,32.625],[-81.575,32.629],[-81.525,32.637],[-81.475,32.644],[-81.425,32.649],[-81.375,32.653],[-81.325,32.656],[-81.275,32.658],[-81.225,32.658],[-81.175,32.658],[-81.125,32.656],[-81.075,32.654],[-81.025,32.65],[-80.975,32.646],[-80.925,32.642],[-80.875,32.637],[-80.825,32.632],[-80.775,32.627],[-80.753,32.625],[-80.725,32.622],[-80.675,32.617],[-80.625,32.613],[-80.575,32.609],[-80.525,32.605],[-80.475,32.601],[-80.425,32.598],[-80.375,32.596],[-80.325,32.593],[-80.275,32.591],[-80.225,32.589],[-80.175,32.586],[-80.164,32.586]]]}},{"type":"Feature","properties":{"date":"2020-03-13","label":"13 Mar","yday":73,"tier":"day","major":false},"geometry":{"type":"MultiLineString","coordinates":[[[-94.553,31.197],[-94.525,31.199],[-94.475,31.202],[-94.425,31.205],[-94.375,31.207],[-94.325,31.209],[-94.275,31.211],[-94.225,31.212],[-94.175,31.213],[-94.125,31.212],[-94.075,31.212],[-94.025,31.21],[-93.975,31.209],[-93.925,31.206],[-93.875,31.203],[-93.825,31.2],[-93.775,31.196],[-93.725,31.191],[-93.675,31.186],[-93.625,31.181],[-93.575,31.176],[-93.57,31.175],[-93.525,31.17],[-93.475,31.165],[-93.425,31.159],[-93.375,31.153],[-93.325,31.148],[-93.275,31.143],[-93.225,31.139],[-93.175,31.135],[-93.125,31.132],[-93.075,31.129],[-93.025,31.128],[-92.975,31.127],[-92.925,31.128],[-92.875,31.129],[-92.825,31.132],[-92.775,31.136],[-92.725,31.14],[-92.694,31.144]],[[-91.236,31.564],[-91.225,31.566],[-91.181,31.575],[-91.175,31.576],[-91.125,31.586],[-91.075,31.594],[-91.025,31.602],[-90.975,31.608],[-90.925,31.614],[-90.875,31.619],[-90.825,31.623],[-90.786,31.625],[-90.775,31.626],[-90.725,31.628],[-90.675,31.63],[-90.625,31.631],[-90.575,31.632],[-90.525,31.633],[-90.475,31.633],[-90.425,31.633],[-90.375,31.632],[-90.325,31.631],[-90.275,31.631],[-90.225,31.63],[-90.175,31.629],[-90.125,31.628],[-90.075,31.627],[-90.025,31.626],[-89.975,31.625],[-89.946,31.625],[-89.925,31.625],[-89.875,31.624],[-89.825,31.624],[-89.775,31.623],[-89.725,31.624],[-89.675,31.624],[-89.625,31.625],[-89.623,31.625],[-89.575,31.626],[-89.525,31.629],[-89.475,31.632],[-89.425,31.636],[-89.375,31.641],[-89.325,31.648],[-89.275,31.656],[-89.225,31.665],[-89.175,31.675],[-89.174,31.675],[-89.125,31.686],[-89.075,31.699],[-89.025,31.712],[-88.979,31.725],[-88.975,31.726],[-88.925,31.741],[-88.875,31.756],[-88.825,31.772],[-88.814,31.775],[-88.775,31.787],[-88.725,31.803],[-88.675,31.819],[-88.655,31.825],[-88.625,31.834],[-88.575,31.85],[-88.525,31.865],[-88.49,31.875],[-88.475,31.879],[-88.425,31.894],[-88.375,31.908],[-88.325,31.921],[-88.311,31.925],[-88.275,31.935],[-88.225,31.947],[-88.175,31.96],[-88.125,31.972],[-88.113,31.975],[-88.075,31.984],[-88.025,31.996],[-87.975,32.007],[-87.925,32.017],[-87.919,32.019]],[[-86.039,32.061],[-86.025,32.061],[-85.975,32.059],[-85.925,32.058],[-85.875,32.058],[-85.825,32.059],[-85.775,32.06],[-85.725,32.062],[-85.675,32.064],[-85.625,32.067],[-85.575,32.07],[-85.525,32.073],[-85.494,32.075],[-85.475,32.076],[-85.425,32.08],[-85.375,32.084],[-85.325,32.088],[-85.275,32.092],[-85.225,32.096],[-85.175,32.1],[-85.125,32.104],[-85.075,32.108],[-85.025,32.112],[-84.975,32.116],[-84.925,32.119],[-84.875,32.123],[-84.837,32.125],[-84.825,32.126],[-84.775,32.129],[-84.725,32.131],[-84.675,32.134],[-84.625,32.136],[-84.575,32.138],[-84.525,32.14],[-84.475,32.142],[-84.425,32.144],[-84.375,32.146],[-84.325,32.147],[-84.275,32.149],[-84.225,32.15],[-84.175,32.152],[-84.125,32.153],[-84.075,32.154],[-84.025,32.156],[-83.975,32.157],[-83.925,32.159],[-83.875,32.161],[-83.825,32.162],[-83.775,32.164],[-83.725,32.167],[-83.675,32.169],[-83.625,32.172],[-83.575,32.175],[-83.57,32.175],[-83.525,32.178],[-83.475,32.182],[-83.425,32.186],[-83.375,32.191],[-83.325,32.197],[-83.275,32.203],[-83.225,32.21],[-83.175,32.218],[-83.139,32.225],[-83.125,32.228],[-83.075,32.238],[-83.025,32.249],[-82.975,32.262],[-82.927,32.275],[-82.925,32.275],[-82.875,32.291],[-82.825,32.307],[-82.775,32.325],[-82.775,32.325],[-82.725,32.344],[-82.675,32.364],[-82.649,32.375],[-82.625,32.385],[-82.575,32.407],[-82.533,32.425],[-82.525,32.429],[-82.475,32.451],[-82.425,32.474],[-82.422,32.475],[-82.375,32.496],[-82.325,32.518],[-82.31,32.525],[-82.275,32.541],[-82.225,32.562],[-82.195,32.575],[-82.175,32.584],[-82.125,32.604],[-82.075,32.624],[-82.073,32.625],[-82.025,32.644],[-81.975,32.662],[-81.937,32.675],[-81.925,32.679],[-81.875,32.696],[-81.825,32.711],[-81.775,32.725],[-81.773,32.725],[-81.725,32.737],[-81.675,32.749],[-81.625,32.759],[-81.575,32.768],[-81.525,32.775],[-81.525,32.775],[-81.475,32.781],[-81.425,32.786],[-81.375,32.79],[-81.325,32.793],[-81.275,32.795],[-81.225,32.795],[-81.175,32.795],[-81.125,32.793],[-81.075,32.791],[-81.025,32.788],[-80.975,32.784],[-80.925,32.779],[-80.882,32.775],[-80.875,32.774],[-80.825,32.769],[-80.775,32.764],[-80.725,32.759],[-80.675,32.755],[-80.625,32.751],[-80.575,32.747],[-80.525,32.744],[-80.475,32.742],[-80.425,32.74],[-80.375,32.738],[-80.325,32.737],[-80.275,32.735],[-80.225,32.734],[-80.175,32.732],[-80.125,32.73],[-80.075,32.727],[-80.044,32.725],[-80.025,32.724],[-79.975,32.719],[-79.925,32.714],[-79.89,32.71]],[[-87.117,32.117],[-87.075,32.118],[-87.032,32.118]]]}},{"type":"Feature","properties":{"date":"2020-03-14","label":"14 Mar","yday":74,"tier":"day","major":false},"geometry":{"type":"MultiLineString","coordinates":[[[-94.475,31.36],[-94.425,31.362],[-94.375,31.364],[-94.325,31.366],[-94.275,31.367],[-94.225,31.368],[-94.175,31.368],[-94.125,31.368],[-94.075,31.367],[-94.025,31.365],[-93.975,31.364],[-93.925,31.361],[-93.875,31.358],[-93.825,31.355],[-93.775,31.351],[-93.725,31.347],[-93.675,31.343],[-93.625,31.338],[-93.575,31.333],[-93.525,31.328],[-93.495,31.325],[-93.475,31.323],[-93.425,31.318],[-93.375,31.313],[-93.325,31.309],[-93.275,31.305],[-93.225,31.301],[-93.175,31.298],[-93.125,31.295],[-93.075,31.294],[-93.025,31.293],[-92.975,31.293],[-92.925,31.294],[-92.875,31.296],[-92.825,31.299],[-92.775,31.304],[-92.725,31.309]],[[-92.423,31.373],[-92.414,31.375],[-92.375,31.387],[-92.325,31.403],[-92.275,31.42]],[[-91.054,31.846],[-91.025,31.852],[-90.975,31.862],[-90.925,31.87],[-90.888,31.875],[-90.875,31.877],[-90.825,31.883],[-90.775,31.888],[-90.725,31.892],[-90.675,31.895],[-90.625,31.897],[-90.575,31.898],[-90.525,31.899],[-90.475,31.899],[-90.425,31.899],[-90.375,31.899],[-90.325,31.898],[-90.275,31.897],[-90.225,31.896],[-90.175,31.895],[-90.125,31.894],[-90.075,31.893],[-90.025,31.892],[-89.975,31.892],[-89.925,31.892],[-89.875,31.892],[-89.825,31.892],[-89.775,31.894],[-89.725,31.895],[-89.675,31.898],[-89.625,31.901],[-89.575,31.905],[-89.525,31.909],[-89.475,31.915],[-89.425,31.921],[-89.401,31.925],[-89.375,31.929],[-89.325,31.937],[-89.275,31.947],[-89.225,31.957],[-89.175,31.968],[-89.144,31.975],[-89.125,31.979],[-89.075,31.992],[-89.025,32.004],[-88.975,32.017],[-88.945,32.025],[-88.925,32.03],[-88.875,32.043],[-88.825,32.056],[-88.775,32.068],[-88.746,32.075],[-88.725,32.08],[-88.675,32.091],[-88.625,32.101],[-88.575,32.111],[-88.525,32.121],[-88.503,32.125],[-88.475,32.13],[-88.425,32.139],[-88.375,32.148],[-88.325,32.156],[-88.275,32.165],[-88.225,32.174],[-88.218,32.175],[-88.175,32.182],[-88.125,32.191],[-88.096,32.196]],[[-85.575,32.205],[-85.525,32.207],[-85.475,32.209],[-85.425,32.212],[-85.375,32.215],[-85.325,32.218],[-85.275,32.222],[-85.232,32.225],[-85.225,32.226],[-85.175,32.229],[-85.125,32.234],[-85.075,32.238],[-85.025,32.241],[-84.975,32.245],[-84.925,32.249],[-84.875,32.252],[-84.825,32.255],[-84.775,32.257],[-84.725,32.26],[-84.675,32.262],[-84.625,32.265],[-84.575,32.267],[-84.525,32.269],[-84.475,32.271],[-84.425,32.273],[-84.375,32.275],[-84.364,32.275],[-84.325,32.276],[-84.275,32.278],[-84.225,32.28],[-84.175,32.282],[-84.125,32.284],[-84.075,32.285],[-84.025,32.287],[-83.975,32.289],[-83.925,32.291],[-83.875,32.293],[-83.825,32.296],[-83.775,32.298],[-83.725,32.301],[-83.675,32.304],[-83.625,32.306],[-83.575,32.31],[-83.525,32.313],[-83.475,32.317],[-83.425,32.321],[-83.386,32.325],[-83.375,32.326],[-83.325,32.331],[-83.275,32.337],[-83.225,32.344],[-83.175,32.352],[-83.125,32.361],[-83.075,32.371],[-83.056,32.375],[-83.025,32.382],[-82.975,32.395],[-82.925,32.409],[-82.875,32.425],[-82.874,32.425],[-82.825,32.442],[-82.775,32.461],[-82.739,32.475],[-82.725,32.481],[-82.675,32.502],[-82.625,32.523],[-82.622,32.525],[-82.575,32.546],[-82.525,32.568],[-82.511,32.575],[-82.475,32.591],[-82.425,32.614],[-82.402,32.625],[-82.375,32.637],[-82.325,32.66],[-82.292,32.675],[-82.275,32.682],[-82.225,32.704],[-82.177,32.725],[-82.175,32.726],[-82.125,32.747],[-82.075,32.767],[-82.054,32.775],[-82.025,32.786],[-81.975,32.805],[-81.925,32.822],[-81.915,32.825],[-81.875,32.838],[-81.825,32.853],[-81.775,32.866],[-81.74,32.875],[-81.725,32.879],[-81.675,32.89],[-81.625,32.9],[-81.575,32.908],[-81.525,32.916],[-81.475,32.922],[-81.445,32.925],[-81.425,32.927],[-81.375,32.931],[-81.325,32.934],[-81.275,32.936],[-81.225,32.937],[-81.175,32.937],[-81.125,32.937],[-81.075,32.935],[-81.025,32.932],[-80.975,32.928],[-80.935,32.925],[-80.925,32.924],[-80.875,32.919],[-80.825,32.914],[-80.775,32.909],[-80.725,32.903],[-80.675,32.898],[-80.625,32.894],[-80.575,32.891],[-80.525,32.889],[-80.475,32.887],[-80.425,32.886],[-80.375,32.884],[-80.325,32.883],[-80.275,32.882],[-80.225,32.88],[-80.175,32.879],[-80.125,32.877],[-80.092,32.875],[-80.075,32.874],[-80.025,32.87],[-79.975,32.866],[-79.938,32.862]],[[-87.19,32.29],[-87.175,32.291],[-87.125,32.291],[-87.075,32.291],[-87.025,32.29],[-86.975,32.289],[-86.925,32.287],[-86.875,32.285]],[[-79.908,32.858],[-79.875,32.854],[-79.825,32.848],[-79.775,32.841],[-79.725,32.835],[-79.716,32.834]]]}},{"type":"Feature","properties":{"date":"2020-03-15","label":"15 Mar","yday":75,"tier":"index","major":true},"geometry":{"type":"MultiLineString","coordinates":[[[-94.312,31.538],[-94.275,31.539],[-94.225,31.539],[-94.175,31.54],[-94.125,31.539],[-94.075,31.538],[-94.025,31.537],[-93.975,31.535],[-93.925,31.533],[-93.875,31.531],[-93.825,31.528],[-93.785,31.525],[-93.775,31.524],[-93.725,31.521],[-93.675,31.517],[-93.625,31.513],[-93.575,31.509],[-93.525,31.504],[-93.475,31.5],[-93.425,31.496],[-93.375,31.492],[-93.325,31.489],[-93.275,31.485],[-93.225,31.483],[-93.175,31.481],[-93.125,31.479],[-93.079,31.479]],[[-92.582,31.532],[-92.575,31.533],[-92.525,31.547],[-92.475,31.561],[-92.43,31.575],[-92.425,31.577],[-92.375,31.594],[-92.325,31.611],[-92.289,31.625],[-92.275,31.63],[-92.225,31.65],[-92.175,31.67],[-92.163,31.675],[-92.125,31.691],[-92.075,31.712],[-92.046,31.725],[-92.025,31.734],[-91.975,31.756],[-91.933,31.775],[-91.925,31.779],[-91.875,31.801]],[[-90.412,32.188],[-90.375,32.188],[-90.325,32.187],[-90.275,32.186],[-90.225,32.185],[-90.175,32.183],[-90.125,32.182],[-90.075,32.181],[-90.025,32.18],[-89.975,32.18],[-89.925,32.18],[-89.875,32.18],[-89.825,32.182],[-89.775,32.183],[-89.725,32.185],[-89.675,32.188],[-89.625,32.192],[-89.575,32.196],[-89.548,32.198]],[[-89.382,32.218],[-89.375,32.219],[-89.333,32.225],[-89.325,32.226],[-89.275,32.234],[-89.225,32.242],[-89.175,32.251],[-89.125,32.26],[-89.075,32.27],[-89.047,32.275],[-89.025,32.279],[-88.975,32.289],[-88.925,32.298],[-88.875,32.307],[-88.825,32.316],[-88.775,32.325],[-88.772,32.325],[-88.725,32.331],[-88.675,32.336],[-88.625,32.341],[-88.575,32.345],[-88.525,32.35],[-88.475,32.355],[-88.425,32.36],[-88.375,32.366],[-88.325,32.372],[-88.297,32.375],[-88.275,32.378],[-88.225,32.384],[-88.175,32.39]],[[-85.691,32.341],[-85.675,32.34],[-85.625,32.339],[-85.575,32.339],[-85.525,32.339],[-85.475,32.34],[-85.425,32.342],[-85.375,32.344],[-85.325,32.347],[-85.275,32.35],[-85.225,32.353],[-85.175,32.357],[-85.125,32.361],[-85.075,32.365],[-85.025,32.369],[-84.975,32.372],[-84.93,32.375],[-84.925,32.375],[-84.875,32.378],[-84.825,32.381],[-84.775,32.383],[-84.725,32.386],[-84.675,32.388],[-84.625,32.39],[-84.575,32.392],[-84.525,32.394],[-84.475,32.396],[-84.425,32.398],[-84.375,32.4],[-84.325,32.402],[-84.275,32.404],[-84.225,32.406],[-84.175,32.408],[-84.125,32.41],[-84.075,32.413],[-84.025,32.415],[-83.975,32.417],[-83.925,32.42],[-83.875,32.423],[-83.838,32.425],[-83.825,32.426],[-83.775,32.429],[-83.725,32.432],[-83.675,32.435],[-83.625,32.438],[-83.575,32.442],[-83.525,32.445],[-83.475,32.449],[-83.425,32.454],[-83.375,32.458],[-83.325,32.463],[-83.275,32.469],[-83.232,32.475],[-83.225,32.476],[-83.175,32.483],[-83.125,32.492],[-83.075,32.502],[-83.025,32.513],[-82.979,32.525],[-82.975,32.526],[-82.925,32.541],[-82.875,32.559],[-82.832,32.575],[-82.825,32.577],[-82.775,32.598],[-82.725,32.619],[-82.71,32.625],[-82.675,32.64],[-82.625,32.663],[-82.598,32.675],[-82.575,32.685],[-82.525,32.708],[-82.489,32.725],[-82.475,32.732],[-82.425,32.755],[-82.382,32.775],[-82.375,32.778],[-82.325,32.801],[-82.275,32.824],[-82.272,32.825],[-82.225,32.846],[-82.175,32.868],[-82.158,32.875],[-82.125,32.889],[-82.075,32.909],[-82.034,32.925],[-82.025,32.929],[-81.975,32.947],[-81.925,32.964],[-81.892,32.975],[-81.875,32.98],[-81.825,32.995],[-81.775,33.009],[-81.725,33.021],[-81.707,33.025],[-81.675,33.032],[-81.625,33.042],[-81.575,33.051],[-81.525,33.058],[-81.475,33.065],[-81.425,33.071],[-81.385,33.075],[-81.375,33.076],[-81.325,33.08],[-81.275,33.084],[-81.225,33.086],[-81.175,33.088],[-81.125,33.089],[-81.075,33.089],[-81.025,33.088],[-80.975,33.086],[-80.925,33.083],[-80.875,33.079],[-80.825,33.075],[-80.824,33.075],[-80.775,33.071],[-80.725,33.066],[-80.675,33.061],[-80.625,33.057],[-80.575,33.053],[-80.525,33.05],[-80.475,33.047],[-80.425,33.044],[-80.375,33.041],[-80.325,33.038],[-80.275,33.035],[-80.225,33.032],[-80.175,33.028],[-80.13,33.025],[-80.125,33.025],[-80.075,33.021],[-80.025,33.016],[-79.975,33.011],[-79.925,33.006],[-79.875,33.0],[-79.825,32.994],[-79.775,32.988],[-79.725,32.982],[-79.675,32.976],[-79.67,32.975],[-79.625,32.969]]]}},{"type":"Feature","properties":{"date":"2020-03-16","label":"16 Mar","yday":76,"tier":"day","major":false},"geometry":{"type":"MultiLineString","coordinates":[[[-92.808,31.708],[-92.775,31.713],[-92.725,31.722],[-92.709,31.725],[-92.675,31.732],[-92.625,31.744],[-92.575,31.757],[-92.525,31.772],[-92.516,31.775],[-92.475,31.788],[-92.425,31.805],[-92.375,31.824],[-92.372,31.825],[-92.325,31.843],[-92.275,31.864],[-92.249,31.875],[-92.225,31.885],[-92.175,31.907],[-92.136,31.925],[-92.125,31.93],[-92.075,31.954],[-92.03,31.975],[-92.025,31.978],[-91.993,31.993]],[[-89.041,32.509],[-89.025,32.511],[-88.975,32.516],[-88.925,32.521],[-88.88,32.525],[-88.875,32.525],[-88.825,32.53],[-88.775,32.533],[-88.725,32.537],[-88.675,32.54],[-88.625,32.543],[-88.575,32.546],[-88.525,32.55],[-88.475,32.554],[-88.425,32.558],[-88.375,32.563],[-88.325,32.568],[-88.275,32.574],[-88.274,32.574]],[[-86.069,32.519],[-86.025,32.513],[-85.975,32.506],[-85.925,32.5],[-85.875,32.494],[-85.825,32.489],[-85.775,32.485],[-85.725,32.481],[-85.675,32.477],[-85.632,32.475],[-85.625,32.475],[-85.575,32.473],[-85.525,32.471],[-85.475,32.471],[-85.425,32.471],[-85.375,32.473],[-85.325,32.475],[-85.317,32.475],[-85.275,32.477],[-85.225,32.48],[-85.175,32.483],[-85.125,32.487],[-85.075,32.49],[-85.025,32.493],[-84.975,32.497],[-84.925,32.5],[-84.875,32.502],[-84.825,32.505],[-84.775,32.507],[-84.725,32.509],[-84.675,32.512],[-84.625,32.514],[-84.575,32.516],[-84.525,32.517],[-84.475,32.519],[-84.425,32.521],[-84.375,32.523],[-84.325,32.525],[-84.323,32.525],[-84.275,32.527],[-84.225,32.529],[-84.175,32.531],[-84.125,32.533],[-84.075,32.536],[-84.025,32.539],[-83.975,32.541],[-83.925,32.544],[-83.875,32.548],[-83.825,32.551],[-83.775,32.555],[-83.725,32.559],[-83.675,32.563],[-83.625,32.567],[-83.575,32.57],[-83.525,32.574],[-83.517,32.575],[-83.475,32.578],[-83.425,32.583],[-83.375,32.588],[-83.325,32.593],[-83.275,32.599],[-83.225,32.607],[-83.175,32.615],[-83.125,32.624],[-83.12,32.625],[-83.075,32.635],[-83.025,32.647],[-82.975,32.662],[-82.934,32.675],[-82.925,32.678],[-82.875,32.696],[-82.825,32.715],[-82.802,32.725],[-82.775,32.736],[-82.725,32.757],[-82.684,32.775],[-82.675,32.779],[-82.625,32.801],[-82.575,32.824],[-82.573,32.825],[-82.525,32.847],[-82.475,32.871],[-82.466,32.875],[-82.425,32.894],[-82.375,32.917],[-82.358,32.925],[-82.325,32.94],[-82.275,32.963],[-82.249,32.975],[-82.225,32.986],[-82.175,33.008],[-82.135,33.025],[-82.125,33.029],[-82.075,33.05],[-82.025,33.069],[-82.01,33.075],[-81.975,33.088],[-81.925,33.106],[-81.875,33.122],[-81.864,33.125],[-81.825,33.137],[-81.775,33.15],[-81.725,33.162],[-81.675,33.174],[-81.669,33.175],[-81.625,33.184],[-81.575,33.193],[-81.525,33.202],[-81.475,33.21],[-81.425,33.217],[-81.375,33.224],[-81.365,33.225],[-81.325,33.23],[-81.275,33.236],[-81.225,33.242],[-81.175,33.246],[-81.125,33.25],[-81.075,33.253],[-81.025,33.255],[-80.975,33.257],[-80.925,33.257],[-80.875,33.256],[-80.825,33.255],[-80.775,33.253],[-80.725,33.25],[-80.675,33.246],[-80.625,33.242],[-80.575,33.238],[-80.525,33.233],[-80.475,33.228],[-80.449,33.225],[-80.425,33.222],[-80.375,33.217],[-80.325,33.211],[-80.275,33.205],[-80.225,33.199],[-80.175,33.192],[-80.125,33.185],[-80.075,33.178],[-80.049,33.175],[-80.025,33.172],[-79.975,33.167],[-79.925,33.161],[-79.875,33.156],[-79.825,33.15],[-79.775,33.144],[-79.725,33.138],[-79.675,33.132],[-79.625,33.126],[-79.619,33.125],[-79.575,33.12],[-79.525,33.114],[-79.475,33.108],[-79.425,33.103],[-79.375,33.098],[-79.353,33.097]],[[-86.186,32.536],[-86.175,32.534],[-86.125,32.527],[-86.112,32.525]],[[-86.817,32.617],[-86.775,32.613],[-86.725,32.608],[-86.675,32.602],[-86.625,32.597],[-86.575,32.59],[-86.525,32.584],[-86.475,32.578],[-86.456,32.575],[-86.429,32.571]],[[-86.981,32.631],[-86.975,32.63],[-86.925,32.626],[-86.909,32.625]]]}},{"type":"Feature","properties":{"date":"2020-03-17","label":"17 Mar","yday":77,"tier":"day","major":false},"geometry":{"type":"MultiLineString","coordinates":[[[-92.965,31.915],[-92.925,31.919],[-92.88,31.925],[-92.875,31.926],[-92.825,31.933],[-92.775,31.943],[-92.725,31.953],[-92.675,31.965],[-92.637,31.975],[-92.625,31.978],[-92.575,31.993],[-92.525,32.009],[-92.478,32.025],[-92.475,32.026],[-92.425,32.045],[-92.375,32.064],[-92.35,32.075],[-92.325,32.085],[-92.275,32.107],[-92.236,32.125],[-92.225,32.13],[-92.175,32.154],[-92.131,32.175],[-92.125,32.178],[-92.093,32.193]],[[-87.568,32.818],[-87.525,32.82],[-87.475,32.82],[-87.425,32.821],[-87.375,32.82],[-87.325,32.819],[-87.275,32.818],[-87.225,32.816],[-87.175,32.813],[-87.125,32.81],[-87.075,32.807],[-87.025,32.803],[-86.975,32.798],[-86.925,32.794],[-86.875,32.788],[-86.825,32.783],[-86.775,32.777],[-86.759,32.775],[-86.725,32.771],[-86.675,32.764],[-86.625,32.757],[-86.575,32.75],[-86.525,32.743],[-86.475,32.735],[-86.425,32.728],[-86.409,32.725],[-86.375,32.719],[-86.325,32.711],[-86.275,32.703],[-86.225,32.695],[-86.175,32.686],[-86.125,32.678],[-86.106,32.675],[-86.075,32.67],[-86.025,32.662],[-85.975,32.654],[-85.925,32.647],[-85.875,32.64],[-85.825,32.633],[-85.775,32.627],[-85.757,32.625],[-85.725,32.621],[-85.675,32.616],[-85.625,32.612],[-85.575,32.608],[-85.525,32.605],[-85.475,32.603],[-85.425,32.602],[-85.375,32.602],[-85.325,32.604],[-85.275,32.605],[-85.225,32.608],[-85.175,32.61],[-85.125,32.613],[-85.075,32.615],[-85.025,32.618],[-84.975,32.621],[-84.925,32.623],[-84.881,32.625],[-84.875,32.625],[-84.825,32.627],[-84.775,32.629],[-84.725,32.631],[-84.675,32.633],[-84.625,32.635],[-84.575,32.636],[-84.525,32.638],[-84.475,32.639],[-84.425,32.641],[-84.375,32.642],[-84.325,32.644],[-84.275,32.646],[-84.225,32.648],[-84.175,32.65],[-84.125,32.652],[-84.075,32.655],[-84.025,32.657],[-83.975,32.66],[-83.925,32.664],[-83.875,32.667],[-83.825,32.671],[-83.782,32.675],[-83.775,32.676],[-83.725,32.68],[-83.675,32.684],[-83.625,32.689],[-83.575,32.693],[-83.525,32.697],[-83.475,32.702],[-83.425,32.707],[-83.375,32.713],[-83.325,32.72],[-83.289,32.725],[-83.275,32.727],[-83.225,32.735],[-83.175,32.745],[-83.125,32.756],[-83.075,32.768],[-83.051,32.775],[-83.025,32.782],[-82.975,32.797],[-82.925,32.814],[-82.896,32.825],[-82.875,32.832],[-82.825,32.852],[-82.775,32.872],[-82.768,32.875],[-82.725,32.893],[-82.675,32.915],[-82.652,32.925],[-82.625,32.937],[-82.575,32.96],[-82.542,32.975],[-82.525,32.983],[-82.475,33.006],[-82.434,33.025],[-82.425,33.029],[-82.375,33.053],[-82.327,33.075],[-82.325,33.076],[-82.275,33.099],[-82.225,33.122],[-82.217,33.125],[-82.175,33.144],[-82.125,33.165],[-82.102,33.175],[-82.075,33.186],[-82.025,33.206],[-81.976,33.225],[-81.975,33.225],[-81.925,33.243],[-81.875,33.259],[-81.825,33.274],[-81.82,33.275],[-81.775,33.287],[-81.725,33.299],[-81.675,33.311],[-81.625,33.323],[-81.614,33.325],[-81.575,33.333],[-81.525,33.344],[-81.475,33.354],[-81.425,33.364],[-81.375,33.374],[-81.368,33.375],[-81.325,33.383],[-81.275,33.393],[-81.225,33.402],[-81.175,33.411],[-81.125,33.419],[-81.082,33.425],[-81.075,33.426],[-81.025,33.433],[-80.975,33.439],[-80.925,33.443],[-80.875,33.447],[-80.825,33.45],[-80.775,33.451],[-80.725,33.451],[-80.675,33.45],[-80.625,33.448],[-80.575,33.445],[-80.525,33.441],[-80.475,33.436],[-80.425,33.43],[-80.392,33.425],[-80.375,33.423],[-80.325,33.415],[-80.275,33.407],[-80.225,33.398],[-80.175,33.389],[-80.125,33.38],[-80.098,33.375],[-80.075,33.371],[-80.025,33.362],[-79.975,33.354],[-79.925,33.346],[-79.875,33.339],[-79.825,33.331],[-79.781,33.325],[-79.775,33.324],[-79.725,33.317],[-79.675,33.311],[-79.625,33.304],[-79.575,33.297],[-79.525,33.291],[-79.475,33.284],[-79.425,33.278],[-79.397,33.275],[-79.375,33.273],[-79.325,33.268],[-79.317,33.267]]]}},{"type":"Feature","properties":{"date":"2020-03-18","label":"18 Mar","yday":78,"tier":"day","major":false},"geometry":{"type":"MultiLineString","coordinates":[[[-93.025,32.135],[-92.975,32.14],[-92.925,32.146],[-92.875,32.153],[-92.825,32.162],[-92.775,32.171],[-92.759,32.175],[-92.725,32.183],[-92.675,32.195],[-92.625,32.209],[-92.575,32.224],[-92.573,32.225],[-92.525,32.241],[-92.475,32.259],[-92.433,32.275],[-92.425,32.278],[-92.375,32.299],[-92.357,32.307]],[[-89.675,32.921],[-89.625,32.92],[-89.575,32.919],[-89.525,32.917]],[[-87.575,32.992],[-87.525,32.993],[-87.475,32.993],[-87.425,32.993],[-87.375,32.992],[-87.325,32.99],[-87.275,32.988],[-87.225,32.985],[-87.175,32.982],[-87.125,32.978],[-87.088,32.975],[-87.075,32.974],[-87.025,32.969],[-86.975,32.964],[-86.925,32.959],[-86.875,32.953],[-86.825,32.946],[-86.775,32.94],[-86.725,32.933],[-86.675,32.925],[-86.672,32.925],[-86.625,32.918],[-86.575,32.91],[-86.525,32.902],[-86.475,32.893],[-86.425,32.884],[-86.375,32.876],[-86.372,32.875],[-86.325,32.867],[-86.275,32.857],[-86.225,32.848],[-86.175,32.839],[-86.125,32.83],[-86.099,32.825],[-86.075,32.821],[-86.025,32.812],[-85.975,32.803],[-85.925,32.795],[-85.875,32.787],[-85.825,32.779],[-85.797,32.775],[-85.775,32.772],[-85.725,32.765],[-85.675,32.759],[-85.625,32.753],[-85.575,32.748],[-85.525,32.744],[-85.475,32.741],[-85.425,32.739],[-85.375,32.737],[-85.325,32.737],[-85.275,32.737],[-85.225,32.738],[-85.175,32.739],[-85.125,32.74],[-85.075,32.742],[-85.025,32.743],[-84.975,32.745],[-84.925,32.746],[-84.875,32.748],[-84.825,32.749],[-84.775,32.751],[-84.725,32.752],[-84.675,32.753],[-84.625,32.754],[-84.575,32.755],[-84.525,32.756],[-84.475,32.757],[-84.425,32.758],[-84.375,32.759],[-84.325,32.76],[-84.275,32.761],[-84.225,32.763],[-84.175,32.765],[-84.125,32.767],[-84.075,32.769],[-84.025,32.772],[-83.975,32.774],[-83.967,32.775],[-83.925,32.778],[-83.875,32.781],[-83.825,32.785],[-83.775,32.789],[-83.725,32.794],[-83.675,32.799],[-83.625,32.803],[-83.575,32.809],[-83.525,32.814],[-83.475,32.82],[-83.436,32.825],[-83.425,32.826],[-83.375,32.834],[-83.325,32.841],[-83.275,32.85],[-83.225,32.86],[-83.175,32.871],[-83.16,32.875],[-83.125,32.884],[-83.075,32.897],[-83.025,32.912],[-82.984,32.925],[-82.975,32.928],[-82.925,32.945],[-82.875,32.963],[-82.845,32.975],[-82.825,32.983],[-82.775,33.003],[-82.725,33.024],[-82.723,33.025],[-82.675,33.045],[-82.625,33.068],[-82.609,33.075],[-82.575,33.09],[-82.525,33.113],[-82.499,33.125],[-82.475,33.136],[-82.425,33.159],[-82.391,33.175],[-82.375,33.182],[-82.325,33.205],[-82.282,33.225],[-82.275,33.228],[-82.225,33.251],[-82.175,33.273],[-82.17,33.275],[-82.125,33.294],[-82.075,33.315],[-82.051,33.325],[-82.025,33.335],[-81.975,33.354],[-81.925,33.371],[-81.913,33.375],[-81.875,33.387],[-81.825,33.401],[-81.775,33.415],[-81.738,33.425],[-81.725,33.428],[-81.675,33.441],[-81.625,33.455],[-81.575,33.468],[-81.547,33.475],[-81.525,33.481],[-81.475,33.494],[-81.425,33.507],[-81.375,33.521],[-81.359,33.525],[-81.325,33.534],[-81.275,33.548],[-81.225,33.561],[-81.175,33.575],[-81.175,33.575],[-81.125,33.588],[-81.075,33.601],[-81.025,33.612],[-80.975,33.624],[-80.968,33.625],[-80.925,33.634],[-80.875,33.643],[-80.825,33.65],[-80.775,33.657],[-80.725,33.662],[-80.675,33.666],[-80.625,33.668],[-80.575,33.669],[-80.525,33.669],[-80.475,33.667],[-80.425,33.665],[-80.375,33.661],[-80.325,33.655],[-80.275,33.649],[-80.225,33.641],[-80.175,33.632],[-80.138,33.625],[-80.125,33.622],[-80.075,33.612],[-80.025,33.602],[-79.975,33.591],[-79.925,33.581],[-79.897,33.575],[-79.875,33.571],[-79.825,33.562],[-79.775,33.554],[-79.725,33.546],[-79.675,33.538],[-79.625,33.53],[-79.593,33.525],[-79.575,33.522],[-79.525,33.515],[-79.475,33.508],[-79.425,33.5],[-79.375,33.493],[-79.325,33.487],[-79.275,33.481],[-79.225,33.477],[-79.205,33.475],[-79.175,33.473],[-79.129,33.471]]]}},{"type":"Feature","properties":{"date":"2020-03-19","label":"19 Mar","yday":79,"tier":"day","major":false},"geometry":{"type":"MultiLineString","coordinates":[[[-93.049,32.351],[-93.025,32.353],[-92.975,32.358],[-92.96,32.36]],[[-83.582,32.918],[-83.575,32.919],[-83.529,32.925],[-83.525,32.925],[-83.475,32.932],[-83.425,32.94],[-83.375,32.949],[-83.325,32.958],[-83.275,32.969],[-83.246,32.975],[-83.225,32.98],[-83.175,32.992],[-83.125,33.005],[-83.075,33.02],[-83.059,33.025],[-83.025,33.035],[-82.975,33.052],[-82.925,33.07],[-82.91,33.075],[-82.875,33.088],[-82.825,33.107],[-82.782,33.125],[-82.775,33.128],[-82.725,33.148],[-82.675,33.17],[-82.663,33.175],[-82.625,33.192],[-82.575,33.214],[-82.551,33.225],[-82.525,33.237],[-82.475,33.259],[-82.441,33.275],[-82.425,33.282],[-82.375,33.305],[-82.33,33.325],[-82.325,33.327],[-82.275,33.349],[-82.225,33.371],[-82.216,33.375],[-82.175,33.393],[-82.125,33.413],[-82.096,33.425],[-82.075,33.433],[-82.025,33.452],[-81.975,33.47],[-81.961,33.475],[-81.925,33.487],[-81.875,33.503],[-81.825,33.519],[-81.804,33.525],[-81.775,33.534],[-81.725,33.549],[-81.675,33.564],[-81.639,33.575],[-81.625,33.579],[-81.575,33.595],[-81.525,33.611],[-81.482,33.625],[-81.475,33.627],[-81.425,33.644],[-81.375,33.661],[-81.336,33.675],[-81.325,33.679],[-81.275,33.697],[-81.225,33.715],[-81.196,33.725],[-81.175,33.733],[-81.125,33.751],[-81.075,33.768],[-81.055,33.775],[-81.025,33.785],[-80.975,33.801],[-80.925,33.815],[-80.888,33.825],[-80.875,33.828],[-80.825,33.84],[-80.775,33.851],[-80.725,33.86],[-80.675,33.869],[-80.637,33.875],[-80.625,33.877],[-80.575,33.884],[-80.525,33.89],[-80.475,33.895],[-80.425,33.9],[-80.375,33.904],[-80.325,33.907],[-80.275,33.91],[-80.225,33.913],[-80.175,33.914],[-80.125,33.916],[-80.075,33.917],[-80.025,33.918],[-79.975,33.919],[-79.925,33.92],[-79.875,33.92],[-79.825,33.92],[-79.775,33.919],[-79.725,33.916],[-79.675,33.912],[-79.625,33.906],[-79.575,33.898],[-79.525,33.888],[-79.475,33.877],[-79.464,33.875],[-79.425,33.867],[-79.375,33.856],[-79.325,33.845],[-79.275,33.834],[-79.23,33.825],[-79.225,33.824],[-79.175,33.816],[-79.125,33.811],[-79.075,33.808],[-79.025,33.809],[-78.975,33.813],[-78.925,33.819],[-78.897,33.825],[-78.875,33.83],[-78.825,33.847],[-78.775,33.867],[-78.758,33.875],[-78.725,33.896],[-78.686,33.925],[-78.675,33.935],[-78.637,33.975],[-78.625,33.991],[-78.601,34.025],[-78.575,34.074],[-78.574,34.075],[-78.552,34.125],[-78.529,34.175],[-78.525,34.181],[-78.501,34.225],[-78.475,34.262],[-78.466,34.275],[-78.425,34.323],[-78.423,34.325],[-78.375,34.37],[-78.37,34.375],[-78.325,34.409],[-78.305,34.425],[-78.275,34.444],[-78.227,34.475],[-78.225,34.476],[-78.175,34.503],[-78.133,34.525],[-78.125,34.529],[-78.075,34.551],[-78.025,34.572],[-78.018,34.575],[-77.975,34.591],[-77.925,34.608],[-77.877,34.625],[-77.875,34.626],[-77.825,34.64],[-77.775,34.655],[-77.725,34.669],[-77.701,34.675],[-77.675,34.681],[-77.625,34.693],[-77.575,34.704],[-77.525,34.714],[-77.475,34.723],[-77.473,34.723]],[[-87.825,33.143],[-87.775,33.148],[-87.725,33.151],[-87.675,33.154],[-87.625,33.157],[-87.593,33.157]],[[-87.558,33.158],[-87.525,33.158],[-87.475,33.158],[-87.425,33.157],[-87.375,33.156],[-87.325,33.154],[-87.275,33.151],[-87.225,33.149],[-87.175,33.145],[-87.125,33.141],[-87.075,33.137],[-87.025,33.132],[-86.975,33.127],[-86.958,33.125],[-86.925,33.121],[-86.875,33.115],[-86.825,33.108],[-86.775,33.101],[-86.725,33.094],[-86.675,33.086],[-86.625,33.078],[-86.61,33.075],[-86.575,33.069],[-86.525,33.06],[-86.475,33.051],[-86.425,33.042],[-86.375,33.032],[-86.34,33.025],[-86.325,33.022],[-86.275,33.012],[-86.225,33.002],[-86.175,32.992],[-86.125,32.982],[-86.09,32.975],[-86.075,32.972],[-86.025,32.962],[-85.975,32.953],[-85.925,32.944],[-85.875,32.935],[-85.825,32.926],[-85.818,32.925],[-85.775,32.918],[-85.725,32.91],[-85.675,32.903],[-85.625,32.897],[-85.575,32.891],[-85.525,32.886],[-85.475,32.881],[-85.425,32.878],[-85.377,32.875],[-85.375,32.875],[-85.325,32.873],[-85.275,32.871],[-85.225,32.87],[-85.175,32.869],[-85.125,32.869],[-85.075,32.869],[-85.025,32.869],[-84.975,32.869],[-84.925,32.87],[-84.875,32.87],[-84.825,32.87],[-84.775,32.871],[-84.725,32.871],[-84.675,32.871],[-84.625,32.871],[-84.575,32.872],[-84.525,32.872],[-84.475,32.872],[-84.425,32.872],[-84.375,32.872],[-84.325,32.873],[-84.275,32.873],[-84.225,32.874],[-84.194,32.875],[-84.175,32.875],[-84.125,32.877],[-84.075,32.879],[-84.025,32.881],[-83.975,32.883],[-83.925,32.886],[-83.875,32.89],[-83.825,32.894],[-83.775,32.898],[-83.75,32.9]],[[-77.337,34.737],[-77.325,34.738],[-77.275,34.74],[-77.225,34.741],[-77.175,34.74],[-77.161,34.739]],[[-77.083,34.733],[-77.075,34.733],[-77.025,34.727],[-77.011,34.725],[-76.975,34.72],[-76.937,34.713]]]}},{"type":"Feature","properties":{"date":"2020-03-20","label":"20 Mar","yday":80,"tier":"five","major":false},"geometry":{"type":"MultiLineString","coordinates":[[[-84.065,32.985],[-84.025,32.986],[-83.975,32.988],[-83.925,32.991],[-83.875,32.994],[-83.846,32.996]],[[-83.425,33.049],[-83.375,33.059],[-83.325,33.07],[-83.303,33.075],[-83.275,33.081],[-83.225,33.094],[-83.175,33.107],[-83.125,33.121],[-83.113,33.125],[-83.075,33.136],[-83.025,33.152],[-82.975,33.17],[-82.96,33.175],[-82.925,33.187],[-82.875,33.206],[-82.827,33.225],[-82.825,33.226],[-82.775,33.246],[-82.725,33.267],[-82.706,33.275],[-82.675,33.288],[-82.625,33.31],[-82.591,33.325],[-82.575,33.332],[-82.525,33.354],[-82.477,33.375],[-82.475,33.376],[-82.425,33.398],[-82.375,33.42],[-82.363,33.425],[-82.325,33.441],[-82.275,33.463],[-82.245,33.475],[-82.225,33.483],[-82.175,33.504],[-82.125,33.523],[-82.121,33.525],[-82.075,33.542],[-82.025,33.561],[-81.985,33.575],[-81.975,33.579],[-81.925,33.596],[-81.875,33.613],[-81.839,33.625],[-81.825,33.63],[-81.775,33.646],[-81.725,33.663],[-81.691,33.675],[-81.675,33.681],[-81.625,33.698],[-81.575,33.716],[-81.552,33.725],[-81.525,33.735],[-81.475,33.754],[-81.425,33.774],[-81.423,33.775],[-81.375,33.794],[-81.325,33.815],[-81.301,33.825],[-81.275,33.836],[-81.225,33.858],[-81.185,33.875],[-81.175,33.879],[-81.125,33.901],[-81.075,33.921],[-81.066,33.925],[-81.025,33.94],[-80.975,33.958],[-80.925,33.975],[-80.925,33.975],[-80.875,33.99],[-80.825,34.004],[-80.775,34.018],[-80.747,34.025],[-80.725,34.031],[-80.675,34.043],[-80.625,34.055],[-80.575,34.067],[-80.541,34.075],[-80.525,34.079],[-80.475,34.09],[-80.425,34.101],[-80.375,34.111],[-80.325,34.123],[-80.314,34.125],[-80.275,34.133],[-80.225,34.145],[-80.175,34.156],[-80.125,34.168],[-80.098,34.175],[-80.075,34.181],[-80.025,34.193],[-79.975,34.206],[-79.925,34.22],[-79.908,34.225],[-79.875,34.233],[-79.825,34.246],[-79.775,34.258],[-79.725,34.269],[-79.69,34.275],[-79.675,34.277],[-79.625,34.284],[-79.575,34.29],[-79.525,34.296],[-79.475,34.303],[-79.425,34.311],[-79.375,34.321],[-79.357,34.325],[-79.325,34.332],[-79.275,34.346],[-79.225,34.364],[-79.197,34.375],[-79.175,34.383],[-79.125,34.404],[-79.081,34.425],[-79.075,34.428],[-79.025,34.451],[-78.977,34.475],[-78.975,34.476],[-78.925,34.5],[-78.875,34.525],[-78.874,34.525],[-78.825,34.547],[-78.775,34.571],[-78.766,34.575],[-78.725,34.592],[-78.675,34.614],[-78.648,34.625],[-78.625,34.634],[-78.575,34.652],[-78.525,34.67],[-78.512,34.675],[-78.475,34.687],[-78.425,34.703],[-78.375,34.719],[-78.354,34.725],[-78.325,34.733],[-78.275,34.747],[-78.225,34.761],[-78.175,34.775],[-78.174,34.775],[-78.125,34.787],[-78.075,34.799],[-78.025,34.812],[-77.975,34.825],[-77.973,34.825],[-77.925,34.836],[-77.875,34.848],[-77.825,34.86],[-77.775,34.872],[-77.762,34.875],[-77.725,34.883],[-77.675,34.894],[-77.625,34.905],[-77.575,34.916],[-77.528,34.925],[-77.525,34.926],[-77.475,34.934],[-77.425,34.942],[-77.375,34.949],[-77.325,34.955],[-77.275,34.96],[-77.225,34.963],[-77.175,34.965],[-77.125,34.966],[-77.075,34.966],[-77.025,34.964],[-76.975,34.961],[-76.96,34.96]],[[-87.64,33.31],[-87.625,33.311],[-87.575,33.312],[-87.525,33.312],[-87.475,33.312],[-87.425,33.312],[-87.375,33.311],[-87.325,33.309],[-87.275,33.307],[-87.225,33.305],[-87.175,33.302],[-87.125,33.299],[-87.075,33.295],[-87.025,33.291],[-86.975,33.286],[-86.925,33.281],[-86.875,33.275],[-86.874,33.275],[-86.825,33.269],[-86.775,33.261],[-86.725,33.254],[-86.675,33.246],[-86.625,33.237],[-86.575,33.228],[-86.559,33.225],[-86.525,33.218],[-86.475,33.209],[-86.425,33.198],[-86.375,33.188],[-86.325,33.177],[-86.315,33.175],[-86.275,33.166],[-86.225,33.156],[-86.175,33.145],[-86.125,33.134],[-86.083,33.125],[-86.075,33.123],[-86.025,33.113],[-85.975,33.103],[-85.925,33.093],[-85.875,33.083],[-85.833,33.075],[-85.825,33.073],[-85.775,33.065],[-85.725,33.056],[-85.675,33.048],[-85.625,33.041],[-85.575,33.034],[-85.525,33.027],[-85.504,33.025],[-85.475,33.022],[-85.425,33.017],[-85.375,33.012],[-85.325,33.008],[-85.275,33.005],[-85.225,33.002],[-85.175,33.0],[-85.125,32.998],[-85.075,32.996],[-85.025,32.995],[-84.975,32.994],[-84.925,32.993],[-84.875,32.992],[-84.825,32.991],[-84.775,32.99],[-84.725,32.989],[-84.675,32.988],[-84.625,32.987],[-84.575,32.986],[-84.525,32.985],[-84.475,32.984],[-84.425,32.983],[-84.375,32.983],[-84.325,32.982],[-84.275,32.982],[-84.232,32.982]],[[-76.685,34.915],[-76.675,34.913],[-76.625,34.903],[-76.575,34.895],[-76.525,34.888],[-76.475,34.882],[-76.425,34.877],[-76.399,34.875]]]}},{"type":"Feature","properties":{"date":"2020-03-21","label":"21 Mar","yday":81,"tier":"day","major":false},"geometry":{"type":"MultiLineString","coordinates":[[[-83.425,33.154],[-83.375,33.165],[-83.333,33.175],[-83.325,33.177],[-83.275,33.189],[-83.225,33.202],[-83.175,33.217],[-83.147,33.225],[-83.125,33.231],[-83.075,33.247],[-83.025,33.264],[-82.994,33.275],[-82.975,33.281],[-82.925,33.3],[-82.875,33.319],[-82.859,33.325],[-82.825,33.339],[-82.775,33.359],[-82.736,33.375]],[[-87.655,33.455],[-87.625,33.456],[-87.575,33.457],[-87.525,33.458],[-87.475,33.458],[-87.458,33.458]],[[-87.175,33.452],[-87.125,33.449],[-87.075,33.447],[-87.025,33.444],[-86.975,33.44],[-86.925,33.436],[-86.875,33.431],[-86.825,33.426],[-86.818,33.425],[-86.775,33.419],[-86.725,33.412],[-86.675,33.404],[-86.625,33.395],[-86.575,33.385],[-86.525,33.375],[-86.524,33.375],[-86.475,33.365],[-86.425,33.354],[-86.375,33.342],[-86.325,33.331],[-86.298,33.325],[-86.275,33.32],[-86.225,33.308],[-86.175,33.297],[-86.125,33.285],[-86.08,33.275],[-86.075,33.274],[-86.025,33.263],[-85.975,33.251],[-85.925,33.241],[-85.875,33.23],[-85.85,33.225],[-85.825,33.22],[-85.775,33.21],[-85.725,33.201],[-85.675,33.192],[-85.625,33.183],[-85.575,33.175],[-85.573,33.175],[-85.525,33.168],[-85.475,33.161],[-85.425,33.154],[-85.375,33.148],[-85.325,33.143],[-85.275,33.138],[-85.225,33.133],[-85.175,33.129],[-85.125,33.126],[-85.116,33.125],[-85.075,33.122],[-85.025,33.119],[-84.975,33.117],[-84.925,33.114],[-84.875,33.112],[-84.825,33.109],[-84.775,33.107],[-84.725,33.105],[-84.675,33.103],[-84.625,33.101],[-84.575,33.099],[-84.525,33.096],[-84.475,33.094],[-84.425,33.092],[-84.391,33.091]],[[-82.455,33.495],[-82.425,33.508],[-82.384,33.525],[-82.375,33.529],[-82.325,33.549],[-82.275,33.569],[-82.261,33.575],[-82.225,33.589],[-82.175,33.609],[-82.132,33.625],[-82.125,33.628],[-82.075,33.646],[-82.025,33.665],[-81.997,33.675],[-81.975,33.683],[-81.925,33.701],[-81.875,33.719],[-81.858,33.725],[-81.825,33.737],[-81.775,33.755],[-81.725,33.774],[-81.722,33.775],[-81.675,33.793],[-81.625,33.812],[-81.593,33.825],[-81.575,33.832],[-81.525,33.853],[-81.475,33.874],[-81.474,33.875],[-81.425,33.896],[-81.375,33.919],[-81.361,33.925],[-81.325,33.942],[-81.275,33.965],[-81.253,33.975],[-81.225,33.988],[-81.175,34.01],[-81.142,34.025],[-81.125,34.033],[-81.075,34.054],[-81.025,34.074],[-81.022,34.075],[-80.975,34.093],[-80.925,34.111],[-80.884,34.125],[-80.875,34.128],[-80.825,34.145],[-80.775,34.161],[-80.733,34.175],[-80.725,34.177],[-80.675,34.193],[-80.625,34.208],[-80.575,34.224],[-80.571,34.225],[-80.525,34.239],[-80.475,34.253],[-80.425,34.268],[-80.4,34.275],[-80.375,34.282],[-80.325,34.296],[-80.275,34.311],[-80.226,34.325],[-80.225,34.325],[-80.175,34.339],[-80.125,34.354],[-80.075,34.368],[-80.048,34.375],[-80.025,34.381],[-79.975,34.394],[-79.925,34.407],[-79.875,34.42],[-79.858,34.425],[-79.825,34.434],[-79.775,34.447],[-79.725,34.46],[-79.675,34.472],[-79.665,34.475],[-79.625,34.485],[-79.575,34.497],[-79.525,34.511],[-79.475,34.525],[-79.475,34.525],[-79.425,34.539],[-79.375,34.555],[-79.325,34.571],[-79.315,34.575],[-79.275,34.589],[-79.225,34.607],[-79.178,34.625],[-79.175,34.626],[-79.125,34.645],[-79.075,34.664],[-79.048,34.675],[-79.025,34.684],[-78.975,34.703],[-78.925,34.722],[-78.917,34.725],[-78.875,34.74],[-78.825,34.758],[-78.779,34.775],[-78.775,34.776],[-78.725,34.793],[-78.675,34.809],[-78.625,34.824],[-78.623,34.825],[-78.575,34.839],[-78.525,34.853],[-78.475,34.867],[-78.444,34.875],[-78.425,34.88],[-78.375,34.892],[-78.325,34.904],[-78.275,34.915],[-78.233,34.925],[-78.225,34.927],[-78.175,34.937],[-78.125,34.948],[-78.075,34.959],[-78.025,34.97],[-78.004,34.975],[-77.975,34.981],[-77.925,34.992],[-77.875,35.004],[-77.825,35.016],[-77.788,35.025],[-77.775,35.028],[-77.725,35.04],[-77.675,35.052],[-77.625,35.063],[-77.575,35.075],[-77.575,35.075],[-77.525,35.086],[-77.475,35.096],[-77.425,35.105],[-77.375,35.114],[-77.325,35.122],[-77.302,35.125],[-77.275,35.129],[-77.225,35.134],[-77.175,35.139],[-77.125,35.142],[-77.075,35.144],[-77.025,35.145],[-76.975,35.145],[-76.925,35.143],[-76.875,35.14],[-76.825,35.136],[-76.815,35.135]]]}},{"type":"Feature","properties":{"date":"2020-03-22","label":"22 Mar","yday":82,"tier":"day","major":false},"geometry":{"type":"MultiLineString","coordinates":[[[-83.385,33.265],[-83.375,33.267],[-83.342,33.275],[-83.325,33.279],[-83.275,33.292],[-83.225,33.307],[-83.175,33.322],[-83.164,33.325],[-83.125,33.337],[-83.075,33.354],[-83.025,33.371],[-83.014,33.375]],[[-87.775,33.594],[-87.725,33.595],[-87.675,33.596],[-87.625,33.597],[-87.575,33.598],[-87.548,33.598]],[[-87.125,33.592],[-87.075,33.591],[-87.025,33.588],[-86.975,33.586],[-86.925,33.583],[-86.875,33.579],[-86.828,33.575],[-86.825,33.575],[-86.775,33.57],[-86.725,33.563],[-86.675,33.555],[-86.625,33.546],[-86.575,33.537],[-86.525,33.527],[-86.517,33.525],[-86.475,33.516],[-86.425,33.505],[-86.375,33.494],[-86.325,33.482],[-86.294,33.475],[-86.275,33.47],[-86.225,33.459],[-86.175,33.447],[-86.125,33.435],[-86.084,33.425],[-86.075,33.423],[-86.025,33.411],[-85.975,33.399],[-85.925,33.388],[-85.875,33.376],[-85.868,33.375],[-85.825,33.366],[-85.775,33.355],[-85.725,33.345],[-85.675,33.335],[-85.625,33.325],[-85.625,33.325],[-85.575,33.316],[-85.525,33.307],[-85.475,33.299],[-85.425,33.291],[-85.375,33.283],[-85.325,33.276],[-85.318,33.275],[-85.275,33.269],[-85.225,33.263],[-85.175,33.257],[-85.125,33.252],[-85.075,33.246],[-85.025,33.242],[-84.989,33.239]],[[-82.38,33.63],[-82.375,33.632],[-82.325,33.652],[-82.275,33.672],[-82.266,33.675],[-82.225,33.691],[-82.175,33.71],[-82.135,33.725],[-82.125,33.729],[-82.075,33.747],[-82.025,33.766],[-82.001,33.775],[-81.975,33.785],[-81.925,33.803],[-81.875,33.822],[-81.867,33.825],[-81.825,33.841],[-81.775,33.861],[-81.739,33.875],[-81.725,33.881],[-81.675,33.901],[-81.625,33.922],[-81.618,33.925],[-81.575,33.944],[-81.525,33.966],[-81.505,33.975],[-81.475,33.989],[-81.425,34.012],[-81.397,34.025],[-81.375,34.036],[-81.325,34.059],[-81.292,34.075],[-81.275,34.083],[-81.225,34.107],[-81.186,34.125],[-81.175,34.13],[-81.125,34.152],[-81.075,34.174],[-81.074,34.175]],[[-80.99,34.21],[-80.975,34.216],[-80.952,34.225],[-80.925,34.236],[-80.875,34.255],[-80.825,34.274],[-80.822,34.275],[-80.775,34.292],[-80.725,34.311],[-80.685,34.325],[-80.675,34.328],[-80.625,34.346],[-80.575,34.363],[-80.54,34.375],[-80.525,34.38],[-80.475,34.396],[-80.425,34.413],[-80.387,34.425],[-80.375,34.429],[-80.325,34.445],[-80.275,34.46],[-80.228,34.475],[-80.225,34.476],[-80.175,34.491],[-80.125,34.505],[-80.075,34.52],[-80.058,34.525],[-80.025,34.534],[-79.975,34.548],[-79.925,34.561],[-79.875,34.575],[-79.875,34.575],[-79.825,34.588],[-79.775,34.6],[-79.725,34.613],[-79.681,34.625],[-79.675,34.627],[-79.625,34.639],[-79.575,34.653],[-79.525,34.667],[-79.5,34.675],[-79.475,34.682],[-79.425,34.698],[-79.375,34.714],[-79.343,34.725],[-79.325,34.731],[-79.275,34.747],[-79.225,34.765],[-79.196,34.775],[-79.175,34.782],[-79.125,34.8],[-79.075,34.818],[-79.057,34.825],[-79.025,34.836],[-78.975,34.854],[-78.925,34.872],[-78.917,34.875],[-78.875,34.889],[-78.825,34.905],[-78.775,34.92],[-78.759,34.925],[-78.725,34.934],[-78.675,34.948],[-78.625,34.961],[-78.575,34.974],[-78.571,34.975],[-78.525,34.986],[-78.475,34.998],[-78.425,35.01],[-78.375,35.021],[-78.358,35.025],[-78.325,35.032],[-78.275,35.042],[-78.225,35.052],[-78.175,35.062],[-78.125,35.073],[-78.115,35.075],[-78.075,35.083],[-78.025,35.094],[-77.975,35.105],[-77.925,35.117],[-77.892,35.125],[-77.875,35.129],[-77.825,35.141],[-77.775,35.154],[-77.725,35.167],[-77.695,35.175],[-77.675,35.18],[-77.625,35.193],[-77.575,35.205],[-77.525,35.217],[-77.49,35.225],[-77.475,35.228],[-77.425,35.239],[-77.375,35.248],[-77.325,35.258],[-77.275,35.267],[-77.225,35.274],[-77.221,35.275],[-77.175,35.281],[-77.125,35.287],[-77.075,35.291],[-77.025,35.294],[-76.975,35.296],[-76.925,35.296],[-76.875,35.295],[-76.825,35.292],[-76.789,35.289]]]}},{"type":"Feature","properties":{"date":"2020-03-23","label":"23 Mar","yday":83,"tier":"day","major":false},"geometry":{"type":"MultiLineString","coordinates":[[[-82.425,33.713],[-82.394,33.725],[-82.375,33.732],[-82.325,33.752],[-82.275,33.771],[-82.264,33.775],[-82.225,33.79],[-82.175,33.809],[-82.132,33.825],[-82.125,33.828],[-82.075,33.846],[-82.025,33.865],[-82.0,33.875],[-81.975,33.884],[-81.925,33.904],[-81.875,33.923],[-81.871,33.925],[-81.825,33.943],[-81.775,33.964],[-81.748,33.975],[-81.725,33.985],[-81.675,34.006],[-81.633,34.025],[-81.625,34.029],[-81.575,34.051],[-81.525,34.075],[-81.524,34.075],[-81.475,34.098],[-81.425,34.123],[-81.42,34.125],[-81.375,34.147],[-81.325,34.172],[-81.318,34.175]],[[-87.181,33.731],[-87.175,33.731],[-87.125,33.73],[-87.075,33.728],[-87.025,33.726],[-87.009,33.725],[-86.975,33.723],[-86.925,33.72],[-86.875,33.717],[-86.825,33.713],[-86.775,33.708],[-86.725,33.702],[-86.675,33.695],[-86.625,33.688],[-86.575,33.679],[-86.55,33.675],[-86.525,33.67],[-86.475,33.661],[-86.425,33.651],[-86.375,33.64],[-86.325,33.629],[-86.307,33.625],[-86.275,33.618],[-86.225,33.606],[-86.175,33.594],[-86.125,33.583],[-86.094,33.575],[-86.075,33.571],[-86.025,33.558],[-85.975,33.546],[-85.925,33.534],[-85.886,33.525],[-85.875,33.522],[-85.825,33.511],[-85.775,33.499],[-85.725,33.488],[-85.675,33.477],[-85.664,33.475],[-85.625,33.467],[-85.575,33.456],[-85.525,33.446],[-85.475,33.436],[-85.425,33.427],[-85.416,33.425],[-85.375,33.417],[-85.325,33.408],[-85.275,33.4],[-85.225,33.391],[-85.175,33.384],[-85.125,33.376],[-85.118,33.375],[-85.075,33.369]],[[-80.708,34.442],[-80.675,34.454],[-80.625,34.473],[-80.619,34.475],[-80.575,34.491],[-80.525,34.509],[-80.479,34.525],[-80.475,34.526],[-80.425,34.543],[-80.375,34.56],[-80.33,34.575],[-80.325,34.576],[-80.275,34.592],[-80.225,34.608],[-80.175,34.623],[-80.17,34.625],[-80.125,34.638],[-80.075,34.653],[-80.025,34.667],[-79.997,34.675],[-79.975,34.681],[-79.925,34.694],[-79.875,34.706],[-79.825,34.718],[-79.795,34.725],[-79.775,34.729],[-79.725,34.741],[-79.675,34.753],[-79.625,34.766],[-79.593,34.775],[-79.575,34.78],[-79.525,34.793],[-79.475,34.808],[-79.425,34.824],[-79.421,34.825],[-79.375,34.839],[-79.325,34.855],[-79.275,34.872],[-79.266,34.875],[-79.225,34.889],[-79.175,34.906],[-79.125,34.924],[-79.122,34.925],[-79.075,34.941],[-79.025,34.959],[-78.979,34.975],[-78.975,34.976],[-78.925,34.992],[-78.875,35.008],[-78.825,35.022],[-78.816,35.025],[-78.775,35.036],[-78.725,35.048],[-78.675,35.061],[-78.625,35.073],[-78.616,35.075],[-78.575,35.084],[-78.525,35.095],[-78.475,35.106],[-78.425,35.117],[-78.388,35.125],[-78.375,35.128],[-78.325,35.138],[-78.275,35.147],[-78.225,35.157],[-78.175,35.168],[-78.14,35.175],[-78.125,35.178],[-78.075,35.189],[-78.025,35.199],[-77.975,35.211],[-77.925,35.223],[-77.918,35.225],[-77.875,35.235],[-77.825,35.248],[-77.775,35.262],[-77.728,35.275],[-77.725,35.276],[-77.675,35.289],[-77.625,35.303],[-77.575,35.316],[-77.54,35.325],[-77.525,35.328],[-77.475,35.34],[-77.425,35.351],[-77.375,35.363],[-77.325,35.373],[-77.317,35.375],[-77.275,35.383],[-77.225,35.393],[-77.175,35.401],[-77.125,35.409],[-77.075,35.415],[-77.025,35.42],[-76.975,35.424],[-76.974,35.424]]]}},{"type":"Feature","properties":{"date":"2020-03-24","label":"24 Mar","yday":84,"tier":"day","major":false},"geometry":{"type":"MultiLineString","coordinates":[[[-87.371,33.871],[-87.325,33.87],[-87.275,33.869],[-87.225,33.867],[-87.175,33.866],[-87.125,33.864],[-87.075,33.862],[-87.025,33.859],[-86.975,33.857],[-86.925,33.853],[-86.875,33.85],[-86.825,33.846],[-86.793,33.843]],[[-86.715,33.835],[-86.675,33.83],[-86.637,33.825],[-86.625,33.823],[-86.575,33.816],[-86.525,33.809],[-86.475,33.8],[-86.425,33.791],[-86.375,33.782],[-86.339,33.775],[-86.325,33.772],[-86.275,33.762],[-86.225,33.752],[-86.175,33.741],[-86.125,33.729],[-86.106,33.725],[-86.075,33.718],[-86.025,33.706],[-85.975,33.694],[-85.925,33.682],[-85.896,33.675],[-85.875,33.67],[-85.825,33.658],[-85.775,33.646],[-85.725,33.634],[-85.687,33.625],[-85.675,33.622],[-85.625,33.61],[-85.575,33.599],[-85.525,33.587],[-85.475,33.575],[-85.474,33.575],[-85.425,33.564],[-85.375,33.553],[-85.325,33.542],[-85.275,33.531],[-85.248,33.525],[-85.225,33.52],[-85.175,33.51],[-85.125,33.5],[-85.075,33.491],[-85.062,33.488]],[[-82.325,33.85],[-82.275,33.869],[-82.258,33.875],[-82.225,33.888],[-82.175,33.906],[-82.126,33.925],[-82.125,33.925],[-82.075,33.944],[-82.025,33.963],[-81.995,33.975],[-81.975,33.983],[-81.925,34.003],[-81.875,34.023],[-81.871,34.025],[-81.825,34.044],[-81.775,34.065],[-81.753,34.075]],[[-81.575,34.157],[-81.537,34.175]],[[-80.675,34.574],[-80.673,34.575],[-80.625,34.593],[-80.575,34.612],[-80.539,34.625],[-80.525,34.63],[-80.475,34.647],[-80.425,34.664],[-80.392,34.675],[-80.375,34.681],[-80.325,34.696],[-80.275,34.712],[-80.232,34.725],[-80.225,34.727],[-80.175,34.741],[-80.125,34.755],[-80.075,34.769],[-80.054,34.775],[-80.025,34.782],[-79.975,34.795],[-79.925,34.807],[-79.875,34.818],[-79.845,34.825],[-79.825,34.829],[-79.775,34.84],[-79.725,34.852],[-79.675,34.864],[-79.629,34.875],[-79.625,34.876],[-79.575,34.888],[-79.525,34.901],[-79.475,34.916],[-79.444,34.925],[-79.425,34.931],[-79.375,34.946],[-79.325,34.962],[-79.287,34.975],[-79.275,34.979],[-79.225,34.996],[-79.175,35.013],[-79.141,35.025],[-79.125,35.031],[-79.075,35.047],[-79.025,35.064],[-78.992,35.075],[-78.975,35.08],[-78.925,35.095],[-78.875,35.109],[-78.825,35.123],[-78.816,35.125],[-78.775,35.135],[-78.725,35.147],[-78.675,35.159],[-78.625,35.17],[-78.603,35.175],[-78.575,35.181],[-78.525,35.192],[-78.475,35.202],[-78.425,35.212],[-78.375,35.222],[-78.361,35.225],[-78.325,35.232],[-78.275,35.242],[-78.225,35.252],[-78.175,35.262],[-78.125,35.272],[-78.111,35.275],[-78.075,35.283],[-78.025,35.293],[-77.975,35.305],[-77.925,35.317],[-77.895,35.325],[-77.875,35.33],[-77.825,35.343],[-77.775,35.357],[-77.725,35.371],[-77.712,35.375],[-77.675,35.385],[-77.625,35.399],[-77.575,35.412],[-77.526,35.425],[-77.525,35.425],[-77.475,35.438],[-77.425,35.45],[-77.375,35.462],[-77.325,35.474],[-77.319,35.475],[-77.275,35.485],[-77.225,35.495],[-77.175,35.505],[-77.125,35.514],[-77.075,35.523],[-77.055,35.525],[-77.025,35.529],[-76.975,35.533],[-76.925,35.535],[-76.914,35.536]]]}},{"type":"Feature","properties":{"date":"2020-03-25","label":"25 Mar","yday":85,"tier":"five","major":false},"geometry":{"type":"MultiLineString","coordinates":[[[-86.625,33.957],[-86.575,33.951],[-86.525,33.944],[-86.475,33.937],[-86.425,33.93],[-86.395,33.925],[-86.375,33.922],[-86.325,33.913],[-86.275,33.905],[-86.225,33.895],[-86.175,33.886],[-86.125,33.876],[-86.122,33.875],[-86.075,33.865],[-86.025,33.855],[-85.975,33.843],[-85.925,33.832],[-85.896,33.825],[-85.875,33.82],[-85.825,33.808],[-85.775,33.796],[-85.725,33.783],[-85.692,33.775],[-85.675,33.771],[-85.625,33.758],[-85.575,33.745],[-85.525,33.732],[-85.501,33.725],[-85.475,33.718],[-85.425,33.705],[-85.375,33.691],[-85.325,33.678],[-85.315,33.675],[-85.275,33.665],[-85.225,33.651],[-85.175,33.638],[-85.125,33.625],[-85.123,33.625],[-85.075,33.613],[-85.025,33.601],[-85.004,33.596]],[[-87.425,34.008],[-87.375,34.007],[-87.325,34.005],[-87.275,34.003],[-87.225,34.002],[-87.175,34.0],[-87.125,33.997],[-87.075,33.995],[-87.025,33.992],[-86.99,33.99]],[[-82.209,33.991],[-82.175,34.004],[-82.125,34.022],[-82.118,34.025],[-82.075,34.042],[-82.025,34.061],[-81.991,34.075],[-81.975,34.081],[-81.925,34.102],[-81.875,34.123],[-81.874,34.124]],[[-80.211,34.839],[-80.175,34.849],[-80.125,34.862],[-80.075,34.874],[-80.072,34.875],[-80.025,34.886],[-79.975,34.897],[-79.925,34.909],[-79.875,34.92],[-79.85,34.925],[-79.825,34.93],[-79.775,34.941],[-79.725,34.952],[-79.675,34.963],[-79.625,34.975],[-79.625,34.975],[-79.575,34.987],[-79.525,35.0],[-79.475,35.013],[-79.437,35.025],[-79.425,35.028],[-79.375,35.044],[-79.325,35.06],[-79.281,35.075],[-79.275,35.077],[-79.225,35.094],[-79.175,35.11],[-79.132,35.125],[-79.125,35.127],[-79.075,35.143],[-79.025,35.159],[-78.975,35.174],[-78.971,35.175],[-78.925,35.188],[-78.875,35.201],[-78.825,35.213],[-78.778,35.225],[-78.775,35.226],[-78.725,35.237],[-78.675,35.248],[-78.625,35.259],[-78.575,35.27],[-78.549,35.275],[-78.525,35.28],[-78.475,35.29],[-78.425,35.3],[-78.375,35.309],[-78.325,35.319],[-78.294,35.325],[-78.275,35.329],[-78.225,35.338],[-78.175,35.348],[-78.125,35.358],[-78.075,35.369],[-78.047,35.375],[-78.025,35.38],[-77.975,35.391],[-77.925,35.403],[-77.875,35.416],[-77.844,35.425],[-77.825,35.43],[-77.775,35.444],[-77.725,35.458],[-77.675,35.472],[-77.664,35.475],[-77.625,35.485],[-77.575,35.499],[-77.525,35.512],[-77.477,35.525],[-77.475,35.525],[-77.425,35.538],[-77.375,35.55],[-77.325,35.563],[-77.275,35.574],[-77.273,35.575],[-77.225,35.585],[-77.175,35.596],[-77.125,35.606],[-77.075,35.615],[-77.025,35.622],[-76.996,35.625],[-76.975,35.627],[-76.925,35.631],[-76.875,35.634],[-76.825,35.637],[-76.775,35.638],[-76.725,35.638]]]}},{"type":"Feature","properties":{"date":"2020-03-26","label":"26 Mar","yday":86,"tier":"day","major":false},"geometry":{"type":"MultiLineString","coordinates":[[[-86.775,34.106],[-86.725,34.101],[-86.675,34.096],[-86.625,34.091],[-86.575,34.086],[-86.525,34.08],[-86.484,34.075],[-86.475,34.074],[-86.425,34.068],[-86.375,34.061],[-86.325,34.054],[-86.275,34.047],[-86.225,34.039],[-86.175,34.031],[-86.141,34.025],[-86.125,34.022],[-86.075,34.013],[-86.025,34.004],[-85.975,33.994],[-85.925,33.984],[-85.884,33.975],[-85.875,33.973],[-85.825,33.962],[-85.775,33.95],[-85.725,33.937],[-85.678,33.925],[-85.675,33.924],[-85.625,33.911],[-85.575,33.897],[-85.525,33.882],[-85.501,33.875],[-85.475,33.867],[-85.425,33.852],[-85.375,33.836],[-85.34,33.825],[-85.325,33.82],[-85.275,33.804],[-85.225,33.788],[-85.186,33.775],[-85.175,33.772],[-85.125,33.756],[-85.075,33.74],[-85.028,33.725],[-85.025,33.724],[-84.975,33.709],[-84.949,33.701]],[[-80.125,34.96],[-80.075,34.972],[-80.061,34.975],[-80.025,34.983],[-79.975,34.993],[-79.925,35.004],[-79.875,35.015],[-79.826,35.025],[-79.825,35.025],[-79.775,35.036],[-79.725,35.046],[-79.675,35.057],[-79.625,35.069],[-79.6,35.075],[-79.575,35.081],[-79.525,35.094],[-79.475,35.107],[-79.425,35.122],[-79.416,35.125],[-79.375,35.137],[-79.325,35.153],[-79.275,35.169],[-79.257,35.175],[-79.225,35.185],[-79.175,35.201],[-79.125,35.217],[-79.098,35.225],[-79.075,35.232],[-79.025,35.246],[-78.975,35.26],[-78.925,35.274],[-78.92,35.275],[-78.875,35.286],[-78.825,35.298],[-78.775,35.31],[-78.725,35.321],[-78.708,35.325],[-78.675,35.332],[-78.625,35.343],[-78.575,35.353],[-78.525,35.363],[-78.475,35.372],[-78.462,35.375],[-78.425,35.382],[-78.375,35.391],[-78.325,35.401],[-78.275,35.41],[-78.225,35.42],[-78.198,35.425],[-78.175,35.429],[-78.125,35.439],[-78.075,35.45],[-78.025,35.461],[-77.975,35.472],[-77.964,35.475],[-77.925,35.485],[-77.875,35.498],[-77.825,35.511],[-77.775,35.525],[-77.775,35.525],[-77.725,35.538],[-77.675,35.552],[-77.625,35.566],[-77.591,35.575],[-77.575,35.579],[-77.525,35.593],[-77.475,35.606],[-77.425,35.619],[-77.401,35.625],[-77.375,35.632],[-77.325,35.644],[-77.275,35.655],[-77.225,35.667],[-77.188,35.675],[-77.175,35.678],[-77.125,35.688],[-77.075,35.697],[-77.025,35.705],[-76.975,35.712],[-76.925,35.718],[-76.875,35.724],[-76.858,35.725],[-76.825,35.728],[-76.775,35.731],[-76.725,35.733],[-76.675,35.735],[-76.665,35.735]]]}},{"type":"Feature","properties":{"date":"2020-03-27","label":"27 Mar","yday":87,"tier":"day","major":false},"geometry":{"type":"MultiLineString","coordinates":[[[-85.83,34.12],[-85.825,34.119],[-85.775,34.108],[-85.725,34.097],[-85.675,34.084],[-85.639,34.075],[-85.625,34.071],[-85.575,34.057],[-85.525,34.042],[-85.475,34.026],[-85.473,34.025],[-85.425,34.009],[-85.375,33.991],[-85.331,33.975],[-85.325,33.973],[-85.275,33.954],[-85.225,33.934],[-85.202,33.925],[-85.175,33.914],[-85.125,33.894],[-85.077,33.875],[-85.075,33.874],[-85.025,33.855],[-84.975,33.835],[-84.949,33.825],[-84.925,33.816],[-84.875,33.798],[-84.825,33.781],[-84.808,33.775]],[[-80.089,35.061],[-80.075,35.064],[-80.025,35.075],[-80.023,35.075],[-79.975,35.085],[-79.925,35.095],[-79.875,35.105],[-79.825,35.116],[-79.782,35.125],[-79.775,35.127],[-79.725,35.137],[-79.675,35.148],[-79.625,35.16],[-79.575,35.172],[-79.564,35.175],[-79.525,35.185],[-79.475,35.198],[-79.425,35.212],[-79.382,35.225],[-79.375,35.227],[-79.325,35.242],[-79.275,35.257],[-79.225,35.272],[-79.216,35.275],[-79.175,35.287],[-79.125,35.302],[-79.075,35.316],[-79.042,35.325],[-79.025,35.33],[-78.975,35.343],[-78.925,35.355],[-78.875,35.368],[-78.845,35.375],[-78.825,35.38],[-78.775,35.391],[-78.725,35.402],[-78.675,35.412],[-78.625,35.423],[-78.613,35.425],[-78.575,35.432],[-78.525,35.442],[-78.475,35.451],[-78.425,35.46],[-78.375,35.469],[-78.345,35.475],[-78.325,35.479],[-78.275,35.488],[-78.225,35.497],[-78.175,35.507],[-78.125,35.517],[-78.087,35.525],[-78.075,35.527],[-78.025,35.538],[-77.975,35.55],[-77.925,35.562],[-77.876,35.575],[-77.875,35.575],[-77.825,35.588],[-77.775,35.601],[-77.725,35.615],[-77.687,35.625],[-77.675,35.628],[-77.625,35.641],[-77.575,35.655],[-77.525,35.668],[-77.498,35.675],[-77.475,35.681],[-77.425,35.694],[-77.375,35.706],[-77.325,35.719],[-77.299,35.725],[-77.275,35.731],[-77.225,35.742],[-77.175,35.753],[-77.125,35.764],[-77.075,35.774],[-77.071,35.775],[-77.025,35.783],[-76.975,35.792],[-76.925,35.8],[-76.875,35.807],[-76.825,35.813],[-76.775,35.819],[-76.725,35.824],[-76.704,35.825],[-76.675,35.827],[-76.625,35.829],[-76.575,35.83]],[[-75.975,35.74],[-75.925,35.729],[-75.907,35.725],[-75.881,35.719]]]}},{"type":"Feature","properties":{"date":"2020-03-28","label":"28 Mar","yday":88,"tier":"day","major":false},"geometry":{"type":"MultiLineString","coordinates":[[[-85.613,34.237],[-85.575,34.227],[-85.569,34.225],[-85.525,34.212],[-85.475,34.196],[-85.425,34.179],[-85.415,34.175],[-85.375,34.16],[-85.325,34.14],[-85.291,34.125],[-85.275,34.118],[-85.225,34.096],[-85.182,34.075],[-85.175,34.072],[-85.125,34.048],[-85.079,34.025],[-85.075,34.023],[-85.025,33.998],[-84.978,33.975],[-84.975,33.973],[-84.925,33.949],[-84.875,33.925],[-84.874,33.925],[-84.825,33.903],[-84.775,33.881],[-84.76,33.875],[-84.725,33.861],[-84.675,33.843],[-84.662,33.838]],[[-80.098,35.148],[-80.075,35.153],[-80.025,35.163],[-79.975,35.173],[-79.966,35.175],[-79.925,35.183],[-79.875,35.194],[-79.825,35.204],[-79.775,35.215],[-79.729,35.225],[-79.725,35.226],[-79.675,35.237],[-79.625,35.249],[-79.575,35.261],[-79.525,35.274],[-79.52,35.275],[-79.475,35.287],[-79.425,35.3],[-79.375,35.314],[-79.336,35.325],[-79.325,35.328],[-79.275,35.342],[-79.225,35.356],[-79.175,35.37],[-79.157,35.375],[-79.125,35.384],[-79.075,35.397],[-79.025,35.41],[-78.975,35.423],[-78.966,35.425],[-78.925,35.435],[-78.875,35.447],[-78.825,35.458],[-78.775,35.469],[-78.749,35.475],[-78.725,35.48],[-78.675,35.49],[-78.625,35.5],[-78.575,35.509],[-78.525,35.518],[-78.487,35.525],[-78.475,35.527],[-78.425,35.536],[-78.375,35.545],[-78.325,35.553],[-78.275,35.562],[-78.225,35.572],[-78.209,35.575],[-78.175,35.581],[-78.125,35.591],[-78.075,35.602],[-78.025,35.613],[-77.975,35.625],[-77.974,35.625],[-77.925,35.637],[-77.875,35.649],[-77.825,35.662],[-77.775,35.675],[-77.774,35.675],[-77.725,35.687],[-77.675,35.7],[-77.625,35.713],[-77.58,35.725],[-77.575,35.726],[-77.525,35.739],[-77.475,35.752],[-77.425,35.765],[-77.385,35.775],[-77.375,35.778],[-77.325,35.79],[-77.275,35.802],[-77.225,35.814],[-77.18,35.825],[-77.175,35.826],[-77.125,35.837],[-77.075,35.848],[-77.025,35.859],[-76.975,35.869],[-76.942,35.875],[-76.925,35.878],[-76.875,35.887],[-76.825,35.896],[-76.775,35.903],[-76.725,35.91],[-76.675,35.916],[-76.625,35.92],[-76.575,35.923]],[[-75.906,35.825],[-75.875,35.818],[-75.825,35.807]]]}},{"type":"Feature","properties":{"date":"2020-03-29","label":"29 Mar","yday":89,"tier":"day","major":false},"geometry":{"type":"MultiLineString","coordinates":[[[-85.326,34.325],[-85.325,34.325],[-85.275,34.302],[-85.225,34.278],[-85.22,34.275],[-85.175,34.251],[-85.13,34.225],[-85.125,34.222],[-85.075,34.193],[-85.046,34.175],[-85.025,34.163],[-84.975,34.132],[-84.964,34.125],[-84.925,34.101],[-84.883,34.075],[-84.875,34.071],[-84.825,34.041],[-84.798,34.025],[-84.775,34.012],[-84.725,33.985],[-84.705,33.975],[-84.675,33.961],[-84.625,33.939],[-84.592,33.925],[-84.58,33.92]],[[-80.125,35.23],[-80.075,35.239],[-80.025,35.249],[-79.975,35.259],[-79.925,35.27],[-79.9,35.275],[-79.879,35.279]],[[-79.868,35.282],[-79.825,35.291],[-79.775,35.302],[-79.725,35.313],[-79.675,35.324],[-79.673,35.325],[-79.625,35.336],[-79.575,35.348],[-79.525,35.36],[-79.475,35.373],[-79.467,35.375]],[[-79.343,35.407],[-79.325,35.412],[-79.275,35.425],[-79.275,35.425],[-79.225,35.438],[-79.175,35.451],[-79.125,35.464],[-79.081,35.475],[-79.075,35.476],[-79.036,35.486]],[[-78.941,35.509],[-78.925,35.513],[-78.875,35.525],[-78.874,35.525],[-78.825,35.536],[-78.775,35.546],[-78.725,35.556],[-78.675,35.566],[-78.626,35.575],[-78.625,35.575],[-78.575,35.584],[-78.525,35.592],[-78.475,35.601],[-78.425,35.609],[-78.375,35.617],[-78.331,35.625],[-78.325,35.626],[-78.275,35.635],[-78.225,35.644],[-78.175,35.653],[-78.125,35.663],[-78.075,35.674],[-78.07,35.675],[-78.025,35.685],[-77.975,35.696],[-77.925,35.708],[-77.875,35.72],[-77.856,35.725],[-77.825,35.732],[-77.775,35.745],[-77.725,35.757],[-77.675,35.77],[-77.653,35.775],[-77.625,35.782],[-77.575,35.795],[-77.525,35.807],[-77.475,35.82],[-77.457,35.825],[-77.425,35.833],[-77.375,35.846],[-77.325,35.859],[-77.275,35.871],[-77.261,35.875],[-77.225,35.884],[-77.175,35.896],[-77.125,35.909],[-77.075,35.921],[-77.056,35.925],[-77.025,35.932],[-76.975,35.944],[-76.925,35.955],[-76.875,35.965],[-76.828,35.975],[-76.825,35.976],[-76.775,35.985],[-76.725,35.994]]]}},{"type":"Feature","properties":{"date":"2020-03-30","label":"30 Mar","yday":90,"tier":"index","major":true},"geometry":{"type":"MultiLineString","coordinates":[[[-84.985,34.325],[-84.975,34.318],[-84.925,34.28],[-84.919,34.275],[-84.875,34.241],[-84.854,34.225],[-84.825,34.204],[-84.787,34.175],[-84.775,34.167],[-84.725,34.131],[-84.716,34.125],[-84.675,34.098],[-84.637,34.075],[-84.625,34.068],[-84.575,34.042],[-84.54,34.025],[-84.53,34.02]],[[-80.125,35.315],[-80.075,35.324],[-80.071,35.325],[-80.025,35.334],[-79.975,35.345],[-79.95,35.35]],[[-79.758,35.392],[-79.725,35.399],[-79.675,35.41],[-79.625,35.422],[-79.612,35.425]],[[-79.299,35.501],[-79.275,35.507],[-79.225,35.519],[-79.199,35.525]],[[-78.905,35.595],[-78.875,35.601],[-78.825,35.612],[-78.775,35.622],[-78.76,35.625],[-78.725,35.631],[-78.675,35.64],[-78.625,35.649],[-78.575,35.657],[-78.525,35.665],[-78.475,35.672],[-78.473,35.673]],[[-78.239,35.711],[-78.225,35.714],[-78.175,35.723],[-78.165,35.725],[-78.125,35.733],[-78.075,35.743],[-78.025,35.754],[-77.975,35.765],[-77.934,35.775],[-77.925,35.777],[-77.875,35.789],[-77.825,35.801],[-77.775,35.812],[-77.725,35.824],[-77.723,35.825],[-77.675,35.836],[-77.625,35.849],[-77.575,35.861],[-77.525,35.874],[-77.521,35.875],[-77.475,35.887],[-77.425,35.9],[-77.375,35.913],[-77.329,35.925],[-77.325,35.926],[-77.275,35.939],[-77.225,35.953],[-77.175,35.966],[-77.14,35.975],[-77.125,35.979],[-77.075,35.992],[-77.025,36.005],[-76.975,36.018],[-76.946,36.025],[-76.925,36.03],[-76.875,36.042],[-76.825,36.054],[-76.775,36.065],[-76.767,36.067]],[[-76.675,36.085],[-76.625,36.094],[-76.575,36.1]]]}},{"type":"Feature","properties":{"date":"2020-03-31","label":"31 Mar","yday":91,"tier":"day","major":false},"geometry":{"type":"MultiLineString","coordinates":[[[-78.872,35.678],[-78.825,35.687],[-78.775,35.697],[-78.725,35.705],[-78.708,35.708]],[[-78.093,35.807],[-78.075,35.811],[-78.025,35.821],[-78.009,35.825],[-77.975,35.833],[-77.925,35.844],[-77.875,35.855],[-77.825,35.867],[-77.789,35.875],[-77.775,35.878],[-77.725,35.89],[-77.675,35.902],[-77.625,35.914],[-77.58,35.925],[-77.575,35.926],[-77.525,35.939],[-77.475,35.952],[-77.425,35.965],[-77.39,35.975],[-77.375,35.979],[-77.325,35.993],[-77.275,36.007],[-77.225,36.021],[-77.209,36.025],[-77.175,36.035],[-77.125,36.049],[-77.075,36.063],[-77.033,36.075],[-77.025,36.077],[-76.975,36.092],[-76.925,36.105],[-76.875,36.119],[-76.852,36.125],[-76.825,36.132],[-76.775,36.145],[-76.749,36.151]],[[-76.71,36.16],[-76.675,36.167],[-76.636,36.175],[-76.625,36.177],[-76.575,36.186],[-76.562,36.188]]]}},{"type":"Feature","properties":{"date":"2020-04-01","label":"1 Apr","yday":92,"tier":"day","major":false},"geometry":{"type":"MultiLineString","coordinates":[[[-78.01,35.89],[-77.975,35.898],[-77.925,35.909],[-77.875,35.92],[-77.853,35.925],[-77.825,35.931],[-77.775,35.942],[-77.725,35.954],[-77.675,35.966],[-77.638,35.975],[-77.625,35.978],[-77.575,35.991],[-77.525,36.004],[-77.475,36.017],[-77.446,36.025],[-77.425,36.031],[-77.375,36.045],[-77.325,36.059],[-77.275,36.074],[-77.272,36.075],[-77.225,36.089],[-77.175,36.104],[-77.125,36.119],[-77.107,36.125],[-77.075,36.135],[-77.025,36.151],[-76.975,36.166],[-76.945,36.175],[-76.925,36.181],[-76.875,36.197],[-76.825,36.211],[-76.775,36.225],[-76.775,36.225]],[[-76.642,36.258],[-76.625,36.261],[-76.575,36.271],[-76.554,36.275],[-76.525,36.28],[-76.519,36.281]]]}},{"type":"Feature","properties":{"date":"2020-04-02","label":"2 Apr","yday":93,"tier":"day","major":false},"geometry":{"type":"MultiLineString","coordinates":[[[-77.927,35.973],[-77.925,35.973],[-77.916,35.975],[-77.875,35.984],[-77.825,35.995],[-77.775,36.006],[-77.725,36.018],[-77.695,36.025],[-77.675,36.03],[-77.625,36.042],[-77.575,36.055],[-77.525,36.068],[-77.501,36.075],[-77.475,36.082],[-77.425,36.097],[-77.375,36.112],[-77.331,36.125],[-77.325,36.127],[-77.275,36.143],[-77.225,36.159],[-77.175,36.175],[-77.174,36.175],[-77.125,36.191],[-77.075,36.208],[-77.026,36.225],[-77.025,36.225],[-76.975,36.242],[-76.925,36.259],[-76.877,36.275],[-76.875,36.276],[-76.825,36.292],[-76.775,36.307],[-76.725,36.321],[-76.711,36.325],[-76.675,36.335],[-76.625,36.348],[-76.575,36.359],[-76.525,36.369],[-76.495,36.375],[-76.475,36.379]]]}},{"type":"Feature","properties":{"date":"2020-04-03","label":"3 Apr","yday":94,"tier":"day","major":false},"geometry":{"type":"MultiLineString","coordinates":[[[-77.845,36.055],[-77.825,36.059],[-77.775,36.07],[-77.755,36.075],[-77.725,36.082],[-77.675,36.094],[-77.625,36.107],[-77.575,36.12],[-77.557,36.125],[-77.525,36.134],[-77.475,36.149],[-77.425,36.164],[-77.391,36.175],[-77.375,36.18],[-77.325,36.197],[-77.275,36.213],[-77.241,36.225],[-77.225,36.23],[-77.175,36.248],[-77.125,36.266],[-77.1,36.275],[-77.075,36.285],[-77.025,36.303],[-76.975,36.322],[-76.966,36.325],[-76.925,36.34],[-76.875,36.358],[-76.826,36.375],[-76.825,36.375],[-76.775,36.392],[-76.725,36.408],[-76.675,36.423],[-76.666,36.425],[-76.625,36.437],[-76.575,36.45],[-76.525,36.462],[-76.475,36.472],[-76.462,36.475],[-76.425,36.482],[-76.416,36.484]]]}},{"type":"Feature","properties":{"date":"2020-04-04","label":"4 Apr","yday":95,"tier":"five","major":false},"geometry":{"type":"MultiLineString","coordinates":[[[-77.761,36.139],[-77.725,36.147],[-77.675,36.16],[-77.625,36.173],[-77.617,36.175],[-77.575,36.187],[-77.525,36.202],[-77.475,36.218],[-77.453,36.225],[-77.425,36.235],[-77.375,36.252],[-77.325,36.27],[-77.31,36.275],[-77.275,36.288],[-77.225,36.307],[-77.176,36.325],[-77.175,36.326],[-77.125,36.346],[-77.075,36.366],[-77.052,36.375],[-77.025,36.386],[-76.975,36.406],[-76.927,36.425],[-76.925,36.426],[-76.875,36.445],[-76.825,36.464],[-76.792,36.475],[-76.775,36.481],[-76.725,36.499],[-76.675,36.515],[-76.641,36.525],[-76.625,36.53],[-76.575,36.544],[-76.525,36.558],[-76.475,36.57],[-76.452,36.575],[-76.425,36.581],[-76.375,36.592],[-76.325,36.603]]]}},{"type":"Feature","properties":{"date":"2020-04-05","label":"5 Apr","yday":96,"tier":"day","major":false},"geometry":{"type":"MultiLineString","coordinates":[[[-77.725,36.215],[-77.685,36.225],[-77.675,36.228],[-77.625,36.242],[-77.575,36.257],[-77.525,36.273],[-77.519,36.275],[-77.475,36.291],[-77.425,36.309],[-77.383,36.325],[-77.375,36.328],[-77.325,36.348],[-77.275,36.368],[-77.258,36.375],[-77.225,36.389],[-77.175,36.41],[-77.14,36.425],[-77.125,36.432],[-77.075,36.453],[-77.025,36.475],[-77.024,36.475],[-76.975,36.496],[-76.925,36.517],[-76.905,36.525],[-76.875,36.537],[-76.825,36.557],[-76.777,36.575],[-76.775,36.576],[-76.725,36.595],[-76.675,36.612],[-76.635,36.625],[-76.625,36.629],[-76.575,36.644],[-76.525,36.658],[-76.475,36.672],[-76.463,36.675],[-76.433,36.683]]]}},{"type":"Feature","properties":{"date":"2020-04-06","label":"6 Apr","yday":97,"tier":"day","major":false},"geometry":{"type":"MultiLineString","coordinates":[[[-77.639,36.311],[-77.625,36.315],[-77.595,36.325],[-77.575,36.332],[-77.525,36.351],[-77.475,36.37],[-77.463,36.375],[-77.425,36.391],[-77.375,36.412],[-77.345,36.425],[-77.325,36.434],[-77.275,36.456],[-77.233,36.475],[-77.225,36.479],[-77.175,36.502],[-77.125,36.525],[-77.124,36.525],[-77.075,36.548],[-77.025,36.571],[-77.015,36.575],[-76.975,36.593],[-76.925,36.615],[-76.901,36.625],[-76.875,36.636],[-76.825,36.657],[-76.781,36.675],[-76.775,36.677],[-76.725,36.697],[-76.675,36.716],[-76.648,36.725],[-76.625,36.733],[-76.593,36.743]]]}},{"type":"Feature","properties":{"date":"2020-04-07","label":"7 Apr","yday":98,"tier":"day","major":false},"geometry":{"type":"MultiLineString","coordinates":[[[-77.625,36.398],[-77.575,36.417],[-77.555,36.425],[-77.525,36.438],[-77.475,36.46],[-77.44,36.475],[-77.425,36.482],[-77.375,36.505],[-77.333,36.525],[-77.325,36.529],[-77.275,36.554],[-77.231,36.575],[-77.225,36.578],[-77.175,36.603],[-77.129,36.625],[-77.125,36.627],[-77.075,36.651],[-77.025,36.675],[-77.025,36.675],[-76.975,36.699],[-76.925,36.721],[-76.916,36.725],[-76.875,36.744],[-76.825,36.766],[-76.803,36.775],[-76.775,36.787],[-76.725,36.807],[-76.677,36.825]]]}},{"type":"Feature","properties":{"date":"2020-04-08","label":"8 Apr","yday":99,"tier":"day","major":false},"geometry":{"type":"MultiLineString","coordinates":[[[-77.673,36.473],[-77.667,36.475],[-77.625,36.492],[-77.575,36.513],[-77.548,36.525],[-77.525,36.536],[-77.475,36.56],[-77.444,36.575],[-77.425,36.584],[-77.375,36.61],[-77.345,36.625]]]}},{"type":"Feature","properties":{"date":"2020-04-09","label":"9 Apr","yday":100,"tier":"five","major":false},"geometry":{"type":"MultiLineString","coordinates":[[[-77.783,36.533],[-77.775,36.536],[-77.725,36.555],[-77.676,36.575],[-77.675,36.576],[-77.625,36.598],[-77.575,36.622],[-77.569,36.625]]]}},{"type":"Feature","properties":{"date":"2020-04-10","label":"10 Apr","yday":101,"tier":"day","major":false},"geometry":{"type":"MultiLineString","coordinates":[[[-77.875,36.607],[-77.829,36.625],[-77.825,36.627],[-77.775,36.648],[-77.725,36.67],[-77.714,36.675]]]}}]}