{"type":"FeatureCollection","features":[{"type":"Feature","properties":{"date":"2022-02-13","label":"13 Feb","yday":44,"tier":"day","major":false},"geometry":{"type":"MultiLineString","coordinates":[[[-82.025,26.778],[-81.975,26.784],[-81.925,26.791],[-81.875,26.798],[-81.825,26.806],[-81.788,26.812]],[[-81.552,26.852],[-81.525,26.857],[-81.475,26.866],[-81.429,26.875],[-81.425,26.876],[-81.424,26.876]]]}},{"type":"Feature","properties":{"date":"2022-02-14","label":"14 Feb","yday":45,"tier":"index","major":true},"geometry":{"type":"MultiLineString","coordinates":[[[-82.309,26.909],[-82.275,26.912],[-82.225,26.917],[-82.218,26.918]],[[-82.037,26.937],[-82.025,26.938],[-81.975,26.945],[-81.925,26.953],[-81.875,26.962],[-81.825,26.971],[-81.801,26.975],[-81.775,26.98],[-81.725,26.99],[-81.675,26.999],[-81.625,27.009],[-81.575,27.019],[-81.545,27.025],[-81.525,27.029],[-81.475,27.039],[-81.425,27.05],[-81.375,27.06],[-81.325,27.07]]]}},{"type":"Feature","properties":{"date":"2022-02-15","label":"15 Feb","yday":46,"tier":"day","major":false},"geometry":{"type":"MultiLineString","coordinates":[[[-82.425,27.074],[-82.416,27.075],[-82.375,27.08],[-82.325,27.086],[-82.275,27.092],[-82.225,27.098],[-82.175,27.103],[-82.125,27.11],[-82.075,27.116],[-82.025,27.123],[-82.014,27.125],[-81.975,27.131],[-81.925,27.14],[-81.875,27.149],[-81.825,27.158],[-81.775,27.168],[-81.737,27.175],[-81.725,27.178],[-81.675,27.188],[-81.625,27.198],[-81.575,27.209],[-81.525,27.22],[-81.501,27.225],[-81.475,27.231],[-81.425,27.242],[-81.375,27.253],[-81.325,27.265],[-81.279,27.275],[-81.275,27.276],[-81.225,27.288],[-81.175,27.3],[-81.143,27.307]]]}},{"type":"Feature","properties":{"date":"2022-02-16","label":"16 Feb","yday":47,"tier":"day","major":false},"geometry":{"type":"MultiLineString","coordinates":[[[-82.525,27.25],[-82.475,27.258],[-82.425,27.266],[-82.375,27.274],[-82.367,27.275],[-82.325,27.281],[-82.275,27.289],[-82.225,27.296],[-82.175,27.304],[-82.125,27.312],[-82.075,27.32],[-82.043,27.325],[-82.025,27.328],[-81.975,27.337],[-81.925,27.346],[-81.875,27.356],[-81.825,27.365],[-81.778,27.375],[-81.775,27.376],[-81.725,27.387],[-81.675,27.398],[-81.625,27.409],[-81.575,27.421],[-81.559,27.425],[-81.525,27.434],[-81.475,27.446],[-81.425,27.459],[-81.375,27.473],[-81.367,27.475],[-81.325,27.487],[-81.275,27.501],[-81.225,27.515],[-81.191,27.525],[-81.175,27.53],[-81.125,27.545],[-81.075,27.56],[-81.027,27.575],[-81.025,27.576],[-80.975,27.592],[-80.925,27.607],[-80.875,27.623],[-80.869,27.625],[-80.825,27.639],[-80.775,27.655]]]}},{"type":"Feature","properties":{"date":"2022-02-17","label":"17 Feb","yday":48,"tier":"day","major":false},"geometry":{"type":"MultiLineString","coordinates":[[[-82.587,27.437],[-82.575,27.44],[-82.525,27.45],[-82.475,27.46],[-82.425,27.47],[-82.4,27.475],[-82.375,27.48],[-82.325,27.489],[-82.275,27.498],[-82.225,27.507],[-82.175,27.516],[-82.126,27.525],[-82.125,27.525],[-82.075,27.535],[-82.025,27.544],[-81.975,27.554],[-81.925,27.564],[-81.875,27.575],[-81.874,27.575],[-81.825,27.586],[-81.775,27.598],[-81.725,27.61],[-81.675,27.624],[-81.671,27.625],[-81.625,27.638],[-81.575,27.653],[-81.525,27.669],[-81.506,27.675],[-81.475,27.686],[-81.425,27.703],[-81.375,27.721],[-81.365,27.725],[-81.325,27.74],[-81.275,27.76],[-81.236,27.775],[-81.225,27.779],[-81.175,27.8],[-81.125,27.82],[-81.112,27.825],[-81.075,27.84],[-81.025,27.86],[-80.988,27.875],[-80.975,27.88],[-80.925,27.899],[-80.906,27.906]]]}},{"type":"Feature","properties":{"date":"2022-02-18","label":"18 Feb","yday":49,"tier":"day","major":false},"geometry":{"type":"MultiLineString","coordinates":[[[-82.488,27.662],[-82.475,27.665],[-82.427,27.675],[-82.425,27.675],[-82.375,27.686],[-82.325,27.697],[-82.275,27.707],[-82.225,27.718],[-82.19,27.725],[-82.175,27.728],[-82.125,27.739],[-82.075,27.749],[-82.025,27.76],[-81.975,27.772],[-81.96,27.775],[-81.925,27.783],[-81.875,27.795],[-81.825,27.808],[-81.775,27.823],[-81.768,27.825],[-81.725,27.838],[-81.675,27.856],[-81.625,27.875],[-81.625,27.875],[-81.575,27.896],[-81.525,27.917],[-81.508,27.925],[-81.475,27.94],[-81.425,27.964],[-81.401,27.975],[-81.375,27.988],[-81.325,28.012],[-81.299,28.025],[-81.275,28.037],[-81.225,28.062],[-81.197,28.075],[-81.175,28.086],[-81.125,28.109],[-81.088,28.125],[-81.075,28.13],[-81.025,28.15],[-80.975,28.169],[-80.957,28.175],[-80.925,28.185]]]}},{"type":"Feature","properties":{"date":"2022-02-19","label":"19 Feb","yday":50,"tier":"five","major":false},"geometry":{"type":"MultiLineString","coordinates":[[[-82.734,27.784],[-82.725,27.787],[-82.675,27.803],[-82.625,27.818]],[[-82.539,27.839],[-82.525,27.843]],[[-82.379,27.879],[-82.375,27.88],[-82.325,27.891],[-82.275,27.903],[-82.225,27.915],[-82.186,27.925],[-82.175,27.928],[-82.125,27.94],[-82.075,27.953],[-82.025,27.967],[-81.996,27.975],[-81.975,27.981],[-81.925,27.995],[-81.875,28.011],[-81.834,28.025],[-81.825,28.028],[-81.775,28.047],[-81.725,28.069],[-81.711,28.075],[-81.675,28.091],[-81.625,28.114],[-81.603,28.125],[-81.575,28.138],[-81.525,28.164],[-81.504,28.175],[-81.475,28.19],[-81.425,28.217],[-81.411,28.225],[-81.375,28.245],[-81.325,28.273],[-81.321,28.275],[-81.275,28.299],[-81.225,28.323],[-81.22,28.325],[-81.175,28.343],[-81.125,28.361],[-81.079,28.375],[-81.075,28.376],[-81.025,28.389],[-80.975,28.4]]]}},{"type":"Feature","properties":{"date":"2022-02-20","label":"20 Feb","yday":51,"tier":"day","major":false},"geometry":{"type":"MultiLineString","coordinates":[[[-82.784,27.934],[-82.775,27.937],[-82.725,27.954]],[[-82.595,27.995],[-82.575,28.001],[-82.525,28.014],[-82.483,28.025],[-82.475,28.027],[-82.425,28.039],[-82.375,28.051],[-82.325,28.063],[-82.281,28.075],[-82.275,28.077],[-82.225,28.09],[-82.175,28.104],[-82.125,28.119],[-82.107,28.125],[-82.075,28.135],[-82.025,28.152],[-81.975,28.169],[-81.96,28.175],[-81.925,28.188],[-81.875,28.209],[-81.837,28.225],[-81.825,28.23],[-81.775,28.253],[-81.73,28.275],[-81.725,28.278],[-81.675,28.303],[-81.634,28.325],[-81.625,28.33],[-81.575,28.358],[-81.545,28.375],[-81.525,28.386],[-81.475,28.416],[-81.46,28.425],[-81.425,28.445],[-81.375,28.472],[-81.369,28.475],[-81.325,28.496],[-81.275,28.516],[-81.247,28.525],[-81.225,28.532],[-81.175,28.545],[-81.125,28.557],[-81.075,28.567],[-81.031,28.575],[-81.026,28.576]]]}},{"type":"Feature","properties":{"date":"2022-02-21","label":"21 Feb","yday":52,"tier":"day","major":false},"geometry":{"type":"MultiLineString","coordinates":[[[-82.775,28.085],[-82.725,28.101],[-82.675,28.117],[-82.647,28.125],[-82.625,28.131],[-82.575,28.146],[-82.525,28.159],[-82.475,28.173],[-82.468,28.175],[-82.425,28.187],[-82.375,28.2],[-82.325,28.215],[-82.291,28.225],[-82.275,28.23],[-82.225,28.245],[-82.175,28.262],[-82.138,28.275],[-82.125,28.28],[-82.075,28.298],[-82.025,28.318],[-82.008,28.325],[-81.975,28.339],[-81.925,28.361],[-81.895,28.375],[-81.875,28.384],[-81.825,28.409],[-81.794,28.425],[-81.775,28.435],[-81.725,28.462],[-81.701,28.475],[-81.675,28.489],[-81.625,28.517],[-81.611,28.525],[-81.575,28.545],[-81.525,28.572],[-81.52,28.575],[-81.475,28.598],[-81.425,28.622],[-81.418,28.625],[-81.375,28.643],[-81.325,28.662],[-81.285,28.675],[-81.275,28.678],[-81.225,28.692],[-81.175,28.705],[-81.125,28.716],[-81.076,28.725],[-81.075,28.725]]]}},{"type":"Feature","properties":{"date":"2022-02-22","label":"22 Feb","yday":53,"tier":"day","major":false},"geometry":{"type":"MultiLineString","coordinates":[[[-82.725,28.237],[-82.675,28.252],[-82.625,28.267],[-82.596,28.275],[-82.575,28.281],[-82.525,28.295],[-82.475,28.31],[-82.425,28.324],[-82.423,28.325],[-82.375,28.34],[-82.325,28.356],[-82.275,28.373],[-82.268,28.375],[-82.225,28.39],[-82.175,28.409],[-82.136,28.425],[-82.125,28.429],[-82.075,28.45],[-82.025,28.473],[-82.02,28.475],[-81.975,28.496],[-81.925,28.521],[-81.916,28.525],[-81.875,28.546],[-81.825,28.572],[-81.819,28.575],[-81.775,28.598],[-81.726,28.625],[-81.725,28.625],[-81.675,28.652],[-81.631,28.675],[-81.625,28.678],[-81.575,28.703],[-81.529,28.725],[-81.525,28.727],[-81.475,28.749],[-81.425,28.77],[-81.411,28.775],[-81.375,28.788],[-81.325,28.805],[-81.275,28.821],[-81.261,28.825],[-81.225,28.835],[-81.175,28.847],[-81.125,28.858],[-81.075,28.868],[-81.038,28.875],[-81.025,28.877]]]}},{"type":"Feature","properties":{"date":"2022-02-23","label":"23 Feb","yday":54,"tier":"day","major":false},"geometry":{"type":"MultiLineString","coordinates":[[[-82.663,28.387],[-82.625,28.398],[-82.575,28.413],[-82.533,28.425],[-82.525,28.427],[-82.475,28.443],[-82.425,28.458],[-82.375,28.475],[-82.375,28.475],[-82.325,28.493],[-82.275,28.512],[-82.241,28.525],[-82.225,28.531],[-82.175,28.552],[-82.125,28.574],[-82.123,28.575],[-82.075,28.597],[-82.025,28.622],[-82.018,28.625],[-81.975,28.647],[-81.925,28.672],[-81.92,28.675],[-81.875,28.698],[-81.825,28.724],[-81.824,28.725],[-81.775,28.75],[-81.727,28.775],[-81.725,28.776],[-81.675,28.801],[-81.626,28.825],[-81.625,28.825],[-81.575,28.848],[-81.525,28.87],[-81.512,28.875],[-81.475,28.89],[-81.425,28.908],[-81.377,28.925],[-81.375,28.926],[-81.325,28.942],[-81.275,28.956],[-81.225,28.97],[-81.204,28.975],[-81.175,28.982],[-81.125,28.994],[-81.075,29.004],[-81.025,29.014]]]}},{"type":"Feature","properties":{"date":"2022-02-24","label":"24 Feb","yday":55,"tier":"five","major":false},"geometry":{"type":"MultiLineString","coordinates":[[[-82.625,28.531],[-82.575,28.546],[-82.525,28.561],[-82.481,28.575],[-82.475,28.577],[-82.425,28.594],[-82.375,28.612],[-82.34,28.625],[-82.325,28.631],[-82.275,28.651],[-82.225,28.672],[-82.218,28.675],[-82.175,28.695],[-82.125,28.719],[-82.113,28.725],[-82.075,28.744],[-82.025,28.77],[-82.015,28.775],[-81.975,28.796],[-81.925,28.822],[-81.919,28.825],[-81.875,28.848],[-81.825,28.874],[-81.822,28.875],[-81.775,28.899],[-81.725,28.923],[-81.721,28.925],[-81.675,28.946],[-81.625,28.968],[-81.609,28.975],[-81.575,28.989],[-81.525,29.009],[-81.481,29.025],[-81.475,29.027],[-81.425,29.044],[-81.375,29.06],[-81.326,29.075],[-81.325,29.075],[-81.275,29.089],[-81.225,29.103],[-81.175,29.115],[-81.132,29.125],[-81.125,29.127],[-81.075,29.138],[-81.025,29.148],[-80.975,29.158]]]}},{"type":"Feature","properties":{"date":"2022-02-25","label":"25 Feb","yday":56,"tier":"day","major":false},"geometry":{"type":"MultiLineString","coordinates":[[[-82.625,28.667],[-82.599,28.675],[-82.575,28.683],[-82.525,28.699],[-82.475,28.716],[-82.449,28.725],[-82.425,28.734],[-82.375,28.752],[-82.325,28.772],[-82.319,28.775],[-82.275,28.795],[-82.225,28.819],[-82.213,28.825],[-82.175,28.844],[-82.125,28.871],[-82.117,28.875],[-82.075,28.897],[-82.025,28.923],[-82.022,28.925],[-81.975,28.949],[-81.925,28.975],[-81.925,28.975],[-81.875,29.0],[-81.825,29.024],[-81.823,29.025],[-81.775,29.047],[-81.725,29.07],[-81.713,29.075],[-81.675,29.091],[-81.625,29.111],[-81.59,29.125],[-81.575,29.131],[-81.525,29.149],[-81.475,29.166],[-81.446,29.175],[-81.425,29.182],[-81.375,29.197],[-81.325,29.211],[-81.275,29.224],[-81.269,29.225],[-81.225,29.236],[-81.175,29.248],[-81.125,29.259],[-81.075,29.27],[-81.071,29.271]]]}},{"type":"Feature","properties":{"date":"2022-02-26","label":"26 Feb","yday":57,"tier":"day","major":false},"geometry":{"type":"MultiLineString","coordinates":[[[-82.625,28.811],[-82.583,28.825],[-82.575,28.828],[-82.525,28.846],[-82.475,28.865],[-82.449,28.875],[-82.425,28.885],[-82.375,28.906],[-82.335,28.925],[-82.325,28.93],[-82.275,28.954],[-82.235,28.975],[-82.225,28.98],[-82.175,29.006],[-82.138,29.025],[-82.125,29.032],[-82.075,29.058],[-82.04,29.075],[-82.025,29.083],[-81.975,29.107],[-81.938,29.125],[-81.925,29.131],[-81.875,29.154],[-81.828,29.175],[-81.825,29.176],[-81.775,29.198],[-81.725,29.219],[-81.71,29.225],[-81.675,29.239],[-81.625,29.258],[-81.577,29.275],[-81.575,29.276],[-81.525,29.293],[-81.475,29.309],[-81.425,29.324],[-81.421,29.325],[-81.375,29.338],[-81.325,29.352],[-81.275,29.365],[-81.233,29.375],[-81.225,29.377],[-81.175,29.389],[-81.125,29.401],[-81.106,29.406]]]}},{"type":"Feature","properties":{"date":"2022-02-27","label":"27 Feb","yday":58,"tier":"day","major":false},"geometry":{"type":"MultiLineString","coordinates":[[[-82.69,28.94],[-82.675,28.945],[-82.625,28.964],[-82.598,28.975],[-82.575,28.984],[-82.525,29.005],[-82.478,29.025],[-82.475,29.026],[-82.425,29.049],[-82.375,29.073],[-82.371,29.075],[-82.325,29.098],[-82.275,29.123],[-82.271,29.125],[-82.225,29.148],[-82.175,29.173],[-82.171,29.175],[-82.125,29.197],[-82.075,29.221],[-82.066,29.225],[-82.025,29.244],[-81.975,29.267],[-81.957,29.275],[-81.925,29.289],[-81.875,29.311],[-81.842,29.325],[-81.825,29.332],[-81.775,29.353],[-81.725,29.373],[-81.719,29.375],[-81.675,29.392],[-81.625,29.41],[-81.583,29.425],[-81.575,29.428],[-81.525,29.444],[-81.475,29.46],[-81.426,29.475],[-81.425,29.475],[-81.375,29.49],[-81.325,29.504],[-81.275,29.517],[-81.245,29.525],[-81.225,29.53],[-81.175,29.543]]]}},{"type":"Feature","properties":{"date":"2022-02-28","label":"28 Feb","yday":59,"tier":"day","major":false},"geometry":{"type":"MultiLineString","coordinates":[[[-82.733,29.083],[-82.725,29.086],[-82.675,29.106],[-82.631,29.125],[-82.625,29.127],[-82.575,29.149],[-82.525,29.172],[-82.518,29.175],[-82.475,29.195],[-82.425,29.219],[-82.412,29.225],[-82.375,29.243],[-82.325,29.267],[-82.308,29.275],[-82.275,29.291],[-82.225,29.315],[-82.203,29.325],[-82.175,29.338],[-82.125,29.362],[-82.096,29.375],[-82.075,29.385],[-82.025,29.407],[-81.986,29.425],[-81.975,29.43],[-81.925,29.452],[-81.875,29.473],[-81.871,29.475],[-81.825,29.494],[-81.775,29.515],[-81.749,29.525],[-81.725,29.535],[-81.675,29.554],[-81.625,29.572],[-81.616,29.575],[-81.575,29.59],[-81.525,29.607],[-81.475,29.623],[-81.467,29.625],[-81.425,29.638],[-81.375,29.653],[-81.325,29.667],[-81.295,29.675],[-81.275,29.68],[-81.24,29.69]]]}},{"type":"Feature","properties":{"date":"2022-03-01","label":"1 Mar","yday":60,"tier":"index","major":true},"geometry":{"type":"MultiLineString","coordinates":[[[-82.886,29.186],[-82.875,29.19],[-82.825,29.21],[-82.789,29.225],[-82.775,29.231],[-82.725,29.253],[-82.675,29.274],[-82.673,29.275],[-82.625,29.297],[-82.575,29.319],[-82.563,29.325],[-82.525,29.343],[-82.475,29.366],[-82.456,29.375],[-82.425,29.389],[-82.375,29.413],[-82.35,29.425],[-82.325,29.437],[-82.275,29.46],[-82.243,29.475],[-82.225,29.484],[-82.175,29.507],[-82.137,29.525],[-82.125,29.531],[-82.075,29.554],[-82.029,29.575],[-82.025,29.577],[-81.975,29.6],[-81.925,29.622],[-81.919,29.625],[-81.875,29.644],[-81.825,29.666],[-81.803,29.675],[-81.775,29.687],[-81.725,29.707],[-81.679,29.725],[-81.675,29.726],[-81.625,29.745],[-81.575,29.763],[-81.54,29.775],[-81.525,29.78],[-81.475,29.796],[-81.425,29.812],[-81.378,29.825],[-81.375,29.826],[-81.325,29.839],[-81.297,29.847]]]}},{"type":"Feature","properties":{"date":"2022-03-02","label":"2 Mar","yday":61,"tier":"day","major":false},"geometry":{"type":"MultiLineString","coordinates":[[[-83.075,29.275],[-83.075,29.275],[-83.025,29.296],[-82.975,29.316],[-82.955,29.325],[-82.925,29.338],[-82.875,29.359],[-82.839,29.375],[-82.825,29.381],[-82.775,29.403],[-82.726,29.425],[-82.725,29.426],[-82.675,29.449],[-82.625,29.472],[-82.617,29.475],[-82.575,29.495],[-82.525,29.518],[-82.51,29.525],[-82.475,29.542],[-82.425,29.565],[-82.404,29.575],[-82.375,29.589],[-82.325,29.612],[-82.298,29.625],[-82.275,29.636],[-82.225,29.66],[-82.194,29.675],[-82.175,29.684],[-82.125,29.709],[-82.091,29.725],[-82.075,29.733],[-82.025,29.757],[-81.987,29.775],[-81.975,29.781],[-81.925,29.804],[-81.879,29.825],[-81.875,29.827],[-81.825,29.849],[-81.775,29.871],[-81.765,29.875],[-81.725,29.892],[-81.675,29.912],[-81.64,29.925],[-81.625,29.931],[-81.575,29.949],[-81.525,29.965],[-81.493,29.975],[-81.475,29.981],[-81.425,29.995],[-81.375,30.008],[-81.325,30.02]]]}},{"type":"Feature","properties":{"date":"2022-03-03","label":"3 Mar","yday":62,"tier":"day","major":false},"geometry":{"type":"MultiLineString","coordinates":[[[-83.195,29.395],[-83.175,29.404],[-83.126,29.425],[-83.125,29.426],[-83.075,29.447],[-83.025,29.469],[-83.012,29.475],[-82.975,29.492],[-82.925,29.514],[-82.902,29.525],[-82.875,29.537],[-82.825,29.56],[-82.794,29.575],[-82.775,29.584],[-82.725,29.607],[-82.688,29.625],[-82.675,29.631],[-82.625,29.655],[-82.583,29.675],[-82.575,29.679],[-82.525,29.703],[-82.479,29.725],[-82.475,29.727],[-82.425,29.751],[-82.376,29.775],[-82.375,29.776],[-82.325,29.8],[-82.275,29.825],[-82.275,29.825],[-82.225,29.85],[-82.176,29.875],[-82.175,29.875],[-82.125,29.9],[-82.075,29.925],[-82.075,29.925],[-82.025,29.949],[-81.975,29.973],[-81.972,29.975],[-81.925,29.997],[-81.875,30.02],[-81.865,30.025],[-81.825,30.043],[-81.775,30.066],[-81.753,30.075],[-81.725,30.087],[-81.675,30.107],[-81.628,30.125],[-81.625,30.126],[-81.575,30.143],[-81.525,30.158],[-81.475,30.171],[-81.458,30.175],[-81.425,30.183],[-81.375,30.194]]]}},{"type":"Feature","properties":{"date":"2022-03-04","label":"4 Mar","yday":63,"tier":"day","major":false},"geometry":{"type":"MultiLineString","coordinates":[[[-83.318,29.518],[-83.304,29.525],[-83.275,29.538],[-83.225,29.561],[-83.194,29.575],[-83.175,29.584],[-83.125,29.607],[-83.086,29.625],[-83.075,29.63],[-83.025,29.654],[-82.981,29.675],[-82.975,29.678],[-82.925,29.702],[-82.878,29.725],[-82.875,29.727],[-82.825,29.751],[-82.777,29.775],[-82.775,29.776],[-82.725,29.801],[-82.677,29.825],[-82.675,29.826],[-82.625,29.851],[-82.577,29.875],[-82.575,29.876],[-82.525,29.901],[-82.478,29.925],[-82.475,29.927],[-82.425,29.952],[-82.38,29.975],[-82.375,29.978],[-82.325,30.003],[-82.281,30.025],[-82.275,30.028],[-82.225,30.053],[-82.181,30.075],[-82.175,30.078],[-82.125,30.102],[-82.078,30.125],[-82.075,30.126],[-82.025,30.15],[-81.975,30.173],[-81.97,30.175],[-81.925,30.195],[-81.875,30.217],[-81.858,30.225],[-81.825,30.24],[-81.775,30.261],[-81.74,30.275],[-81.725,30.281],[-81.675,30.298],[-81.625,30.314],[-81.589,30.325],[-81.575,30.329],[-81.525,30.342],[-81.475,30.353],[-81.425,30.363]]]}},{"type":"Feature","properties":{"date":"2022-03-05","label":"5 Mar","yday":64,"tier":"day","major":false},"geometry":{"type":"MultiLineString","coordinates":[[[-83.411,29.661],[-83.381,29.675],[-83.375,29.678],[-83.325,29.702],[-83.278,29.725],[-83.275,29.727],[-83.225,29.752],[-83.178,29.775],[-83.175,29.776],[-83.125,29.802],[-83.079,29.825],[-83.075,29.827],[-83.025,29.853],[-82.982,29.875],[-82.975,29.879],[-82.925,29.905],[-82.886,29.925],[-82.875,29.931],[-82.825,29.957],[-82.791,29.975],[-82.775,29.984],[-82.725,30.01],[-82.697,30.025],[-82.675,30.037],[-82.625,30.063],[-82.602,30.075],[-82.575,30.089],[-82.525,30.115],[-82.506,30.125],[-82.475,30.141],[-82.425,30.167],[-82.409,30.175],[-82.375,30.192],[-82.325,30.217],[-82.309,30.225],[-82.275,30.242],[-82.225,30.266],[-82.205,30.275],[-82.175,30.289],[-82.125,30.311],[-82.094,30.325],[-82.075,30.333],[-82.025,30.355],[-81.975,30.375],[-81.975,30.375],[-81.925,30.394],[-81.875,30.413],[-81.841,30.425],[-81.825,30.43],[-81.775,30.447],[-81.725,30.462],[-81.681,30.475],[-81.675,30.477],[-81.625,30.492],[-81.575,30.505],[-81.525,30.518],[-81.495,30.525],[-81.479,30.529]]]}},{"type":"Feature","properties":{"date":"2022-03-06","label":"6 Mar","yday":65,"tier":"five","major":false},"geometry":{"type":"MultiLineString","coordinates":[[[-83.575,29.775],[-83.575,29.775],[-83.525,29.8],[-83.477,29.825],[-83.475,29.826],[-83.425,29.852],[-83.381,29.875],[-83.375,29.878],[-83.325,29.905],[-83.287,29.925],[-83.275,29.931],[-83.225,29.959],[-83.195,29.975],[-83.175,29.986],[-83.125,30.014],[-83.104,30.025],[-83.075,30.041],[-83.025,30.069],[-83.015,30.075],[-82.975,30.098],[-82.926,30.125],[-82.925,30.126],[-82.875,30.154],[-82.838,30.175],[-82.825,30.182],[-82.775,30.21],[-82.748,30.225],[-82.725,30.238],[-82.675,30.266],[-82.658,30.275],[-82.625,30.293],[-82.575,30.32],[-82.565,30.325],[-82.525,30.346],[-82.475,30.372],[-82.468,30.375],[-82.425,30.397],[-82.375,30.421],[-82.366,30.425],[-82.325,30.445],[-82.275,30.467],[-82.257,30.475],[-82.225,30.489],[-82.175,30.51],[-82.138,30.525],[-82.125,30.53],[-82.075,30.55],[-82.025,30.568],[-82.004,30.575],[-81.975,30.585],[-81.925,30.602],[-81.875,30.617],[-81.848,30.625],[-81.825,30.632],[-81.775,30.646],[-81.725,30.66],[-81.675,30.673],[-81.668,30.675],[-81.625,30.686],[-81.575,30.698],[-81.525,30.71],[-81.513,30.713]]]}},{"type":"Feature","properties":{"date":"2022-03-07","label":"7 Mar","yday":66,"tier":"day","major":false},"geometry":{"type":"MultiLineString","coordinates":[[[-83.677,29.927],[-83.675,29.929],[-83.625,29.956],[-83.59,29.975],[-83.575,29.984],[-83.525,30.012],[-83.501,30.025],[-83.475,30.04],[-83.425,30.069],[-83.414,30.075],[-83.375,30.098],[-83.329,30.125],[-83.325,30.127],[-83.275,30.157],[-83.245,30.175],[-83.225,30.187],[-83.175,30.218],[-83.163,30.225],[-83.125,30.248],[-83.081,30.275],[-83.075,30.279],[-83.025,30.31],[-83.0,30.325],[-82.975,30.341],[-82.925,30.371],[-82.918,30.375],[-82.875,30.401],[-82.835,30.425],[-82.825,30.431],[-82.775,30.46],[-82.749,30.475],[-82.725,30.489],[-82.675,30.517],[-82.66,30.525],[-82.625,30.544],[-82.575,30.571],[-82.567,30.575],[-82.525,30.596],[-82.475,30.621],[-82.467,30.625],[-82.425,30.645],[-82.375,30.668],[-82.358,30.675],[-82.325,30.69],[-82.275,30.71],[-82.238,30.725],[-82.225,30.73],[-82.175,30.749],[-82.125,30.767],[-82.102,30.775],[-82.075,30.784],[-82.025,30.8],[-81.975,30.815],[-81.941,30.825],[-81.925,30.83],[-81.875,30.843],[-81.825,30.856],[-81.775,30.868],[-81.744,30.875],[-81.725,30.879],[-81.675,30.89],[-81.625,30.9],[-81.575,30.91],[-81.525,30.919],[-81.52,30.92]]]}},{"type":"Feature","properties":{"date":"2022-03-08","label":"8 Mar","yday":67,"tier":"day","major":false},"geometry":{"type":"MultiLineString","coordinates":[[[-83.883,30.033],[-83.875,30.037],[-83.825,30.066],[-83.809,30.075],[-83.775,30.095],[-83.725,30.124],[-83.724,30.125],[-83.675,30.154],[-83.641,30.175],[-83.625,30.185],[-83.575,30.215],[-83.56,30.225],[-83.525,30.247],[-83.481,30.275],[-83.475,30.279],[-83.425,30.312],[-83.404,30.325],[-83.375,30.345],[-83.33,30.375],[-83.325,30.378],[-83.275,30.412],[-83.256,30.425],[-83.225,30.447],[-83.184,30.475],[-83.175,30.481],[-83.125,30.515],[-83.111,30.525],[-83.075,30.55],[-83.037,30.575],[-83.025,30.583],[-82.975,30.616],[-82.962,30.625],[-82.925,30.649],[-82.883,30.675],[-82.875,30.68],[-82.825,30.71],[-82.8,30.725],[-82.775,30.74],[-82.725,30.768],[-82.712,30.775],[-82.675,30.795],[-82.625,30.821],[-82.617,30.825],[-82.575,30.846],[-82.525,30.87],[-82.515,30.875],[-82.475,30.894],[-82.425,30.916],[-82.403,30.925],[-82.375,30.937],[-82.325,30.957],[-82.279,30.975],[-82.275,30.976],[-82.225,30.995],[-82.175,31.012],[-82.134,31.025],[-82.125,31.028],[-82.075,31.043],[-82.025,31.057],[-81.975,31.07],[-81.954,31.075],[-81.925,31.082],[-81.875,31.093],[-81.825,31.104],[-81.775,31.113],[-81.725,31.121],[-81.702,31.125],[-81.675,31.129],[-81.625,31.136],[-81.575,31.143],[-81.525,31.149],[-81.497,31.153]]]}},{"type":"Feature","properties":{"date":"2022-03-09","label":"9 Mar","yday":68,"tier":"day","major":false},"geometry":{"type":"MultiLineString","coordinates":[[[-84.474,29.925],[-84.442,29.942]],[[-84.378,29.978],[-84.375,29.98]],[[-84.188,30.088],[-84.175,30.095],[-84.126,30.124]],[[-84.124,30.125],[-84.075,30.155],[-84.041,30.175],[-84.025,30.185],[-83.975,30.216],[-83.96,30.225],[-83.925,30.247],[-83.879,30.275],[-83.875,30.278],[-83.825,30.31],[-83.801,30.325],[-83.775,30.342],[-83.726,30.375],[-83.725,30.375],[-83.675,30.41],[-83.652,30.425],[-83.625,30.444],[-83.582,30.475],[-83.575,30.48],[-83.525,30.517],[-83.514,30.525],[-83.475,30.555],[-83.449,30.575],[-83.425,30.594],[-83.386,30.625],[-83.375,30.634],[-83.325,30.674],[-83.323,30.675],[-83.275,30.714],[-83.261,30.725],[-83.225,30.754],[-83.198,30.775],[-83.175,30.793],[-83.131,30.825],[-83.125,30.83],[-83.075,30.865],[-83.061,30.875],[-83.025,30.899],[-82.984,30.925],[-82.975,30.93],[-82.925,30.96],[-82.899,30.975],[-82.875,30.988],[-82.825,31.016],[-82.807,31.025],[-82.775,31.041],[-82.725,31.066],[-82.707,31.075],[-82.675,31.09],[-82.625,31.114],[-82.601,31.125],[-82.575,31.137],[-82.525,31.159],[-82.488,31.175],[-82.475,31.181],[-82.425,31.202],[-82.375,31.222],[-82.367,31.225],[-82.325,31.241],[-82.275,31.259],[-82.228,31.275],[-82.225,31.276],[-82.175,31.293],[-82.125,31.309],[-82.075,31.324],[-82.073,31.325],[-82.025,31.339],[-81.975,31.352],[-81.925,31.365],[-81.878,31.375],[-81.875,31.376],[-81.825,31.385],[-81.775,31.394],[-81.725,31.401],[-81.675,31.407],[-81.625,31.412],[-81.575,31.417],[-81.525,31.421],[-81.48,31.425],[-81.475,31.425],[-81.425,31.429],[-81.375,31.433],[-81.367,31.433]],[[-81.288,31.438],[-81.275,31.438],[-81.261,31.439]]]}},{"type":"Feature","properties":{"date":"2022-03-10","label":"10 Mar","yday":69,"tier":"day","major":false},"geometry":{"type":"MultiLineString","coordinates":[[[-85.275,29.778],[-85.225,29.794],[-85.175,29.81],[-85.13,29.825],[-85.125,29.827],[-85.075,29.846],[-85.025,29.865],[-85.001,29.875],[-84.975,29.886],[-84.925,29.908],[-84.889,29.925],[-84.875,29.932],[-84.825,29.956],[-84.788,29.975],[-84.775,29.982],[-84.725,30.008],[-84.694,30.025],[-84.675,30.036],[-84.625,30.064],[-84.607,30.075],[-84.575,30.094],[-84.525,30.124],[-84.524,30.125],[-84.475,30.156],[-84.444,30.175],[-84.425,30.187],[-84.375,30.22],[-84.367,30.225],[-84.325,30.253],[-84.291,30.275],[-84.275,30.286],[-84.225,30.319],[-84.215,30.325],[-84.175,30.352],[-84.14,30.375],[-84.125,30.385],[-84.075,30.418],[-84.065,30.425],[-84.025,30.452],[-83.991,30.475],[-83.975,30.486],[-83.925,30.521],[-83.919,30.525],[-83.875,30.557],[-83.85,30.575],[-83.825,30.593],[-83.783,30.625],[-83.775,30.632],[-83.725,30.672],[-83.721,30.675],[-83.675,30.714],[-83.663,30.725],[-83.625,30.76],[-83.608,30.775],[-83.575,30.807],[-83.556,30.825],[-83.525,30.856],[-83.506,30.875],[-83.475,30.906],[-83.455,30.925],[-83.425,30.954],[-83.402,30.975],[-83.375,31.0],[-83.346,31.025],[-83.325,31.042],[-83.283,31.075],[-83.275,31.081],[-83.225,31.116],[-83.211,31.125],[-83.175,31.147],[-83.128,31.175],[-83.125,31.177],[-83.075,31.204],[-83.033,31.225],[-83.025,31.229],[-82.975,31.253],[-82.926,31.275],[-82.925,31.275],[-82.875,31.297],[-82.825,31.318],[-82.808,31.325],[-82.775,31.338],[-82.725,31.358],[-82.681,31.375],[-82.675,31.377],[-82.625,31.397],[-82.575,31.416],[-82.551,31.425],[-82.525,31.435],[-82.475,31.455],[-82.428,31.475],[-82.425,31.477],[-82.375,31.499],[-82.325,31.522],[-82.317,31.525],[-82.275,31.544],[-82.225,31.565],[-82.202,31.575],[-82.175,31.586],[-82.125,31.605],[-82.075,31.623],[-82.067,31.625],[-82.025,31.638],[-81.975,31.653],[-81.925,31.665],[-81.878,31.675],[-81.875,31.676],[-81.825,31.685],[-81.775,31.692],[-81.725,31.699],[-81.675,31.704],[-81.625,31.709],[-81.575,31.712],[-81.525,31.715],[-81.475,31.717],[-81.425,31.718],[-81.375,31.718],[-81.325,31.717],[-81.275,31.715],[-81.225,31.712]]]}},{"type":"Feature","properties":{"date":"2022-03-11","label":"11 Mar","yday":70,"tier":"five","major":false},"geometry":{"type":"MultiLineString","coordinates":[[[-85.386,29.936],[-85.375,29.939],[-85.325,29.955],[-85.275,29.972],[-85.267,29.975],[-85.225,29.991],[-85.175,30.01],[-85.14,30.025],[-85.125,30.031],[-85.075,30.054],[-85.03,30.075],[-85.025,30.077],[-84.975,30.103],[-84.933,30.125],[-84.925,30.129],[-84.875,30.157],[-84.845,30.175],[-84.825,30.187],[-84.775,30.218],[-84.764,30.225],[-84.725,30.25],[-84.688,30.275],[-84.675,30.284],[-84.625,30.319],[-84.616,30.325],[-84.575,30.355],[-84.548,30.375],[-84.525,30.393],[-84.482,30.425],[-84.475,30.431],[-84.425,30.469],[-84.417,30.475],[-84.375,30.508],[-84.353,30.525],[-84.325,30.547],[-84.288,30.575],[-84.275,30.586],[-84.225,30.625],[-84.225,30.625],[-84.175,30.665],[-84.163,30.675],[-84.125,30.706],[-84.101,30.725],[-84.075,30.747],[-84.041,30.775],[-84.025,30.789],[-83.982,30.825],[-83.975,30.831],[-83.927,30.875],[-83.925,30.877],[-83.881,30.925],[-83.875,30.932],[-83.843,30.975],[-83.825,31.001],[-83.808,31.025],[-83.775,31.072],[-83.773,31.075],[-83.735,31.125],[-83.725,31.136],[-83.691,31.175],[-83.675,31.191],[-83.639,31.225],[-83.625,31.237],[-83.577,31.275],[-83.575,31.276],[-83.525,31.31],[-83.502,31.325],[-83.475,31.341],[-83.425,31.368],[-83.413,31.375],[-83.375,31.394],[-83.325,31.417],[-83.308,31.425],[-83.275,31.44],[-83.225,31.461],[-83.19,31.475],[-83.175,31.481],[-83.125,31.5],[-83.075,31.52],[-83.061,31.525],[-83.025,31.538],[-82.975,31.557],[-82.925,31.575],[-82.925,31.575],[-82.875,31.593],[-82.825,31.612],[-82.791,31.625],[-82.775,31.631],[-82.725,31.65],[-82.675,31.671],[-82.664,31.675],[-82.625,31.691],[-82.575,31.713],[-82.549,31.725],[-82.525,31.736],[-82.475,31.758],[-82.439,31.775],[-82.425,31.781],[-82.375,31.803],[-82.325,31.824],[-82.322,31.825],[-82.275,31.843],[-82.225,31.86],[-82.179,31.875],[-82.175,31.876],[-82.125,31.89],[-82.075,31.902],[-82.025,31.914],[-81.975,31.923],[-81.966,31.925],[-81.925,31.932],[-81.875,31.939],[-81.825,31.946],[-81.775,31.952],[-81.725,31.957],[-81.675,31.961],[-81.625,31.965],[-81.575,31.968],[-81.525,31.97],[-81.475,31.972],[-81.425,31.972],[-81.375,31.972],[-81.325,31.971],[-81.275,31.968],[-81.225,31.964],[-81.175,31.957],[-81.125,31.949],[-81.075,31.939],[-81.025,31.928],[-81.014,31.925],[-80.975,31.915]]]}},{"type":"Feature","properties":{"date":"2022-03-12","label":"12 Mar","yday":71,"tier":"day","major":false},"geometry":{"type":"MultiLineString","coordinates":[[[-85.578,30.078],[-85.575,30.078]],[[-85.475,30.11],[-85.432,30.125],[-85.425,30.128],[-85.375,30.147],[-85.325,30.167],[-85.306,30.175],[-85.275,30.189],[-85.225,30.212],[-85.198,30.225],[-85.175,30.237],[-85.125,30.263],[-85.104,30.275],[-85.075,30.292],[-85.025,30.322],[-85.02,30.325],[-84.975,30.355],[-84.944,30.375],[-84.925,30.389],[-84.875,30.425],[-84.875,30.425],[-84.825,30.464],[-84.81,30.475],[-84.775,30.504],[-84.75,30.525],[-84.725,30.547],[-84.694,30.575],[-84.675,30.593],[-84.64,30.625],[-84.625,30.64],[-84.59,30.675],[-84.575,30.691],[-84.542,30.725],[-84.525,30.744],[-84.497,30.775],[-84.475,30.801],[-84.455,30.825],[-84.425,30.863],[-84.416,30.875],[-84.379,30.925],[-84.375,30.932],[-84.346,30.975],[-84.325,31.01],[-84.316,31.025],[-84.288,31.075],[-84.275,31.099],[-84.261,31.125],[-84.235,31.175],[-84.225,31.194],[-84.208,31.225],[-84.179,31.275],[-84.175,31.281],[-84.144,31.325],[-84.125,31.349],[-84.101,31.375],[-84.075,31.398],[-84.041,31.425],[-84.025,31.435],[-83.975,31.464],[-83.955,31.475],[-83.925,31.489],[-83.875,31.51],[-83.84,31.525],[-83.825,31.53],[-83.775,31.549],[-83.725,31.567],[-83.703,31.575],[-83.675,31.584],[-83.625,31.601],[-83.575,31.618],[-83.556,31.625],[-83.525,31.635],[-83.475,31.651],[-83.425,31.668],[-83.405,31.675],[-83.375,31.685],[-83.325,31.701],[-83.275,31.718],[-83.254,31.725],[-83.225,31.735],[-83.175,31.752],[-83.125,31.769],[-83.108,31.775],[-83.075,31.786],[-83.025,31.804],[-82.975,31.822],[-82.968,31.825],[-82.925,31.841],[-82.875,31.86],[-82.837,31.875],[-82.825,31.88],[-82.775,31.899],[-82.725,31.92],[-82.712,31.925],[-82.675,31.94],[-82.625,31.96],[-82.59,31.975],[-82.575,31.981],[-82.525,32.001],[-82.475,32.02],[-82.462,32.025],[-82.425,32.038],[-82.375,32.055],[-82.325,32.07],[-82.308,32.075],[-82.275,32.083],[-82.225,32.095],[-82.175,32.105],[-82.125,32.114],[-82.075,32.123],[-82.059,32.125],[-82.025,32.13],[-81.975,32.137],[-81.925,32.143],[-81.875,32.149],[-81.825,32.154],[-81.775,32.159],[-81.725,32.163],[-81.675,32.167],[-81.625,32.171],[-81.575,32.174],[-81.543,32.175],[-81.525,32.176],[-81.475,32.177],[-81.425,32.178],[-81.375,32.178],[-81.325,32.177],[-81.291,32.175],[-81.275,32.174],[-81.225,32.17],[-81.175,32.165],[-81.125,32.157],[-81.075,32.148],[-81.025,32.136],[-80.979,32.125],[-80.975,32.124],[-80.925,32.11],[-80.898,32.102]]]}},{"type":"Feature","properties":{"date":"2022-03-13","label":"13 Mar","yday":72,"tier":"day","major":false},"geometry":{"type":"MultiLineString","coordinates":[[[-94.633,29.633],[-94.625,29.635],[-94.575,29.646],[-94.525,29.657],[-94.475,29.668]],[[-85.816,30.216],[-85.781,30.225]],[[-85.662,30.262],[-85.625,30.275],[-85.624,30.275],[-85.575,30.294],[-85.525,30.315],[-85.503,30.325],[-85.475,30.338],[-85.425,30.362],[-85.4,30.375],[-85.375,30.388],[-85.325,30.416],[-85.309,30.425],[-85.275,30.446],[-85.228,30.475],[-85.225,30.477],[-85.175,30.511],[-85.155,30.525],[-85.125,30.548],[-85.089,30.575],[-85.075,30.587],[-85.03,30.625],[-85.025,30.629],[-84.976,30.675],[-84.975,30.676],[-84.927,30.725],[-84.925,30.727],[-84.883,30.775],[-84.875,30.784],[-84.842,30.825],[-84.825,30.848],[-84.805,30.875],[-84.775,30.918],[-84.77,30.925],[-84.738,30.975],[-84.725,30.997],[-84.708,31.025],[-84.68,31.075],[-84.675,31.084],[-84.653,31.125],[-84.626,31.175],[-84.625,31.177],[-84.598,31.225],[-84.575,31.265],[-84.569,31.275],[-84.538,31.325],[-84.525,31.344],[-84.504,31.375],[-84.475,31.413],[-84.465,31.425],[-84.425,31.471],[-84.421,31.475],[-84.375,31.52],[-84.37,31.525],[-84.325,31.561],[-84.307,31.575],[-84.275,31.595],[-84.225,31.625],[-84.225,31.625],[-84.175,31.648],[-84.125,31.669],[-84.109,31.675],[-84.075,31.687],[-84.025,31.704],[-83.975,31.72],[-83.961,31.725],[-83.925,31.736],[-83.875,31.75],[-83.825,31.765],[-83.791,31.775],[-83.775,31.779],[-83.725,31.794],[-83.675,31.808],[-83.625,31.823],[-83.617,31.825],[-83.575,31.837],[-83.525,31.851],[-83.475,31.867],[-83.448,31.875],[-83.425,31.882],[-83.375,31.897],[-83.325,31.913],[-83.287,31.925],[-83.275,31.929],[-83.225,31.945],[-83.175,31.961],[-83.135,31.975],[-83.125,31.978],[-83.075,31.995],[-83.025,32.013],[-82.991,32.025],[-82.975,32.031],[-82.925,32.048],[-82.875,32.067],[-82.853,32.075],[-82.825,32.085],[-82.775,32.103],[-82.725,32.122],[-82.717,32.125],[-82.675,32.14],[-82.625,32.158],[-82.577,32.175],[-82.575,32.176],[-82.525,32.192],[-82.475,32.208],[-82.425,32.224],[-82.42,32.225],[-82.375,32.237],[-82.325,32.248],[-82.275,32.258],[-82.225,32.267],[-82.182,32.275],[-82.175,32.276],[-82.125,32.284],[-82.075,32.291],[-82.025,32.298],[-81.975,32.305],[-81.925,32.311],[-81.875,32.317],[-81.825,32.322],[-81.798,32.325],[-81.775,32.327],[-81.725,32.332],[-81.675,32.336],[-81.625,32.34],[-81.575,32.343],[-81.525,32.345],[-81.475,32.347],[-81.425,32.348],[-81.375,32.348],[-81.325,32.348],[-81.275,32.346],[-81.225,32.344],[-81.175,32.34],[-81.125,32.335],[-81.075,32.329],[-81.052,32.325],[-81.025,32.321],[-80.975,32.311],[-80.925,32.3],[-80.875,32.287],[-80.831,32.275],[-80.825,32.273],[-80.788,32.262]],[[-80.678,32.225],[-80.676,32.224]]]}},{"type":"Feature","properties":{"date":"2022-03-14","label":"14 Mar","yday":73,"tier":"day","major":false},"geometry":{"type":"MultiLineString","coordinates":[[[-94.666,29.734],[-94.625,29.744],[-94.575,29.755],[-94.525,29.767],[-94.489,29.775]],[[-89.757,30.257],[-89.725,30.251],[-89.675,30.241],[-89.625,30.231],[-89.599,30.225],[-89.575,30.22],[-89.538,30.212]],[[-89.975,30.286],[-89.925,30.281],[-89.875,30.275],[-89.873,30.275]],[[-87.428,30.325],[-87.426,30.326]],[[-87.423,30.327],[-87.375,30.343],[-87.325,30.358],[-87.275,30.368],[-87.269,30.369]],[[-86.267,30.383],[-86.225,30.389],[-86.194,30.394]],[[-86.09,30.41],[-86.075,30.413],[-86.025,30.421],[-86.005,30.425],[-85.975,30.431],[-85.925,30.443],[-85.875,30.456],[-85.825,30.471],[-85.814,30.475],[-85.775,30.49],[-85.725,30.511],[-85.694,30.525],[-85.675,30.534],[-85.625,30.56],[-85.597,30.575],[-85.575,30.588],[-85.525,30.617],[-85.511,30.625],[-85.475,30.648],[-85.434,30.675],[-85.425,30.681],[-85.375,30.717],[-85.364,30.725],[-85.325,30.755],[-85.3,30.775],[-85.275,30.797],[-85.243,30.825],[-85.225,30.843],[-85.194,30.875],[-85.175,30.897],[-85.152,30.925],[-85.125,30.959],[-85.113,30.975],[-85.077,31.025],[-85.075,31.029],[-85.044,31.075],[-85.025,31.103],[-85.011,31.125],[-84.978,31.175],[-84.975,31.179],[-84.945,31.225],[-84.925,31.254],[-84.911,31.275],[-84.875,31.325],[-84.875,31.325],[-84.836,31.375],[-84.825,31.388],[-84.794,31.425],[-84.775,31.446],[-84.748,31.475],[-84.725,31.497],[-84.697,31.525],[-84.675,31.544],[-84.639,31.575],[-84.625,31.586],[-84.575,31.624],[-84.573,31.625],[-84.525,31.658],[-84.499,31.675],[-84.475,31.689],[-84.425,31.718],[-84.411,31.725],[-84.375,31.743],[-84.325,31.767],[-84.308,31.775],[-84.275,31.789],[-84.225,31.809],[-84.182,31.825],[-84.175,31.827],[-84.125,31.844],[-84.075,31.861],[-84.031,31.875],[-84.025,31.877],[-83.975,31.892],[-83.925,31.906],[-83.875,31.921],[-83.862,31.925],[-83.825,31.935],[-83.775,31.949],[-83.725,31.964],[-83.686,31.975],[-83.675,31.978],[-83.625,31.992],[-83.575,32.007],[-83.525,32.021],[-83.513,32.025],[-83.475,32.036],[-83.425,32.051],[-83.375,32.067],[-83.348,32.075],[-83.325,32.082],[-83.275,32.098],[-83.225,32.114],[-83.191,32.125],[-83.175,32.13],[-83.125,32.146],[-83.075,32.163],[-83.039,32.175],[-83.025,32.18],[-82.975,32.196],[-82.925,32.213],[-82.89,32.225],[-82.875,32.23],[-82.825,32.246],[-82.775,32.263],[-82.738,32.275],[-82.725,32.279],[-82.675,32.294],[-82.625,32.31],[-82.575,32.325],[-82.575,32.325],[-82.525,32.339],[-82.475,32.352],[-82.425,32.365],[-82.381,32.375],[-82.375,32.376],[-82.325,32.387],[-82.275,32.397],[-82.225,32.406],[-82.175,32.415],[-82.125,32.423],[-82.116,32.425],[-82.075,32.431],[-82.025,32.439],[-81.975,32.446],[-81.925,32.453],[-81.875,32.459],[-81.825,32.465],[-81.775,32.471],[-81.74,32.475],[-81.725,32.477],[-81.675,32.481],[-81.625,32.486],[-81.575,32.49],[-81.525,32.493],[-81.475,32.496],[-81.425,32.498],[-81.375,32.499],[-81.325,32.5],[-81.275,32.499],[-81.225,32.498],[-81.175,32.496],[-81.125,32.494],[-81.075,32.49],[-81.025,32.485],[-80.975,32.48],[-80.938,32.475],[-80.925,32.473],[-80.875,32.465],[-80.825,32.456],[-80.775,32.446],[-80.725,32.434],[-80.718,32.432]],[[-80.625,32.403],[-80.575,32.386],[-80.543,32.375],[-80.525,32.369],[-80.516,32.366]]]}},{"type":"Feature","properties":{"date":"2022-03-15","label":"15 Mar","yday":74,"tier":"day","major":false},"geometry":{"type":"MultiLineString","coordinates":[[[-87.824,30.374],[-87.82,30.375],[-87.775,30.39],[-87.725,30.408],[-87.68,30.425],[-87.675,30.427],[-87.625,30.447],[-87.575,30.468],[-87.558,30.475],[-87.525,30.489],[-87.475,30.508],[-87.431,30.525],[-87.425,30.527],[-87.375,30.544],[-87.325,30.558],[-87.275,30.571],[-87.253,30.575],[-87.225,30.58],[-87.219,30.581]],[[-90.629,30.375],[-90.625,30.376],[-90.575,30.382],[-90.525,30.388],[-90.51,30.39]],[[-90.125,30.415],[-90.075,30.414],[-90.025,30.413],[-89.975,30.41],[-89.925,30.406],[-89.875,30.402],[-89.825,30.396],[-89.775,30.389],[-89.725,30.381],[-89.692,30.375],[-89.675,30.372],[-89.625,30.362],[-89.575,30.352],[-89.525,30.341],[-89.475,30.33],[-89.453,30.325],[-89.425,30.319],[-89.389,30.311]],[[-87.14,30.59],[-87.125,30.592],[-87.075,30.594],[-87.025,30.594],[-86.975,30.593],[-86.925,30.592],[-86.875,30.589],[-86.825,30.587],[-86.775,30.586],[-86.725,30.586],[-86.675,30.589],[-86.625,30.595],[-86.575,30.605],[-86.525,30.617],[-86.501,30.625],[-86.475,30.635],[-86.425,30.656],[-86.382,30.675],[-86.375,30.679],[-86.325,30.704],[-86.281,30.725],[-86.275,30.728],[-86.225,30.754],[-86.181,30.775],[-86.175,30.778],[-86.125,30.802],[-86.075,30.823],[-86.071,30.825],[-86.025,30.844],[-85.975,30.863],[-85.943,30.875],[-85.925,30.881],[-85.875,30.9],[-85.825,30.918],[-85.808,30.925],[-85.775,30.938],[-85.725,30.959],[-85.691,30.975],[-85.675,30.982],[-85.625,31.008],[-85.596,31.025],[-85.575,31.037],[-85.525,31.07],[-85.518,31.075],[-85.475,31.107],[-85.453,31.125],[-85.425,31.148],[-85.395,31.175],[-85.375,31.194],[-85.343,31.225],[-85.325,31.243],[-85.295,31.275],[-85.275,31.295],[-85.247,31.325],[-85.225,31.348],[-85.199,31.375],[-85.175,31.399],[-85.15,31.425],[-85.125,31.448],[-85.097,31.475],[-85.075,31.494],[-85.04,31.525],[-85.025,31.537],[-84.979,31.575],[-84.975,31.578],[-84.925,31.615],[-84.912,31.625],[-84.875,31.649],[-84.837,31.675],[-84.825,31.682],[-84.775,31.712],[-84.754,31.725],[-84.725,31.741],[-84.675,31.768],[-84.662,31.775],[-84.625,31.793],[-84.575,31.818],[-84.56,31.825],[-84.525,31.841],[-84.475,31.863],[-84.446,31.875],[-84.425,31.884],[-84.375,31.903],[-84.325,31.922],[-84.318,31.925],[-84.275,31.94],[-84.225,31.957],[-84.175,31.974],[-84.172,31.975],[-84.125,31.99],[-84.075,32.005],[-84.025,32.02],[-84.01,32.025],[-83.975,32.035],[-83.925,32.05],[-83.875,32.064],[-83.837,32.075],[-83.825,32.078],[-83.775,32.093],[-83.725,32.107],[-83.675,32.121],[-83.663,32.125],[-83.625,32.136],[-83.575,32.15],[-83.525,32.165],[-83.492,32.175],[-83.475,32.18],[-83.425,32.195],[-83.375,32.21],[-83.327,32.225],[-83.325,32.226],[-83.275,32.241],[-83.225,32.256],[-83.175,32.272],[-83.166,32.275],[-83.125,32.288],[-83.075,32.304],[-83.025,32.32],[-83.008,32.325],[-82.975,32.335],[-82.925,32.35],[-82.875,32.366],[-82.845,32.375],[-82.825,32.381],[-82.775,32.395],[-82.725,32.41],[-82.675,32.424],[-82.671,32.425],[-82.625,32.437],[-82.575,32.45],[-82.525,32.463],[-82.476,32.475],[-82.475,32.475],[-82.425,32.487],[-82.375,32.498],[-82.325,32.508],[-82.275,32.519],[-82.243,32.525],[-82.225,32.528],[-82.175,32.538],[-82.125,32.546],[-82.075,32.555],[-82.025,32.563],[-81.975,32.571],[-81.952,32.575],[-81.925,32.579],[-81.875,32.586],[-81.825,32.593],[-81.775,32.6],[-81.725,32.606],[-81.675,32.612],[-81.625,32.617],[-81.575,32.622],[-81.544,32.625],[-81.525,32.627],[-81.475,32.63],[-81.425,32.633],[-81.375,32.636],[-81.325,32.638],[-81.275,32.639],[-81.225,32.639],[-81.175,32.639],[-81.125,32.637],[-81.075,32.635],[-81.025,32.632],[-80.975,32.629],[-80.937,32.625],[-80.925,32.624],[-80.875,32.618],[-80.825,32.611],[-80.775,32.603],[-80.725,32.594],[-80.675,32.583],[-80.64,32.575],[-80.625,32.571],[-80.575,32.557],[-80.55,32.55]],[[-80.477,32.527],[-80.475,32.526],[-80.471,32.525]]]}},{"type":"Feature","properties":{"date":"2022-03-16","label":"16 Mar","yday":75,"tier":"index","major":true},"geometry":{"type":"MultiLineString","coordinates":[[[-94.328,30.028],[-94.325,30.028],[-94.275,30.039],[-94.225,30.048],[-94.175,30.057],[-94.136,30.064]],[[-94.059,30.075],[-94.025,30.079],[-94.02,30.08]],[[-88.781,30.381],[-88.775,30.381],[-88.725,30.385],[-88.675,30.39],[-88.625,30.395],[-88.575,30.4],[-88.525,30.406],[-88.475,30.412],[-88.425,30.418],[-88.376,30.424]],[[-90.91,30.46],[-90.875,30.466],[-90.827,30.475],[-90.825,30.475],[-90.775,30.484],[-90.725,30.492],[-90.675,30.499],[-90.625,30.505],[-90.575,30.511],[-90.525,30.516],[-90.475,30.521],[-90.428,30.525],[-90.425,30.525],[-90.375,30.529],[-90.325,30.533],[-90.275,30.536],[-90.225,30.539],[-90.175,30.54],[-90.125,30.541],[-90.075,30.541],[-90.025,30.54],[-89.975,30.538],[-89.925,30.535],[-89.875,30.531],[-89.825,30.526],[-89.817,30.525],[-89.775,30.52],[-89.725,30.513],[-89.675,30.506],[-89.625,30.497],[-89.575,30.488],[-89.525,30.479],[-89.507,30.475],[-89.475,30.468],[-89.425,30.458],[-89.375,30.447],[-89.325,30.436],[-89.275,30.426],[-89.272,30.425],[-89.225,30.415],[-89.175,30.406],[-89.125,30.397],[-89.075,30.389],[-89.025,30.384]],[[-88.368,30.425],[-88.325,30.431],[-88.275,30.439],[-88.225,30.447],[-88.175,30.456],[-88.125,30.467]],[[-87.875,30.54],[-87.825,30.559],[-87.785,30.575],[-87.775,30.579],[-87.725,30.6],[-87.675,30.621],[-87.665,30.625],[-87.625,30.642],[-87.575,30.663],[-87.545,30.675],[-87.525,30.683],[-87.475,30.703],[-87.425,30.721],[-87.414,30.725],[-87.375,30.739],[-87.325,30.755],[-87.275,30.771],[-87.259,30.775],[-87.225,30.785],[-87.175,30.799],[-87.125,30.813],[-87.08,30.825],[-87.075,30.827],[-87.025,30.842],[-86.975,30.859],[-86.931,30.875],[-86.925,30.878],[-86.875,30.9],[-86.827,30.925],[-86.825,30.926],[-86.775,30.957],[-86.749,30.975],[-86.725,30.993],[-86.686,31.025],[-86.675,31.034],[-86.631,31.075],[-86.625,31.081],[-86.58,31.125],[-86.575,31.13],[-86.529,31.175],[-86.525,31.179],[-86.475,31.225],[-86.475,31.225],[-86.425,31.263],[-86.407,31.275],[-86.375,31.292],[-86.325,31.31],[-86.275,31.323],[-86.264,31.325],[-86.225,31.332],[-86.175,31.338],[-86.125,31.344],[-86.075,31.349],[-86.025,31.353],[-85.975,31.358],[-85.925,31.363],[-85.875,31.369],[-85.841,31.375],[-85.825,31.378],[-85.775,31.388],[-85.725,31.402],[-85.675,31.421],[-85.666,31.425],[-85.625,31.442],[-85.575,31.466],[-85.56,31.475],[-85.525,31.493],[-85.475,31.521],[-85.469,31.525],[-85.425,31.55],[-85.384,31.575],[-85.375,31.58],[-85.325,31.61],[-85.301,31.625],[-85.275,31.64],[-85.225,31.669],[-85.216,31.675],[-85.175,31.698],[-85.127,31.725],[-85.125,31.726],[-85.075,31.752],[-85.031,31.775],[-85.025,31.778],[-84.975,31.802],[-84.925,31.825],[-84.925,31.825],[-84.875,31.847],[-84.825,31.868],[-84.81,31.875],[-84.775,31.889],[-84.725,31.909],[-84.687,31.925],[-84.675,31.929],[-84.625,31.949],[-84.575,31.968],[-84.556,31.975],[-84.525,31.986],[-84.475,32.004],[-84.425,32.022],[-84.416,32.025],[-84.375,32.039],[-84.325,32.056],[-84.275,32.072],[-84.265,32.075],[-84.225,32.088],[-84.175,32.103],[-84.125,32.118],[-84.102,32.125],[-84.075,32.133],[-84.025,32.147],[-83.975,32.162],[-83.931,32.175],[-83.925,32.177],[-83.875,32.191],[-83.825,32.205],[-83.775,32.219],[-83.756,32.225],[-83.725,32.234],[-83.675,32.248],[-83.625,32.263],[-83.583,32.275],[-83.575,32.277],[-83.525,32.292],[-83.475,32.306],[-83.425,32.321],[-83.413,32.325],[-83.375,32.336],[-83.325,32.351],[-83.275,32.366],[-83.246,32.375],[-83.225,32.381],[-83.175,32.396],[-83.125,32.411],[-83.081,32.425],[-83.075,32.427],[-83.025,32.441],[-82.975,32.456],[-82.925,32.471],[-82.91,32.475],[-82.875,32.485],[-82.825,32.498],[-82.775,32.512],[-82.725,32.525],[-82.725,32.525],[-82.675,32.538],[-82.625,32.55],[-82.575,32.563],[-82.525,32.575],[-82.524,32.575],[-82.475,32.586],[-82.425,32.598],[-82.375,32.609],[-82.325,32.619],[-82.298,32.625],[-82.275,32.63],[-82.225,32.64],[-82.175,32.65],[-82.125,32.659],[-82.075,32.669],[-82.04,32.675],[-82.025,32.678],[-81.975,32.686],[-81.925,32.695],[-81.875,32.703],[-81.825,32.711],[-81.775,32.719],[-81.73,32.725],[-81.725,32.726],[-81.675,32.732],[-81.625,32.739],[-81.575,32.745],[-81.525,32.75],[-81.475,32.755],[-81.425,32.759],[-81.375,32.763],[-81.325,32.766],[-81.275,32.768],[-81.225,32.77],[-81.175,32.771],[-81.125,32.771],[-81.075,32.77],[-81.025,32.768],[-80.975,32.765],[-80.925,32.761],[-80.875,32.757],[-80.825,32.751],[-80.775,32.744],[-80.725,32.736],[-80.675,32.727],[-80.663,32.725],[-80.625,32.717],[-80.575,32.706],[-80.525,32.695],[-80.475,32.682],[-80.45,32.675],[-80.425,32.668],[-80.375,32.653],[-80.325,32.637],[-80.289,32.625],[-80.275,32.62],[-80.225,32.602],[-80.175,32.584],[-80.169,32.581]]]}},{"type":"Feature","properties":{"date":"2022-03-17","label":"17 Mar","yday":76,"tier":"day","major":false},"geometry":{"type":"MultiLineString","coordinates":[[[-94.375,30.124],[-94.37,30.125],[-94.325,30.134],[-94.275,30.144],[-94.225,30.153],[-94.175,30.162],[-94.125,30.169],[-94.084,30.175],[-94.075,30.176],[-94.025,30.182],[-93.975,30.187],[-93.925,30.19]],[[-91.069,30.569],[-91.041,30.575],[-91.025,30.578],[-90.975,30.588],[-90.925,30.598],[-90.875,30.607],[-90.825,30.615],[-90.775,30.622],[-90.756,30.625],[-90.725,30.629],[-90.675,30.636],[-90.625,30.641],[-90.575,30.647],[-90.525,30.652],[-90.475,30.656],[-90.425,30.66],[-90.375,30.663],[-90.325,30.667],[-90.275,30.669],[-90.225,30.671],[-90.175,30.673],[-90.125,30.674],[-90.075,30.674],[-90.025,30.673],[-89.975,30.672],[-89.925,30.669],[-89.875,30.666],[-89.825,30.663],[-89.775,30.658],[-89.725,30.653],[-89.675,30.646],[-89.625,30.64],[-89.575,30.632],[-89.532,30.625],[-89.525,30.624],[-89.475,30.615],[-89.425,30.607],[-89.375,30.598],[-89.325,30.588],[-89.275,30.579],[-89.252,30.575],[-89.225,30.57],[-89.175,30.562],[-89.125,30.554],[-89.075,30.548],[-89.025,30.543],[-88.975,30.54],[-88.925,30.539],[-88.875,30.539],[-88.825,30.541],[-88.775,30.544],[-88.725,30.549],[-88.675,30.554],[-88.625,30.56],[-88.575,30.566],[-88.525,30.572],[-88.504,30.575],[-88.475,30.579],[-88.425,30.586],[-88.375,30.593],[-88.325,30.601],[-88.275,30.61],[-88.225,30.62],[-88.204,30.625],[-88.175,30.632],[-88.125,30.644],[-88.075,30.659]],[[-87.952,30.702],[-87.925,30.712],[-87.894,30.725],[-87.875,30.733],[-87.825,30.754],[-87.775,30.775],[-87.775,30.775],[-87.725,30.797],[-87.675,30.819],[-87.66,30.825],[-87.625,30.84],[-87.575,30.862],[-87.544,30.875],[-87.525,30.883],[-87.475,30.905],[-87.426,30.925],[-87.425,30.925],[-87.375,30.947],[-87.325,30.968],[-87.308,30.975],[-87.275,30.989],[-87.225,31.011],[-87.195,31.025],[-87.175,31.035],[-87.125,31.059],[-87.095,31.075],[-87.075,31.085],[-87.025,31.114],[-87.006,31.125],[-86.975,31.144],[-86.928,31.175],[-86.925,31.177],[-86.875,31.211],[-86.856,31.225],[-86.825,31.246],[-86.787,31.275],[-86.775,31.283],[-86.725,31.319],[-86.717,31.325],[-86.675,31.354],[-86.644,31.375],[-86.625,31.387],[-86.575,31.417],[-86.561,31.425],[-86.525,31.444],[-86.475,31.468],[-86.46,31.475],[-86.425,31.489],[-86.375,31.508],[-86.327,31.525],[-86.325,31.526],[-86.275,31.541],[-86.225,31.555],[-86.175,31.569],[-86.151,31.575],[-86.125,31.582],[-86.075,31.594],[-86.025,31.606],[-85.975,31.618],[-85.948,31.625],[-85.925,31.63],[-85.875,31.642],[-85.825,31.655],[-85.775,31.669],[-85.753,31.675],[-85.725,31.683],[-85.675,31.697],[-85.625,31.714],[-85.593,31.725],[-85.575,31.731],[-85.525,31.749],[-85.475,31.768],[-85.458,31.775],[-85.425,31.788],[-85.375,31.808],[-85.334,31.825],[-85.325,31.829],[-85.275,31.849],[-85.225,31.87],[-85.213,31.875],[-85.175,31.89],[-85.125,31.91],[-85.085,31.925],[-85.075,31.928],[-85.025,31.945],[-84.975,31.963],[-84.939,31.975],[-84.925,31.98],[-84.875,31.996],[-84.825,32.013],[-84.79,32.025],[-84.775,32.03],[-84.725,32.047],[-84.675,32.063],[-84.641,32.075],[-84.625,32.08],[-84.575,32.097],[-84.525,32.113],[-84.488,32.125],[-84.475,32.129],[-84.425,32.145],[-84.375,32.16],[-84.328,32.175],[-84.325,32.176],[-84.275,32.191],[-84.225,32.206],[-84.175,32.221],[-84.16,32.225],[-84.125,32.235],[-84.075,32.249],[-84.025,32.264],[-83.986,32.275],[-83.975,32.278],[-83.925,32.292],[-83.875,32.306],[-83.825,32.321],[-83.81,32.325],[-83.775,32.335],[-83.725,32.349],[-83.675,32.363],[-83.635,32.375],[-83.625,32.378],[-83.575,32.392],[-83.525,32.406],[-83.475,32.421],[-83.461,32.425],[-83.425,32.435],[-83.375,32.45],[-83.325,32.464],[-83.288,32.475],[-83.275,32.479],[-83.225,32.493],[-83.175,32.508],[-83.125,32.522],[-83.116,32.525],[-83.075,32.537],[-83.025,32.551],[-82.975,32.565],[-82.937,32.575],[-82.925,32.578],[-82.875,32.591],[-82.825,32.604],[-82.775,32.617],[-82.743,32.625],[-82.725,32.629],[-82.675,32.642],[-82.625,32.654],[-82.575,32.666],[-82.537,32.675],[-82.525,32.678],[-82.475,32.689],[-82.425,32.701],[-82.375,32.712],[-82.325,32.723],[-82.315,32.725],[-82.275,32.734],[-82.225,32.744],[-82.175,32.755],[-82.125,32.765],[-82.075,32.775],[-82.074,32.775],[-82.025,32.785],[-81.975,32.794],[-81.925,32.803],[-81.875,32.813],[-81.825,32.821],[-81.804,32.825],[-81.775,32.83],[-81.725,32.838],[-81.675,32.846],[-81.625,32.853],[-81.575,32.86],[-81.525,32.867],[-81.475,32.873],[-81.455,32.875],[-81.425,32.878],[-81.375,32.883],[-81.325,32.888],[-81.275,32.891],[-81.225,32.894],[-81.175,32.897],[-81.125,32.898],[-81.075,32.899],[-81.025,32.898],[-80.975,32.896],[-80.925,32.894],[-80.875,32.89],[-80.825,32.885],[-80.775,32.879],[-80.746,32.875],[-80.725,32.872],[-80.675,32.864],[-80.625,32.856],[-80.575,32.847],[-80.525,32.837],[-80.475,32.826],[-80.469,32.825],[-80.425,32.815],[-80.375,32.802],[-80.325,32.789],[-80.278,32.775],[-80.275,32.774],[-80.225,32.758],[-80.175,32.741],[-80.129,32.725],[-80.125,32.723],[-80.075,32.704],[-80.025,32.683],[-80.005,32.675],[-79.984,32.666]]]}},{"type":"Feature","properties":{"date":"2022-03-18","label":"18 Mar","yday":77,"tier":"day","major":false},"geometry":{"type":"MultiLineString","coordinates":[[[-94.375,30.23],[-94.325,30.239],[-94.275,30.248],[-94.225,30.257],[-94.175,30.265],[-94.125,30.271],[-94.096,30.275],[-94.075,30.278],[-94.025,30.283],[-93.975,30.287],[-93.925,30.29],[-93.875,30.291],[-93.859,30.291]],[[-93.572,30.272],[-93.525,30.266],[-93.475,30.258],[-93.425,30.25],[-93.375,30.242],[-93.325,30.234],[-93.275,30.227],[-93.257,30.225]],[[-91.195,30.695],[-91.175,30.699],[-91.125,30.71],[-91.075,30.72],[-91.05,30.725],[-91.025,30.73],[-90.975,30.739],[-90.925,30.747],[-90.875,30.755],[-90.825,30.762],[-90.775,30.769],[-90.726,30.775],[-90.725,30.775],[-90.675,30.781],[-90.625,30.786],[-90.575,30.791],[-90.525,30.795],[-90.475,30.799],[-90.425,30.802],[-90.375,30.805],[-90.325,30.808],[-90.275,30.811],[-90.225,30.812],[-90.175,30.814],[-90.125,30.815],[-90.075,30.815],[-90.025,30.815],[-89.975,30.814],[-89.925,30.812],[-89.875,30.81],[-89.825,30.808],[-89.775,30.804],[-89.725,30.8],[-89.675,30.796],[-89.625,30.791],[-89.575,30.785],[-89.525,30.779],[-89.49,30.775],[-89.475,30.773],[-89.425,30.767],[-89.375,30.76],[-89.325,30.753],[-89.275,30.747],[-89.225,30.74],[-89.175,30.735],[-89.125,30.73],[-89.075,30.725],[-89.071,30.725],[-89.025,30.722],[-88.975,30.72],[-88.925,30.72],[-88.875,30.72],[-88.825,30.722],[-88.775,30.725],[-88.774,30.725],[-88.725,30.729],[-88.675,30.734],[-88.625,30.74],[-88.575,30.746],[-88.525,30.753],[-88.475,30.76],[-88.425,30.769],[-88.39,30.775],[-88.375,30.778],[-88.325,30.788],[-88.275,30.8],[-88.225,30.812],[-88.18,30.825],[-88.175,30.826],[-88.125,30.842],[-88.075,30.859],[-88.031,30.875],[-88.025,30.877],[-87.975,30.896],[-87.925,30.916],[-87.904,30.925],[-87.875,30.937],[-87.825,30.958],[-87.786,30.975],[-87.775,30.98],[-87.725,31.002],[-87.675,31.024],[-87.673,31.025],[-87.625,31.047],[-87.575,31.069],[-87.562,31.075],[-87.525,31.092],[-87.475,31.115],[-87.453,31.125],[-87.425,31.138],[-87.375,31.162],[-87.348,31.175],[-87.325,31.186],[-87.275,31.211],[-87.248,31.225],[-87.225,31.237],[-87.175,31.263],[-87.154,31.275],[-87.125,31.29],[-87.075,31.319],[-87.064,31.325],[-87.025,31.347],[-86.978,31.375],[-86.975,31.377],[-86.925,31.406],[-86.894,31.425],[-86.875,31.436],[-86.825,31.465],[-86.808,31.475],[-86.775,31.493],[-86.725,31.52],[-86.716,31.525],[-86.675,31.546],[-86.625,31.57],[-86.615,31.575],[-86.575,31.593],[-86.525,31.615],[-86.501,31.625],[-86.475,31.636],[-86.425,31.655],[-86.375,31.675],[-86.374,31.675],[-86.325,31.693],[-86.275,31.711],[-86.234,31.725],[-86.225,31.728],[-86.175,31.745],[-86.125,31.761],[-86.082,31.775],[-86.075,31.777],[-86.025,31.792],[-85.975,31.806],[-85.925,31.819],[-85.901,31.825],[-85.875,31.831],[-85.825,31.843],[-85.775,31.856],[-85.725,31.868],[-85.701,31.875],[-85.675,31.882],[-85.625,31.895],[-85.575,31.909],[-85.525,31.924],[-85.523,31.925],[-85.475,31.939],[-85.425,31.955],[-85.375,31.971],[-85.363,31.975],[-85.325,31.987],[-85.275,32.003],[-85.225,32.019],[-85.207,32.025],[-85.175,32.035],[-85.125,32.05],[-85.075,32.064],[-85.039,32.075],[-85.025,32.079],[-84.975,32.093],[-84.925,32.108],[-84.875,32.123],[-84.867,32.125],[-84.825,32.137],[-84.775,32.152],[-84.725,32.168],[-84.702,32.175],[-84.675,32.183],[-84.625,32.198],[-84.575,32.213],[-84.537,32.225],[-84.525,32.228],[-84.475,32.243],[-84.425,32.258],[-84.375,32.273],[-84.367,32.275],[-84.325,32.287],[-84.275,32.301],[-84.225,32.316],[-84.192,32.325],[-84.175,32.33],[-84.125,32.344],[-84.075,32.358],[-84.025,32.372],[-84.013,32.375],[-83.975,32.386],[-83.925,32.399],[-83.875,32.413],[-83.834,32.425],[-83.825,32.428],[-83.775,32.441],[-83.725,32.456],[-83.675,32.47],[-83.656,32.475],[-83.625,32.484],[-83.575,32.498],[-83.525,32.512],[-83.478,32.525],[-83.475,32.526],[-83.425,32.54],[-83.375,32.553],[-83.325,32.568],[-83.299,32.575],[-83.275,32.581],[-83.225,32.595],[-83.175,32.609],[-83.125,32.623],[-83.119,32.625],[-83.075,32.637],[-83.025,32.65],[-82.975,32.663],[-82.931,32.675],[-82.925,32.677],[-82.875,32.689],[-82.825,32.702],[-82.775,32.714],[-82.731,32.725],[-82.725,32.726],[-82.675,32.739],[-82.625,32.751],[-82.575,32.763],[-82.525,32.775],[-82.523,32.775],[-82.475,32.786],[-82.425,32.798],[-82.375,32.809],[-82.325,32.821],[-82.306,32.825],[-82.275,32.832],[-82.225,32.843],[-82.175,32.854],[-82.125,32.865],[-82.079,32.875],[-82.075,32.876],[-82.025,32.886],[-81.975,32.897],[-81.925,32.907],[-81.875,32.917],[-81.834,32.925],[-81.825,32.927],[-81.775,32.936],[-81.725,32.945],[-81.675,32.954],[-81.625,32.963],[-81.575,32.971],[-81.549,32.975],[-81.525,32.979],[-81.475,32.986],[-81.425,32.993],[-81.375,32.999],[-81.325,33.005],[-81.275,33.011],[-81.225,33.015],[-81.175,33.019],[-81.125,33.023],[-81.075,33.025],[-81.066,33.025],[-81.025,33.026],[-80.975,33.026],[-80.927,33.025],[-80.925,33.025],[-80.875,33.023],[-80.825,33.019],[-80.775,33.015],[-80.725,33.009],[-80.675,33.002],[-80.625,32.994],[-80.575,32.986],[-80.525,32.977],[-80.514,32.975],[-80.475,32.967],[-80.425,32.957],[-80.375,32.945],[-80.325,32.933],[-80.295,32.925],[-80.275,32.92],[-80.225,32.905],[-80.175,32.89],[-80.128,32.875],[-80.125,32.874],[-80.075,32.856],[-80.025,32.837],[-79.996,32.825],[-79.975,32.816]]]}},{"type":"Feature","properties":{"date":"2022-03-19","label":"19 Mar","yday":78,"tier":"day","major":false},"geometry":{"type":"MultiLineString","coordinates":[[[-94.756,30.256],[-94.725,30.263],[-94.675,30.274]],[[-94.427,30.327],[-94.425,30.327],[-94.375,30.336],[-94.325,30.345],[-94.275,30.353],[-94.225,30.361],[-94.175,30.368],[-94.125,30.374],[-94.116,30.375],[-94.075,30.38],[-94.025,30.384],[-93.975,30.388],[-93.925,30.391],[-93.875,30.393],[-93.825,30.394],[-93.775,30.394],[-93.725,30.393],[-93.675,30.391],[-93.625,30.388],[-93.575,30.384],[-93.525,30.38],[-93.479,30.375],[-93.475,30.375],[-93.425,30.369],[-93.375,30.364],[-93.325,30.359],[-93.275,30.355],[-93.225,30.352],[-93.175,30.35],[-93.125,30.349],[-93.075,30.351],[-93.025,30.354],[-92.975,30.358],[-92.925,30.364],[-92.875,30.371],[-92.851,30.375],[-92.825,30.379],[-92.775,30.389],[-92.725,30.399],[-92.675,30.41],[-92.625,30.422],[-92.613,30.425],[-92.575,30.435],[-92.525,30.449],[-92.475,30.463]],[[-91.29,30.84],[-91.275,30.843],[-91.225,30.854],[-91.175,30.864],[-91.125,30.874],[-91.12,30.875],[-91.075,30.883],[-91.025,30.892],[-90.975,30.9],[-90.925,30.907],[-90.875,30.914],[-90.825,30.92],[-90.78,30.925],[-90.775,30.926],[-90.725,30.931],[-90.675,30.936],[-90.625,30.94],[-90.575,30.944],[-90.525,30.947],[-90.475,30.951],[-90.425,30.954],[-90.375,30.956],[-90.325,30.959],[-90.275,30.961],[-90.225,30.963],[-90.175,30.964],[-90.125,30.965],[-90.075,30.966],[-90.025,30.966],[-89.975,30.966],[-89.925,30.965],[-89.875,30.964],[-89.825,30.963],[-89.775,30.961],[-89.725,30.958],[-89.675,30.956],[-89.625,30.953],[-89.575,30.95],[-89.525,30.946],[-89.475,30.942],[-89.425,30.938],[-89.375,30.934],[-89.325,30.93],[-89.275,30.927],[-89.252,30.925],[-89.225,30.923],[-89.175,30.92],[-89.125,30.917],[-89.075,30.915],[-89.025,30.914],[-88.975,30.913],[-88.925,30.914],[-88.875,30.915],[-88.825,30.917],[-88.775,30.921],[-88.725,30.925],[-88.723,30.925],[-88.675,30.93],[-88.625,30.936],[-88.575,30.943],[-88.525,30.951],[-88.475,30.96],[-88.425,30.97],[-88.401,30.975],[-88.375,30.981],[-88.325,30.993],[-88.275,31.006],[-88.225,31.02],[-88.209,31.025],[-88.175,31.036],[-88.125,31.052],[-88.075,31.069],[-88.06,31.075],[-88.025,31.088],[-87.975,31.107],[-87.929,31.125],[-87.925,31.127],[-87.875,31.147],[-87.825,31.168],[-87.808,31.175],[-87.775,31.189],[-87.725,31.211],[-87.693,31.225],[-87.675,31.233],[-87.625,31.255],[-87.58,31.275],[-87.575,31.277],[-87.525,31.3],[-87.475,31.323],[-87.472,31.325],[-87.425,31.347],[-87.375,31.371],[-87.366,31.375],[-87.325,31.394],[-87.275,31.419],[-87.263,31.425],[-87.225,31.443],[-87.175,31.468],[-87.162,31.475],[-87.125,31.493],[-87.075,31.519],[-87.062,31.525],[-87.025,31.544],[-86.975,31.569],[-86.963,31.575],[-86.925,31.593],[-86.875,31.617],[-86.859,31.625],[-86.825,31.64],[-86.775,31.663],[-86.747,31.675],[-86.725,31.685],[-86.675,31.705],[-86.627,31.725],[-86.625,31.726],[-86.575,31.746],[-86.525,31.766],[-86.503,31.775],[-86.475,31.786],[-86.425,31.806],[-86.375,31.825],[-86.375,31.825],[-86.325,31.844],[-86.275,31.862],[-86.238,31.875],[-86.225,31.88],[-86.175,31.896],[-86.125,31.913],[-86.086,31.925],[-86.075,31.928],[-86.025,31.942],[-85.975,31.956],[-85.925,31.968],[-85.897,31.975],[-85.875,31.98],[-85.825,31.992],[-85.775,32.004],[-85.725,32.016],[-85.687,32.025],[-85.675,32.028],[-85.625,32.04],[-85.575,32.052],[-85.525,32.065],[-85.488,32.075],[-85.475,32.078],[-85.425,32.091],[-85.375,32.105],[-85.325,32.118],[-85.299,32.125],[-85.275,32.131],[-85.225,32.144],[-85.175,32.157],[-85.125,32.17],[-85.107,32.175],[-85.075,32.183],[-85.025,32.196],[-84.975,32.209],[-84.925,32.223],[-84.918,32.225],[-84.875,32.237],[-84.825,32.251],[-84.775,32.265],[-84.741,32.275],[-84.725,32.28],[-84.675,32.294],[-84.625,32.308],[-84.575,32.322],[-84.565,32.325],[-84.525,32.336],[-84.475,32.35],[-84.425,32.364],[-84.386,32.375],[-84.375,32.378],[-84.325,32.392],[-84.275,32.405],[-84.225,32.419],[-84.203,32.425],[-84.175,32.432],[-84.125,32.446],[-84.075,32.46],[-84.025,32.473],[-84.018,32.475],[-83.975,32.487],[-83.925,32.5],[-83.875,32.514],[-83.835,32.525],[-83.825,32.528],[-83.775,32.541],[-83.725,32.555],[-83.675,32.569],[-83.654,32.575],[-83.625,32.583],[-83.575,32.596],[-83.525,32.61],[-83.475,32.623],[-83.469,32.625],[-83.425,32.637],[-83.375,32.65],[-83.325,32.663],[-83.282,32.675],[-83.275,32.677],[-83.225,32.69],[-83.175,32.704],[-83.125,32.717],[-83.094,32.725],[-83.075,32.73],[-83.025,32.743],[-82.975,32.756],[-82.925,32.769],[-82.9,32.775],[-82.875,32.781],[-82.825,32.793],[-82.775,32.806],[-82.725,32.818],[-82.697,32.825],[-82.675,32.83],[-82.625,32.842],[-82.575,32.855],[-82.525,32.867],[-82.49,32.875],[-82.475,32.879],[-82.425,32.89],[-82.375,32.902],[-82.325,32.914],[-82.28,32.925],[-82.275,32.926],[-82.225,32.938],[-82.175,32.95],[-82.125,32.961],[-82.075,32.973],[-82.065,32.975],[-82.025,32.984],[-81.975,32.995],[-81.925,33.007],[-81.875,33.018],[-81.84,33.025],[-81.825,33.028],[-81.775,33.039],[-81.725,33.049],[-81.675,33.059],[-81.625,33.069],[-81.592,33.075],[-81.575,33.078],[-81.525,33.087],[-81.475,33.096],[-81.425,33.105],[-81.375,33.113],[-81.325,33.121],[-81.294,33.125],[-81.275,33.128],[-81.225,33.135],[-81.175,33.141],[-81.125,33.146],[-81.075,33.15],[-81.025,33.154],[-80.975,33.156],[-80.925,33.157],[-80.875,33.157],[-80.825,33.155],[-80.775,33.152],[-80.725,33.148],[-80.675,33.143],[-80.625,33.136],[-80.575,33.128],[-80.555,33.125],[-80.525,33.12],[-80.475,33.11],[-80.425,33.099],[-80.375,33.087],[-80.327,33.075],[-80.325,33.075],[-80.275,33.061],[-80.225,33.047],[-80.175,33.031],[-80.155,33.025],[-80.125,33.015],[-80.075,32.999],[-80.025,32.981],[-80.01,32.975],[-79.975,32.961],[-79.925,32.941],[-79.889,32.925],[-79.875,32.919],[-79.825,32.896],[-79.779,32.875],[-79.775,32.873],[-79.725,32.849],[-79.709,32.841]]]}},{"type":"Feature","properties":{"date":"2022-03-20","label":"20 Mar","yday":79,"tier":"day","major":false},"geometry":{"type":"MultiLineString","coordinates":[[[-94.825,30.356],[-94.775,30.367],[-94.74,30.375],[-94.725,30.378],[-94.675,30.389]],[[-94.475,30.428],[-94.425,30.437],[-94.375,30.446],[-94.325,30.453],[-94.275,30.461],[-94.225,30.468],[-94.175,30.474],[-94.164,30.475],[-94.125,30.479],[-94.075,30.485],[-94.025,30.489],[-93.975,30.493],[-93.925,30.497],[-93.875,30.499],[-93.825,30.501],[-93.775,30.503],[-93.725,30.503],[-93.675,30.503],[-93.625,30.503],[-93.575,30.502],[-93.525,30.5],[-93.475,30.499],[-93.425,30.497],[-93.375,30.495],[-93.325,30.494],[-93.275,30.493],[-93.225,30.493],[-93.175,30.494],[-93.125,30.496],[-93.075,30.5],[-93.025,30.505],[-92.975,30.511],[-92.925,30.519],[-92.89,30.525],[-92.875,30.528],[-92.825,30.538],[-92.775,30.549],[-92.725,30.561],[-92.675,30.574],[-92.673,30.575],[-92.625,30.589],[-92.575,30.604],[-92.525,30.621],[-92.512,30.625],[-92.475,30.638],[-92.425,30.656],[-92.377,30.673]],[[-92.372,30.675],[-92.325,30.693],[-92.275,30.711],[-92.239,30.725],[-92.225,30.73],[-92.175,30.749],[-92.125,30.768]],[[-91.356,31.006],[-91.325,31.013],[-91.275,31.024],[-91.268,31.025],[-91.225,31.034],[-91.175,31.043],[-91.125,31.051],[-91.075,31.059],[-91.025,31.066],[-90.975,31.073],[-90.959,31.075],[-90.925,31.079],[-90.875,31.085],[-90.825,31.09],[-90.775,31.094],[-90.725,31.098],[-90.675,31.102],[-90.625,31.105],[-90.575,31.108],[-90.525,31.111],[-90.475,31.113],[-90.425,31.116],[-90.375,31.118],[-90.325,31.12],[-90.275,31.122],[-90.225,31.124],[-90.186,31.125],[-90.175,31.125],[-90.125,31.127],[-90.075,31.127],[-90.025,31.128],[-89.975,31.128],[-89.925,31.129],[-89.875,31.128],[-89.825,31.128],[-89.775,31.127],[-89.725,31.127],[-89.675,31.126],[-89.647,31.125],[-89.625,31.125],[-89.575,31.123],[-89.525,31.122],[-89.475,31.121],[-89.425,31.12],[-89.375,31.118],[-89.325,31.117],[-89.275,31.116],[-89.225,31.115],[-89.175,31.114],[-89.125,31.113],[-89.075,31.113],[-89.025,31.114],[-88.975,31.114],[-88.925,31.116],[-88.875,31.119],[-88.825,31.122],[-88.786,31.125],[-88.775,31.126],[-88.725,31.131],[-88.675,31.137],[-88.625,31.144],[-88.575,31.151],[-88.525,31.16],[-88.475,31.17],[-88.45,31.175],[-88.425,31.18],[-88.375,31.192],[-88.325,31.205],[-88.275,31.218],[-88.252,31.225],[-88.225,31.233],[-88.175,31.248],[-88.125,31.264],[-88.094,31.275],[-88.075,31.281],[-88.025,31.299],[-87.975,31.317],[-87.954,31.325],[-87.925,31.336],[-87.875,31.355],[-87.825,31.375],[-87.825,31.375],[-87.775,31.395],[-87.725,31.416],[-87.703,31.425],[-87.675,31.437],[-87.625,31.458],[-87.584,31.475],[-87.575,31.479],[-87.525,31.5],[-87.475,31.522],[-87.469,31.525],[-87.425,31.544],[-87.375,31.566],[-87.355,31.575],[-87.325,31.588],[-87.275,31.61],[-87.241,31.625],[-87.225,31.632],[-87.175,31.654],[-87.127,31.675],[-87.125,31.676],[-87.075,31.697],[-87.025,31.719],[-87.01,31.725],[-86.975,31.74],[-86.925,31.76],[-86.887,31.775],[-86.875,31.78],[-86.825,31.799],[-86.775,31.818],[-86.756,31.825],[-86.725,31.836],[-86.675,31.854],[-86.625,31.873],[-86.619,31.875]],[[-86.026,32.074],[-86.025,32.075],[-86.023,32.075]],[[-85.575,32.178],[-85.525,32.19],[-85.475,32.201],[-85.425,32.213],[-85.375,32.224],[-85.371,32.225],[-85.325,32.236],[-85.275,32.247],[-85.225,32.259],[-85.175,32.271],[-85.156,32.275],[-85.125,32.282],[-85.075,32.294],[-85.025,32.306],[-84.975,32.319],[-84.951,32.325],[-84.925,32.332],[-84.875,32.345],[-84.825,32.359],[-84.775,32.372],[-84.765,32.375],[-84.725,32.386],[-84.675,32.399],[-84.625,32.412],[-84.578,32.425],[-84.575,32.426],[-84.525,32.439],[-84.475,32.452],[-84.425,32.465],[-84.387,32.475],[-84.375,32.478],[-84.325,32.491],[-84.275,32.504],[-84.225,32.517],[-84.195,32.525],[-84.175,32.53],[-84.125,32.543],[-84.075,32.556],[-84.025,32.569],[-84.004,32.575],[-83.975,32.583],[-83.925,32.596],[-83.875,32.609],[-83.825,32.622],[-83.815,32.625],[-83.775,32.636],[-83.725,32.649],[-83.675,32.662],[-83.628,32.675],[-83.625,32.676],[-83.575,32.689],[-83.525,32.702],[-83.475,32.715],[-83.436,32.725],[-83.425,32.728],[-83.375,32.741],[-83.325,32.754],[-83.275,32.767],[-83.244,32.775],[-83.225,32.78],[-83.175,32.793],[-83.125,32.806],[-83.075,32.818],[-83.049,32.825],[-83.025,32.831],[-82.975,32.844],[-82.925,32.856],[-82.875,32.869],[-82.851,32.875],[-82.825,32.881],[-82.775,32.894],[-82.725,32.906],[-82.675,32.918],[-82.648,32.925],[-82.625,32.931],[-82.575,32.943],[-82.525,32.955],[-82.475,32.968],[-82.445,32.975],[-82.425,32.98],[-82.375,32.992],[-82.325,33.005],[-82.275,33.017],[-82.243,33.025],[-82.225,33.029],[-82.175,33.042],[-82.125,33.054],[-82.075,33.067],[-82.041,33.075],[-82.025,33.079],[-81.975,33.091],[-81.925,33.103],[-81.875,33.115],[-81.833,33.125],[-81.825,33.127],[-81.775,33.138],[-81.725,33.15],[-81.675,33.161],[-81.625,33.172],[-81.611,33.175],[-81.575,33.183],[-81.525,33.193],[-81.475,33.204],[-81.425,33.214],[-81.375,33.224],[-81.371,33.225],[-81.325,33.234],[-81.275,33.244],[-81.225,33.253],[-81.175,33.261],[-81.125,33.269],[-81.082,33.275],[-81.075,33.276],[-81.025,33.282],[-80.975,33.286],[-80.925,33.29],[-80.875,33.292],[-80.825,33.292],[-80.775,33.291],[-80.725,33.289],[-80.675,33.285],[-80.625,33.28],[-80.59,33.275],[-80.575,33.273],[-80.525,33.265],[-80.475,33.255],[-80.425,33.244],[-80.375,33.232],[-80.347,33.225],[-80.325,33.219],[-80.275,33.205],[-80.225,33.189],[-80.181,33.175],[-80.175,33.173],[-80.125,33.156],[-80.075,33.138],[-80.039,33.125],[-80.025,33.12],[-79.975,33.101],[-79.925,33.082],[-79.908,33.075],[-79.875,33.061],[-79.825,33.04],[-79.791,33.025],[-79.775,33.018],[-79.725,32.995],[-79.682,32.975],[-79.675,32.972],[-79.625,32.948]]]}},{"type":"Feature","properties":{"date":"2022-03-21","label":"21 Mar","yday":80,"tier":"five","major":false},"geometry":{"type":"MultiLineString","coordinates":[[[-94.535,30.535],[-94.525,30.537],[-94.475,30.545],[-94.425,30.553],[-94.375,30.56],[-94.325,30.567],[-94.275,30.573],[-94.261,30.575],[-94.225,30.579],[-94.175,30.585],[-94.125,30.59],[-94.075,30.595],[-94.025,30.6],[-93.975,30.605],[-93.925,30.609],[-93.875,30.613],[-93.825,30.616],[-93.775,30.619],[-93.725,30.622],[-93.675,30.624],[-93.662,30.625],[-93.625,30.627],[-93.575,30.629],[-93.525,30.631],[-93.475,30.633],[-93.425,30.635],[-93.375,30.637],[-93.325,30.64],[-93.275,30.643],[-93.225,30.647],[-93.175,30.652],[-93.125,30.659],[-93.075,30.666],[-93.025,30.674],[-93.021,30.675],[-92.975,30.684],[-92.925,30.695],[-92.875,30.707],[-92.825,30.72],[-92.806,30.725],[-92.775,30.734],[-92.725,30.749],[-92.675,30.766],[-92.649,30.775],[-92.625,30.784],[-92.575,30.803],[-92.525,30.823],[-92.52,30.825],[-92.475,30.843],[-92.425,30.864],[-92.397,30.875],[-92.375,30.884],[-92.325,30.905],[-92.275,30.924],[-92.273,30.925],[-92.225,30.944],[-92.175,30.964],[-92.167,30.967]],[[-91.375,31.201],[-91.325,31.211],[-91.275,31.22],[-91.244,31.225],[-91.225,31.228],[-91.175,31.236],[-91.125,31.244],[-91.075,31.25],[-91.025,31.256],[-90.975,31.262],[-90.925,31.267],[-90.875,31.271],[-90.825,31.275],[-90.818,31.275],[-90.775,31.278],[-90.725,31.281],[-90.675,31.283],[-90.625,31.285],[-90.575,31.287],[-90.525,31.289],[-90.475,31.291],[-90.425,31.292],[-90.375,31.294],[-90.325,31.295],[-90.275,31.297],[-90.225,31.298],[-90.175,31.299],[-90.125,31.3],[-90.075,31.301],[-90.025,31.301],[-89.975,31.302],[-89.925,31.302],[-89.875,31.303],[-89.825,31.303],[-89.775,31.303],[-89.725,31.303],[-89.675,31.304],[-89.625,31.304],[-89.575,31.304],[-89.525,31.305],[-89.475,31.305],[-89.425,31.306],[-89.375,31.307],[-89.325,31.308],[-89.275,31.309],[-89.225,31.31],[-89.175,31.31],[-89.125,31.311],[-89.075,31.313],[-89.025,31.315],[-88.975,31.317],[-88.925,31.32],[-88.875,31.324],[-88.859,31.325],[-88.825,31.328],[-88.775,31.333],[-88.725,31.339],[-88.675,31.345],[-88.625,31.353],[-88.575,31.361],[-88.525,31.37],[-88.501,31.375],[-88.475,31.38],[-88.425,31.391],[-88.375,31.403],[-88.325,31.415],[-88.288,31.425],[-88.275,31.428],[-88.225,31.442],[-88.175,31.457],[-88.125,31.472],[-88.116,31.475],[-88.075,31.488],[-88.025,31.505],[-87.975,31.522],[-87.966,31.525],[-87.925,31.539],[-87.875,31.557],[-87.826,31.575],[-87.825,31.575],[-87.775,31.594],[-87.725,31.613],[-87.693,31.625],[-87.675,31.632],[-87.625,31.651],[-87.575,31.671],[-87.564,31.675],[-87.525,31.69],[-87.475,31.71],[-87.437,31.725],[-87.425,31.73],[-87.375,31.749],[-87.325,31.769],[-87.31,31.775],[-87.275,31.789],[-87.225,31.808],[-87.181,31.825],[-87.175,31.827],[-87.125,31.846],[-87.075,31.865],[-87.047,31.875],[-87.025,31.883],[-86.975,31.901],[-86.925,31.918],[-86.906,31.925]],[[-85.592,32.292],[-85.575,32.295],[-85.525,32.305],[-85.475,32.316],[-85.429,32.325],[-85.425,32.326],[-85.375,32.336],[-85.325,32.347],[-85.275,32.357],[-85.225,32.368],[-85.194,32.375],[-85.175,32.379],[-85.125,32.39],[-85.075,32.402],[-85.025,32.413],[-84.977,32.425],[-84.975,32.426],[-84.925,32.438],[-84.875,32.45],[-84.825,32.463],[-84.777,32.475],[-84.775,32.475],[-84.725,32.488],[-84.675,32.5],[-84.625,32.513],[-84.575,32.525],[-84.575,32.525],[-84.525,32.537],[-84.475,32.55],[-84.425,32.562],[-84.375,32.574],[-84.372,32.575],[-84.325,32.587],[-84.275,32.599],[-84.225,32.611],[-84.175,32.624],[-84.17,32.625],[-84.125,32.636],[-84.075,32.649],[-84.025,32.661],[-83.975,32.674],[-83.971,32.675],[-83.925,32.687],[-83.875,32.699],[-83.825,32.712],[-83.776,32.725],[-83.775,32.725],[-83.725,32.738],[-83.675,32.751],[-83.625,32.764],[-83.581,32.775],[-83.575,32.777],[-83.525,32.789],[-83.475,32.802],[-83.425,32.814],[-83.384,32.825],[-83.375,32.827],[-83.325,32.84],[-83.275,32.853],[-83.225,32.865],[-83.187,32.875],[-83.175,32.878],[-83.125,32.891],[-83.075,32.903],[-83.025,32.916],[-82.989,32.925],[-82.975,32.929],[-82.925,32.941],[-82.875,32.954],[-82.825,32.966],[-82.789,32.975],[-82.775,32.979],[-82.725,32.991],[-82.675,33.003],[-82.625,33.016],[-82.589,33.025],[-82.575,33.029],[-82.525,33.041],[-82.475,33.054],[-82.425,33.067],[-82.392,33.075],[-82.375,33.079],[-82.325,33.092],[-82.275,33.105],[-82.225,33.119],[-82.2,33.125],[-82.175,33.132],[-82.125,33.145],[-82.075,33.158],[-82.025,33.171],[-82.011,33.175],[-81.975,33.184],[-81.925,33.197],[-81.875,33.21],[-81.825,33.223],[-81.818,33.225],[-81.775,33.236],[-81.725,33.248],[-81.675,33.261],[-81.625,33.273],[-81.618,33.275],[-81.575,33.286],[-81.525,33.298],[-81.475,33.31],[-81.425,33.323],[-81.416,33.325],[-81.375,33.335],[-81.325,33.347],[-81.275,33.359],[-81.225,33.371],[-81.207,33.375],[-81.175,33.382],[-81.125,33.392],[-81.075,33.402],[-81.025,33.41],[-80.975,33.417],[-80.925,33.423],[-80.901,33.425],[-80.875,33.427],[-80.825,33.43],[-80.775,33.431],[-80.725,33.431],[-80.675,33.428],[-80.629,33.425],[-80.625,33.425],[-80.575,33.419],[-80.525,33.412],[-80.475,33.404],[-80.425,33.394],[-80.375,33.382],[-80.347,33.375],[-80.325,33.369],[-80.275,33.355],[-80.225,33.34],[-80.181,33.325],[-80.175,33.323],[-80.125,33.305],[-80.075,33.287],[-80.044,33.275],[-80.025,33.268],[-79.975,33.248],[-79.925,33.228],[-79.917,33.225],[-79.875,33.208],[-79.825,33.187],[-79.798,33.175],[-79.775,33.165],[-79.725,33.143],[-79.687,33.125],[-79.675,33.119],[-79.625,33.096],[-79.582,33.075],[-79.575,33.072],[-79.543,33.057]]]}},{"type":"Feature","properties":{"date":"2022-03-22","label":"22 Mar","yday":81,"tier":"day","major":false},"geometry":{"type":"MultiLineString","coordinates":[[[-94.689,30.639],[-94.675,30.641],[-94.625,30.649],[-94.575,30.656],[-94.525,30.663],[-94.475,30.67],[-94.437,30.675],[-94.425,30.677],[-94.375,30.683],[-94.325,30.689],[-94.275,30.694],[-94.225,30.7],[-94.175,30.705],[-94.125,30.71],[-94.075,30.715],[-94.025,30.72],[-93.977,30.725],[-93.975,30.725],[-93.925,30.731],[-93.875,30.737],[-93.825,30.743],[-93.775,30.748],[-93.725,30.754],[-93.675,30.76],[-93.625,30.765],[-93.575,30.771],[-93.539,30.775],[-93.525,30.777],[-93.475,30.783],[-93.425,30.789],[-93.375,30.796],[-93.325,30.804],[-93.275,30.812],[-93.225,30.821],[-93.206,30.825],[-93.175,30.832],[-93.125,30.844],[-93.075,30.857],[-93.025,30.872],[-93.014,30.875],[-92.975,30.888],[-92.925,30.905],[-92.875,30.923],[-92.871,30.925],[-92.825,30.943],[-92.775,30.963],[-92.744,30.975],[-92.725,30.983],[-92.675,31.004],[-92.626,31.025],[-92.625,31.025],[-92.575,31.047],[-92.555,31.055]],[[-91.325,31.424],[-91.318,31.425],[-91.275,31.432],[-91.225,31.44],[-91.175,31.446],[-91.125,31.453],[-91.075,31.458],[-91.025,31.463],[-90.975,31.467],[-90.925,31.471],[-90.875,31.474],[-90.849,31.475],[-90.825,31.476],[-90.775,31.478],[-90.725,31.48],[-90.675,31.481],[-90.625,31.482],[-90.575,31.483],[-90.525,31.483],[-90.475,31.483],[-90.425,31.483],[-90.375,31.484],[-90.325,31.484],[-90.275,31.484],[-90.225,31.484],[-90.175,31.484],[-90.125,31.484],[-90.075,31.484],[-90.025,31.484],[-89.975,31.484],[-89.925,31.485],[-89.875,31.485],[-89.825,31.485],[-89.775,31.486],[-89.725,31.487],[-89.675,31.487],[-89.625,31.488],[-89.575,31.489],[-89.525,31.49],[-89.475,31.492],[-89.425,31.493],[-89.375,31.495],[-89.325,31.497],[-89.275,31.499],[-89.225,31.501],[-89.175,31.504],[-89.125,31.506],[-89.075,31.509],[-89.025,31.513],[-88.975,31.516],[-88.925,31.521],[-88.879,31.525],[-88.875,31.525],[-88.825,31.531],[-88.775,31.537],[-88.725,31.543],[-88.675,31.55],[-88.625,31.558],[-88.575,31.567],[-88.529,31.575],[-88.525,31.576],[-88.475,31.586],[-88.425,31.596],[-88.375,31.607],[-88.325,31.619],[-88.301,31.625],[-88.275,31.631],[-88.225,31.644],[-88.175,31.658],[-88.125,31.672],[-88.116,31.675],[-88.075,31.687],[-88.025,31.702],[-87.975,31.718],[-87.952,31.725],[-87.925,31.734],[-87.875,31.75],[-87.825,31.767],[-87.801,31.775],[-87.775,31.784],[-87.725,31.801],[-87.675,31.818],[-87.656,31.825],[-87.625,31.836],[-87.575,31.853],[-87.525,31.871],[-87.514,31.875],[-87.475,31.889],[-87.425,31.906],[-87.375,31.924],[-87.372,31.925]],[[-85.751,32.375],[-85.725,32.38],[-85.675,32.389],[-85.625,32.398],[-85.575,32.407],[-85.525,32.416],[-85.478,32.425],[-85.475,32.425],[-85.425,32.435],[-85.375,32.444],[-85.325,32.454],[-85.275,32.464],[-85.225,32.475],[-85.223,32.475],[-85.175,32.485],[-85.125,32.496],[-85.075,32.507],[-85.025,32.518],[-84.996,32.525],[-84.975,32.53],[-84.925,32.541],[-84.875,32.553],[-84.825,32.564],[-84.777,32.575],[-84.775,32.575],[-84.725,32.587],[-84.675,32.598],[-84.625,32.61],[-84.575,32.621],[-84.558,32.625],[-84.525,32.632],[-84.475,32.644],[-84.425,32.655],[-84.375,32.667],[-84.341,32.675],[-84.325,32.679],[-84.275,32.69],[-84.225,32.702],[-84.175,32.714],[-84.128,32.725],[-84.125,32.726],[-84.075,32.738],[-84.025,32.75],[-83.975,32.762],[-83.925,32.774],[-83.922,32.775],[-83.875,32.786],[-83.825,32.799],[-83.775,32.811],[-83.725,32.824],[-83.719,32.825],[-83.675,32.836],[-83.625,32.848],[-83.575,32.861],[-83.525,32.873],[-83.518,32.875],[-83.475,32.886],[-83.425,32.898],[-83.375,32.91],[-83.325,32.923],[-83.317,32.925],[-83.275,32.935],[-83.225,32.948],[-83.175,32.961],[-83.125,32.973],[-83.118,32.975],[-83.075,32.986],[-83.025,32.998],[-82.975,33.011],[-82.925,33.023],[-82.919,33.025],[-82.875,33.036],[-82.825,33.048],[-82.775,33.061],[-82.725,33.074],[-82.72,33.075],[-82.675,33.086],[-82.625,33.099],[-82.575,33.112],[-82.525,33.125],[-82.525,33.125],[-82.475,33.138],[-82.425,33.151],[-82.375,33.165],[-82.336,33.175],[-82.325,33.178],[-82.275,33.192],[-82.225,33.205],[-82.175,33.219],[-82.155,33.225],[-82.125,33.233],[-82.075,33.248],[-82.025,33.262],[-81.978,33.275],[-81.975,33.276],[-81.925,33.29],[-81.875,33.304],[-81.825,33.317],[-81.797,33.325],[-81.775,33.331],[-81.725,33.345],[-81.675,33.359],[-81.625,33.373],[-81.617,33.375],[-81.575,33.387],[-81.525,33.401],[-81.475,33.416],[-81.444,33.425],[-81.425,33.431],[-81.375,33.445],[-81.325,33.46],[-81.275,33.474],[-81.273,33.475],[-81.225,33.489],[-81.175,33.502],[-81.125,33.515],[-81.083,33.525],[-81.075,33.527],[-81.025,33.538],[-80.975,33.547],[-80.925,33.555],[-80.875,33.562],[-80.825,33.566],[-80.775,33.57],[-80.725,33.571],[-80.675,33.571],[-80.625,33.569],[-80.575,33.566],[-80.525,33.561],[-80.475,33.554],[-80.425,33.546],[-80.375,33.536],[-80.327,33.525],[-80.325,33.525],[-80.275,33.512],[-80.225,33.497],[-80.175,33.482],[-80.155,33.475],[-80.125,33.465],[-80.075,33.447],[-80.025,33.428],[-80.018,33.425],[-79.975,33.408],[-79.925,33.388],[-79.895,33.375],[-79.875,33.367],[-79.825,33.345],[-79.781,33.325],[-79.775,33.322],[-79.725,33.3],[-79.675,33.276],[-79.673,33.275],[-79.625,33.252],[-79.575,33.227],[-79.571,33.225],[-79.525,33.202],[-79.475,33.177],[-79.471,33.175],[-79.425,33.152],[-79.375,33.128],[-79.37,33.125],[-79.339,33.111]]]}},{"type":"Feature","properties":{"date":"2022-03-23","label":"23 Mar","yday":82,"tier":"day","major":false},"geometry":{"type":"MultiLineString","coordinates":[[[-94.771,30.771],[-94.739,30.775],[-94.725,30.777],[-94.675,30.783],[-94.625,30.79],[-94.575,30.796],[-94.525,30.802],[-94.475,30.808],[-94.425,30.814],[-94.375,30.819],[-94.325,30.824],[-94.319,30.825],[-94.275,30.83],[-94.225,30.834],[-94.175,30.839],[-94.125,30.844],[-94.075,30.85],[-94.025,30.856],[-93.975,30.863],[-93.925,30.871],[-93.902,30.875],[-93.875,30.88],[-93.825,30.889],[-93.775,30.899],[-93.725,30.908],[-93.675,30.918],[-93.638,30.925],[-93.625,30.928],[-93.575,30.938],[-93.525,30.949],[-93.475,30.96],[-93.425,30.971],[-93.408,30.975],[-93.375,30.983],[-93.325,30.997],[-93.275,31.011],[-93.23,31.025],[-93.225,31.027],[-93.175,31.046],[-93.125,31.067],[-93.107,31.075],[-93.075,31.091],[-93.025,31.115],[-93.004,31.125],[-92.975,31.139],[-92.925,31.163],[-92.898,31.175],[-92.875,31.186],[-92.825,31.209],[-92.789,31.225],[-92.775,31.231],[-92.725,31.254]],[[-92.424,31.374],[-92.419,31.375],[-92.375,31.389],[-92.325,31.405],[-92.275,31.421]],[[-91.179,31.671],[-91.175,31.671],[-91.14,31.675],[-91.125,31.677],[-91.075,31.681],[-91.025,31.685],[-90.975,31.688],[-90.925,31.69],[-90.875,31.692],[-90.825,31.693],[-90.775,31.693],[-90.725,31.693],[-90.675,31.693],[-90.625,31.692],[-90.575,31.69],[-90.525,31.689],[-90.475,31.687],[-90.425,31.686],[-90.375,31.684],[-90.325,31.682],[-90.275,31.68],[-90.225,31.679],[-90.175,31.678],[-90.125,31.676],[-90.075,31.675],[-90.058,31.675],[-90.025,31.674],[-89.975,31.674],[-89.925,31.674],[-89.875,31.673],[-89.825,31.674],[-89.775,31.674],[-89.725,31.674],[-89.69,31.675],[-89.675,31.675],[-89.625,31.676],[-89.575,31.678],[-89.525,31.679],[-89.475,31.681],[-89.425,31.683],[-89.375,31.685],[-89.325,31.688],[-89.275,31.69],[-89.225,31.693],[-89.175,31.697],[-89.125,31.7],[-89.075,31.704],[-89.025,31.708],[-88.975,31.713],[-88.925,31.718],[-88.875,31.723],[-88.86,31.725],[-88.825,31.729],[-88.775,31.735],[-88.725,31.742],[-88.675,31.749],[-88.625,31.757],[-88.575,31.765],[-88.525,31.774],[-88.52,31.775],[-88.475,31.783],[-88.425,31.793],[-88.375,31.803],[-88.325,31.814],[-88.279,31.825],[-88.275,31.826],[-88.225,31.838],[-88.175,31.85],[-88.125,31.863],[-88.081,31.875],[-88.075,31.877],[-88.025,31.89],[-87.975,31.905],[-87.925,31.919],[-87.906,31.925],[-87.875,31.934],[-87.825,31.95],[-87.775,31.965],[-87.767,31.967]],[[-87.159,32.159],[-87.125,32.168],[-87.102,32.175],[-87.075,32.183],[-87.025,32.197],[-86.975,32.211],[-86.926,32.225],[-86.925,32.225],[-86.925,32.225]],[[-85.995,32.445],[-85.975,32.449],[-85.925,32.458],[-85.875,32.467],[-85.829,32.475],[-85.825,32.476],[-85.775,32.484],[-85.725,32.493],[-85.675,32.501],[-85.625,32.509],[-85.575,32.517],[-85.525,32.525],[-85.524,32.525],[-85.475,32.533],[-85.425,32.542],[-85.375,32.55],[-85.325,32.56],[-85.275,32.569],[-85.247,32.575],[-85.225,32.579],[-85.175,32.589],[-85.125,32.599],[-85.075,32.61],[-85.025,32.62],[-85.002,32.625],[-84.975,32.631],[-84.925,32.641],[-84.875,32.651],[-84.825,32.662],[-84.775,32.672],[-84.762,32.675],[-84.725,32.683],[-84.675,32.693],[-84.625,32.704],[-84.575,32.714],[-84.525,32.725],[-84.525,32.725],[-84.475,32.736],[-84.425,32.746],[-84.375,32.757],[-84.325,32.768],[-84.293,32.775],[-84.275,32.779],[-84.225,32.79],[-84.175,32.801],[-84.125,32.812],[-84.075,32.824],[-84.07,32.825],[-84.025,32.835],[-83.975,32.847],[-83.925,32.859],[-83.875,32.87],[-83.856,32.875],[-83.825,32.882],[-83.775,32.894],[-83.75,32.9]],[[-83.552,32.948],[-83.525,32.955],[-83.475,32.967],[-83.442,32.975],[-83.425,32.979],[-83.375,32.991],[-83.325,33.004],[-83.275,33.016],[-83.24,33.025],[-83.225,33.029],[-83.175,33.041],[-83.125,33.054],[-83.075,33.066],[-83.04,33.075],[-83.025,33.079],[-82.975,33.091],[-82.925,33.104],[-82.875,33.117],[-82.842,33.125],[-82.825,33.129],[-82.775,33.142],[-82.725,33.155],[-82.675,33.168],[-82.647,33.175],[-82.625,33.181],[-82.575,33.194],[-82.525,33.207],[-82.475,33.221],[-82.459,33.225],[-82.425,33.234],[-82.375,33.248],[-82.325,33.262],[-82.28,33.275],[-82.275,33.276],[-82.225,33.291],[-82.175,33.305],[-82.125,33.32],[-82.109,33.325],[-82.075,33.335],[-82.025,33.35],[-81.975,33.365],[-81.942,33.375],[-81.925,33.38],[-81.875,33.395],[-81.825,33.409],[-81.775,33.424],[-81.773,33.425],[-81.725,33.439],[-81.675,33.455],[-81.625,33.471],[-81.611,33.475],[-81.575,33.487],[-81.525,33.503],[-81.475,33.52],[-81.459,33.525],[-81.425,33.537],[-81.375,33.554],[-81.325,33.571],[-81.313,33.575],[-81.275,33.588],[-81.225,33.604],[-81.175,33.62],[-81.16,33.625],[-81.125,33.636],[-81.075,33.65],[-81.025,33.663],[-80.975,33.674],[-80.971,33.675],[-80.925,33.684],[-80.875,33.692],[-80.825,33.699],[-80.775,33.704],[-80.725,33.707],[-80.675,33.709],[-80.625,33.709],[-80.575,33.708],[-80.525,33.706],[-80.475,33.702],[-80.425,33.696],[-80.375,33.689],[-80.325,33.681],[-80.295,33.675],[-80.275,33.671],[-80.225,33.659],[-80.175,33.646],[-80.125,33.632],[-80.104,33.625],[-80.075,33.616],[-80.025,33.598],[-79.975,33.58],[-79.962,33.575],[-79.925,33.561],[-79.875,33.54],[-79.839,33.525],[-79.825,33.519],[-79.775,33.497],[-79.727,33.475],[-79.725,33.474],[-79.675,33.45],[-79.625,33.425],[-79.625,33.425],[-79.575,33.4],[-79.529,33.375],[-79.525,33.373],[-79.475,33.346],[-79.436,33.325],[-79.425,33.319],[-79.375,33.292],[-79.343,33.275],[-79.325,33.266],[-79.306,33.256]],[[-79.246,33.225],[-79.225,33.215]]]}},{"type":"Feature","properties":{"date":"2022-03-24","label":"24 Mar","yday":83,"tier":"day","major":false},"geometry":{"type":"MultiLineString","coordinates":[[[-95.152,30.902],[-95.125,30.903],[-95.075,30.906],[-95.025,30.91],[-94.975,30.914],[-94.925,30.918],[-94.875,30.923],[-94.851,30.925],[-94.825,30.928],[-94.775,30.933],[-94.725,30.939],[-94.675,30.944],[-94.625,30.95],[-94.575,30.956],[-94.525,30.962],[-94.475,30.968],[-94.425,30.973],[-94.409,30.975],[-94.375,30.979],[-94.325,30.985],[-94.275,30.991],[-94.225,30.997],[-94.175,31.004],[-94.125,31.011],[-94.075,31.019],[-94.043,31.025],[-94.025,31.028],[-93.975,31.039],[-93.925,31.051],[-93.875,31.063],[-93.829,31.075],[-93.825,31.076],[-93.775,31.09],[-93.725,31.105],[-93.675,31.119],[-93.656,31.125],[-93.625,31.135],[-93.575,31.151],[-93.525,31.168],[-93.505,31.175],[-93.475,31.186],[-93.425,31.205],[-93.376,31.225],[-93.375,31.225],[-93.325,31.247],[-93.275,31.27],[-93.264,31.275],[-93.225,31.294],[-93.175,31.319],[-93.163,31.325],[-93.125,31.344],[-93.075,31.369],[-93.062,31.375],[-93.025,31.393],[-92.975,31.417],[-92.958,31.425],[-92.925,31.44],[-92.901,31.451]],[[-92.614,31.564],[-92.582,31.575],[-92.575,31.577],[-92.525,31.593],[-92.475,31.609],[-92.425,31.623],[-92.419,31.625],[-92.375,31.638],[-92.325,31.652],[-92.275,31.665],[-92.239,31.675],[-92.225,31.679],[-92.175,31.692],[-92.125,31.705],[-92.075,31.718],[-92.047,31.725],[-92.025,31.731],[-91.975,31.743],[-91.925,31.755],[-91.875,31.768]],[[-90.929,31.921],[-90.925,31.921],[-90.875,31.921],[-90.825,31.921],[-90.775,31.919],[-90.725,31.917],[-90.675,31.914],[-90.625,31.911],[-90.575,31.907],[-90.525,31.903],[-90.475,31.899],[-90.425,31.895],[-90.375,31.891],[-90.325,31.887],[-90.275,31.883],[-90.225,31.879],[-90.175,31.876],[-90.155,31.875],[-90.125,31.873],[-90.075,31.871],[-90.025,31.869],[-89.975,31.867],[-89.925,31.866],[-89.875,31.865],[-89.825,31.865],[-89.775,31.865],[-89.725,31.865],[-89.675,31.866],[-89.625,31.867],[-89.575,31.868],[-89.525,31.87],[-89.475,31.872],[-89.425,31.874],[-89.403,31.875],[-89.375,31.876],[-89.325,31.879],[-89.275,31.882],[-89.225,31.885],[-89.175,31.889],[-89.125,31.893],[-89.075,31.897],[-89.025,31.902],[-88.975,31.906],[-88.925,31.911],[-88.875,31.917],[-88.825,31.922],[-88.804,31.925],[-88.775,31.928],[-88.725,31.935],[-88.675,31.941],[-88.625,31.949],[-88.575,31.956],[-88.525,31.964],[-88.475,31.972],[-88.46,31.975],[-88.425,31.981],[-88.375,31.991],[-88.325,32.0],[-88.275,32.011],[-88.225,32.022],[-88.211,32.025],[-88.175,32.033],[-88.125,32.045],[-88.075,32.057],[-88.025,32.07],[-88.007,32.075],[-87.982,32.082]],[[-87.203,32.303],[-87.175,32.311],[-87.125,32.324],[-87.123,32.325],[-87.075,32.337],[-87.025,32.35],[-86.975,32.363],[-86.925,32.375],[-86.924,32.375],[-86.884,32.384]],[[-86.18,32.53],[-86.175,32.531],[-86.125,32.54],[-86.075,32.55],[-86.025,32.558],[-85.975,32.567],[-85.925,32.575],[-85.923,32.575],[-85.875,32.583],[-85.825,32.59],[-85.775,32.598],[-85.725,32.605],[-85.675,32.612],[-85.625,32.619],[-85.581,32.625],[-85.575,32.626],[-85.525,32.633],[-85.475,32.64],[-85.425,32.648],[-85.375,32.656],[-85.325,32.665],[-85.275,32.674],[-85.27,32.675],[-85.225,32.683],[-85.175,32.692],[-85.125,32.701],[-85.075,32.711],[-85.025,32.72],[-84.999,32.725],[-84.975,32.729],[-84.925,32.739],[-84.875,32.748],[-84.825,32.758],[-84.775,32.767],[-84.733,32.775],[-84.725,32.777],[-84.675,32.786],[-84.625,32.796],[-84.575,32.805],[-84.525,32.815],[-84.475,32.825],[-84.475,32.825],[-84.425,32.835],[-84.375,32.845],[-84.325,32.855],[-84.275,32.865],[-84.229,32.875],[-84.225,32.876],[-84.175,32.886],[-84.125,32.897],[-84.075,32.908],[-84.025,32.919],[-83.997,32.925],[-83.975,32.93],[-83.925,32.941],[-83.875,32.952],[-83.825,32.964],[-83.816,32.966]],[[-83.425,33.058],[-83.375,33.071],[-83.357,33.075],[-83.325,33.083],[-83.275,33.095],[-83.225,33.108],[-83.175,33.12],[-83.156,33.125],[-83.125,33.133],[-83.075,33.145],[-83.025,33.158],[-82.975,33.171],[-82.958,33.175],[-82.925,33.183],[-82.875,33.196],[-82.825,33.209],[-82.775,33.222],[-82.763,33.225],[-82.725,33.235],[-82.675,33.248],[-82.625,33.261],[-82.575,33.275],[-82.573,33.275],[-82.525,33.288],[-82.475,33.302],[-82.425,33.316],[-82.394,33.325],[-82.375,33.33],[-82.325,33.345],[-82.275,33.36],[-82.225,33.375],[-82.225,33.375],[-82.175,33.39],[-82.125,33.406],[-82.075,33.421],[-82.063,33.425],[-82.025,33.437],[-81.975,33.452],[-81.925,33.468],[-81.903,33.475],[-81.875,33.484],[-81.825,33.5],[-81.775,33.516],[-81.747,33.525],[-81.725,33.532],[-81.675,33.549],[-81.625,33.567],[-81.602,33.575],[-81.575,33.585],[-81.525,33.603],[-81.475,33.622],[-81.467,33.625],[-81.425,33.641],[-81.375,33.66],[-81.337,33.675],[-81.325,33.68],[-81.275,33.699],[-81.225,33.717],[-81.204,33.725],[-81.175,33.736],[-81.125,33.753],[-81.075,33.769],[-81.054,33.775],[-81.025,33.784],[-80.975,33.796],[-80.925,33.807],[-80.875,33.816],[-80.825,33.824],[-80.817,33.825],[-80.775,33.83],[-80.725,33.835],[-80.675,33.838],[-80.625,33.841],[-80.575,33.842],[-80.525,33.843],[-80.475,33.842],[-80.425,33.84],[-80.375,33.837],[-80.325,33.832],[-80.275,33.827],[-80.264,33.825],[-80.225,33.82],[-80.175,33.811],[-80.125,33.802],[-80.075,33.791],[-80.025,33.779],[-80.009,33.775],[-79.975,33.765],[-79.925,33.75],[-79.875,33.733],[-79.853,33.725],[-79.825,33.715],[-79.775,33.697],[-79.725,33.676],[-79.723,33.675],[-79.675,33.654],[-79.625,33.63],[-79.615,33.625],[-79.575,33.604],[-79.525,33.576],[-79.523,33.575],[-79.475,33.548],[-79.438,33.525],[-79.425,33.517],[-79.375,33.487],[-79.357,33.475],[-79.325,33.456],[-79.275,33.425],[-79.275,33.425],[-79.225,33.396],[-79.189,33.375],[-79.175,33.367]]]}},{"type":"Feature","properties":{"date":"2022-03-25","label":"25 Mar","yday":84,"tier":"day","major":false},"geometry":{"type":"MultiLineString","coordinates":[[[-94.726,31.124],[-94.725,31.124],[-94.72,31.125]],[[-94.61,31.14],[-94.575,31.145],[-94.525,31.153],[-94.475,31.161],[-94.425,31.169],[-94.393,31.175],[-94.375,31.178],[-94.325,31.188],[-94.275,31.198],[-94.225,31.209],[-94.175,31.22],[-94.156,31.225],[-94.125,31.233],[-94.075,31.247],[-94.025,31.262],[-93.983,31.275],[-93.975,31.278],[-93.925,31.295],[-93.875,31.313],[-93.844,31.325],[-93.825,31.332],[-93.775,31.353],[-93.725,31.373],[-93.721,31.375],[-93.675,31.395],[-93.625,31.418],[-93.609,31.425],[-93.575,31.441],[-93.525,31.464],[-93.502,31.475],[-93.475,31.488],[-93.425,31.512],[-93.397,31.525]],[[-92.825,31.753],[-92.775,31.768],[-92.753,31.775],[-92.725,31.783],[-92.675,31.797],[-92.625,31.81],[-92.575,31.824],[-92.57,31.825],[-92.525,31.836],[-92.475,31.849],[-92.425,31.861],[-92.375,31.874],[-92.369,31.875],[-92.325,31.886],[-92.275,31.898],[-92.225,31.909],[-92.175,31.921],[-92.16,31.925],[-92.125,31.933],[-92.075,31.945],[-92.025,31.957],[-91.975,31.969],[-91.97,31.97]],[[-90.485,32.115],[-90.475,32.114],[-90.425,32.107],[-90.375,32.101],[-90.325,32.094],[-90.275,32.088],[-90.225,32.082],[-90.175,32.077],[-90.154,32.075],[-90.125,32.072],[-90.075,32.068],[-90.025,32.065],[-89.975,32.063],[-89.925,32.061],[-89.875,32.059],[-89.825,32.058],[-89.775,32.058],[-89.725,32.058],[-89.675,32.058],[-89.625,32.059],[-89.575,32.06],[-89.525,32.062],[-89.475,32.063],[-89.425,32.065],[-89.375,32.068],[-89.325,32.07],[-89.275,32.073],[-89.241,32.075],[-89.225,32.076],[-89.175,32.079],[-89.125,32.083],[-89.075,32.087],[-89.025,32.091],[-88.975,32.095],[-88.925,32.1],[-88.875,32.105],[-88.825,32.11],[-88.775,32.115],[-88.725,32.12],[-88.685,32.125],[-88.675,32.126],[-88.625,32.132],[-88.575,32.138],[-88.525,32.145],[-88.475,32.152],[-88.425,32.16],[-88.375,32.168],[-88.336,32.175],[-88.325,32.177],[-88.275,32.186],[-88.225,32.196],[-88.175,32.207],[-88.125,32.218],[-88.119,32.219]],[[-86.714,32.564],[-86.675,32.571],[-86.655,32.575],[-86.625,32.58],[-86.575,32.589],[-86.525,32.598],[-86.475,32.607],[-86.425,32.615],[-86.375,32.623],[-86.366,32.625],[-86.325,32.632],[-86.275,32.64],[-86.225,32.648],[-86.175,32.656],[-86.125,32.664],[-86.075,32.671],[-86.047,32.675],[-86.025,32.678],[-85.975,32.685],[-85.925,32.692],[-85.875,32.698],[-85.825,32.705],[-85.775,32.711],[-85.725,32.717],[-85.675,32.723],[-85.663,32.725],[-85.625,32.73],[-85.575,32.736],[-85.525,32.742],[-85.475,32.749],[-85.425,32.756],[-85.375,32.763],[-85.325,32.771],[-85.297,32.775],[-85.275,32.778],[-85.225,32.786],[-85.175,32.794],[-85.125,32.802],[-85.075,32.81],[-85.025,32.819],[-84.987,32.825],[-84.975,32.827],[-84.925,32.835],[-84.875,32.843],[-84.825,32.852],[-84.775,32.86],[-84.725,32.869],[-84.689,32.875],[-84.675,32.877],[-84.625,32.886],[-84.575,32.895],[-84.525,32.904],[-84.475,32.913],[-84.425,32.922],[-84.408,32.925],[-84.375,32.931],[-84.325,32.941],[-84.275,32.95],[-84.225,32.96],[-84.212,32.962]],[[-84.056,32.994],[-84.025,33.0],[-83.975,33.011],[-83.925,33.022],[-83.91,33.025]],[[-83.425,33.136],[-83.375,33.148],[-83.325,33.161],[-83.275,33.173],[-83.268,33.175],[-83.225,33.186],[-83.175,33.198],[-83.125,33.211],[-83.075,33.223],[-83.069,33.225],[-83.025,33.236],[-82.975,33.249],[-82.925,33.262],[-82.875,33.275],[-82.874,33.275],[-82.825,33.288],[-82.775,33.301],[-82.725,33.314],[-82.684,33.325],[-82.675,33.327],[-82.625,33.341],[-82.575,33.354],[-82.525,33.368],[-82.501,33.375],[-82.475,33.382],[-82.425,33.397],[-82.375,33.412],[-82.331,33.425],[-82.325,33.427],[-82.275,33.442],[-82.225,33.458],[-82.175,33.474],[-82.171,33.475],[-82.125,33.49],[-82.075,33.506],[-82.025,33.522],[-82.016,33.525],[-81.975,33.539],[-81.925,33.555],[-81.875,33.572],[-81.866,33.575],[-81.825,33.589],[-81.775,33.606],[-81.725,33.624],[-81.723,33.625],[-81.675,33.643],[-81.625,33.662],[-81.591,33.675],[-81.575,33.682],[-81.525,33.702],[-81.475,33.722],[-81.469,33.725],[-81.425,33.743],[-81.375,33.764],[-81.349,33.775],[-81.325,33.785],[-81.275,33.806],[-81.228,33.825],[-81.225,33.826],[-81.175,33.846],[-81.125,33.865],[-81.095,33.875],[-81.075,33.882],[-81.025,33.897],[-80.975,33.91],[-80.925,33.922],[-80.907,33.925],[-80.875,33.931],[-80.825,33.938],[-80.775,33.945],[-80.725,33.951],[-80.675,33.956],[-80.625,33.961],[-80.575,33.965],[-80.525,33.968],[-80.475,33.97],[-80.425,33.971],[-80.375,33.972],[-80.325,33.971],[-80.275,33.97],[-80.225,33.969],[-80.175,33.967],[-80.125,33.965],[-80.075,33.963],[-80.025,33.96],[-79.975,33.957],[-79.925,33.953],[-79.875,33.948],[-79.825,33.941],[-79.775,33.933],[-79.736,33.925],[-79.725,33.923],[-79.675,33.909],[-79.625,33.892],[-79.585,33.875],[-79.575,33.871],[-79.525,33.846],[-79.489,33.825],[-79.475,33.817],[-79.425,33.785],[-79.412,33.775],[-79.375,33.749],[-79.344,33.725],[-79.325,33.711],[-79.28,33.675],[-79.275,33.671],[-79.225,33.631],[-79.217,33.625],[-79.175,33.593],[-79.152,33.575],[-79.125,33.556],[-79.082,33.525],[-79.078,33.522]]]}},{"type":"Feature","properties":{"date":"2022-03-26","label":"26 Mar","yday":85,"tier":"five","major":false},"geometry":{"type":"MultiLineString","coordinates":[[[-94.475,31.409],[-94.425,31.423],[-94.419,31.425],[-94.375,31.439],[-94.325,31.456],[-94.275,31.474],[-94.273,31.475],[-94.225,31.494],[-94.175,31.514],[-94.15,31.525],[-94.125,31.536],[-94.075,31.559],[-94.04,31.575],[-94.025,31.582],[-93.975,31.607],[-93.938,31.625]],[[-92.975,31.975],[-92.973,31.975],[-92.925,31.985],[-92.875,31.995],[-92.825,32.005],[-92.775,32.015],[-92.725,32.025],[-92.723,32.025],[-92.675,32.034],[-92.625,32.044],[-92.575,32.054],[-92.525,32.064],[-92.475,32.074],[-92.468,32.075],[-92.425,32.083],[-92.375,32.094],[-92.325,32.104],[-92.275,32.114],[-92.226,32.125],[-92.225,32.125],[-92.175,32.136],[-92.125,32.147],[-92.075,32.158],[-92.061,32.161]],[[-90.081,32.269],[-90.075,32.269],[-90.025,32.264],[-89.975,32.261],[-89.925,32.259],[-89.875,32.257],[-89.825,32.256],[-89.775,32.255],[-89.725,32.254],[-89.675,32.254],[-89.625,32.254],[-89.575,32.254]],[[-89.341,32.259],[-89.325,32.26],[-89.275,32.261],[-89.225,32.263],[-89.175,32.266],[-89.125,32.268],[-89.075,32.271],[-89.025,32.274],[-89.016,32.275],[-88.975,32.278],[-88.925,32.281],[-88.875,32.285],[-88.825,32.289],[-88.775,32.293],[-88.725,32.297],[-88.675,32.301],[-88.625,32.305],[-88.575,32.31],[-88.525,32.315],[-88.475,32.321],[-88.449,32.325],[-88.425,32.328],[-88.375,32.336],[-88.325,32.344],[-88.275,32.353],[-88.225,32.363],[-88.175,32.373]],[[-87.003,32.653],[-86.975,32.658],[-86.925,32.668],[-86.885,32.675],[-86.875,32.677],[-86.825,32.686],[-86.775,32.694],[-86.725,32.703],[-86.675,32.711],[-86.625,32.719],[-86.583,32.725],[-86.575,32.726],[-86.525,32.734],[-86.475,32.741],[-86.425,32.748],[-86.375,32.755],[-86.325,32.761],[-86.275,32.768],[-86.225,32.774],[-86.22,32.775],[-86.175,32.781],[-86.125,32.787],[-86.075,32.793],[-86.025,32.798],[-85.975,32.804],[-85.925,32.809],[-85.875,32.815],[-85.825,32.82],[-85.778,32.825],[-85.775,32.825],[-85.725,32.831],[-85.675,32.836],[-85.625,32.841],[-85.575,32.846],[-85.525,32.852],[-85.475,32.858],[-85.425,32.864],[-85.375,32.87],[-85.333,32.875],[-85.325,32.876],[-85.275,32.882],[-85.225,32.889],[-85.175,32.896],[-85.125,32.903],[-85.075,32.909],[-85.025,32.916],[-84.975,32.924],[-84.965,32.925],[-84.925,32.931],[-84.875,32.938],[-84.825,32.945],[-84.775,32.952],[-84.725,32.96],[-84.675,32.967],[-84.625,32.975],[-84.625,32.975],[-84.575,32.983],[-84.525,32.991],[-84.475,32.999],[-84.425,33.007],[-84.375,33.016],[-84.325,33.025],[-84.323,33.025]],[[-83.425,33.213],[-83.378,33.225],[-83.375,33.226],[-83.325,33.238],[-83.275,33.25],[-83.225,33.263],[-83.177,33.275],[-83.175,33.276],[-83.125,33.288],[-83.075,33.301],[-83.025,33.314],[-82.983,33.325],[-82.975,33.327],[-82.925,33.34],[-82.875,33.353],[-82.825,33.366],[-82.792,33.375]],[[-82.492,33.458],[-82.475,33.463],[-82.434,33.475],[-82.425,33.478],[-82.375,33.493],[-82.325,33.509],[-82.275,33.524],[-82.273,33.525],[-82.225,33.541],[-82.175,33.557],[-82.125,33.573],[-82.12,33.575],[-82.075,33.59],[-82.025,33.607],[-81.975,33.624],[-81.972,33.625],[-81.925,33.642],[-81.875,33.659],[-81.832,33.675],[-81.825,33.677],[-81.775,33.696],[-81.725,33.715],[-81.701,33.725],[-81.675,33.735],[-81.625,33.756],[-81.58,33.775],[-81.575,33.777],[-81.525,33.799],[-81.475,33.82],[-81.465,33.825],[-81.425,33.842],[-81.375,33.864],[-81.351,33.875],[-81.325,33.886],[-81.275,33.908],[-81.234,33.925],[-81.225,33.929],[-81.175,33.949],[-81.125,33.968],[-81.104,33.975],[-81.075,33.985],[-81.025,34.0],[-80.975,34.013],[-80.925,34.024],[-80.921,34.025],[-80.875,34.034],[-80.825,34.042],[-80.775,34.05],[-80.725,34.057],[-80.675,34.063],[-80.625,34.069],[-80.575,34.075],[-80.573,34.075],[-80.525,34.08],[-80.475,34.084],[-80.425,34.088],[-80.375,34.092],[-80.325,34.096],[-80.275,34.099],[-80.225,34.103],[-80.175,34.107],[-80.125,34.111],[-80.075,34.116],[-80.025,34.122],[-79.998,34.125],[-79.975,34.128],[-79.925,34.135],[-79.875,34.142],[-79.825,34.15],[-79.775,34.158],[-79.725,34.165],[-79.675,34.169],[-79.625,34.171],[-79.575,34.17],[-79.525,34.167],[-79.475,34.162],[-79.425,34.154],[-79.375,34.142],[-79.325,34.127],[-79.318,34.125],[-79.275,34.107],[-79.225,34.078],[-79.221,34.075],[-79.175,34.032],[-79.169,34.025],[-79.133,33.975],[-79.125,33.964],[-79.102,33.925],[-79.075,33.881],[-79.072,33.875],[-79.04,33.825],[-79.025,33.804],[-79.005,33.775],[-78.975,33.739],[-78.964,33.725],[-78.925,33.685],[-78.92,33.68]]]}},{"type":"Feature","properties":{"date":"2022-03-27","label":"27 Mar","yday":86,"tier":"day","major":false},"geometry":{"type":"MultiLineString","coordinates":[[[-93.025,32.209],[-92.975,32.214],[-92.925,32.22],[-92.876,32.225],[-92.875,32.225],[-92.825,32.231],[-92.775,32.237],[-92.725,32.243],[-92.675,32.249],[-92.625,32.256],[-92.575,32.264],[-92.525,32.272],[-92.504,32.275],[-92.475,32.28],[-92.425,32.288],[-92.375,32.296],[-92.351,32.301]],[[-89.153,32.447],[-89.125,32.448],[-89.075,32.449],[-89.025,32.45],[-88.975,32.452],[-88.925,32.453],[-88.875,32.455],[-88.825,32.457],[-88.775,32.46],[-88.725,32.462],[-88.675,32.465],[-88.625,32.468],[-88.575,32.471],[-88.536,32.475],[-88.525,32.476],[-88.475,32.482],[-88.425,32.489],[-88.375,32.496],[-88.325,32.505],[-88.275,32.514],[-88.225,32.523],[-88.223,32.523]],[[-87.494,32.694],[-87.475,32.699],[-87.425,32.71],[-87.375,32.722],[-87.36,32.725],[-87.325,32.733],[-87.275,32.743],[-87.225,32.754],[-87.175,32.764],[-87.125,32.774],[-87.118,32.775],[-87.075,32.783],[-87.025,32.792],[-86.975,32.801],[-86.925,32.81],[-86.875,32.818],[-86.832,32.825],[-86.825,32.826],[-86.775,32.834],[-86.725,32.841],[-86.675,32.848],[-86.625,32.855],[-86.575,32.861],[-86.525,32.867],[-86.475,32.873],[-86.459,32.875],[-86.425,32.879],[-86.375,32.884],[-86.325,32.89],[-86.275,32.895],[-86.225,32.9],[-86.175,32.905],[-86.125,32.909],[-86.075,32.914],[-86.025,32.918],[-85.975,32.923],[-85.949,32.925],[-85.925,32.927],[-85.875,32.931],[-85.825,32.936],[-85.775,32.94],[-85.725,32.944],[-85.675,32.948],[-85.625,32.953],[-85.575,32.957],[-85.525,32.961],[-85.475,32.966],[-85.425,32.971],[-85.384,32.975],[-85.375,32.976],[-85.325,32.981],[-85.275,32.986],[-85.225,32.992],[-85.175,32.997],[-85.125,33.002],[-85.075,33.008],[-85.025,33.014],[-84.975,33.02],[-84.929,33.025],[-84.925,33.025],[-84.875,33.031],[-84.825,33.037],[-84.775,33.044],[-84.725,33.05],[-84.675,33.057],[-84.625,33.063],[-84.575,33.07],[-84.541,33.075],[-84.525,33.077],[-84.475,33.085],[-84.425,33.092],[-84.397,33.097]],[[-83.339,33.311],[-83.325,33.315],[-83.284,33.325]],[[-83.137,33.363],[-83.125,33.366],[-83.089,33.375]],[[-82.376,33.574],[-82.375,33.574],[-82.373,33.575],[-82.325,33.59],[-82.275,33.607],[-82.225,33.623],[-82.219,33.625],[-82.175,33.64],[-82.125,33.657],[-82.075,33.674],[-82.072,33.675],[-82.025,33.692],[-81.975,33.709],[-81.932,33.725],[-81.925,33.728],[-81.875,33.746],[-81.825,33.766],[-81.802,33.775],[-81.775,33.786],[-81.725,33.806],[-81.68,33.825],[-81.675,33.827],[-81.625,33.849],[-81.575,33.871],[-81.565,33.875],[-81.525,33.893],[-81.475,33.915],[-81.454,33.925],[-81.425,33.938],[-81.375,33.96],[-81.342,33.975],[-81.325,33.982],[-81.275,34.004],[-81.225,34.024],[-81.223,34.025],[-81.175,34.044],[-81.125,34.062],[-81.085,34.075],[-81.075,34.078],[-81.025,34.093],[-80.975,34.106],[-80.925,34.118],[-80.894,34.125],[-80.875,34.129],[-80.825,34.139],[-80.775,34.147],[-80.725,34.156],[-80.675,34.163],[-80.625,34.17],[-80.591,34.175],[-80.575,34.177],[-80.525,34.184],[-80.475,34.191],[-80.425,34.197],[-80.375,34.204],[-80.325,34.211],[-80.275,34.218],[-80.228,34.225],[-80.225,34.225],[-80.175,34.233],[-80.125,34.242],[-80.075,34.251],[-80.025,34.262],[-79.975,34.273],[-79.969,34.275],[-79.925,34.286],[-79.875,34.299],[-79.825,34.313],[-79.785,34.325],[-79.775,34.328],[-79.725,34.343],[-79.675,34.357],[-79.625,34.373],[-79.617,34.375],[-79.575,34.388],[-79.525,34.404],[-79.475,34.42],[-79.462,34.425],[-79.425,34.437],[-79.375,34.455],[-79.325,34.473],[-79.319,34.475],[-79.275,34.49],[-79.225,34.506],[-79.175,34.521],[-79.162,34.525],[-79.125,34.534],[-79.075,34.544],[-79.025,34.55],[-78.975,34.553],[-78.925,34.553],[-78.875,34.55],[-78.825,34.545],[-78.775,34.537],[-78.725,34.527],[-78.718,34.525],[-78.675,34.51],[-78.625,34.488],[-78.602,34.475],[-78.575,34.453],[-78.545,34.425],[-78.525,34.393],[-78.514,34.375],[-78.503,34.325],[-78.506,34.275],[-78.522,34.225],[-78.525,34.218],[-78.544,34.175],[-78.571,34.125],[-78.575,34.118],[-78.598,34.075],[-78.623,34.025],[-78.625,34.018],[-78.64,33.975],[-78.65,33.925],[-78.648,33.875],[-78.642,33.858]]]}},{"type":"Feature","properties":{"date":"2022-03-28","label":"28 Mar","yday":87,"tier":"day","major":false},"geometry":{"type":"MultiLineString","coordinates":[[[-88.88,32.62],[-88.875,32.62],[-88.825,32.62],[-88.775,32.621],[-88.725,32.622],[-88.675,32.624],[-88.654,32.625],[-88.625,32.626],[-88.575,32.63],[-88.525,32.634],[-88.475,32.64],[-88.425,32.646],[-88.375,32.653],[-88.325,32.661],[-88.313,32.663]],[[-87.574,32.824],[-87.571,32.825],[-87.525,32.835],[-87.475,32.846],[-87.425,32.857],[-87.375,32.867],[-87.334,32.875],[-87.325,32.877],[-87.275,32.887],[-87.225,32.896],[-87.175,32.905],[-87.125,32.914],[-87.075,32.923],[-87.063,32.925],[-87.025,32.931],[-86.975,32.94],[-86.925,32.948],[-86.875,32.955],[-86.825,32.962],[-86.775,32.969],[-86.732,32.975],[-86.725,32.976],[-86.675,32.982],[-86.625,32.988],[-86.575,32.993],[-86.525,32.998],[-86.475,33.003],[-86.425,33.007],[-86.375,33.012],[-86.325,33.016],[-86.275,33.02],[-86.225,33.024],[-86.206,33.025],[-86.175,33.027],[-86.125,33.031],[-86.075,33.034],[-86.025,33.038],[-85.975,33.041],[-85.925,33.044],[-85.875,33.048],[-85.825,33.051],[-85.775,33.054],[-85.725,33.057],[-85.675,33.061],[-85.625,33.064],[-85.575,33.068],[-85.525,33.071],[-85.475,33.075],[-85.47,33.075],[-85.425,33.078],[-85.375,33.082],[-85.325,33.086],[-85.275,33.09],[-85.225,33.094],[-85.175,33.098],[-85.125,33.102],[-85.075,33.107],[-85.025,33.111],[-84.975,33.115],[-84.925,33.12],[-84.875,33.125],[-84.873,33.125],[-84.825,33.13],[-84.784,33.134]],[[-82.399,33.649],[-82.375,33.656],[-82.325,33.672],[-82.317,33.675],[-82.275,33.689],[-82.225,33.706],[-82.175,33.723],[-82.169,33.725],[-82.125,33.74],[-82.075,33.758],[-82.028,33.775],[-82.025,33.776],[-81.975,33.795],[-81.925,33.814],[-81.896,33.825],[-81.875,33.833],[-81.825,33.854],[-81.775,33.874],[-81.774,33.875],[-81.725,33.896],[-81.675,33.917],[-81.658,33.925],[-81.625,33.94],[-81.575,33.962],[-81.547,33.975],[-81.525,33.985],[-81.475,34.008],[-81.436,34.025],[-81.425,34.03],[-81.375,34.052],[-81.325,34.074],[-81.322,34.075],[-81.275,34.095],[-81.225,34.114],[-81.197,34.125],[-81.175,34.133],[-81.125,34.151],[-81.075,34.167],[-81.049,34.175]],[[-81.015,34.185],[-80.975,34.196],[-80.925,34.209],[-80.875,34.221],[-80.854,34.225],[-80.825,34.231],[-80.775,34.241],[-80.725,34.251],[-80.675,34.26],[-80.625,34.268],[-80.583,34.275],[-80.575,34.276],[-80.525,34.285],[-80.475,34.294],[-80.425,34.303],[-80.375,34.312],[-80.325,34.321],[-80.306,34.325],[-80.275,34.331],[-80.225,34.341],[-80.175,34.351],[-80.125,34.363],[-80.076,34.375],[-80.075,34.375],[-80.025,34.389],[-79.975,34.404],[-79.925,34.419],[-79.908,34.425],[-79.875,34.436],[-79.825,34.455],[-79.775,34.474],[-79.772,34.475],[-79.725,34.494],[-79.675,34.514],[-79.649,34.525],[-79.625,34.535],[-79.575,34.556],[-79.531,34.575],[-79.525,34.578],[-79.475,34.598],[-79.425,34.62],[-79.412,34.625],[-79.375,34.639],[-79.325,34.657],[-79.275,34.674],[-79.273,34.675],[-79.225,34.688],[-79.175,34.7],[-79.125,34.711],[-79.075,34.719],[-79.034,34.725],[-79.025,34.726],[-78.975,34.731],[-78.925,34.734],[-78.875,34.736],[-78.825,34.736],[-78.775,34.736],[-78.725,34.734],[-78.675,34.731],[-78.625,34.726],[-78.616,34.725],[-78.575,34.719],[-78.525,34.711],[-78.475,34.7],[-78.425,34.688],[-78.375,34.675],[-78.375,34.675],[-78.325,34.659],[-78.275,34.643],[-78.225,34.627],[-78.218,34.625],[-78.175,34.61],[-78.125,34.594],[-78.075,34.579],[-78.057,34.575],[-78.025,34.566],[-77.975,34.553],[-77.925,34.543],[-77.875,34.535],[-77.825,34.528],[-77.799,34.525],[-77.775,34.522],[-77.725,34.517],[-77.675,34.514],[-77.625,34.512],[-77.575,34.512],[-77.525,34.514],[-77.475,34.516],[-77.431,34.519]]]}},{"type":"Feature","properties":{"date":"2022-03-29","label":"29 Mar","yday":88,"tier":"day","major":false},"geometry":{"type":"MultiLineString","coordinates":[[[-89.675,32.855],[-89.625,32.848],[-89.575,32.841],[-89.525,32.834]],[[-87.575,32.966],[-87.531,32.975],[-87.525,32.976],[-87.475,32.986],[-87.425,32.996],[-87.375,33.005],[-87.325,33.014],[-87.275,33.023],[-87.262,33.025],[-87.225,33.031],[-87.175,33.04],[-87.125,33.048],[-87.075,33.056],[-87.025,33.064],[-86.975,33.072],[-86.957,33.075],[-86.925,33.08],[-86.875,33.087],[-86.825,33.094],[-86.775,33.1],[-86.725,33.106],[-86.675,33.112],[-86.625,33.117],[-86.575,33.121],[-86.53,33.125],[-86.525,33.125],[-86.475,33.129],[-86.425,33.133],[-86.375,33.136],[-86.325,33.14],[-86.275,33.143],[-86.225,33.146],[-86.175,33.148],[-86.125,33.151],[-86.075,33.154],[-86.025,33.156],[-85.975,33.159],[-85.925,33.161],[-85.875,33.164],[-85.825,33.166],[-85.775,33.169],[-85.725,33.171],[-85.675,33.173],[-85.643,33.175],[-85.625,33.176],[-85.575,33.178],[-85.525,33.181],[-85.475,33.183],[-85.425,33.186],[-85.375,33.189],[-85.325,33.191],[-85.275,33.194],[-85.225,33.197],[-85.175,33.2],[-85.125,33.203],[-85.075,33.205],[-85.025,33.209],[-84.975,33.212],[-84.963,33.213]],[[-82.425,33.722],[-82.417,33.725],[-82.375,33.738],[-82.325,33.755],[-82.275,33.772],[-82.265,33.775],[-82.225,33.789],[-82.175,33.806],[-82.125,33.824],[-82.122,33.825],[-82.075,33.842],[-82.025,33.861],[-81.988,33.875],[-81.975,33.88],[-81.925,33.9],[-81.875,33.92],[-81.863,33.925],[-81.825,33.941],[-81.775,33.962],[-81.746,33.975],[-81.725,33.984],[-81.675,34.007],[-81.634,34.025],[-81.625,34.029],[-81.575,34.052],[-81.525,34.075],[-81.524,34.075],[-81.475,34.097],[-81.425,34.119],[-81.412,34.125],[-81.375,34.141],[-81.325,34.162],[-81.293,34.175]],[[-80.894,34.306],[-80.875,34.311],[-80.825,34.323],[-80.815,34.325],[-80.775,34.334],[-80.725,34.345],[-80.675,34.355],[-80.625,34.366],[-80.579,34.375],[-80.575,34.376],[-80.525,34.386],[-80.475,34.397],[-80.425,34.407],[-80.375,34.418],[-80.345,34.425],[-80.325,34.429],[-80.275,34.441],[-80.225,34.453],[-80.175,34.466],[-80.141,34.475],[-80.125,34.48],[-80.075,34.494],[-80.025,34.511],[-79.983,34.525],[-79.975,34.528],[-79.925,34.546],[-79.875,34.565],[-79.851,34.575],[-79.825,34.585],[-79.775,34.606],[-79.731,34.625],[-79.725,34.627],[-79.675,34.649],[-79.625,34.67],[-79.615,34.675],[-79.575,34.692],[-79.525,34.713],[-79.497,34.725],[-79.475,34.734],[-79.425,34.753],[-79.375,34.772],[-79.365,34.775],[-79.325,34.787],[-79.275,34.8],[-79.225,34.812],[-79.175,34.823],[-79.164,34.825],[-79.125,34.832],[-79.075,34.84],[-79.025,34.847],[-78.975,34.853],[-78.925,34.858],[-78.875,34.862],[-78.825,34.865],[-78.775,34.866],[-78.725,34.867],[-78.675,34.867],[-78.625,34.866],[-78.575,34.864],[-78.525,34.86],[-78.475,34.856],[-78.425,34.851],[-78.375,34.845],[-78.325,34.837],[-78.275,34.829],[-78.249,34.825],[-78.225,34.821],[-78.175,34.811],[-78.125,34.803],[-78.075,34.794],[-78.025,34.787],[-77.975,34.78],[-77.929,34.775],[-77.925,34.775],[-77.875,34.77],[-77.825,34.766],[-77.775,34.763],[-77.725,34.762],[-77.675,34.762],[-77.625,34.764],[-77.575,34.767],[-77.525,34.771],[-77.486,34.775],[-77.475,34.776],[-77.425,34.781],[-77.375,34.785],[-77.325,34.79],[-77.275,34.794],[-77.225,34.798],[-77.175,34.802],[-77.125,34.806],[-77.075,34.81],[-77.025,34.814],[-76.975,34.817],[-76.925,34.821],[-76.875,34.825],[-76.872,34.825],[-76.825,34.829],[-76.775,34.834],[-76.725,34.84],[-76.675,34.847],[-76.625,34.855],[-76.575,34.864],[-76.525,34.873],[-76.514,34.875],[-76.475,34.882],[-76.425,34.892],[-76.375,34.902]]]}},{"type":"Feature","properties":{"date":"2022-03-30","label":"30 Mar","yday":89,"tier":"day","major":false},"geometry":{"type":"MultiLineString","coordinates":[[[-89.625,33.037],[-89.575,33.027],[-89.561,33.025],[-89.525,33.019]],[[-87.525,33.109],[-87.475,33.118],[-87.433,33.125],[-87.425,33.126],[-87.375,33.135],[-87.325,33.143],[-87.275,33.151],[-87.225,33.159],[-87.175,33.167],[-87.125,33.175],[-87.123,33.175],[-87.075,33.182],[-87.025,33.19],[-86.975,33.198],[-86.925,33.205],[-86.875,33.212],[-86.825,33.219],[-86.778,33.225],[-86.775,33.225],[-86.725,33.231],[-86.675,33.236],[-86.625,33.24],[-86.575,33.245],[-86.525,33.248],[-86.475,33.252],[-86.425,33.255],[-86.375,33.258],[-86.325,33.261],[-86.275,33.263],[-86.225,33.265],[-86.175,33.268],[-86.125,33.27],[-86.075,33.272],[-86.025,33.274],[-85.995,33.275],[-85.975,33.276],[-85.925,33.278],[-85.875,33.279],[-85.825,33.281],[-85.775,33.283],[-85.725,33.285],[-85.675,33.286],[-85.625,33.288],[-85.575,33.29],[-85.525,33.291],[-85.475,33.293],[-85.425,33.295],[-85.375,33.296],[-85.325,33.298],[-85.275,33.299],[-85.225,33.301],[-85.175,33.302],[-85.125,33.304],[-85.075,33.305],[-85.056,33.306]],[[-82.325,33.838],[-82.275,33.855],[-82.225,33.872],[-82.217,33.875],[-82.175,33.89],[-82.125,33.908],[-82.079,33.925],[-82.075,33.926],[-82.025,33.946],[-81.975,33.965],[-81.951,33.975],[-81.925,33.986],[-81.875,34.006],[-81.832,34.025],[-81.825,34.028],[-81.775,34.05],[-81.725,34.072],[-81.718,34.075]],[[-81.575,34.14],[-81.525,34.163],[-81.497,34.175]],[[-80.706,34.444],[-80.675,34.451],[-80.625,34.463],[-80.575,34.475],[-80.574,34.475],[-80.525,34.487],[-80.475,34.498],[-80.425,34.51],[-80.375,34.523],[-80.366,34.525],[-80.325,34.535],[-80.275,34.548],[-80.225,34.562],[-80.181,34.575],[-80.175,34.577],[-80.125,34.592],[-80.075,34.609],[-80.028,34.625],[-80.025,34.626],[-79.975,34.644],[-79.925,34.663],[-79.895,34.675],[-79.875,34.683],[-79.825,34.703],[-79.775,34.723],[-79.771,34.725],[-79.725,34.743],[-79.675,34.764],[-79.649,34.775],[-79.625,34.784],[-79.575,34.804],[-79.525,34.824],[-79.522,34.825],[-79.475,34.842],[-79.425,34.859],[-79.375,34.875],[-79.375,34.875],[-79.325,34.889],[-79.275,34.901],[-79.225,34.913],[-79.175,34.923],[-79.167,34.925],[-79.125,34.933],[-79.075,34.942],[-79.025,34.949],[-78.975,34.956],[-78.925,34.962],[-78.875,34.967],[-78.825,34.972],[-78.775,34.975],[-78.773,34.975],[-78.725,34.977],[-78.675,34.979],[-78.625,34.98],[-78.575,34.98],[-78.525,34.98],[-78.475,34.979],[-78.425,34.977],[-78.386,34.975],[-78.375,34.974],[-78.325,34.97],[-78.275,34.966],[-78.225,34.961],[-78.175,34.955],[-78.125,34.95],[-78.075,34.945],[-78.025,34.941],[-77.975,34.938],[-77.925,34.936],[-77.875,34.935],[-77.825,34.935],[-77.775,34.937],[-77.725,34.939],[-77.675,34.942],[-77.625,34.947],[-77.575,34.953],[-77.525,34.959],[-77.475,34.966],[-77.425,34.974],[-77.418,34.975],[-77.375,34.981],[-77.325,34.989],[-77.275,34.996],[-77.225,35.004],[-77.175,35.011],[-77.125,35.017],[-77.075,35.024],[-77.062,35.025],[-77.025,35.029],[-77.021,35.029]],[[-76.89,35.04],[-76.875,35.041],[-76.825,35.045],[-76.775,35.049]]]}},{"type":"Feature","properties":{"date":"2022-03-31","label":"31 Mar","yday":90,"tier":"index","major":true},"geometry":{"type":"MultiLineString","coordinates":[[[-87.759,33.191],[-87.725,33.197],[-87.675,33.207],[-87.625,33.216],[-87.575,33.225],[-87.573,33.225],[-87.525,33.232],[-87.475,33.24],[-87.425,33.247],[-87.375,33.255],[-87.325,33.263],[-87.275,33.27],[-87.245,33.275],[-87.225,33.278],[-87.175,33.286],[-87.125,33.294],[-87.075,33.301],[-87.025,33.309],[-86.975,33.317],[-86.925,33.324],[-86.92,33.325],[-86.875,33.331],[-86.825,33.338],[-86.775,33.344],[-86.725,33.35],[-86.675,33.355],[-86.625,33.36],[-86.575,33.364],[-86.525,33.367],[-86.475,33.371],[-86.425,33.374],[-86.399,33.375],[-86.375,33.376],[-86.325,33.379],[-86.275,33.381],[-86.225,33.383],[-86.175,33.385],[-86.125,33.387],[-86.075,33.389],[-86.025,33.391],[-85.975,33.392],[-85.925,33.394],[-85.875,33.395],[-85.825,33.397],[-85.775,33.398],[-85.725,33.399],[-85.675,33.4],[-85.625,33.402],[-85.575,33.402],[-85.525,33.403],[-85.475,33.404],[-85.425,33.405],[-85.375,33.405],[-85.325,33.406],[-85.275,33.406],[-85.225,33.406],[-85.175,33.406],[-85.125,33.406],[-85.075,33.407]],[[-82.253,33.947],[-82.225,33.956],[-82.175,33.974],[-82.173,33.975],[-82.125,33.992],[-82.075,34.011],[-82.04,34.025],[-82.025,34.031],[-81.975,34.051],[-81.925,34.072],[-81.917,34.075],[-81.875,34.093],[-81.853,34.103]],[[-80.675,34.547],[-80.625,34.56],[-80.575,34.573],[-80.567,34.575],[-80.525,34.586],[-80.475,34.598],[-80.425,34.611],[-80.375,34.625],[-80.374,34.625],[-80.325,34.638],[-80.275,34.652],[-80.225,34.667],[-80.2,34.675],[-80.175,34.682],[-80.125,34.698],[-80.075,34.715],[-80.048,34.725],[-80.025,34.733],[-79.975,34.751],[-79.925,34.769],[-79.911,34.775],[-79.875,34.788],[-79.825,34.807],[-79.78,34.825],[-79.775,34.827],[-79.725,34.846],[-79.675,34.865],[-79.649,34.875],[-79.625,34.884],[-79.575,34.902],[-79.525,34.919],[-79.508,34.925],[-79.475,34.935],[-79.425,34.951],[-79.375,34.965],[-79.339,34.975],[-79.325,34.979],[-79.275,34.991],[-79.225,35.002],[-79.175,35.013],[-79.125,35.024],[-79.118,35.025],[-79.075,35.033],[-79.025,35.041],[-78.975,35.049],[-78.925,35.056],[-78.875,35.062],[-78.825,35.067],[-78.775,35.071],[-78.725,35.075],[-78.724,35.075],[-78.675,35.078],[-78.625,35.08],[-78.575,35.082],[-78.525,35.083],[-78.475,35.084],[-78.425,35.084],[-78.375,35.083],[-78.325,35.082],[-78.275,35.081],[-78.225,35.079],[-78.175,35.077],[-78.131,35.075],[-78.125,35.075],[-78.075,35.073],[-78.025,35.072],[-77.975,35.073],[-77.925,35.074],[-77.903,35.075],[-77.875,35.076],[-77.825,35.08],[-77.775,35.085],[-77.725,35.09],[-77.675,35.097],[-77.625,35.104],[-77.575,35.112],[-77.525,35.121],[-77.505,35.125],[-77.475,35.13],[-77.425,35.14],[-77.375,35.149],[-77.325,35.159],[-77.275,35.168],[-77.237,35.175],[-77.225,35.177],[-77.175,35.186],[-77.125,35.194],[-77.075,35.201],[-77.025,35.207],[-76.975,35.213],[-76.925,35.218],[-76.875,35.223],[-76.843,35.225],[-76.825,35.226],[-76.775,35.23]]]}},{"type":"Feature","properties":{"date":"2022-04-01","label":"1 Apr","yday":91,"tier":"day","major":false},"geometry":{"type":"MultiLineString","coordinates":[[[-87.625,33.331],[-87.575,33.338],[-87.525,33.346],[-87.475,33.353],[-87.425,33.361],[-87.375,33.368],[-87.328,33.375]],[[-87.207,33.393],[-87.175,33.398],[-87.125,33.406],[-87.075,33.414],[-87.025,33.422],[-87.006,33.425],[-86.975,33.43],[-86.925,33.437],[-86.875,33.445],[-86.825,33.452],[-86.775,33.459],[-86.725,33.465],[-86.675,33.47],[-86.625,33.475],[-86.619,33.475],[-86.575,33.479],[-86.525,33.482],[-86.475,33.486],[-86.425,33.489],[-86.375,33.491],[-86.325,33.494],[-86.275,33.497],[-86.225,33.499],[-86.175,33.501],[-86.125,33.503],[-86.075,33.505],[-86.025,33.507],[-85.975,33.508],[-85.925,33.51],[-85.875,33.511],[-85.825,33.513],[-85.775,33.514],[-85.725,33.515],[-85.675,33.516],[-85.625,33.517],[-85.575,33.517],[-85.525,33.517],[-85.475,33.517],[-85.425,33.517],[-85.375,33.517],[-85.325,33.516],[-85.275,33.515],[-85.225,33.514],[-85.175,33.513],[-85.125,33.511],[-85.075,33.51],[-85.041,33.509]],[[-82.038,34.112],[-82.025,34.117],[-82.005,34.125]],[[-80.625,34.656],[-80.575,34.67],[-80.555,34.675],[-80.525,34.683],[-80.475,34.696],[-80.425,34.71],[-80.375,34.724],[-80.37,34.725],[-80.325,34.738],[-80.275,34.752],[-80.225,34.767],[-80.199,34.775],[-80.175,34.782],[-80.125,34.798],[-80.075,34.814],[-80.044,34.825],[-80.025,34.831],[-79.975,34.849],[-79.925,34.867],[-79.902,34.875],[-79.875,34.885],[-79.825,34.903],[-79.775,34.921],[-79.764,34.925],[-79.725,34.939],[-79.675,34.956],[-79.625,34.974],[-79.621,34.975],[-79.575,34.99],[-79.525,35.006],[-79.475,35.021],[-79.463,35.025],[-79.425,35.036],[-79.375,35.049],[-79.325,35.062],[-79.275,35.075],[-79.274,35.075],[-79.225,35.086],[-79.175,35.098],[-79.125,35.108],[-79.075,35.118],[-79.039,35.125],[-79.025,35.127],[-78.975,35.136],[-78.925,35.143],[-78.875,35.15],[-78.825,35.156],[-78.775,35.161],[-78.725,35.165],[-78.675,35.169],[-78.625,35.173],[-78.588,35.175],[-78.575,35.176],[-78.525,35.178],[-78.475,35.18],[-78.425,35.182],[-78.375,35.183],[-78.325,35.184],[-78.275,35.184],[-78.225,35.185],[-78.175,35.186],[-78.125,35.187],[-78.075,35.188],[-78.025,35.19],[-77.975,35.193],[-77.925,35.197],[-77.875,35.203],[-77.825,35.209],[-77.775,35.216],[-77.725,35.225],[-77.723,35.225],[-77.675,35.234],[-77.625,35.243],[-77.575,35.253],[-77.525,35.264],[-77.475,35.275],[-77.475,35.275],[-77.425,35.286],[-77.375,35.297],[-77.325,35.308],[-77.275,35.318],[-77.242,35.325],[-77.225,35.328],[-77.175,35.338],[-77.125,35.347],[-77.075,35.355],[-77.025,35.363],[-76.975,35.369],[-76.927,35.375],[-76.925,35.375]]]}},{"type":"Feature","properties":{"date":"2022-04-02","label":"2 Apr","yday":92,"tier":"day","major":false},"geometry":{"type":"MultiLineString","coordinates":[[[-87.638,33.438],[-87.625,33.44],[-87.575,33.447],[-87.525,33.454],[-87.475,33.461],[-87.463,33.463]],[[-87.175,33.506],[-87.125,33.514],[-87.075,33.522],[-87.054,33.525],[-87.025,33.53],[-86.975,33.538],[-86.925,33.546],[-86.875,33.553],[-86.825,33.561],[-86.775,33.568],[-86.725,33.574],[-86.72,33.575],[-86.675,33.58],[-86.625,33.585],[-86.575,33.589],[-86.525,33.593],[-86.475,33.597],[-86.425,33.601],[-86.375,33.604],[-86.325,33.607],[-86.275,33.61],[-86.225,33.613],[-86.175,33.616],[-86.125,33.619],[-86.075,33.621],[-86.025,33.623],[-85.984,33.625],[-85.975,33.625],[-85.925,33.627],[-85.875,33.629],[-85.825,33.631],[-85.775,33.632],[-85.725,33.633],[-85.675,33.634],[-85.625,33.635],[-85.575,33.635],[-85.525,33.635],[-85.475,33.634],[-85.425,33.633],[-85.375,33.632],[-85.325,33.63],[-85.275,33.628],[-85.225,33.625],[-85.216,33.625],[-85.175,33.623],[-85.125,33.62],[-85.075,33.617],[-85.025,33.614],[-84.989,33.611]],[[-80.173,34.877],[-80.125,34.892],[-80.075,34.908],[-80.025,34.924],[-80.022,34.925],[-79.975,34.94],[-79.925,34.957],[-79.875,34.975],[-79.874,34.975],[-79.825,34.992],[-79.775,35.009],[-79.727,35.025],[-79.725,35.026],[-79.675,35.042],[-79.625,35.058],[-79.575,35.074],[-79.57,35.075],[-79.525,35.088],[-79.475,35.103],[-79.425,35.117],[-79.393,35.125],[-79.375,35.13],[-79.325,35.143],[-79.275,35.155],[-79.225,35.167],[-79.191,35.175],[-79.175,35.179],[-79.125,35.189],[-79.075,35.2],[-79.025,35.209],[-78.975,35.218],[-78.933,35.225],[-78.925,35.226],[-78.875,35.234],[-78.825,35.24],[-78.775,35.246],[-78.725,35.252],[-78.675,35.257],[-78.625,35.261],[-78.575,35.265],[-78.525,35.269],[-78.475,35.272],[-78.425,35.275],[-78.422,35.275],[-78.375,35.277],[-78.325,35.28],[-78.275,35.282],[-78.225,35.285],[-78.175,35.288],[-78.125,35.291],[-78.075,35.294],[-78.025,35.299],[-77.975,35.304],[-77.925,35.311],[-77.875,35.318],[-77.835,35.325],[-77.825,35.327],[-77.775,35.336],[-77.725,35.346],[-77.675,35.357],[-77.625,35.369],[-77.599,35.375],[-77.575,35.381],[-77.525,35.393],[-77.475,35.405],[-77.425,35.417],[-77.393,35.425],[-77.375,35.429],[-77.325,35.441],[-77.275,35.453],[-77.225,35.464],[-77.175,35.475],[-77.175,35.475],[-77.125,35.485],[-77.075,35.494],[-77.025,35.503],[-76.992,35.508]]]}},{"type":"Feature","properties":{"date":"2022-04-03","label":"3 Apr","yday":93,"tier":"day","major":false},"geometry":{"type":"MultiLineString","coordinates":[[[-87.732,33.532],[-87.725,33.533],[-87.675,33.539],[-87.625,33.545],[-87.575,33.551],[-87.525,33.558]],[[-87.125,33.617],[-87.076,33.625],[-87.075,33.625],[-87.025,33.633],[-86.975,33.641],[-86.925,33.649],[-86.875,33.657],[-86.825,33.665],[-86.775,33.672],[-86.753,33.675],[-86.725,33.679],[-86.675,33.685],[-86.625,33.69],[-86.575,33.696],[-86.525,33.701],[-86.475,33.705],[-86.425,33.71],[-86.375,33.714],[-86.325,33.719],[-86.275,33.723],[-86.246,33.725],[-86.225,33.727],[-86.175,33.73],[-86.125,33.734],[-86.075,33.737],[-86.025,33.741],[-85.975,33.744],[-85.925,33.746],[-85.875,33.749],[-85.825,33.751],[-85.775,33.753],[-85.725,33.755],[-85.675,33.756],[-85.625,33.757],[-85.575,33.757],[-85.525,33.757],[-85.475,33.756],[-85.425,33.754],[-85.375,33.752],[-85.325,33.75],[-85.275,33.746],[-85.225,33.742],[-85.175,33.738],[-85.125,33.734],[-85.075,33.729],[-85.041,33.725],[-85.025,33.723],[-84.975,33.718],[-84.936,33.714]],[[-80.125,34.982],[-80.075,34.996],[-80.025,35.012],[-79.984,35.025],[-79.975,35.028],[-79.925,35.044],[-79.875,35.06],[-79.83,35.075],[-79.825,35.077],[-79.775,35.093],[-79.725,35.109],[-79.675,35.124],[-79.673,35.125],[-79.625,35.139],[-79.575,35.154],[-79.525,35.168],[-79.501,35.175],[-79.475,35.182],[-79.425,35.196],[-79.375,35.209],[-79.325,35.221],[-79.311,35.225],[-79.275,35.234],[-79.225,35.246],[-79.175,35.258],[-79.125,35.269],[-79.096,35.275],[-79.075,35.279],[-79.025,35.289],[-78.975,35.299],[-78.925,35.307],[-78.875,35.316],[-78.825,35.323],[-78.812,35.325],[-78.775,35.33],[-78.725,35.337],[-78.675,35.342],[-78.625,35.348],[-78.575,35.353],[-78.525,35.357],[-78.475,35.362],[-78.425,35.365],[-78.375,35.369],[-78.325,35.373],[-78.3,35.375],[-78.275,35.377],[-78.225,35.381],[-78.175,35.385],[-78.125,35.39],[-78.075,35.396],[-78.025,35.402],[-77.975,35.409],[-77.925,35.417],[-77.883,35.425],[-77.875,35.426],[-77.825,35.437],[-77.775,35.448],[-77.725,35.459],[-77.675,35.472],[-77.662,35.475],[-77.625,35.484],[-77.575,35.497],[-77.525,35.51],[-77.475,35.524],[-77.471,35.525],[-77.425,35.537],[-77.375,35.55],[-77.325,35.563],[-77.276,35.575],[-77.275,35.575],[-77.225,35.587],[-77.175,35.598],[-77.125,35.609],[-77.075,35.619],[-77.045,35.625],[-77.025,35.629],[-76.975,35.637],[-76.925,35.645],[-76.875,35.652],[-76.825,35.658],[-76.775,35.664],[-76.725,35.668]]]}},{"type":"Feature","properties":{"date":"2022-04-04","label":"4 Apr","yday":94,"tier":"day","major":false},"geometry":{"type":"MultiLineString","coordinates":[[[-87.766,33.634],[-87.725,33.638],[-87.675,33.643],[-87.625,33.648],[-87.601,33.651]],[[-87.162,33.712],[-87.125,33.718],[-87.08,33.725],[-87.075,33.726],[-87.025,33.734],[-86.975,33.742],[-86.925,33.75],[-86.875,33.758],[-86.825,33.766],[-86.775,33.773],[-86.764,33.775],[-86.725,33.781],[-86.675,33.788],[-86.625,33.794],[-86.575,33.8],[-86.525,33.807],[-86.475,33.813],[-86.425,33.818],[-86.375,33.824],[-86.365,33.825],[-86.325,33.829],[-86.275,33.835],[-86.225,33.84],[-86.175,33.845],[-86.125,33.85],[-86.075,33.855],[-86.025,33.859],[-85.975,33.864],[-85.925,33.868],[-85.875,33.871],[-85.825,33.875],[-85.818,33.875],[-85.775,33.878],[-85.725,33.88],[-85.675,33.882],[-85.625,33.883],[-85.575,33.884],[-85.525,33.884],[-85.475,33.883],[-85.425,33.882],[-85.375,33.879],[-85.325,33.876],[-85.316,33.875],[-85.275,33.872],[-85.225,33.867],[-85.175,33.861],[-85.125,33.854],[-85.075,33.847],[-85.025,33.84],[-84.975,33.832],[-84.93,33.825],[-84.925,33.824],[-84.875,33.817],[-84.825,33.809],[-84.775,33.802],[-84.751,33.799]],[[-80.075,35.083],[-80.025,35.098],[-79.975,35.113],[-79.936,35.125],[-79.925,35.128],[-79.875,35.144],[-79.825,35.159],[-79.775,35.175],[-79.774,35.175],[-79.725,35.19],[-79.675,35.205],[-79.625,35.22],[-79.607,35.225],[-79.575,35.234],[-79.525,35.248],[-79.475,35.261],[-79.425,35.275],[-79.423,35.275],[-79.375,35.288],[-79.325,35.3],[-79.275,35.313],[-79.225,35.325],[-79.225,35.325],[-79.175,35.337],[-79.125,35.348],[-79.075,35.359],[-79.025,35.369],[-78.995,35.375],[-78.975,35.379],[-78.925,35.389],[-78.875,35.398],[-78.825,35.406],[-78.775,35.414],[-78.725,35.421],[-78.698,35.425],[-78.675,35.428],[-78.625,35.434],[-78.575,35.44],[-78.525,35.445],[-78.475,35.45],[-78.425,35.455],[-78.375,35.46],[-78.325,35.465],[-78.275,35.47],[-78.229,35.475],[-78.225,35.475],[-78.175,35.481],[-78.125,35.488],[-78.075,35.495],[-78.025,35.502],[-77.975,35.511],[-77.925,35.52],[-77.903,35.525],[-77.875,35.531],[-77.825,35.542],[-77.775,35.554],[-77.725,35.567],[-77.693,35.575],[-77.675,35.58],[-77.625,35.593],[-77.575,35.606],[-77.525,35.62],[-77.508,35.625],[-77.475,35.634],[-77.425,35.648],[-77.375,35.661],[-77.325,35.674],[-77.321,35.675],[-77.275,35.686],[-77.225,35.699],[-77.175,35.711],[-77.125,35.722],[-77.114,35.725],[-77.075,35.734],[-77.025,35.745],[-76.975,35.755],[-76.925,35.765],[-76.875,35.775],[-76.875,35.775],[-76.825,35.784],[-76.775,35.792],[-76.725,35.798],[-76.675,35.804],[-76.625,35.807],[-76.592,35.808]],[[-75.975,35.717],[-75.925,35.709],[-75.895,35.705]]]}},{"type":"Feature","properties":{"date":"2022-04-05","label":"5 Apr","yday":95,"tier":"five","major":false},"geometry":{"type":"MultiLineString","coordinates":[[[-87.291,33.791],[-87.275,33.794],[-87.225,33.801],[-87.175,33.809],[-87.125,33.817],[-87.077,33.825],[-87.075,33.825],[-87.025,33.834],[-86.975,33.842],[-86.925,33.85],[-86.875,33.858],[-86.825,33.866],[-86.818,33.868]],[[-86.657,33.893],[-86.625,33.898],[-86.575,33.905],[-86.525,33.912],[-86.475,33.92],[-86.436,33.925],[-86.425,33.927],[-86.375,33.934],[-86.325,33.941],[-86.275,33.947],[-86.225,33.954],[-86.175,33.961],[-86.125,33.967],[-86.075,33.974],[-86.064,33.975],[-86.025,33.98],[-85.975,33.986],[-85.925,33.991],[-85.875,33.997],[-85.825,34.001],[-85.775,34.006],[-85.725,34.01],[-85.675,34.013],[-85.625,34.016],[-85.575,34.017],[-85.525,34.018],[-85.475,34.018],[-85.425,34.017],[-85.375,34.015],[-85.325,34.012],[-85.275,34.007],[-85.225,34.001],[-85.175,33.994],[-85.125,33.985],[-85.075,33.976],[-85.07,33.975],[-85.025,33.966],[-84.975,33.956],[-84.925,33.945],[-84.875,33.934],[-84.835,33.925],[-84.825,33.923],[-84.775,33.913],[-84.725,33.903],[-84.675,33.894],[-84.625,33.886],[-84.615,33.885]],[[-80.109,35.159],[-80.075,35.168],[-80.049,35.175],[-80.025,35.182],[-79.975,35.196],[-79.925,35.211],[-79.879,35.225],[-79.875,35.226],[-79.825,35.241],[-79.775,35.256],[-79.725,35.271],[-79.713,35.275],[-79.675,35.286],[-79.625,35.3],[-79.575,35.314],[-79.537,35.325],[-79.525,35.328],[-79.475,35.342],[-79.425,35.355],[-79.375,35.368],[-79.346,35.375],[-79.325,35.38],[-79.275,35.393],[-79.225,35.405],[-79.175,35.416],[-79.137,35.425],[-79.125,35.428],[-79.075,35.439],[-79.025,35.45],[-78.975,35.461],[-78.925,35.471],[-78.906,35.475],[-78.875,35.481],[-78.825,35.491],[-78.775,35.5],[-78.725,35.508],[-78.675,35.515],[-78.625,35.522],[-78.603,35.525],[-78.575,35.528],[-78.525,35.534],[-78.475,35.54],[-78.425,35.545],[-78.375,35.551],[-78.325,35.557],[-78.275,35.563],[-78.225,35.569],[-78.185,35.575],[-78.175,35.576],[-78.125,35.584],[-78.075,35.592],[-78.025,35.601],[-77.975,35.611],[-77.925,35.621],[-77.909,35.625],[-77.875,35.633],[-77.825,35.644],[-77.775,35.657],[-77.725,35.669],[-77.704,35.675],[-77.675,35.682],[-77.625,35.696],[-77.575,35.709],[-77.525,35.723],[-77.518,35.725],[-77.475,35.737],[-77.425,35.75],[-77.375,35.764],[-77.333,35.775],[-77.325,35.777],[-77.275,35.79],[-77.225,35.804],[-77.175,35.817],[-77.144,35.825],[-77.125,35.83],[-77.075,35.843],[-77.025,35.856],[-76.975,35.869],[-76.951,35.875],[-76.925,35.882],[-76.875,35.894],[-76.825,35.906],[-76.775,35.917],[-76.736,35.925],[-76.725,35.927],[-76.684,35.934]],[[-75.942,35.825],[-75.925,35.821],[-75.875,35.811],[-75.825,35.802]]]}},{"type":"Feature","properties":{"date":"2022-04-06","label":"6 Apr","yday":96,"tier":"day","major":false},"geometry":{"type":"MultiLineString","coordinates":[[[-87.375,33.879],[-87.325,33.886],[-87.275,33.893],[-87.225,33.901],[-87.175,33.909],[-87.125,33.917],[-87.075,33.925],[-87.074,33.925],[-87.025,33.933],[-86.975,33.942],[-86.925,33.95],[-86.904,33.954]],[[-86.648,33.998],[-86.625,34.002],[-86.575,34.011],[-86.525,34.019],[-86.49,34.025],[-86.475,34.028],[-86.425,34.036],[-86.375,34.045],[-86.325,34.053],[-86.275,34.062],[-86.225,34.07],[-86.196,34.075]],[[-85.817,34.133],[-85.775,34.138],[-85.725,34.144],[-85.675,34.149],[-85.625,34.153],[-85.575,34.157],[-85.525,34.16],[-85.475,34.161],[-85.425,34.162],[-85.375,34.161],[-85.325,34.158],[-85.275,34.154],[-85.225,34.148],[-85.175,34.14],[-85.125,34.13],[-85.104,34.125],[-85.075,34.119],[-85.025,34.106],[-84.975,34.093],[-84.925,34.078],[-84.915,34.075],[-84.875,34.064],[-84.825,34.049],[-84.775,34.035],[-84.741,34.025],[-84.725,34.021],[-84.675,34.008],[-84.625,33.997],[-84.575,33.987],[-84.565,33.985]],[[-80.125,35.239],[-80.075,35.252],[-80.025,35.265],[-79.992,35.275],[-79.975,35.28],[-79.925,35.294],[-79.901,35.301]],[[-79.826,35.324],[-79.825,35.324],[-79.821,35.325],[-79.775,35.339],[-79.725,35.354],[-79.675,35.368],[-79.651,35.375],[-79.625,35.382],[-79.575,35.396],[-79.525,35.41],[-79.513,35.413]],[[-79.325,35.462],[-79.275,35.474],[-79.272,35.475],[-79.225,35.486],[-79.175,35.498],[-79.125,35.51],[-79.075,35.521],[-79.072,35.522]],[[-78.925,35.557],[-78.875,35.568],[-78.841,35.575],[-78.825,35.578],[-78.775,35.588],[-78.725,35.597],[-78.675,35.605],[-78.625,35.612],[-78.575,35.619],[-78.525,35.625],[-78.523,35.625],[-78.475,35.631],[-78.435,35.635]],[[-78.355,35.645],[-78.325,35.649],[-78.275,35.656],[-78.225,35.663],[-78.175,35.671],[-78.152,35.675],[-78.125,35.68],[-78.075,35.689],[-78.025,35.699],[-77.975,35.709],[-77.925,35.72],[-77.904,35.725],[-77.875,35.732],[-77.825,35.744],[-77.775,35.756],[-77.725,35.769],[-77.7,35.775],[-77.675,35.782],[-77.625,35.795],[-77.575,35.808],[-77.525,35.822],[-77.513,35.825],[-77.475,35.835],[-77.425,35.849],[-77.375,35.863],[-77.333,35.875],[-77.325,35.877],[-77.275,35.891],[-77.225,35.906],[-77.175,35.92],[-77.159,35.925],[-77.125,35.935],[-77.075,35.95],[-77.025,35.966],[-76.994,35.975],[-76.975,35.981],[-76.925,35.996],[-76.875,36.012],[-76.83,36.025],[-76.825,36.027],[-76.775,36.041],[-76.748,36.048]],[[-76.63,36.075],[-76.625,36.076],[-76.575,36.083]]]}},{"type":"Feature","properties":{"date":"2022-04-07","label":"7 Apr","yday":97,"tier":"day","major":false},"geometry":{"type":"MultiLineString","coordinates":[[[-87.424,33.974],[-87.415,33.975],[-87.375,33.98],[-87.325,33.987],[-87.275,33.994],[-87.225,34.001],[-87.175,34.009],[-87.125,34.017],[-87.08,34.025],[-87.075,34.026],[-87.033,34.033]],[[-86.775,34.08],[-86.725,34.089],[-86.675,34.099],[-86.625,34.108],[-86.575,34.118],[-86.54,34.125]],[[-85.386,34.314],[-85.375,34.314],[-85.325,34.313],[-85.275,34.311],[-85.225,34.306],[-85.175,34.299],[-85.125,34.289],[-85.075,34.277],[-85.069,34.275],[-85.025,34.262],[-84.975,34.246],[-84.925,34.228],[-84.917,34.225],[-84.875,34.21],[-84.825,34.191],[-84.782,34.175],[-84.775,34.172],[-84.725,34.155],[-84.675,34.138],[-84.635,34.125],[-84.625,34.122],[-84.575,34.108],[-84.554,34.104]],[[-80.125,35.323],[-80.118,35.325],[-80.075,35.336],[-80.025,35.35],[-79.975,35.364],[-79.967,35.367]],[[-78.875,35.659],[-78.825,35.67],[-78.798,35.675],[-78.775,35.68],[-78.725,35.689],[-78.694,35.694]],[[-78.126,35.774],[-78.125,35.774],[-78.121,35.775],[-78.075,35.784],[-78.025,35.795],[-77.975,35.806],[-77.925,35.817],[-77.892,35.825],[-77.875,35.829],[-77.825,35.841],[-77.775,35.853],[-77.725,35.865],[-77.687,35.875],[-77.675,35.878],[-77.625,35.891],[-77.575,35.905],[-77.525,35.918],[-77.501,35.925],[-77.475,35.932],[-77.425,35.947],[-77.375,35.961],[-77.329,35.975],[-77.325,35.976],[-77.275,35.992],[-77.225,36.007],[-77.175,36.024],[-77.171,36.025],[-77.125,36.04],[-77.075,36.058],[-77.026,36.075],[-77.025,36.075],[-76.975,36.094],[-76.925,36.112],[-76.889,36.125],[-76.875,36.13],[-76.825,36.148],[-76.775,36.165],[-76.744,36.175],[-76.73,36.18]],[[-76.716,36.184],[-76.675,36.196],[-76.625,36.208],[-76.575,36.218],[-76.526,36.225],[-76.525,36.225]]]}},{"type":"Feature","properties":{"date":"2022-04-08","label":"8 Apr","yday":98,"tier":"day","major":false},"geometry":{"type":"MultiLineString","coordinates":[[[-87.422,34.078],[-87.375,34.084],[-87.325,34.09],[-87.275,34.097],[-87.225,34.105],[-87.175,34.113],[-87.165,34.115]],[[-78.006,35.894],[-77.975,35.901],[-77.925,35.913],[-77.875,35.925],[-77.873,35.925],[-77.825,35.937],[-77.775,35.949],[-77.725,35.961],[-77.675,35.974],[-77.671,35.975],[-77.625,35.987],[-77.575,36.001],[-77.525,36.015],[-77.491,36.025],[-77.475,36.03],[-77.425,36.045],[-77.375,36.061],[-77.331,36.075],[-77.325,36.077],[-77.275,36.094],[-77.225,36.111],[-77.187,36.125],[-77.175,36.129],[-77.125,36.149],[-77.075,36.169],[-77.059,36.175],[-77.025,36.19],[-76.975,36.211],[-76.943,36.225],[-76.925,36.233],[-76.875,36.255],[-76.828,36.275],[-76.825,36.276],[-76.775,36.297],[-76.725,36.317],[-76.701,36.325],[-76.675,36.335],[-76.625,36.352],[-76.575,36.366],[-76.54,36.375],[-76.525,36.379],[-76.475,36.39]]]}},{"type":"Feature","properties":{"date":"2022-04-09","label":"9 Apr","yday":99,"tier":"day","major":false},"geometry":{"type":"MultiLineString","coordinates":[[[-77.88,36.02],[-77.875,36.021],[-77.858,36.025],[-77.825,36.033],[-77.775,36.046],[-77.725,36.058],[-77.675,36.072],[-77.662,36.075],[-77.625,36.085],[-77.575,36.1],[-77.525,36.115],[-77.493,36.125],[-77.475,36.131],[-77.425,36.147],[-77.375,36.165],[-77.346,36.175],[-77.325,36.183],[-77.275,36.202],[-77.225,36.221],[-77.215,36.225],[-77.175,36.242],[-77.125,36.265],[-77.103,36.275],[-77.075,36.289],[-77.025,36.315],[-77.005,36.325],[-76.975,36.341],[-76.925,36.367],[-76.91,36.375],[-76.875,36.394],[-76.825,36.42],[-76.814,36.425],[-76.775,36.445],[-76.725,36.47],[-76.713,36.475],[-76.675,36.493],[-76.625,36.516],[-76.602,36.525],[-76.575,36.537],[-76.525,36.557],[-76.475,36.575],[-76.474,36.575],[-76.425,36.592],[-76.375,36.61],[-76.332,36.625],[-76.325,36.628]]]}},{"type":"Feature","properties":{"date":"2022-04-10","label":"10 Apr","yday":100,"tier":"five","major":false},"geometry":{"type":"MultiLineString","coordinates":[[[-77.745,36.155],[-77.725,36.16],[-77.675,36.174],[-77.671,36.175],[-77.625,36.189],[-77.575,36.205],[-77.525,36.221],[-77.514,36.225],[-77.475,36.24],[-77.425,36.259],[-77.384,36.275],[-77.375,36.279],[-77.325,36.301],[-77.275,36.323],[-77.27,36.325],[-77.225,36.347],[-77.175,36.373],[-77.171,36.375],[-77.125,36.402],[-77.085,36.425],[-77.075,36.431],[-77.025,36.462],[-77.003,36.475],[-76.975,36.493],[-76.925,36.523],[-76.922,36.525],[-76.875,36.554],[-76.84,36.575],[-76.825,36.585],[-76.775,36.614],[-76.757,36.625],[-76.725,36.644],[-76.675,36.672],[-76.669,36.675],[-76.625,36.698],[-76.575,36.722],[-76.568,36.725]]]}},{"type":"Feature","properties":{"date":"2022-04-11","label":"11 Apr","yday":101,"tier":"day","major":false},"geometry":{"type":"MultiLineString","coordinates":[[[-77.658,36.292],[-77.625,36.303],[-77.575,36.322],[-77.567,36.325],[-77.525,36.343],[-77.475,36.366],[-77.455,36.375],[-77.425,36.39],[-77.375,36.415],[-77.357,36.425],[-77.325,36.443],[-77.275,36.472],[-77.269,36.475],[-77.225,36.503],[-77.191,36.525],[-77.175,36.535],[-77.125,36.569],[-77.116,36.575],[-77.075,36.603],[-77.043,36.625],[-77.025,36.637],[-76.975,36.671],[-76.969,36.675],[-76.925,36.704],[-76.893,36.725],[-76.875,36.737],[-76.825,36.768],[-76.813,36.775],[-76.775,36.797],[-76.725,36.824],[-76.724,36.825]]]}},{"type":"Feature","properties":{"date":"2022-04-12","label":"12 Apr","yday":102,"tier":"day","major":false},"geometry":{"type":"MultiLineString","coordinates":[[[-77.639,36.439],[-77.625,36.445],[-77.575,36.469],[-77.564,36.475],[-77.525,36.497],[-77.475,36.525],[-77.475,36.525],[-77.425,36.556],[-77.396,36.575],[-77.375,36.589],[-77.325,36.623],[-77.323,36.625]]]}},{"type":"Feature","properties":{"date":"2022-04-13","label":"13 Apr","yday":103,"tier":"day","major":false},"geometry":{"type":"MultiLineString","coordinates":[[[-77.79,36.54],[-77.775,36.547],[-77.725,36.572],[-77.718,36.575],[-77.675,36.599],[-77.631,36.625],[-77.627,36.627]]]}}]}