{"type":"FeatureCollection","features":[{"type":"Feature","properties":{"date":"2007-02-09","label":"9 Feb","yday":40,"tier":"five","major":false},"geometry":{"type":"MultiLineString","coordinates":[[[-82.075,26.69],[-82.025,26.708],[-81.976,26.725],[-81.975,26.725],[-81.925,26.743],[-81.896,26.754]],[[-81.84,26.775],[-81.825,26.781],[-81.816,26.784]],[[-81.589,26.875],[-81.575,26.881],[-81.525,26.902],[-81.475,26.923],[-81.471,26.925],[-81.425,26.945],[-81.375,26.967],[-81.356,26.975],[-81.325,26.989]]]}},{"type":"Feature","properties":{"date":"2007-02-10","label":"10 Feb","yday":41,"tier":"day","major":false},"geometry":{"type":"MultiLineString","coordinates":[[[-82.025,26.864],[-81.992,26.875],[-81.975,26.881],[-81.925,26.899],[-81.875,26.917],[-81.855,26.925],[-81.825,26.936],[-81.775,26.955],[-81.725,26.975],[-81.724,26.975],[-81.675,26.995],[-81.625,27.015],[-81.6,27.025],[-81.575,27.035],[-81.525,27.056],[-81.479,27.075],[-81.475,27.077],[-81.425,27.098],[-81.375,27.12],[-81.364,27.125],[-81.325,27.142],[-81.275,27.165]]]}},{"type":"Feature","properties":{"date":"2007-02-11","label":"11 Feb","yday":42,"tier":"day","major":false},"geometry":{"type":"MultiLineString","coordinates":[[[-82.323,26.923],[-82.318,26.925],[-82.275,26.939],[-82.225,26.955],[-82.18,26.97]],[[-82.164,26.975],[-82.125,26.988],[-82.075,27.004],[-82.025,27.021],[-82.014,27.025],[-81.975,27.039],[-81.925,27.056],[-81.875,27.074],[-81.872,27.075],[-81.825,27.092],[-81.775,27.111],[-81.738,27.125],[-81.725,27.13],[-81.675,27.149],[-81.625,27.169],[-81.609,27.175],[-81.575,27.189],[-81.525,27.209],[-81.486,27.225],[-81.475,27.23],[-81.425,27.251],[-81.375,27.273],[-81.37,27.275],[-81.325,27.295],[-81.275,27.318],[-81.26,27.325],[-81.225,27.342],[-81.175,27.366],[-81.156,27.375],[-81.125,27.391],[-81.075,27.416],[-81.058,27.425],[-81.025,27.443],[-80.975,27.47],[-80.966,27.475],[-80.925,27.498],[-80.878,27.525],[-80.875,27.527],[-80.825,27.556],[-80.792,27.575],[-80.775,27.585]]]}},{"type":"Feature","properties":{"date":"2007-02-12","label":"12 Feb","yday":43,"tier":"day","major":false},"geometry":{"type":"MultiLineString","coordinates":[[[-82.425,27.05],[-82.375,27.067],[-82.349,27.075],[-82.325,27.083],[-82.275,27.099],[-82.225,27.115],[-82.192,27.125],[-82.175,27.13],[-82.125,27.146],[-82.075,27.162],[-82.036,27.175],[-82.025,27.179],[-81.975,27.195],[-81.925,27.212],[-81.887,27.225],[-81.875,27.229],[-81.825,27.246],[-81.775,27.264],[-81.746,27.275],[-81.725,27.283],[-81.675,27.301],[-81.625,27.32],[-81.613,27.325],[-81.575,27.34],[-81.525,27.36],[-81.489,27.375],[-81.475,27.381],[-81.425,27.402],[-81.375,27.424],[-81.373,27.425],[-81.325,27.447],[-81.275,27.47],[-81.266,27.475],[-81.225,27.495],[-81.175,27.52],[-81.165,27.525],[-81.125,27.546],[-81.075,27.572],[-81.07,27.575],[-81.025,27.6],[-80.98,27.625],[-80.975,27.628],[-80.925,27.656],[-80.893,27.675],[-80.875,27.685],[-80.825,27.714],[-80.806,27.725],[-80.786,27.736]]]}},{"type":"Feature","properties":{"date":"2007-02-13","label":"13 Feb","yday":44,"tier":"day","major":false},"geometry":{"type":"MultiLineString","coordinates":[[[-82.49,27.19],[-82.475,27.194],[-82.425,27.21],[-82.379,27.225],[-82.375,27.226],[-82.325,27.242],[-82.275,27.257],[-82.225,27.272],[-82.214,27.275],[-82.175,27.287],[-82.125,27.302],[-82.075,27.317],[-82.049,27.325],[-82.025,27.332],[-81.975,27.348],[-81.925,27.364],[-81.891,27.375],[-81.875,27.38],[-81.825,27.397],[-81.775,27.414],[-81.744,27.425],[-81.725,27.432],[-81.675,27.45],[-81.625,27.469],[-81.608,27.475],[-81.575,27.488],[-81.525,27.508],[-81.485,27.525],[-81.475,27.529],[-81.425,27.551],[-81.375,27.573],[-81.371,27.575],[-81.325,27.596],[-81.275,27.621],[-81.266,27.625],[-81.225,27.645],[-81.175,27.671],[-81.168,27.675],[-81.125,27.698],[-81.075,27.725],[-81.075,27.725],[-81.025,27.753],[-80.987,27.775],[-80.975,27.782],[-80.925,27.81],[-80.9,27.825],[-80.875,27.839]]]}},{"type":"Feature","properties":{"date":"2007-02-14","label":"14 Feb","yday":45,"tier":"index","major":true},"geometry":{"type":"MultiLineString","coordinates":[[[-82.525,27.336],[-82.475,27.352],[-82.425,27.367],[-82.397,27.375],[-82.375,27.382],[-82.325,27.396],[-82.275,27.41],[-82.225,27.424],[-82.221,27.425],[-82.175,27.438],[-82.125,27.452],[-82.075,27.466],[-82.044,27.475],[-82.025,27.481],[-81.975,27.495],[-81.925,27.51],[-81.878,27.525],[-81.875,27.526],[-81.825,27.542],[-81.775,27.558],[-81.727,27.575],[-81.725,27.576],[-81.675,27.593],[-81.625,27.612],[-81.592,27.625],[-81.575,27.632],[-81.525,27.652],[-81.475,27.673],[-81.471,27.675],[-81.425,27.695],[-81.375,27.718],[-81.361,27.725],[-81.325,27.742],[-81.275,27.767],[-81.259,27.775],[-81.225,27.792],[-81.175,27.819],[-81.164,27.825],[-81.125,27.846],[-81.075,27.874],[-81.073,27.875],[-81.025,27.902],[-80.985,27.925],[-80.975,27.931],[-80.925,27.96]]]}},{"type":"Feature","properties":{"date":"2007-02-15","label":"15 Feb","yday":46,"tier":"day","major":false},"geometry":{"type":"MultiLineString","coordinates":[[[-82.611,27.461],[-82.575,27.473],[-82.568,27.475],[-82.525,27.488],[-82.475,27.503],[-82.425,27.517],[-82.395,27.525],[-82.375,27.53],[-82.325,27.544],[-82.275,27.557],[-82.225,27.57],[-82.204,27.575],[-82.175,27.583],[-82.125,27.596],[-82.075,27.609],[-82.025,27.623],[-82.016,27.625],[-81.975,27.636],[-81.925,27.651],[-81.875,27.666],[-81.846,27.675],[-81.825,27.681],[-81.775,27.697],[-81.725,27.714],[-81.696,27.725],[-81.675,27.732],[-81.625,27.751],[-81.575,27.771],[-81.564,27.775],[-81.525,27.791],[-81.475,27.813],[-81.448,27.825],[-81.425,27.835],[-81.375,27.859],[-81.343,27.875],[-81.325,27.884],[-81.275,27.909],[-81.245,27.925],[-81.225,27.935],[-81.175,27.962],[-81.152,27.975],[-81.125,27.99],[-81.075,28.018],[-81.063,28.025],[-81.025,28.046],[-80.975,28.075],[-80.975,28.075],[-80.925,28.104]]]}},{"type":"Feature","properties":{"date":"2007-02-16","label":"16 Feb","yday":47,"tier":"day","major":false},"geometry":{"type":"MultiLineString","coordinates":[[[-82.513,27.637],[-82.475,27.647],[-82.425,27.66],[-82.375,27.672],[-82.364,27.675],[-82.325,27.684],[-82.275,27.696],[-82.225,27.709],[-82.175,27.721],[-82.158,27.725],[-82.125,27.733],[-82.075,27.746],[-82.025,27.759],[-81.975,27.772],[-81.965,27.775],[-81.925,27.786],[-81.875,27.8],[-81.825,27.816],[-81.796,27.825],[-81.775,27.832],[-81.725,27.849],[-81.675,27.867],[-81.653,27.875],[-81.625,27.886],[-81.575,27.906],[-81.529,27.925],[-81.525,27.927],[-81.475,27.949],[-81.425,27.972],[-81.42,27.975],[-81.375,27.997],[-81.325,28.022],[-81.319,28.025],[-81.275,28.048],[-81.225,28.075],[-81.224,28.075],[-81.175,28.102],[-81.133,28.125],[-81.125,28.13],[-81.075,28.158],[-81.044,28.175],[-81.025,28.186],[-80.975,28.214],[-80.955,28.225],[-80.936,28.236]]]}},{"type":"Feature","properties":{"date":"2007-02-17","label":"17 Feb","yday":48,"tier":"day","major":false},"geometry":{"type":"MultiLineString","coordinates":[[[-82.679,27.729],[-82.675,27.73],[-82.625,27.745]],[[-82.375,27.807],[-82.325,27.818],[-82.296,27.825],[-82.275,27.83],[-82.225,27.841],[-82.175,27.853],[-82.125,27.865],[-82.084,27.875],[-82.075,27.877],[-82.025,27.89],[-81.975,27.903],[-81.925,27.917],[-81.896,27.925],[-81.875,27.931],[-81.825,27.946],[-81.775,27.962],[-81.737,27.975],[-81.725,27.979],[-81.675,27.998],[-81.625,28.017],[-81.607,28.025],[-81.575,28.038],[-81.525,28.06],[-81.493,28.075],[-81.475,28.083],[-81.425,28.107],[-81.389,28.125],[-81.375,28.132],[-81.325,28.158],[-81.292,28.175],[-81.275,28.184],[-81.225,28.211],[-81.199,28.225],[-81.175,28.238],[-81.125,28.266],[-81.108,28.275],[-81.075,28.293],[-81.025,28.321],[-81.017,28.325],[-80.975,28.348]]]}},{"type":"Feature","properties":{"date":"2007-02-18","label":"18 Feb","yday":49,"tier":"day","major":false},"geometry":{"type":"MultiLineString","coordinates":[[[-82.795,27.825],[-82.775,27.832],[-82.725,27.848],[-82.675,27.864],[-82.633,27.875]],[[-82.556,27.894],[-82.525,27.901],[-82.491,27.909]],[[-82.424,27.924],[-82.421,27.925],[-82.375,27.935],[-82.325,27.946],[-82.275,27.958],[-82.225,27.969],[-82.2,27.975],[-82.175,27.981],[-82.125,27.993],[-82.075,28.005],[-82.025,28.018],[-81.997,28.025],[-81.975,28.031],[-81.925,28.045],[-81.875,28.059],[-81.825,28.075],[-81.824,28.075],[-81.775,28.091],[-81.725,28.109],[-81.685,28.125],[-81.675,28.129],[-81.625,28.149],[-81.575,28.171],[-81.566,28.175],[-81.525,28.193],[-81.475,28.217],[-81.458,28.225],[-81.425,28.241],[-81.375,28.266],[-81.358,28.275],[-81.325,28.292],[-81.275,28.318],[-81.262,28.325],[-81.225,28.345],[-81.175,28.372],[-81.169,28.375],[-81.125,28.399],[-81.076,28.425],[-81.075,28.426],[-81.025,28.452],[-80.981,28.475],[-80.977,28.477]]]}},{"type":"Feature","properties":{"date":"2007-02-19","label":"19 Feb","yday":50,"tier":"five","major":false},"geometry":{"type":"MultiLineString","coordinates":[[[-82.8,27.95],[-82.775,27.958],[-82.725,27.973]],[[-82.605,28.005],[-82.575,28.013],[-82.525,28.025],[-82.523,28.025],[-82.475,28.036],[-82.425,28.047],[-82.375,28.058],[-82.325,28.07],[-82.302,28.075],[-82.275,28.081],[-82.225,28.093],[-82.175,28.105],[-82.125,28.117],[-82.095,28.125],[-82.075,28.13],[-82.025,28.144],[-81.975,28.158],[-81.925,28.172],[-81.916,28.175],[-81.875,28.188],[-81.825,28.205],[-81.775,28.222],[-81.768,28.225],[-81.725,28.241],[-81.675,28.261],[-81.642,28.275],[-81.625,28.282],[-81.575,28.304],[-81.529,28.325],[-81.525,28.327],[-81.475,28.35],[-81.425,28.375],[-81.425,28.375],[-81.375,28.4],[-81.326,28.425],[-81.325,28.426],[-81.275,28.452],[-81.231,28.475],[-81.225,28.478],[-81.175,28.505],[-81.136,28.525],[-81.125,28.531],[-81.075,28.557],[-81.039,28.575],[-81.03,28.58]]]}},{"type":"Feature","properties":{"date":"2007-02-20","label":"20 Feb","yday":51,"tier":"day","major":false},"geometry":{"type":"MultiLineString","coordinates":[[[-82.775,28.077],[-82.725,28.091],[-82.675,28.105],[-82.625,28.118],[-82.597,28.125],[-82.575,28.13],[-82.525,28.142],[-82.475,28.154],[-82.425,28.166],[-82.387,28.175],[-82.375,28.178],[-82.325,28.19],[-82.275,28.202],[-82.225,28.214],[-82.184,28.225],[-82.175,28.227],[-82.125,28.241],[-82.075,28.254],[-82.025,28.269],[-82.005,28.275],[-81.975,28.284],[-81.925,28.3],[-81.875,28.317],[-81.852,28.325],[-81.825,28.335],[-81.775,28.353],[-81.725,28.373],[-81.72,28.375],[-81.675,28.394],[-81.625,28.415],[-81.603,28.425],[-81.575,28.438],[-81.525,28.461],[-81.495,28.475],[-81.475,28.485],[-81.425,28.509],[-81.394,28.525],[-81.375,28.534],[-81.325,28.56],[-81.295,28.575],[-81.275,28.585],[-81.225,28.611],[-81.198,28.625],[-81.175,28.637],[-81.125,28.662],[-81.099,28.675],[-81.075,28.687]]]}},{"type":"Feature","properties":{"date":"2007-02-21","label":"21 Feb","yday":52,"tier":"day","major":false},"geometry":{"type":"MultiLineString","coordinates":[[[-82.75,28.2],[-82.725,28.207],[-82.675,28.22],[-82.657,28.225],[-82.625,28.233],[-82.575,28.246],[-82.525,28.258],[-82.475,28.271],[-82.458,28.275],[-82.425,28.283],[-82.375,28.296],[-82.325,28.309],[-82.275,28.322],[-82.263,28.325],[-82.225,28.335],[-82.175,28.349],[-82.125,28.364],[-82.088,28.375],[-82.075,28.379],[-82.025,28.395],[-81.975,28.411],[-81.934,28.425],[-81.925,28.428],[-81.875,28.446],[-81.825,28.465],[-81.799,28.475],[-81.775,28.485],[-81.725,28.505],[-81.678,28.525],[-81.675,28.526],[-81.625,28.548],[-81.575,28.571],[-81.567,28.575],[-81.525,28.595],[-81.475,28.619],[-81.463,28.625],[-81.425,28.643],[-81.375,28.668],[-81.362,28.675],[-81.325,28.693],[-81.275,28.718],[-81.262,28.725],[-81.225,28.743],[-81.175,28.768],[-81.161,28.775],[-81.125,28.792],[-81.075,28.816]]]}},{"type":"Feature","properties":{"date":"2007-02-22","label":"22 Feb","yday":53,"tier":"day","major":false},"geometry":{"type":"MultiLineString","coordinates":[[[-82.675,28.335],[-82.625,28.348],[-82.575,28.361],[-82.525,28.374],[-82.522,28.375],[-82.475,28.387],[-82.425,28.4],[-82.375,28.414],[-82.336,28.425],[-82.325,28.428],[-82.275,28.442],[-82.225,28.457],[-82.175,28.472],[-82.166,28.475],[-82.125,28.488],[-82.075,28.504],[-82.025,28.521],[-82.014,28.525],[-81.975,28.539],[-81.925,28.557],[-81.877,28.575],[-81.875,28.576],[-81.825,28.595],[-81.775,28.616],[-81.753,28.625],[-81.725,28.637],[-81.675,28.659],[-81.64,28.675],[-81.625,28.682],[-81.575,28.705],[-81.533,28.725],[-81.525,28.729],[-81.475,28.753],[-81.43,28.775],[-81.425,28.777],[-81.375,28.802],[-81.328,28.825],[-81.325,28.826],[-81.275,28.851],[-81.225,28.875],[-81.225,28.875],[-81.175,28.899],[-81.125,28.922],[-81.119,28.925],[-81.075,28.945],[-81.025,28.967]]]}},{"type":"Feature","properties":{"date":"2007-02-23","label":"23 Feb","yday":54,"tier":"day","major":false},"geometry":{"type":"MultiLineString","coordinates":[[[-82.625,28.465],[-82.586,28.475],[-82.575,28.478],[-82.525,28.492],[-82.475,28.506],[-82.425,28.52],[-82.407,28.525],[-82.375,28.534],[-82.325,28.55],[-82.275,28.565],[-82.243,28.575],[-82.225,28.581],[-82.175,28.597],[-82.125,28.614],[-82.093,28.625],[-82.075,28.631],[-82.025,28.649],[-81.975,28.667],[-81.955,28.675],[-81.925,28.686],[-81.875,28.706],[-81.829,28.725],[-81.825,28.727],[-81.775,28.748],[-81.725,28.77],[-81.713,28.775],[-81.675,28.792],[-81.625,28.815],[-81.604,28.825],[-81.575,28.839],[-81.525,28.863],[-81.499,28.875],[-81.475,28.887],[-81.425,28.911],[-81.395,28.925],[-81.375,28.935],[-81.325,28.959],[-81.291,28.975],[-81.275,28.982],[-81.225,29.006],[-81.183,29.025],[-81.175,29.029],[-81.125,29.051],[-81.075,29.073],[-81.071,29.075],[-81.025,29.095],[-80.975,29.115]]]}},{"type":"Feature","properties":{"date":"2007-02-24","label":"24 Feb","yday":55,"tier":"five","major":false},"geometry":{"type":"MultiLineString","coordinates":[[[-82.625,28.583],[-82.575,28.598],[-82.525,28.612],[-82.482,28.625],[-82.475,28.627],[-82.425,28.642],[-82.375,28.658],[-82.325,28.674],[-82.321,28.675],[-82.275,28.69],[-82.225,28.707],[-82.175,28.724],[-82.172,28.725],[-82.125,28.742],[-82.075,28.76],[-82.034,28.775],[-82.025,28.778],[-81.975,28.798],[-81.925,28.818],[-81.907,28.825],[-81.875,28.838],[-81.825,28.859],[-81.789,28.875],[-81.775,28.881],[-81.725,28.904],[-81.678,28.925],[-81.675,28.927],[-81.625,28.95],[-81.575,28.973],[-81.571,28.975],[-81.525,28.997],[-81.475,29.021],[-81.466,29.025],[-81.425,29.044],[-81.375,29.068],[-81.359,29.075],[-81.325,29.091],[-81.275,29.114],[-81.25,29.125],[-81.225,29.136],[-81.175,29.158],[-81.136,29.175],[-81.125,29.18],[-81.075,29.2],[-81.025,29.221],[-81.022,29.222]]]}},{"type":"Feature","properties":{"date":"2007-02-25","label":"25 Feb","yday":56,"tier":"day","major":false},"geometry":{"type":"MultiLineString","coordinates":[[[-82.625,28.705],[-82.575,28.72],[-82.56,28.725],[-82.525,28.736],[-82.475,28.751],[-82.425,28.767],[-82.402,28.775],[-82.375,28.784],[-82.325,28.8],[-82.275,28.818],[-82.254,28.825],[-82.225,28.835],[-82.175,28.853],[-82.125,28.872],[-82.116,28.875],[-82.075,28.891],[-82.025,28.91],[-81.988,28.925],[-81.975,28.93],[-81.925,28.951],[-81.875,28.972],[-81.869,28.975],[-81.825,28.994],[-81.775,29.016],[-81.756,29.025],[-81.725,29.039],[-81.675,29.062],[-81.647,29.075],[-81.625,29.085],[-81.575,29.108],[-81.539,29.125],[-81.525,29.132],[-81.475,29.155],[-81.431,29.175],[-81.425,29.178],[-81.375,29.2],[-81.325,29.223],[-81.32,29.225],[-81.275,29.245],[-81.225,29.266],[-81.204,29.275],[-81.175,29.287],[-81.125,29.308],[-81.082,29.325],[-81.075,29.328]]]}},{"type":"Feature","properties":{"date":"2007-02-26","label":"26 Feb","yday":57,"tier":"day","major":false},"geometry":{"type":"MultiLineString","coordinates":[[[-82.625,28.829],[-82.575,28.845],[-82.525,28.862],[-82.484,28.875],[-82.475,28.878],[-82.425,28.895],[-82.375,28.912],[-82.338,28.925],[-82.325,28.93],[-82.275,28.947],[-82.225,28.966],[-82.2,28.975],[-82.175,28.985],[-82.125,29.004],[-82.075,29.024],[-82.072,29.025],[-82.025,29.044],[-81.975,29.065],[-81.951,29.075],[-81.925,29.086],[-81.875,29.108],[-81.837,29.125],[-81.825,29.13],[-81.775,29.153],[-81.726,29.175],[-81.725,29.176],[-81.675,29.198],[-81.625,29.221],[-81.617,29.225],[-81.575,29.244],[-81.525,29.267],[-81.507,29.275],[-81.475,29.29],[-81.425,29.312],[-81.395,29.325],[-81.375,29.334],[-81.325,29.355],[-81.278,29.375],[-81.275,29.376],[-81.225,29.397],[-81.175,29.417],[-81.154,29.425],[-81.125,29.436]]]}},{"type":"Feature","properties":{"date":"2007-02-27","label":"27 Feb","yday":58,"tier":"day","major":false},"geometry":{"type":"MultiLineString","coordinates":[[[-82.686,28.936],[-82.675,28.94],[-82.625,28.957],[-82.575,28.973],[-82.57,28.975],[-82.525,28.99],[-82.475,29.008],[-82.425,29.025],[-82.425,29.025],[-82.375,29.043],[-82.325,29.061],[-82.288,29.075],[-82.275,29.08],[-82.225,29.099],[-82.175,29.118],[-82.159,29.125],[-82.125,29.139],[-82.075,29.159],[-82.037,29.175],[-82.025,29.18],[-81.975,29.202],[-81.925,29.223],[-81.922,29.225],[-81.875,29.246],[-81.825,29.268],[-81.81,29.275],[-81.775,29.291],[-81.725,29.313],[-81.699,29.325],[-81.675,29.336],[-81.625,29.359],[-81.588,29.375],[-81.575,29.381],[-81.525,29.403],[-81.475,29.425],[-81.475,29.425],[-81.425,29.447],[-81.375,29.468],[-81.357,29.475],[-81.325,29.488],[-81.275,29.508],[-81.233,29.525],[-81.225,29.528],[-81.175,29.547]]]}},{"type":"Feature","properties":{"date":"2007-02-28","label":"28 Feb","yday":59,"tier":"day","major":false},"geometry":{"type":"MultiLineString","coordinates":[[[-82.725,29.053],[-82.675,29.07],[-82.66,29.075],[-82.625,29.087],[-82.575,29.104],[-82.525,29.122],[-82.516,29.125],[-82.475,29.14],[-82.425,29.158],[-82.379,29.175],[-82.375,29.177],[-82.325,29.196],[-82.275,29.215],[-82.25,29.225],[-82.225,29.235],[-82.175,29.255],[-82.127,29.275],[-82.125,29.276],[-82.075,29.297],[-82.025,29.319],[-82.01,29.325],[-81.975,29.34],[-81.925,29.363],[-81.897,29.375],[-81.875,29.385],[-81.825,29.408],[-81.786,29.425],[-81.775,29.43],[-81.725,29.453],[-81.675,29.475],[-81.675,29.475],[-81.625,29.497],[-81.575,29.519],[-81.561,29.525],[-81.525,29.541],[-81.475,29.562],[-81.443,29.575],[-81.425,29.582],[-81.375,29.603],[-81.325,29.622],[-81.318,29.625],[-81.275,29.641],[-81.225,29.66]]]}},{"type":"Feature","properties":{"date":"2007-03-01","label":"1 Mar","yday":60,"tier":"index","major":true},"geometry":{"type":"MultiLineString","coordinates":[[[-82.806,29.156],[-82.775,29.167],[-82.753,29.175],[-82.725,29.185],[-82.675,29.203],[-82.625,29.221],[-82.613,29.225],[-82.575,29.239],[-82.525,29.257],[-82.476,29.275],[-82.475,29.275],[-82.425,29.294],[-82.375,29.314],[-82.346,29.325],[-82.325,29.333],[-82.275,29.353],[-82.225,29.374],[-82.222,29.375],[-82.175,29.395],[-82.125,29.416],[-82.104,29.425],[-82.075,29.437],[-82.025,29.459],[-81.99,29.475],[-81.975,29.482],[-81.925,29.504],[-81.879,29.525],[-81.875,29.527],[-81.825,29.549],[-81.775,29.572],[-81.767,29.575],[-81.725,29.594],[-81.675,29.616],[-81.654,29.625],[-81.625,29.637],[-81.575,29.659],[-81.535,29.675],[-81.525,29.679],[-81.475,29.7],[-81.425,29.719],[-81.41,29.725],[-81.375,29.738],[-81.325,29.757],[-81.275,29.775]]]}},{"type":"Feature","properties":{"date":"2007-03-02","label":"2 Mar","yday":61,"tier":"day","major":false},"geometry":{"type":"MultiLineString","coordinates":[[[-83.025,29.213],[-82.992,29.225],[-82.975,29.231],[-82.925,29.249],[-82.875,29.267],[-82.852,29.275],[-82.825,29.285],[-82.775,29.303],[-82.725,29.321],[-82.714,29.325],[-82.675,29.339],[-82.625,29.358],[-82.579,29.375],[-82.575,29.377],[-82.525,29.396],[-82.475,29.415],[-82.448,29.425],[-82.425,29.434],[-82.375,29.454],[-82.325,29.474],[-82.323,29.475],[-82.275,29.495],[-82.225,29.515],[-82.203,29.525],[-82.175,29.537],[-82.125,29.559],[-82.088,29.575],[-82.075,29.581],[-82.025,29.603],[-81.977,29.625],[-81.975,29.626],[-81.925,29.648],[-81.875,29.671],[-81.866,29.675],[-81.825,29.693],[-81.775,29.715],[-81.753,29.725],[-81.725,29.737],[-81.675,29.758],[-81.635,29.775],[-81.625,29.779],[-81.575,29.799],[-81.525,29.819],[-81.509,29.825],[-81.475,29.838],[-81.425,29.856],[-81.375,29.874],[-81.373,29.875],[-81.325,29.891]]]}},{"type":"Feature","properties":{"date":"2007-03-03","label":"3 Mar","yday":62,"tier":"day","major":false},"geometry":{"type":"MultiLineString","coordinates":[[[-83.116,29.316],[-83.092,29.325],[-83.075,29.331],[-83.025,29.35],[-82.975,29.368],[-82.957,29.375],[-82.925,29.387],[-82.875,29.406],[-82.825,29.424],[-82.822,29.425],[-82.775,29.443],[-82.725,29.462],[-82.69,29.475],[-82.675,29.481],[-82.625,29.5],[-82.575,29.519],[-82.559,29.525],[-82.525,29.538],[-82.475,29.558],[-82.432,29.575],[-82.425,29.578],[-82.375,29.598],[-82.325,29.619],[-82.31,29.625],[-82.275,29.64],[-82.225,29.661],[-82.193,29.675],[-82.175,29.683],[-82.125,29.706],[-82.082,29.725],[-82.075,29.728],[-82.025,29.751],[-81.975,29.774],[-81.972,29.775],[-81.925,29.796],[-81.875,29.818],[-81.859,29.825],[-81.825,29.84],[-81.775,29.861],[-81.742,29.875],[-81.725,29.882],[-81.675,29.902],[-81.625,29.922],[-81.617,29.925],[-81.575,29.941],[-81.525,29.959],[-81.479,29.975],[-81.475,29.976],[-81.425,29.993],[-81.375,30.009],[-81.325,30.025]]]}},{"type":"Feature","properties":{"date":"2007-03-04","label":"4 Mar","yday":63,"tier":"day","major":false},"geometry":{"type":"MultiLineString","coordinates":[[[-83.218,29.418],[-83.198,29.425],[-83.175,29.434],[-83.125,29.453],[-83.075,29.472],[-83.068,29.475],[-83.025,29.491],[-82.975,29.511],[-82.937,29.525],[-82.925,29.53],[-82.875,29.549],[-82.825,29.568],[-82.808,29.575],[-82.775,29.588],[-82.725,29.607],[-82.68,29.625],[-82.675,29.627],[-82.625,29.647],[-82.575,29.666],[-82.553,29.675],[-82.525,29.686],[-82.475,29.707],[-82.43,29.725],[-82.425,29.727],[-82.375,29.748],[-82.325,29.769],[-82.312,29.775],[-82.275,29.791],[-82.225,29.813],[-82.198,29.825],[-82.175,29.835],[-82.125,29.858],[-82.087,29.875],[-82.075,29.88],[-82.025,29.902],[-81.975,29.924],[-81.973,29.925],[-81.925,29.946],[-81.875,29.967],[-81.856,29.975],[-81.825,29.988],[-81.775,30.008],[-81.731,30.025],[-81.725,30.027],[-81.675,30.046],[-81.625,30.064],[-81.593,30.075],[-81.575,30.081],[-81.525,30.097],[-81.475,30.113],[-81.436,30.125],[-81.425,30.128],[-81.375,30.143]]]}},{"type":"Feature","properties":{"date":"2007-03-05","label":"5 Mar","yday":64,"tier":"day","major":false},"geometry":{"type":"MultiLineString","coordinates":[[[-83.321,29.521],[-83.31,29.525],[-83.275,29.539],[-83.225,29.559],[-83.184,29.575],[-83.175,29.579],[-83.125,29.599],[-83.075,29.618],[-83.058,29.625],[-83.025,29.638],[-82.975,29.658],[-82.933,29.675],[-82.925,29.678],[-82.875,29.698],[-82.825,29.718],[-82.809,29.725],[-82.775,29.739],[-82.725,29.759],[-82.685,29.775],[-82.675,29.779],[-82.625,29.8],[-82.575,29.82],[-82.563,29.825],[-82.525,29.841],[-82.475,29.862],[-82.444,29.875],[-82.425,29.883],[-82.375,29.904],[-82.327,29.925],[-82.325,29.926],[-82.275,29.948],[-82.225,29.969],[-82.212,29.975],[-82.175,29.991],[-82.125,30.013],[-82.096,30.025],[-82.075,30.034],[-82.025,30.055],[-81.977,30.075],[-81.975,30.076],[-81.925,30.096],[-81.875,30.116],[-81.851,30.125],[-81.825,30.135],[-81.775,30.153],[-81.725,30.171],[-81.714,30.175],[-81.675,30.188],[-81.625,30.204],[-81.575,30.219],[-81.554,30.225],[-81.525,30.233],[-81.475,30.247],[-81.425,30.261],[-81.414,30.264]]]}},{"type":"Feature","properties":{"date":"2007-03-06","label":"6 Mar","yday":65,"tier":"five","major":false},"geometry":{"type":"MultiLineString","coordinates":[[[-83.39,29.64],[-83.375,29.646],[-83.325,29.667],[-83.306,29.675],[-83.275,29.688],[-83.225,29.708],[-83.185,29.725],[-83.175,29.729],[-83.125,29.75],[-83.075,29.771],[-83.064,29.775],[-83.025,29.791],[-82.975,29.812],[-82.944,29.825],[-82.925,29.833],[-82.875,29.854],[-82.825,29.875],[-82.824,29.875],[-82.775,29.896],[-82.725,29.916],[-82.704,29.925],[-82.675,29.937],[-82.625,29.958],[-82.585,29.975],[-82.575,29.979],[-82.525,30.0],[-82.475,30.022],[-82.467,30.025],[-82.425,30.043],[-82.375,30.064],[-82.349,30.075],[-82.325,30.085],[-82.275,30.106],[-82.229,30.125],[-82.225,30.127],[-82.175,30.147],[-82.125,30.167],[-82.106,30.175],[-82.075,30.187],[-82.025,30.206],[-81.976,30.225],[-81.975,30.225],[-81.925,30.244],[-81.875,30.261],[-81.835,30.275],[-81.825,30.278],[-81.775,30.294],[-81.725,30.31],[-81.675,30.325],[-81.674,30.325],[-81.625,30.339],[-81.575,30.352],[-81.525,30.366],[-81.489,30.375],[-81.475,30.379],[-81.425,30.392]]]}},{"type":"Feature","properties":{"date":"2007-03-07","label":"7 Mar","yday":66,"tier":"day","major":false},"geometry":{"type":"MultiLineString","coordinates":[[[-83.532,29.732],[-83.525,29.735],[-83.475,29.757],[-83.432,29.775],[-83.425,29.778],[-83.375,29.8],[-83.325,29.821],[-83.317,29.825],[-83.275,29.843],[-83.225,29.865],[-83.201,29.875],[-83.175,29.886],[-83.125,29.908],[-83.085,29.925],[-83.075,29.929],[-83.025,29.951],[-82.975,29.972],[-82.969,29.975],[-82.925,29.994],[-82.875,30.015],[-82.853,30.025],[-82.825,30.037],[-82.775,30.058],[-82.735,30.075],[-82.725,30.079],[-82.675,30.101],[-82.625,30.122],[-82.617,30.125],[-82.575,30.143],[-82.525,30.163],[-82.497,30.175],[-82.475,30.184],[-82.425,30.204],[-82.375,30.225],[-82.374,30.225],[-82.325,30.245],[-82.275,30.264],[-82.247,30.275],[-82.225,30.283],[-82.175,30.302],[-82.125,30.32],[-82.112,30.325],[-82.075,30.338],[-82.025,30.355],[-81.975,30.372],[-81.965,30.375],[-81.925,30.388],[-81.875,30.403],[-81.825,30.418],[-81.799,30.425],[-81.775,30.432],[-81.725,30.445],[-81.675,30.459],[-81.625,30.472],[-81.613,30.475],[-81.575,30.485],[-81.525,30.497],[-81.475,30.51]]]}},{"type":"Feature","properties":{"date":"2007-03-08","label":"8 Mar","yday":67,"tier":"day","major":false},"geometry":{"type":"MultiLineString","coordinates":[[[-83.606,29.856],[-83.575,29.87],[-83.564,29.875],[-83.525,29.893],[-83.475,29.915],[-83.453,29.925],[-83.425,29.938],[-83.375,29.96],[-83.342,29.975],[-83.325,29.983],[-83.275,30.005],[-83.231,30.025],[-83.225,30.028],[-83.175,30.05],[-83.125,30.072],[-83.119,30.075],[-83.075,30.095],[-83.025,30.117],[-83.007,30.125],[-82.975,30.139],[-82.925,30.161],[-82.893,30.175],[-82.875,30.183],[-82.825,30.204],[-82.776,30.225],[-82.775,30.226],[-82.725,30.247],[-82.675,30.268],[-82.657,30.275],[-82.625,30.288],[-82.575,30.308],[-82.533,30.325],[-82.525,30.328],[-82.475,30.348],[-82.425,30.367],[-82.404,30.375],[-82.375,30.386],[-82.325,30.404],[-82.275,30.422],[-82.266,30.425],[-82.225,30.439],[-82.175,30.456],[-82.125,30.472],[-82.116,30.475],[-82.075,30.488],[-82.025,30.503],[-81.975,30.518],[-81.948,30.525],[-81.925,30.532],[-81.875,30.545],[-81.825,30.558],[-81.775,30.571],[-81.758,30.575],[-81.725,30.583],[-81.675,30.595],[-81.625,30.607],[-81.575,30.619],[-81.55,30.625],[-81.525,30.631],[-81.475,30.642]]]}},{"type":"Feature","properties":{"date":"2007-03-09","label":"9 Mar","yday":68,"tier":"day","major":false},"geometry":{"type":"MultiLineString","coordinates":[[[-83.718,29.968],[-83.702,29.975],[-83.675,29.987],[-83.625,30.011],[-83.594,30.025],[-83.575,30.034],[-83.525,30.057],[-83.487,30.075],[-83.475,30.081],[-83.425,30.104],[-83.381,30.125],[-83.375,30.128],[-83.325,30.151],[-83.275,30.175],[-83.274,30.175],[-83.225,30.198],[-83.175,30.221],[-83.166,30.225],[-83.125,30.244],[-83.075,30.266],[-83.056,30.275],[-83.025,30.289],[-82.975,30.311],[-82.943,30.325],[-82.925,30.333],[-82.875,30.355],[-82.827,30.375],[-82.825,30.376],[-82.775,30.397],[-82.725,30.417],[-82.705,30.425],[-82.675,30.437],[-82.625,30.457],[-82.577,30.475],[-82.575,30.476],[-82.525,30.495],[-82.475,30.513],[-82.44,30.525],[-82.425,30.53],[-82.375,30.547],[-82.325,30.564],[-82.291,30.575],[-82.275,30.58],[-82.225,30.596],[-82.175,30.611],[-82.125,30.625],[-82.125,30.625],[-82.075,30.639],[-82.025,30.652],[-81.975,30.665],[-81.935,30.675],[-81.925,30.678],[-81.875,30.69],[-81.825,30.701],[-81.775,30.713],[-81.725,30.724],[-81.72,30.725],[-81.675,30.735],[-81.625,30.746],[-81.575,30.756],[-81.525,30.767]]]}},{"type":"Feature","properties":{"date":"2007-03-10","label":"10 Mar","yday":69,"tier":"day","major":false},"geometry":{"type":"MultiLineString","coordinates":[[[-83.9,30.05],[-83.875,30.061],[-83.845,30.075],[-83.825,30.085],[-83.775,30.109],[-83.741,30.125],[-83.725,30.133],[-83.675,30.157],[-83.638,30.175],[-83.625,30.181],[-83.575,30.206],[-83.535,30.225],[-83.525,30.23],[-83.475,30.254],[-83.433,30.275],[-83.425,30.279],[-83.375,30.303],[-83.329,30.325],[-83.325,30.327],[-83.275,30.351],[-83.225,30.374],[-83.224,30.375],[-83.175,30.398],[-83.125,30.421],[-83.116,30.425],[-83.075,30.444],[-83.025,30.466],[-83.004,30.475],[-82.975,30.488],[-82.925,30.509],[-82.887,30.525],[-82.875,30.53],[-82.825,30.551],[-82.775,30.571],[-82.764,30.575],[-82.725,30.59],[-82.675,30.609],[-82.631,30.625],[-82.625,30.627],[-82.575,30.645],[-82.525,30.662],[-82.486,30.675],[-82.475,30.679],[-82.425,30.695],[-82.375,30.71],[-82.326,30.725],[-82.325,30.725],[-82.275,30.74],[-82.225,30.754],[-82.175,30.767],[-82.143,30.775],[-82.125,30.78],[-82.075,30.792],[-82.025,30.804],[-81.975,30.815],[-81.931,30.825],[-81.925,30.826],[-81.875,30.837],[-81.825,30.847],[-81.775,30.857],[-81.725,30.867],[-81.684,30.875],[-81.675,30.877],[-81.625,30.886],[-81.575,30.895],[-81.525,30.904],[-81.508,30.908]]]}},{"type":"Feature","properties":{"date":"2007-03-11","label":"11 Mar","yday":70,"tier":"five","major":false},"geometry":{"type":"MultiLineString","coordinates":[[[-85.194,29.694],[-85.175,29.7],[-85.125,29.716],[-85.097,29.725],[-85.075,29.732],[-85.025,29.749],[-84.988,29.762]],[[-84.953,29.775],[-84.925,29.785],[-84.909,29.791]],[[-84.86,29.81],[-84.825,29.823],[-84.82,29.825],[-84.775,29.842],[-84.725,29.862],[-84.691,29.875],[-84.675,29.881],[-84.625,29.901],[-84.581,29.919]],[[-84.566,29.925],[-84.525,29.942],[-84.475,29.962],[-84.466,29.966]],[[-84.396,29.996],[-84.375,30.004]],[[-84.187,30.087],[-84.175,30.092],[-84.144,30.106]],[[-84.103,30.125],[-84.075,30.138],[-84.025,30.162],[-83.997,30.175],[-83.975,30.186],[-83.925,30.21],[-83.895,30.225],[-83.875,30.235],[-83.825,30.26],[-83.794,30.275],[-83.775,30.285],[-83.725,30.31],[-83.694,30.325],[-83.675,30.335],[-83.625,30.36],[-83.595,30.375],[-83.575,30.385],[-83.525,30.41],[-83.495,30.425],[-83.475,30.435],[-83.425,30.46],[-83.395,30.475],[-83.375,30.485],[-83.325,30.509],[-83.292,30.525],[-83.275,30.533],[-83.225,30.557],[-83.186,30.575],[-83.175,30.58],[-83.125,30.603],[-83.075,30.625],[-83.075,30.625],[-83.025,30.647],[-82.975,30.668],[-82.957,30.675],[-82.925,30.688],[-82.875,30.708],[-82.831,30.725],[-82.825,30.727],[-82.775,30.746],[-82.725,30.764],[-82.693,30.775],[-82.675,30.781],[-82.625,30.798],[-82.575,30.815],[-82.543,30.825],[-82.525,30.831],[-82.475,30.846],[-82.425,30.86],[-82.375,30.875],[-82.373,30.875],[-82.325,30.888],[-82.275,30.901],[-82.225,30.914],[-82.177,30.925],[-82.175,30.925],[-82.125,30.937],[-82.075,30.948],[-82.025,30.958],[-81.975,30.968],[-81.939,30.975],[-81.925,30.978],[-81.875,30.987],[-81.825,30.996],[-81.775,31.005],[-81.725,31.013],[-81.675,31.021],[-81.651,31.025],[-81.625,31.029],[-81.575,31.037],[-81.525,31.045],[-81.475,31.053],[-81.425,31.061]]]}},{"type":"Feature","properties":{"date":"2007-03-12","label":"12 Mar","yday":71,"tier":"day","major":false},"geometry":{"type":"MultiLineString","coordinates":[[[-85.29,29.84],[-85.275,29.844],[-85.225,29.86],[-85.178,29.875],[-85.175,29.876],[-85.125,29.893],[-85.075,29.91],[-85.03,29.925],[-85.025,29.927],[-84.975,29.945],[-84.925,29.963],[-84.891,29.975],[-84.875,29.981],[-84.825,30.0],[-84.775,30.019],[-84.758,30.025],[-84.725,30.038],[-84.675,30.057],[-84.629,30.075],[-84.625,30.077],[-84.575,30.096],[-84.525,30.116],[-84.504,30.125],[-84.475,30.137],[-84.425,30.158],[-84.384,30.175],[-84.375,30.179],[-84.325,30.2],[-84.275,30.222],[-84.269,30.225],[-84.225,30.245],[-84.175,30.269],[-84.161,30.275],[-84.125,30.293],[-84.075,30.317],[-84.059,30.325],[-84.025,30.342],[-83.975,30.367],[-83.959,30.375],[-83.925,30.392],[-83.875,30.418],[-83.861,30.425],[-83.825,30.443],[-83.775,30.469],[-83.763,30.475],[-83.725,30.495],[-83.675,30.52],[-83.666,30.525],[-83.625,30.546],[-83.575,30.572],[-83.568,30.575],[-83.525,30.597],[-83.475,30.622],[-83.469,30.625],[-83.425,30.647],[-83.375,30.671],[-83.367,30.675],[-83.325,30.695],[-83.275,30.719],[-83.262,30.725],[-83.225,30.742],[-83.175,30.765],[-83.152,30.775],[-83.125,30.787],[-83.075,30.808],[-83.033,30.825],[-83.025,30.828],[-82.975,30.848],[-82.925,30.867],[-82.903,30.875],[-82.875,30.885],[-82.825,30.903],[-82.775,30.921],[-82.762,30.925],[-82.725,30.937],[-82.675,30.954],[-82.625,30.97],[-82.607,30.975],[-82.575,30.985],[-82.525,30.999],[-82.475,31.014],[-82.433,31.025],[-82.425,31.027],[-82.375,31.04],[-82.325,31.052],[-82.275,31.064],[-82.227,31.075],[-82.225,31.075],[-82.175,31.086],[-82.125,31.096],[-82.075,31.106],[-82.025,31.115],[-81.975,31.124],[-81.968,31.125],[-81.925,31.132],[-81.875,31.14],[-81.825,31.148],[-81.775,31.155],[-81.725,31.163],[-81.675,31.17],[-81.636,31.175],[-81.625,31.177],[-81.575,31.183],[-81.525,31.19],[-81.475,31.197],[-81.449,31.201]],[[-81.407,31.207],[-81.375,31.211],[-81.332,31.218]]]}},{"type":"Feature","properties":{"date":"2007-03-13","label":"13 Mar","yday":72,"tier":"day","major":false},"geometry":{"type":"MultiLineString","coordinates":[[[-85.452,29.975],[-85.425,29.984],[-85.375,30.0],[-85.325,30.016],[-85.298,30.025],[-85.275,30.032],[-85.225,30.049],[-85.175,30.065],[-85.145,30.075],[-85.125,30.082],[-85.075,30.099],[-85.025,30.116],[-84.999,30.125],[-84.975,30.133],[-84.925,30.151],[-84.875,30.169],[-84.858,30.175],[-84.825,30.187],[-84.775,30.205],[-84.725,30.224],[-84.722,30.225],[-84.675,30.243],[-84.625,30.262],[-84.591,30.275],[-84.575,30.281],[-84.525,30.301],[-84.475,30.321],[-84.465,30.325],[-84.425,30.342],[-84.375,30.363],[-84.347,30.375],[-84.325,30.385],[-84.275,30.408],[-84.24,30.425],[-84.225,30.432],[-84.175,30.457],[-84.138,30.475],[-84.125,30.481],[-84.075,30.507],[-84.039,30.525],[-84.025,30.532],[-83.975,30.558],[-83.941,30.575],[-83.925,30.583],[-83.875,30.609],[-83.844,30.625],[-83.825,30.635],[-83.775,30.66],[-83.746,30.675],[-83.725,30.686],[-83.675,30.711],[-83.648,30.725],[-83.625,30.737],[-83.575,30.762],[-83.548,30.775],[-83.525,30.786],[-83.475,30.811],[-83.446,30.825],[-83.425,30.835],[-83.375,30.859],[-83.34,30.875],[-83.325,30.882],[-83.275,30.905],[-83.229,30.925],[-83.225,30.927],[-83.175,30.948],[-83.125,30.968],[-83.108,30.975],[-83.075,30.988],[-83.025,31.007],[-82.975,31.025],[-82.975,31.025],[-82.925,31.043],[-82.875,31.06],[-82.831,31.075],[-82.825,31.077],[-82.775,31.093],[-82.725,31.109],[-82.675,31.125],[-82.674,31.125],[-82.625,31.14],[-82.575,31.154],[-82.525,31.168],[-82.499,31.175],[-82.475,31.181],[-82.425,31.194],[-82.375,31.206],[-82.325,31.218],[-82.291,31.225],[-82.275,31.228],[-82.225,31.239],[-82.175,31.248],[-82.125,31.257],[-82.075,31.266],[-82.025,31.274],[-82.022,31.275],[-81.975,31.282],[-81.925,31.29],[-81.875,31.297],[-81.825,31.304],[-81.775,31.31],[-81.725,31.317],[-81.675,31.323],[-81.658,31.325],[-81.625,31.329],[-81.575,31.335],[-81.525,31.341],[-81.475,31.347],[-81.425,31.354],[-81.392,31.358]]]}},{"type":"Feature","properties":{"date":"2007-03-14","label":"14 Mar","yday":73,"tier":"day","major":false},"geometry":{"type":"MultiLineString","coordinates":[[[-85.615,30.115],[-85.587,30.125],[-85.575,30.129],[-85.568,30.132]],[[-85.504,30.154],[-85.475,30.164],[-85.441,30.175],[-85.425,30.18],[-85.375,30.197],[-85.325,30.213],[-85.29,30.225],[-85.275,30.23],[-85.225,30.247],[-85.175,30.263],[-85.14,30.275],[-85.125,30.28],[-85.075,30.297],[-85.025,30.314],[-84.994,30.325],[-84.975,30.331],[-84.925,30.349],[-84.875,30.366],[-84.851,30.375],[-84.825,30.384],[-84.775,30.402],[-84.725,30.421],[-84.713,30.425],[-84.675,30.439],[-84.625,30.458],[-84.582,30.475],[-84.575,30.478],[-84.525,30.498],[-84.475,30.518],[-84.459,30.525],[-84.425,30.54],[-84.375,30.562],[-84.346,30.575],[-84.325,30.584],[-84.275,30.608],[-84.239,30.625],[-84.225,30.632],[-84.175,30.656],[-84.136,30.675],[-84.125,30.68],[-84.075,30.705],[-84.035,30.725],[-84.025,30.73],[-83.975,30.755],[-83.934,30.775],[-83.925,30.78],[-83.875,30.804],[-83.834,30.825],[-83.825,30.829],[-83.775,30.854],[-83.732,30.875],[-83.725,30.878],[-83.675,30.903],[-83.629,30.925],[-83.625,30.927],[-83.575,30.951],[-83.525,30.974],[-83.523,30.975],[-83.475,30.997],[-83.425,31.02],[-83.413,31.025],[-83.375,31.042],[-83.325,31.063],[-83.297,31.075],[-83.275,31.084],[-83.225,31.105],[-83.175,31.124],[-83.173,31.125],[-83.125,31.143],[-83.075,31.162],[-83.038,31.175],[-83.025,31.18],[-82.975,31.197],[-82.925,31.214],[-82.893,31.225],[-82.875,31.231],[-82.825,31.247],[-82.775,31.263],[-82.735,31.275],[-82.725,31.278],[-82.675,31.293],[-82.625,31.307],[-82.575,31.321],[-82.561,31.325],[-82.525,31.334],[-82.475,31.347],[-82.425,31.359],[-82.375,31.371],[-82.357,31.375],[-82.325,31.382],[-82.275,31.392],[-82.225,31.402],[-82.175,31.412],[-82.125,31.42],[-82.096,31.425],[-82.075,31.429],[-82.025,31.436],[-81.975,31.444],[-81.925,31.451],[-81.875,31.457],[-81.825,31.463],[-81.775,31.469],[-81.725,31.475],[-81.725,31.475],[-81.675,31.48],[-81.625,31.486],[-81.575,31.491],[-81.525,31.496],[-81.475,31.502],[-81.425,31.507],[-81.375,31.512],[-81.325,31.518],[-81.275,31.523],[-81.259,31.525],[-81.225,31.529],[-81.175,31.534]]]}},{"type":"Feature","properties":{"date":"2007-03-15","label":"15 Mar","yday":74,"tier":"day","major":false},"geometry":{"type":"MultiLineString","coordinates":[[[-94.675,29.721],[-94.625,29.71],[-94.575,29.699],[-94.525,29.688],[-94.475,29.677],[-94.473,29.677]],[[-85.851,30.225],[-85.832,30.232]],[[-85.688,30.288],[-85.675,30.294],[-85.625,30.312],[-85.59,30.325],[-85.575,30.33],[-85.525,30.348],[-85.475,30.366],[-85.449,30.375],[-85.425,30.383],[-85.375,30.401],[-85.325,30.418],[-85.304,30.425],[-85.275,30.435],[-85.225,30.452],[-85.175,30.469],[-85.158,30.475],[-85.125,30.486],[-85.075,30.503],[-85.025,30.521],[-85.012,30.525],[-84.975,30.538],[-84.925,30.555],[-84.875,30.573],[-84.868,30.575],[-84.825,30.59],[-84.775,30.608],[-84.73,30.625],[-84.725,30.627],[-84.675,30.645],[-84.625,30.665],[-84.598,30.675],[-84.575,30.684],[-84.525,30.704],[-84.475,30.725],[-84.475,30.725],[-84.425,30.746],[-84.375,30.768],[-84.359,30.775],[-84.325,30.79],[-84.275,30.813],[-84.248,30.825],[-84.225,30.835],[-84.175,30.859],[-84.14,30.875],[-84.125,30.882],[-84.075,30.905],[-84.033,30.925],[-84.025,30.929],[-83.975,30.952],[-83.926,30.975],[-83.925,30.975],[-83.875,30.999],[-83.825,31.022],[-83.818,31.025],[-83.775,31.045],[-83.725,31.068],[-83.709,31.075],[-83.675,31.09],[-83.625,31.112],[-83.596,31.125],[-83.575,31.134],[-83.525,31.156],[-83.48,31.175],[-83.475,31.177],[-83.425,31.198],[-83.375,31.218],[-83.357,31.225],[-83.325,31.238],[-83.275,31.257],[-83.229,31.275],[-83.225,31.276],[-83.175,31.295],[-83.125,31.313],[-83.092,31.325],[-83.075,31.331],[-83.025,31.348],[-82.975,31.365],[-82.946,31.375],[-82.925,31.382],[-82.875,31.398],[-82.825,31.414],[-82.79,31.425],[-82.775,31.43],[-82.725,31.444],[-82.675,31.459],[-82.625,31.473],[-82.617,31.475],[-82.575,31.486],[-82.525,31.5],[-82.475,31.512],[-82.425,31.524],[-82.422,31.525],[-82.375,31.536],[-82.325,31.547],[-82.275,31.557],[-82.225,31.567],[-82.183,31.575],[-82.175,31.576],[-82.125,31.585],[-82.075,31.593],[-82.025,31.6],[-81.975,31.607],[-81.925,31.614],[-81.875,31.62],[-81.828,31.625],[-81.825,31.625],[-81.775,31.631],[-81.725,31.636],[-81.675,31.64],[-81.625,31.645],[-81.575,31.649],[-81.525,31.654],[-81.475,31.658],[-81.425,31.662],[-81.375,31.667],[-81.325,31.671],[-81.278,31.675],[-81.275,31.675],[-81.225,31.68]]]}},{"type":"Feature","properties":{"date":"2007-03-16","label":"16 Mar","yday":75,"tier":"index","major":true},"geometry":{"type":"MultiLineString","coordinates":[[[-89.636,30.186],[-89.625,30.183],[-89.596,30.175]],[[-89.975,30.283],[-89.947,30.275]],[[-86.119,30.325],[-86.075,30.344],[-86.025,30.365],[-86.0,30.375],[-85.975,30.386],[-85.925,30.406],[-85.878,30.425],[-85.875,30.426],[-85.825,30.446],[-85.775,30.466],[-85.75,30.475],[-85.725,30.485],[-85.675,30.504],[-85.625,30.522],[-85.617,30.525],[-85.575,30.54],[-85.525,30.559],[-85.479,30.575],[-85.475,30.576],[-85.425,30.594],[-85.375,30.612],[-85.337,30.625],[-85.325,30.629],[-85.275,30.647],[-85.225,30.664],[-85.193,30.675],[-85.175,30.681],[-85.125,30.698],[-85.075,30.715],[-85.046,30.725],[-85.025,30.732],[-84.975,30.749],[-84.925,30.766],[-84.898,30.775],[-84.875,30.783],[-84.825,30.8],[-84.775,30.818],[-84.755,30.825],[-84.725,30.836],[-84.675,30.854],[-84.625,30.873],[-84.62,30.875],[-84.575,30.892],[-84.525,30.912],[-84.492,30.925],[-84.475,30.932],[-84.425,30.952],[-84.375,30.973],[-84.37,30.975],[-84.325,30.994],[-84.275,31.015],[-84.252,31.025],[-84.225,31.037],[-84.175,31.058],[-84.136,31.075],[-84.125,31.08],[-84.075,31.102],[-84.025,31.123],[-84.021,31.125],[-83.975,31.145],[-83.925,31.166],[-83.905,31.175],[-83.875,31.188],[-83.825,31.209],[-83.787,31.225],[-83.775,31.23],[-83.725,31.251],[-83.675,31.271],[-83.666,31.275],[-83.625,31.291],[-83.575,31.311],[-83.541,31.325],[-83.525,31.331],[-83.475,31.351],[-83.425,31.37],[-83.412,31.375],[-83.375,31.389],[-83.325,31.407],[-83.277,31.425],[-83.275,31.426],[-83.225,31.444],[-83.175,31.462],[-83.137,31.475],[-83.125,31.479],[-83.075,31.497],[-83.025,31.514],[-82.991,31.525],[-82.975,31.53],[-82.925,31.547],[-82.875,31.563],[-82.836,31.575],[-82.825,31.579],[-82.775,31.594],[-82.725,31.609],[-82.675,31.624],[-82.671,31.625],[-82.625,31.638],[-82.575,31.652],[-82.525,31.665],[-82.488,31.675],[-82.475,31.679],[-82.425,31.691],[-82.375,31.703],[-82.325,31.714],[-82.275,31.724],[-82.272,31.725],[-82.225,31.734],[-82.175,31.743],[-82.125,31.751],[-82.075,31.759],[-82.025,31.766],[-81.975,31.772],[-81.951,31.775],[-81.925,31.778],[-81.875,31.783],[-81.825,31.788],[-81.775,31.793],[-81.725,31.797],[-81.675,31.801],[-81.625,31.805],[-81.575,31.808],[-81.525,31.812],[-81.475,31.815],[-81.425,31.818],[-81.375,31.822],[-81.325,31.825],[-81.321,31.825],[-81.275,31.828],[-81.225,31.831],[-81.175,31.835],[-81.125,31.838],[-81.091,31.841]],[[-90.888,30.438],[-90.875,30.438],[-90.825,30.437],[-90.775,30.435],[-90.725,30.432],[-90.675,30.428],[-90.645,30.425],[-90.625,30.423],[-90.575,30.418],[-90.525,30.411],[-90.493,30.407]]]}},{"type":"Feature","properties":{"date":"2007-03-17","label":"17 Mar","yday":76,"tier":"day","major":false},"geometry":{"type":"MultiLineString","coordinates":[[[-94.375,30.089],[-94.325,30.078],[-94.31,30.075],[-94.275,30.067],[-94.225,30.057],[-94.175,30.046],[-94.157,30.043]],[[-86.212,30.512],[-86.183,30.525],[-86.175,30.528],[-86.125,30.549],[-86.075,30.57],[-86.062,30.575],[-86.025,30.59],[-85.975,30.61],[-85.935,30.625],[-85.925,30.629],[-85.875,30.648],[-85.825,30.667],[-85.802,30.675],[-85.775,30.685],[-85.725,30.703],[-85.675,30.721],[-85.663,30.725],[-85.625,30.738],[-85.575,30.756],[-85.525,30.773],[-85.52,30.775],[-85.475,30.791],[-85.425,30.808],[-85.376,30.825],[-85.375,30.825],[-85.325,30.842],[-85.275,30.859],[-85.228,30.875],[-85.225,30.876],[-85.175,30.892],[-85.125,30.909],[-85.075,30.925],[-85.074,30.925],[-85.025,30.941],[-84.975,30.957],[-84.925,30.973],[-84.919,30.975],[-84.875,30.99],[-84.825,31.006],[-84.775,31.024],[-84.771,31.025],[-84.725,31.041],[-84.675,31.059],[-84.63,31.075],[-84.625,31.077],[-84.575,31.095],[-84.525,31.114],[-84.496,31.125],[-84.475,31.133],[-84.425,31.152],[-84.375,31.172],[-84.368,31.175],[-84.325,31.192],[-84.275,31.212],[-84.242,31.225],[-84.225,31.232],[-84.175,31.252],[-84.125,31.272],[-84.117,31.275],[-84.075,31.292],[-84.025,31.311],[-83.991,31.325],[-83.975,31.331],[-83.925,31.351],[-83.875,31.37],[-83.862,31.375],[-83.825,31.389],[-83.775,31.408],[-83.73,31.425],[-83.725,31.427],[-83.675,31.446],[-83.625,31.464],[-83.596,31.475],[-83.575,31.483],[-83.525,31.501],[-83.475,31.519],[-83.459,31.525],[-83.425,31.537],[-83.375,31.555],[-83.325,31.573],[-83.319,31.575],[-83.275,31.59],[-83.225,31.608],[-83.175,31.625],[-83.175,31.625],[-83.125,31.642],[-83.075,31.659],[-83.027,31.675],[-83.025,31.676],[-82.975,31.692],[-82.925,31.709],[-82.875,31.725],[-82.875,31.725],[-82.825,31.741],[-82.775,31.757],[-82.725,31.773],[-82.717,31.775],[-82.675,31.788],[-82.625,31.803],[-82.575,31.818],[-82.549,31.825],[-82.525,31.832],[-82.475,31.845],[-82.425,31.858],[-82.375,31.871],[-82.356,31.875],[-82.325,31.882],[-82.275,31.892],[-82.225,31.902],[-82.175,31.91],[-82.125,31.918],[-82.076,31.925],[-82.075,31.925],[-82.025,31.931],[-81.975,31.937],[-81.925,31.942],[-81.875,31.946],[-81.825,31.95],[-81.775,31.954],[-81.725,31.958],[-81.675,31.961],[-81.625,31.964],[-81.575,31.966],[-81.525,31.969],[-81.475,31.971],[-81.425,31.974],[-81.396,31.975],[-81.375,31.976],[-81.325,31.978],[-81.275,31.981],[-81.225,31.983],[-81.175,31.986],[-81.125,31.989],[-81.075,31.992],[-81.025,31.994],[-80.975,31.997],[-80.925,32.001],[-80.902,32.002]],[[-91.143,30.643],[-91.125,30.644],[-91.075,30.646],[-91.025,30.647],[-90.975,30.648],[-90.925,30.647],[-90.875,30.646],[-90.825,30.645],[-90.775,30.642],[-90.725,30.639],[-90.675,30.635],[-90.625,30.63],[-90.578,30.625],[-90.575,30.625],[-90.525,30.619],[-90.475,30.612],[-90.425,30.604],[-90.375,30.595],[-90.325,30.585],[-90.281,30.575],[-90.275,30.574],[-90.225,30.562],[-90.175,30.549],[-90.125,30.536],[-90.084,30.525],[-90.075,30.523],[-90.025,30.509],[-89.975,30.494],[-89.925,30.479],[-89.91,30.475],[-89.875,30.465],[-89.825,30.45],[-89.775,30.435],[-89.742,30.425],[-89.725,30.42],[-89.675,30.405],[-89.625,30.391],[-89.575,30.377],[-89.569,30.375],[-89.525,30.363],[-89.475,30.349],[-89.425,30.335],[-89.386,30.325],[-89.377,30.323]]]}},{"type":"Feature","properties":{"date":"2007-03-18","label":"18 Mar","yday":77,"tier":"day","major":false},"geometry":{"type":"MultiLineString","coordinates":[[[-93.552,30.252],[-93.525,30.254],[-93.475,30.258],[-93.425,30.263],[-93.375,30.27],[-93.347,30.275],[-93.325,30.279],[-93.275,30.289],[-93.225,30.301],[-93.175,30.313],[-93.132,30.325],[-93.125,30.327],[-93.075,30.341],[-93.025,30.356],[-92.975,30.371],[-92.963,30.375],[-92.925,30.387],[-92.875,30.403],[-92.825,30.418],[-92.805,30.425],[-92.775,30.434],[-92.725,30.451],[-92.675,30.467],[-92.653,30.475],[-92.625,30.484],[-92.575,30.502],[-92.525,30.519],[-92.51,30.525],[-92.475,30.537],[-92.456,30.544]],[[-87.765,30.315],[-87.725,30.315],[-87.675,30.316],[-87.625,30.32],[-87.576,30.324]],[[-94.466,30.366],[-94.425,30.358],[-94.375,30.349],[-94.325,30.339],[-94.275,30.33],[-94.25,30.325],[-94.225,30.32],[-94.175,30.311],[-94.125,30.302],[-94.075,30.293],[-94.025,30.284],[-93.975,30.276],[-93.97,30.275],[-93.925,30.268],[-93.886,30.264]],[[-87.571,30.325],[-87.525,30.331],[-87.475,30.339],[-87.444,30.344]],[[-87.397,30.353],[-87.375,30.358],[-87.325,30.369],[-87.301,30.375],[-87.275,30.382],[-87.265,30.385]],[[-94.825,30.428],[-94.809,30.425],[-94.775,30.42],[-94.725,30.412],[-94.675,30.403]],[[-88.83,30.43],[-88.825,30.429],[-88.796,30.425],[-88.775,30.422],[-88.725,30.415],[-88.675,30.409],[-88.625,30.402],[-88.575,30.396],[-88.525,30.389],[-88.475,30.383],[-88.425,30.376],[-88.424,30.376]],[[-86.934,30.484],[-86.925,30.486],[-86.875,30.502],[-86.825,30.518],[-86.804,30.525],[-86.775,30.535],[-86.725,30.553],[-86.675,30.571],[-86.666,30.575],[-86.625,30.591],[-86.575,30.612],[-86.544,30.625],[-86.525,30.633],[-86.475,30.653],[-86.425,30.673],[-86.419,30.675],[-86.375,30.692],[-86.325,30.712],[-86.291,30.725],[-86.275,30.731],[-86.225,30.751],[-86.175,30.77],[-86.16,30.775],[-86.125,30.788],[-86.075,30.806],[-86.025,30.823],[-86.02,30.825],[-85.975,30.84],[-85.925,30.857],[-85.875,30.874],[-85.871,30.875],[-85.825,30.89],[-85.775,30.906],[-85.725,30.922],[-85.716,30.925],[-85.675,30.938],[-85.625,30.954],[-85.575,30.97],[-85.56,30.975],[-85.525,30.986],[-85.475,31.002],[-85.425,31.018],[-85.404,31.025],[-85.375,31.034],[-85.325,31.05],[-85.275,31.066],[-85.245,31.075],[-85.225,31.081],[-85.175,31.097],[-85.125,31.112],[-85.083,31.125],[-85.075,31.127],[-85.025,31.143],[-84.975,31.158],[-84.925,31.174],[-84.923,31.175],[-84.875,31.19],[-84.825,31.206],[-84.775,31.223],[-84.769,31.225],[-84.725,31.24],[-84.675,31.257],[-84.625,31.274],[-84.622,31.275],[-84.575,31.291],[-84.525,31.309],[-84.482,31.325],[-84.475,31.327],[-84.425,31.346],[-84.375,31.364],[-84.345,31.375],[-84.325,31.383],[-84.275,31.401],[-84.225,31.42],[-84.211,31.425],[-84.175,31.438],[-84.125,31.456],[-84.075,31.474],[-84.073,31.475],[-84.025,31.492],[-83.975,31.51],[-83.932,31.525],[-83.925,31.527],[-83.875,31.545],[-83.825,31.562],[-83.789,31.575],[-83.775,31.58],[-83.725,31.597],[-83.675,31.615],[-83.645,31.625],[-83.625,31.632],[-83.575,31.649],[-83.525,31.666],[-83.499,31.675],[-83.475,31.683],[-83.425,31.7],[-83.375,31.717],[-83.353,31.725],[-83.325,31.734],[-83.275,31.751],[-83.225,31.768],[-83.204,31.775],[-83.175,31.785],[-83.125,31.802],[-83.075,31.818],[-83.055,31.825],[-83.025,31.835],[-82.975,31.852],[-82.925,31.868],[-82.905,31.875],[-82.875,31.885],[-82.825,31.901],[-82.775,31.918],[-82.753,31.925],[-82.725,31.934],[-82.675,31.95],[-82.625,31.966],[-82.596,31.975],[-82.575,31.982],[-82.525,31.997],[-82.475,32.011],[-82.425,32.025],[-82.424,32.025],[-82.375,32.037],[-82.325,32.049],[-82.275,32.059],[-82.225,32.068],[-82.179,32.075],[-82.175,32.076],[-82.125,32.082],[-82.075,32.089],[-82.025,32.094],[-81.975,32.099],[-81.925,32.103],[-81.875,32.107],[-81.825,32.111],[-81.775,32.114],[-81.725,32.117],[-81.675,32.119],[-81.625,32.121],[-81.575,32.124],[-81.536,32.125],[-81.525,32.125],[-81.475,32.127],[-81.425,32.129],[-81.375,32.13],[-81.325,32.132],[-81.275,32.134],[-81.225,32.135],[-81.175,32.137],[-81.125,32.14],[-81.075,32.142],[-81.025,32.145],[-80.975,32.147],[-80.925,32.15],[-80.875,32.153],[-80.846,32.154]],[[-91.295,30.845],[-91.275,30.846],[-91.225,30.85],[-91.175,30.854],[-91.125,30.856],[-91.075,30.857],[-91.025,30.858],[-90.975,30.858],[-90.925,30.857],[-90.875,30.855],[-90.825,30.853],[-90.775,30.85],[-90.725,30.846],[-90.675,30.842],[-90.625,30.837],[-90.575,30.831],[-90.525,30.825],[-90.525,30.825],[-90.475,30.818],[-90.425,30.811],[-90.375,30.803],[-90.325,30.794],[-90.275,30.784],[-90.23,30.775],[-90.225,30.774],[-90.175,30.763],[-90.125,30.752],[-90.075,30.739],[-90.025,30.727],[-90.018,30.725],[-89.975,30.714],[-89.925,30.7],[-89.875,30.686],[-89.835,30.675],[-89.825,30.672],[-89.775,30.658],[-89.725,30.643],[-89.675,30.629],[-89.662,30.625],[-89.625,30.614],[-89.575,30.6],[-89.525,30.586],[-89.488,30.575],[-89.475,30.571],[-89.425,30.557],[-89.375,30.544],[-89.325,30.53],[-89.305,30.525],[-89.275,30.517],[-89.225,30.505],[-89.175,30.492],[-89.125,30.481],[-89.098,30.475],[-89.075,30.47],[-89.025,30.461],[-88.995,30.455]]]}},{"type":"Feature","properties":{"date":"2007-03-19","label":"19 Mar","yday":78,"tier":"day","major":false},"geometry":{"type":"MultiLineString","coordinates":[[[-87.875,30.568],[-87.825,30.567],[-87.775,30.567],[-87.725,30.568],[-87.675,30.571],[-87.631,30.575],[-87.625,30.576],[-87.575,30.581],[-87.525,30.589],[-87.475,30.598],[-87.425,30.608],[-87.375,30.62],[-87.356,30.625],[-87.325,30.633],[-87.275,30.647],[-87.225,30.661],[-87.18,30.675],[-87.175,30.676],[-87.125,30.692],[-87.075,30.707],[-87.025,30.723],[-87.018,30.725],[-86.975,30.738],[-86.925,30.752],[-86.875,30.768],[-86.851,30.775],[-86.825,30.783],[-86.775,30.799],[-86.725,30.816],[-86.699,30.825],[-86.675,30.833],[-86.625,30.851],[-86.575,30.869],[-86.558,30.875],[-86.525,30.887],[-86.475,30.906],[-86.425,30.925],[-86.425,30.925],[-86.375,30.944],[-86.325,30.962],[-86.287,30.975],[-86.275,30.979],[-86.225,30.995],[-86.175,31.011],[-86.127,31.025],[-86.125,31.026],[-86.075,31.04],[-86.025,31.054],[-85.975,31.068],[-85.948,31.075],[-85.925,31.081],[-85.875,31.095],[-85.825,31.108],[-85.775,31.122],[-85.765,31.125],[-85.725,31.136],[-85.675,31.15],[-85.625,31.165],[-85.591,31.175],[-85.575,31.18],[-85.525,31.195],[-85.475,31.21],[-85.425,31.224],[-85.423,31.225],[-85.375,31.239],[-85.325,31.254],[-85.275,31.268],[-85.251,31.275],[-85.225,31.282],[-85.175,31.297],[-85.125,31.311],[-85.076,31.325],[-85.075,31.325],[-85.025,31.34],[-84.975,31.354],[-84.925,31.369],[-84.907,31.375],[-84.875,31.384],[-84.825,31.4],[-84.775,31.415],[-84.745,31.425],[-84.725,31.431],[-84.675,31.447],[-84.625,31.464],[-84.591,31.475],[-84.575,31.48],[-84.525,31.497],[-84.475,31.514],[-84.442,31.525],[-84.425,31.531],[-84.375,31.548],[-84.325,31.565],[-84.296,31.575],[-84.275,31.582],[-84.225,31.599],[-84.175,31.616],[-84.147,31.625],[-84.125,31.632],[-84.075,31.649],[-84.025,31.665],[-83.995,31.675],[-83.975,31.681],[-83.925,31.698],[-83.875,31.714],[-83.841,31.725],[-83.825,31.73],[-83.775,31.746],[-83.725,31.763],[-83.687,31.775],[-83.675,31.779],[-83.625,31.795],[-83.575,31.811],[-83.533,31.825],[-83.525,31.828],[-83.475,31.844],[-83.425,31.86],[-83.38,31.875],[-83.375,31.877],[-83.325,31.893],[-83.275,31.909],[-83.226,31.925],[-83.225,31.925],[-83.175,31.942],[-83.125,31.958],[-83.075,31.975],[-83.074,31.975],[-83.025,31.991],[-82.975,32.008],[-82.925,32.025],[-82.924,32.025],[-82.875,32.042],[-82.825,32.058],[-82.776,32.075],[-82.775,32.075],[-82.725,32.092],[-82.675,32.109],[-82.626,32.125],[-82.625,32.125],[-82.575,32.141],[-82.525,32.157],[-82.475,32.172],[-82.465,32.175],[-82.425,32.186],[-82.375,32.199],[-82.325,32.209],[-82.275,32.219],[-82.237,32.225],[-82.225,32.227],[-82.175,32.234],[-82.125,32.241],[-82.075,32.247],[-82.025,32.252],[-81.975,32.257],[-81.925,32.261],[-81.875,32.265],[-81.825,32.268],[-81.775,32.271],[-81.725,32.274],[-81.708,32.275],[-81.675,32.277],[-81.625,32.279],[-81.575,32.281],[-81.525,32.283],[-81.475,32.284],[-81.425,32.286],[-81.375,32.287],[-81.325,32.288],[-81.275,32.29],[-81.225,32.291],[-81.175,32.293],[-81.125,32.295],[-81.075,32.296],[-81.025,32.298],[-80.975,32.3],[-80.925,32.303],[-80.875,32.305],[-80.825,32.307],[-80.808,32.308]],[[-94.725,30.701],[-94.675,30.695],[-94.625,30.688],[-94.575,30.682],[-94.525,30.676],[-94.519,30.675],[-94.475,30.67],[-94.425,30.664],[-94.375,30.658],[-94.325,30.652],[-94.275,30.647],[-94.225,30.642],[-94.175,30.638],[-94.125,30.634],[-94.075,30.631],[-94.025,30.628],[-93.975,30.626],[-93.925,30.625],[-93.875,30.625],[-93.825,30.626],[-93.775,30.628],[-93.725,30.632],[-93.675,30.636],[-93.625,30.641],[-93.575,30.647],[-93.525,30.654],[-93.475,30.661],[-93.425,30.669],[-93.378,30.675],[-93.375,30.675],[-93.325,30.681],[-93.275,30.686],[-93.225,30.69],[-93.175,30.694],[-93.125,30.697],[-93.075,30.701],[-93.025,30.704],[-92.975,30.709],[-92.925,30.714],[-92.875,30.72],[-92.838,30.725],[-92.825,30.727],[-92.775,30.735],[-92.725,30.744],[-92.675,30.755],[-92.625,30.768],[-92.598,30.775],[-92.575,30.782],[-92.525,30.796],[-92.475,30.811],[-92.43,30.825],[-92.425,30.826],[-92.375,30.842],[-92.325,30.857],[-92.275,30.872],[-92.265,30.875],[-92.225,30.887],[-92.175,30.902],[-92.125,30.916]],[[-91.375,31.063],[-91.325,31.067],[-91.275,31.071],[-91.225,31.074],[-91.204,31.075],[-91.175,31.076],[-91.125,31.078],[-91.075,31.079],[-91.025,31.079],[-90.975,31.078],[-90.925,31.076],[-90.9,31.075],[-90.875,31.074],[-90.825,31.071],[-90.775,31.067],[-90.725,31.063],[-90.675,31.058],[-90.625,31.053],[-90.575,31.047],[-90.525,31.041],[-90.475,31.034],[-90.425,31.027],[-90.411,31.025],[-90.375,31.02],[-90.325,31.012],[-90.275,31.004],[-90.225,30.996],[-90.175,30.986],[-90.125,30.976],[-90.118,30.975],[-90.075,30.966],[-90.025,30.955],[-89.975,30.944],[-89.925,30.932],[-89.896,30.925],[-89.875,30.92],[-89.825,30.907],[-89.775,30.894],[-89.725,30.881],[-89.703,30.875],[-89.675,30.868],[-89.625,30.854],[-89.575,30.84],[-89.525,30.826],[-89.52,30.825],[-89.475,30.813],[-89.425,30.799],[-89.375,30.786],[-89.333,30.775],[-89.325,30.773],[-89.275,30.76],[-89.225,30.748],[-89.175,30.736],[-89.127,30.725],[-89.125,30.725],[-89.075,30.714],[-89.025,30.704],[-88.975,30.694],[-88.925,30.685],[-88.875,30.677],[-88.865,30.675],[-88.825,30.669],[-88.775,30.661],[-88.725,30.654],[-88.675,30.648],[-88.625,30.641],[-88.575,30.635],[-88.525,30.629],[-88.494,30.625],[-88.475,30.623],[-88.425,30.617],[-88.375,30.611],[-88.325,30.606],[-88.275,30.6],[-88.225,30.595],[-88.175,30.59],[-88.125,30.585],[-88.116,30.584]],[[-80.666,32.316],[-80.625,32.318],[-80.575,32.321],[-80.525,32.325]],[[-80.52,32.325],[-80.478,32.328]]]}},{"type":"Feature","properties":{"date":"2007-03-20","label":"20 Mar","yday":79,"tier":"day","major":false},"geometry":{"type":"MultiLineString","coordinates":[[[-95.119,31.075],[-95.075,31.069],[-95.025,31.063],[-94.975,31.057],[-94.925,31.052],[-94.875,31.046],[-94.825,31.041],[-94.775,31.037],[-94.725,31.032],[-94.675,31.028],[-94.627,31.025],[-94.625,31.025],[-94.575,31.022],[-94.525,31.019],[-94.475,31.017],[-94.425,31.015],[-94.375,31.013],[-94.325,31.012],[-94.275,31.012],[-94.225,31.012],[-94.175,31.012],[-94.125,31.013],[-94.075,31.015],[-94.025,31.017],[-93.975,31.02],[-93.925,31.024],[-93.911,31.025],[-93.875,31.028],[-93.825,31.032],[-93.775,31.037],[-93.725,31.042],[-93.675,31.047],[-93.625,31.053],[-93.575,31.057],[-93.525,31.062],[-93.475,31.066],[-93.425,31.069],[-93.375,31.071],[-93.325,31.072],[-93.275,31.073],[-93.225,31.073],[-93.175,31.072],[-93.125,31.07],[-93.075,31.069],[-93.025,31.067],[-92.975,31.067],[-92.925,31.067],[-92.875,31.068],[-92.825,31.07],[-92.775,31.074],[-92.764,31.075],[-92.725,31.079],[-92.675,31.084],[-92.639,31.089]],[[-91.375,31.307],[-91.325,31.31],[-91.275,31.313],[-91.225,31.316],[-91.175,31.317],[-91.125,31.318],[-91.075,31.319],[-91.025,31.319],[-90.975,31.318],[-90.925,31.316],[-90.875,31.313],[-90.825,31.31],[-90.775,31.307],[-90.725,31.302],[-90.675,31.298],[-90.625,31.292],[-90.575,31.286],[-90.525,31.28],[-90.487,31.275],[-90.475,31.273],[-90.425,31.267],[-90.375,31.26],[-90.325,31.254],[-90.275,31.246],[-90.225,31.239],[-90.175,31.231],[-90.141,31.225],[-90.125,31.222],[-90.075,31.214],[-90.025,31.204],[-89.975,31.194],[-89.925,31.184],[-89.884,31.175],[-89.875,31.173],[-89.825,31.162],[-89.775,31.15],[-89.725,31.138],[-89.675,31.126],[-89.671,31.125],[-89.625,31.113],[-89.575,31.101],[-89.525,31.088],[-89.476,31.075],[-89.475,31.075],[-89.425,31.062],[-89.375,31.049],[-89.325,31.036],[-89.28,31.025],[-89.275,31.024],[-89.225,31.012],[-89.175,31.0],[-89.125,30.988],[-89.075,30.977],[-89.064,30.975],[-89.025,30.967],[-88.975,30.957],[-88.925,30.947],[-88.875,30.938],[-88.825,30.929],[-88.798,30.925],[-88.775,30.921],[-88.725,30.913],[-88.675,30.906],[-88.625,30.899],[-88.575,30.892],[-88.525,30.886],[-88.475,30.88],[-88.431,30.875],[-88.425,30.874],[-88.375,30.869],[-88.325,30.864],[-88.275,30.859],[-88.225,30.855],[-88.175,30.851],[-88.125,30.847],[-88.075,30.844],[-88.025,30.841],[-87.975,30.839],[-87.925,30.838],[-87.875,30.837],[-87.825,30.838],[-87.775,30.839],[-87.725,30.841],[-87.675,30.845],[-87.625,30.849],[-87.575,30.855],[-87.525,30.862],[-87.475,30.87],[-87.448,30.875],[-87.425,30.879],[-87.375,30.889],[-87.325,30.9],[-87.275,30.911],[-87.225,30.923],[-87.218,30.925],[-87.175,30.936],[-87.125,30.949],[-87.075,30.962],[-87.027,30.975],[-87.025,30.975],[-86.975,30.989],[-86.925,31.004],[-86.875,31.019],[-86.855,31.025],[-86.825,31.034],[-86.775,31.05],[-86.725,31.067],[-86.701,31.075],[-86.675,31.084],[-86.625,31.101],[-86.575,31.118],[-86.555,31.125],[-86.525,31.135],[-86.475,31.152],[-86.425,31.169],[-86.406,31.175],[-86.375,31.185],[-86.325,31.2],[-86.275,31.214],[-86.233,31.225],[-86.225,31.227],[-86.175,31.24],[-86.125,31.252],[-86.075,31.264],[-86.029,31.275],[-86.025,31.276],[-85.975,31.288],[-85.925,31.299],[-85.875,31.311],[-85.825,31.323],[-85.816,31.325],[-85.775,31.335],[-85.725,31.348],[-85.675,31.361],[-85.625,31.374],[-85.621,31.375],[-85.575,31.387],[-85.525,31.401],[-85.475,31.414],[-85.434,31.425],[-85.425,31.427],[-85.375,31.44],[-85.325,31.453],[-85.275,31.466],[-85.24,31.475],[-85.225,31.479],[-85.175,31.492],[-85.125,31.505],[-85.075,31.518],[-85.05,31.525],[-85.025,31.532],[-84.975,31.545],[-84.925,31.559],[-84.875,31.573],[-84.869,31.575],[-84.825,31.588],[-84.775,31.602],[-84.725,31.617],[-84.698,31.625],[-84.675,31.632],[-84.625,31.647],[-84.575,31.662],[-84.535,31.675],[-84.525,31.678],[-84.475,31.693],[-84.425,31.709],[-84.375,31.725],[-84.374,31.725],[-84.325,31.74],[-84.275,31.756],[-84.225,31.772],[-84.214,31.775],[-84.175,31.787],[-84.125,31.802],[-84.075,31.818],[-84.051,31.825],[-84.025,31.833],[-83.975,31.848],[-83.925,31.864],[-83.888,31.875],[-83.875,31.879],[-83.825,31.894],[-83.775,31.91],[-83.725,31.925],[-83.725,31.925],[-83.675,31.941],[-83.625,31.956],[-83.575,31.971],[-83.563,31.975],[-83.525,31.987],[-83.475,32.002],[-83.425,32.018],[-83.403,32.025],[-83.375,32.034],[-83.325,32.049],[-83.275,32.065],[-83.244,32.075],[-83.225,32.081],[-83.175,32.097],[-83.125,32.113],[-83.087,32.125],[-83.075,32.129],[-83.025,32.145],[-82.975,32.162],[-82.935,32.175],[-82.925,32.178],[-82.875,32.195],[-82.825,32.212],[-82.786,32.225],[-82.775,32.229],[-82.725,32.245],[-82.675,32.262],[-82.636,32.275],[-82.625,32.279],[-82.575,32.294],[-82.525,32.309],[-82.475,32.324],[-82.47,32.325],[-82.425,32.337],[-82.375,32.349],[-82.325,32.36],[-82.275,32.37],[-82.245,32.375],[-82.225,32.378],[-82.175,32.386],[-82.125,32.394],[-82.075,32.4],[-82.025,32.406],[-81.975,32.411],[-81.925,32.416],[-81.875,32.421],[-81.825,32.425],[-81.82,32.425],[-81.775,32.428],[-81.725,32.431],[-81.675,32.434],[-81.625,32.437],[-81.575,32.439],[-81.525,32.441],[-81.475,32.443],[-81.425,32.445],[-81.375,32.446],[-81.325,32.448],[-81.275,32.449],[-81.225,32.451],[-81.175,32.452],[-81.125,32.453],[-81.075,32.455],[-81.025,32.456],[-80.975,32.458],[-80.925,32.46],[-80.875,32.461],[-80.825,32.463],[-80.775,32.465],[-80.725,32.468],[-80.68,32.47]],[[-80.671,32.471],[-80.625,32.473],[-80.597,32.475],[-80.575,32.476],[-80.529,32.479]]]}},{"type":"Feature","properties":{"date":"2007-03-21","label":"21 Mar","yday":80,"tier":"five","major":false},"geometry":{"type":"MultiLineString","coordinates":[[[-94.475,31.39],[-94.425,31.391],[-94.375,31.393],[-94.325,31.394],[-94.275,31.396],[-94.225,31.398],[-94.175,31.4],[-94.125,31.403],[-94.075,31.405],[-94.025,31.408],[-93.975,31.41],[-93.925,31.413],[-93.875,31.415],[-93.825,31.417],[-93.775,31.419],[-93.725,31.421],[-93.675,31.422],[-93.625,31.424],[-93.575,31.424],[-93.525,31.425],[-93.475,31.425],[-93.425,31.425],[-93.375,31.424],[-93.325,31.423],[-93.275,31.422],[-93.225,31.42],[-93.175,31.419],[-93.125,31.417],[-93.075,31.415],[-93.025,31.414],[-92.975,31.413],[-92.925,31.412],[-92.875,31.412],[-92.825,31.412],[-92.775,31.413],[-92.764,31.414]],[[-92.483,31.433],[-92.475,31.433],[-92.425,31.439],[-92.375,31.445],[-92.325,31.451],[-92.275,31.458]],[[-91.225,31.582],[-91.175,31.584],[-91.125,31.585],[-91.075,31.586],[-91.025,31.586],[-90.975,31.586],[-90.925,31.585],[-90.875,31.583],[-90.825,31.581],[-90.775,31.579],[-90.725,31.575],[-90.72,31.575],[-90.675,31.572],[-90.625,31.567],[-90.575,31.563],[-90.525,31.558],[-90.475,31.552],[-90.425,31.546],[-90.375,31.54],[-90.325,31.533],[-90.275,31.526],[-90.269,31.525],[-90.225,31.518],[-90.175,31.511],[-90.125,31.503],[-90.075,31.494],[-90.025,31.485],[-89.975,31.476],[-89.972,31.475],[-89.925,31.466],[-89.875,31.456],[-89.825,31.446],[-89.775,31.435],[-89.73,31.425],[-89.725,31.424],[-89.675,31.413],[-89.625,31.401],[-89.575,31.389],[-89.525,31.377],[-89.517,31.375],[-89.475,31.365],[-89.425,31.352],[-89.375,31.339],[-89.325,31.326],[-89.321,31.325],[-89.275,31.313],[-89.225,31.3],[-89.175,31.288],[-89.125,31.276],[-89.12,31.275],[-89.075,31.265],[-89.025,31.253],[-88.975,31.243],[-88.925,31.232],[-88.889,31.225],[-88.875,31.222],[-88.825,31.213],[-88.775,31.204],[-88.725,31.195],[-88.675,31.186],[-88.625,31.179],[-88.601,31.175],[-88.575,31.171],[-88.525,31.164],[-88.475,31.158],[-88.425,31.151],[-88.375,31.146],[-88.325,31.14],[-88.275,31.135],[-88.225,31.131],[-88.175,31.127],[-88.145,31.125],[-88.125,31.124],[-88.075,31.121],[-88.025,31.118],[-87.975,31.117],[-87.925,31.116],[-87.875,31.115],[-87.825,31.116],[-87.775,31.117],[-87.725,31.119],[-87.675,31.121],[-87.625,31.125],[-87.622,31.125],[-87.575,31.129],[-87.525,31.134],[-87.475,31.14],[-87.425,31.147],[-87.375,31.154],[-87.325,31.162],[-87.275,31.171],[-87.251,31.175],[-87.225,31.18],[-87.175,31.19],[-87.125,31.2],[-87.075,31.212],[-87.025,31.224],[-87.021,31.225],[-86.975,31.237],[-86.925,31.251],[-86.875,31.265],[-86.841,31.275],[-86.825,31.28],[-86.775,31.295],[-86.725,31.311],[-86.68,31.325],[-86.675,31.327],[-86.625,31.342],[-86.575,31.358],[-86.525,31.373],[-86.519,31.375],[-86.475,31.388],[-86.425,31.402],[-86.375,31.415],[-86.337,31.425],[-86.325,31.428],[-86.275,31.44],[-86.225,31.452],[-86.175,31.464],[-86.125,31.475],[-86.124,31.475],[-86.075,31.486],[-86.025,31.496],[-85.975,31.507],[-85.925,31.518],[-85.891,31.525],[-85.875,31.528],[-85.825,31.539],[-85.775,31.55],[-85.725,31.561],[-85.675,31.572],[-85.661,31.575],[-85.625,31.583],[-85.575,31.594],[-85.525,31.605],[-85.475,31.617],[-85.437,31.625],[-85.425,31.628],[-85.375,31.639],[-85.325,31.65],[-85.275,31.661],[-85.225,31.673],[-85.216,31.675],[-85.175,31.685],[-85.125,31.696],[-85.075,31.708],[-85.025,31.72],[-85.007,31.725],[-84.975,31.733],[-84.925,31.746],[-84.875,31.759],[-84.825,31.772],[-84.813,31.775],[-84.775,31.785],[-84.725,31.799],[-84.675,31.813],[-84.63,31.825],[-84.625,31.827],[-84.575,31.841],[-84.525,31.855],[-84.475,31.869],[-84.455,31.875],[-84.425,31.884],[-84.375,31.898],[-84.325,31.912],[-84.282,31.925],[-84.275,31.927],[-84.225,31.941],[-84.175,31.956],[-84.125,31.97],[-84.109,31.975],[-84.075,31.985],[-84.025,31.999],[-83.975,32.014],[-83.936,32.025],[-83.925,32.028],[-83.875,32.043],[-83.825,32.057],[-83.775,32.072],[-83.765,32.075],[-83.725,32.087],[-83.675,32.101],[-83.625,32.116],[-83.595,32.125],[-83.575,32.131],[-83.525,32.146],[-83.475,32.16],[-83.426,32.175],[-83.425,32.175],[-83.375,32.19],[-83.325,32.205],[-83.275,32.22],[-83.26,32.225],[-83.225,32.236],[-83.175,32.251],[-83.125,32.266],[-83.097,32.275],[-83.075,32.282],[-83.025,32.298],[-82.975,32.314],[-82.94,32.325],[-82.925,32.33],[-82.875,32.347],[-82.825,32.363],[-82.79,32.375],[-82.775,32.38],[-82.725,32.397],[-82.675,32.413],[-82.638,32.425],[-82.625,32.429],[-82.575,32.445],[-82.525,32.459],[-82.475,32.473],[-82.468,32.475],[-82.425,32.486],[-82.375,32.498],[-82.325,32.509],[-82.275,32.52],[-82.247,32.525],[-82.225,32.529],[-82.175,32.538],[-82.125,32.546],[-82.075,32.553],[-82.025,32.56],[-81.975,32.566],[-81.925,32.572],[-81.892,32.575],[-81.875,32.577],[-81.825,32.581],[-81.775,32.586],[-81.725,32.59],[-81.675,32.593],[-81.625,32.596],[-81.575,32.599],[-81.525,32.602],[-81.475,32.604],[-81.425,32.606],[-81.375,32.608],[-81.325,32.61],[-81.275,32.612],[-81.225,32.614],[-81.175,32.615],[-81.125,32.617],[-81.075,32.618],[-81.025,32.62],[-80.975,32.621],[-80.925,32.623],[-80.875,32.625],[-80.868,32.625],[-80.825,32.627],[-80.775,32.629],[-80.725,32.631],[-80.675,32.633],[-80.625,32.636],[-80.575,32.639],[-80.525,32.642],[-80.475,32.645],[-80.425,32.648],[-80.375,32.65],[-80.325,32.653],[-80.275,32.656],[-80.225,32.659],[-80.175,32.661],[-80.125,32.664],[-80.075,32.666],[-80.025,32.668],[-79.98,32.67]]]}},{"type":"Feature","properties":{"date":"2007-03-22","label":"22 Mar","yday":81,"tier":"day","major":false},"geometry":{"type":"MultiLineString","coordinates":[[[-92.825,31.745],[-92.775,31.744],[-92.725,31.744],[-92.675,31.744],[-92.625,31.744],[-92.575,31.745],[-92.525,31.747],[-92.475,31.749],[-92.425,31.752],[-92.375,31.756],[-92.325,31.759],[-92.275,31.764],[-92.225,31.768],[-92.175,31.773],[-92.159,31.775],[-92.125,31.779],[-92.075,31.784],[-92.025,31.79],[-91.975,31.796],[-91.925,31.802],[-91.875,31.808]],[[-90.965,31.885],[-90.925,31.886],[-90.875,31.886],[-90.825,31.885],[-90.775,31.884],[-90.725,31.883],[-90.675,31.881],[-90.625,31.878],[-90.575,31.875],[-90.575,31.875],[-90.525,31.871],[-90.475,31.867],[-90.425,31.862],[-90.375,31.857],[-90.325,31.851],[-90.275,31.844],[-90.225,31.837],[-90.175,31.829],[-90.15,31.825],[-90.125,31.821],[-90.075,31.812],[-90.025,31.803],[-89.975,31.794],[-89.925,31.784],[-89.882,31.775],[-89.875,31.774],[-89.825,31.763],[-89.775,31.752],[-89.725,31.741],[-89.675,31.73],[-89.655,31.725],[-89.625,31.718],[-89.575,31.706],[-89.525,31.694],[-89.475,31.682],[-89.448,31.675],[-89.425,31.669],[-89.375,31.657],[-89.325,31.644],[-89.275,31.631],[-89.251,31.625],[-89.225,31.618],[-89.175,31.605],[-89.125,31.592],[-89.075,31.58],[-89.056,31.575],[-89.025,31.567],[-88.975,31.555],[-88.925,31.544],[-88.875,31.532],[-88.842,31.525],[-88.825,31.521],[-88.775,31.511],[-88.725,31.501],[-88.675,31.492],[-88.625,31.483],[-88.58,31.475],[-88.575,31.474],[-88.525,31.466],[-88.475,31.459],[-88.425,31.452],[-88.375,31.445],[-88.325,31.439],[-88.275,31.434],[-88.225,31.429],[-88.187,31.425],[-88.175,31.424],[-88.125,31.42],[-88.075,31.417],[-88.025,31.414],[-87.975,31.411],[-87.925,31.409],[-87.875,31.408],[-87.825,31.408],[-87.775,31.407],[-87.725,31.408],[-87.675,31.409],[-87.625,31.411],[-87.575,31.413],[-87.525,31.416],[-87.475,31.42],[-87.425,31.424],[-87.418,31.425],[-87.375,31.429],[-87.325,31.435],[-87.275,31.441],[-87.225,31.448],[-87.175,31.455],[-87.125,31.464],[-87.075,31.473],[-87.067,31.475],[-87.025,31.484],[-86.975,31.496],[-86.925,31.509],[-86.875,31.522],[-86.863,31.525],[-86.825,31.535],[-86.775,31.549],[-86.725,31.562],[-86.678,31.575],[-86.675,31.576],[-86.625,31.589],[-86.575,31.602],[-86.525,31.615],[-86.483,31.625],[-86.475,31.627],[-86.425,31.639],[-86.375,31.651],[-86.325,31.662],[-86.275,31.672],[-86.263,31.675],[-86.225,31.683],[-86.175,31.693],[-86.125,31.703],[-86.075,31.712],[-86.025,31.721],[-86.005,31.725],[-85.975,31.731],[-85.925,31.74],[-85.875,31.749],[-85.825,31.758],[-85.775,31.766],[-85.727,31.775],[-85.725,31.775],[-85.675,31.784],[-85.625,31.793],[-85.575,31.802],[-85.525,31.811],[-85.475,31.82],[-85.448,31.825],[-85.425,31.829],[-85.375,31.838],[-85.325,31.848],[-85.275,31.857],[-85.225,31.867],[-85.183,31.875],[-85.175,31.877],[-85.125,31.887],[-85.075,31.897],[-85.025,31.908],[-84.975,31.919],[-84.951,31.925],[-84.925,31.931],[-84.875,31.943],[-84.825,31.955],[-84.775,31.967],[-84.742,31.975],[-84.725,31.979],[-84.675,31.992],[-84.625,32.005],[-84.575,32.018],[-84.548,32.025],[-84.525,32.031],[-84.475,32.044],[-84.425,32.058],[-84.375,32.071],[-84.36,32.075],[-84.325,32.084],[-84.275,32.098],[-84.225,32.111],[-84.175,32.125],[-84.175,32.125],[-84.125,32.139],[-84.075,32.152],[-84.025,32.166],[-83.993,32.175],[-83.975,32.18],[-83.925,32.194],[-83.875,32.208],[-83.825,32.222],[-83.813,32.225],[-83.775,32.236],[-83.725,32.25],[-83.675,32.264],[-83.635,32.275],[-83.625,32.278],[-83.575,32.292],[-83.525,32.306],[-83.475,32.321],[-83.459,32.325],[-83.425,32.335],[-83.375,32.349],[-83.325,32.364],[-83.286,32.375],[-83.275,32.378],[-83.225,32.393],[-83.175,32.407],[-83.125,32.422],[-83.115,32.425],[-83.075,32.437],[-83.025,32.452],[-82.975,32.468],[-82.952,32.475],[-82.925,32.484],[-82.875,32.501],[-82.825,32.518],[-82.803,32.525],[-82.775,32.535],[-82.725,32.552],[-82.675,32.568],[-82.653,32.575],[-82.625,32.584],[-82.575,32.599],[-82.525,32.613],[-82.482,32.625],[-82.475,32.627],[-82.425,32.64],[-82.375,32.652],[-82.325,32.663],[-82.275,32.673],[-82.267,32.675],[-82.225,32.683],[-82.175,32.692],[-82.125,32.701],[-82.075,32.709],[-82.025,32.716],[-81.975,32.723],[-81.959,32.725],[-81.925,32.729],[-81.875,32.735],[-81.825,32.741],[-81.775,32.746],[-81.725,32.75],[-81.675,32.755],[-81.625,32.759],[-81.575,32.762],[-81.525,32.765],[-81.475,32.768],[-81.425,32.771],[-81.375,32.774],[-81.352,32.775],[-81.325,32.776],[-81.275,32.779],[-81.225,32.781],[-81.175,32.783],[-81.125,32.785],[-81.075,32.787],[-81.025,32.789],[-80.975,32.791],[-80.925,32.793],[-80.875,32.795],[-80.825,32.797],[-80.775,32.799],[-80.725,32.801],[-80.675,32.804],[-80.625,32.806],[-80.575,32.808],[-80.525,32.811],[-80.475,32.813],[-80.425,32.816],[-80.375,32.818],[-80.325,32.821],[-80.275,32.823],[-80.234,32.825],[-80.225,32.825],[-80.175,32.828],[-80.125,32.83],[-80.075,32.832],[-80.025,32.833],[-79.975,32.835],[-79.965,32.835]],[[-79.887,32.837],[-79.875,32.837],[-79.825,32.838],[-79.775,32.839],[-79.725,32.84],[-79.71,32.84]]]}},{"type":"Feature","properties":{"date":"2007-03-23","label":"23 Mar","yday":82,"tier":"day","major":false},"geometry":{"type":"MultiLineString","coordinates":[[[-86.341,31.909],[-86.325,31.912],[-86.275,31.92],[-86.246,31.925]],[[-86.163,31.937],[-86.125,31.943],[-86.075,31.95],[-86.025,31.957],[-85.975,31.963],[-85.925,31.97],[-85.882,31.975],[-85.875,31.976],[-85.825,31.982],[-85.775,31.989],[-85.725,31.995],[-85.675,32.001],[-85.625,32.008],[-85.575,32.014],[-85.525,32.021],[-85.491,32.025],[-85.475,32.027],[-85.425,32.034],[-85.375,32.041],[-85.325,32.048],[-85.275,32.056],[-85.225,32.064],[-85.175,32.072],[-85.156,32.075],[-85.125,32.08],[-85.075,32.089],[-85.025,32.098],[-84.975,32.108],[-84.925,32.118],[-84.892,32.125],[-84.875,32.129],[-84.825,32.139],[-84.775,32.15],[-84.725,32.162],[-84.675,32.173],[-84.668,32.175],[-84.625,32.185],[-84.575,32.197],[-84.525,32.209],[-84.475,32.221],[-84.46,32.225],[-84.425,32.234],[-84.375,32.246],[-84.325,32.259],[-84.275,32.271],[-84.261,32.275],[-84.225,32.284],[-84.175,32.297],[-84.125,32.31],[-84.075,32.323],[-84.067,32.325],[-84.025,32.336],[-83.975,32.349],[-83.925,32.362],[-83.878,32.375],[-83.875,32.376],[-83.825,32.389],[-83.775,32.403],[-83.725,32.417],[-83.694,32.425],[-83.675,32.43],[-83.625,32.444],[-83.575,32.458],[-83.525,32.472],[-83.515,32.475],[-83.475,32.486],[-83.425,32.501],[-83.375,32.515],[-83.34,32.525],[-83.325,32.529],[-83.275,32.544],[-83.225,32.558],[-83.175,32.572],[-83.165,32.575],[-83.125,32.587],[-83.075,32.602],[-83.025,32.617],[-82.999,32.625],[-82.975,32.633],[-82.925,32.65],[-82.875,32.667],[-82.85,32.675],[-82.825,32.684],[-82.775,32.7],[-82.725,32.716],[-82.697,32.725],[-82.675,32.732],[-82.625,32.747],[-82.575,32.761],[-82.525,32.775],[-82.524,32.775],[-82.475,32.788],[-82.425,32.8],[-82.375,32.812],[-82.325,32.823],[-82.314,32.825],[-82.275,32.833],[-82.225,32.843],[-82.175,32.852],[-82.125,32.861],[-82.075,32.869],[-82.037,32.875],[-82.025,32.877],[-81.975,32.884],[-81.925,32.891],[-81.875,32.898],[-81.825,32.904],[-81.775,32.909],[-81.725,32.915],[-81.675,32.92],[-81.625,32.925],[-81.62,32.925],[-81.575,32.929],[-81.525,32.933],[-81.475,32.937],[-81.425,32.941],[-81.375,32.944],[-81.325,32.947],[-81.275,32.95],[-81.225,32.953],[-81.175,32.956],[-81.125,32.959],[-81.075,32.961],[-81.025,32.963],[-80.975,32.966],[-80.925,32.968],[-80.875,32.971],[-80.825,32.973],[-80.778,32.975],[-80.775,32.975],[-80.725,32.977],[-80.675,32.98],[-80.625,32.982],[-80.575,32.984],[-80.525,32.987],[-80.475,32.989],[-80.425,32.991],[-80.375,32.993],[-80.325,32.995],[-80.275,32.997],[-80.225,32.999],[-80.175,33.0],[-80.125,33.002],[-80.075,33.003],[-80.025,33.004],[-79.975,33.005],[-79.925,33.006],[-79.875,33.007],[-79.825,33.007],[-79.775,33.007],[-79.725,33.008],[-79.675,33.008],[-79.625,33.007],[-79.593,33.007]],[[-93.025,32.085],[-92.975,32.08],[-92.928,32.075],[-92.925,32.075],[-92.875,32.07],[-92.825,32.066],[-92.775,32.063],[-92.725,32.061],[-92.675,32.059],[-92.625,32.058],[-92.575,32.057],[-92.525,32.058],[-92.475,32.059],[-92.425,32.06],[-92.375,32.063],[-92.325,32.066],[-92.275,32.069],[-92.225,32.073],[-92.204,32.075],[-92.175,32.078],[-92.125,32.082],[-92.075,32.088],[-92.025,32.093]],[[-90.392,32.208],[-90.375,32.206],[-90.325,32.202],[-90.275,32.196],[-90.225,32.19],[-90.175,32.183],[-90.126,32.175],[-90.125,32.175],[-90.075,32.166],[-90.025,32.157],[-89.975,32.147],[-89.925,32.137],[-89.875,32.126],[-89.871,32.125],[-89.825,32.115],[-89.775,32.103],[-89.725,32.091],[-89.675,32.079],[-89.661,32.075],[-89.625,32.066],[-89.575,32.053],[-89.525,32.04],[-89.475,32.026],[-89.471,32.025],[-89.425,32.013],[-89.375,31.999],[-89.325,31.985],[-89.289,31.975],[-89.275,31.971],[-89.225,31.957],[-89.175,31.944],[-89.125,31.93],[-89.106,31.925],[-89.075,31.917],[-89.025,31.904],[-88.975,31.891],[-88.925,31.878],[-88.912,31.875],[-88.875,31.866],[-88.825,31.854],[-88.775,31.843],[-88.725,31.832],[-88.69,31.825],[-88.675,31.822],[-88.625,31.812],[-88.575,31.803],[-88.525,31.794],[-88.475,31.786],[-88.425,31.778],[-88.402,31.775],[-88.375,31.771],[-88.325,31.764],[-88.275,31.758],[-88.225,31.752],[-88.175,31.747],[-88.125,31.742],[-88.075,31.738],[-88.025,31.735],[-87.975,31.731],[-87.925,31.729],[-87.875,31.726],[-87.831,31.725],[-87.825,31.725],[-87.775,31.724],[-87.725,31.723],[-87.675,31.723],[-87.625,31.724],[-87.575,31.725],[-87.57,31.725],[-87.525,31.727],[-87.475,31.729],[-87.425,31.732],[-87.375,31.735],[-87.325,31.74],[-87.275,31.745],[-87.225,31.75],[-87.175,31.756],[-87.125,31.763],[-87.075,31.771],[-87.051,31.775],[-87.025,31.779],[-86.975,31.788],[-86.925,31.797],[-86.875,31.806],[-86.825,31.816],[-86.779,31.825],[-86.775,31.826],[-86.725,31.836],[-86.675,31.846],[-86.625,31.855],[-86.575,31.865],[-86.526,31.875]]]}},{"type":"Feature","properties":{"date":"2007-03-24","label":"24 Mar","yday":83,"tier":"day","major":false},"geometry":{"type":"MultiLineString","coordinates":[[[-87.094,32.094],[-87.075,32.096],[-87.052,32.098]],[[-85.575,32.232],[-85.525,32.236],[-85.475,32.24],[-85.425,32.245],[-85.375,32.249],[-85.325,32.255],[-85.275,32.26],[-85.225,32.266],[-85.175,32.272],[-85.152,32.275],[-85.125,32.279],[-85.075,32.286],[-85.025,32.293],[-84.975,32.301],[-84.925,32.31],[-84.875,32.319],[-84.844,32.325],[-84.825,32.329],[-84.775,32.339],[-84.725,32.349],[-84.675,32.359],[-84.625,32.37],[-84.6,32.375],[-84.575,32.38],[-84.525,32.391],[-84.475,32.403],[-84.425,32.414],[-84.377,32.425],[-84.375,32.425],[-84.325,32.437],[-84.275,32.449],[-84.225,32.461],[-84.175,32.473],[-84.169,32.475],[-84.125,32.486],[-84.075,32.499],[-84.025,32.511],[-83.975,32.524],[-83.971,32.525],[-83.925,32.537],[-83.875,32.55],[-83.825,32.564],[-83.783,32.575],[-83.775,32.577],[-83.725,32.591],[-83.675,32.605],[-83.625,32.619],[-83.604,32.625],[-83.575,32.634],[-83.525,32.648],[-83.475,32.663],[-83.436,32.675],[-83.425,32.678],[-83.375,32.694],[-83.325,32.709],[-83.275,32.724],[-83.271,32.725],[-83.225,32.739],[-83.175,32.755],[-83.125,32.77],[-83.109,32.775],[-83.075,32.786],[-83.025,32.801],[-82.975,32.817],[-82.949,32.825],[-82.925,32.832],[-82.875,32.848],[-82.825,32.863],[-82.783,32.875],[-82.775,32.877],[-82.725,32.892],[-82.675,32.906],[-82.625,32.919],[-82.601,32.925],[-82.575,32.932],[-82.525,32.944],[-82.475,32.956],[-82.425,32.967],[-82.391,32.975],[-82.375,32.978],[-82.325,32.989],[-82.275,32.999],[-82.225,33.009],[-82.175,33.018],[-82.135,33.025],[-82.125,33.027],[-82.075,33.035],[-82.025,33.043],[-81.975,33.051],[-81.925,33.058],[-81.875,33.065],[-81.825,33.072],[-81.803,33.075],[-81.775,33.079],[-81.725,33.085],[-81.675,33.09],[-81.625,33.096],[-81.575,33.101],[-81.525,33.106],[-81.475,33.111],[-81.425,33.115],[-81.375,33.12],[-81.325,33.124],[-81.306,33.125],[-81.275,33.127],[-81.225,33.131],[-81.175,33.135],[-81.125,33.138],[-81.075,33.141],[-81.025,33.144],[-80.975,33.147],[-80.925,33.15],[-80.875,33.152],[-80.825,33.155],[-80.775,33.157],[-80.725,33.16],[-80.675,33.162],[-80.625,33.164],[-80.575,33.167],[-80.525,33.169],[-80.475,33.171],[-80.425,33.173],[-80.375,33.174],[-80.352,33.175],[-80.325,33.176],[-80.275,33.177],[-80.225,33.179],[-80.175,33.18],[-80.125,33.181],[-80.075,33.182],[-80.025,33.182],[-79.975,33.183],[-79.925,33.183],[-79.875,33.183],[-79.825,33.183],[-79.775,33.183],[-79.725,33.182],[-79.675,33.182],[-79.625,33.181],[-79.575,33.18],[-79.525,33.179],[-79.475,33.178],[-79.425,33.177],[-79.375,33.175],[-79.36,33.175],[-79.325,33.174],[-79.277,33.173]],[[-89.257,32.343],[-89.225,32.333],[-89.201,32.325],[-89.175,32.317],[-89.125,32.302],[-89.075,32.287],[-89.036,32.275],[-89.025,32.272],[-88.975,32.257],[-88.925,32.243],[-88.875,32.229],[-88.86,32.225],[-88.825,32.216],[-88.775,32.203],[-88.725,32.192],[-88.675,32.181],[-88.645,32.175],[-88.625,32.171],[-88.575,32.161],[-88.525,32.153],[-88.475,32.144],[-88.425,32.136],[-88.375,32.129],[-88.349,32.125],[-88.325,32.122],[-88.275,32.115],[-88.225,32.109],[-88.175,32.103],[-88.125,32.098],[-88.075,32.093],[-88.025,32.089],[-87.986,32.086]]]}},{"type":"Feature","properties":{"date":"2007-03-25","label":"25 Mar","yday":84,"tier":"day","major":false},"geometry":{"type":"MultiLineString","coordinates":[[[-86.005,32.455],[-85.975,32.454],[-85.925,32.454],[-85.875,32.453],[-85.825,32.453],[-85.775,32.453],[-85.725,32.454],[-85.675,32.454],[-85.625,32.455],[-85.575,32.456],[-85.525,32.458],[-85.475,32.46],[-85.425,32.462],[-85.375,32.465],[-85.325,32.468],[-85.275,32.471],[-85.23,32.475],[-85.225,32.475],[-85.175,32.48],[-85.125,32.485],[-85.075,32.491],[-85.025,32.497],[-84.975,32.503],[-84.925,32.51],[-84.875,32.518],[-84.828,32.525],[-84.825,32.525],[-84.775,32.534],[-84.725,32.542],[-84.675,32.551],[-84.625,32.56],[-84.575,32.569],[-84.546,32.575],[-84.525,32.579],[-84.475,32.589],[-84.425,32.6],[-84.375,32.611],[-84.325,32.622],[-84.311,32.625],[-84.275,32.633],[-84.225,32.645],[-84.175,32.657],[-84.125,32.669],[-84.101,32.675],[-84.075,32.682],[-84.025,32.694],[-83.975,32.707],[-83.925,32.721],[-83.909,32.725],[-83.875,32.734],[-83.825,32.748],[-83.775,32.762],[-83.732,32.775],[-83.725,32.777],[-83.675,32.792],[-83.625,32.808],[-83.575,32.823],[-83.57,32.825],[-83.525,32.84],[-83.475,32.856],[-83.425,32.872],[-83.416,32.875],[-83.375,32.889],[-83.325,32.905],[-83.275,32.921],[-83.263,32.925],[-83.225,32.937],[-83.175,32.953],[-83.125,32.968],[-83.099,32.975],[-83.075,32.982],[-83.025,32.996],[-82.975,33.01],[-82.925,33.023],[-82.918,33.025],[-82.875,33.036],[-82.825,33.049],[-82.775,33.061],[-82.725,33.074],[-82.72,33.075],[-82.675,33.086],[-82.625,33.097],[-82.575,33.109],[-82.525,33.12],[-82.502,33.125],[-82.475,33.131],[-82.425,33.141],[-82.375,33.152],[-82.325,33.162],[-82.275,33.171],[-82.256,33.175],[-82.225,33.181],[-82.175,33.19],[-82.125,33.199],[-82.075,33.208],[-82.025,33.216],[-81.975,33.224],[-81.969,33.225],[-81.925,33.232],[-81.875,33.24],[-81.825,33.247],[-81.775,33.254],[-81.725,33.261],[-81.675,33.267],[-81.625,33.274],[-81.615,33.275],[-81.575,33.28],[-81.525,33.286],[-81.475,33.291],[-81.425,33.297],[-81.375,33.302],[-81.325,33.307],[-81.275,33.311],[-81.225,33.316],[-81.175,33.32],[-81.125,33.324],[-81.106,33.325],[-81.075,33.327],[-81.025,33.331],[-80.975,33.334],[-80.925,33.337],[-80.875,33.341],[-80.825,33.343],[-80.775,33.346],[-80.725,33.349],[-80.675,33.351],[-80.625,33.354],[-80.575,33.356],[-80.525,33.358],[-80.475,33.36],[-80.425,33.361],[-80.375,33.363],[-80.325,33.364],[-80.275,33.366],[-80.225,33.366],[-80.175,33.367],[-80.125,33.368],[-80.075,33.368],[-80.025,33.368],[-79.975,33.368],[-79.925,33.368],[-79.875,33.368],[-79.825,33.367],[-79.775,33.366],[-79.725,33.365],[-79.675,33.364],[-79.625,33.363],[-79.575,33.362],[-79.525,33.36],[-79.475,33.358],[-79.425,33.356],[-79.375,33.354],[-79.325,33.352],[-79.299,33.351]],[[-88.818,32.632],[-88.792,32.625],[-88.775,32.62],[-88.725,32.607],[-88.675,32.595],[-88.625,32.583],[-88.592,32.575],[-88.575,32.571],[-88.525,32.561],[-88.475,32.55],[-88.425,32.541],[-88.375,32.532],[-88.335,32.525],[-88.325,32.523],[-88.275,32.515],[-88.225,32.508],[-88.205,32.505]],[[-89.675,32.861],[-89.625,32.85],[-89.575,32.84],[-89.525,32.828]],[[-79.249,33.349],[-79.225,33.348],[-79.175,33.346]]]}},{"type":"Feature","properties":{"date":"2007-03-26","label":"26 Mar","yday":85,"tier":"five","major":false},"geometry":{"type":"MultiLineString","coordinates":[[[-87.575,32.829],[-87.547,32.825],[-87.525,32.822],[-87.475,32.816],[-87.425,32.81],[-87.375,32.805],[-87.325,32.8],[-87.275,32.795],[-87.225,32.79],[-87.175,32.786],[-87.125,32.781],[-87.075,32.777],[-87.047,32.775],[-87.025,32.773],[-86.975,32.77],[-86.925,32.766],[-86.875,32.763],[-86.825,32.76],[-86.775,32.756],[-86.725,32.753],[-86.675,32.75],[-86.625,32.747],[-86.575,32.744],[-86.525,32.741],[-86.475,32.738],[-86.425,32.735],[-86.375,32.732],[-86.325,32.729],[-86.275,32.725],[-86.269,32.725],[-86.225,32.722],[-86.175,32.719],[-86.125,32.715],[-86.075,32.712],[-86.025,32.708],[-85.975,32.705],[-85.925,32.702],[-85.875,32.699],[-85.825,32.696],[-85.775,32.694],[-85.725,32.692],[-85.675,32.69],[-85.625,32.688],[-85.575,32.687],[-85.525,32.686],[-85.475,32.686],[-85.425,32.686],[-85.375,32.687],[-85.325,32.688],[-85.275,32.69],[-85.225,32.692],[-85.175,32.694],[-85.125,32.698],[-85.075,32.701],[-85.025,32.705],[-84.975,32.71],[-84.925,32.715],[-84.875,32.721],[-84.84,32.725],[-84.825,32.727],[-84.775,32.733],[-84.725,32.74],[-84.675,32.748],[-84.625,32.756],[-84.575,32.764],[-84.525,32.773],[-84.514,32.775],[-84.475,32.782],[-84.425,32.792],[-84.375,32.803],[-84.325,32.813],[-84.275,32.825],[-84.273,32.825],[-84.225,32.836],[-84.175,32.848],[-84.125,32.861],[-84.075,32.874],[-84.071,32.875],[-84.025,32.887],[-83.975,32.901],[-83.925,32.915],[-83.892,32.925],[-83.875,32.93],[-83.825,32.945],[-83.802,32.952]],[[-83.425,33.077],[-83.375,33.094],[-83.325,33.11],[-83.279,33.125],[-83.275,33.126],[-83.225,33.141],[-83.175,33.155],[-83.125,33.167],[-83.094,33.175],[-83.075,33.18],[-83.025,33.191],[-82.975,33.203],[-82.925,33.214],[-82.878,33.225],[-82.875,33.226],[-82.825,33.237],[-82.775,33.248],[-82.725,33.258],[-82.675,33.269],[-82.647,33.275],[-82.625,33.28],[-82.575,33.29],[-82.525,33.3],[-82.475,33.311],[-82.425,33.321],[-82.402,33.325],[-82.375,33.33],[-82.325,33.34],[-82.275,33.35],[-82.225,33.359],[-82.175,33.369],[-82.14,33.375],[-82.125,33.378],[-82.075,33.387],[-82.025,33.396],[-81.975,33.404],[-81.925,33.413],[-81.875,33.421],[-81.849,33.425],[-81.825,33.429],[-81.775,33.437],[-81.725,33.444],[-81.675,33.452],[-81.625,33.459],[-81.575,33.466],[-81.525,33.472],[-81.505,33.475],[-81.475,33.479],[-81.425,33.485],[-81.375,33.491],[-81.325,33.497],[-81.275,33.502],[-81.225,33.507],[-81.175,33.512],[-81.125,33.517],[-81.075,33.521],[-81.03,33.525],[-81.025,33.525],[-80.975,33.529],[-80.925,33.533],[-80.875,33.536],[-80.825,33.54],[-80.775,33.543],[-80.725,33.545],[-80.675,33.548],[-80.625,33.55],[-80.575,33.553],[-80.525,33.555],[-80.475,33.556],[-80.425,33.558],[-80.375,33.559],[-80.325,33.561],[-80.275,33.562],[-80.225,33.562],[-80.175,33.563],[-80.125,33.563],[-80.075,33.564],[-80.025,33.564],[-79.975,33.563],[-79.925,33.563],[-79.875,33.562],[-79.825,33.561],[-79.775,33.56],[-79.725,33.559],[-79.675,33.557],[-79.625,33.556],[-79.575,33.554],[-79.525,33.552],[-79.475,33.549],[-79.425,33.547],[-79.375,33.544],[-79.325,33.541],[-79.275,33.539],[-79.225,33.536],[-79.175,33.532],[-79.125,33.529],[-79.075,33.526],[-79.074,33.526]]]}},{"type":"Feature","properties":{"date":"2007-03-27","label":"27 Mar","yday":86,"tier":"day","major":false},"geometry":{"type":"MultiLineString","coordinates":[[[-87.716,33.234],[-87.675,33.226],[-87.672,33.225],[-87.625,33.215],[-87.575,33.205],[-87.525,33.195],[-87.475,33.186],[-87.425,33.176],[-87.418,33.175],[-87.375,33.167],[-87.325,33.158],[-87.275,33.149],[-87.225,33.14],[-87.175,33.131],[-87.139,33.125],[-87.125,33.123],[-87.075,33.114],[-87.025,33.106],[-86.975,33.098],[-86.925,33.09],[-86.875,33.082],[-86.832,33.075],[-86.825,33.074],[-86.775,33.066],[-86.725,33.059],[-86.675,33.052],[-86.625,33.045],[-86.575,33.038],[-86.525,33.031],[-86.482,33.025],[-86.475,33.024],[-86.425,33.017],[-86.375,33.011],[-86.325,33.004],[-86.275,32.997],[-86.225,32.991],[-86.175,32.985],[-86.125,32.978],[-86.098,32.975],[-86.075,32.972],[-86.025,32.966],[-85.975,32.961],[-85.925,32.955],[-85.875,32.95],[-85.825,32.945],[-85.775,32.94],[-85.725,32.935],[-85.675,32.931],[-85.625,32.927],[-85.589,32.925],[-85.575,32.924],[-85.525,32.921],[-85.475,32.919],[-85.425,32.917],[-85.375,32.915],[-85.325,32.914],[-85.275,32.914],[-85.225,32.914],[-85.175,32.914],[-85.125,32.915],[-85.075,32.917],[-85.025,32.919],[-84.975,32.922],[-84.928,32.925],[-84.925,32.925],[-84.875,32.929],[-84.825,32.934],[-84.775,32.939],[-84.725,32.944],[-84.675,32.951],[-84.625,32.958],[-84.575,32.965],[-84.525,32.973],[-84.516,32.975],[-84.475,32.982],[-84.425,32.992],[-84.375,33.002],[-84.325,33.013],[-84.275,33.025],[-84.275,33.025]],[[-83.35,33.3],[-83.325,33.307],[-83.275,33.321],[-83.26,33.325]],[[-83.146,33.354],[-83.125,33.359],[-83.075,33.37],[-83.055,33.375]],[[-82.449,33.501],[-82.425,33.506],[-82.375,33.516],[-82.327,33.525],[-82.325,33.525],[-82.275,33.535],[-82.225,33.545],[-82.175,33.555],[-82.125,33.564],[-82.075,33.574],[-82.067,33.575],[-82.025,33.583],[-81.975,33.592],[-81.925,33.601],[-81.875,33.61],[-81.825,33.619],[-81.787,33.625],[-81.775,33.627],[-81.725,33.635],[-81.675,33.644],[-81.625,33.652],[-81.575,33.659],[-81.525,33.667],[-81.475,33.674],[-81.469,33.675],[-81.425,33.681],[-81.375,33.688],[-81.325,33.695],[-81.275,33.701],[-81.225,33.707],[-81.175,33.713],[-81.125,33.718],[-81.075,33.723],[-81.053,33.725],[-81.025,33.728],[-80.975,33.732],[-80.925,33.736],[-80.875,33.74],[-80.825,33.743],[-80.775,33.746],[-80.725,33.749],[-80.675,33.752],[-80.625,33.754],[-80.575,33.756],[-80.525,33.758],[-80.475,33.76],[-80.425,33.761],[-80.375,33.763],[-80.325,33.764],[-80.275,33.765],[-80.225,33.766],[-80.175,33.767],[-80.125,33.767],[-80.075,33.767],[-80.025,33.768],[-79.975,33.768],[-79.925,33.767],[-79.875,33.767],[-79.825,33.766],[-79.775,33.765],[-79.725,33.764],[-79.675,33.762],[-79.625,33.76],[-79.575,33.758],[-79.525,33.756],[-79.475,33.754],[-79.425,33.751],[-79.375,33.748],[-79.325,33.745],[-79.275,33.742],[-79.225,33.739],[-79.175,33.735],[-79.125,33.731],[-79.075,33.728],[-79.042,33.725],[-79.025,33.724],[-78.975,33.72],[-78.925,33.716],[-78.886,33.714]]]}},{"type":"Feature","properties":{"date":"2007-03-28","label":"28 Mar","yday":87,"tier":"day","major":false},"geometry":{"type":"MultiLineString","coordinates":[[[-87.175,33.462],[-87.125,33.451],[-87.075,33.44],[-87.025,33.43],[-87.004,33.425],[-86.975,33.419],[-86.925,33.408],[-86.875,33.397],[-86.825,33.386],[-86.775,33.375],[-86.773,33.375],[-86.725,33.364],[-86.675,33.354],[-86.625,33.343],[-86.575,33.332],[-86.54,33.325],[-86.525,33.322],[-86.475,33.311],[-86.425,33.301],[-86.375,33.291],[-86.325,33.282],[-86.289,33.275],[-86.275,33.272],[-86.225,33.263],[-86.175,33.254],[-86.125,33.245],[-86.075,33.237],[-86.025,33.228],[-86.004,33.225],[-85.975,33.22],[-85.925,33.213],[-85.875,33.205],[-85.825,33.198],[-85.775,33.191],[-85.725,33.184],[-85.675,33.178],[-85.647,33.175],[-85.625,33.173],[-85.575,33.167],[-85.525,33.162],[-85.475,33.158],[-85.425,33.154],[-85.375,33.15],[-85.325,33.147],[-85.275,33.145],[-85.225,33.143],[-85.175,33.142],[-85.125,33.141],[-85.075,33.14],[-85.025,33.141],[-84.975,33.142],[-84.925,33.143],[-84.875,33.146],[-84.825,33.148],[-84.8,33.15]],[[-87.775,33.602],[-87.725,33.59],[-87.675,33.578],[-87.661,33.575],[-87.625,33.566],[-87.575,33.554],[-87.525,33.543]],[[-82.425,33.699],[-82.375,33.709],[-82.325,33.719],[-82.294,33.725],[-82.275,33.729],[-82.225,33.739],[-82.175,33.749],[-82.125,33.758],[-82.075,33.768],[-82.04,33.775],[-82.025,33.778],[-81.975,33.787],[-81.925,33.797],[-81.875,33.806],[-81.825,33.816],[-81.775,33.825],[-81.774,33.825],[-81.725,33.834],[-81.675,33.843],[-81.625,33.851],[-81.575,33.86],[-81.525,33.868],[-81.482,33.875],[-81.475,33.876],[-81.425,33.884],[-81.375,33.891],[-81.325,33.899],[-81.275,33.905],[-81.225,33.912],[-81.175,33.918],[-81.125,33.924],[-81.119,33.925],[-81.075,33.93],[-81.025,33.935],[-80.975,33.94],[-80.925,33.944],[-80.875,33.947],[-80.825,33.951],[-80.775,33.954],[-80.725,33.956],[-80.675,33.959],[-80.625,33.961],[-80.575,33.964],[-80.525,33.966],[-80.475,33.968],[-80.425,33.969],[-80.375,33.971],[-80.325,33.972],[-80.275,33.974],[-80.229,33.975],[-80.225,33.975],[-80.175,33.976],[-80.125,33.977],[-80.075,33.978],[-80.025,33.979],[-79.975,33.979],[-79.925,33.98],[-79.875,33.98],[-79.825,33.98],[-79.775,33.98],[-79.725,33.98],[-79.675,33.979],[-79.625,33.978],[-79.575,33.977],[-79.525,33.975],[-79.521,33.975],[-79.475,33.973],[-79.425,33.972],[-79.375,33.969],[-79.325,33.967],[-79.275,33.965],[-79.225,33.962],[-79.175,33.959],[-79.125,33.956],[-79.075,33.953],[-79.025,33.95],[-78.975,33.946],[-78.925,33.943],[-78.875,33.94],[-78.825,33.936],[-78.775,33.933],[-78.725,33.931],[-78.675,33.928],[-78.625,33.926],[-78.593,33.925],[-78.576,33.924]],[[-78.523,33.923],[-78.475,33.921],[-78.431,33.919]]]}},{"type":"Feature","properties":{"date":"2007-03-29","label":"29 Mar","yday":88,"tier":"day","major":false},"geometry":{"type":"MultiLineString","coordinates":[[[-87.297,33.797],[-87.275,33.791],[-87.225,33.778],[-87.213,33.775],[-87.175,33.765],[-87.125,33.752],[-87.075,33.74],[-87.025,33.727],[-87.017,33.725],[-86.975,33.715],[-86.925,33.702],[-86.875,33.69],[-86.825,33.678],[-86.814,33.675],[-86.775,33.665],[-86.725,33.653],[-86.675,33.64],[-86.625,33.627],[-86.616,33.625],[-86.575,33.615],[-86.525,33.602],[-86.475,33.589],[-86.425,33.577],[-86.416,33.575],[-86.375,33.565],[-86.325,33.553],[-86.275,33.542],[-86.225,33.531],[-86.198,33.525],[-86.175,33.52],[-86.125,33.51],[-86.075,33.499],[-86.025,33.49],[-85.975,33.48],[-85.948,33.475],[-85.925,33.471],[-85.875,33.462],[-85.825,33.453],[-85.775,33.445],[-85.725,33.437],[-85.675,33.429],[-85.646,33.425],[-85.625,33.422],[-85.575,33.415],[-85.525,33.409],[-85.475,33.403],[-85.425,33.397],[-85.375,33.393],[-85.325,33.388],[-85.275,33.384],[-85.225,33.381],[-85.175,33.379],[-85.125,33.377],[-85.075,33.375]],[[-82.268,33.932],[-82.225,33.941],[-82.175,33.951],[-82.125,33.961],[-82.075,33.971],[-82.052,33.975],[-82.025,33.98],[-81.975,33.99],[-81.925,34.0],[-81.875,34.01],[-81.825,34.02],[-81.799,34.025],[-81.775,34.03],[-81.725,34.039],[-81.675,34.048],[-81.625,34.057],[-81.575,34.066],[-81.525,34.075],[-81.523,34.075],[-81.475,34.083],[-81.425,34.091],[-81.375,34.099],[-81.325,34.106],[-81.275,34.113],[-81.225,34.119],[-81.18,34.125],[-81.175,34.126],[-81.125,34.131],[-81.075,34.137],[-81.025,34.142],[-80.975,34.146],[-80.925,34.15],[-80.875,34.154],[-80.825,34.158],[-80.775,34.161],[-80.725,34.164],[-80.675,34.166],[-80.625,34.169],[-80.575,34.171],[-80.525,34.174],[-80.497,34.175],[-80.475,34.176],[-80.425,34.178],[-80.375,34.18],[-80.325,34.182],[-80.275,34.184],[-80.225,34.186],[-80.175,34.188],[-80.125,34.19],[-80.075,34.192],[-80.025,34.193],[-79.975,34.195],[-79.925,34.197],[-79.875,34.199],[-79.825,34.2],[-79.775,34.202],[-79.725,34.203],[-79.675,34.204],[-79.625,34.205],[-79.575,34.205],[-79.525,34.205],[-79.475,34.206],[-79.425,34.206],[-79.375,34.206],[-79.325,34.206],[-79.275,34.205],[-79.225,34.205],[-79.175,34.205],[-79.125,34.205],[-79.075,34.204],[-79.025,34.204],[-78.975,34.204],[-78.925,34.203],[-78.875,34.203],[-78.825,34.202],[-78.775,34.201],[-78.725,34.2],[-78.675,34.198],[-78.625,34.196],[-78.575,34.194],[-78.525,34.191],[-78.475,34.188],[-78.425,34.184],[-78.375,34.18],[-78.325,34.175],[-78.325,34.175],[-78.275,34.17],[-78.225,34.164],[-78.175,34.158],[-78.125,34.152],[-78.075,34.145],[-78.025,34.137],[-77.975,34.129],[-77.949,34.125],[-77.928,34.122]]]}},{"type":"Feature","properties":{"date":"2007-03-30","label":"30 Mar","yday":89,"tier":"day","major":false},"geometry":{"type":"MultiLineString","coordinates":[[[-86.655,33.895],[-86.625,33.887],[-86.581,33.875],[-86.575,33.873],[-86.525,33.86],[-86.475,33.847],[-86.425,33.835],[-86.387,33.825],[-86.375,33.822],[-86.325,33.81],[-86.275,33.798],[-86.225,33.786],[-86.176,33.775],[-86.175,33.775],[-86.125,33.764],[-86.075,33.753],[-86.025,33.743],[-85.975,33.733],[-85.935,33.725],[-85.925,33.723],[-85.875,33.714],[-85.825,33.705],[-85.775,33.696],[-85.725,33.687],[-85.675,33.679],[-85.647,33.675],[-85.625,33.672],[-85.575,33.664],[-85.525,33.658],[-85.475,33.651],[-85.425,33.645],[-85.375,33.64],[-85.325,33.635],[-85.275,33.631],[-85.225,33.628],[-85.175,33.625],[-85.172,33.625],[-85.125,33.623],[-85.075,33.622],[-85.025,33.621],[-84.979,33.621]],[[-86.945,33.975],[-86.925,33.969],[-86.917,33.967]],[[-87.396,34.104],[-87.375,34.099],[-87.325,34.084],[-87.293,34.075],[-87.275,34.07],[-87.225,34.055],[-87.175,34.041],[-87.125,34.027],[-87.119,34.025],[-87.075,34.012],[-87.025,33.998],[-86.987,33.987]],[[-80.838,34.362],[-80.825,34.362],[-80.775,34.366],[-80.725,34.368],[-80.675,34.371],[-80.625,34.374],[-80.604,34.375],[-80.575,34.376],[-80.525,34.379],[-80.475,34.382],[-80.425,34.384],[-80.375,34.387],[-80.325,34.389],[-80.275,34.392],[-80.225,34.395],[-80.175,34.398],[-80.125,34.401],[-80.075,34.404],[-80.025,34.407],[-79.975,34.41],[-79.925,34.413],[-79.875,34.416],[-79.825,34.42],[-79.775,34.424],[-79.754,34.425],[-79.725,34.427],[-79.675,34.43],[-79.625,34.434],[-79.575,34.437],[-79.525,34.44],[-79.475,34.443],[-79.425,34.447],[-79.375,34.45],[-79.325,34.453],[-79.275,34.457],[-79.225,34.46],[-79.175,34.464],[-79.125,34.467],[-79.075,34.471],[-79.027,34.475],[-79.025,34.475],[-78.975,34.479],[-78.925,34.483],[-78.875,34.487],[-78.825,34.49],[-78.775,34.493],[-78.725,34.495],[-78.675,34.497],[-78.625,34.497],[-78.575,34.497],[-78.525,34.496],[-78.475,34.494],[-78.425,34.491],[-78.375,34.487],[-78.325,34.482],[-78.275,34.476],[-78.269,34.475],[-78.225,34.469],[-78.175,34.46],[-78.125,34.45],[-78.075,34.44],[-78.025,34.428],[-78.013,34.425],[-77.975,34.416],[-77.925,34.403],[-77.875,34.389],[-77.826,34.375],[-77.825,34.375],[-77.775,34.361],[-77.725,34.346],[-77.709,34.341]]]}},{"type":"Feature","properties":{"date":"2007-03-31","label":"31 Mar","yday":90,"tier":"index","major":true},"geometry":{"type":"MultiLineString","coordinates":[[[-86.737,34.163],[-86.725,34.159],[-86.675,34.144],[-86.625,34.13],[-86.606,34.125],[-86.575,34.116],[-86.525,34.103],[-86.475,34.089],[-86.425,34.077],[-86.419,34.075],[-86.375,34.064],[-86.325,34.052],[-86.275,34.04],[-86.225,34.029],[-86.209,34.025],[-86.175,34.017],[-86.125,34.007],[-86.075,33.996],[-86.025,33.986],[-85.975,33.976],[-85.968,33.975],[-85.925,33.967],[-85.875,33.958],[-85.825,33.949],[-85.775,33.941],[-85.725,33.933],[-85.675,33.925],[-85.672,33.925],[-85.625,33.918],[-85.575,33.911],[-85.525,33.905],[-85.475,33.899],[-85.425,33.894],[-85.375,33.889],[-85.325,33.885],[-85.275,33.881],[-85.225,33.878],[-85.175,33.876],[-85.15,33.875],[-85.125,33.874],[-85.075,33.873],[-85.025,33.873],[-84.975,33.874],[-84.948,33.875],[-84.925,33.876],[-84.875,33.878],[-84.825,33.882],[-84.775,33.886],[-84.725,33.891],[-84.675,33.897],[-84.625,33.904],[-84.591,33.909]],[[-80.675,34.571],[-80.625,34.574],[-80.596,34.575],[-80.575,34.576],[-80.525,34.579],[-80.475,34.581],[-80.425,34.584],[-80.375,34.587],[-80.325,34.591],[-80.275,34.594],[-80.225,34.598],[-80.175,34.602],[-80.125,34.607],[-80.075,34.611],[-80.025,34.616],[-79.975,34.622],[-79.946,34.625],[-79.925,34.627],[-79.875,34.633],[-79.825,34.639],[-79.775,34.645],[-79.725,34.651],[-79.675,34.657],[-79.625,34.663],[-79.575,34.669],[-79.529,34.675],[-79.525,34.676],[-79.475,34.682],[-79.425,34.689],[-79.375,34.696],[-79.325,34.703],[-79.275,34.712],[-79.225,34.72],[-79.199,34.725],[-79.175,34.73],[-79.125,34.739],[-79.075,34.749],[-79.025,34.759],[-78.975,34.769],[-78.946,34.775],[-78.925,34.779],[-78.875,34.788],[-78.825,34.797],[-78.775,34.805],[-78.725,34.812],[-78.675,34.818],[-78.625,34.823],[-78.594,34.825],[-78.575,34.827],[-78.525,34.829],[-78.475,34.831],[-78.425,34.832],[-78.375,34.832],[-78.325,34.83],[-78.275,34.826],[-78.264,34.825],[-78.225,34.821],[-78.175,34.814],[-78.125,34.805],[-78.075,34.793],[-78.025,34.78],[-78.011,34.775],[-77.975,34.764],[-77.925,34.746],[-77.875,34.726],[-77.873,34.725],[-77.825,34.705],[-77.775,34.683],[-77.758,34.675],[-77.725,34.66],[-77.675,34.638],[-77.648,34.625],[-77.625,34.615],[-77.575,34.593],[-77.535,34.575],[-77.525,34.571],[-77.475,34.549],[-77.425,34.528],[-77.419,34.525]]]}},{"type":"Feature","properties":{"date":"2007-04-01","label":"1 Apr","yday":91,"tier":"day","major":false},"geometry":{"type":"MultiLineString","coordinates":[[[-85.725,34.175],[-85.724,34.175],[-85.675,34.169],[-85.625,34.162],[-85.575,34.157],[-85.525,34.151],[-85.475,34.146],[-85.425,34.142],[-85.375,34.138],[-85.325,34.134],[-85.275,34.131],[-85.225,34.129],[-85.175,34.127],[-85.125,34.126],[-85.075,34.125],[-85.025,34.126],[-84.975,34.127],[-84.925,34.128],[-84.875,34.131],[-84.825,34.135],[-84.775,34.139],[-84.725,34.145],[-84.675,34.151],[-84.625,34.157],[-84.61,34.16]],[[-80.262,34.788],[-80.225,34.791],[-80.175,34.797],[-80.125,34.803],[-80.075,34.809],[-80.025,34.816],[-79.975,34.824],[-79.969,34.825],[-79.925,34.832],[-79.875,34.841],[-79.825,34.849],[-79.775,34.859],[-79.725,34.867],[-79.679,34.875],[-79.675,34.876],[-79.625,34.884],[-79.575,34.893],[-79.525,34.902],[-79.475,34.912],[-79.425,34.923],[-79.417,34.925],[-79.375,34.935],[-79.325,34.948],[-79.275,34.962],[-79.229,34.975],[-79.225,34.976],[-79.175,34.991],[-79.125,35.006],[-79.075,35.022],[-79.064,35.025],[-79.025,35.037],[-78.975,35.051],[-78.925,35.065],[-78.883,35.075],[-78.875,35.077],[-78.825,35.087],[-78.775,35.096],[-78.725,35.105],[-78.675,35.113],[-78.625,35.12],[-78.59,35.125],[-78.575,35.127],[-78.525,35.133],[-78.475,35.138],[-78.425,35.142],[-78.375,35.146],[-78.325,35.148],[-78.275,35.149],[-78.225,35.149],[-78.175,35.148],[-78.125,35.145],[-78.075,35.14],[-78.025,35.134],[-77.976,35.125],[-77.975,35.125],[-77.925,35.113],[-77.875,35.099],[-77.825,35.082],[-77.807,35.075],[-77.775,35.062],[-77.725,35.039],[-77.698,35.025],[-77.675,35.013],[-77.625,34.985],[-77.609,34.975],[-77.575,34.955],[-77.528,34.925],[-77.525,34.923],[-77.475,34.892],[-77.449,34.875],[-77.425,34.86],[-77.375,34.829],[-77.37,34.825],[-77.325,34.798],[-77.289,34.775],[-77.275,34.767],[-77.225,34.737],[-77.204,34.725],[-77.175,34.709]]]}},{"type":"Feature","properties":{"date":"2007-04-02","label":"2 Apr","yday":92,"tier":"day","major":false},"geometry":{"type":"MultiLineString","coordinates":[[[-80.125,34.985],[-80.075,34.993],[-80.025,35.001],[-79.975,35.01],[-79.925,35.02],[-79.901,35.025],[-79.875,35.03],[-79.825,35.041],[-79.775,35.052],[-79.725,35.063],[-79.675,35.075],[-79.674,35.075],[-79.625,35.087],[-79.575,35.099],[-79.525,35.112],[-79.48,35.125],[-79.475,35.127],[-79.425,35.141],[-79.375,35.157],[-79.325,35.173],[-79.319,35.175],[-79.275,35.19],[-79.225,35.206],[-79.175,35.223],[-79.17,35.225],[-79.125,35.24],[-79.075,35.256],[-79.025,35.271],[-79.012,35.275],[-78.975,35.285],[-78.925,35.299],[-78.875,35.311],[-78.825,35.323],[-78.816,35.325],[-78.775,35.334],[-78.725,35.345],[-78.675,35.355],[-78.625,35.365],[-78.575,35.375],[-78.574,35.375],[-78.525,35.384],[-78.475,35.392],[-78.425,35.399],[-78.375,35.405],[-78.325,35.41],[-78.275,35.415],[-78.225,35.418],[-78.175,35.42],[-78.125,35.421],[-78.075,35.421],[-78.025,35.419],[-77.975,35.417],[-77.925,35.413],[-77.875,35.408],[-77.825,35.402],[-77.775,35.393],[-77.725,35.383],[-77.691,35.375],[-77.675,35.371],[-77.625,35.356],[-77.575,35.337],[-77.545,35.325],[-77.525,35.316],[-77.475,35.291],[-77.447,35.275],[-77.425,35.262],[-77.375,35.229],[-77.369,35.225],[-77.325,35.193],[-77.301,35.175],[-77.275,35.155],[-77.238,35.125],[-77.225,35.114],[-77.178,35.075],[-77.175,35.072],[-77.125,35.03],[-77.119,35.025],[-77.075,34.989],[-77.058,34.975],[-77.025,34.949],[-76.995,34.925],[-76.975,34.91],[-76.927,34.875],[-76.925,34.874],[-76.875,34.84],[-76.851,34.825],[-76.825,34.809],[-76.775,34.78],[-76.772,34.778]]]}},{"type":"Feature","properties":{"date":"2007-04-03","label":"3 Apr","yday":93,"tier":"day","major":false},"geometry":{"type":"MultiLineString","coordinates":[[[-76.547,34.953],[-76.525,34.942],[-76.491,34.925],[-76.475,34.917],[-76.425,34.896],[-76.375,34.876]],[[-80.109,35.159],[-80.075,35.165],[-80.026,35.175],[-80.025,35.175],[-79.975,35.186],[-79.925,35.198],[-79.875,35.21],[-79.825,35.223],[-79.817,35.225],[-79.775,35.237],[-79.725,35.251],[-79.675,35.265],[-79.643,35.275],[-79.625,35.28],[-79.575,35.296],[-79.525,35.312],[-79.485,35.325],[-79.475,35.328],[-79.425,35.345],[-79.375,35.362],[-79.336,35.375],[-79.325,35.379],[-79.275,35.396],[-79.225,35.413],[-79.188,35.425],[-79.175,35.429],[-79.125,35.446],[-79.075,35.461],[-79.031,35.475],[-79.026,35.476]],[[-78.952,35.498],[-78.925,35.506],[-78.875,35.52],[-78.855,35.525],[-78.825,35.533],[-78.775,35.546],[-78.725,35.559],[-78.675,35.571],[-78.659,35.575],[-78.625,35.583],[-78.575,35.594],[-78.525,35.605],[-78.475,35.614],[-78.425,35.624],[-78.416,35.625]],[[-78.367,35.633],[-78.325,35.639],[-78.275,35.645],[-78.225,35.65],[-78.175,35.655],[-78.125,35.658],[-78.075,35.661],[-78.025,35.662],[-77.975,35.663],[-77.925,35.663],[-77.875,35.663],[-77.825,35.662],[-77.775,35.659],[-77.725,35.656],[-77.675,35.651],[-77.625,35.645],[-77.575,35.637],[-77.525,35.627],[-77.518,35.625],[-77.475,35.614],[-77.425,35.598],[-77.375,35.578],[-77.368,35.575],[-77.325,35.554],[-77.275,35.526],[-77.273,35.525],[-77.225,35.494],[-77.198,35.475],[-77.175,35.458],[-77.133,35.425],[-77.125,35.419],[-77.075,35.376],[-77.074,35.375],[-77.025,35.331],[-77.019,35.325],[-76.975,35.285],[-76.965,35.275],[-76.925,35.238],[-76.911,35.225],[-76.875,35.193],[-76.855,35.175],[-76.825,35.149],[-76.812,35.138]]]}},{"type":"Feature","properties":{"date":"2007-04-04","label":"4 Apr","yday":94,"tier":"day","major":false},"geometry":{"type":"MultiLineString","coordinates":[[[-80.125,35.324],[-80.118,35.325],[-80.075,35.334],[-80.025,35.347],[-79.975,35.36],[-79.963,35.363]],[[-78.026,35.874],[-78.025,35.874],[-78.009,35.875],[-77.975,35.876],[-77.925,35.878],[-77.875,35.879],[-77.825,35.88],[-77.775,35.879],[-77.725,35.878],[-77.675,35.876],[-77.665,35.875],[-77.625,35.872],[-77.575,35.866],[-77.525,35.859],[-77.475,35.849],[-77.425,35.838],[-77.379,35.825],[-77.375,35.824],[-77.325,35.807],[-77.275,35.787],[-77.248,35.775],[-77.225,35.764],[-77.175,35.738],[-77.151,35.725],[-77.125,35.71],[-77.075,35.678],[-77.071,35.675],[-77.025,35.643],[-77.001,35.625],[-76.975,35.605],[-76.938,35.575],[-76.925,35.564],[-76.904,35.546]]]}},{"type":"Feature","properties":{"date":"2007-04-05","label":"5 Apr","yday":95,"tier":"five","major":false},"geometry":{"type":"MultiLineString","coordinates":[[[-77.825,36.075],[-77.775,36.075],[-77.756,36.075],[-77.725,36.074],[-77.675,36.072],[-77.625,36.069],[-77.575,36.065],[-77.525,36.059],[-77.475,36.051],[-77.425,36.041],[-77.375,36.03],[-77.356,36.025],[-77.325,36.016],[-77.275,36.0],[-77.225,35.981],[-77.211,35.975],[-77.175,35.959],[-77.125,35.935],[-77.106,35.925],[-77.075,35.908],[-77.025,35.878],[-77.02,35.875],[-76.975,35.846],[-76.944,35.825],[-76.925,35.812],[-76.875,35.776],[-76.874,35.775],[-76.825,35.738],[-76.809,35.725],[-76.775,35.699],[-76.745,35.675],[-76.725,35.659]]]}},{"type":"Feature","properties":{"date":"2007-04-06","label":"6 Apr","yday":96,"tier":"day","major":false},"geometry":{"type":"MultiLineString","coordinates":[[[-77.702,36.248],[-77.675,36.247],[-77.625,36.244],[-77.575,36.241],[-77.525,36.236],[-77.475,36.23],[-77.44,36.225],[-77.425,36.223],[-77.375,36.214],[-77.325,36.203],[-77.275,36.191],[-77.225,36.176],[-77.223,36.175],[-77.175,36.158],[-77.125,36.137],[-77.098,36.125],[-77.075,36.114],[-77.025,36.088],[-77.003,36.075],[-76.975,36.059],[-76.925,36.028],[-76.921,36.025],[-76.875,35.994],[-76.847,35.975],[-76.825,35.959],[-76.778,35.925],[-76.775,35.923],[-76.725,35.886],[-76.711,35.875],[-76.675,35.848],[-76.644,35.825],[-76.625,35.811],[-76.604,35.796]]]}},{"type":"Feature","properties":{"date":"2007-04-07","label":"7 Apr","yday":97,"tier":"day","major":false},"geometry":{"type":"MultiLineString","coordinates":[[[-77.625,36.401],[-77.575,36.398],[-77.525,36.393],[-77.475,36.388],[-77.425,36.382],[-77.375,36.375],[-77.373,36.375],[-77.325,36.367],[-77.275,36.357],[-77.225,36.346],[-77.175,36.333],[-77.149,36.325],[-77.125,36.317],[-77.075,36.298],[-77.025,36.277],[-77.02,36.275],[-76.975,36.253],[-76.925,36.227],[-76.922,36.225],[-76.875,36.197],[-76.839,36.175],[-76.825,36.166],[-76.775,36.132],[-76.771,36.129]]]}},{"type":"Feature","properties":{"date":"2007-04-08","label":"8 Apr","yday":98,"tier":"day","major":false},"geometry":{"type":"MultiLineString","coordinates":[[[-75.975,35.815],[-75.925,35.79],[-75.892,35.775],[-75.875,35.767],[-75.846,35.754]],[[-76.651,36.249],[-76.625,36.231],[-76.617,36.225],[-76.575,36.195],[-76.563,36.187]],[[-77.8,36.55],[-77.775,36.55],[-77.725,36.548],[-77.675,36.546],[-77.625,36.543],[-77.575,36.539],[-77.525,36.535],[-77.475,36.53],[-77.425,36.525],[-77.425,36.525],[-77.375,36.519],[-77.325,36.512],[-77.275,36.504],[-77.225,36.494],[-77.175,36.484],[-77.137,36.475],[-77.125,36.472],[-77.075,36.458],[-77.025,36.442],[-76.977,36.425],[-76.975,36.424],[-76.925,36.404],[-76.875,36.381],[-76.863,36.375],[-76.825,36.355],[-76.775,36.328],[-76.77,36.325],[-76.725,36.297],[-76.711,36.289]]]}},{"type":"Feature","properties":{"date":"2007-04-09","label":"9 Apr","yday":99,"tier":"day","major":false},"geometry":{"type":"MultiLineString","coordinates":[[[-77.194,36.625],[-77.175,36.622],[-77.125,36.612],[-77.075,36.601],[-77.025,36.589],[-76.975,36.576],[-76.972,36.575],[-76.925,36.56],[-76.875,36.543],[-76.827,36.525],[-76.825,36.524],[-76.775,36.502],[-76.725,36.479],[-76.717,36.475],[-76.675,36.453],[-76.626,36.425],[-76.625,36.425],[-76.575,36.394],[-76.545,36.375],[-76.525,36.362],[-76.475,36.328]],[[-77.816,36.684],[-77.775,36.683],[-77.731,36.681]]]}},{"type":"Feature","properties":{"date":"2007-04-10","label":"10 Apr","yday":100,"tier":"five","major":false},"geometry":{"type":"MultiLineString","coordinates":[[[-77.033,36.725],[-77.025,36.723],[-76.975,36.713],[-76.925,36.701],[-76.875,36.688],[-76.831,36.675],[-76.825,36.673],[-76.775,36.656],[-76.725,36.638],[-76.69,36.625],[-76.675,36.619],[-76.625,36.597],[-76.58,36.575],[-76.575,36.572],[-76.525,36.546],[-76.488,36.525],[-76.475,36.517],[-76.425,36.488],[-76.417,36.483]]]}},{"type":"Feature","properties":{"date":"2007-04-11","label":"11 Apr","yday":101,"tier":"day","major":false},"geometry":{"type":"MultiLineString","coordinates":[[[-76.569,36.725],[-76.525,36.706],[-76.475,36.684],[-76.456,36.675],[-76.425,36.659],[-76.375,36.634],[-76.357,36.625],[-76.325,36.607]],[[-76.841,36.809],[-76.825,36.806],[-76.775,36.792],[-76.725,36.778],[-76.714,36.775],[-76.675,36.763],[-76.625,36.746],[-76.578,36.728]]]}}]}