{"type":"FeatureCollection","features":[{"type":"Feature","properties":{"date":"2025-02-12","label":"12 Feb","yday":43,"tier":"day","major":false},"geometry":{"type":"MultiLineString","coordinates":[[[-81.752,26.848],[-81.737,26.875],[-81.725,26.896],[-81.709,26.925],[-81.68,26.975],[-81.675,26.983],[-81.649,27.025],[-81.625,27.061],[-81.615,27.075],[-81.579,27.125],[-81.575,27.129],[-81.537,27.175],[-81.525,27.188],[-81.49,27.225],[-81.475,27.24],[-81.436,27.275],[-81.425,27.284],[-81.375,27.323],[-81.373,27.325],[-81.325,27.357],[-81.295,27.375],[-81.275,27.386],[-81.225,27.411],[-81.192,27.425],[-81.175,27.432],[-81.125,27.449],[-81.075,27.463],[-81.025,27.473],[-81.015,27.475],[-80.975,27.481],[-80.925,27.485],[-80.875,27.486],[-80.825,27.484],[-80.775,27.479]]]}},{"type":"Feature","properties":{"date":"2025-02-13","label":"13 Feb","yday":44,"tier":"day","major":false},"geometry":{"type":"MultiLineString","coordinates":[[[-82.236,26.836],[-82.225,26.847],[-82.198,26.875],[-82.187,26.887]],[[-82.109,26.975],[-82.075,27.015],[-82.067,27.025],[-82.026,27.075],[-82.025,27.076],[-81.984,27.125],[-81.975,27.136],[-81.942,27.175],[-81.925,27.193],[-81.897,27.225],[-81.875,27.248],[-81.849,27.275],[-81.825,27.298],[-81.797,27.325],[-81.775,27.345],[-81.741,27.375],[-81.725,27.388],[-81.679,27.425],[-81.675,27.428],[-81.625,27.464],[-81.609,27.475],[-81.575,27.497],[-81.53,27.525],[-81.525,27.528],[-81.475,27.555],[-81.435,27.575],[-81.425,27.58],[-81.375,27.602],[-81.325,27.622],[-81.317,27.625],[-81.275,27.639],[-81.225,27.654],[-81.175,27.667],[-81.139,27.675],[-81.125,27.678],[-81.075,27.686],[-81.025,27.692],[-80.975,27.696],[-80.925,27.697],[-80.875,27.697],[-80.825,27.694],[-80.775,27.689]]]}},{"type":"Feature","properties":{"date":"2025-02-14","label":"14 Feb","yday":45,"tier":"index","major":true},"geometry":{"type":"MultiLineString","coordinates":[[[-82.425,27.102],[-82.4,27.125],[-82.375,27.147],[-82.345,27.175],[-82.325,27.193],[-82.291,27.225],[-82.275,27.239],[-82.236,27.275],[-82.225,27.285],[-82.181,27.325],[-82.175,27.33],[-82.125,27.373],[-82.123,27.375],[-82.075,27.415],[-82.063,27.425],[-82.025,27.455],[-82.0,27.475],[-81.975,27.493],[-81.932,27.525],[-81.925,27.53],[-81.875,27.565],[-81.86,27.575],[-81.825,27.597],[-81.781,27.625],[-81.775,27.628],[-81.725,27.657],[-81.693,27.675],[-81.675,27.684],[-81.625,27.71],[-81.594,27.725],[-81.575,27.734],[-81.525,27.756],[-81.48,27.775],[-81.475,27.777],[-81.425,27.796],[-81.375,27.813],[-81.338,27.825],[-81.325,27.829],[-81.275,27.843],[-81.225,27.856],[-81.175,27.866],[-81.127,27.875],[-81.125,27.875],[-81.075,27.882],[-81.025,27.888],[-80.975,27.891],[-80.925,27.893],[-80.893,27.893]]]}},{"type":"Feature","properties":{"date":"2025-02-15","label":"15 Feb","yday":46,"tier":"day","major":false},"geometry":{"type":"MultiLineString","coordinates":[[[-82.525,27.344],[-82.485,27.375],[-82.475,27.383],[-82.425,27.421],[-82.42,27.425],[-82.375,27.459],[-82.353,27.475],[-82.325,27.496],[-82.285,27.525],[-82.275,27.532],[-82.225,27.567],[-82.213,27.575],[-82.175,27.601],[-82.139,27.625],[-82.125,27.634],[-82.075,27.666],[-82.061,27.675],[-82.025,27.696],[-81.978,27.725],[-81.975,27.726],[-81.925,27.754],[-81.888,27.775],[-81.875,27.782],[-81.825,27.807],[-81.79,27.825],[-81.775,27.832],[-81.725,27.855],[-81.682,27.875],[-81.675,27.878],[-81.625,27.9],[-81.575,27.92],[-81.563,27.925],[-81.525,27.94],[-81.475,27.958],[-81.427,27.975],[-81.425,27.976],[-81.375,27.992],[-81.325,28.007],[-81.275,28.02],[-81.255,28.025],[-81.225,28.032],[-81.175,28.043],[-81.125,28.052],[-81.075,28.06],[-81.025,28.066],[-80.975,28.07],[-80.925,28.074]]]}},{"type":"Feature","properties":{"date":"2025-02-16","label":"16 Feb","yday":47,"tier":"day","major":false},"geometry":{"type":"MultiLineString","coordinates":[[[-82.625,27.518],[-82.615,27.525],[-82.575,27.552],[-82.541,27.575],[-82.525,27.586],[-82.475,27.618],[-82.465,27.625],[-82.425,27.65],[-82.386,27.675],[-82.375,27.682],[-82.325,27.712],[-82.303,27.725],[-82.275,27.741],[-82.225,27.771],[-82.218,27.775],[-82.175,27.799],[-82.128,27.825],[-82.125,27.827],[-82.075,27.853],[-82.034,27.875],[-82.025,27.879],[-81.975,27.904],[-81.933,27.925],[-81.925,27.929],[-81.875,27.952],[-81.825,27.974],[-81.823,27.975],[-81.775,27.996],[-81.725,28.018],[-81.707,28.025],[-81.675,28.038],[-81.625,28.058],[-81.583,28.075],[-81.575,28.078],[-81.525,28.097],[-81.475,28.115],[-81.447,28.125],[-81.425,28.132],[-81.375,28.149],[-81.325,28.164],[-81.285,28.175],[-81.275,28.178],[-81.225,28.19],[-81.175,28.201],[-81.125,28.211],[-81.075,28.219],[-81.034,28.225],[-81.025,28.226],[-80.975,28.232],[-80.935,28.235]]]}},{"type":"Feature","properties":{"date":"2025-02-17","label":"17 Feb","yday":48,"tier":"day","major":false},"geometry":{"type":"MultiLineString","coordinates":[[[-82.375,27.855],[-82.337,27.875],[-82.325,27.881],[-82.275,27.906],[-82.237,27.925],[-82.225,27.931],[-82.175,27.955],[-82.135,27.975],[-82.125,27.98],[-82.075,28.004],[-82.03,28.025],[-82.025,28.027],[-81.975,28.049],[-81.925,28.071],[-81.917,28.075],[-81.875,28.093],[-81.825,28.114],[-81.8,28.125],[-81.775,28.136],[-81.725,28.156],[-81.68,28.175],[-81.675,28.177],[-81.625,28.197],[-81.575,28.217],[-81.555,28.225],[-81.525,28.237],[-81.475,28.255],[-81.425,28.273],[-81.419,28.275],[-81.375,28.29],[-81.325,28.305],[-81.275,28.319],[-81.253,28.325],[-81.225,28.332],[-81.175,28.343],[-81.125,28.353],[-81.075,28.361],[-81.025,28.369],[-80.976,28.375],[-80.975,28.375]]]}},{"type":"Feature","properties":{"date":"2025-02-18","label":"18 Feb","yday":49,"tier":"day","major":false},"geometry":{"type":"MultiLineString","coordinates":[[[-82.76,27.81],[-82.733,27.825],[-82.725,27.829],[-82.675,27.856],[-82.64,27.875]],[[-82.529,27.929],[-82.525,27.93],[-82.475,27.953],[-82.426,27.975],[-82.425,27.975],[-82.375,27.997],[-82.325,28.02],[-82.313,28.025],[-82.275,28.041],[-82.225,28.064],[-82.2,28.075],[-82.175,28.086],[-82.125,28.108],[-82.087,28.125],[-82.075,28.13],[-82.025,28.152],[-81.975,28.174],[-81.973,28.175],[-81.925,28.195],[-81.875,28.217],[-81.857,28.225],[-81.825,28.239],[-81.775,28.26],[-81.74,28.275],[-81.725,28.281],[-81.675,28.302],[-81.625,28.323],[-81.621,28.325],[-81.575,28.344],[-81.525,28.364],[-81.495,28.375],[-81.475,28.383],[-81.425,28.401],[-81.375,28.418],[-81.353,28.425],[-81.325,28.434],[-81.275,28.448],[-81.225,28.46],[-81.175,28.471],[-81.154,28.475],[-81.125,28.481],[-81.075,28.489],[-81.025,28.496],[-80.999,28.499]]]}},{"type":"Feature","properties":{"date":"2025-02-19","label":"19 Feb","yday":50,"tier":"five","major":false},"geometry":{"type":"MultiLineString","coordinates":[[[-82.791,27.941],[-82.775,27.948],[-82.725,27.973]],[[-82.619,28.019],[-82.606,28.025],[-82.575,28.038],[-82.525,28.058],[-82.484,28.075],[-82.475,28.078],[-82.425,28.098],[-82.375,28.119],[-82.36,28.125],[-82.325,28.139],[-82.275,28.16],[-82.239,28.175],[-82.225,28.181],[-82.175,28.202],[-82.125,28.223],[-82.121,28.225],[-82.075,28.245],[-82.025,28.267],[-82.006,28.275],[-81.975,28.288],[-81.925,28.31],[-81.892,28.325],[-81.875,28.332],[-81.825,28.354],[-81.778,28.375],[-81.775,28.376],[-81.725,28.398],[-81.675,28.419],[-81.662,28.425],[-81.625,28.44],[-81.575,28.461],[-81.541,28.475],[-81.525,28.481],[-81.475,28.5],[-81.425,28.519],[-81.407,28.525],[-81.375,28.536],[-81.325,28.551],[-81.275,28.565],[-81.233,28.575],[-81.225,28.577],[-81.175,28.587],[-81.125,28.597],[-81.075,28.605],[-81.057,28.607]]]}},{"type":"Feature","properties":{"date":"2025-02-20","label":"20 Feb","yday":51,"tier":"day","major":false},"geometry":{"type":"MultiLineString","coordinates":[[[-82.775,28.075],[-82.774,28.075],[-82.725,28.095],[-82.675,28.115],[-82.649,28.125],[-82.625,28.134],[-82.575,28.153],[-82.525,28.172],[-82.517,28.175],[-82.475,28.191],[-82.425,28.21],[-82.385,28.225],[-82.375,28.229],[-82.325,28.248],[-82.275,28.269],[-82.26,28.275],[-82.225,28.289],[-82.175,28.31],[-82.141,28.325],[-82.125,28.332],[-82.075,28.353],[-82.026,28.375],[-82.025,28.375],[-81.975,28.397],[-81.925,28.42],[-81.913,28.425],[-81.875,28.442],[-81.825,28.464],[-81.801,28.475],[-81.775,28.487],[-81.725,28.509],[-81.687,28.525],[-81.675,28.53],[-81.625,28.551],[-81.575,28.572],[-81.568,28.575],[-81.525,28.592],[-81.475,28.611],[-81.435,28.625],[-81.425,28.629],[-81.375,28.645],[-81.325,28.66],[-81.275,28.674],[-81.269,28.675],[-81.225,28.686],[-81.175,28.696],[-81.125,28.705],[-81.075,28.713]]]}},{"type":"Feature","properties":{"date":"2025-02-21","label":"21 Feb","yday":52,"tier":"day","major":false},"geometry":{"type":"MultiLineString","coordinates":[[[-82.752,28.198],[-82.725,28.208],[-82.677,28.225],[-82.675,28.226],[-82.625,28.243],[-82.575,28.261],[-82.535,28.275],[-82.525,28.278],[-82.475,28.296],[-82.425,28.314],[-82.397,28.325],[-82.375,28.333],[-82.325,28.353],[-82.275,28.373],[-82.27,28.375],[-82.225,28.394],[-82.175,28.415],[-82.152,28.425],[-82.125,28.437],[-82.075,28.459],[-82.039,28.475],[-82.025,28.481],[-81.975,28.504],[-81.928,28.525],[-81.925,28.526],[-81.875,28.549],[-81.825,28.572],[-81.817,28.575],[-81.775,28.594],[-81.725,28.616],[-81.704,28.625],[-81.675,28.638],[-81.625,28.659],[-81.584,28.675],[-81.575,28.679],[-81.525,28.698],[-81.475,28.717],[-81.451,28.725],[-81.425,28.734],[-81.375,28.75],[-81.325,28.764],[-81.285,28.775],[-81.275,28.777],[-81.225,28.789],[-81.175,28.799],[-81.125,28.807],[-81.075,28.815]]]}},{"type":"Feature","properties":{"date":"2025-02-22","label":"22 Feb","yday":53,"tier":"day","major":false},"geometry":{"type":"MultiLineString","coordinates":[[[-82.675,28.332],[-82.625,28.349],[-82.575,28.365],[-82.545,28.375],[-82.525,28.382],[-82.475,28.399],[-82.425,28.417],[-82.403,28.425],[-82.375,28.436],[-82.325,28.456],[-82.277,28.475],[-82.275,28.476],[-82.225,28.497],[-82.175,28.519],[-82.161,28.525],[-82.125,28.541],[-82.075,28.563],[-82.05,28.575],[-82.025,28.586],[-81.975,28.609],[-81.94,28.625],[-81.925,28.632],[-81.875,28.655],[-81.83,28.675],[-81.825,28.677],[-81.775,28.7],[-81.725,28.722],[-81.717,28.725],[-81.675,28.743],[-81.625,28.763],[-81.596,28.775],[-81.575,28.783],[-81.525,28.802],[-81.475,28.819],[-81.458,28.825],[-81.425,28.836],[-81.375,28.851],[-81.325,28.864],[-81.282,28.875],[-81.275,28.877],[-81.225,28.888],[-81.175,28.897],[-81.125,28.906],[-81.075,28.913],[-81.025,28.92]]]}},{"type":"Feature","properties":{"date":"2025-02-23","label":"23 Feb","yday":54,"tier":"day","major":false},"geometry":{"type":"MultiLineString","coordinates":[[[-82.625,28.454],[-82.575,28.469],[-82.558,28.475],[-82.525,28.486],[-82.475,28.503],[-82.425,28.521],[-82.413,28.525],[-82.375,28.54],[-82.325,28.56],[-82.288,28.575],[-82.275,28.58],[-82.225,28.602],[-82.175,28.624],[-82.172,28.625],[-82.125,28.646],[-82.075,28.669],[-82.063,28.675],[-82.025,28.693],[-81.975,28.716],[-81.955,28.725],[-81.925,28.739],[-81.875,28.761],[-81.845,28.775],[-81.825,28.784],[-81.775,28.806],[-81.73,28.825],[-81.725,28.827],[-81.675,28.848],[-81.625,28.868],[-81.607,28.875],[-81.575,28.887],[-81.525,28.905],[-81.475,28.921],[-81.463,28.925],[-81.425,28.937],[-81.375,28.951],[-81.325,28.963],[-81.275,28.975],[-81.275,28.975],[-81.225,28.985],[-81.175,28.995],[-81.125,29.003],[-81.075,29.011],[-81.025,29.018]]]}},{"type":"Feature","properties":{"date":"2025-02-24","label":"24 Feb","yday":55,"tier":"five","major":false},"geometry":{"type":"MultiLineString","coordinates":[[[-82.625,28.561],[-82.581,28.575],[-82.575,28.577],[-82.525,28.593],[-82.475,28.61],[-82.434,28.625],[-82.425,28.628],[-82.375,28.647],[-82.325,28.667],[-82.306,28.675],[-82.275,28.688],[-82.225,28.709],[-82.19,28.725],[-82.175,28.732],[-82.125,28.755],[-82.082,28.775],[-82.075,28.779],[-82.025,28.802],[-81.975,28.825],[-81.975,28.825],[-81.925,28.848],[-81.875,28.871],[-81.865,28.875],[-81.825,28.893],[-81.775,28.914],[-81.75,28.925],[-81.725,28.935],[-81.675,28.955],[-81.625,28.974],[-81.622,28.975],[-81.575,28.992],[-81.525,29.008],[-81.475,29.024],[-81.471,29.025],[-81.425,29.038],[-81.375,29.051],[-81.325,29.063],[-81.275,29.074],[-81.272,29.075],[-81.225,29.085],[-81.175,29.094],[-81.125,29.102],[-81.075,29.11],[-81.025,29.117],[-80.975,29.125]]]}},{"type":"Feature","properties":{"date":"2025-02-25","label":"25 Feb","yday":56,"tier":"day","major":false},"geometry":{"type":"MultiLineString","coordinates":[[[-82.625,28.673],[-82.619,28.675],[-82.575,28.689],[-82.525,28.705],[-82.475,28.722],[-82.467,28.725],[-82.425,28.74],[-82.375,28.759],[-82.334,28.775],[-82.325,28.778],[-82.275,28.8],[-82.225,28.823],[-82.22,28.825],[-82.175,28.846],[-82.125,28.87],[-82.114,28.875],[-82.075,28.893],[-82.025,28.917],[-82.007,28.925],[-81.975,28.94],[-81.925,28.962],[-81.896,28.975],[-81.875,28.984],[-81.825,29.006],[-81.777,29.025],[-81.775,29.026],[-81.725,29.046],[-81.675,29.064],[-81.645,29.075],[-81.625,29.082],[-81.575,29.099],[-81.525,29.114],[-81.488,29.125],[-81.475,29.129],[-81.425,29.142],[-81.375,29.155],[-81.325,29.166],[-81.284,29.175],[-81.275,29.177],[-81.225,29.187],[-81.175,29.196],[-81.125,29.204],[-81.075,29.213],[-81.025,29.22],[-81.021,29.221]]]}},{"type":"Feature","properties":{"date":"2025-02-26","label":"26 Feb","yday":57,"tier":"day","major":false},"geometry":{"type":"MultiLineString","coordinates":[[[-82.625,28.79],[-82.575,28.807],[-82.525,28.823],[-82.52,28.825],[-82.475,28.841],[-82.425,28.859],[-82.385,28.875],[-82.375,28.879],[-82.325,28.9],[-82.275,28.922],[-82.269,28.925],[-82.225,28.945],[-82.175,28.968],[-82.161,28.975],[-82.125,28.992],[-82.075,29.015],[-82.052,29.025],[-82.025,29.037],[-81.975,29.059],[-81.938,29.075],[-81.925,29.081],[-81.875,29.102],[-81.825,29.122],[-81.816,29.125],[-81.775,29.141],[-81.725,29.159],[-81.68,29.175],[-81.675,29.177],[-81.625,29.193],[-81.575,29.209],[-81.525,29.224],[-81.52,29.225],[-81.475,29.238],[-81.425,29.25],[-81.375,29.262],[-81.325,29.274],[-81.318,29.275],[-81.275,29.284],[-81.225,29.294],[-81.175,29.303],[-81.125,29.312],[-81.075,29.32]]]}},{"type":"Feature","properties":{"date":"2025-02-27","label":"27 Feb","yday":58,"tier":"day","major":false},"geometry":{"type":"MultiLineString","coordinates":[[[-82.655,28.905],[-82.625,28.915],[-82.594,28.925],[-82.575,28.932],[-82.525,28.95],[-82.475,28.968],[-82.458,28.975],[-82.425,28.988],[-82.375,29.009],[-82.337,29.025],[-82.325,29.03],[-82.275,29.052],[-82.225,29.075],[-82.224,29.075],[-82.175,29.097],[-82.125,29.119],[-82.111,29.125],[-82.075,29.141],[-82.025,29.162],[-81.994,29.175],[-81.975,29.183],[-81.925,29.203],[-81.875,29.223],[-81.869,29.225],[-81.825,29.242],[-81.775,29.26],[-81.731,29.275],[-81.725,29.277],[-81.675,29.294],[-81.625,29.309],[-81.575,29.324],[-81.571,29.325],[-81.525,29.338],[-81.475,29.351],[-81.425,29.363],[-81.375,29.375],[-81.374,29.375],[-81.325,29.386],[-81.275,29.396],[-81.225,29.406],[-81.175,29.415],[-81.125,29.424],[-81.124,29.424]]]}},{"type":"Feature","properties":{"date":"2025-02-28","label":"28 Feb","yday":59,"tier":"day","major":false},"geometry":{"type":"MultiLineString","coordinates":[[[-82.725,29.012],[-82.685,29.025],[-82.675,29.028],[-82.625,29.046],[-82.575,29.064],[-82.546,29.075],[-82.525,29.083],[-82.475,29.103],[-82.425,29.123],[-82.42,29.125],[-82.375,29.144],[-82.325,29.165],[-82.302,29.175],[-82.275,29.187],[-82.225,29.208],[-82.185,29.225],[-82.175,29.229],[-82.125,29.25],[-82.075,29.271],[-82.065,29.275],[-82.025,29.291],[-81.975,29.311],[-81.937,29.325],[-81.925,29.33],[-81.875,29.348],[-81.825,29.366],[-81.799,29.375],[-81.775,29.383],[-81.725,29.4],[-81.675,29.415],[-81.642,29.425],[-81.625,29.43],[-81.575,29.444],[-81.525,29.457],[-81.475,29.47],[-81.453,29.475],[-81.425,29.482],[-81.375,29.493],[-81.325,29.503],[-81.275,29.513],[-81.225,29.523],[-81.213,29.525],[-81.175,29.532]]]}},{"type":"Feature","properties":{"date":"2025-03-01","label":"1 Mar","yday":60,"tier":"index","major":true},"geometry":{"type":"MultiLineString","coordinates":[[[-82.779,29.129],[-82.775,29.13],[-82.725,29.147],[-82.675,29.165],[-82.647,29.175],[-82.625,29.183],[-82.575,29.202],[-82.525,29.222],[-82.516,29.225],[-82.475,29.242],[-82.425,29.262],[-82.393,29.275],[-82.375,29.282],[-82.325,29.303],[-82.275,29.324],[-82.272,29.325],[-82.225,29.345],[-82.175,29.365],[-82.15,29.375],[-82.125,29.385],[-82.075,29.405],[-82.025,29.424],[-82.023,29.425],[-81.975,29.443],[-81.925,29.462],[-81.887,29.475],[-81.875,29.479],[-81.825,29.496],[-81.775,29.513],[-81.735,29.525],[-81.725,29.528],[-81.675,29.543],[-81.625,29.557],[-81.575,29.57],[-81.556,29.575],[-81.525,29.583],[-81.475,29.595],[-81.425,29.606],[-81.375,29.616],[-81.331,29.625],[-81.325,29.626],[-81.275,29.636],[-81.225,29.645]]]}},{"type":"Feature","properties":{"date":"2025-03-02","label":"2 Mar","yday":61,"tier":"day","major":false},"geometry":{"type":"MultiLineString","coordinates":[[[-83.025,29.187],[-83.007,29.193]],[[-82.921,29.221],[-82.907,29.225],[-82.875,29.236],[-82.825,29.253],[-82.775,29.27],[-82.762,29.275],[-82.725,29.288],[-82.675,29.307],[-82.626,29.325],[-82.625,29.325],[-82.575,29.345],[-82.525,29.364],[-82.498,29.375],[-82.475,29.384],[-82.425,29.405],[-82.375,29.425],[-82.374,29.425],[-82.325,29.445],[-82.275,29.465],[-82.251,29.475],[-82.225,29.485],[-82.175,29.505],[-82.125,29.525],[-82.125,29.525],[-82.075,29.545],[-82.025,29.564],[-81.994,29.575],[-81.975,29.582],[-81.925,29.6],[-81.875,29.617],[-81.851,29.625],[-81.825,29.634],[-81.775,29.649],[-81.725,29.664],[-81.687,29.675],[-81.675,29.678],[-81.625,29.692],[-81.575,29.704],[-81.525,29.715],[-81.48,29.725],[-81.475,29.726],[-81.425,29.736],[-81.375,29.746],[-81.325,29.755],[-81.275,29.764]]]}},{"type":"Feature","properties":{"date":"2025-03-03","label":"3 Mar","yday":62,"tier":"day","major":false},"geometry":{"type":"MultiLineString","coordinates":[[[-83.104,29.304],[-83.075,29.313],[-83.037,29.325],[-83.025,29.329],[-82.975,29.346],[-82.925,29.362],[-82.889,29.375],[-82.875,29.38],[-82.825,29.398],[-82.775,29.416],[-82.75,29.425],[-82.725,29.434],[-82.675,29.453],[-82.625,29.473],[-82.619,29.475],[-82.575,29.492],[-82.525,29.512],[-82.492,29.525],[-82.475,29.532],[-82.425,29.552],[-82.375,29.572],[-82.368,29.575],[-82.325,29.592],[-82.275,29.612],[-82.243,29.625],[-82.225,29.632],[-82.175,29.652],[-82.125,29.672],[-82.118,29.675],[-82.075,29.692],[-82.025,29.711],[-81.986,29.725],[-81.975,29.729],[-81.925,29.747],[-81.875,29.764],[-81.84,29.775],[-81.825,29.78],[-81.775,29.795],[-81.725,29.809],[-81.675,29.823],[-81.665,29.825],[-81.625,29.835],[-81.575,29.846],[-81.525,29.857],[-81.475,29.866],[-81.425,29.875],[-81.423,29.875],[-81.375,29.883],[-81.325,29.891]]]}},{"type":"Feature","properties":{"date":"2025-03-04","label":"4 Mar","yday":63,"tier":"day","major":false},"geometry":{"type":"MultiLineString","coordinates":[[[-83.214,29.414],[-83.179,29.425],[-83.175,29.426],[-83.125,29.443],[-83.075,29.459],[-83.028,29.475],[-83.025,29.476],[-82.975,29.493],[-82.925,29.511],[-82.887,29.525],[-82.875,29.529],[-82.825,29.548],[-82.775,29.567],[-82.753,29.575],[-82.725,29.586],[-82.675,29.605],[-82.625,29.625],[-82.625,29.625],[-82.575,29.645],[-82.525,29.665],[-82.501,29.675],[-82.475,29.685],[-82.425,29.706],[-82.378,29.725],[-82.375,29.726],[-82.325,29.747],[-82.275,29.767],[-82.256,29.775],[-82.225,29.788],[-82.175,29.808],[-82.132,29.825],[-82.125,29.828],[-82.075,29.848],[-82.025,29.867],[-82.002,29.875],[-81.975,29.885],[-81.925,29.903],[-81.875,29.92],[-81.859,29.925],[-81.825,29.936],[-81.775,29.951],[-81.725,29.965],[-81.687,29.975],[-81.675,29.978],[-81.625,29.99],[-81.575,30.0],[-81.525,30.01],[-81.475,30.018],[-81.431,30.025],[-81.425,30.026],[-81.375,30.033],[-81.338,30.038]]]}},{"type":"Feature","properties":{"date":"2025-03-05","label":"5 Mar","yday":64,"tier":"day","major":false},"geometry":{"type":"MultiLineString","coordinates":[[[-83.335,29.525],[-83.325,29.528],[-83.275,29.544],[-83.225,29.56],[-83.179,29.575],[-83.175,29.576],[-83.125,29.593],[-83.075,29.611],[-83.035,29.625],[-83.025,29.628],[-82.975,29.647],[-82.925,29.665],[-82.899,29.675],[-82.875,29.684],[-82.825,29.704],[-82.775,29.723],[-82.77,29.725],[-82.725,29.743],[-82.675,29.763],[-82.646,29.775],[-82.625,29.784],[-82.575,29.805],[-82.526,29.825],[-82.525,29.825],[-82.475,29.846],[-82.425,29.867],[-82.407,29.875],[-82.375,29.888],[-82.325,29.91],[-82.288,29.925],[-82.275,29.93],[-82.225,29.951],[-82.175,29.972],[-82.166,29.975],[-82.125,29.992],[-82.075,30.011],[-82.038,30.025],[-82.025,30.03],[-81.975,30.048],[-81.925,30.066],[-81.899,30.075],[-81.875,30.083],[-81.825,30.099],[-81.775,30.115],[-81.739,30.125],[-81.725,30.129],[-81.675,30.142],[-81.625,30.153],[-81.575,30.163],[-81.525,30.172],[-81.509,30.175],[-81.475,30.18],[-81.425,30.187],[-81.375,30.193]]]}},{"type":"Feature","properties":{"date":"2025-03-06","label":"6 Mar","yday":65,"tier":"five","major":false},"geometry":{"type":"MultiLineString","coordinates":[[[-83.405,29.655],[-83.375,29.665],[-83.343,29.675],[-83.325,29.681],[-83.275,29.697],[-83.225,29.714],[-83.193,29.725],[-83.175,29.731],[-83.125,29.749],[-83.075,29.767],[-83.054,29.775],[-83.025,29.786],[-82.975,29.805],[-82.925,29.825],[-82.924,29.825],[-82.875,29.845],[-82.825,29.865],[-82.8,29.875],[-82.775,29.885],[-82.725,29.906],[-82.681,29.925],[-82.675,29.927],[-82.625,29.949],[-82.575,29.97],[-82.564,29.975],[-82.525,29.992],[-82.475,30.014],[-82.448,30.025],[-82.425,30.035],[-82.375,30.057],[-82.331,30.075],[-82.325,30.078],[-82.275,30.099],[-82.225,30.119],[-82.21,30.125],[-82.175,30.139],[-82.125,30.158],[-82.081,30.175],[-82.075,30.177],[-82.025,30.195],[-81.975,30.213],[-81.938,30.225],[-81.925,30.229],[-81.875,30.245],[-81.825,30.26],[-81.775,30.274],[-81.772,30.275],[-81.725,30.287],[-81.675,30.298],[-81.625,30.309],[-81.575,30.318],[-81.536,30.325],[-81.525,30.327],[-81.475,30.336],[-81.425,30.343]]]}},{"type":"Feature","properties":{"date":"2025-03-07","label":"7 Mar","yday":66,"tier":"day","major":false},"geometry":{"type":"MultiLineString","coordinates":[[[-94.674,29.726],[-94.671,29.725],[-94.625,29.716],[-94.575,29.707],[-94.525,29.699],[-94.475,29.691],[-94.461,29.689]],[[-83.564,29.764],[-83.525,29.775],[-83.525,29.775],[-83.475,29.79],[-83.425,29.806],[-83.375,29.822],[-83.365,29.825],[-83.325,29.838],[-83.275,29.855],[-83.225,29.873],[-83.219,29.875],[-83.175,29.891],[-83.125,29.91],[-83.085,29.925],[-83.075,29.929],[-83.025,29.948],[-82.975,29.968],[-82.959,29.975],[-82.925,29.989],[-82.875,30.01],[-82.839,30.025],[-82.825,30.031],[-82.775,30.053],[-82.725,30.075],[-82.724,30.075],[-82.675,30.097],[-82.625,30.119],[-82.611,30.125],[-82.575,30.141],[-82.525,30.163],[-82.497,30.175],[-82.475,30.185],[-82.425,30.206],[-82.381,30.225],[-82.375,30.228],[-82.325,30.248],[-82.275,30.268],[-82.258,30.275],[-82.225,30.288],[-82.175,30.306],[-82.125,30.324],[-82.122,30.325],[-82.075,30.341],[-82.025,30.356],[-81.975,30.371],[-81.962,30.375],[-81.925,30.385],[-81.875,30.398],[-81.825,30.41],[-81.775,30.421],[-81.756,30.425],[-81.725,30.431],[-81.675,30.441],[-81.625,30.45],[-81.575,30.459],[-81.525,30.467],[-81.475,30.474],[-81.474,30.474]]]}},{"type":"Feature","properties":{"date":"2025-03-08","label":"8 Mar","yday":67,"tier":"day","major":false},"geometry":{"type":"MultiLineString","coordinates":[[[-85.189,29.689],[-85.175,29.688],[-85.125,29.684],[-85.116,29.684]],[[-83.649,29.899],[-83.625,29.905],[-83.575,29.92],[-83.557,29.925],[-83.525,29.934],[-83.475,29.95],[-83.425,29.966],[-83.397,29.975],[-83.375,29.982],[-83.325,30.0],[-83.275,30.017],[-83.254,30.025],[-83.225,30.036],[-83.175,30.055],[-83.125,30.074],[-83.123,30.075],[-83.075,30.094],[-83.025,30.115],[-83.001,30.125],[-82.975,30.136],[-82.925,30.157],[-82.885,30.175],[-82.875,30.179],[-82.825,30.202],[-82.775,30.224],[-82.773,30.225],[-82.725,30.247],[-82.675,30.27],[-82.663,30.275],[-82.625,30.292],[-82.575,30.315],[-82.552,30.325],[-82.525,30.337],[-82.475,30.358],[-82.436,30.375],[-82.425,30.379],[-82.375,30.4],[-82.325,30.419],[-82.309,30.425],[-82.275,30.438],[-82.225,30.455],[-82.175,30.471],[-82.163,30.475],[-82.125,30.486],[-82.075,30.5],[-82.025,30.513],[-81.975,30.525],[-81.975,30.525],[-81.925,30.536],[-81.875,30.545],[-81.825,30.554],[-81.775,30.562],[-81.725,30.57],[-81.691,30.575],[-81.675,30.577],[-81.625,30.584],[-81.575,30.59],[-81.525,30.595],[-81.503,30.597]],[[-90.004,30.354],[-89.975,30.351],[-89.925,30.344],[-89.875,30.336],[-89.825,30.326],[-89.82,30.325],[-89.775,30.315],[-89.725,30.303],[-89.675,30.29],[-89.625,30.275],[-89.624,30.275],[-89.575,30.26],[-89.525,30.244],[-89.475,30.228],[-89.466,30.225]]]}},{"type":"Feature","properties":{"date":"2025-03-09","label":"9 Mar","yday":68,"tier":"day","major":false},"geometry":{"type":"MultiLineString","coordinates":[[[-85.365,29.915],[-85.325,29.909],[-85.275,29.902],[-85.225,29.896],[-85.175,29.89],[-85.125,29.885],[-85.075,29.881],[-85.025,29.879],[-84.975,29.877],[-84.925,29.877],[-84.875,29.878],[-84.825,29.88],[-84.775,29.883],[-84.725,29.886],[-84.675,29.89],[-84.625,29.894],[-84.604,29.896]],[[-83.819,30.019],[-83.792,30.025],[-83.775,30.029],[-83.725,30.041],[-83.675,30.054],[-83.625,30.068],[-83.6,30.075],[-83.575,30.082],[-83.525,30.097],[-83.475,30.113],[-83.437,30.125],[-83.425,30.129],[-83.375,30.146],[-83.325,30.164],[-83.295,30.175],[-83.275,30.182],[-83.225,30.201],[-83.175,30.221],[-83.166,30.225],[-83.125,30.242],[-83.075,30.263],[-83.047,30.275],[-83.025,30.285],[-82.975,30.307],[-82.935,30.325],[-82.925,30.329],[-82.875,30.352],[-82.826,30.375],[-82.825,30.376],[-82.775,30.399],[-82.725,30.422],[-82.719,30.425],[-82.675,30.446],[-82.625,30.468],[-82.611,30.475],[-82.575,30.491],[-82.525,30.513],[-82.496,30.525],[-82.475,30.534],[-82.425,30.554],[-82.375,30.573],[-82.369,30.575],[-82.325,30.591],[-82.275,30.607],[-82.225,30.622],[-82.213,30.625],[-82.175,30.635],[-82.125,30.647],[-82.075,30.658],[-82.025,30.668],[-81.982,30.675],[-81.975,30.676],[-81.925,30.684],[-81.875,30.69],[-81.825,30.696],[-81.775,30.701],[-81.725,30.706],[-81.675,30.71],[-81.625,30.713],[-81.575,30.717],[-81.525,30.719],[-81.52,30.72]],[[-90.933,30.483],[-90.925,30.484],[-90.875,30.488],[-90.825,30.492],[-90.775,30.495],[-90.725,30.497],[-90.675,30.499],[-90.625,30.501],[-90.575,30.502],[-90.525,30.502],[-90.475,30.503],[-90.425,30.503],[-90.375,30.504],[-90.325,30.505],[-90.275,30.506],[-90.225,30.506],[-90.175,30.505],[-90.125,30.503],[-90.075,30.501],[-90.025,30.497],[-89.975,30.493],[-89.925,30.487],[-89.875,30.48],[-89.847,30.475],[-89.825,30.471],[-89.775,30.462],[-89.725,30.451],[-89.675,30.439],[-89.625,30.426],[-89.621,30.425],[-89.575,30.412],[-89.525,30.397],[-89.475,30.381],[-89.457,30.375],[-89.425,30.365],[-89.375,30.348],[-89.325,30.33],[-89.31,30.325]]]}},{"type":"Feature","properties":{"date":"2025-03-10","label":"10 Mar","yday":69,"tier":"day","major":false},"geometry":{"type":"MultiLineString","coordinates":[[[-84.222,30.122],[-84.192,30.125],[-84.175,30.127],[-84.125,30.133],[-84.075,30.14],[-84.025,30.147],[-83.975,30.155],[-83.925,30.164],[-83.875,30.174],[-83.868,30.175],[-83.825,30.184],[-83.775,30.195],[-83.725,30.206],[-83.675,30.219],[-83.652,30.225],[-83.625,30.232],[-83.575,30.247],[-83.525,30.262],[-83.483,30.275],[-83.475,30.277],[-83.425,30.294],[-83.375,30.312],[-83.339,30.325],[-83.325,30.33],[-83.275,30.35],[-83.225,30.37],[-83.212,30.375],[-83.175,30.391],[-83.125,30.412],[-83.096,30.425],[-83.075,30.434],[-83.025,30.457],[-82.987,30.475],[-82.975,30.48],[-82.925,30.504],[-82.881,30.525],[-82.875,30.528],[-82.825,30.552],[-82.778,30.575],[-82.775,30.576],[-82.725,30.601],[-82.675,30.624],[-82.673,30.625],[-82.625,30.647],[-82.575,30.67],[-82.563,30.675],[-82.525,30.691],[-82.475,30.711],[-82.439,30.725],[-82.425,30.73],[-82.375,30.747],[-82.325,30.763],[-82.281,30.775],[-82.275,30.777],[-82.225,30.789],[-82.175,30.799],[-82.125,30.808],[-82.075,30.815],[-82.025,30.821],[-81.984,30.825],[-81.975,30.826],[-81.925,30.83],[-81.875,30.833],[-81.825,30.835],[-81.775,30.837],[-81.725,30.839],[-81.675,30.84],[-81.625,30.841],[-81.575,30.841],[-81.525,30.842],[-81.475,30.842]],[[-94.375,30.15],[-94.325,30.145],[-94.275,30.141],[-94.225,30.137],[-94.175,30.132],[-94.125,30.128],[-94.086,30.125],[-94.075,30.124],[-94.025,30.12],[-93.983,30.117]],[[-85.516,30.166],[-85.475,30.16],[-85.425,30.153],[-85.375,30.145],[-85.325,30.138],[-85.275,30.13],[-85.236,30.125],[-85.225,30.123],[-85.175,30.117],[-85.125,30.111],[-85.075,30.106],[-85.025,30.101],[-84.975,30.097],[-84.925,30.094],[-84.875,30.092],[-84.825,30.091],[-84.775,30.09],[-84.725,30.09],[-84.675,30.091],[-84.625,30.093],[-84.575,30.094],[-84.525,30.097],[-84.475,30.1],[-84.425,30.103],[-84.375,30.107],[-84.325,30.111],[-84.285,30.115]],[[-85.804,30.204],[-85.775,30.2]],[[-85.664,30.186],[-85.625,30.181],[-85.58,30.175],[-85.575,30.174],[-85.532,30.168]],[[-91.125,30.607],[-91.075,30.614],[-91.025,30.62],[-90.975,30.625],[-90.974,30.625],[-90.925,30.629],[-90.875,30.633],[-90.825,30.636],[-90.775,30.639],[-90.725,30.641],[-90.675,30.643],[-90.625,30.644],[-90.575,30.645],[-90.525,30.646],[-90.475,30.647],[-90.425,30.648],[-90.375,30.649],[-90.325,30.65],[-90.275,30.65],[-90.225,30.65],[-90.175,30.65],[-90.125,30.649],[-90.075,30.647],[-90.025,30.644],[-89.975,30.64],[-89.925,30.636],[-89.875,30.63],[-89.84,30.625],[-89.825,30.623],[-89.775,30.615],[-89.725,30.606],[-89.675,30.595],[-89.625,30.584],[-89.59,30.575],[-89.575,30.571],[-89.525,30.557],[-89.475,30.543],[-89.425,30.527],[-89.42,30.525],[-89.375,30.51],[-89.325,30.493],[-89.275,30.476],[-89.273,30.475],[-89.225,30.458],[-89.175,30.441],[-89.129,30.425],[-89.125,30.424],[-89.075,30.408],[-89.025,30.395]]]}},{"type":"Feature","properties":{"date":"2025-03-11","label":"11 Mar","yday":70,"tier":"five","major":false},"geometry":{"type":"MultiLineString","coordinates":[[[-94.408,30.308],[-94.375,30.305],[-94.325,30.301],[-94.275,30.297],[-94.225,30.293],[-94.175,30.29],[-94.125,30.287],[-94.075,30.284],[-94.025,30.281],[-93.975,30.278],[-93.925,30.276],[-93.875,30.275],[-93.875,30.275]],[[-93.584,30.284],[-93.575,30.285],[-93.525,30.289],[-93.475,30.295],[-93.425,30.3],[-93.375,30.307],[-93.325,30.313],[-93.275,30.321],[-93.245,30.325],[-93.225,30.328],[-93.175,30.335],[-93.125,30.343],[-93.075,30.35],[-93.025,30.358],[-92.975,30.365],[-92.925,30.373],[-92.909,30.375],[-92.875,30.38],[-92.825,30.388],[-92.775,30.396],[-92.725,30.404],[-92.675,30.412],[-92.625,30.42],[-92.599,30.425],[-92.575,30.429],[-92.525,30.438],[-92.475,30.448]],[[-94.825,30.35],[-94.775,30.344],[-94.725,30.339],[-94.675,30.333]],[[-87.778,30.328],[-87.775,30.328],[-87.748,30.325],[-87.725,30.322],[-87.675,30.317],[-87.625,30.312],[-87.591,30.309]],[[-88.253,30.403],[-88.225,30.397],[-88.175,30.388],[-88.125,30.378]],[[-86.674,30.425],[-86.625,30.437],[-86.609,30.441]],[[-86.124,30.474],[-86.075,30.47],[-86.025,30.465],[-85.975,30.46],[-85.925,30.454],[-85.875,30.448],[-85.825,30.441],[-85.775,30.435],[-85.725,30.429],[-85.687,30.425],[-85.675,30.424],[-85.625,30.418],[-85.575,30.412],[-85.525,30.406],[-85.475,30.4],[-85.425,30.393],[-85.375,30.386],[-85.325,30.379],[-85.296,30.375],[-85.275,30.372],[-85.225,30.365],[-85.175,30.357],[-85.125,30.35],[-85.075,30.343],[-85.025,30.336],[-84.975,30.33],[-84.935,30.325],[-84.925,30.324],[-84.875,30.318],[-84.825,30.314],[-84.775,30.31],[-84.725,30.306],[-84.675,30.303],[-84.625,30.301],[-84.575,30.299],[-84.525,30.298],[-84.475,30.298],[-84.425,30.298],[-84.375,30.299],[-84.325,30.3],[-84.275,30.302],[-84.225,30.304],[-84.175,30.307],[-84.125,30.311],[-84.075,30.315],[-84.025,30.321],[-83.991,30.325],[-83.975,30.327],[-83.925,30.334],[-83.875,30.342],[-83.825,30.351],[-83.775,30.361],[-83.725,30.373],[-83.715,30.375],[-83.675,30.385],[-83.625,30.398],[-83.575,30.412],[-83.533,30.425],[-83.525,30.427],[-83.475,30.444],[-83.425,30.461],[-83.387,30.475],[-83.375,30.479],[-83.325,30.499],[-83.275,30.519],[-83.261,30.525],[-83.225,30.54],[-83.175,30.562],[-83.146,30.575],[-83.125,30.585],[-83.075,30.608],[-83.039,30.625],[-83.025,30.632],[-82.975,30.656],[-82.937,30.675],[-82.925,30.681],[-82.875,30.706],[-82.837,30.725],[-82.825,30.731],[-82.775,30.756],[-82.737,30.775],[-82.725,30.781],[-82.675,30.805],[-82.632,30.825],[-82.625,30.828],[-82.575,30.85],[-82.525,30.871],[-82.515,30.875],[-82.475,30.89],[-82.425,30.908],[-82.375,30.923],[-82.368,30.925],[-82.325,30.936],[-82.275,30.947],[-82.225,30.956],[-82.175,30.962],[-82.125,30.967],[-82.075,30.971],[-82.025,30.973],[-81.975,30.974],[-81.925,30.974],[-81.875,30.974],[-81.825,30.973],[-81.775,30.972],[-81.725,30.97],[-81.675,30.969],[-81.625,30.967],[-81.575,30.966],[-81.525,30.964]],[[-86.177,30.477],[-86.175,30.477],[-86.14,30.475]],[[-91.225,30.734],[-91.175,30.743],[-91.125,30.75],[-91.075,30.757],[-91.025,30.763],[-90.975,30.768],[-90.925,30.773],[-90.901,30.775],[-90.875,30.777],[-90.825,30.781],[-90.775,30.784],[-90.725,30.787],[-90.675,30.789],[-90.625,30.792],[-90.575,30.793],[-90.525,30.795],[-90.475,30.797],[-90.425,30.798],[-90.375,30.8],[-90.325,30.801],[-90.275,30.802],[-90.225,30.802],[-90.175,30.802],[-90.125,30.802],[-90.075,30.801],[-90.025,30.799],[-89.975,30.796],[-89.925,30.793],[-89.875,30.789],[-89.825,30.783],[-89.775,30.777],[-89.762,30.775],[-89.725,30.769],[-89.675,30.761],[-89.625,30.751],[-89.575,30.741],[-89.525,30.729],[-89.51,30.725],[-89.475,30.716],[-89.425,30.702],[-89.375,30.687],[-89.336,30.675],[-89.325,30.671],[-89.275,30.655],[-89.225,30.639],[-89.184,30.625],[-89.175,30.622],[-89.125,30.606],[-89.075,30.59],[-89.027,30.575],[-89.025,30.574],[-88.975,30.56],[-88.925,30.547],[-88.875,30.535],[-88.83,30.525],[-88.825,30.524],[-88.775,30.513],[-88.725,30.502],[-88.675,30.492],[-88.625,30.482],[-88.591,30.475],[-88.575,30.472],[-88.525,30.461],[-88.475,30.45],[-88.425,30.439],[-88.375,30.428],[-88.36,30.425]]]}},{"type":"Feature","properties":{"date":"2025-03-12","label":"12 Mar","yday":71,"tier":"day","major":false},"geometry":{"type":"MultiLineString","coordinates":[[[-94.475,30.47],[-94.425,30.466],[-94.375,30.463],[-94.325,30.46],[-94.275,30.457],[-94.225,30.455],[-94.175,30.453],[-94.125,30.451],[-94.075,30.449],[-94.025,30.448],[-93.975,30.448],[-93.925,30.448],[-93.875,30.448],[-93.825,30.449],[-93.775,30.451],[-93.725,30.454],[-93.675,30.457],[-93.625,30.46],[-93.575,30.465],[-93.525,30.47],[-93.475,30.475],[-93.474,30.475],[-93.425,30.481],[-93.375,30.487],[-93.325,30.493],[-93.275,30.499],[-93.225,30.505],[-93.175,30.512],[-93.125,30.518],[-93.075,30.524],[-93.069,30.525],[-93.025,30.53],[-92.975,30.537],[-92.925,30.543],[-92.875,30.549],[-92.825,30.556],[-92.775,30.562],[-92.725,30.569],[-92.684,30.575],[-92.675,30.576],[-92.625,30.584],[-92.575,30.591],[-92.525,30.599],[-92.475,30.608],[-92.425,30.617]],[[-87.375,30.475],[-87.374,30.475],[-87.325,30.477],[-87.275,30.482],[-87.225,30.488],[-87.175,30.495]],[[-87.888,30.512],[-87.875,30.51],[-87.825,30.504],[-87.775,30.498],[-87.725,30.493],[-87.675,30.488],[-87.625,30.484],[-87.575,30.48],[-87.525,30.477],[-87.475,30.475],[-87.463,30.475],[-87.425,30.474],[-87.375,30.475]],[[-86.982,30.532],[-86.975,30.534],[-86.925,30.547],[-86.875,30.56],[-86.825,30.574],[-86.822,30.575],[-86.775,30.588],[-86.725,30.603],[-86.675,30.617],[-86.646,30.625],[-86.625,30.631],[-86.575,30.643],[-86.525,30.654],[-86.475,30.663],[-86.425,30.67],[-86.387,30.675],[-86.375,30.676],[-86.325,30.681],[-86.275,30.685],[-86.225,30.688],[-86.175,30.69],[-86.125,30.691],[-86.075,30.691],[-86.025,30.69],[-85.975,30.688],[-85.925,30.686],[-85.875,30.683],[-85.825,30.68],[-85.775,30.676],[-85.763,30.675],[-85.725,30.672],[-85.675,30.667],[-85.625,30.663],[-85.575,30.657],[-85.525,30.652],[-85.475,30.646],[-85.425,30.64],[-85.375,30.633],[-85.325,30.626],[-85.316,30.625],[-85.275,30.619],[-85.225,30.611],[-85.175,30.602],[-85.125,30.593],[-85.075,30.584],[-85.025,30.575],[-85.025,30.575],[-84.975,30.566],[-84.925,30.557],[-84.875,30.548],[-84.825,30.54],[-84.775,30.532],[-84.726,30.525],[-84.725,30.525],[-84.675,30.518],[-84.625,30.512],[-84.575,30.507],[-84.525,30.502],[-84.475,30.498],[-84.425,30.494],[-84.375,30.492],[-84.325,30.489],[-84.275,30.488],[-84.225,30.487],[-84.175,30.487],[-84.125,30.489],[-84.075,30.491],[-84.025,30.494],[-83.975,30.498],[-83.925,30.504],[-83.875,30.511],[-83.825,30.519],[-83.793,30.525],[-83.775,30.528],[-83.725,30.539],[-83.675,30.551],[-83.625,30.564],[-83.589,30.575],[-83.575,30.579],[-83.525,30.595],[-83.475,30.612],[-83.439,30.625],[-83.425,30.63],[-83.375,30.649],[-83.325,30.669],[-83.312,30.675],[-83.275,30.691],[-83.225,30.713],[-83.198,30.725],[-83.175,30.736],[-83.125,30.759],[-83.093,30.775],[-83.075,30.784],[-83.025,30.809],[-82.992,30.825],[-82.975,30.834],[-82.925,30.859],[-82.895,30.875],[-82.875,30.885],[-82.825,30.91],[-82.796,30.925],[-82.775,30.936],[-82.725,30.96],[-82.694,30.975],[-82.675,30.984],[-82.625,31.007],[-82.584,31.025],[-82.575,31.029],[-82.525,31.049],[-82.475,31.067],[-82.451,31.075],[-82.425,31.083],[-82.375,31.096],[-82.325,31.107],[-82.275,31.114],[-82.225,31.119],[-82.175,31.122],[-82.125,31.123],[-82.075,31.123],[-82.025,31.122],[-81.975,31.121],[-81.925,31.118],[-81.875,31.115],[-81.825,31.112],[-81.775,31.108],[-81.725,31.104],[-81.675,31.1],[-81.625,31.095],[-81.575,31.092],[-81.525,31.088],[-81.486,31.086]],[[-91.312,30.862],[-91.275,30.869],[-91.239,30.875],[-91.225,30.878],[-91.175,30.886],[-91.125,30.893],[-91.075,30.9],[-91.025,30.906],[-90.975,30.912],[-90.925,30.918],[-90.875,30.923],[-90.847,30.925],[-90.825,30.927],[-90.775,30.931],[-90.725,30.935],[-90.675,30.938],[-90.625,30.941],[-90.575,30.944],[-90.525,30.947],[-90.475,30.95],[-90.425,30.952],[-90.375,30.954],[-90.325,30.957],[-90.275,30.958],[-90.225,30.96],[-90.175,30.961],[-90.125,30.962],[-90.075,30.962],[-90.025,30.961],[-89.975,30.96],[-89.925,30.958],[-89.875,30.956],[-89.825,30.952],[-89.775,30.948],[-89.725,30.943],[-89.675,30.936],[-89.625,30.929],[-89.602,30.925],[-89.575,30.921],[-89.525,30.911],[-89.475,30.9],[-89.425,30.889],[-89.375,30.876],[-89.372,30.875],[-89.325,30.862],[-89.275,30.848],[-89.225,30.833],[-89.201,30.825],[-89.175,30.817],[-89.125,30.801],[-89.075,30.785],[-89.043,30.775],[-89.025,30.769],[-88.975,30.754],[-88.925,30.739],[-88.877,30.725],[-88.875,30.724],[-88.825,30.711],[-88.775,30.697],[-88.725,30.684],[-88.687,30.675],[-88.675,30.672],[-88.625,30.66],[-88.575,30.648],[-88.525,30.636],[-88.478,30.625],[-88.475,30.624],[-88.425,30.613],[-88.375,30.601],[-88.325,30.59],[-88.275,30.579],[-88.258,30.575],[-88.225,30.568],[-88.175,30.558],[-88.125,30.548]]]}},{"type":"Feature","properties":{"date":"2025-03-13","label":"13 Mar","yday":72,"tier":"day","major":false},"geometry":{"type":"MultiLineString","coordinates":[[[-94.697,30.647],[-94.675,30.645],[-94.625,30.642],[-94.575,30.638],[-94.525,30.635],[-94.475,30.633],[-94.425,30.63],[-94.375,30.628],[-94.325,30.626],[-94.295,30.625],[-94.275,30.624],[-94.225,30.623],[-94.175,30.622],[-94.125,30.622],[-94.075,30.622],[-94.025,30.622],[-93.975,30.623],[-93.925,30.625],[-93.924,30.625],[-93.875,30.627],[-93.825,30.63],[-93.775,30.633],[-93.725,30.637],[-93.675,30.641],[-93.625,30.645],[-93.575,30.65],[-93.525,30.655],[-93.475,30.661],[-93.425,30.666],[-93.375,30.671],[-93.34,30.675],[-93.325,30.677],[-93.275,30.682],[-93.225,30.687],[-93.175,30.692],[-93.125,30.696],[-93.075,30.701],[-93.025,30.705],[-92.975,30.709],[-92.925,30.713],[-92.875,30.718],[-92.825,30.722],[-92.8,30.725],[-92.775,30.727],[-92.725,30.733],[-92.675,30.738],[-92.625,30.745],[-92.575,30.751],[-92.525,30.758],[-92.475,30.765],[-92.425,30.773],[-92.415,30.775],[-92.375,30.782],[-92.325,30.79],[-92.275,30.8],[-92.225,30.809],[-92.175,30.819],[-92.147,30.825],[-92.125,30.83]],[[-87.947,30.697],[-87.925,30.694],[-87.875,30.687],[-87.825,30.681],[-87.775,30.676],[-87.762,30.675],[-87.725,30.672],[-87.675,30.668],[-87.625,30.665],[-87.575,30.662],[-87.525,30.66],[-87.475,30.66],[-87.425,30.66],[-87.375,30.662],[-87.325,30.664],[-87.275,30.668],[-87.225,30.673],[-87.211,30.675],[-87.175,30.679],[-87.125,30.687],[-87.075,30.695],[-87.025,30.705],[-86.975,30.717],[-86.944,30.725],[-86.925,30.73],[-86.875,30.744],[-86.825,30.758],[-86.775,30.772],[-86.763,30.775],[-86.725,30.785],[-86.675,30.799],[-86.625,30.811],[-86.575,30.822],[-86.563,30.825],[-86.525,30.834],[-86.475,30.844],[-86.425,30.855],[-86.375,30.864],[-86.325,30.872],[-86.305,30.875],[-86.275,30.879],[-86.225,30.885],[-86.175,30.89],[-86.125,30.893],[-86.075,30.896],[-86.025,30.898],[-85.975,30.899],[-85.925,30.899],[-85.875,30.899],[-85.825,30.898],[-85.775,30.897],[-85.725,30.895],[-85.675,30.892],[-85.625,30.889],[-85.575,30.885],[-85.525,30.881],[-85.475,30.876],[-85.462,30.875],[-85.425,30.871],[-85.375,30.865],[-85.325,30.859],[-85.275,30.852],[-85.225,30.844],[-85.175,30.836],[-85.125,30.827],[-85.117,30.825],[-85.075,30.816],[-85.025,30.805],[-84.975,30.795],[-84.925,30.784],[-84.885,30.775],[-84.875,30.773],[-84.825,30.762],[-84.775,30.751],[-84.725,30.741],[-84.675,30.731],[-84.641,30.725],[-84.625,30.722],[-84.575,30.713],[-84.525,30.705],[-84.475,30.697],[-84.425,30.69],[-84.375,30.684],[-84.325,30.679],[-84.283,30.675],[-84.275,30.674],[-84.225,30.671],[-84.175,30.668],[-84.125,30.667],[-84.075,30.666],[-84.025,30.668],[-83.975,30.67],[-83.925,30.674],[-83.919,30.675],[-83.875,30.68],[-83.825,30.687],[-83.775,30.697],[-83.725,30.708],[-83.675,30.72],[-83.657,30.725],[-83.625,30.734],[-83.575,30.75],[-83.525,30.766],[-83.501,30.775],[-83.475,30.784],[-83.425,30.803],[-83.375,30.823],[-83.371,30.825],[-83.325,30.844],[-83.275,30.866],[-83.255,30.875],[-83.225,30.889],[-83.175,30.912],[-83.148,30.925],[-83.125,30.936],[-83.075,30.961],[-83.047,30.975],[-83.025,30.986],[-82.975,31.011],[-82.947,31.025],[-82.925,31.036],[-82.875,31.061],[-82.846,31.075],[-82.825,31.085],[-82.775,31.109],[-82.74,31.125],[-82.725,31.132],[-82.675,31.154],[-82.625,31.175],[-82.625,31.175],[-82.575,31.195],[-82.525,31.213],[-82.49,31.225],[-82.475,31.23],[-82.425,31.244],[-82.375,31.255],[-82.325,31.262],[-82.275,31.266],[-82.225,31.269],[-82.175,31.27],[-82.125,31.271],[-82.075,31.27],[-82.025,31.268],[-81.975,31.265],[-81.925,31.262],[-81.875,31.257],[-81.825,31.253],[-81.775,31.247],[-81.725,31.242],[-81.675,31.236],[-81.625,31.23],[-81.587,31.225],[-81.575,31.224],[-81.525,31.218],[-81.475,31.214],[-81.439,31.211]],[[-91.35,31.0],[-91.325,31.004],[-91.275,31.013],[-91.225,31.022],[-91.206,31.025],[-91.175,31.03],[-91.125,31.038],[-91.075,31.045],[-91.025,31.052],[-90.975,31.059],[-90.925,31.065],[-90.875,31.071],[-90.834,31.075],[-90.825,31.076],[-90.775,31.081],[-90.725,31.086],[-90.675,31.09],[-90.625,31.094],[-90.575,31.098],[-90.525,31.102],[-90.475,31.106],[-90.425,31.11],[-90.375,31.113],[-90.325,31.117],[-90.275,31.12],[-90.225,31.123],[-90.181,31.125],[-90.175,31.125],[-90.125,31.127],[-90.075,31.129],[-90.025,31.13],[-89.975,31.13],[-89.925,31.13],[-89.875,31.129],[-89.825,31.128],[-89.775,31.125],[-89.771,31.125],[-89.725,31.122],[-89.675,31.118],[-89.625,31.113],[-89.575,31.107],[-89.525,31.1],[-89.475,31.092],[-89.425,31.082],[-89.39,31.075],[-89.375,31.072],[-89.325,31.06],[-89.275,31.047],[-89.225,31.033],[-89.198,31.025],[-89.175,31.018],[-89.125,31.003],[-89.075,30.987],[-89.039,30.975],[-89.025,30.97],[-88.975,30.954],[-88.925,30.938],[-88.885,30.925],[-88.875,30.922],[-88.825,30.906],[-88.775,30.891],[-88.725,30.876],[-88.723,30.875],[-88.675,30.861],[-88.625,30.847],[-88.575,30.833],[-88.545,30.825],[-88.525,30.82],[-88.475,30.807],[-88.425,30.794],[-88.375,30.781],[-88.349,30.775],[-88.325,30.769],[-88.275,30.757],[-88.225,30.746],[-88.175,30.736],[-88.125,30.726],[-88.12,30.725],[-88.075,30.717],[-88.039,30.711]],[[-81.41,31.21],[-81.375,31.208],[-81.343,31.207]]]}},{"type":"Feature","properties":{"date":"2025-03-14","label":"14 Mar","yday":73,"tier":"day","major":false},"geometry":{"type":"MultiLineString","coordinates":[[[-94.824,30.824],[-94.775,30.82],[-94.725,30.816],[-94.675,30.813],[-94.625,30.811],[-94.575,30.808],[-94.525,30.806],[-94.475,30.804],[-94.425,30.803],[-94.375,30.802],[-94.325,30.801],[-94.275,30.8],[-94.225,30.8],[-94.175,30.8],[-94.125,30.801],[-94.075,30.802],[-94.025,30.804],[-93.975,30.807],[-93.925,30.81],[-93.875,30.813],[-93.825,30.817],[-93.775,30.822],[-93.739,30.825],[-93.725,30.826],[-93.675,30.831],[-93.625,30.836],[-93.575,30.842],[-93.525,30.847],[-93.475,30.852],[-93.425,30.857],[-93.375,30.862],[-93.325,30.866],[-93.275,30.87],[-93.225,30.873],[-93.188,30.875],[-93.175,30.876],[-93.125,30.877],[-93.075,30.879],[-93.025,30.88],[-92.975,30.881],[-92.925,30.883],[-92.875,30.885],[-92.825,30.887],[-92.775,30.89],[-92.725,30.894],[-92.675,30.898],[-92.625,30.903],[-92.575,30.909],[-92.525,30.914],[-92.475,30.921],[-92.447,30.925],[-92.425,30.928],[-92.375,30.936],[-92.325,30.944],[-92.275,30.953],[-92.225,30.962],[-92.175,30.971],[-92.172,30.972]],[[-95.045,30.845],[-95.025,30.843],[-94.975,30.838],[-94.925,30.833],[-94.918,30.832]],[[-91.375,31.141],[-91.325,31.151],[-91.275,31.16],[-91.225,31.169],[-91.19,31.175],[-91.175,31.178],[-91.125,31.186],[-91.075,31.194],[-91.025,31.201],[-90.975,31.209],[-90.925,31.216],[-90.875,31.222],[-90.855,31.225],[-90.825,31.229],[-90.775,31.235],[-90.725,31.241],[-90.675,31.247],[-90.625,31.252],[-90.575,31.258],[-90.525,31.263],[-90.475,31.268],[-90.425,31.273],[-90.403,31.275],[-90.375,31.278],[-90.325,31.282],[-90.275,31.287],[-90.225,31.291],[-90.175,31.295],[-90.125,31.298],[-90.075,31.3],[-90.025,31.303],[-89.975,31.304],[-89.925,31.305],[-89.875,31.306],[-89.825,31.305],[-89.775,31.304],[-89.725,31.303],[-89.675,31.3],[-89.625,31.297],[-89.575,31.292],[-89.525,31.287],[-89.475,31.281],[-89.431,31.275],[-89.425,31.274],[-89.375,31.266],[-89.325,31.256],[-89.275,31.245],[-89.225,31.232],[-89.201,31.225],[-89.175,31.217],[-89.125,31.202],[-89.075,31.186],[-89.041,31.175],[-89.025,31.17],[-88.975,31.153],[-88.925,31.136],[-88.892,31.125],[-88.875,31.119],[-88.825,31.103],[-88.775,31.086],[-88.74,31.075],[-88.725,31.07],[-88.675,31.054],[-88.625,31.039],[-88.578,31.025],[-88.575,31.024],[-88.525,31.01],[-88.475,30.996],[-88.425,30.982],[-88.398,30.975],[-88.375,30.969],[-88.325,30.957],[-88.275,30.945],[-88.225,30.933],[-88.187,30.925],[-88.175,30.923],[-88.125,30.912],[-88.075,30.903],[-88.025,30.895],[-87.975,30.887],[-87.925,30.88],[-87.889,30.875],[-87.875,30.873],[-87.825,30.868],[-87.775,30.863],[-87.725,30.859],[-87.675,30.855],[-87.625,30.853],[-87.575,30.851],[-87.525,30.85],[-87.475,30.85],[-87.425,30.851],[-87.375,30.853],[-87.325,30.856],[-87.275,30.86],[-87.225,30.866],[-87.175,30.872],[-87.154,30.875],[-87.125,30.879],[-87.075,30.888],[-87.025,30.898],[-86.975,30.909],[-86.925,30.921],[-86.907,30.925],[-86.875,30.933],[-86.825,30.945],[-86.775,30.958],[-86.725,30.97],[-86.707,30.975],[-86.675,30.983],[-86.625,30.995],[-86.575,31.007],[-86.525,31.019],[-86.496,31.025],[-86.475,31.03],[-86.425,31.04],[-86.375,31.05],[-86.325,31.058],[-86.275,31.065],[-86.225,31.071],[-86.19,31.075],[-86.175,31.076],[-86.125,31.081],[-86.075,31.084],[-86.025,31.087],[-85.975,31.09],[-85.925,31.092],[-85.875,31.093],[-85.825,31.094],[-85.775,31.094],[-85.725,31.094],[-85.675,31.092],[-85.625,31.09],[-85.575,31.088],[-85.525,31.084],[-85.475,31.08],[-85.425,31.076],[-85.419,31.075],[-85.375,31.07],[-85.325,31.064],[-85.275,31.058],[-85.225,31.05],[-85.175,31.042],[-85.125,31.034],[-85.075,31.025],[-85.075,31.025],[-85.025,31.015],[-84.975,31.005],[-84.925,30.995],[-84.875,30.984],[-84.833,30.975],[-84.825,30.973],[-84.775,30.962],[-84.725,30.951],[-84.675,30.941],[-84.625,30.93],[-84.602,30.925],[-84.575,30.919],[-84.525,30.909],[-84.475,30.899],[-84.425,30.89],[-84.375,30.881],[-84.334,30.875],[-84.325,30.874],[-84.275,30.867],[-84.225,30.86],[-84.175,30.855],[-84.125,30.851],[-84.075,30.849],[-84.025,30.847],[-83.975,30.848],[-83.925,30.85],[-83.875,30.855],[-83.825,30.862],[-83.775,30.872],[-83.762,30.875],[-83.725,30.884],[-83.675,30.898],[-83.625,30.913],[-83.588,30.925],[-83.575,30.929],[-83.525,30.947],[-83.475,30.965],[-83.45,30.975],[-83.425,30.985],[-83.375,31.005],[-83.327,31.025],[-83.325,31.026],[-83.275,31.047],[-83.225,31.069],[-83.213,31.075],[-83.175,31.092],[-83.125,31.115],[-83.104,31.125],[-83.075,31.138],[-83.025,31.161],[-82.995,31.175],[-82.975,31.184],[-82.925,31.206],[-82.882,31.225],[-82.875,31.228],[-82.825,31.249],[-82.775,31.269],[-82.76,31.275],[-82.725,31.288],[-82.675,31.307],[-82.625,31.324],[-82.622,31.325],[-82.575,31.34],[-82.525,31.354],[-82.475,31.367],[-82.44,31.375],[-82.425,31.378],[-82.375,31.388],[-82.325,31.395],[-82.275,31.401],[-82.225,31.406],[-82.175,31.409],[-82.125,31.41],[-82.075,31.411],[-82.025,31.41],[-81.975,31.409],[-81.925,31.406],[-81.875,31.403],[-81.825,31.399],[-81.775,31.394],[-81.725,31.389],[-81.675,31.383],[-81.625,31.377],[-81.606,31.375],[-81.575,31.371],[-81.525,31.365],[-81.475,31.36],[-81.425,31.355],[-81.397,31.353]]]}},{"type":"Feature","properties":{"date":"2025-03-15","label":"15 Mar","yday":74,"tier":"day","major":false},"geometry":{"type":"MultiLineString","coordinates":[[[-95.175,31.041],[-95.125,31.034],[-95.075,31.028],[-95.052,31.025],[-95.025,31.022],[-94.975,31.016],[-94.925,31.011],[-94.875,31.006],[-94.825,31.002],[-94.775,30.999],[-94.725,30.996],[-94.675,30.993],[-94.625,30.991],[-94.575,30.99],[-94.525,30.989],[-94.475,30.988],[-94.425,30.988],[-94.375,30.988],[-94.325,30.988],[-94.275,30.989],[-94.225,30.99],[-94.175,30.991],[-94.125,30.993],[-94.075,30.996],[-94.025,30.999],[-93.975,31.002],[-93.925,31.006],[-93.875,31.01],[-93.825,31.014],[-93.775,31.019],[-93.725,31.024],[-93.711,31.025],[-93.675,31.028],[-93.625,31.033],[-93.575,31.038],[-93.525,31.042],[-93.475,31.046],[-93.425,31.05],[-93.375,31.054],[-93.325,31.057],[-93.275,31.059],[-93.225,31.06],[-93.175,31.06],[-93.125,31.058],[-93.075,31.055],[-93.025,31.053],[-92.975,31.051],[-92.925,31.05],[-92.875,31.05],[-92.825,31.051],[-92.775,31.052],[-92.725,31.055],[-92.675,31.058],[-92.625,31.061],[-92.575,31.065],[-92.566,31.066]],[[-91.375,31.291],[-91.325,31.301],[-91.275,31.31],[-91.225,31.32],[-91.195,31.325],[-91.175,31.329],[-91.125,31.338],[-91.075,31.346],[-91.025,31.355],[-90.975,31.363],[-90.925,31.371],[-90.9,31.375],[-90.875,31.379],[-90.825,31.387],[-90.775,31.394],[-90.725,31.401],[-90.675,31.409],[-90.625,31.415],[-90.575,31.422],[-90.554,31.425],[-90.525,31.429],[-90.475,31.435],[-90.425,31.442],[-90.375,31.447],[-90.325,31.453],[-90.275,31.458],[-90.225,31.463],[-90.175,31.468],[-90.125,31.471],[-90.075,31.475],[-90.069,31.475],[-90.025,31.477],[-89.975,31.479],[-89.925,31.481],[-89.875,31.482],[-89.825,31.482],[-89.775,31.481],[-89.725,31.479],[-89.675,31.477],[-89.636,31.475],[-89.625,31.474],[-89.575,31.471],[-89.525,31.466],[-89.475,31.46],[-89.425,31.454],[-89.375,31.446],[-89.325,31.437],[-89.275,31.427],[-89.268,31.425],[-89.225,31.415],[-89.175,31.402],[-89.125,31.387],[-89.083,31.375],[-89.075,31.373],[-89.025,31.357],[-88.975,31.341],[-88.925,31.325],[-88.925,31.325],[-88.875,31.308],[-88.825,31.292],[-88.775,31.276],[-88.772,31.275],[-88.725,31.26],[-88.675,31.244],[-88.625,31.229],[-88.613,31.225],[-88.575,31.214],[-88.525,31.199],[-88.475,31.185],[-88.439,31.175],[-88.425,31.171],[-88.375,31.158],[-88.325,31.146],[-88.275,31.134],[-88.236,31.125],[-88.225,31.123],[-88.175,31.112],[-88.125,31.102],[-88.075,31.093],[-88.025,31.084],[-87.975,31.077],[-87.964,31.075],[-87.925,31.07],[-87.875,31.063],[-87.825,31.058],[-87.775,31.054],[-87.725,31.05],[-87.675,31.047],[-87.625,31.045],[-87.575,31.044],[-87.525,31.043],[-87.475,31.044],[-87.425,31.046],[-87.375,31.048],[-87.325,31.051],[-87.275,31.056],[-87.225,31.061],[-87.175,31.067],[-87.125,31.075],[-87.123,31.075],[-87.075,31.082],[-87.025,31.091],[-86.975,31.1],[-86.925,31.11],[-86.875,31.12],[-86.853,31.125],[-86.825,31.131],[-86.775,31.141],[-86.725,31.152],[-86.675,31.163],[-86.625,31.174],[-86.618,31.175],[-86.575,31.184],[-86.525,31.194],[-86.475,31.204],[-86.425,31.213],[-86.375,31.222],[-86.352,31.225],[-86.325,31.229],[-86.275,31.235],[-86.225,31.24],[-86.175,31.245],[-86.125,31.25],[-86.075,31.254],[-86.025,31.257],[-85.975,31.261],[-85.925,31.264],[-85.875,31.266],[-85.825,31.268],[-85.775,31.27],[-85.725,31.271],[-85.675,31.271],[-85.625,31.27],[-85.575,31.268],[-85.525,31.266],[-85.475,31.263],[-85.425,31.259],[-85.375,31.255],[-85.325,31.25],[-85.275,31.244],[-85.225,31.238],[-85.175,31.231],[-85.131,31.225],[-85.125,31.224],[-85.075,31.216],[-85.025,31.208],[-84.975,31.2],[-84.925,31.191],[-84.875,31.181],[-84.841,31.175],[-84.825,31.172],[-84.775,31.162],[-84.725,31.152],[-84.675,31.142],[-84.625,31.132],[-84.588,31.125],[-84.575,31.122],[-84.525,31.113],[-84.475,31.103],[-84.425,31.094],[-84.375,31.085],[-84.325,31.076],[-84.316,31.075],[-84.275,31.069],[-84.225,31.062],[-84.175,31.056],[-84.125,31.052],[-84.075,31.048],[-84.025,31.046],[-83.975,31.047],[-83.925,31.049],[-83.875,31.053],[-83.825,31.06],[-83.775,31.07],[-83.751,31.075],[-83.725,31.081],[-83.675,31.094],[-83.625,31.108],[-83.575,31.123],[-83.568,31.125],[-83.525,31.139],[-83.475,31.156],[-83.425,31.174],[-83.423,31.175],[-83.375,31.193],[-83.325,31.212],[-83.291,31.225],[-83.275,31.231],[-83.225,31.251],[-83.175,31.271],[-83.164,31.275],[-83.125,31.291],[-83.075,31.31],[-83.037,31.325],[-83.025,31.33],[-82.975,31.349],[-82.925,31.367],[-82.904,31.375],[-82.875,31.385],[-82.825,31.402],[-82.775,31.418],[-82.754,31.425],[-82.725,31.434],[-82.675,31.448],[-82.625,31.461],[-82.575,31.474],[-82.57,31.475],[-82.525,31.485],[-82.475,31.497],[-82.425,31.508],[-82.375,31.518],[-82.338,31.525],[-82.325,31.527],[-82.275,31.535],[-82.225,31.542],[-82.175,31.547],[-82.125,31.55],[-82.075,31.553],[-82.025,31.554],[-81.975,31.554],[-81.925,31.554],[-81.875,31.552],[-81.825,31.551],[-81.775,31.549],[-81.725,31.546],[-81.675,31.542],[-81.625,31.538],[-81.575,31.533],[-81.525,31.528],[-81.497,31.525],[-81.475,31.523],[-81.425,31.517],[-81.375,31.511],[-81.325,31.505],[-81.275,31.499],[-81.225,31.493],[-81.209,31.491]]]}},{"type":"Feature","properties":{"date":"2025-03-16","label":"16 Mar","yday":75,"tier":"index","major":true},"geometry":{"type":"MultiLineString","coordinates":[[[-94.563,31.187],[-94.525,31.187],[-94.475,31.188],[-94.425,31.189],[-94.375,31.19],[-94.325,31.192],[-94.275,31.194],[-94.225,31.196],[-94.175,31.199],[-94.125,31.202],[-94.075,31.205],[-94.025,31.208],[-93.975,31.211],[-93.925,31.215],[-93.875,31.218],[-93.825,31.222],[-93.775,31.225],[-93.775,31.225],[-93.725,31.228],[-93.675,31.231],[-93.625,31.234],[-93.575,31.236],[-93.525,31.238],[-93.475,31.24],[-93.425,31.241],[-93.375,31.241],[-93.325,31.241],[-93.275,31.24],[-93.225,31.239],[-93.175,31.236],[-93.125,31.234],[-93.075,31.23],[-93.025,31.227],[-92.997,31.225],[-92.975,31.224],[-92.925,31.221],[-92.875,31.219],[-92.825,31.218],[-92.775,31.218],[-92.725,31.218]],[[-91.325,31.454],[-91.275,31.464],[-91.225,31.474],[-91.221,31.475],[-91.175,31.484],[-91.125,31.494],[-91.075,31.503],[-91.025,31.512],[-90.975,31.522],[-90.956,31.525],[-90.925,31.531],[-90.875,31.54],[-90.825,31.549],[-90.775,31.557],[-90.725,31.566],[-90.675,31.575],[-90.672,31.575],[-90.625,31.583],[-90.575,31.591],[-90.525,31.599],[-90.475,31.607],[-90.425,31.614],[-90.375,31.621],[-90.341,31.625],[-90.325,31.627],[-90.275,31.633],[-90.225,31.638],[-90.175,31.643],[-90.125,31.647],[-90.075,31.65],[-90.025,31.653],[-89.975,31.655],[-89.925,31.656],[-89.875,31.656],[-89.825,31.656],[-89.775,31.654],[-89.725,31.652],[-89.675,31.649],[-89.625,31.645],[-89.575,31.641],[-89.525,31.635],[-89.475,31.629],[-89.447,31.625],[-89.425,31.622],[-89.375,31.614],[-89.325,31.605],[-89.275,31.594],[-89.225,31.583],[-89.191,31.575],[-89.175,31.571],[-89.125,31.558],[-89.075,31.545],[-89.025,31.531],[-89.006,31.525],[-88.975,31.516],[-88.925,31.501],[-88.875,31.486],[-88.839,31.475],[-88.825,31.471],[-88.775,31.455],[-88.725,31.44],[-88.675,31.426],[-88.673,31.425],[-88.625,31.411],[-88.575,31.396],[-88.525,31.383],[-88.497,31.375],[-88.475,31.369],[-88.425,31.356],[-88.375,31.343],[-88.325,31.331],[-88.297,31.325],[-88.275,31.32],[-88.225,31.309],[-88.175,31.299],[-88.125,31.289],[-88.075,31.281],[-88.04,31.275],[-88.025,31.273],[-87.975,31.265],[-87.925,31.259],[-87.875,31.253],[-87.825,31.248],[-87.775,31.244],[-87.725,31.24],[-87.675,31.238],[-87.625,31.236],[-87.575,31.235],[-87.525,31.235],[-87.475,31.236],[-87.425,31.237],[-87.375,31.24],[-87.325,31.243],[-87.275,31.247],[-87.225,31.251],[-87.175,31.257],[-87.125,31.263],[-87.075,31.269],[-87.032,31.275],[-87.025,31.276],[-86.975,31.283],[-86.925,31.29],[-86.875,31.298],[-86.825,31.305],[-86.775,31.313],[-86.725,31.322],[-86.706,31.325],[-86.675,31.33],[-86.625,31.339],[-86.575,31.347],[-86.525,31.355],[-86.475,31.363],[-86.425,31.371],[-86.398,31.375],[-86.375,31.378],[-86.325,31.384],[-86.275,31.39],[-86.225,31.395],[-86.175,31.4],[-86.125,31.404],[-86.075,31.408],[-86.025,31.412],[-85.975,31.416],[-85.925,31.42],[-85.875,31.423],[-85.833,31.425],[-85.825,31.425],[-85.775,31.428],[-85.725,31.429],[-85.675,31.43],[-85.625,31.431],[-85.575,31.431],[-85.525,31.43],[-85.475,31.428],[-85.425,31.426],[-85.402,31.425],[-85.375,31.424],[-85.325,31.42],[-85.275,31.416],[-85.225,31.412],[-85.175,31.407],[-85.125,31.401],[-85.075,31.395],[-85.025,31.389],[-84.975,31.382],[-84.925,31.375],[-84.923,31.375],[-84.875,31.368],[-84.825,31.36],[-84.775,31.352],[-84.725,31.344],[-84.675,31.336],[-84.625,31.328],[-84.606,31.325],[-84.575,31.32],[-84.525,31.312],[-84.475,31.304],[-84.425,31.296],[-84.375,31.289],[-84.325,31.282],[-84.275,31.276],[-84.263,31.275],[-84.225,31.271],[-84.175,31.266],[-84.125,31.263],[-84.075,31.26],[-84.025,31.259],[-83.975,31.26],[-83.925,31.262],[-83.875,31.266],[-83.825,31.272],[-83.801,31.275],[-83.775,31.279],[-83.725,31.287],[-83.675,31.297],[-83.625,31.309],[-83.575,31.321],[-83.561,31.325],[-83.525,31.334],[-83.475,31.348],[-83.425,31.363],[-83.387,31.375],[-83.375,31.379],[-83.325,31.394],[-83.275,31.411],[-83.231,31.425],[-83.225,31.427],[-83.175,31.443],[-83.125,31.459],[-83.077,31.475],[-83.075,31.476],[-83.025,31.492],[-82.975,31.507],[-82.925,31.522],[-82.916,31.525],[-82.875,31.537],[-82.825,31.551],[-82.775,31.565],[-82.736,31.575],[-82.725,31.578],[-82.675,31.59],[-82.625,31.602],[-82.575,31.614],[-82.526,31.625],[-82.525,31.625],[-82.475,31.637],[-82.425,31.648],[-82.375,31.659],[-82.325,31.668],[-82.285,31.675],[-82.275,31.677],[-82.225,31.684],[-82.175,31.69],[-82.125,31.695],[-82.075,31.699],[-82.025,31.702],[-81.975,31.705],[-81.925,31.706],[-81.875,31.707],[-81.825,31.707],[-81.775,31.707],[-81.725,31.706],[-81.675,31.705],[-81.625,31.703],[-81.575,31.699],[-81.525,31.695],[-81.475,31.689],[-81.425,31.683],[-81.375,31.676],[-81.367,31.675],[-81.325,31.668],[-81.275,31.66],[-81.246,31.654]]]}},{"type":"Feature","properties":{"date":"2025-03-17","label":"17 Mar","yday":76,"tier":"day","major":false},"geometry":{"type":"MultiLineString","coordinates":[[[-94.475,31.408],[-94.425,31.41],[-94.375,31.412],[-94.325,31.415],[-94.275,31.417],[-94.225,31.42],[-94.175,31.423],[-94.139,31.425],[-94.125,31.426],[-94.075,31.429],[-94.025,31.431],[-93.975,31.434],[-93.925,31.436],[-93.875,31.438],[-93.825,31.44],[-93.775,31.441],[-93.725,31.442],[-93.675,31.442],[-93.625,31.442],[-93.575,31.442],[-93.525,31.441],[-93.475,31.439],[-93.425,31.437],[-93.375,31.434],[-93.325,31.432],[-93.275,31.428],[-93.234,31.425],[-93.225,31.424],[-93.175,31.42],[-93.125,31.416],[-93.075,31.412],[-93.025,31.407],[-92.975,31.403],[-92.925,31.4],[-92.875,31.396],[-92.825,31.394],[-92.775,31.392],[-92.741,31.391]],[[-92.452,31.402],[-92.425,31.405],[-92.375,31.411],[-92.325,31.418],[-92.279,31.425],[-92.275,31.426]],[[-91.215,31.635],[-91.175,31.643],[-91.125,31.654],[-91.075,31.664],[-91.025,31.674],[-91.021,31.675],[-90.975,31.684],[-90.925,31.695],[-90.875,31.705],[-90.825,31.715],[-90.775,31.725],[-90.774,31.725],[-90.725,31.735],[-90.675,31.744],[-90.625,31.754],[-90.575,31.763],[-90.525,31.772],[-90.51,31.775],[-90.475,31.781],[-90.425,31.789],[-90.375,31.797],[-90.325,31.804],[-90.275,31.811],[-90.225,31.816],[-90.175,31.821],[-90.126,31.825],[-90.125,31.825],[-90.075,31.828],[-90.025,31.83],[-89.975,31.831],[-89.925,31.832],[-89.875,31.831],[-89.825,31.829],[-89.775,31.827],[-89.753,31.825],[-89.725,31.823],[-89.675,31.819],[-89.625,31.814],[-89.575,31.808],[-89.525,31.801],[-89.475,31.793],[-89.425,31.785],[-89.375,31.776],[-89.369,31.775],[-89.325,31.766],[-89.275,31.756],[-89.225,31.745],[-89.175,31.733],[-89.142,31.725],[-89.125,31.721],[-89.075,31.708],[-89.025,31.695],[-88.975,31.681],[-88.952,31.675],[-88.925,31.667],[-88.875,31.654],[-88.825,31.64],[-88.775,31.626],[-88.773,31.625],[-88.725,31.612],[-88.675,31.598],[-88.625,31.584],[-88.589,31.575],[-88.575,31.571],[-88.525,31.558],[-88.475,31.546],[-88.425,31.534],[-88.387,31.525],[-88.375,31.522],[-88.325,31.511],[-88.275,31.5],[-88.225,31.49],[-88.175,31.481],[-88.14,31.475],[-88.125,31.472],[-88.075,31.464],[-88.025,31.457],[-87.975,31.45],[-87.925,31.444],[-87.875,31.438],[-87.825,31.434],[-87.775,31.43],[-87.725,31.426],[-87.696,31.425],[-87.675,31.424],[-87.625,31.422],[-87.575,31.421],[-87.525,31.421],[-87.475,31.421],[-87.425,31.422],[-87.375,31.424],[-87.358,31.425],[-87.325,31.427],[-87.275,31.43],[-87.225,31.433],[-87.175,31.437],[-87.125,31.441],[-87.075,31.446],[-87.025,31.45],[-86.975,31.455],[-86.925,31.459],[-86.875,31.464],[-86.825,31.469],[-86.775,31.475],[-86.772,31.475],[-86.725,31.48],[-86.675,31.486],[-86.625,31.493],[-86.575,31.499],[-86.525,31.506],[-86.475,31.512],[-86.425,31.519],[-86.375,31.525],[-86.374,31.525],[-86.325,31.531],[-86.275,31.536],[-86.225,31.542],[-86.175,31.547],[-86.125,31.551],[-86.075,31.556],[-86.025,31.56],[-85.975,31.564],[-85.925,31.568],[-85.875,31.571],[-85.825,31.575],[-85.817,31.575],[-85.775,31.577],[-85.725,31.58],[-85.675,31.582],[-85.625,31.583],[-85.575,31.584],[-85.525,31.585],[-85.475,31.585],[-85.425,31.584],[-85.375,31.583],[-85.325,31.581],[-85.275,31.579],[-85.225,31.576],[-85.206,31.575],[-85.175,31.573],[-85.125,31.569],[-85.075,31.565],[-85.025,31.561],[-84.975,31.556],[-84.925,31.551],[-84.875,31.545],[-84.825,31.54],[-84.775,31.534],[-84.725,31.528],[-84.701,31.525],[-84.675,31.522],[-84.625,31.516],[-84.575,31.51],[-84.525,31.504],[-84.475,31.498],[-84.425,31.492],[-84.375,31.487],[-84.325,31.482],[-84.275,31.478],[-84.235,31.475],[-84.225,31.474],[-84.175,31.471],[-84.125,31.469],[-84.075,31.467],[-84.025,31.466],[-83.975,31.467],[-83.925,31.469],[-83.875,31.471],[-83.832,31.475],[-83.825,31.476],[-83.775,31.481],[-83.725,31.487],[-83.675,31.495],[-83.625,31.503],[-83.575,31.513],[-83.525,31.523],[-83.516,31.525],[-83.475,31.534],[-83.425,31.546],[-83.375,31.558],[-83.325,31.57],[-83.307,31.575],[-83.275,31.583],[-83.225,31.596],[-83.175,31.61],[-83.125,31.623],[-83.117,31.625],[-83.075,31.636],[-83.025,31.65],[-82.975,31.663],[-82.929,31.675],[-82.925,31.676],[-82.875,31.689],[-82.825,31.702],[-82.775,31.714],[-82.732,31.725],[-82.725,31.727],[-82.675,31.739],[-82.625,31.751],[-82.575,31.763],[-82.525,31.775],[-82.525,31.775],[-82.475,31.786],[-82.425,31.797],[-82.375,31.807],[-82.325,31.816],[-82.275,31.824],[-82.27,31.825],[-82.225,31.831],[-82.175,31.837],[-82.125,31.843],[-82.075,31.847],[-82.025,31.85],[-81.975,31.853],[-81.925,31.855],[-81.875,31.857],[-81.825,31.858],[-81.775,31.859],[-81.725,31.859],[-81.675,31.859],[-81.625,31.858],[-81.575,31.856],[-81.525,31.852],[-81.475,31.847],[-81.425,31.841],[-81.375,31.834],[-81.325,31.826],[-81.321,31.825],[-81.275,31.816],[-81.225,31.806],[-81.175,31.795],[-81.125,31.782],[-81.096,31.775]]]}},{"type":"Feature","properties":{"date":"2025-03-18","label":"18 Mar","yday":77,"tier":"day","major":false},"geometry":{"type":"MultiLineString","coordinates":[[[-92.621,31.571],[-92.575,31.571],[-92.525,31.573],[-92.492,31.575],[-92.475,31.576],[-92.425,31.58],[-92.375,31.584],[-92.325,31.59],[-92.275,31.596],[-92.225,31.603],[-92.175,31.61],[-92.134,31.616]],[[-94.175,31.664],[-94.125,31.667],[-94.117,31.667]],[[-92.081,31.625],[-92.075,31.626],[-92.025,31.635],[-91.975,31.644],[-91.952,31.648]],[[-91.07,31.83],[-91.025,31.84],[-90.975,31.851],[-90.925,31.862],[-90.875,31.873],[-90.866,31.875],[-90.825,31.884],[-90.775,31.896],[-90.725,31.907],[-90.675,31.918],[-90.641,31.925],[-90.625,31.929],[-90.575,31.939],[-90.525,31.949],[-90.475,31.959],[-90.425,31.968],[-90.387,31.975],[-90.375,31.977],[-90.325,31.985],[-90.275,31.992],[-90.225,31.998],[-90.175,32.003],[-90.125,32.006],[-90.075,32.009],[-90.025,32.01],[-89.975,32.011],[-89.925,32.01],[-89.875,32.008],[-89.825,32.004],[-89.775,32.0],[-89.725,31.995],[-89.675,31.99],[-89.625,31.983],[-89.575,31.975],[-89.573,31.975],[-89.525,31.967],[-89.475,31.958],[-89.425,31.949],[-89.375,31.939],[-89.325,31.928],[-89.312,31.925],[-89.275,31.917],[-89.225,31.905],[-89.175,31.893],[-89.125,31.881],[-89.103,31.875],[-89.075,31.868],[-89.025,31.855],[-88.975,31.842],[-88.925,31.829],[-88.911,31.825],[-88.875,31.815],[-88.825,31.802],[-88.775,31.789],[-88.725,31.777],[-88.719,31.775],[-88.675,31.764],[-88.625,31.752],[-88.575,31.74],[-88.525,31.728],[-88.512,31.725],[-88.475,31.716],[-88.425,31.706],[-88.375,31.695],[-88.325,31.685],[-88.275,31.676],[-88.272,31.675],[-88.225,31.667],[-88.175,31.658],[-88.125,31.65],[-88.075,31.643],[-88.025,31.636],[-87.975,31.63],[-87.931,31.625],[-87.925,31.624],[-87.875,31.619],[-87.825,31.615],[-87.775,31.611],[-87.725,31.608],[-87.675,31.606],[-87.625,31.604],[-87.575,31.603],[-87.525,31.602],[-87.475,31.602],[-87.425,31.602],[-87.375,31.603],[-87.325,31.604],[-87.275,31.606],[-87.225,31.607],[-87.175,31.61],[-87.125,31.612],[-87.075,31.614],[-87.025,31.617],[-86.975,31.619],[-86.925,31.622],[-86.875,31.625],[-86.869,31.625],[-86.825,31.628],[-86.775,31.631],[-86.725,31.635],[-86.675,31.639],[-86.625,31.644],[-86.575,31.649],[-86.525,31.655],[-86.475,31.661],[-86.425,31.667],[-86.375,31.673],[-86.357,31.675],[-86.325,31.679],[-86.275,31.685],[-86.225,31.69],[-86.175,31.695],[-86.125,31.699],[-86.075,31.703],[-86.025,31.707],[-85.975,31.711],[-85.925,31.715],[-85.875,31.719],[-85.825,31.723],[-85.792,31.725],[-85.775,31.726],[-85.725,31.729],[-85.675,31.732],[-85.625,31.734],[-85.575,31.736],[-85.525,31.737],[-85.475,31.738],[-85.425,31.738],[-85.375,31.738],[-85.325,31.738],[-85.275,31.737],[-85.225,31.735],[-85.175,31.734],[-85.125,31.732],[-85.075,31.729],[-85.025,31.726],[-85.005,31.725],[-84.975,31.723],[-84.925,31.72],[-84.875,31.716],[-84.825,31.712],[-84.775,31.708],[-84.725,31.703],[-84.675,31.699],[-84.625,31.694],[-84.575,31.69],[-84.525,31.685],[-84.475,31.681],[-84.425,31.677],[-84.395,31.675],[-84.375,31.673],[-84.325,31.67],[-84.275,31.667],[-84.225,31.664],[-84.175,31.662],[-84.125,31.661],[-84.075,31.66],[-84.025,31.659],[-83.975,31.66],[-83.925,31.661],[-83.875,31.663],[-83.825,31.666],[-83.775,31.67],[-83.725,31.675],[-83.724,31.675],[-83.675,31.68],[-83.625,31.687],[-83.575,31.694],[-83.525,31.702],[-83.475,31.71],[-83.425,31.719],[-83.394,31.725],[-83.375,31.729],[-83.325,31.738],[-83.275,31.749],[-83.225,31.759],[-83.175,31.77],[-83.154,31.775],[-83.125,31.781],[-83.075,31.793],[-83.025,31.804],[-82.975,31.816],[-82.938,31.825],[-82.925,31.828],[-82.875,31.84],[-82.825,31.852],[-82.775,31.864],[-82.732,31.875],[-82.725,31.877],[-82.675,31.889],[-82.625,31.901],[-82.575,31.913],[-82.525,31.925],[-82.525,31.925],[-82.475,31.936],[-82.425,31.946],[-82.375,31.956],[-82.325,31.964],[-82.275,31.971],[-82.242,31.975],[-82.225,31.977],[-82.175,31.982],[-82.125,31.985],[-82.075,31.989],[-82.025,31.991],[-81.975,31.993],[-81.925,31.994],[-81.875,31.995],[-81.825,31.996],[-81.775,31.996],[-81.725,31.996],[-81.675,31.995],[-81.625,31.994],[-81.575,31.992],[-81.525,31.989],[-81.475,31.985],[-81.425,31.98],[-81.381,31.975],[-81.375,31.974],[-81.325,31.967],[-81.275,31.959],[-81.225,31.949],[-81.175,31.938],[-81.125,31.926],[-81.123,31.925],[-81.086,31.914]],[[-81.055,31.905],[-81.025,31.896],[-80.975,31.88]]]}},{"type":"Feature","properties":{"date":"2025-03-19","label":"19 Mar","yday":78,"tier":"day","major":false},"geometry":{"type":"MultiLineString","coordinates":[[[-92.825,31.767],[-92.775,31.763],[-92.725,31.759],[-92.675,31.757],[-92.625,31.755],[-92.575,31.755],[-92.525,31.755],[-92.475,31.757],[-92.425,31.759],[-92.375,31.762],[-92.325,31.766],[-92.275,31.771],[-92.242,31.775],[-92.225,31.777],[-92.175,31.783],[-92.125,31.79],[-92.075,31.798],[-92.025,31.805],[-91.975,31.814],[-91.925,31.822],[-91.909,31.825],[-91.875,31.831]],[[-90.455,32.145],[-90.425,32.151],[-90.375,32.161],[-90.325,32.169],[-90.287,32.175],[-90.275,32.177],[-90.225,32.183],[-90.175,32.188],[-90.125,32.191],[-90.075,32.193],[-90.025,32.194],[-89.975,32.193],[-89.925,32.19],[-89.875,32.187],[-89.825,32.182],[-89.775,32.177],[-89.76,32.175],[-89.725,32.171],[-89.675,32.163],[-89.625,32.155],[-89.575,32.146],[-89.525,32.137],[-89.477,32.127]],[[-89.474,32.126],[-89.468,32.125],[-89.425,32.116],[-89.375,32.104],[-89.325,32.092],[-89.275,32.08],[-89.255,32.075],[-89.225,32.067],[-89.175,32.055],[-89.125,32.041],[-89.075,32.028],[-89.063,32.025],[-89.025,32.015],[-88.975,32.002],[-88.925,31.988],[-88.875,31.975],[-88.873,31.975],[-88.825,31.963],[-88.775,31.95],[-88.725,31.938],[-88.675,31.926],[-88.669,31.925],[-88.625,31.915],[-88.575,31.904],[-88.525,31.893],[-88.475,31.883],[-88.433,31.875],[-88.425,31.873],[-88.375,31.864],[-88.325,31.855],[-88.275,31.847],[-88.225,31.839],[-88.175,31.831],[-88.129,31.825],[-88.125,31.824],[-88.075,31.818],[-88.025,31.812],[-87.975,31.807],[-87.925,31.802],[-87.875,31.797],[-87.825,31.793],[-87.775,31.79],[-87.725,31.787],[-87.675,31.785],[-87.625,31.783],[-87.575,31.782],[-87.525,31.781],[-87.475,31.78],[-87.425,31.78],[-87.375,31.78],[-87.325,31.78],[-87.275,31.781],[-87.225,31.782],[-87.175,31.783],[-87.125,31.784],[-87.075,31.785],[-87.025,31.787],[-86.975,31.788],[-86.925,31.789],[-86.875,31.79],[-86.825,31.792],[-86.775,31.794],[-86.725,31.795],[-86.675,31.798],[-86.625,31.801],[-86.575,31.807],[-86.525,31.813],[-86.475,31.82],[-86.438,31.825],[-86.425,31.827],[-86.375,31.834],[-86.325,31.84],[-86.275,31.846],[-86.225,31.85],[-86.175,31.854],[-86.125,31.857],[-86.075,31.86],[-86.025,31.863],[-85.975,31.866],[-85.925,31.87],[-85.875,31.873],[-85.847,31.875],[-85.825,31.876],[-85.775,31.879],[-85.725,31.882],[-85.675,31.884],[-85.625,31.886],[-85.575,31.888],[-85.525,31.889],[-85.475,31.891],[-85.425,31.891],[-85.375,31.892],[-85.325,31.892],[-85.275,31.892],[-85.225,31.892],[-85.175,31.891],[-85.125,31.89],[-85.075,31.889],[-85.025,31.887],[-84.975,31.885],[-84.925,31.883],[-84.875,31.88],[-84.825,31.877],[-84.786,31.875],[-84.775,31.874],[-84.725,31.871],[-84.675,31.868],[-84.625,31.864],[-84.575,31.861],[-84.525,31.858],[-84.475,31.855],[-84.425,31.852],[-84.375,31.849],[-84.325,31.846],[-84.275,31.844],[-84.225,31.842],[-84.175,31.84],[-84.125,31.839],[-84.075,31.839],[-84.025,31.839],[-83.975,31.839],[-83.925,31.84],[-83.875,31.842],[-83.825,31.844],[-83.775,31.847],[-83.725,31.851],[-83.675,31.855],[-83.625,31.859],[-83.575,31.865],[-83.525,31.871],[-83.492,31.875],[-83.475,31.877],[-83.425,31.884],[-83.375,31.891],[-83.325,31.899],[-83.275,31.907],[-83.225,31.916],[-83.175,31.925],[-83.175,31.925],[-83.125,31.934],[-83.075,31.944],[-83.025,31.954],[-82.975,31.965],[-82.927,31.975],[-82.925,31.975],[-82.875,31.987],[-82.825,31.998],[-82.775,32.01],[-82.725,32.022],[-82.712,32.025],[-82.675,32.034],[-82.625,32.046],[-82.575,32.058],[-82.525,32.069],[-82.498,32.075],[-82.475,32.08],[-82.425,32.09],[-82.375,32.098],[-82.325,32.105],[-82.275,32.11],[-82.225,32.114],[-82.175,32.117],[-82.125,32.119],[-82.075,32.121],[-82.025,32.122],[-81.975,32.122],[-81.925,32.123],[-81.875,32.122],[-81.825,32.122],[-81.775,32.121],[-81.725,32.12],[-81.675,32.119],[-81.625,32.117],[-81.575,32.114],[-81.525,32.111],[-81.475,32.107],[-81.425,32.103],[-81.375,32.098],[-81.325,32.092],[-81.275,32.085],[-81.225,32.077],[-81.217,32.075],[-81.175,32.066],[-81.125,32.054],[-81.075,32.04],[-81.025,32.025],[-81.025,32.025],[-80.975,32.009],[-80.925,31.993],[-80.878,31.978]]]}},{"type":"Feature","properties":{"date":"2025-03-20","label":"20 Mar","yday":79,"tier":"day","major":false},"geometry":{"type":"MultiLineString","coordinates":[[[-92.983,31.983],[-92.975,31.981],[-92.939,31.975],[-92.925,31.973],[-92.875,31.965],[-92.825,31.958],[-92.775,31.952],[-92.725,31.947],[-92.675,31.943],[-92.625,31.94],[-92.575,31.939],[-92.525,31.938],[-92.475,31.938],[-92.425,31.94],[-92.375,31.942],[-92.325,31.945],[-92.275,31.949],[-92.225,31.954],[-92.175,31.96],[-92.125,31.966],[-92.075,31.973],[-92.062,31.975],[-92.025,31.981],[-91.987,31.987]],[[-86.063,32.037],[-86.025,32.037],[-85.975,32.038],[-85.925,32.038],[-85.875,32.038],[-85.825,32.039],[-85.775,32.039],[-85.725,32.04],[-85.675,32.04],[-85.625,32.041],[-85.575,32.042],[-85.525,32.042],[-85.475,32.043],[-85.425,32.043],[-85.375,32.044],[-85.325,32.044],[-85.275,32.044],[-85.225,32.045],[-85.175,32.045],[-85.125,32.044],[-85.075,32.044],[-85.025,32.043],[-84.975,32.042],[-84.925,32.041],[-84.875,32.039],[-84.825,32.037],[-84.775,32.035],[-84.725,32.032],[-84.675,32.03],[-84.625,32.027],[-84.585,32.025],[-84.575,32.024],[-84.525,32.022],[-84.475,32.019],[-84.425,32.017],[-84.375,32.015],[-84.325,32.013],[-84.275,32.011],[-84.225,32.009],[-84.175,32.008],[-84.125,32.008],[-84.075,32.007],[-84.025,32.007],[-83.975,32.008],[-83.925,32.009],[-83.875,32.01],[-83.825,32.012],[-83.775,32.014],[-83.725,32.017],[-83.675,32.02],[-83.625,32.024],[-83.607,32.025],[-83.575,32.027],[-83.525,32.032],[-83.475,32.036],[-83.425,32.041],[-83.375,32.047],[-83.325,32.053],[-83.275,32.059],[-83.225,32.066],[-83.175,32.073],[-83.162,32.075],[-83.125,32.081],[-83.075,32.089],[-83.025,32.097],[-82.975,32.106],[-82.925,32.116],[-82.88,32.125],[-82.875,32.126],[-82.825,32.136],[-82.775,32.147],[-82.725,32.158],[-82.675,32.17],[-82.652,32.175],[-82.625,32.181],[-82.575,32.192],[-82.525,32.203],[-82.475,32.213],[-82.425,32.222],[-82.402,32.225],[-82.375,32.229],[-82.325,32.234],[-82.275,32.238],[-82.225,32.24],[-82.175,32.242],[-82.125,32.243],[-82.075,32.243],[-82.025,32.243],[-81.975,32.243],[-81.925,32.242],[-81.875,32.241],[-81.825,32.24],[-81.775,32.238],[-81.725,32.236],[-81.675,32.234],[-81.625,32.232],[-81.575,32.229],[-81.525,32.225],[-81.519,32.225],[-81.475,32.222],[-81.425,32.217],[-81.375,32.212],[-81.325,32.206],[-81.275,32.199],[-81.225,32.191],[-81.175,32.181],[-81.147,32.175],[-81.125,32.17],[-81.075,32.157],[-81.025,32.143],[-80.975,32.128],[-80.964,32.125],[-80.925,32.113],[-80.896,32.104]],[[-89.335,32.265],[-89.325,32.262],[-89.275,32.249],[-89.225,32.235],[-89.189,32.225],[-89.175,32.221],[-89.125,32.207],[-89.075,32.193],[-89.025,32.178],[-89.014,32.175],[-88.975,32.164],[-88.925,32.15],[-88.875,32.137],[-88.829,32.125],[-88.825,32.124],[-88.775,32.112],[-88.725,32.1],[-88.675,32.089],[-88.625,32.078],[-88.611,32.075],[-88.575,32.068],[-88.525,32.058],[-88.475,32.049],[-88.425,32.04],[-88.375,32.032],[-88.33,32.025],[-88.325,32.024],[-88.275,32.017],[-88.225,32.01],[-88.175,32.004],[-88.125,31.998],[-88.075,31.992],[-88.025,31.987],[-87.975,31.982],[-87.925,31.978],[-87.885,31.975],[-87.875,31.974],[-87.825,31.971],[-87.775,31.968],[-87.768,31.968]],[[-89.882,32.368],[-89.875,32.368],[-89.825,32.362],[-89.775,32.356],[-89.725,32.349],[-89.675,32.341],[-89.625,32.331],[-89.592,32.325],[-89.575,32.322]]]}},{"type":"Feature","properties":{"date":"2025-03-21","label":"21 Mar","yday":80,"tier":"five","major":false},"geometry":{"type":"MultiLineString","coordinates":[[[-87.15,32.15],[-87.125,32.152],[-87.075,32.155],[-87.025,32.158],[-86.989,32.161]],[[-93.025,32.187],[-92.975,32.175],[-92.975,32.175],[-92.925,32.164],[-92.875,32.154],[-92.825,32.146],[-92.775,32.138],[-92.725,32.132],[-92.675,32.127],[-92.648,32.125],[-92.625,32.123],[-92.575,32.121],[-92.525,32.119],[-92.475,32.119],[-92.425,32.12],[-92.375,32.122],[-92.328,32.125],[-92.325,32.125],[-92.275,32.129],[-92.225,32.134],[-92.175,32.14],[-92.125,32.146],[-92.075,32.153],[-92.056,32.156]],[[-85.575,32.193],[-85.525,32.192],[-85.475,32.192],[-85.425,32.192],[-85.375,32.192],[-85.325,32.192],[-85.275,32.193],[-85.225,32.193],[-85.175,32.194],[-85.125,32.194],[-85.075,32.195],[-85.025,32.195],[-84.975,32.194],[-84.925,32.194],[-84.875,32.192],[-84.825,32.191],[-84.775,32.189],[-84.725,32.187],[-84.675,32.184],[-84.625,32.182],[-84.575,32.18],[-84.525,32.178],[-84.475,32.176],[-84.458,32.175],[-84.425,32.174],[-84.375,32.172],[-84.325,32.17],[-84.275,32.169],[-84.225,32.168],[-84.175,32.168],[-84.125,32.167],[-84.075,32.167],[-84.025,32.168],[-83.975,32.168],[-83.925,32.169],[-83.875,32.171],[-83.825,32.172],[-83.775,32.174],[-83.755,32.175],[-83.725,32.176],[-83.675,32.179],[-83.625,32.181],[-83.575,32.184],[-83.525,32.187],[-83.475,32.19],[-83.425,32.193],[-83.375,32.197],[-83.325,32.201],[-83.275,32.205],[-83.225,32.21],[-83.175,32.215],[-83.125,32.221],[-83.09,32.225],[-83.075,32.227],[-83.025,32.234],[-82.975,32.241],[-82.925,32.249],[-82.875,32.258],[-82.825,32.268],[-82.788,32.275],[-82.775,32.277],[-82.725,32.287],[-82.675,32.297],[-82.625,32.307],[-82.575,32.317],[-82.531,32.325],[-82.525,32.326],[-82.475,32.334],[-82.425,32.341],[-82.375,32.347],[-82.325,32.352],[-82.275,32.355],[-82.225,32.358],[-82.175,32.359],[-82.125,32.36],[-82.075,32.36],[-82.025,32.36],[-81.975,32.359],[-81.925,32.357],[-81.875,32.356],[-81.825,32.353],[-81.775,32.351],[-81.725,32.349],[-81.675,32.346],[-81.625,32.343],[-81.575,32.34],[-81.525,32.336],[-81.475,32.332],[-81.425,32.328],[-81.4,32.325],[-81.375,32.322],[-81.325,32.316],[-81.275,32.31],[-81.225,32.302],[-81.175,32.293],[-81.125,32.283],[-81.092,32.275],[-81.075,32.271],[-81.025,32.259],[-80.975,32.245],[-80.925,32.231],[-80.906,32.225],[-80.875,32.216],[-80.825,32.201],[-80.791,32.191]],[[-80.766,32.184],[-80.733,32.175]],[[-89.196,32.404],[-89.175,32.397],[-89.125,32.382],[-89.103,32.375],[-89.075,32.366],[-89.025,32.351],[-88.975,32.335],[-88.941,32.325],[-88.925,32.32],[-88.875,32.305],[-88.825,32.291],[-88.775,32.278],[-88.764,32.275],[-88.725,32.266],[-88.675,32.255],[-88.625,32.245],[-88.575,32.235],[-88.525,32.226],[-88.517,32.225],[-88.475,32.218],[-88.425,32.21],[-88.375,32.203],[-88.325,32.196],[-88.275,32.19],[-88.225,32.183],[-88.175,32.178],[-88.149,32.175],[-88.125,32.172],[-88.075,32.168],[-88.067,32.167]]]}},{"type":"Feature","properties":{"date":"2025-03-22","label":"22 Mar","yday":81,"tier":"day","major":false},"geometry":{"type":"MultiLineString","coordinates":[[[-92.551,32.299],[-92.525,32.299],[-92.475,32.299],[-92.425,32.3],[-92.375,32.302],[-92.354,32.304]],[[-80.629,32.279],[-80.625,32.278],[-80.605,32.275]],[[-93.015,32.375],[-92.975,32.364],[-92.961,32.361]],[[-87.231,32.331],[-87.225,32.331],[-87.175,32.334],[-87.125,32.338],[-87.075,32.342],[-87.025,32.346],[-86.975,32.351],[-86.925,32.357],[-86.875,32.362],[-86.832,32.368]],[[-85.697,32.347],[-85.675,32.345],[-85.625,32.341],[-85.575,32.339],[-85.525,32.337],[-85.475,32.335],[-85.425,32.334],[-85.375,32.334],[-85.325,32.334],[-85.275,32.335],[-85.225,32.336],[-85.175,32.337],[-85.125,32.338],[-85.075,32.339],[-85.025,32.34],[-84.975,32.34],[-84.925,32.34],[-84.875,32.339],[-84.825,32.337],[-84.775,32.335],[-84.725,32.334],[-84.675,32.332],[-84.625,32.33],[-84.575,32.328],[-84.525,32.326],[-84.5,32.325],[-84.475,32.324],[-84.425,32.323],[-84.375,32.321],[-84.325,32.32],[-84.275,32.32],[-84.225,32.319],[-84.175,32.319],[-84.125,32.319],[-84.075,32.32],[-84.025,32.321],[-83.975,32.322],[-83.925,32.323],[-83.875,32.325],[-83.869,32.325],[-83.825,32.327],[-83.775,32.328],[-83.725,32.33],[-83.675,32.333],[-83.625,32.334],[-83.575,32.336],[-83.525,32.338],[-83.475,32.34],[-83.425,32.342],[-83.375,32.343],[-83.325,32.345],[-83.275,32.347],[-83.225,32.35],[-83.175,32.353],[-83.125,32.356],[-83.075,32.361],[-83.025,32.366],[-82.975,32.372],[-82.95,32.375],[-82.925,32.378],[-82.875,32.386],[-82.825,32.394],[-82.775,32.403],[-82.725,32.412],[-82.675,32.421],[-82.653,32.425],[-82.625,32.43],[-82.575,32.438],[-82.525,32.446],[-82.475,32.453],[-82.425,32.459],[-82.375,32.464],[-82.325,32.468],[-82.275,32.471],[-82.225,32.473],[-82.175,32.474],[-82.125,32.475],[-82.075,32.475],[-82.025,32.474],[-81.975,32.473],[-81.925,32.471],[-81.875,32.469],[-81.825,32.466],[-81.775,32.463],[-81.725,32.46],[-81.675,32.457],[-81.625,32.454],[-81.575,32.45],[-81.525,32.447],[-81.475,32.443],[-81.425,32.439],[-81.375,32.434],[-81.325,32.428],[-81.298,32.425],[-81.275,32.422],[-81.225,32.415],[-81.175,32.407],[-81.125,32.398],[-81.075,32.388],[-81.025,32.377],[-81.018,32.375],[-80.975,32.365],[-80.925,32.352],[-80.875,32.339],[-80.825,32.325]],[[-89.015,32.535],[-88.983,32.525],[-88.975,32.522],[-88.925,32.507],[-88.875,32.491],[-88.825,32.476],[-88.822,32.475],[-88.775,32.462],[-88.725,32.448],[-88.675,32.436],[-88.626,32.425],[-88.625,32.425],[-88.575,32.415],[-88.525,32.406],[-88.475,32.397],[-88.425,32.389],[-88.375,32.382],[-88.325,32.375],[-88.324,32.375],[-88.275,32.369],[-88.225,32.363],[-88.175,32.358]]]}},{"type":"Feature","properties":{"date":"2025-03-23","label":"23 Mar","yday":82,"tier":"day","major":false},"geometry":{"type":"MultiLineString","coordinates":[[[-80.625,32.421],[-80.575,32.413],[-80.525,32.407],[-80.497,32.403]],[[-86.702,32.552],[-86.675,32.554],[-86.625,32.558],[-86.575,32.562],[-86.525,32.564],[-86.475,32.566],[-86.433,32.567]],[[-86.205,32.555],[-86.175,32.552],[-86.125,32.546],[-86.075,32.54],[-86.025,32.533],[-85.975,32.526],[-85.968,32.525],[-85.925,32.519],[-85.875,32.512],[-85.825,32.505],[-85.775,32.499],[-85.725,32.493],[-85.675,32.488],[-85.625,32.483],[-85.575,32.479],[-85.525,32.475],[-85.516,32.475],[-85.475,32.473],[-85.425,32.471],[-85.375,32.47],[-85.325,32.47],[-85.275,32.471],[-85.225,32.472],[-85.175,32.473],[-85.125,32.475],[-85.113,32.475],[-85.075,32.476],[-85.025,32.477],[-84.975,32.478],[-84.925,32.478],[-84.875,32.477],[-84.825,32.476],[-84.796,32.475],[-84.775,32.474],[-84.725,32.473],[-84.675,32.471],[-84.625,32.469],[-84.575,32.468],[-84.525,32.467],[-84.475,32.465],[-84.425,32.465],[-84.375,32.464],[-84.325,32.464],[-84.275,32.463],[-84.225,32.464],[-84.175,32.464],[-84.125,32.465],[-84.075,32.466],[-84.025,32.468],[-83.975,32.469],[-83.925,32.471],[-83.875,32.473],[-83.841,32.475],[-83.825,32.476],[-83.775,32.478],[-83.725,32.481],[-83.675,32.483],[-83.625,32.485],[-83.575,32.487],[-83.525,32.488],[-83.475,32.489],[-83.425,32.489],[-83.375,32.489],[-83.325,32.489],[-83.275,32.489],[-83.225,32.49],[-83.175,32.49],[-83.125,32.492],[-83.075,32.494],[-83.025,32.497],[-82.975,32.501],[-82.925,32.507],[-82.875,32.514],[-82.825,32.522],[-82.804,32.525],[-82.775,32.53],[-82.725,32.538],[-82.675,32.546],[-82.625,32.554],[-82.575,32.561],[-82.525,32.567],[-82.475,32.573],[-82.455,32.575],[-82.425,32.578],[-82.375,32.582],[-82.325,32.586],[-82.275,32.588],[-82.225,32.59],[-82.175,32.591],[-82.125,32.592],[-82.075,32.591],[-82.025,32.59],[-81.975,32.589],[-81.925,32.587],[-81.875,32.584],[-81.825,32.581],[-81.775,32.578],[-81.734,32.575],[-81.725,32.574],[-81.675,32.571],[-81.625,32.567],[-81.575,32.564],[-81.525,32.561],[-81.475,32.558],[-81.425,32.554],[-81.375,32.55],[-81.325,32.546],[-81.275,32.541],[-81.225,32.535],[-81.175,32.528],[-81.156,32.525],[-81.125,32.52],[-81.075,32.512],[-81.025,32.503],[-80.975,32.493],[-80.925,32.482],[-80.892,32.475],[-80.875,32.471],[-80.825,32.46],[-80.775,32.449],[-80.725,32.439],[-80.713,32.437]],[[-88.783,32.667],[-88.775,32.665],[-88.725,32.651],[-88.675,32.637],[-88.627,32.625],[-88.625,32.625],[-88.575,32.613],[-88.525,32.602],[-88.475,32.592],[-88.425,32.583],[-88.379,32.575],[-88.375,32.574],[-88.325,32.567],[-88.275,32.559],[-88.257,32.557]],[[-89.675,32.905],[-89.625,32.897],[-89.575,32.888],[-89.525,32.878]]]}},{"type":"Feature","properties":{"date":"2025-03-24","label":"24 Mar","yday":83,"tier":"day","major":false},"geometry":{"type":"MultiLineString","coordinates":[[[-80.517,32.567],[-80.475,32.564],[-80.425,32.56],[-80.375,32.556],[-80.325,32.553],[-80.275,32.549],[-80.253,32.547]],[[-87.485,32.685],[-87.475,32.684],[-87.425,32.683],[-87.375,32.683],[-87.325,32.683],[-87.275,32.683],[-87.225,32.683],[-87.175,32.684],[-87.125,32.686],[-87.075,32.687],[-87.025,32.689],[-86.975,32.691],[-86.925,32.694],[-86.875,32.696],[-86.825,32.698],[-86.775,32.701],[-86.725,32.703],[-86.675,32.705],[-86.625,32.707],[-86.575,32.708],[-86.525,32.709],[-86.475,32.709],[-86.425,32.708],[-86.375,32.706],[-86.325,32.704],[-86.275,32.701],[-86.225,32.697],[-86.175,32.692],[-86.125,32.686],[-86.075,32.68],[-86.033,32.675],[-86.025,32.674],[-85.975,32.667],[-85.925,32.66],[-85.875,32.653],[-85.825,32.647],[-85.775,32.64],[-85.725,32.633],[-85.675,32.627],[-85.657,32.625],[-85.625,32.621],[-85.575,32.616],[-85.525,32.612],[-85.475,32.608],[-85.425,32.605],[-85.375,32.604],[-85.325,32.604],[-85.275,32.604],[-85.225,32.604],[-85.175,32.605],[-85.125,32.606],[-85.075,32.607],[-85.025,32.608],[-84.975,32.608],[-84.925,32.609],[-84.875,32.608],[-84.825,32.607],[-84.775,32.606],[-84.725,32.605],[-84.675,32.604],[-84.625,32.603],[-84.575,32.602],[-84.525,32.602],[-84.475,32.601],[-84.425,32.601],[-84.375,32.601],[-84.325,32.601],[-84.275,32.602],[-84.225,32.603],[-84.175,32.604],[-84.125,32.605],[-84.075,32.607],[-84.025,32.609],[-83.975,32.612],[-83.925,32.614],[-83.875,32.617],[-83.825,32.62],[-83.775,32.623],[-83.739,32.625],[-83.725,32.626],[-83.675,32.629],[-83.625,32.632],[-83.575,32.635],[-83.525,32.636],[-83.475,32.636],[-83.425,32.636],[-83.375,32.635],[-83.325,32.635],[-83.275,32.634],[-83.225,32.633],[-83.175,32.633],[-83.125,32.633],[-83.075,32.634],[-83.025,32.636],[-82.975,32.64],[-82.925,32.644],[-82.875,32.65],[-82.825,32.657],[-82.775,32.663],[-82.725,32.67],[-82.687,32.675],[-82.675,32.677],[-82.625,32.683],[-82.575,32.689],[-82.525,32.694],[-82.475,32.699],[-82.425,32.703],[-82.375,32.706],[-82.325,32.709],[-82.275,32.711],[-82.225,32.712],[-82.175,32.713],[-82.125,32.713],[-82.075,32.713],[-82.025,32.712],[-81.975,32.71],[-81.925,32.709],[-81.875,32.706],[-81.825,32.703],[-81.775,32.7],[-81.725,32.697],[-81.675,32.693],[-81.625,32.69],[-81.575,32.687],[-81.525,32.685],[-81.475,32.682],[-81.425,32.68],[-81.375,32.677],[-81.344,32.675],[-81.325,32.674],[-81.275,32.67],[-81.225,32.666],[-81.175,32.661],[-81.125,32.655],[-81.075,32.648],[-81.025,32.641],[-80.975,32.634],[-80.925,32.625],[-80.923,32.625],[-80.875,32.617],[-80.825,32.609],[-80.775,32.601],[-80.725,32.593],[-80.675,32.585],[-80.625,32.579],[-80.592,32.575],[-80.575,32.573],[-80.531,32.569]]]}},{"type":"Feature","properties":{"date":"2025-03-25","label":"25 Mar","yday":84,"tier":"day","major":false},"geometry":{"type":"MultiLineString","coordinates":[[[-87.575,32.87],[-87.525,32.867],[-87.475,32.863],[-87.425,32.86],[-87.375,32.858],[-87.325,32.856],[-87.275,32.854],[-87.225,32.853],[-87.175,32.851],[-87.125,32.851],[-87.075,32.85],[-87.025,32.85],[-86.975,32.85],[-86.925,32.85],[-86.875,32.85],[-86.825,32.851],[-86.775,32.851],[-86.725,32.851],[-86.675,32.851],[-86.625,32.851],[-86.575,32.851],[-86.525,32.85],[-86.475,32.848],[-86.425,32.847],[-86.375,32.844],[-86.325,32.841],[-86.275,32.838],[-86.225,32.833],[-86.175,32.829],[-86.139,32.825],[-86.125,32.824],[-86.075,32.818],[-86.025,32.812],[-85.975,32.805],[-85.925,32.799],[-85.875,32.792],[-85.825,32.786],[-85.775,32.779],[-85.745,32.775],[-85.725,32.772],[-85.675,32.766],[-85.625,32.76],[-85.575,32.755],[-85.525,32.75],[-85.475,32.746],[-85.425,32.743],[-85.375,32.74],[-85.325,32.739],[-85.275,32.738],[-85.225,32.737],[-85.175,32.737],[-85.125,32.737],[-85.075,32.737],[-85.025,32.737],[-84.975,32.737],[-84.925,32.737],[-84.875,32.736],[-84.825,32.736],[-84.775,32.735],[-84.725,32.734],[-84.675,32.734],[-84.625,32.733],[-84.575,32.733],[-84.525,32.733],[-84.475,32.733],[-84.425,32.734],[-84.375,32.735],[-84.325,32.736],[-84.275,32.737],[-84.225,32.739],[-84.175,32.741],[-84.125,32.743],[-84.075,32.745],[-84.025,32.748],[-83.975,32.751],[-83.925,32.754],[-83.875,32.757],[-83.825,32.76],[-83.775,32.763],[-83.725,32.767],[-83.675,32.77],[-83.625,32.773],[-83.595,32.775],[-83.575,32.776],[-83.525,32.779],[-83.475,32.78],[-83.425,32.782],[-83.375,32.783],[-83.325,32.783],[-83.275,32.783],[-83.225,32.784],[-83.175,32.784],[-83.125,32.785],[-83.075,32.786],[-83.025,32.788],[-82.975,32.791],[-82.925,32.794],[-82.875,32.798],[-82.825,32.802],[-82.775,32.806],[-82.725,32.811],[-82.675,32.816],[-82.625,32.82],[-82.575,32.824],[-82.565,32.825],[-82.525,32.828],[-82.475,32.832],[-82.425,32.835],[-82.375,32.837],[-82.325,32.839],[-82.275,32.841],[-82.225,32.842],[-82.175,32.843],[-82.125,32.843],[-82.075,32.843],[-82.025,32.842],[-81.975,32.841],[-81.925,32.84],[-81.875,32.838],[-81.825,32.836],[-81.775,32.834],[-81.725,32.832],[-81.675,32.83],[-81.625,32.828],[-81.575,32.826],[-81.532,32.825],[-81.525,32.825],[-81.475,32.823],[-81.425,32.822],[-81.375,32.821],[-81.325,32.819],[-81.275,32.817],[-81.225,32.815],[-81.175,32.812],[-81.125,32.809],[-81.075,32.805],[-81.025,32.8],[-80.975,32.795],[-80.925,32.79],[-80.875,32.784],[-80.825,32.778],[-80.8,32.775],[-80.775,32.772],[-80.725,32.767],[-80.675,32.763],[-80.625,32.759],[-80.575,32.756],[-80.525,32.754],[-80.475,32.752],[-80.425,32.751],[-80.375,32.75],[-80.325,32.749],[-80.275,32.747],[-80.225,32.745],[-80.175,32.741],[-80.125,32.737],[-80.075,32.73],[-80.04,32.725],[-80.025,32.723],[-79.975,32.714],[-79.925,32.705],[-79.9,32.7]]]}},{"type":"Feature","properties":{"date":"2025-03-26","label":"26 Mar","yday":85,"tier":"five","major":false},"geometry":{"type":"MultiLineString","coordinates":[[[-83.58,32.92],[-83.575,32.921],[-83.525,32.924],[-83.512,32.925],[-83.475,32.927],[-83.425,32.93],[-83.375,32.933],[-83.325,32.935],[-83.275,32.937],[-83.225,32.939],[-83.175,32.941],[-83.125,32.942],[-83.075,32.944],[-83.025,32.945],[-82.975,32.947],[-82.925,32.949],[-82.875,32.952],[-82.825,32.955],[-82.775,32.957],[-82.725,32.96],[-82.675,32.963],[-82.625,32.966],[-82.575,32.969],[-82.525,32.971],[-82.475,32.974],[-82.441,32.975],[-82.425,32.976],[-82.375,32.978],[-82.325,32.979],[-82.275,32.98],[-82.225,32.981],[-82.175,32.982],[-82.125,32.983],[-82.075,32.983],[-82.025,32.983],[-81.975,32.983],[-81.925,32.983],[-81.875,32.982],[-81.825,32.982],[-81.775,32.982],[-81.725,32.982],[-81.675,32.982],[-81.625,32.983],[-81.575,32.983],[-81.525,32.984],[-81.475,32.985],[-81.425,32.986],[-81.375,32.988],[-81.325,32.989],[-81.275,32.991],[-81.225,32.992],[-81.175,32.993],[-81.125,32.994],[-81.075,32.994],[-81.025,32.994],[-80.975,32.993],[-80.925,32.992],[-80.875,32.991],[-80.825,32.989],[-80.775,32.986],[-80.725,32.984],[-80.675,32.982],[-80.625,32.981],[-80.575,32.981],[-80.525,32.982],[-80.475,32.983],[-80.425,32.984],[-80.375,32.984],[-80.325,32.984],[-80.275,32.982],[-80.225,32.98],[-80.175,32.976],[-80.165,32.975],[-80.125,32.971],[-80.075,32.964],[-80.025,32.954],[-79.975,32.942],[-79.925,32.927],[-79.918,32.925],[-79.875,32.911],[-79.825,32.895],[-79.775,32.879],[-79.761,32.875],[-79.725,32.864],[-79.696,32.854]],[[-87.548,33.052],[-87.525,33.049],[-87.475,33.043],[-87.425,33.038],[-87.375,33.033],[-87.325,33.029],[-87.275,33.025],[-87.275,33.025],[-87.225,33.021],[-87.175,33.018],[-87.125,33.015],[-87.075,33.012],[-87.025,33.01],[-86.975,33.008],[-86.925,33.006],[-86.875,33.004],[-86.825,33.002],[-86.775,33.0],[-86.725,32.999],[-86.675,32.997],[-86.625,32.996],[-86.575,32.994],[-86.525,32.992],[-86.475,32.99],[-86.425,32.987],[-86.375,32.984],[-86.325,32.98],[-86.275,32.976],[-86.264,32.975],[-86.225,32.972],[-86.175,32.967],[-86.125,32.962],[-86.075,32.956],[-86.025,32.95],[-85.975,32.944],[-85.925,32.938],[-85.875,32.931],[-85.825,32.925],[-85.825,32.925],[-85.775,32.919],[-85.725,32.912],[-85.675,32.906],[-85.625,32.901],[-85.575,32.895],[-85.525,32.89],[-85.475,32.886],[-85.425,32.882],[-85.375,32.879],[-85.325,32.876],[-85.303,32.875],[-85.275,32.874],[-85.225,32.872],[-85.175,32.87],[-85.125,32.869],[-85.075,32.868],[-85.025,32.867],[-84.975,32.866],[-84.925,32.866],[-84.875,32.865],[-84.825,32.864],[-84.775,32.863],[-84.725,32.863],[-84.675,32.863],[-84.625,32.863],[-84.575,32.863],[-84.525,32.863],[-84.475,32.864],[-84.425,32.865],[-84.375,32.867],[-84.325,32.869],[-84.275,32.871],[-84.225,32.873],[-84.194,32.875],[-84.175,32.876],[-84.125,32.879],[-84.075,32.882],[-84.025,32.886],[-83.975,32.889],[-83.925,32.893],[-83.875,32.897],[-83.825,32.901],[-83.775,32.905],[-83.756,32.906]],[[-87.825,33.095],[-87.775,33.086],[-87.725,33.077],[-87.723,33.077]]]}},{"type":"Feature","properties":{"date":"2025-03-27","label":"27 Mar","yday":86,"tier":"day","major":false},"geometry":{"type":"MultiLineString","coordinates":[[[-83.425,33.083],[-83.375,33.087],[-83.325,33.091],[-83.275,33.095],[-83.225,33.098],[-83.175,33.1],[-83.125,33.102],[-83.075,33.104],[-83.025,33.106],[-82.975,33.108],[-82.925,33.109],[-82.875,33.111],[-82.825,33.113],[-82.775,33.115],[-82.725,33.117],[-82.675,33.119],[-82.625,33.121],[-82.575,33.122],[-82.525,33.124],[-82.502,33.125],[-82.475,33.126],[-82.425,33.127],[-82.375,33.129],[-82.325,33.13],[-82.275,33.132],[-82.225,33.133],[-82.175,33.134],[-82.125,33.135],[-82.075,33.136],[-82.025,33.137],[-81.975,33.139],[-81.925,33.14],[-81.875,33.142],[-81.825,33.144],[-81.775,33.147],[-81.725,33.15],[-81.675,33.154],[-81.625,33.157],[-81.575,33.162],[-81.525,33.167],[-81.475,33.172],[-81.453,33.175],[-81.425,33.179],[-81.375,33.186],[-81.325,33.194],[-81.275,33.203],[-81.225,33.212],[-81.175,33.222],[-81.161,33.225],[-81.125,33.233],[-81.075,33.244],[-81.025,33.255],[-80.975,33.267],[-80.936,33.275],[-80.925,33.278],[-80.875,33.288],[-80.825,33.298],[-80.775,33.306],[-80.725,33.312],[-80.675,33.316],[-80.625,33.318],[-80.575,33.317],[-80.525,33.313],[-80.475,33.308],[-80.425,33.299],[-80.375,33.289],[-80.325,33.278],[-80.315,33.275],[-80.275,33.265],[-80.225,33.251],[-80.175,33.237],[-80.138,33.225],[-80.125,33.221],[-80.075,33.205],[-80.025,33.189],[-79.987,33.175],[-79.975,33.171],[-79.925,33.153],[-79.875,33.134],[-79.852,33.125],[-79.825,33.115],[-79.775,33.095],[-79.725,33.076],[-79.723,33.075],[-79.675,33.057],[-79.625,33.038],[-79.59,33.025],[-79.579,33.021]],[[-87.684,33.266],[-87.675,33.264],[-87.625,33.254],[-87.575,33.244],[-87.525,33.235],[-87.475,33.227],[-87.461,33.225],[-87.425,33.22],[-87.375,33.212],[-87.325,33.206],[-87.275,33.2],[-87.225,33.194],[-87.175,33.188],[-87.125,33.183],[-87.075,33.178],[-87.039,33.175],[-87.025,33.174],[-86.975,33.169],[-86.925,33.165],[-86.875,33.161],[-86.825,33.157],[-86.775,33.154],[-86.725,33.151],[-86.675,33.148],[-86.625,33.145],[-86.575,33.142],[-86.525,33.139],[-86.475,33.135],[-86.425,33.132],[-86.375,33.128],[-86.345,33.125],[-86.325,33.123],[-86.275,33.119],[-86.225,33.114],[-86.175,33.109],[-86.125,33.103],[-86.075,33.097],[-86.025,33.091],[-85.975,33.085],[-85.925,33.079],[-85.891,33.075],[-85.875,33.073],[-85.825,33.067],[-85.775,33.061],[-85.725,33.055],[-85.675,33.049],[-85.625,33.043],[-85.575,33.038],[-85.525,33.033],[-85.475,33.028],[-85.443,33.025],[-85.425,33.023],[-85.375,33.019],[-85.325,33.016],[-85.275,33.013],[-85.225,33.01],[-85.175,33.007],[-85.125,33.005],[-85.075,33.003],[-85.025,33.001],[-84.975,32.999],[-84.925,32.998],[-84.875,32.996],[-84.825,32.995],[-84.775,32.994],[-84.725,32.993],[-84.675,32.993],[-84.625,32.993],[-84.575,32.994],[-84.525,32.995],[-84.475,32.996],[-84.425,32.998],[-84.375,33.0],[-84.325,33.003],[-84.275,33.006],[-84.257,33.007]]]}},{"type":"Feature","properties":{"date":"2025-03-28","label":"28 Mar","yday":87,"tier":"day","major":false},"geometry":{"type":"MultiLineString","coordinates":[[[-83.413,33.237],[-83.375,33.241],[-83.325,33.246],[-83.275,33.251],[-83.225,33.255],[-83.175,33.259],[-83.125,33.262],[-83.075,33.265],[-83.025,33.268],[-82.975,33.27],[-82.925,33.272],[-82.875,33.275],[-82.866,33.275],[-82.825,33.277],[-82.775,33.279],[-82.725,33.281],[-82.675,33.283],[-82.625,33.285],[-82.575,33.286],[-82.525,33.288],[-82.475,33.29],[-82.425,33.292],[-82.375,33.293],[-82.325,33.295],[-82.275,33.297],[-82.225,33.298],[-82.175,33.3],[-82.125,33.303],[-82.075,33.305],[-82.025,33.308],[-81.975,33.311],[-81.925,33.315],[-81.875,33.32],[-81.834,33.325],[-81.825,33.326],[-81.775,33.333],[-81.725,33.341],[-81.675,33.349],[-81.625,33.359],[-81.575,33.37],[-81.554,33.375],[-81.525,33.382],[-81.475,33.396],[-81.425,33.412],[-81.389,33.425],[-81.375,33.43],[-81.325,33.45],[-81.275,33.472],[-81.269,33.475],[-81.225,33.496],[-81.175,33.522],[-81.169,33.525],[-81.125,33.55],[-81.081,33.575],[-81.075,33.579],[-81.025,33.609],[-80.998,33.625],[-80.975,33.639],[-80.925,33.669],[-80.915,33.675],[-80.875,33.698],[-80.825,33.725],[-80.824,33.725],[-80.775,33.748],[-80.725,33.767],[-80.697,33.775],[-80.675,33.781],[-80.625,33.79],[-80.575,33.793],[-80.525,33.79],[-80.475,33.78],[-80.461,33.775],[-80.425,33.762],[-80.375,33.736],[-80.358,33.725],[-80.325,33.704],[-80.286,33.675],[-80.275,33.667],[-80.225,33.628],[-80.221,33.625],[-80.175,33.589],[-80.158,33.575],[-80.125,33.55],[-80.091,33.525],[-80.075,33.514],[-80.025,33.48],[-80.017,33.475],[-79.975,33.449],[-79.936,33.425],[-79.925,33.419],[-79.875,33.39],[-79.848,33.375],[-79.825,33.363],[-79.775,33.337],[-79.753,33.325],[-79.725,33.311],[-79.675,33.286],[-79.652,33.275],[-79.625,33.263],[-79.575,33.24],[-79.543,33.225],[-79.525,33.217],[-79.475,33.197],[-79.425,33.177],[-79.42,33.175],[-79.375,33.159],[-79.325,33.142],[-79.312,33.138]],[[-87.24,33.375],[-87.225,33.373],[-87.175,33.366],[-87.125,33.359],[-87.075,33.352],[-87.025,33.346],[-86.975,33.34],[-86.925,33.334],[-86.875,33.328],[-86.845,33.325],[-86.825,33.323],[-86.775,33.318],[-86.725,33.313],[-86.675,33.308],[-86.625,33.304],[-86.575,33.299],[-86.525,33.294],[-86.475,33.289],[-86.425,33.284],[-86.375,33.279],[-86.338,33.275],[-86.325,33.274],[-86.275,33.268],[-86.225,33.262],[-86.175,33.257],[-86.125,33.251],[-86.075,33.244],[-86.025,33.238],[-85.975,33.232],[-85.925,33.225],[-85.922,33.225],[-85.875,33.219],[-85.825,33.213],[-85.775,33.207],[-85.725,33.201],[-85.675,33.195],[-85.625,33.189],[-85.575,33.184],[-85.525,33.179],[-85.49,33.175],[-85.475,33.174],[-85.425,33.169],[-85.375,33.164],[-85.325,33.16],[-85.275,33.156],[-85.225,33.153],[-85.175,33.149],[-85.125,33.146],[-85.075,33.143],[-85.025,33.14],[-84.975,33.137],[-84.925,33.135],[-84.875,33.133],[-84.825,33.131],[-84.779,33.129]],[[-87.66,33.46],[-87.625,33.451],[-87.575,33.439],[-87.525,33.427],[-87.514,33.425],[-87.475,33.417],[-87.425,33.407],[-87.403,33.403]]]}},{"type":"Feature","properties":{"date":"2025-03-29","label":"29 Mar","yday":88,"tier":"day","major":false},"geometry":{"type":"MultiLineString","coordinates":[[[-79.251,33.351],[-79.225,33.341],[-79.176,33.325]],[[-82.483,33.467],[-82.475,33.467],[-82.425,33.47],[-82.375,33.473],[-82.336,33.475],[-82.325,33.476],[-82.275,33.479],[-82.225,33.482],[-82.175,33.486],[-82.125,33.49],[-82.075,33.495],[-82.025,33.501],[-81.975,33.507],[-81.925,33.515],[-81.875,33.523],[-81.867,33.525],[-81.825,33.533],[-81.775,33.545],[-81.725,33.558],[-81.675,33.573],[-81.669,33.575],[-81.625,33.59],[-81.575,33.609],[-81.537,33.625],[-81.525,33.63],[-81.475,33.654],[-81.434,33.675],[-81.425,33.68],[-81.375,33.707],[-81.345,33.725],[-81.325,33.737],[-81.275,33.767],[-81.263,33.775],[-81.225,33.799],[-81.184,33.825],[-81.175,33.831],[-81.125,33.863],[-81.106,33.875],[-81.075,33.893],[-81.025,33.923],[-81.022,33.925],[-80.975,33.95],[-80.928,33.975],[-80.925,33.976],[-80.875,33.998],[-80.825,34.018],[-80.805,34.025],[-80.775,34.035],[-80.725,34.048],[-80.675,34.06],[-80.625,34.069],[-80.583,34.075],[-80.575,34.076],[-80.525,34.08],[-80.475,34.081],[-80.425,34.078],[-80.399,34.075],[-80.375,34.072],[-80.325,34.061],[-80.275,34.047],[-80.225,34.029],[-80.214,34.025],[-80.175,34.006],[-80.125,33.979],[-80.119,33.975],[-80.075,33.944],[-80.051,33.925],[-80.025,33.902],[-79.996,33.875],[-79.975,33.852],[-79.95,33.825],[-79.925,33.796],[-79.906,33.775],[-79.875,33.74],[-79.861,33.725],[-79.825,33.693],[-79.804,33.675],[-79.775,33.653],[-79.739,33.625],[-79.725,33.615],[-79.675,33.58],[-79.667,33.575],[-79.625,33.548],[-79.59,33.525],[-79.575,33.516],[-79.525,33.485],[-79.508,33.475],[-79.475,33.457],[-79.425,33.429],[-79.417,33.425],[-79.375,33.404],[-79.325,33.381],[-79.312,33.375],[-79.286,33.364]],[[-87.153,33.547],[-87.125,33.542],[-87.075,33.534],[-87.025,33.527],[-87.012,33.525],[-86.975,33.52],[-86.925,33.513],[-86.875,33.506],[-86.825,33.5],[-86.775,33.493],[-86.725,33.487],[-86.675,33.48],[-86.637,33.475],[-86.625,33.473],[-86.575,33.467],[-86.525,33.461],[-86.475,33.454],[-86.425,33.447],[-86.375,33.441],[-86.325,33.434],[-86.275,33.427],[-86.259,33.425],[-86.225,33.42],[-86.175,33.413],[-86.125,33.407],[-86.075,33.4],[-86.025,33.393],[-85.975,33.386],[-85.925,33.379],[-85.896,33.375],[-85.875,33.372],[-85.825,33.366],[-85.775,33.36],[-85.725,33.353],[-85.675,33.348],[-85.625,33.342],[-85.575,33.336],[-85.525,33.331],[-85.475,33.326],[-85.468,33.325],[-85.425,33.321],[-85.375,33.316],[-85.325,33.312],[-85.275,33.307],[-85.225,33.303],[-85.175,33.299],[-85.125,33.295],[-85.075,33.292],[-85.039,33.289]],[[-87.704,33.675],[-87.675,33.666],[-87.625,33.651],[-87.591,33.641]]]}},{"type":"Feature","properties":{"date":"2025-03-30","label":"30 Mar","yday":89,"tier":"day","major":false},"geometry":{"type":"MultiLineString","coordinates":[[[-82.416,33.666],[-82.375,33.67],[-82.327,33.675],[-82.325,33.675],[-82.275,33.681],[-82.225,33.686],[-82.175,33.693],[-82.125,33.7],[-82.075,33.708],[-82.025,33.716],[-81.981,33.725],[-81.975,33.726],[-81.925,33.738],[-81.875,33.75],[-81.825,33.764],[-81.791,33.775],[-81.775,33.78],[-81.725,33.798],[-81.675,33.817],[-81.657,33.825],[-81.625,33.838],[-81.575,33.861],[-81.547,33.875],[-81.525,33.886],[-81.475,33.911],[-81.449,33.925],[-81.425,33.937],[-81.375,33.964],[-81.356,33.975],[-81.325,33.991],[-81.275,34.018],[-81.263,34.025],[-81.225,34.045],[-81.175,34.071],[-81.166,34.075],[-81.125,34.095],[-81.075,34.118],[-81.06,34.125],[-81.025,34.14],[-80.975,34.16],[-80.935,34.175],[-80.925,34.179],[-80.875,34.195],[-80.825,34.21],[-80.775,34.224],[-80.77,34.225],[-80.725,34.236],[-80.675,34.246],[-80.625,34.254],[-80.575,34.261],[-80.525,34.267],[-80.475,34.271],[-80.425,34.274],[-80.384,34.275],[-80.375,34.275],[-80.36,34.275],[-80.325,34.275],[-80.275,34.272],[-80.225,34.268],[-80.175,34.262],[-80.125,34.255],[-80.075,34.245],[-80.025,34.235],[-79.982,34.225],[-79.975,34.223],[-79.925,34.209],[-79.875,34.194],[-79.825,34.177],[-79.82,34.175],[-79.775,34.155],[-79.725,34.128],[-79.72,34.125],[-79.675,34.091],[-79.655,34.075],[-79.625,34.047],[-79.602,34.025],[-79.575,33.996],[-79.555,33.975],[-79.525,33.943],[-79.509,33.925],[-79.475,33.889],[-79.461,33.875],[-79.425,33.839],[-79.411,33.825],[-79.375,33.792],[-79.356,33.775],[-79.325,33.75],[-79.294,33.725],[-79.275,33.712],[-79.225,33.677],[-79.222,33.675],[-79.175,33.647],[-79.136,33.625],[-79.125,33.619],[-79.075,33.596],[-79.028,33.575],[-79.026,33.574]],[[-87.198,33.748],[-87.175,33.744],[-87.125,33.735],[-87.075,33.726],[-87.071,33.725],[-87.025,33.717],[-86.975,33.709],[-86.925,33.701],[-86.875,33.693],[-86.825,33.686],[-86.775,33.678],[-86.755,33.675],[-86.725,33.67],[-86.675,33.663],[-86.625,33.655],[-86.575,33.647],[-86.525,33.639],[-86.475,33.631],[-86.437,33.625],[-86.425,33.623],[-86.375,33.615],[-86.325,33.607],[-86.275,33.599],[-86.225,33.591],[-86.175,33.583],[-86.128,33.575],[-86.125,33.575],[-86.075,33.567],[-86.025,33.559],[-85.975,33.551],[-85.925,33.543],[-85.875,33.536],[-85.825,33.529],[-85.798,33.525],[-85.775,33.522],[-85.725,33.516],[-85.675,33.51],[-85.625,33.504],[-85.575,33.499],[-85.525,33.493],[-85.475,33.488],[-85.425,33.483],[-85.375,33.478],[-85.346,33.475],[-85.325,33.473],[-85.275,33.469],[-85.225,33.464],[-85.175,33.46],[-85.125,33.456],[-85.075,33.452]]]}},{"type":"Feature","properties":{"date":"2025-03-31","label":"31 Mar","yday":90,"tier":"index","major":true},"geometry":{"type":"MultiLineString","coordinates":[[[-86.688,33.862],[-86.675,33.859],[-86.625,33.85],[-86.575,33.842],[-86.525,33.833],[-86.483,33.825],[-86.475,33.824],[-86.425,33.815],[-86.375,33.806],[-86.325,33.796],[-86.275,33.787],[-86.225,33.778],[-86.209,33.775],[-86.175,33.769],[-86.125,33.76],[-86.075,33.751],[-86.025,33.742],[-85.975,33.733],[-85.928,33.725],[-85.925,33.725],[-85.875,33.716],[-85.825,33.709],[-85.775,33.701],[-85.725,33.694],[-85.675,33.687],[-85.625,33.681],[-85.577,33.675],[-85.575,33.675],[-85.525,33.669],[-85.475,33.663],[-85.425,33.658],[-85.375,33.653],[-85.325,33.648],[-85.275,33.643],[-85.225,33.639],[-85.175,33.635],[-85.125,33.631],[-85.075,33.628],[-85.032,33.625],[-85.025,33.625],[-84.978,33.622]],[[-82.303,33.897],[-82.275,33.901],[-82.225,33.909],[-82.175,33.918],[-82.136,33.925],[-82.125,33.927],[-82.075,33.937],[-82.025,33.948],[-81.975,33.96],[-81.925,33.974],[-81.92,33.975],[-81.875,33.988],[-81.825,34.003],[-81.775,34.02],[-81.761,34.025],[-81.725,34.038],[-81.675,34.057],[-81.629,34.075]],[[-78.057,33.925],[-78.025,33.946],[-77.987,33.975],[-77.975,33.987],[-77.958,34.008]],[[-87.425,34.006],[-87.375,33.994],[-87.325,33.982],[-87.295,33.975],[-87.275,33.971],[-87.225,33.96],[-87.175,33.95],[-87.125,33.94],[-87.075,33.93],[-87.047,33.925],[-87.025,33.921],[-86.975,33.912],[-86.925,33.903],[-86.875,33.894],[-86.838,33.888]],[[-81.622,34.078],[-81.575,34.097],[-81.525,34.119],[-81.511,34.125],[-81.475,34.141],[-81.425,34.163],[-81.398,34.175]],[[-80.746,34.404],[-80.725,34.409],[-80.675,34.419],[-80.643,34.425],[-80.625,34.428],[-80.575,34.437],[-80.525,34.444],[-80.475,34.45],[-80.425,34.455],[-80.375,34.459],[-80.325,34.462],[-80.275,34.464],[-80.225,34.465],[-80.175,34.465],[-80.125,34.463],[-80.075,34.461],[-80.025,34.457],[-79.975,34.453],[-79.925,34.449],[-79.875,34.444],[-79.825,34.439],[-79.775,34.435],[-79.725,34.429],[-79.685,34.425],[-79.675,34.424],[-79.625,34.418],[-79.575,34.411],[-79.525,34.404],[-79.475,34.396],[-79.425,34.39],[-79.375,34.384],[-79.325,34.379],[-79.275,34.376],[-79.225,34.376],[-79.175,34.378],[-79.125,34.384],[-79.075,34.393],[-79.025,34.406],[-78.975,34.422],[-78.968,34.425],[-78.925,34.439],[-78.875,34.456],[-78.825,34.473],[-78.816,34.475],[-78.775,34.484],[-78.725,34.492],[-78.675,34.494],[-78.625,34.488],[-78.577,34.475],[-78.575,34.474],[-78.525,34.445],[-78.498,34.425],[-78.475,34.397],[-78.458,34.375],[-78.439,34.325],[-78.435,34.275],[-78.444,34.225],[-78.46,34.175],[-78.475,34.134],[-78.478,34.125],[-78.491,34.075],[-78.49,34.025],[-78.475,33.996],[-78.461,33.975],[-78.425,33.951],[-78.408,33.942]]]}},{"type":"Feature","properties":{"date":"2025-04-01","label":"1 Apr","yday":91,"tier":"day","major":false},"geometry":{"type":"MultiLineString","coordinates":[[[-86.775,34.097],[-86.725,34.087],[-86.675,34.077],[-86.665,34.075],[-86.625,34.067],[-86.575,34.057],[-86.525,34.047],[-86.475,34.037],[-86.425,34.027],[-86.415,34.025],[-86.375,34.017],[-86.325,34.007],[-86.275,33.997],[-86.225,33.987],[-86.175,33.977],[-86.166,33.975],[-86.125,33.967],[-86.075,33.957],[-86.025,33.947],[-85.975,33.938],[-85.925,33.928],[-85.909,33.925],[-85.875,33.919],[-85.825,33.91],[-85.775,33.901],[-85.725,33.893],[-85.675,33.885],[-85.625,33.877],[-85.609,33.875],[-85.575,33.87],[-85.525,33.863],[-85.475,33.857],[-85.425,33.85],[-85.375,33.844],[-85.325,33.839],[-85.275,33.833],[-85.225,33.829],[-85.186,33.825],[-85.175,33.824],[-85.125,33.82],[-85.075,33.816],[-85.025,33.813],[-84.975,33.81],[-84.925,33.808],[-84.875,33.806],[-84.825,33.804],[-84.775,33.803],[-84.747,33.803]],[[-80.65,34.6],[-80.625,34.605],[-80.575,34.614],[-80.525,34.622],[-80.505,34.625],[-80.475,34.629],[-80.425,34.635],[-80.375,34.64],[-80.325,34.645],[-80.275,34.648],[-80.225,34.65],[-80.175,34.652],[-80.125,34.654],[-80.075,34.655],[-80.025,34.656],[-79.975,34.656],[-79.925,34.657],[-79.875,34.658],[-79.825,34.659],[-79.775,34.661],[-79.725,34.664],[-79.675,34.668],[-79.625,34.672],[-79.603,34.675],[-79.575,34.679],[-79.525,34.686],[-79.475,34.696],[-79.425,34.708],[-79.375,34.722],[-79.367,34.725],[-79.325,34.74],[-79.275,34.762],[-79.248,34.775],[-79.225,34.786],[-79.175,34.813],[-79.153,34.825],[-79.125,34.84],[-79.075,34.867],[-79.059,34.875],[-79.025,34.892],[-78.975,34.915],[-78.95,34.925],[-78.925,34.934],[-78.875,34.949],[-78.825,34.959],[-78.775,34.965],[-78.725,34.969],[-78.675,34.97],[-78.625,34.969],[-78.575,34.966],[-78.525,34.962],[-78.475,34.957],[-78.425,34.951],[-78.375,34.943],[-78.325,34.936],[-78.275,34.927],[-78.261,34.925],[-78.225,34.918],[-78.175,34.909],[-78.125,34.901],[-78.075,34.893],[-78.025,34.887],[-77.975,34.881],[-77.925,34.878],[-77.875,34.876],[-77.825,34.876],[-77.775,34.876],[-77.725,34.878],[-77.675,34.88],[-77.625,34.884],[-77.575,34.889],[-77.525,34.894],[-77.475,34.9],[-77.425,34.906],[-77.375,34.911],[-77.325,34.914],[-77.275,34.916],[-77.225,34.917],[-77.175,34.915],[-77.125,34.912],[-77.075,34.906],[-77.025,34.897],[-76.975,34.886],[-76.937,34.875],[-76.925,34.871],[-76.875,34.851],[-76.825,34.827],[-76.822,34.825],[-76.775,34.798],[-76.761,34.789]]]}},{"type":"Feature","properties":{"date":"2025-04-02","label":"2 Apr","yday":92,"tier":"day","major":false},"geometry":{"type":"MultiLineString","coordinates":[[[-85.815,34.135],[-85.775,34.126],[-85.769,34.125],[-85.725,34.116],[-85.675,34.107],[-85.625,34.097],[-85.575,34.088],[-85.525,34.079],[-85.501,34.075],[-85.475,34.071],[-85.425,34.063],[-85.375,34.055],[-85.325,34.048],[-85.275,34.041],[-85.225,34.034],[-85.175,34.028],[-85.147,34.025],[-85.125,34.023],[-85.075,34.018],[-85.025,34.013],[-84.975,34.008],[-84.925,34.004],[-84.875,34.001],[-84.825,33.997],[-84.775,33.993],[-84.725,33.99],[-84.675,33.987],[-84.625,33.985],[-84.575,33.983],[-84.568,33.982]],[[-80.212,34.838],[-80.175,34.84],[-80.125,34.842],[-80.075,34.845],[-80.025,34.848],[-79.975,34.851],[-79.925,34.855],[-79.875,34.859],[-79.825,34.865],[-79.775,34.872],[-79.754,34.875],[-79.725,34.88],[-79.675,34.89],[-79.625,34.902],[-79.575,34.916],[-79.545,34.925],[-79.525,34.931],[-79.475,34.949],[-79.425,34.969],[-79.412,34.975],[-79.375,34.991],[-79.325,35.015],[-79.306,35.025],[-79.275,35.04],[-79.225,35.064],[-79.202,35.075],[-79.175,35.087],[-79.125,35.109],[-79.088,35.125],[-79.075,35.13],[-79.025,35.147],[-78.975,35.162],[-78.925,35.173],[-78.913,35.175],[-78.875,35.181],[-78.825,35.186],[-78.775,35.189],[-78.725,35.192],[-78.675,35.193],[-78.625,35.194],[-78.575,35.193],[-78.525,35.192],[-78.475,35.191],[-78.425,35.189],[-78.375,35.187],[-78.325,35.184],[-78.275,35.182],[-78.225,35.18],[-78.175,35.178],[-78.125,35.176],[-78.075,35.175],[-78.025,35.175],[-77.975,35.176],[-77.925,35.179],[-77.875,35.182],[-77.825,35.186],[-77.775,35.191],[-77.725,35.197],[-77.675,35.202],[-77.625,35.206],[-77.575,35.21],[-77.525,35.212],[-77.475,35.213],[-77.425,35.213],[-77.375,35.212],[-77.325,35.21],[-77.275,35.207],[-77.225,35.203],[-77.175,35.198],[-77.125,35.192],[-77.075,35.184],[-77.03,35.175],[-77.025,35.174],[-76.975,35.162],[-76.925,35.148],[-76.875,35.131],[-76.858,35.125],[-76.825,35.112],[-76.802,35.102]],[[-76.542,34.958],[-76.525,34.946],[-76.493,34.925],[-76.475,34.912],[-76.425,34.878],[-76.421,34.875]]]}},{"type":"Feature","properties":{"date":"2025-04-03","label":"3 Apr","yday":93,"tier":"day","major":false},"geometry":{"type":"MultiLineString","coordinates":[[[-85.401,34.299],[-85.375,34.293],[-85.325,34.282],[-85.29,34.275],[-85.275,34.272],[-85.225,34.263],[-85.175,34.254],[-85.125,34.245],[-85.075,34.237],[-85.025,34.23],[-84.994,34.225],[-84.975,34.222],[-84.925,34.216],[-84.875,34.209],[-84.825,34.202],[-84.775,34.195],[-84.725,34.188],[-84.675,34.182],[-84.626,34.176]],[[-80.115,35.035],[-80.075,35.037],[-80.025,35.042],[-79.975,35.047],[-79.925,35.054],[-79.875,35.062],[-79.825,35.071],[-79.804,35.075],[-79.775,35.081],[-79.725,35.093],[-79.675,35.106],[-79.625,35.12],[-79.61,35.125],[-79.575,35.136],[-79.525,35.153],[-79.475,35.171],[-79.464,35.175],[-79.425,35.189],[-79.375,35.208],[-79.329,35.225],[-79.325,35.226],[-79.275,35.244],[-79.225,35.261],[-79.182,35.275],[-79.175,35.277],[-79.125,35.292],[-79.075,35.305],[-79.025,35.316],[-78.983,35.325],[-78.975,35.327],[-78.925,35.335],[-78.875,35.342],[-78.825,35.347],[-78.775,35.352],[-78.725,35.355],[-78.675,35.358],[-78.625,35.361],[-78.575,35.363],[-78.525,35.364],[-78.475,35.365],[-78.425,35.365],[-78.375,35.366],[-78.325,35.366],[-78.275,35.366],[-78.225,35.366],[-78.175,35.367],[-78.125,35.368],[-78.075,35.37],[-78.025,35.372],[-77.975,35.375],[-77.973,35.375],[-77.925,35.378],[-77.875,35.382],[-77.825,35.387],[-77.775,35.392],[-77.725,35.397],[-77.675,35.401],[-77.625,35.405],[-77.575,35.408],[-77.525,35.409],[-77.475,35.41],[-77.425,35.41],[-77.375,35.409],[-77.325,35.408],[-77.275,35.405],[-77.225,35.402],[-77.175,35.398],[-77.125,35.393],[-77.075,35.386],[-77.025,35.378],[-77.007,35.375],[-76.975,35.369],[-76.925,35.357],[-76.875,35.343],[-76.829,35.329]]]}},{"type":"Feature","properties":{"date":"2025-04-04","label":"4 Apr","yday":94,"tier":"day","major":false},"geometry":{"type":"MultiLineString","coordinates":[[[-80.125,35.233],[-80.075,35.236],[-80.025,35.241],[-79.975,35.246],[-79.925,35.253],[-79.875,35.261],[-79.825,35.27],[-79.801,35.275],[-79.775,35.28],[-79.725,35.291],[-79.675,35.303],[-79.625,35.315],[-79.589,35.325],[-79.575,35.328],[-79.525,35.342],[-79.475,35.355],[-79.425,35.369],[-79.403,35.375]],[[-79.365,35.385],[-79.325,35.395],[-79.275,35.408],[-79.225,35.42],[-79.203,35.425],[-79.175,35.431],[-79.125,35.442],[-79.075,35.452],[-79.025,35.461],[-78.975,35.47],[-78.94,35.475],[-78.925,35.477],[-78.875,35.484],[-78.825,35.49],[-78.775,35.495],[-78.725,35.499],[-78.675,35.502],[-78.625,35.505],[-78.575,35.508],[-78.525,35.509],[-78.475,35.511],[-78.425,35.512],[-78.375,35.513],[-78.325,35.514],[-78.275,35.516],[-78.225,35.517],[-78.175,35.518],[-78.125,35.52],[-78.075,35.522],[-78.025,35.525],[-78.023,35.525],[-77.975,35.528],[-77.925,35.531],[-77.875,35.535],[-77.825,35.539],[-77.775,35.542],[-77.725,35.546],[-77.675,35.55],[-77.625,35.553],[-77.575,35.556],[-77.525,35.559],[-77.475,35.561],[-77.425,35.563],[-77.375,35.564],[-77.325,35.565],[-77.275,35.565],[-77.225,35.564],[-77.175,35.563],[-77.125,35.561],[-77.075,35.557],[-77.025,35.553],[-76.975,35.547],[-76.925,35.54],[-76.912,35.538]]]}},{"type":"Feature","properties":{"date":"2025-04-05","label":"5 Apr","yday":95,"tier":"five","major":false},"geometry":{"type":"MultiLineString","coordinates":[[[-78.886,35.614],[-78.875,35.616],[-78.825,35.621],[-78.785,35.625],[-78.775,35.626],[-78.725,35.63],[-78.675,35.633],[-78.625,35.635],[-78.575,35.637],[-78.525,35.638],[-78.475,35.64],[-78.441,35.641]],[[-78.358,35.642],[-78.325,35.643],[-78.275,35.644],[-78.225,35.646],[-78.175,35.648],[-78.125,35.65],[-78.075,35.652],[-78.025,35.655],[-77.975,35.658],[-77.925,35.661],[-77.875,35.665],[-77.825,35.668],[-77.775,35.672],[-77.727,35.675],[-77.725,35.675],[-77.675,35.678],[-77.625,35.682],[-77.575,35.685],[-77.525,35.688],[-77.475,35.692],[-77.425,35.695],[-77.375,35.698],[-77.325,35.701],[-77.275,35.703],[-77.225,35.705],[-77.175,35.707],[-77.125,35.709],[-77.075,35.71],[-77.025,35.71],[-76.975,35.709],[-76.925,35.707],[-76.875,35.703],[-76.825,35.697],[-76.775,35.689],[-76.725,35.677],[-76.723,35.677]]]}},{"type":"Feature","properties":{"date":"2025-04-06","label":"6 Apr","yday":96,"tier":"day","major":false},"geometry":{"type":"MultiLineString","coordinates":[[[-78.134,35.766],[-78.125,35.766],[-78.075,35.769],[-78.025,35.772],[-77.979,35.775],[-77.975,35.775],[-77.925,35.778],[-77.875,35.782],[-77.825,35.785],[-77.775,35.788],[-77.725,35.791],[-77.675,35.794],[-77.625,35.798],[-77.575,35.802],[-77.525,35.806],[-77.475,35.81],[-77.425,35.815],[-77.375,35.82],[-77.325,35.825],[-77.323,35.825],[-77.275,35.83],[-77.225,35.835],[-77.175,35.841],[-77.125,35.846],[-77.075,35.851],[-77.025,35.856],[-76.975,35.861],[-76.925,35.865],[-76.875,35.867],[-76.825,35.869],[-76.775,35.868],[-76.725,35.866],[-76.675,35.859],[-76.625,35.849],[-76.575,35.833]]]}},{"type":"Feature","properties":{"date":"2025-04-07","label":"7 Apr","yday":97,"tier":"day","major":false},"geometry":{"type":"MultiLineString","coordinates":[[[-78.021,35.879],[-77.975,35.882],[-77.925,35.886],[-77.875,35.889],[-77.825,35.892],[-77.775,35.895],[-77.725,35.898],[-77.675,35.902],[-77.625,35.906],[-77.575,35.911],[-77.525,35.916],[-77.475,35.922],[-77.448,35.925],[-77.425,35.928],[-77.375,35.935],[-77.325,35.942],[-77.275,35.95],[-77.225,35.958],[-77.175,35.967],[-77.133,35.975],[-77.125,35.976],[-77.075,35.986],[-77.025,35.996],[-76.975,36.006],[-76.925,36.016],[-76.879,36.025],[-76.875,36.026],[-76.825,36.035],[-76.775,36.043],[-76.746,36.046]],[[-76.604,36.054],[-76.575,36.053]]]}},{"type":"Feature","properties":{"date":"2025-04-08","label":"8 Apr","yday":98,"tier":"day","major":false},"geometry":{"type":"MultiLineString","coordinates":[[[-75.975,35.789],[-75.962,35.775],[-75.925,35.737],[-75.912,35.725],[-75.893,35.707]],[[-77.913,35.987],[-77.875,35.99],[-77.825,35.993],[-77.775,35.997],[-77.725,36.001],[-77.675,36.005],[-77.625,36.01],[-77.575,36.016],[-77.525,36.022],[-77.505,36.025],[-77.475,36.029],[-77.425,36.037],[-77.375,36.046],[-77.325,36.056],[-77.275,36.067],[-77.24,36.075],[-77.225,36.079],[-77.175,36.091],[-77.125,36.104],[-77.075,36.118],[-77.052,36.125],[-77.025,36.133],[-76.975,36.149],[-76.925,36.165],[-76.892,36.175],[-76.875,36.181],[-76.825,36.197],[-76.775,36.212],[-76.765,36.215]],[[-76.656,36.244],[-76.625,36.25],[-76.575,36.258],[-76.525,36.262]]]}},{"type":"Feature","properties":{"date":"2025-04-09","label":"9 Apr","yday":99,"tier":"day","major":false},"geometry":{"type":"MultiLineString","coordinates":[[[-77.805,36.095],[-77.775,36.097],[-77.725,36.102],[-77.675,36.107],[-77.625,36.112],[-77.575,36.119],[-77.539,36.125],[-77.525,36.127],[-77.475,36.137],[-77.425,36.147],[-77.375,36.159],[-77.325,36.171],[-77.311,36.175],[-77.275,36.185],[-77.225,36.2],[-77.175,36.216],[-77.149,36.225],[-77.125,36.234],[-77.075,36.253],[-77.025,36.273],[-77.02,36.275],[-76.975,36.294],[-76.925,36.316],[-76.905,36.325],[-76.875,36.339],[-76.825,36.361],[-76.794,36.375],[-76.775,36.384],[-76.725,36.406],[-76.681,36.425],[-76.675,36.428],[-76.625,36.448],[-76.575,36.466],[-76.546,36.475],[-76.525,36.482],[-76.475,36.494],[-76.425,36.502],[-76.395,36.505]]]}},{"type":"Feature","properties":{"date":"2025-04-10","label":"10 Apr","yday":100,"tier":"five","major":false},"geometry":{"type":"MultiLineString","coordinates":[[[-77.725,36.205],[-77.675,36.21],[-77.625,36.217],[-77.578,36.225],[-77.575,36.225],[-77.525,36.236],[-77.475,36.248],[-77.425,36.261],[-77.377,36.275],[-77.375,36.276],[-77.325,36.292],[-77.275,36.309],[-77.233,36.325],[-77.225,36.328],[-77.175,36.349],[-77.125,36.372],[-77.118,36.375],[-77.075,36.396],[-77.025,36.421],[-77.018,36.425],[-76.975,36.448],[-76.927,36.475],[-76.925,36.476],[-76.875,36.505],[-76.84,36.525],[-76.825,36.534],[-76.775,36.564],[-76.757,36.575],[-76.725,36.595],[-76.676,36.625],[-76.675,36.626],[-76.625,36.655],[-76.587,36.675],[-76.575,36.681],[-76.525,36.704],[-76.475,36.724],[-76.474,36.724]]]}},{"type":"Feature","properties":{"date":"2025-04-11","label":"11 Apr","yday":101,"tier":"day","major":false},"geometry":{"type":"MultiLineString","coordinates":[[[-77.625,36.33],[-77.575,36.341],[-77.525,36.355],[-77.475,36.37],[-77.458,36.375],[-77.425,36.387],[-77.375,36.405],[-77.325,36.425],[-77.325,36.425],[-77.275,36.447],[-77.225,36.47],[-77.216,36.475],[-77.175,36.496],[-77.125,36.523],[-77.121,36.525],[-77.075,36.551],[-77.035,36.575],[-77.025,36.581],[-76.975,36.612],[-76.955,36.625],[-76.925,36.644],[-76.879,36.675],[-76.875,36.678],[-76.825,36.713],[-76.807,36.725],[-76.775,36.748],[-76.735,36.775],[-76.725,36.782],[-76.675,36.814],[-76.668,36.818]]]}},{"type":"Feature","properties":{"date":"2025-04-12","label":"12 Apr","yday":102,"tier":"day","major":false},"geometry":{"type":"MultiLineString","coordinates":[[[-77.658,36.458],[-77.625,36.465],[-77.586,36.475],[-77.575,36.478],[-77.525,36.493],[-77.475,36.511],[-77.437,36.525],[-77.425,36.53],[-77.375,36.551],[-77.325,36.575],[-77.325,36.575],[-77.275,36.601],[-77.23,36.625]],[[-77.092,36.708],[-77.075,36.719],[-77.065,36.725]]]}},{"type":"Feature","properties":{"date":"2025-04-13","label":"13 Apr","yday":103,"tier":"day","major":false},"geometry":{"type":"MultiLineString","coordinates":[[[-77.875,36.576],[-77.825,36.583],[-77.775,36.59],[-77.725,36.599],[-77.675,36.609],[-77.625,36.621],[-77.611,36.625]]]}}]}