{"type":"FeatureCollection","features":[{"type":"Feature","properties":{"date":"2021-02-13","label":"13 Feb","yday":44,"tier":"day","major":false},"geometry":{"type":"MultiLineString","coordinates":[[[-82.281,26.881],[-82.275,26.882],[-82.225,26.893],[-82.198,26.898]],[[-82.027,26.927],[-82.025,26.928],[-81.975,26.937],[-81.925,26.946],[-81.875,26.956],[-81.825,26.965],[-81.775,26.974],[-81.769,26.975],[-81.725,26.983],[-81.675,26.991],[-81.625,26.999],[-81.575,27.006],[-81.525,27.013],[-81.475,27.019],[-81.429,27.025],[-81.425,27.025],[-81.375,27.032],[-81.325,27.038]]]}},{"type":"Feature","properties":{"date":"2021-02-14","label":"14 Feb","yday":45,"tier":"index","major":true},"geometry":{"type":"MultiLineString","coordinates":[[[-82.484,27.184],[-82.475,27.187],[-82.425,27.206],[-82.375,27.225],[-82.374,27.225],[-82.325,27.242],[-82.275,27.258],[-82.225,27.273],[-82.218,27.275],[-82.175,27.287],[-82.125,27.301],[-82.075,27.314],[-82.032,27.325],[-82.025,27.327],[-81.975,27.339],[-81.925,27.35],[-81.875,27.361],[-81.825,27.372],[-81.808,27.375],[-81.775,27.382],[-81.725,27.391],[-81.675,27.4],[-81.625,27.408],[-81.575,27.417],[-81.525,27.424],[-81.519,27.425],[-81.475,27.431],[-81.425,27.438],[-81.375,27.445],[-81.325,27.451],[-81.275,27.457],[-81.225,27.462],[-81.175,27.468],[-81.125,27.474],[-81.113,27.475],[-81.075,27.48],[-81.025,27.486],[-80.975,27.494],[-80.925,27.502],[-80.875,27.512],[-80.825,27.522],[-80.813,27.525],[-80.775,27.533]]]}},{"type":"Feature","properties":{"date":"2021-02-15","label":"15 Feb","yday":46,"tier":"day","major":false},"geometry":{"type":"MultiLineString","coordinates":[[[-82.606,27.456],[-82.575,27.472],[-82.569,27.475],[-82.525,27.496],[-82.475,27.519],[-82.461,27.525],[-82.425,27.541],[-82.375,27.562],[-82.343,27.575],[-82.325,27.583],[-82.275,27.602],[-82.225,27.622],[-82.217,27.625],[-82.175,27.641],[-82.125,27.659],[-82.082,27.675],[-82.075,27.678],[-82.025,27.695],[-81.975,27.711],[-81.933,27.725],[-81.925,27.728],[-81.875,27.743],[-81.825,27.758],[-81.775,27.773],[-81.769,27.775],[-81.725,27.788],[-81.675,27.804],[-81.625,27.82],[-81.61,27.825],[-81.575,27.837],[-81.525,27.854],[-81.475,27.871],[-81.462,27.875],[-81.425,27.887],[-81.375,27.904],[-81.325,27.92],[-81.307,27.925],[-81.275,27.934],[-81.225,27.948],[-81.175,27.961],[-81.125,27.973],[-81.114,27.975],[-81.075,27.983],[-81.025,27.991],[-80.975,27.998],[-80.925,28.004]]]}},{"type":"Feature","properties":{"date":"2021-02-16","label":"16 Feb","yday":47,"tier":"day","major":false},"geometry":{"type":"MultiLineString","coordinates":[[[-82.375,27.829],[-82.325,27.851],[-82.275,27.874],[-82.273,27.875],[-82.225,27.896],[-82.175,27.918],[-82.16,27.925],[-82.125,27.94],[-82.075,27.962],[-82.045,27.975],[-82.025,27.983],[-81.975,28.002],[-81.925,28.021],[-81.915,28.025],[-81.875,28.04],[-81.825,28.059],[-81.786,28.075],[-81.775,28.079],[-81.725,28.1],[-81.675,28.122],[-81.669,28.125],[-81.625,28.144],[-81.575,28.166],[-81.555,28.175],[-81.525,28.187],[-81.475,28.208],[-81.43,28.225],[-81.425,28.227],[-81.375,28.244],[-81.325,28.259],[-81.275,28.273],[-81.266,28.275],[-81.225,28.284],[-81.175,28.293],[-81.125,28.301],[-81.075,28.306],[-81.025,28.31],[-80.975,28.313]]]}},{"type":"Feature","properties":{"date":"2021-02-17","label":"17 Feb","yday":48,"tier":"day","major":false},"geometry":{"type":"MultiLineString","coordinates":[[[-82.819,27.825],[-82.775,27.85],[-82.731,27.875],[-82.725,27.878],[-82.694,27.894]],[[-82.558,27.958],[-82.525,27.974],[-82.523,27.975],[-82.475,27.996],[-82.425,28.018],[-82.409,28.025],[-82.375,28.04],[-82.325,28.062],[-82.296,28.075],[-82.275,28.084],[-82.225,28.107],[-82.185,28.125],[-82.175,28.13],[-82.125,28.152],[-82.075,28.175],[-82.075,28.175],[-82.025,28.198],[-81.975,28.221],[-81.966,28.225],[-81.925,28.244],[-81.875,28.268],[-81.861,28.275],[-81.825,28.292],[-81.775,28.317],[-81.759,28.325],[-81.725,28.342],[-81.675,28.366],[-81.657,28.375],[-81.625,28.39],[-81.575,28.413],[-81.547,28.425],[-81.525,28.434],[-81.475,28.454],[-81.425,28.473],[-81.418,28.475],[-81.375,28.488],[-81.325,28.501],[-81.275,28.511],[-81.225,28.518],[-81.175,28.523],[-81.143,28.525],[-81.125,28.526],[-81.075,28.527],[-81.025,28.527]]]}},{"type":"Feature","properties":{"date":"2021-02-18","label":"18 Feb","yday":49,"tier":"day","major":false},"geometry":{"type":"MultiLineString","coordinates":[[[-82.775,28.031],[-82.725,28.055],[-82.684,28.075],[-82.675,28.079],[-82.625,28.102],[-82.575,28.124],[-82.573,28.125],[-82.525,28.146],[-82.475,28.168],[-82.459,28.175],[-82.425,28.19],[-82.375,28.212],[-82.347,28.225],[-82.325,28.235],[-82.275,28.258],[-82.239,28.275],[-82.225,28.282],[-82.175,28.306],[-82.136,28.325],[-82.125,28.33],[-82.075,28.355],[-82.037,28.375],[-82.025,28.381],[-81.975,28.407],[-81.941,28.425],[-81.925,28.433],[-81.875,28.46],[-81.847,28.475],[-81.825,28.486],[-81.775,28.512],[-81.75,28.525],[-81.725,28.538],[-81.675,28.562],[-81.646,28.575],[-81.625,28.585],[-81.575,28.605],[-81.525,28.625],[-81.525,28.625],[-81.475,28.642],[-81.425,28.657],[-81.375,28.669],[-81.347,28.675],[-81.325,28.679],[-81.275,28.687],[-81.225,28.692],[-81.175,28.695],[-81.125,28.697],[-81.075,28.697]]]}},{"type":"Feature","properties":{"date":"2021-02-19","label":"19 Feb","yday":50,"tier":"five","major":false},"geometry":{"type":"MultiLineString","coordinates":[[[-82.753,28.197],[-82.725,28.21],[-82.692,28.225],[-82.675,28.233],[-82.625,28.255],[-82.579,28.275],[-82.575,28.277],[-82.525,28.299],[-82.475,28.321],[-82.466,28.325],[-82.425,28.343],[-82.375,28.367],[-82.357,28.375],[-82.325,28.39],[-82.275,28.415],[-82.255,28.425],[-82.225,28.44],[-82.175,28.466],[-82.158,28.475],[-82.125,28.493],[-82.075,28.52],[-82.066,28.525],[-82.025,28.548],[-81.976,28.575],[-81.975,28.576],[-81.925,28.604],[-81.886,28.625],[-81.875,28.631],[-81.825,28.657],[-81.79,28.675],[-81.775,28.683],[-81.725,28.706],[-81.682,28.725],[-81.675,28.728],[-81.625,28.747],[-81.575,28.765],[-81.543,28.775],[-81.525,28.781],[-81.475,28.794],[-81.425,28.806],[-81.375,28.816],[-81.325,28.824],[-81.321,28.825],[-81.275,28.831],[-81.225,28.835],[-81.175,28.838],[-81.125,28.839],[-81.075,28.839],[-81.061,28.839]]]}},{"type":"Feature","properties":{"date":"2021-02-20","label":"20 Feb","yday":51,"tier":"day","major":false},"geometry":{"type":"MultiLineString","coordinates":[[[-82.672,28.378],[-82.625,28.399],[-82.575,28.421],[-82.565,28.425],[-82.525,28.443],[-82.475,28.465],[-82.454,28.475],[-82.425,28.489],[-82.375,28.513],[-82.351,28.525],[-82.325,28.538],[-82.275,28.564],[-82.255,28.575],[-82.225,28.591],[-82.175,28.619],[-82.164,28.625],[-82.125,28.647],[-82.077,28.675],[-82.075,28.676],[-82.025,28.705],[-81.991,28.725],[-81.975,28.734],[-81.925,28.762],[-81.901,28.775],[-81.875,28.789],[-81.825,28.814],[-81.8,28.825],[-81.775,28.836],[-81.725,28.856],[-81.675,28.875],[-81.675,28.875],[-81.625,28.891],[-81.575,28.906],[-81.525,28.919],[-81.499,28.925],[-81.475,28.93],[-81.425,28.94],[-81.375,28.948],[-81.325,28.954],[-81.275,28.959],[-81.225,28.963],[-81.175,28.965],[-81.125,28.967],[-81.075,28.968],[-81.025,28.967]]]}},{"type":"Feature","properties":{"date":"2021-02-21","label":"21 Feb","yday":52,"tier":"day","major":false},"geometry":{"type":"MultiLineString","coordinates":[[[-82.625,28.539],[-82.575,28.562],[-82.546,28.575],[-82.525,28.585],[-82.475,28.608],[-82.441,28.625],[-82.425,28.633],[-82.375,28.658],[-82.341,28.675],[-82.325,28.684],[-82.275,28.711],[-82.25,28.725],[-82.225,28.739],[-82.175,28.769],[-82.165,28.775],[-82.125,28.799],[-82.082,28.825],[-82.075,28.829],[-82.025,28.858],[-81.995,28.875],[-81.975,28.886],[-81.925,28.912],[-81.898,28.925],[-81.875,28.936],[-81.825,28.958],[-81.782,28.975],[-81.775,28.978],[-81.725,28.996],[-81.675,29.012],[-81.628,29.025],[-81.625,29.026],[-81.575,29.038],[-81.525,29.049],[-81.475,29.059],[-81.425,29.067],[-81.375,29.073],[-81.357,29.075],[-81.325,29.078],[-81.275,29.082],[-81.225,29.085],[-81.175,29.087],[-81.125,29.089],[-81.075,29.09],[-81.025,29.09],[-80.975,29.09]]]}},{"type":"Feature","properties":{"date":"2021-02-22","label":"22 Feb","yday":53,"tier":"day","major":false},"geometry":{"type":"MultiLineString","coordinates":[[[-82.625,28.68],[-82.575,28.704],[-82.531,28.725],[-82.525,28.728],[-82.475,28.752],[-82.429,28.775],[-82.425,28.777],[-82.375,28.804],[-82.336,28.825],[-82.325,28.831],[-82.275,28.861],[-82.253,28.875],[-82.225,28.892],[-82.175,28.923],[-82.172,28.925],[-82.125,28.953],[-82.087,28.975],[-82.075,28.981],[-82.025,29.008],[-81.991,29.025],[-81.975,29.033],[-81.925,29.056],[-81.879,29.075],[-81.875,29.077],[-81.825,29.096],[-81.775,29.114],[-81.739,29.125],[-81.725,29.129],[-81.675,29.144],[-81.625,29.156],[-81.575,29.167],[-81.534,29.175],[-81.525,29.177],[-81.475,29.185],[-81.425,29.192],[-81.375,29.197],[-81.325,29.201],[-81.275,29.204],[-81.225,29.207],[-81.175,29.208],[-81.125,29.21],[-81.075,29.211],[-81.025,29.212],[-81.012,29.212]]]}},{"type":"Feature","properties":{"date":"2021-02-23","label":"23 Feb","yday":54,"tier":"day","major":false},"geometry":{"type":"MultiLineString","coordinates":[[[-82.625,28.824],[-82.622,28.825],[-82.575,28.849],[-82.525,28.875],[-82.524,28.875],[-82.475,28.902],[-82.433,28.925],[-82.425,28.929],[-82.375,28.959],[-82.348,28.975],[-82.325,28.989],[-82.275,29.019],[-82.265,29.025],[-82.225,29.048],[-82.179,29.075],[-82.175,29.077],[-82.125,29.104],[-82.083,29.125],[-82.075,29.129],[-82.025,29.152],[-81.975,29.174],[-81.973,29.175],[-81.925,29.194],[-81.875,29.213],[-81.841,29.225],[-81.825,29.231],[-81.775,29.247],[-81.725,29.261],[-81.675,29.274],[-81.671,29.275],[-81.625,29.286],[-81.575,29.296],[-81.525,29.304],[-81.475,29.312],[-81.425,29.318],[-81.375,29.323],[-81.341,29.325],[-81.325,29.326],[-81.275,29.329],[-81.225,29.331],[-81.175,29.332],[-81.125,29.333],[-81.075,29.335]]]}},{"type":"Feature","properties":{"date":"2021-02-24","label":"24 Feb","yday":55,"tier":"five","major":false},"geometry":{"type":"MultiLineString","coordinates":[[[-82.687,28.937],[-82.675,28.943],[-82.625,28.97],[-82.615,28.975],[-82.575,28.997],[-82.525,29.025],[-82.525,29.025],[-82.475,29.053],[-82.438,29.075],[-82.425,29.082],[-82.375,29.112],[-82.352,29.125],[-82.325,29.141],[-82.275,29.169],[-82.265,29.175],[-82.225,29.196],[-82.175,29.221],[-82.168,29.225],[-82.125,29.245],[-82.075,29.268],[-82.058,29.275],[-82.025,29.289],[-81.975,29.31],[-81.935,29.325],[-81.925,29.329],[-81.875,29.346],[-81.825,29.363],[-81.786,29.375],[-81.775,29.378],[-81.725,29.392],[-81.675,29.405],[-81.625,29.416],[-81.577,29.425],[-81.575,29.425],[-81.525,29.434],[-81.475,29.441],[-81.425,29.447],[-81.375,29.452],[-81.325,29.455],[-81.275,29.458],[-81.225,29.461],[-81.175,29.462],[-81.125,29.463]]]}},{"type":"Feature","properties":{"date":"2021-02-25","label":"25 Feb","yday":56,"tier":"day","major":false},"geometry":{"type":"MultiLineString","coordinates":[[[-82.725,29.061],[-82.698,29.075],[-82.675,29.088],[-82.625,29.115],[-82.607,29.125],[-82.575,29.143],[-82.525,29.171],[-82.518,29.175],[-82.475,29.199],[-82.429,29.225],[-82.425,29.227],[-82.375,29.255],[-82.338,29.275],[-82.325,29.282],[-82.275,29.308],[-82.24,29.325],[-82.225,29.333],[-82.175,29.356],[-82.134,29.375],[-82.125,29.379],[-82.075,29.401],[-82.025,29.422],[-82.017,29.425],[-81.975,29.442],[-81.925,29.461],[-81.884,29.475],[-81.875,29.478],[-81.825,29.495],[-81.775,29.51],[-81.725,29.524],[-81.72,29.525],[-81.675,29.536],[-81.625,29.547],[-81.575,29.557],[-81.525,29.565],[-81.475,29.573],[-81.454,29.575],[-81.425,29.578],[-81.375,29.583],[-81.325,29.587],[-81.275,29.59],[-81.225,29.592],[-81.193,29.593]]]}},{"type":"Feature","properties":{"date":"2021-02-26","label":"26 Feb","yday":57,"tier":"day","major":false},"geometry":{"type":"MultiLineString","coordinates":[[[-82.807,29.157],[-82.775,29.174],[-82.773,29.175],[-82.725,29.201],[-82.681,29.225],[-82.675,29.228],[-82.625,29.255],[-82.59,29.275],[-82.575,29.283],[-82.525,29.31],[-82.498,29.325],[-82.475,29.337],[-82.425,29.364],[-82.404,29.375],[-82.375,29.39],[-82.325,29.415],[-82.305,29.425],[-82.275,29.44],[-82.225,29.464],[-82.201,29.475],[-82.175,29.487],[-82.125,29.51],[-82.09,29.525],[-82.075,29.532],[-82.025,29.553],[-81.975,29.573],[-81.97,29.575],[-81.925,29.592],[-81.875,29.61],[-81.831,29.625],[-81.825,29.627],[-81.775,29.642],[-81.725,29.656],[-81.675,29.669],[-81.648,29.675],[-81.625,29.68],[-81.575,29.69],[-81.525,29.698],[-81.475,29.705],[-81.425,29.711],[-81.375,29.715],[-81.325,29.719],[-81.275,29.721],[-81.272,29.722]]]}},{"type":"Feature","properties":{"date":"2021-02-27","label":"27 Feb","yday":58,"tier":"day","major":false},"geometry":{"type":"MultiLineString","coordinates":[[[-83.025,29.179],[-83.017,29.183]],[[-82.936,29.225],[-82.925,29.231],[-82.875,29.257],[-82.841,29.275],[-82.825,29.284],[-82.775,29.31],[-82.747,29.325],[-82.725,29.337],[-82.675,29.364],[-82.654,29.375],[-82.625,29.391],[-82.575,29.417],[-82.56,29.425],[-82.525,29.443],[-82.475,29.469],[-82.464,29.475],[-82.425,29.495],[-82.375,29.52],[-82.365,29.525],[-82.325,29.545],[-82.275,29.569],[-82.262,29.575],[-82.225,29.593],[-82.175,29.616],[-82.156,29.625],[-82.125,29.639],[-82.075,29.662],[-82.044,29.675],[-82.025,29.683],[-81.975,29.704],[-81.925,29.724],[-81.921,29.725],[-81.875,29.742],[-81.825,29.759],[-81.775,29.775],[-81.774,29.775],[-81.725,29.789],[-81.675,29.802],[-81.625,29.813],[-81.575,29.822],[-81.556,29.825],[-81.525,29.83],[-81.475,29.836],[-81.425,29.841],[-81.375,29.845],[-81.325,29.848],[-81.299,29.849]]]}},{"type":"Feature","properties":{"date":"2021-02-28","label":"28 Feb","yday":59,"tier":"day","major":false},"geometry":{"type":"MultiLineString","coordinates":[[[-83.082,29.282],[-83.075,29.286],[-83.025,29.312],[-83.0,29.325],[-82.975,29.338],[-82.925,29.364],[-82.904,29.375],[-82.875,29.39],[-82.825,29.416],[-82.809,29.425],[-82.775,29.443],[-82.725,29.469],[-82.714,29.475],[-82.675,29.495],[-82.625,29.521],[-82.618,29.525],[-82.575,29.547],[-82.525,29.573],[-82.521,29.575],[-82.475,29.598],[-82.425,29.623],[-82.421,29.625],[-82.375,29.648],[-82.325,29.672],[-82.319,29.675],[-82.275,29.696],[-82.225,29.721],[-82.216,29.725],[-82.175,29.745],[-82.125,29.768],[-82.11,29.775],[-82.075,29.791],[-82.025,29.813],[-81.996,29.825],[-81.975,29.834],[-81.925,29.854],[-81.875,29.873],[-81.868,29.875],[-81.825,29.89],[-81.775,29.905],[-81.725,29.92],[-81.704,29.925],[-81.675,29.932],[-81.625,29.943],[-81.575,29.952],[-81.525,29.959],[-81.475,29.965],[-81.425,29.969],[-81.375,29.972],[-81.325,29.974]]]}},{"type":"Feature","properties":{"date":"2021-03-01","label":"1 Mar","yday":60,"tier":"index","major":true},"geometry":{"type":"MultiLineString","coordinates":[[[-83.169,29.369],[-83.158,29.375],[-83.125,29.392],[-83.075,29.417],[-83.06,29.425],[-83.025,29.443],[-82.975,29.468],[-82.962,29.475],[-82.925,29.494],[-82.875,29.52],[-82.866,29.525],[-82.825,29.546],[-82.775,29.572],[-82.769,29.575],[-82.725,29.598],[-82.675,29.624],[-82.672,29.625],[-82.625,29.649],[-82.575,29.675],[-82.574,29.675],[-82.525,29.7],[-82.475,29.725],[-82.474,29.725],[-82.425,29.75],[-82.375,29.774],[-82.374,29.775],[-82.325,29.799],[-82.275,29.824],[-82.272,29.825],[-82.225,29.848],[-82.175,29.872],[-82.168,29.875],[-82.125,29.895],[-82.075,29.918],[-82.059,29.925],[-82.025,29.94],[-81.975,29.961],[-81.939,29.975],[-81.925,29.98],[-81.875,29.999],[-81.825,30.016],[-81.796,30.025],[-81.775,30.031],[-81.725,30.045],[-81.675,30.057],[-81.625,30.067],[-81.581,30.075],[-81.575,30.076],[-81.525,30.083],[-81.475,30.088],[-81.425,30.092],[-81.375,30.095]]]}},{"type":"Feature","properties":{"date":"2021-03-02","label":"2 Mar","yday":61,"tier":"day","major":false},"geometry":{"type":"MultiLineString","coordinates":[[[-83.255,29.455],[-83.225,29.47],[-83.216,29.475],[-83.175,29.495],[-83.125,29.521],[-83.116,29.525],[-83.075,29.546],[-83.025,29.571],[-83.018,29.575],[-82.975,29.597],[-82.925,29.622],[-82.92,29.625],[-82.875,29.648],[-82.825,29.673],[-82.822,29.675],[-82.775,29.699],[-82.725,29.724],[-82.723,29.725],[-82.675,29.749],[-82.625,29.775],[-82.624,29.775],[-82.575,29.8],[-82.525,29.825],[-82.524,29.825],[-82.475,29.849],[-82.425,29.874],[-82.423,29.875],[-82.375,29.899],[-82.325,29.923],[-82.321,29.925],[-82.275,29.947],[-82.225,29.971],[-82.217,29.975],[-82.175,29.994],[-82.125,30.017],[-82.107,30.025],[-82.075,30.039],[-82.025,30.06],[-81.989,30.075],[-81.975,30.081],[-81.925,30.1],[-81.875,30.117],[-81.852,30.125],[-81.825,30.133],[-81.775,30.148],[-81.725,30.161],[-81.675,30.172],[-81.661,30.175],[-81.625,30.182],[-81.575,30.19],[-81.525,30.197],[-81.475,30.203],[-81.425,30.206],[-81.375,30.209]]]}},{"type":"Feature","properties":{"date":"2021-03-03","label":"3 Mar","yday":62,"tier":"day","major":false},"geometry":{"type":"MultiLineString","coordinates":[[[-83.374,29.525],[-83.325,29.549],[-83.275,29.574],[-83.272,29.575],[-83.225,29.598],[-83.175,29.623],[-83.171,29.625],[-83.125,29.648],[-83.075,29.673],[-83.071,29.675],[-83.025,29.698],[-82.975,29.723],[-82.971,29.725],[-82.925,29.748],[-82.875,29.773],[-82.871,29.775],[-82.825,29.798],[-82.775,29.823],[-82.771,29.825],[-82.725,29.848],[-82.675,29.873],[-82.67,29.875],[-82.625,29.897],[-82.575,29.922],[-82.569,29.925],[-82.525,29.946],[-82.475,29.971],[-82.466,29.975],[-82.425,29.995],[-82.375,30.019],[-82.362,30.025],[-82.325,30.042],[-82.275,30.065],[-82.254,30.075],[-82.225,30.088],[-82.175,30.11],[-82.141,30.125],[-82.125,30.132],[-82.075,30.152],[-82.025,30.172],[-82.017,30.175],[-81.975,30.191],[-81.925,30.208],[-81.875,30.225],[-81.874,30.225],[-81.825,30.239],[-81.775,30.251],[-81.725,30.263],[-81.675,30.274],[-81.671,30.275],[-81.625,30.284],[-81.575,30.292],[-81.525,30.3],[-81.475,30.306],[-81.425,30.31]]]}},{"type":"Feature","properties":{"date":"2021-03-04","label":"4 Mar","yday":63,"tier":"day","major":false},"geometry":{"type":"MultiLineString","coordinates":[[[-83.393,29.643],[-83.375,29.652],[-83.328,29.675],[-83.325,29.676],[-83.275,29.7],[-83.225,29.725],[-83.224,29.725],[-83.175,29.749],[-83.125,29.774],[-83.122,29.775],[-83.075,29.798],[-83.025,29.823],[-83.02,29.825],[-82.975,29.847],[-82.925,29.872],[-82.918,29.875],[-82.875,29.896],[-82.825,29.92],[-82.816,29.925],[-82.775,29.945],[-82.725,29.969],[-82.713,29.975],[-82.675,29.993],[-82.625,30.017],[-82.608,30.025],[-82.575,30.041],[-82.525,30.064],[-82.502,30.075],[-82.475,30.088],[-82.425,30.111],[-82.393,30.125],[-82.375,30.133],[-82.325,30.155],[-82.28,30.175],[-82.275,30.177],[-82.225,30.198],[-82.175,30.218],[-82.158,30.225],[-82.125,30.238],[-82.075,30.256],[-82.025,30.274],[-82.023,30.275],[-81.975,30.291],[-81.925,30.306],[-81.875,30.32],[-81.855,30.325],[-81.825,30.332],[-81.775,30.344],[-81.725,30.354],[-81.675,30.365],[-81.625,30.374],[-81.622,30.375],[-81.575,30.383],[-81.525,30.391],[-81.475,30.397],[-81.425,30.402]]]}},{"type":"Feature","properties":{"date":"2021-03-05","label":"5 Mar","yday":64,"tier":"day","major":false},"geometry":{"type":"MultiLineString","coordinates":[[[-83.49,29.725],[-83.475,29.732],[-83.425,29.755],[-83.383,29.775],[-83.375,29.779],[-83.325,29.803],[-83.278,29.825],[-83.275,29.826],[-83.225,29.85],[-83.175,29.874],[-83.173,29.875],[-83.125,29.898],[-83.075,29.922],[-83.068,29.925],[-83.025,29.946],[-82.975,29.969],[-82.963,29.975],[-82.925,29.993],[-82.875,30.017],[-82.858,30.025],[-82.825,30.04],[-82.775,30.064],[-82.751,30.075],[-82.725,30.087],[-82.675,30.11],[-82.643,30.125],[-82.625,30.133],[-82.575,30.156],[-82.532,30.175],[-82.525,30.178],[-82.475,30.2],[-82.425,30.221],[-82.417,30.225],[-82.375,30.242],[-82.325,30.263],[-82.294,30.275],[-82.275,30.283],[-82.225,30.302],[-82.175,30.32],[-82.161,30.325],[-82.125,30.337],[-82.075,30.354],[-82.025,30.369],[-82.005,30.375],[-81.975,30.384],[-81.925,30.397],[-81.875,30.409],[-81.825,30.42],[-81.801,30.425],[-81.775,30.43],[-81.725,30.44],[-81.675,30.449],[-81.625,30.459],[-81.575,30.468],[-81.528,30.475],[-81.525,30.475],[-81.475,30.482]]]}},{"type":"Feature","properties":{"date":"2021-03-06","label":"6 Mar","yday":65,"tier":"five","major":false},"geometry":{"type":"MultiLineString","coordinates":[[[-83.575,29.814],[-83.55,29.825],[-83.525,29.836],[-83.475,29.859],[-83.441,29.875],[-83.425,29.882],[-83.375,29.905],[-83.332,29.925],[-83.325,29.928],[-83.275,29.951],[-83.225,29.975],[-83.224,29.975],[-83.175,29.998],[-83.125,30.021],[-83.116,30.025],[-83.075,30.044],[-83.025,30.067],[-83.008,30.075],[-82.975,30.09],[-82.925,30.113],[-82.899,30.125],[-82.875,30.136],[-82.825,30.158],[-82.788,30.175],[-82.775,30.181],[-82.725,30.203],[-82.675,30.225],[-82.674,30.225],[-82.625,30.246],[-82.575,30.267],[-82.556,30.275],[-82.525,30.288],[-82.475,30.308],[-82.433,30.325],[-82.425,30.328],[-82.375,30.347],[-82.325,30.366],[-82.299,30.375],[-82.275,30.384],[-82.225,30.401],[-82.175,30.417],[-82.15,30.425],[-82.125,30.433],[-82.075,30.447],[-82.025,30.461],[-81.975,30.473],[-81.968,30.475],[-81.925,30.485],[-81.875,30.496],[-81.825,30.506],[-81.775,30.515],[-81.725,30.524],[-81.719,30.525],[-81.675,30.533],[-81.625,30.542],[-81.575,30.55],[-81.525,30.558],[-81.51,30.56]]]}},{"type":"Feature","properties":{"date":"2021-03-07","label":"7 Mar","yday":66,"tier":"day","major":false},"geometry":{"type":"MultiLineString","coordinates":[[[-83.657,29.907],[-83.625,29.92],[-83.614,29.925],[-83.575,29.942],[-83.525,29.964],[-83.501,29.975],[-83.475,29.987],[-83.425,30.009],[-83.389,30.025],[-83.375,30.031],[-83.325,30.054],[-83.277,30.075],[-83.275,30.076],[-83.225,30.098],[-83.175,30.121],[-83.165,30.125],[-83.125,30.143],[-83.075,30.165],[-83.053,30.175],[-83.025,30.187],[-82.975,30.209],[-82.939,30.225],[-82.925,30.231],[-82.875,30.253],[-82.825,30.274],[-82.823,30.275],[-82.775,30.295],[-82.725,30.316],[-82.703,30.325],[-82.675,30.336],[-82.625,30.356],[-82.577,30.375],[-82.575,30.376],[-82.525,30.395],[-82.475,30.414],[-82.444,30.425],[-82.425,30.432],[-82.375,30.449],[-82.325,30.466],[-82.297,30.475],[-82.275,30.482],[-82.225,30.497],[-82.175,30.512],[-82.128,30.525],[-82.125,30.526],[-82.075,30.539],[-82.025,30.551],[-81.975,30.562],[-81.925,30.573],[-81.914,30.575],[-81.875,30.583],[-81.825,30.592],[-81.775,30.601],[-81.725,30.61],[-81.675,30.618],[-81.632,30.625],[-81.625,30.626],[-81.575,30.634],[-81.525,30.641],[-81.475,30.647]]]}},{"type":"Feature","properties":{"date":"2021-03-08","label":"8 Mar","yday":67,"tier":"day","major":false},"geometry":{"type":"MultiLineString","coordinates":[[[-83.783,29.983],[-83.775,29.987],[-83.725,30.008],[-83.684,30.025],[-83.675,30.029],[-83.625,30.05],[-83.575,30.072],[-83.567,30.075],[-83.525,30.093],[-83.475,30.114],[-83.451,30.125],[-83.425,30.136],[-83.375,30.158],[-83.335,30.175],[-83.325,30.179],[-83.275,30.201],[-83.225,30.222],[-83.218,30.225],[-83.175,30.243],[-83.125,30.265],[-83.101,30.275],[-83.075,30.286],[-83.025,30.307],[-82.981,30.325],[-82.975,30.328],[-82.925,30.348],[-82.875,30.368],[-82.858,30.375],[-82.825,30.388],[-82.775,30.408],[-82.731,30.425],[-82.725,30.427],[-82.675,30.446],[-82.625,30.465],[-82.596,30.475],[-82.575,30.483],[-82.525,30.5],[-82.475,30.517],[-82.451,30.525],[-82.425,30.534],[-82.375,30.549],[-82.325,30.565],[-82.289,30.575],[-82.275,30.579],[-82.225,30.593],[-82.175,30.606],[-82.125,30.618],[-82.097,30.625],[-82.075,30.63],[-82.025,30.641],[-81.975,30.652],[-81.925,30.662],[-81.875,30.671],[-81.851,30.675],[-81.825,30.68],[-81.775,30.688],[-81.725,30.696],[-81.675,30.704],[-81.625,30.711],[-81.575,30.718],[-81.525,30.725],[-81.525,30.725]]]}},{"type":"Feature","properties":{"date":"2021-03-09","label":"9 Mar","yday":68,"tier":"day","major":false},"geometry":{"type":"MultiLineString","coordinates":[[[-83.915,30.065],[-83.889,30.075],[-83.875,30.081],[-83.825,30.101],[-83.775,30.121],[-83.765,30.125],[-83.725,30.141],[-83.675,30.161],[-83.642,30.175],[-83.625,30.182],[-83.575,30.202],[-83.525,30.223],[-83.52,30.225],[-83.475,30.244],[-83.425,30.264],[-83.399,30.275],[-83.375,30.285],[-83.325,30.305],[-83.277,30.325],[-83.275,30.326],[-83.225,30.346],[-83.175,30.366],[-83.154,30.375],[-83.125,30.387],[-83.075,30.406],[-83.028,30.425],[-83.025,30.426],[-82.975,30.446],[-82.925,30.465],[-82.898,30.475],[-82.875,30.484],[-82.825,30.502],[-82.775,30.52],[-82.762,30.525],[-82.725,30.538],[-82.675,30.555],[-82.625,30.572],[-82.617,30.575],[-82.575,30.589],[-82.525,30.605],[-82.475,30.62],[-82.459,30.625],[-82.425,30.635],[-82.375,30.649],[-82.325,30.663],[-82.28,30.675],[-82.275,30.676],[-82.225,30.689],[-82.175,30.701],[-82.125,30.712],[-82.075,30.723],[-82.064,30.725],[-82.025,30.733],[-81.975,30.743],[-81.925,30.752],[-81.875,30.76],[-81.825,30.768],[-81.783,30.775],[-81.775,30.776],[-81.725,30.784],[-81.675,30.791],[-81.625,30.798],[-81.575,30.804],[-81.525,30.81],[-81.485,30.815]]]}},{"type":"Feature","properties":{"date":"2021-03-10","label":"10 Mar","yday":69,"tier":"day","major":false},"geometry":{"type":"MultiLineString","coordinates":[[[-94.599,29.775],[-94.575,29.767],[-94.525,29.751],[-94.475,29.735],[-94.441,29.725],[-94.429,29.721]],[[-85.275,29.781],[-85.225,29.792],[-85.175,29.803],[-85.125,29.814],[-85.082,29.825],[-85.075,29.827],[-85.025,29.839],[-84.975,29.853],[-84.925,29.867],[-84.895,29.875],[-84.875,29.881],[-84.825,29.895],[-84.775,29.91],[-84.726,29.925],[-84.725,29.925],[-84.675,29.941],[-84.625,29.957],[-84.575,29.972],[-84.567,29.975],[-84.525,29.989],[-84.475,30.005],[-84.43,30.02]],[[-84.422,30.022],[-84.414,30.025],[-84.375,30.038],[-84.355,30.045]],[[-84.199,30.099],[-84.175,30.108],[-84.127,30.125],[-84.125,30.126],[-84.075,30.144],[-84.025,30.163],[-83.992,30.175],[-83.975,30.181],[-83.925,30.2],[-83.875,30.219],[-83.86,30.225],[-83.825,30.238],[-83.775,30.258],[-83.73,30.275],[-83.725,30.277],[-83.675,30.297],[-83.625,30.316],[-83.602,30.325],[-83.575,30.336],[-83.525,30.355],[-83.475,30.375],[-83.474,30.375],[-83.425,30.394],[-83.375,30.414],[-83.346,30.425],[-83.325,30.433],[-83.275,30.452],[-83.225,30.472],[-83.216,30.475],[-83.175,30.491],[-83.125,30.509],[-83.083,30.525],[-83.075,30.528],[-83.025,30.546],[-82.975,30.564],[-82.945,30.575],[-82.925,30.582],[-82.875,30.599],[-82.825,30.616],[-82.799,30.625],[-82.775,30.633],[-82.725,30.649],[-82.675,30.665],[-82.643,30.675],[-82.625,30.681],[-82.575,30.696],[-82.525,30.71],[-82.475,30.724],[-82.471,30.725],[-82.425,30.738],[-82.375,30.751],[-82.325,30.763],[-82.275,30.775],[-82.275,30.775],[-82.225,30.786],[-82.175,30.797],[-82.125,30.808],[-82.075,30.817],[-82.034,30.825],[-82.025,30.827],[-81.975,30.836],[-81.925,30.844],[-81.875,30.852],[-81.825,30.859],[-81.775,30.867],[-81.725,30.873],[-81.711,30.875],[-81.675,30.88],[-81.625,30.886],[-81.575,30.892],[-81.525,30.897],[-81.5,30.9]]]}},{"type":"Feature","properties":{"date":"2021-03-11","label":"11 Mar","yday":70,"tier":"five","major":false},"geometry":{"type":"MultiLineString","coordinates":[[[-85.376,29.926],[-85.375,29.926],[-85.325,29.937],[-85.275,29.947],[-85.225,29.958],[-85.175,29.969],[-85.148,29.975],[-85.125,29.98],[-85.075,29.992],[-85.025,30.005],[-84.975,30.018],[-84.946,30.025],[-84.925,30.031],[-84.875,30.044],[-84.825,30.058],[-84.775,30.072],[-84.764,30.075],[-84.725,30.086],[-84.675,30.101],[-84.625,30.115],[-84.592,30.125],[-84.575,30.13],[-84.525,30.145],[-84.475,30.16],[-84.426,30.175],[-84.425,30.175],[-84.375,30.191],[-84.325,30.207],[-84.275,30.223],[-84.27,30.225],[-84.225,30.24],[-84.175,30.257],[-84.125,30.274],[-84.122,30.275],[-84.075,30.292],[-84.025,30.309],[-83.98,30.325],[-83.975,30.327],[-83.925,30.345],[-83.875,30.363],[-83.841,30.375],[-83.825,30.381],[-83.775,30.399],[-83.725,30.417],[-83.704,30.425],[-83.675,30.435],[-83.625,30.454],[-83.575,30.472],[-83.567,30.475],[-83.525,30.491],[-83.475,30.509],[-83.431,30.525],[-83.425,30.527],[-83.375,30.546],[-83.325,30.564],[-83.293,30.575],[-83.275,30.582],[-83.225,30.599],[-83.175,30.617],[-83.152,30.625],[-83.125,30.634],[-83.075,30.651],[-83.025,30.668],[-83.004,30.675],[-82.975,30.685],[-82.925,30.701],[-82.875,30.717],[-82.848,30.725],[-82.825,30.732],[-82.775,30.747],[-82.725,30.762],[-82.68,30.775],[-82.675,30.776],[-82.625,30.79],[-82.575,30.804],[-82.525,30.817],[-82.494,30.825],[-82.475,30.83],[-82.425,30.842],[-82.375,30.854],[-82.325,30.865],[-82.28,30.875],[-82.275,30.876],[-82.225,30.887],[-82.175,30.897],[-82.125,30.906],[-82.075,30.915],[-82.025,30.924],[-82.016,30.925],[-81.975,30.932],[-81.925,30.939],[-81.875,30.947],[-81.825,30.954],[-81.775,30.96],[-81.725,30.966],[-81.675,30.972],[-81.644,30.975],[-81.625,30.977],[-81.575,30.982],[-81.525,30.988],[-81.511,30.989]]]}},{"type":"Feature","properties":{"date":"2021-03-12","label":"12 Mar","yday":71,"tier":"day","major":false},"geometry":{"type":"MultiLineString","coordinates":[[[-85.475,30.083],[-85.425,30.092],[-85.375,30.102],[-85.325,30.113],[-85.275,30.123],[-85.267,30.125],[-85.225,30.134],[-85.175,30.146],[-85.125,30.157],[-85.075,30.169],[-85.051,30.175],[-85.025,30.181],[-84.975,30.194],[-84.925,30.207],[-84.875,30.219],[-84.853,30.225],[-84.825,30.232],[-84.775,30.245],[-84.725,30.258],[-84.675,30.272],[-84.662,30.275],[-84.625,30.285],[-84.575,30.299],[-84.525,30.312],[-84.477,30.325],[-84.475,30.326],[-84.425,30.34],[-84.375,30.354],[-84.325,30.369],[-84.304,30.375],[-84.275,30.384],[-84.225,30.4],[-84.175,30.415],[-84.145,30.425],[-84.125,30.431],[-84.075,30.448],[-84.025,30.464],[-83.99,30.475],[-83.975,30.48],[-83.925,30.496],[-83.875,30.513],[-83.838,30.525],[-83.825,30.529],[-83.775,30.546],[-83.725,30.563],[-83.689,30.575],[-83.675,30.58],[-83.625,30.597],[-83.575,30.614],[-83.542,30.625],[-83.525,30.631],[-83.475,30.648],[-83.425,30.665],[-83.395,30.675],[-83.375,30.682],[-83.325,30.698],[-83.275,30.715],[-83.243,30.725],[-83.225,30.731],[-83.175,30.747],[-83.125,30.763],[-83.085,30.775],[-83.075,30.778],[-83.025,30.793],[-82.975,30.808],[-82.925,30.823],[-82.917,30.825],[-82.875,30.837],[-82.825,30.851],[-82.775,30.865],[-82.736,30.875],[-82.725,30.878],[-82.675,30.891],[-82.625,30.903],[-82.575,30.916],[-82.535,30.925],[-82.525,30.927],[-82.475,30.939],[-82.425,30.95],[-82.375,30.961],[-82.325,30.971],[-82.305,30.975],[-82.275,30.981],[-82.225,30.991],[-82.175,31.0],[-82.125,31.009],[-82.075,31.017],[-82.025,31.025],[-82.025,31.025],[-81.975,31.032],[-81.925,31.04],[-81.875,31.046],[-81.825,31.052],[-81.775,31.058],[-81.725,31.063],[-81.675,31.068],[-81.625,31.073],[-81.602,31.075],[-81.575,31.078],[-81.525,31.082],[-81.486,31.086]],[[-94.375,30.216],[-94.325,30.206],[-94.275,30.196],[-94.225,30.187],[-94.175,30.177],[-94.164,30.175],[-94.125,30.168],[-94.075,30.158],[-94.025,30.149],[-93.975,30.141],[-93.962,30.138]],[[-94.782,30.282],[-94.775,30.281],[-94.731,30.275],[-94.725,30.274],[-94.675,30.267]]]}},{"type":"Feature","properties":{"date":"2021-03-13","label":"13 Mar","yday":72,"tier":"day","major":false},"geometry":{"type":"MultiLineString","coordinates":[[[-85.804,30.204],[-85.775,30.208]],[[-85.634,30.234],[-85.625,30.236],[-85.575,30.247],[-85.525,30.257],[-85.475,30.269],[-85.446,30.275],[-85.425,30.28],[-85.375,30.291],[-85.325,30.303],[-85.275,30.315],[-85.232,30.325],[-85.225,30.327],[-85.175,30.339],[-85.125,30.351],[-85.075,30.363],[-85.025,30.375],[-85.025,30.375],[-84.975,30.387],[-84.925,30.399],[-84.875,30.412],[-84.825,30.424],[-84.819,30.425],[-84.775,30.436],[-84.725,30.448],[-84.675,30.46],[-84.625,30.472],[-84.612,30.475],[-84.575,30.484],[-84.525,30.496],[-84.475,30.509],[-84.425,30.521],[-84.41,30.525],[-84.375,30.534],[-84.325,30.547],[-84.275,30.561],[-84.225,30.574],[-84.222,30.575],[-84.175,30.588],[-84.125,30.602],[-84.075,30.615],[-84.04,30.625],[-84.025,30.629],[-83.975,30.643],[-83.925,30.657],[-83.875,30.672],[-83.863,30.675],[-83.825,30.686],[-83.775,30.701],[-83.725,30.716],[-83.697,30.725],[-83.675,30.732],[-83.625,30.748],[-83.575,30.763],[-83.536,30.775],[-83.525,30.779],[-83.475,30.794],[-83.425,30.809],[-83.375,30.824],[-83.372,30.825],[-83.325,30.839],[-83.275,30.854],[-83.225,30.868],[-83.2,30.875],[-83.175,30.882],[-83.125,30.896],[-83.075,30.91],[-83.025,30.923],[-83.019,30.925],[-82.975,30.937],[-82.925,30.95],[-82.875,30.962],[-82.825,30.974],[-82.823,30.975],[-82.775,30.987],[-82.725,30.998],[-82.675,31.01],[-82.625,31.021],[-82.606,31.025],[-82.575,31.032],[-82.525,31.042],[-82.475,31.053],[-82.425,31.063],[-82.375,31.072],[-82.362,31.075],[-82.325,31.082],[-82.275,31.092],[-82.225,31.101],[-82.175,31.109],[-82.125,31.117],[-82.076,31.125],[-82.075,31.125],[-82.025,31.133],[-81.975,31.14],[-81.925,31.146],[-81.875,31.152],[-81.825,31.158],[-81.775,31.163],[-81.725,31.168],[-81.675,31.172],[-81.636,31.175],[-81.625,31.176],[-81.575,31.18],[-81.525,31.184],[-81.475,31.189],[-81.46,31.19]],[[-93.699,30.349],[-93.675,30.344],[-93.625,30.333],[-93.59,30.325],[-93.575,30.322],[-93.525,30.309],[-93.475,30.297],[-93.425,30.284],[-93.394,30.275],[-93.375,30.27],[-93.325,30.255],[-93.275,30.24],[-93.227,30.225]],[[-94.752,30.475],[-94.725,30.473],[-94.723,30.473]],[[-94.475,30.456],[-94.425,30.451],[-94.375,30.447],[-94.325,30.442],[-94.275,30.437],[-94.225,30.431],[-94.175,30.425],[-94.171,30.425],[-94.125,30.419],[-94.075,30.412],[-94.025,30.405],[-93.975,30.398],[-93.925,30.39],[-93.875,30.382],[-93.835,30.375],[-93.825,30.373],[-93.784,30.366]],[[-81.397,31.197],[-81.375,31.199],[-81.347,31.203]]]}},{"type":"Feature","properties":{"date":"2021-03-14","label":"14 Mar","yday":73,"tier":"day","major":false},"geometry":{"type":"MultiLineString","coordinates":[[[-87.733,30.283],[-87.725,30.285],[-87.675,30.294],[-87.625,30.302],[-87.592,30.308]],[[-89.987,30.337],[-89.975,30.336],[-89.925,30.33],[-89.886,30.325],[-89.875,30.323],[-89.825,30.316],[-89.775,30.307],[-89.725,30.298],[-89.675,30.288],[-89.625,30.278],[-89.611,30.275],[-89.575,30.267],[-89.525,30.257],[-89.475,30.246],[-89.425,30.236]],[[-87.486,30.325],[-87.475,30.327],[-87.433,30.333]],[[-87.414,30.336],[-87.375,30.341],[-87.325,30.347],[-87.275,30.352],[-87.253,30.353]],[[-86.172,30.372],[-86.126,30.375]],[[-86.125,30.375],[-86.075,30.378],[-86.025,30.382],[-85.975,30.386],[-85.925,30.391],[-85.875,30.397],[-85.825,30.403],[-85.775,30.412],[-85.725,30.422],[-85.712,30.425],[-85.675,30.434],[-85.625,30.446],[-85.575,30.458],[-85.525,30.471],[-85.509,30.475],[-85.475,30.484],[-85.425,30.497],[-85.375,30.509],[-85.325,30.522],[-85.312,30.525],[-85.275,30.534],[-85.225,30.547],[-85.175,30.559],[-85.125,30.571],[-85.107,30.575],[-85.075,30.583],[-85.025,30.595],[-84.975,30.606],[-84.925,30.617],[-84.891,30.625],[-84.875,30.629],[-84.825,30.64],[-84.775,30.651],[-84.725,30.662],[-84.675,30.672],[-84.663,30.675],[-84.625,30.683],[-84.575,30.694],[-84.525,30.704],[-84.475,30.715],[-84.426,30.725],[-84.425,30.725],[-84.375,30.736],[-84.325,30.746],[-84.275,30.757],[-84.225,30.767],[-84.188,30.775],[-84.175,30.778],[-84.125,30.788],[-84.075,30.799],[-84.025,30.809],[-83.975,30.82],[-83.952,30.825],[-83.925,30.831],[-83.875,30.843],[-83.825,30.856],[-83.775,30.869],[-83.753,30.875],[-83.725,30.883],[-83.675,30.897],[-83.625,30.91],[-83.575,30.924],[-83.571,30.925],[-83.525,30.938],[-83.475,30.951],[-83.425,30.964],[-83.381,30.975],[-83.375,30.976],[-83.325,30.989],[-83.275,31.001],[-83.225,31.014],[-83.177,31.025],[-83.175,31.026],[-83.125,31.038],[-83.075,31.049],[-83.025,31.061],[-82.975,31.072],[-82.962,31.075],[-82.925,31.083],[-82.875,31.094],[-82.825,31.105],[-82.775,31.115],[-82.725,31.125],[-82.725,31.125],[-82.675,31.135],[-82.625,31.145],[-82.575,31.155],[-82.525,31.164],[-82.475,31.173],[-82.465,31.175],[-82.425,31.183],[-82.375,31.192],[-82.325,31.201],[-82.275,31.21],[-82.225,31.218],[-82.186,31.225],[-82.175,31.227],[-82.125,31.235],[-82.075,31.243],[-82.025,31.25],[-81.975,31.257],[-81.925,31.263],[-81.875,31.268],[-81.825,31.273],[-81.808,31.275],[-81.775,31.278],[-81.725,31.283],[-81.675,31.287],[-81.625,31.291],[-81.575,31.295],[-81.525,31.299],[-81.475,31.303],[-81.425,31.309],[-81.411,31.311]],[[-94.703,30.653],[-94.675,30.653],[-94.625,30.653],[-94.575,30.653],[-94.525,30.652],[-94.475,30.652],[-94.425,30.651],[-94.375,30.65],[-94.325,30.649],[-94.275,30.648],[-94.225,30.646],[-94.175,30.643],[-94.125,30.64],[-94.075,30.636],[-94.025,30.631],[-93.975,30.626],[-93.967,30.625],[-93.925,30.62],[-93.875,30.613],[-93.825,30.605],[-93.775,30.596],[-93.725,30.587],[-93.675,30.577],[-93.664,30.575],[-93.625,30.567],[-93.575,30.555],[-93.525,30.544],[-93.475,30.531],[-93.45,30.525],[-93.425,30.518],[-93.375,30.505],[-93.325,30.491],[-93.275,30.477],[-93.269,30.475],[-93.225,30.462],[-93.175,30.447],[-93.125,30.433],[-93.098,30.425],[-93.075,30.418],[-93.025,30.405],[-92.975,30.391],[-92.925,30.379],[-92.909,30.375],[-92.875,30.367],[-92.825,30.356],[-92.775,30.346],[-92.725,30.336],[-92.675,30.327],[-92.661,30.325]]]}},{"type":"Feature","properties":{"date":"2021-03-15","label":"15 Mar","yday":74,"tier":"day","major":false},"geometry":{"type":"MultiLineString","coordinates":[[[-88.56,30.375],[-88.525,30.378],[-88.475,30.382],[-88.425,30.387],[-88.412,30.388]],[[-88.256,30.406],[-88.225,30.411],[-88.175,30.418],[-88.128,30.425],[-88.125,30.425]],[[-87.913,30.463],[-87.875,30.471],[-87.855,30.475],[-87.825,30.481],[-87.775,30.491],[-87.725,30.501],[-87.675,30.511],[-87.625,30.521],[-87.604,30.525],[-87.575,30.53],[-87.525,30.54],[-87.475,30.548],[-87.425,30.556],[-87.375,30.563],[-87.325,30.569],[-87.275,30.573],[-87.248,30.575],[-87.225,30.576],[-87.224,30.576]],[[-91.068,30.568],[-91.025,30.569],[-90.975,30.568],[-90.925,30.568],[-90.875,30.567],[-90.825,30.565],[-90.775,30.563],[-90.725,30.561],[-90.675,30.558],[-90.625,30.555],[-90.575,30.552],[-90.525,30.549],[-90.475,30.546],[-90.425,30.543],[-90.375,30.542],[-90.325,30.541],[-90.275,30.54],[-90.225,30.539],[-90.175,30.538],[-90.125,30.536],[-90.075,30.533],[-90.025,30.529],[-89.978,30.525],[-89.975,30.525],[-89.925,30.52],[-89.875,30.514],[-89.825,30.507],[-89.775,30.5],[-89.725,30.492],[-89.675,30.483],[-89.63,30.475],[-89.625,30.474],[-89.575,30.465],[-89.525,30.455],[-89.475,30.445],[-89.425,30.435],[-89.375,30.425],[-89.375,30.425],[-89.325,30.415],[-89.275,30.406],[-89.225,30.397],[-89.175,30.389],[-89.125,30.381],[-89.079,30.375]],[[-87.024,30.574],[-86.975,30.572],[-86.925,30.569],[-86.875,30.567],[-86.825,30.564],[-86.775,30.562],[-86.725,30.561],[-86.675,30.56],[-86.625,30.56],[-86.575,30.561],[-86.525,30.563],[-86.475,30.568],[-86.425,30.574],[-86.414,30.575],[-86.375,30.581],[-86.325,30.588],[-86.275,30.596],[-86.225,30.604],[-86.175,30.611],[-86.125,30.619],[-86.088,30.625],[-86.075,30.627],[-86.025,30.636],[-85.975,30.644],[-85.925,30.653],[-85.875,30.663],[-85.825,30.672],[-85.811,30.675],[-85.775,30.683],[-85.725,30.693],[-85.675,30.704],[-85.625,30.715],[-85.581,30.725],[-85.575,30.726],[-85.525,30.738],[-85.475,30.749],[-85.425,30.76],[-85.375,30.771],[-85.358,30.775],[-85.325,30.782],[-85.275,30.793],[-85.225,30.804],[-85.175,30.814],[-85.125,30.824],[-85.122,30.825],[-85.075,30.835],[-85.025,30.845],[-84.975,30.854],[-84.925,30.864],[-84.875,30.874],[-84.868,30.875],[-84.825,30.883],[-84.775,30.893],[-84.725,30.902],[-84.675,30.911],[-84.625,30.92],[-84.595,30.925],[-84.575,30.929],[-84.525,30.937],[-84.475,30.945],[-84.425,30.953],[-84.375,30.961],[-84.325,30.969],[-84.285,30.975],[-84.275,30.977],[-84.225,30.984],[-84.175,30.992],[-84.125,30.999],[-84.075,31.007],[-84.025,31.014],[-83.975,31.022],[-83.958,31.025],[-83.925,31.031],[-83.875,31.04],[-83.825,31.049],[-83.775,31.06],[-83.725,31.07],[-83.7,31.075],[-83.675,31.08],[-83.625,31.09],[-83.575,31.101],[-83.525,31.111],[-83.475,31.121],[-83.456,31.125],[-83.425,31.131],[-83.375,31.141],[-83.325,31.151],[-83.275,31.161],[-83.225,31.17],[-83.2,31.175],[-83.175,31.18],[-83.125,31.189],[-83.075,31.199],[-83.025,31.208],[-82.975,31.217],[-82.93,31.225],[-82.925,31.226],[-82.875,31.235],[-82.825,31.244],[-82.775,31.253],[-82.725,31.261],[-82.675,31.27],[-82.644,31.275],[-82.625,31.278],[-82.575,31.287],[-82.525,31.296],[-82.475,31.304],[-82.425,31.313],[-82.375,31.322],[-82.357,31.325],[-82.325,31.331],[-82.275,31.34],[-82.225,31.349],[-82.175,31.357],[-82.125,31.365],[-82.075,31.372],[-82.057,31.375],[-82.025,31.38],[-81.975,31.386],[-81.925,31.393],[-81.875,31.399],[-81.825,31.404],[-81.775,31.409],[-81.725,31.414],[-81.675,31.418],[-81.625,31.422],[-81.592,31.425],[-81.575,31.427],[-81.525,31.431],[-81.475,31.436],[-81.425,31.441],[-81.375,31.447],[-81.351,31.449]],[[-87.128,30.578],[-87.125,30.578],[-87.075,30.576],[-87.046,30.575],[-87.026,30.574]],[[-94.81,30.81],[-94.775,30.812],[-94.725,30.814],[-94.675,30.817],[-94.625,30.819],[-94.575,30.821],[-94.525,30.823],[-94.48,30.825],[-94.475,30.825],[-94.425,30.827],[-94.375,30.828],[-94.325,30.83],[-94.275,30.831],[-94.225,30.832],[-94.175,30.832],[-94.125,30.832],[-94.075,30.83],[-94.025,30.828],[-93.975,30.825],[-93.974,30.825],[-93.925,30.821],[-93.875,30.815],[-93.825,30.809],[-93.775,30.803],[-93.725,30.795],[-93.675,30.787],[-93.625,30.779],[-93.604,30.775],[-93.575,30.769],[-93.525,30.76],[-93.475,30.749],[-93.425,30.738],[-93.375,30.727],[-93.368,30.725],[-93.325,30.714],[-93.275,30.702],[-93.225,30.689],[-93.175,30.675],[-93.174,30.675],[-93.125,30.661],[-93.075,30.647],[-93.025,30.633],[-92.998,30.625],[-92.975,30.618],[-92.925,30.604],[-92.875,30.591],[-92.825,30.578],[-92.811,30.575],[-92.775,30.566],[-92.725,30.556],[-92.675,30.546],[-92.625,30.537],[-92.575,30.529],[-92.545,30.525],[-92.525,30.522],[-92.475,30.516]],[[-81.304,31.454],[-81.275,31.457],[-81.239,31.461]]]}},{"type":"Feature","properties":{"date":"2021-03-16","label":"16 Mar","yday":75,"tier":"index","major":true},"geometry":{"type":"MultiLineString","coordinates":[[[-87.928,30.678],[-87.925,30.679],[-87.875,30.69],[-87.825,30.702],[-87.775,30.713],[-87.725,30.724],[-87.722,30.725],[-87.675,30.736],[-87.625,30.747],[-87.575,30.757],[-87.525,30.767],[-87.484,30.775],[-87.475,30.777],[-87.425,30.786],[-87.375,30.794],[-87.325,30.801],[-87.275,30.807],[-87.225,30.812],[-87.175,30.816],[-87.125,30.82],[-87.075,30.823],[-87.036,30.825],[-87.025,30.826],[-86.975,30.829],[-86.925,30.833],[-86.875,30.837],[-86.825,30.841],[-86.775,30.845],[-86.725,30.85],[-86.675,30.855],[-86.625,30.862],[-86.575,30.87],[-86.551,30.875],[-86.525,30.881],[-86.475,30.894],[-86.425,30.909],[-86.375,30.923],[-86.369,30.925],[-86.325,30.938],[-86.275,30.951],[-86.225,30.963],[-86.175,30.973],[-86.166,30.975],[-86.125,30.982],[-86.075,30.99],[-86.025,30.996],[-85.975,31.002],[-85.925,31.007],[-85.875,31.011],[-85.825,31.016],[-85.775,31.021],[-85.727,31.025],[-85.725,31.025],[-85.675,31.03],[-85.625,31.035],[-85.575,31.04],[-85.525,31.045],[-85.475,31.051],[-85.425,31.057],[-85.375,31.063],[-85.325,31.069],[-85.277,31.075],[-85.275,31.075],[-85.225,31.082],[-85.175,31.088],[-85.125,31.095],[-85.075,31.102],[-85.025,31.109],[-84.975,31.116],[-84.925,31.123],[-84.914,31.125],[-84.875,31.131],[-84.825,31.138],[-84.775,31.145],[-84.725,31.153],[-84.675,31.16],[-84.625,31.168],[-84.576,31.175],[-84.575,31.175],[-84.525,31.182],[-84.475,31.189],[-84.425,31.196],[-84.375,31.203],[-84.325,31.21],[-84.275,31.216],[-84.225,31.222],[-84.198,31.225],[-84.175,31.228],[-84.125,31.233],[-84.075,31.238],[-84.025,31.242],[-83.975,31.247],[-83.925,31.252],[-83.875,31.257],[-83.825,31.262],[-83.775,31.267],[-83.725,31.273],[-83.705,31.275],[-83.675,31.278],[-83.625,31.285],[-83.575,31.291],[-83.525,31.297],[-83.475,31.304],[-83.425,31.31],[-83.375,31.317],[-83.325,31.324],[-83.319,31.325],[-83.275,31.331],[-83.225,31.338],[-83.175,31.345],[-83.125,31.352],[-83.075,31.359],[-83.025,31.366],[-82.975,31.373],[-82.964,31.375],[-82.925,31.381],[-82.875,31.388],[-82.825,31.395],[-82.775,31.403],[-82.725,31.41],[-82.675,31.418],[-82.627,31.425],[-82.625,31.425],[-82.575,31.433],[-82.525,31.441],[-82.475,31.45],[-82.425,31.459],[-82.375,31.468],[-82.336,31.475],[-82.325,31.477],[-82.275,31.486],[-82.225,31.496],[-82.175,31.504],[-82.125,31.512],[-82.075,31.52],[-82.04,31.525],[-82.025,31.527],[-81.975,31.534],[-81.925,31.541],[-81.875,31.547],[-81.825,31.553],[-81.775,31.558],[-81.725,31.563],[-81.675,31.568],[-81.625,31.572],[-81.596,31.575],[-81.575,31.577],[-81.525,31.582],[-81.475,31.586],[-81.425,31.59],[-81.375,31.595],[-81.325,31.599],[-81.275,31.602],[-81.254,31.604]],[[-91.23,30.78],[-91.225,30.78],[-91.175,30.783],[-91.125,30.785],[-91.075,30.787],[-91.025,30.788],[-90.975,30.789],[-90.925,30.788],[-90.875,30.788],[-90.825,30.786],[-90.775,30.784],[-90.725,30.782],[-90.675,30.779],[-90.625,30.776],[-90.617,30.775],[-90.575,30.772],[-90.525,30.768],[-90.475,30.765],[-90.425,30.761],[-90.375,30.757],[-90.325,30.753],[-90.275,30.75],[-90.225,30.746],[-90.175,30.742],[-90.125,30.738],[-90.075,30.733],[-90.025,30.728],[-89.995,30.725],[-89.975,30.723],[-89.925,30.717],[-89.875,30.711],[-89.825,30.704],[-89.775,30.697],[-89.725,30.69],[-89.675,30.682],[-89.633,30.675],[-89.625,30.674],[-89.575,30.665],[-89.525,30.657],[-89.475,30.648],[-89.425,30.639],[-89.375,30.63],[-89.346,30.625],[-89.325,30.621],[-89.275,30.613],[-89.225,30.605],[-89.175,30.597],[-89.125,30.59],[-89.075,30.584],[-89.025,30.579],[-88.975,30.576],[-88.964,30.575],[-88.925,30.573],[-88.875,30.571],[-88.825,30.571],[-88.775,30.572],[-88.725,30.573],[-88.684,30.575],[-88.675,30.575],[-88.625,30.578],[-88.575,30.582],[-88.525,30.586],[-88.475,30.59],[-88.425,30.595],[-88.375,30.6],[-88.325,30.606],[-88.275,30.612],[-88.225,30.62],[-88.193,30.625],[-88.175,30.628],[-88.125,30.637],[-88.075,30.647]],[[-95.175,30.926],[-95.125,30.929],[-95.075,30.933],[-95.025,30.936],[-94.975,30.94],[-94.925,30.944],[-94.875,30.948],[-94.825,30.952],[-94.775,30.956],[-94.725,30.961],[-94.675,30.964],[-94.625,30.968],[-94.575,30.972],[-94.535,30.975],[-94.525,30.976],[-94.475,30.979],[-94.425,30.982],[-94.375,30.985],[-94.325,30.988],[-94.275,30.99],[-94.225,30.993],[-94.175,30.994],[-94.125,30.995],[-94.075,30.996],[-94.025,30.996],[-93.975,30.995],[-93.925,30.993],[-93.875,30.99],[-93.825,30.986],[-93.775,30.982],[-93.725,30.978],[-93.7,30.975],[-93.675,30.972],[-93.625,30.966],[-93.575,30.96],[-93.525,30.953],[-93.475,30.946],[-93.425,30.938],[-93.375,30.929],[-93.349,30.925],[-93.325,30.921],[-93.275,30.911],[-93.225,30.901],[-93.175,30.889],[-93.125,30.878],[-93.115,30.875],[-93.075,30.865],[-93.025,30.851],[-92.975,30.837],[-92.935,30.825],[-92.925,30.822],[-92.875,30.807],[-92.825,30.793],[-92.775,30.779],[-92.758,30.775],[-92.725,30.767],[-92.675,30.755],[-92.625,30.746],[-92.575,30.737],[-92.525,30.73],[-92.482,30.725],[-92.475,30.724],[-92.425,30.719],[-92.375,30.715],[-92.325,30.712],[-92.275,30.71],[-92.225,30.709],[-92.175,30.708],[-92.142,30.708]],[[-81.193,31.607],[-81.175,31.608]]]}},{"type":"Feature","properties":{"date":"2021-03-17","label":"17 Mar","yday":76,"tier":"day","major":false},"geometry":{"type":"MultiLineString","coordinates":[[[-91.337,30.987],[-91.325,30.988],[-91.275,30.993],[-91.225,30.997],[-91.175,31.001],[-91.125,31.004],[-91.075,31.007],[-91.025,31.009],[-90.975,31.01],[-90.925,31.011],[-90.875,31.011],[-90.825,31.011],[-90.775,31.01],[-90.725,31.009],[-90.675,31.007],[-90.625,31.004],[-90.575,31.001],[-90.525,30.997],[-90.475,30.993],[-90.425,30.988],[-90.375,30.983],[-90.325,30.977],[-90.308,30.975],[-90.275,30.971],[-90.225,30.965],[-90.175,30.958],[-90.125,30.952],[-90.075,30.945],[-90.025,30.938],[-89.975,30.932],[-89.928,30.925],[-89.925,30.925],[-89.875,30.917],[-89.825,30.91],[-89.775,30.903],[-89.725,30.895],[-89.675,30.888],[-89.625,30.88],[-89.592,30.875],[-89.575,30.872],[-89.525,30.865],[-89.475,30.857],[-89.425,30.849],[-89.375,30.842],[-89.325,30.835],[-89.275,30.828],[-89.256,30.825],[-89.225,30.821],[-89.175,30.815],[-89.125,30.809],[-89.075,30.804],[-89.025,30.8],[-88.975,30.796],[-88.925,30.794],[-88.875,30.792],[-88.825,30.791],[-88.775,30.791],[-88.725,30.792],[-88.675,30.793],[-88.625,30.796],[-88.575,30.799],[-88.525,30.803],[-88.475,30.807],[-88.425,30.812],[-88.375,30.818],[-88.326,30.825],[-88.325,30.825],[-88.275,30.833],[-88.225,30.841],[-88.175,30.851],[-88.125,30.861],[-88.075,30.872],[-88.061,30.875],[-88.025,30.883],[-87.975,30.895],[-87.925,30.907],[-87.875,30.92],[-87.856,30.925],[-87.825,30.933],[-87.775,30.946],[-87.725,30.96],[-87.675,30.973],[-87.667,30.975],[-87.625,30.986],[-87.575,31.0],[-87.525,31.013],[-87.482,31.025],[-87.475,31.027],[-87.425,31.041],[-87.375,31.054],[-87.325,31.068],[-87.3,31.075],[-87.275,31.082],[-87.225,31.096],[-87.175,31.111],[-87.127,31.125],[-87.125,31.126],[-87.075,31.14],[-87.025,31.156],[-86.975,31.171],[-86.962,31.175],[-86.925,31.186],[-86.875,31.201],[-86.825,31.217],[-86.801,31.225],[-86.775,31.233],[-86.725,31.248],[-86.675,31.264],[-86.643,31.275],[-86.625,31.28],[-86.575,31.296],[-86.525,31.311],[-86.475,31.325],[-86.474,31.325],[-86.425,31.336],[-86.375,31.344],[-86.325,31.348],[-86.275,31.35],[-86.225,31.351],[-86.175,31.351],[-86.125,31.35],[-86.075,31.349],[-86.025,31.347],[-85.975,31.345],[-85.925,31.342],[-85.875,31.34],[-85.825,31.338],[-85.775,31.336],[-85.725,31.334],[-85.675,31.333],[-85.625,31.332],[-85.575,31.332],[-85.525,31.332],[-85.475,31.333],[-85.425,31.333],[-85.375,31.335],[-85.325,31.337],[-85.275,31.339],[-85.225,31.342],[-85.175,31.345],[-85.125,31.348],[-85.075,31.352],[-85.025,31.356],[-84.975,31.361],[-84.925,31.366],[-84.875,31.371],[-84.837,31.375],[-84.825,31.376],[-84.775,31.382],[-84.725,31.388],[-84.675,31.394],[-84.625,31.4],[-84.575,31.407],[-84.525,31.414],[-84.475,31.421],[-84.446,31.425],[-84.425,31.428],[-84.375,31.435],[-84.325,31.441],[-84.275,31.447],[-84.225,31.453],[-84.175,31.457],[-84.125,31.46],[-84.075,31.462],[-84.025,31.464],[-83.975,31.465],[-83.925,31.467],[-83.875,31.468],[-83.825,31.47],[-83.775,31.473],[-83.725,31.475],[-83.725,31.475],[-83.675,31.478],[-83.625,31.481],[-83.575,31.484],[-83.525,31.488],[-83.475,31.492],[-83.425,31.497],[-83.375,31.501],[-83.325,31.506],[-83.275,31.511],[-83.225,31.517],[-83.175,31.522],[-83.148,31.525],[-83.125,31.528],[-83.075,31.533],[-83.025,31.539],[-82.975,31.545],[-82.925,31.551],[-82.875,31.558],[-82.825,31.565],[-82.775,31.571],[-82.749,31.575],[-82.725,31.579],[-82.675,31.586],[-82.625,31.594],[-82.575,31.601],[-82.525,31.61],[-82.475,31.619],[-82.441,31.625],[-82.425,31.628],[-82.375,31.638],[-82.325,31.647],[-82.275,31.656],[-82.225,31.665],[-82.175,31.673],[-82.166,31.675],[-82.125,31.682],[-82.075,31.689],[-82.025,31.696],[-81.975,31.703],[-81.925,31.709],[-81.875,31.715],[-81.825,31.721],[-81.782,31.725],[-81.775,31.726],[-81.725,31.731],[-81.675,31.735],[-81.625,31.74],[-81.575,31.744],[-81.525,31.748],[-81.475,31.752],[-81.425,31.755],[-81.375,31.758],[-81.325,31.76],[-81.275,31.761],[-81.225,31.762],[-81.188,31.762]],[[-95.175,31.047],[-95.125,31.052],[-95.075,31.057],[-95.025,31.062],[-94.975,31.067],[-94.925,31.073],[-94.906,31.075]],[[-94.759,31.091],[-94.725,31.095],[-94.675,31.1],[-94.625,31.105],[-94.575,31.109],[-94.525,31.114],[-94.475,31.118],[-94.425,31.123],[-94.395,31.125],[-94.375,31.127],[-94.325,31.13],[-94.275,31.134],[-94.225,31.137],[-94.175,31.14],[-94.125,31.142],[-94.075,31.143],[-94.025,31.145],[-93.975,31.145],[-93.925,31.145],[-93.875,31.145],[-93.825,31.143],[-93.775,31.142],[-93.725,31.139],[-93.675,31.136],[-93.625,31.133],[-93.575,31.129],[-93.526,31.125],[-93.525,31.125],[-93.475,31.12],[-93.425,31.115],[-93.375,31.109],[-93.325,31.103],[-93.275,31.096],[-93.225,31.089],[-93.175,31.081],[-93.14,31.075],[-93.125,31.072],[-93.075,31.062],[-93.025,31.051],[-92.975,31.039],[-92.925,31.025],[-92.924,31.025],[-92.875,31.011],[-92.825,30.996],[-92.775,30.983],[-92.746,30.975],[-92.725,30.97],[-92.675,30.957],[-92.625,30.947],[-92.575,30.938],[-92.525,30.93],[-92.488,30.925],[-92.475,30.923],[-92.425,30.918],[-92.375,30.914],[-92.325,30.911],[-92.275,30.91],[-92.225,30.909],[-92.175,30.91],[-92.125,30.911]]]}},{"type":"Feature","properties":{"date":"2021-03-18","label":"18 Mar","yday":77,"tier":"day","major":false},"geometry":{"type":"MultiLineString","coordinates":[[[-91.375,31.199],[-91.325,31.205],[-91.275,31.211],[-91.225,31.216],[-91.175,31.221],[-91.125,31.225],[-91.121,31.225],[-91.075,31.228],[-91.025,31.231],[-90.975,31.233],[-90.925,31.235],[-90.875,31.236],[-90.825,31.236],[-90.775,31.236],[-90.725,31.235],[-90.675,31.233],[-90.625,31.231],[-90.575,31.228],[-90.538,31.225],[-90.525,31.224],[-90.475,31.219],[-90.425,31.214],[-90.375,31.207],[-90.325,31.2],[-90.275,31.193],[-90.225,31.185],[-90.175,31.177],[-90.161,31.175],[-90.125,31.169],[-90.075,31.161],[-90.025,31.153],[-89.975,31.144],[-89.925,31.136],[-89.875,31.128],[-89.855,31.125],[-89.825,31.12],[-89.775,31.112],[-89.725,31.105],[-89.675,31.097],[-89.625,31.09],[-89.575,31.082],[-89.525,31.075],[-89.522,31.075],[-89.475,31.069],[-89.425,31.062],[-89.375,31.056],[-89.325,31.05],[-89.275,31.044],[-89.225,31.039],[-89.175,31.034],[-89.125,31.029],[-89.08,31.025],[-89.075,31.025],[-89.025,31.021],[-88.975,31.018],[-88.925,31.016],[-88.875,31.014],[-88.825,31.013],[-88.775,31.013],[-88.725,31.014],[-88.675,31.016],[-88.625,31.019],[-88.575,31.022],[-88.543,31.025],[-88.525,31.027],[-88.475,31.032],[-88.425,31.038],[-88.375,31.045],[-88.325,31.052],[-88.275,31.061],[-88.225,31.07],[-88.202,31.075],[-88.175,31.08],[-88.125,31.091],[-88.075,31.103],[-88.025,31.115],[-87.987,31.125],[-87.975,31.128],[-87.925,31.142],[-87.875,31.156],[-87.825,31.17],[-87.808,31.175],[-87.775,31.185],[-87.725,31.2],[-87.675,31.216],[-87.646,31.225],[-87.625,31.232],[-87.575,31.248],[-87.525,31.265],[-87.495,31.275],[-87.475,31.282],[-87.425,31.299],[-87.375,31.317],[-87.352,31.325],[-87.325,31.335],[-87.275,31.352],[-87.225,31.37],[-87.212,31.375],[-87.175,31.388],[-87.125,31.405],[-87.075,31.421],[-87.062,31.425],[-87.025,31.435],[-86.975,31.448],[-86.925,31.459],[-86.875,31.471],[-86.857,31.475],[-86.825,31.482],[-86.775,31.492],[-86.725,31.503],[-86.675,31.513],[-86.625,31.523],[-86.616,31.525],[-86.575,31.533],[-86.525,31.542],[-86.475,31.55],[-86.425,31.558],[-86.375,31.565],[-86.325,31.571],[-86.286,31.575],[-86.275,31.576],[-86.225,31.58],[-86.175,31.583],[-86.125,31.586],[-86.075,31.587],[-86.025,31.587],[-85.975,31.587],[-85.925,31.586],[-85.875,31.585],[-85.825,31.583],[-85.775,31.58],[-85.725,31.578],[-85.675,31.575],[-85.665,31.575],[-85.625,31.573],[-85.575,31.571],[-85.525,31.569],[-85.475,31.567],[-85.425,31.566],[-85.375,31.565],[-85.325,31.564],[-85.275,31.564],[-85.225,31.565],[-85.175,31.565],[-85.125,31.567],[-85.075,31.568],[-85.025,31.57],[-84.975,31.573],[-84.94,31.575],[-84.925,31.576],[-84.875,31.579],[-84.825,31.583],[-84.775,31.587],[-84.725,31.591],[-84.675,31.596],[-84.625,31.601],[-84.575,31.606],[-84.525,31.612],[-84.475,31.618],[-84.425,31.623],[-84.412,31.625],[-84.375,31.629],[-84.325,31.634],[-84.275,31.639],[-84.225,31.643],[-84.175,31.647],[-84.125,31.65],[-84.075,31.652],[-84.025,31.653],[-83.975,31.655],[-83.925,31.657],[-83.875,31.658],[-83.825,31.66],[-83.775,31.662],[-83.725,31.664],[-83.675,31.666],[-83.625,31.669],[-83.575,31.672],[-83.537,31.675],[-83.525,31.676],[-83.475,31.68],[-83.425,31.684],[-83.375,31.688],[-83.325,31.692],[-83.275,31.697],[-83.225,31.703],[-83.175,31.708],[-83.125,31.714],[-83.075,31.72],[-83.033,31.725],[-83.025,31.726],[-82.975,31.733],[-82.925,31.74],[-82.875,31.747],[-82.825,31.754],[-82.775,31.762],[-82.725,31.77],[-82.696,31.775],[-82.675,31.779],[-82.625,31.787],[-82.575,31.796],[-82.525,31.806],[-82.475,31.815],[-82.425,31.824],[-82.419,31.825],[-82.375,31.833],[-82.325,31.842],[-82.275,31.85],[-82.225,31.858],[-82.175,31.865],[-82.125,31.872],[-82.097,31.875],[-82.075,31.878],[-82.025,31.884],[-81.975,31.889],[-81.925,31.894],[-81.875,31.899],[-81.825,31.903],[-81.775,31.907],[-81.725,31.911],[-81.675,31.915],[-81.625,31.918],[-81.575,31.921],[-81.525,31.924],[-81.513,31.925],[-81.475,31.927],[-81.425,31.929],[-81.375,31.93],[-81.325,31.931],[-81.275,31.93],[-81.225,31.928],[-81.175,31.925],[-81.173,31.925],[-81.125,31.921],[-81.084,31.916]],[[-94.525,31.242],[-94.475,31.247],[-94.425,31.252],[-94.375,31.257],[-94.325,31.262],[-94.275,31.266],[-94.225,31.27],[-94.175,31.274],[-94.165,31.275],[-94.125,31.278],[-94.075,31.281],[-94.025,31.283],[-93.975,31.285],[-93.925,31.287],[-93.875,31.288],[-93.825,31.288],[-93.775,31.288],[-93.725,31.288],[-93.675,31.287],[-93.625,31.285],[-93.575,31.283],[-93.525,31.28],[-93.475,31.277],[-93.451,31.275],[-93.425,31.273],[-93.375,31.269],[-93.325,31.264],[-93.275,31.258],[-93.225,31.252],[-93.175,31.246],[-93.125,31.238],[-93.075,31.23],[-93.047,31.225],[-93.025,31.221],[-92.975,31.211],[-92.925,31.2],[-92.875,31.188],[-92.825,31.176],[-92.822,31.175],[-92.775,31.163],[-92.725,31.151],[-92.695,31.145]],[[-81.064,31.914],[-81.025,31.909],[-80.975,31.903]]]}},{"type":"Feature","properties":{"date":"2021-03-19","label":"19 Mar","yday":78,"tier":"day","major":false},"geometry":{"type":"MultiLineString","coordinates":[[[-94.475,31.368],[-94.425,31.374],[-94.417,31.375],[-94.375,31.38],[-94.325,31.386],[-94.275,31.392],[-94.225,31.397],[-94.175,31.402],[-94.125,31.407],[-94.075,31.411],[-94.025,31.415],[-93.975,31.418],[-93.925,31.421],[-93.875,31.424],[-93.844,31.425],[-93.825,31.426],[-93.775,31.427],[-93.725,31.428],[-93.675,31.428],[-93.625,31.428],[-93.575,31.427],[-93.525,31.425],[-93.52,31.425],[-93.475,31.423],[-93.425,31.42],[-93.375,31.417],[-93.325,31.413],[-93.275,31.409],[-93.225,31.404],[-93.175,31.398],[-93.125,31.392],[-93.075,31.385],[-93.025,31.377],[-93.014,31.375],[-92.975,31.368],[-92.925,31.359],[-92.875,31.35],[-92.825,31.34],[-92.775,31.33],[-92.752,31.325],[-92.725,31.32]],[[-91.325,31.425],[-91.322,31.425],[-91.275,31.431],[-91.225,31.437],[-91.175,31.443],[-91.125,31.447],[-91.075,31.451],[-91.025,31.454],[-90.975,31.457],[-90.925,31.458],[-90.875,31.459],[-90.825,31.459],[-90.775,31.458],[-90.725,31.457],[-90.675,31.454],[-90.625,31.451],[-90.575,31.447],[-90.525,31.442],[-90.475,31.437],[-90.425,31.431],[-90.384,31.425],[-90.375,31.424],[-90.325,31.417],[-90.275,31.409],[-90.225,31.401],[-90.175,31.392],[-90.125,31.383],[-90.079,31.375],[-90.075,31.374],[-90.025,31.365],[-89.975,31.356],[-89.925,31.347],[-89.875,31.339],[-89.825,31.33],[-89.797,31.325],[-89.775,31.321],[-89.725,31.313],[-89.675,31.305],[-89.625,31.297],[-89.575,31.29],[-89.525,31.283],[-89.475,31.277],[-89.459,31.275],[-89.425,31.271],[-89.375,31.266],[-89.325,31.261],[-89.275,31.256],[-89.225,31.252],[-89.175,31.248],[-89.125,31.244],[-89.075,31.24],[-89.025,31.237],[-88.975,31.235],[-88.925,31.233],[-88.875,31.232],[-88.825,31.232],[-88.775,31.233],[-88.725,31.234],[-88.675,31.236],[-88.625,31.24],[-88.575,31.244],[-88.525,31.249],[-88.475,31.254],[-88.425,31.261],[-88.375,31.269],[-88.336,31.275],[-88.325,31.277],[-88.275,31.286],[-88.225,31.296],[-88.175,31.307],[-88.125,31.318],[-88.097,31.325],[-88.075,31.33],[-88.025,31.343],[-87.975,31.356],[-87.925,31.37],[-87.909,31.375],[-87.875,31.385],[-87.825,31.4],[-87.775,31.415],[-87.744,31.425],[-87.725,31.431],[-87.675,31.447],[-87.625,31.463],[-87.589,31.475],[-87.575,31.48],[-87.525,31.496],[-87.475,31.512],[-87.437,31.525],[-87.425,31.529],[-87.375,31.545],[-87.325,31.561],[-87.278,31.575],[-87.275,31.576],[-87.225,31.59],[-87.175,31.604],[-87.125,31.617],[-87.091,31.625],[-87.075,31.629],[-87.025,31.64],[-86.975,31.65],[-86.925,31.66],[-86.875,31.669],[-86.838,31.675],[-86.825,31.677],[-86.775,31.685],[-86.725,31.693],[-86.675,31.701],[-86.625,31.709],[-86.575,31.717],[-86.526,31.725],[-86.525,31.725],[-86.475,31.733],[-86.425,31.741],[-86.375,31.749],[-86.325,31.756],[-86.275,31.763],[-86.225,31.769],[-86.175,31.774],[-86.164,31.775],[-86.125,31.778],[-86.075,31.781],[-86.025,31.784],[-85.975,31.784],[-85.925,31.784],[-85.875,31.783],[-85.825,31.781],[-85.775,31.779],[-85.725,31.776],[-85.705,31.775],[-85.675,31.773],[-85.625,31.77],[-85.575,31.768],[-85.525,31.765],[-85.475,31.762],[-85.425,31.76],[-85.375,31.758],[-85.325,31.756],[-85.275,31.755],[-85.225,31.754],[-85.175,31.754],[-85.125,31.753],[-85.075,31.754],[-85.025,31.754],[-84.975,31.755],[-84.925,31.757],[-84.875,31.758],[-84.825,31.761],[-84.775,31.763],[-84.725,31.766],[-84.675,31.77],[-84.625,31.773],[-84.605,31.775],[-84.575,31.777],[-84.525,31.781],[-84.475,31.785],[-84.425,31.79],[-84.375,31.794],[-84.325,31.798],[-84.275,31.802],[-84.225,31.806],[-84.175,31.81],[-84.125,31.813],[-84.075,31.816],[-84.025,31.819],[-83.975,31.822],[-83.928,31.825],[-83.925,31.825],[-83.875,31.828],[-83.825,31.831],[-83.775,31.835],[-83.725,31.838],[-83.675,31.842],[-83.625,31.846],[-83.575,31.85],[-83.525,31.855],[-83.475,31.86],[-83.425,31.865],[-83.375,31.87],[-83.337,31.875],[-83.325,31.876],[-83.275,31.883],[-83.225,31.889],[-83.175,31.896],[-83.125,31.903],[-83.075,31.911],[-83.025,31.918],[-82.985,31.925],[-82.975,31.927],[-82.925,31.935],[-82.875,31.944],[-82.825,31.953],[-82.775,31.963],[-82.725,31.973],[-82.713,31.975],[-82.675,31.982],[-82.625,31.992],[-82.575,32.002],[-82.525,32.012],[-82.475,32.022],[-82.458,32.025],[-82.425,32.031],[-82.375,32.039],[-82.325,32.046],[-82.275,32.053],[-82.225,32.059],[-82.175,32.063],[-82.125,32.068],[-82.075,32.072],[-82.026,32.075],[-82.025,32.075],[-81.975,32.078],[-81.925,32.081],[-81.875,32.084],[-81.825,32.086],[-81.775,32.089],[-81.725,32.091],[-81.675,32.093],[-81.625,32.095],[-81.575,32.097],[-81.525,32.099],[-81.475,32.1],[-81.425,32.101],[-81.375,32.101],[-81.325,32.1],[-81.275,32.099],[-81.225,32.095],[-81.175,32.09],[-81.125,32.082],[-81.085,32.075],[-81.075,32.073],[-81.025,32.063],[-80.975,32.053],[-80.925,32.043]]]}},{"type":"Feature","properties":{"date":"2021-03-20","label":"20 Mar","yday":79,"tier":"day","major":false},"geometry":{"type":"MultiLineString","coordinates":[[[-92.519,31.469],[-92.475,31.468],[-92.425,31.468],[-92.375,31.47],[-92.325,31.473],[-92.301,31.475],[-92.275,31.477],[-92.273,31.477]],[[-94.406,31.494],[-94.375,31.498],[-94.325,31.506],[-94.275,31.513],[-94.225,31.519],[-94.18,31.525],[-94.175,31.526],[-94.125,31.532],[-94.075,31.537],[-94.025,31.542],[-93.975,31.547],[-93.925,31.551],[-93.875,31.555],[-93.825,31.558],[-93.775,31.561],[-93.725,31.563],[-93.675,31.564],[-93.664,31.564]],[[-91.184,31.666],[-91.175,31.667],[-91.125,31.673],[-91.101,31.675],[-91.075,31.677],[-91.025,31.681],[-90.975,31.683],[-90.925,31.685],[-90.875,31.685],[-90.825,31.685],[-90.775,31.683],[-90.725,31.68],[-90.675,31.677],[-90.656,31.675],[-90.625,31.672],[-90.575,31.667],[-90.525,31.661],[-90.475,31.655],[-90.425,31.648],[-90.375,31.64],[-90.325,31.632],[-90.284,31.625],[-90.275,31.623],[-90.225,31.615],[-90.175,31.606],[-90.125,31.596],[-90.075,31.587],[-90.025,31.577],[-90.012,31.575],[-89.975,31.568],[-89.925,31.558],[-89.875,31.549],[-89.825,31.54],[-89.775,31.53],[-89.745,31.525],[-89.725,31.521],[-89.675,31.513],[-89.625,31.504],[-89.575,31.496],[-89.525,31.488],[-89.475,31.481],[-89.43,31.475],[-89.425,31.474],[-89.375,31.468],[-89.325,31.463],[-89.275,31.459],[-89.225,31.455],[-89.175,31.452],[-89.125,31.449],[-89.075,31.447],[-89.025,31.445],[-88.975,31.444],[-88.925,31.443],[-88.875,31.443],[-88.825,31.444],[-88.775,31.445],[-88.725,31.448],[-88.675,31.451],[-88.625,31.454],[-88.575,31.459],[-88.525,31.464],[-88.475,31.471],[-88.445,31.475],[-88.425,31.478],[-88.375,31.486],[-88.325,31.494],[-88.275,31.504],[-88.225,31.514],[-88.175,31.525],[-88.175,31.525],[-88.125,31.536],[-88.075,31.549],[-88.025,31.561],[-87.975,31.574],[-87.973,31.575],[-87.925,31.588],[-87.875,31.602],[-87.825,31.616],[-87.796,31.625],[-87.775,31.631],[-87.725,31.646],[-87.675,31.661],[-87.626,31.675],[-87.625,31.675],[-87.575,31.69],[-87.525,31.705],[-87.475,31.719],[-87.454,31.725],[-87.425,31.733],[-87.375,31.746],[-87.325,31.759],[-87.275,31.772],[-87.262,31.775],[-87.225,31.784],[-87.175,31.795],[-87.125,31.805],[-87.075,31.815],[-87.025,31.824],[-87.02,31.825],[-86.975,31.833],[-86.925,31.841],[-86.875,31.848],[-86.825,31.855],[-86.775,31.862],[-86.725,31.868],[-86.675,31.875],[-86.672,31.875]],[[-86.154,31.946],[-86.125,31.949],[-86.075,31.952],[-86.025,31.953],[-85.975,31.954],[-85.925,31.954],[-85.875,31.953],[-85.825,31.951],[-85.775,31.949],[-85.725,31.946],[-85.675,31.943],[-85.625,31.94],[-85.575,31.937],[-85.525,31.934],[-85.475,31.931],[-85.425,31.929],[-85.375,31.926],[-85.353,31.925],[-85.325,31.924],[-85.275,31.922],[-85.225,31.92],[-85.175,31.918],[-85.125,31.917],[-85.075,31.916],[-85.025,31.916],[-84.975,31.916],[-84.925,31.916],[-84.875,31.917],[-84.825,31.918],[-84.775,31.92],[-84.725,31.921],[-84.675,31.924],[-84.652,31.925],[-84.625,31.926],[-84.575,31.929],[-84.525,31.932],[-84.475,31.936],[-84.425,31.939],[-84.375,31.943],[-84.325,31.947],[-84.275,31.951],[-84.225,31.955],[-84.175,31.959],[-84.125,31.963],[-84.075,31.967],[-84.025,31.971],[-83.984,31.975],[-83.975,31.976],[-83.925,31.98],[-83.875,31.985],[-83.825,31.99],[-83.775,31.995],[-83.725,32.0],[-83.675,32.006],[-83.625,32.011],[-83.575,32.018],[-83.525,32.024],[-83.518,32.025],[-83.475,32.031],[-83.425,32.038],[-83.375,32.045],[-83.325,32.053],[-83.275,32.061],[-83.225,32.069],[-83.191,32.075],[-83.175,32.078],[-83.125,32.087],[-83.075,32.096],[-83.025,32.105],[-82.975,32.115],[-82.926,32.125],[-82.925,32.125],[-82.875,32.135],[-82.825,32.146],[-82.775,32.156],[-82.725,32.167],[-82.686,32.175],[-82.675,32.177],[-82.625,32.188],[-82.575,32.198],[-82.525,32.207],[-82.475,32.217],[-82.426,32.225],[-82.425,32.225],[-82.375,32.232],[-82.325,32.238],[-82.275,32.242],[-82.225,32.246],[-82.175,32.249],[-82.125,32.252],[-82.075,32.254],[-82.025,32.255],[-81.975,32.257],[-81.925,32.258],[-81.875,32.259],[-81.825,32.26],[-81.775,32.26],[-81.725,32.261],[-81.675,32.261],[-81.625,32.262],[-81.575,32.262],[-81.525,32.261],[-81.475,32.261],[-81.425,32.26],[-81.375,32.258],[-81.325,32.256],[-81.275,32.252],[-81.225,32.247],[-81.175,32.241],[-81.125,32.233],[-81.083,32.225],[-81.075,32.224],[-81.025,32.213],[-80.975,32.202],[-80.925,32.19],[-80.875,32.178],[-80.864,32.175],[-80.833,32.167]]]}},{"type":"Feature","properties":{"date":"2021-03-21","label":"21 Mar","yday":80,"tier":"five","major":false},"geometry":{"type":"MultiLineString","coordinates":[[[-94.175,31.647],[-94.125,31.654],[-94.106,31.656]],[[-92.705,31.655],[-92.675,31.653],[-92.625,31.651],[-92.575,31.65],[-92.525,31.65],[-92.475,31.652],[-92.425,31.654],[-92.375,31.657],[-92.325,31.662],[-92.275,31.668],[-92.225,31.674],[-92.22,31.675],[-92.175,31.682],[-92.125,31.69],[-92.075,31.699],[-92.025,31.709],[-91.975,31.719],[-91.948,31.725],[-91.925,31.73],[-91.875,31.741]],[[-90.934,31.916],[-90.925,31.916],[-90.875,31.916],[-90.825,31.915],[-90.775,31.913],[-90.725,31.909],[-90.675,31.905],[-90.625,31.899],[-90.575,31.893],[-90.525,31.885],[-90.475,31.877],[-90.461,31.875],[-90.425,31.869],[-90.375,31.86],[-90.325,31.851],[-90.275,31.842],[-90.225,31.832],[-90.189,31.825],[-90.175,31.822],[-90.125,31.812],[-90.075,31.803],[-90.025,31.793],[-89.975,31.783],[-89.936,31.775],[-89.925,31.773],[-89.875,31.763],[-89.825,31.753],[-89.775,31.744],[-89.725,31.735],[-89.675,31.726],[-89.672,31.725],[-89.625,31.717],[-89.575,31.708],[-89.525,31.7],[-89.475,31.693],[-89.425,31.685],[-89.375,31.679],[-89.341,31.675],[-89.325,31.673],[-89.275,31.668],[-89.225,31.664],[-89.175,31.66],[-89.125,31.657],[-89.075,31.655],[-89.025,31.653],[-88.975,31.652],[-88.925,31.651],[-88.875,31.652],[-88.825,31.653],[-88.775,31.654],[-88.725,31.657],[-88.675,31.66],[-88.625,31.664],[-88.575,31.669],[-88.525,31.675],[-88.523,31.675],[-88.475,31.681],[-88.425,31.688],[-88.375,31.696],[-88.325,31.705],[-88.275,31.714],[-88.225,31.725],[-88.223,31.725],[-88.175,31.735],[-88.125,31.746],[-88.075,31.758],[-88.025,31.77],[-88.007,31.775],[-87.975,31.783],[-87.925,31.796],[-87.875,31.809],[-87.825,31.822],[-87.814,31.825],[-87.775,31.835],[-87.725,31.849],[-87.675,31.862],[-87.626,31.875],[-87.625,31.875],[-87.575,31.888],[-87.525,31.901],[-87.475,31.913],[-87.426,31.925]],[[-85.655,32.095],[-85.625,32.093],[-85.575,32.09],[-85.525,32.086],[-85.475,32.083],[-85.425,32.08],[-85.375,32.077],[-85.345,32.075],[-85.325,32.074],[-85.275,32.071],[-85.225,32.069],[-85.175,32.066],[-85.125,32.064],[-85.075,32.063],[-85.025,32.062],[-84.975,32.061],[-84.925,32.06],[-84.875,32.06],[-84.825,32.061],[-84.775,32.061],[-84.725,32.063],[-84.675,32.064],[-84.625,32.066],[-84.575,32.069],[-84.525,32.071],[-84.475,32.074],[-84.468,32.075],[-84.425,32.078],[-84.375,32.081],[-84.325,32.085],[-84.275,32.09],[-84.225,32.094],[-84.175,32.099],[-84.125,32.104],[-84.075,32.109],[-84.025,32.114],[-83.975,32.12],[-83.931,32.125],[-83.925,32.126],[-83.875,32.132],[-83.825,32.138],[-83.775,32.145],[-83.725,32.152],[-83.675,32.159],[-83.625,32.167],[-83.576,32.175],[-83.575,32.175],[-83.525,32.183],[-83.475,32.192],[-83.425,32.201],[-83.375,32.21],[-83.325,32.219],[-83.297,32.225],[-83.275,32.229],[-83.225,32.239],[-83.175,32.249],[-83.125,32.259],[-83.075,32.27],[-83.05,32.275],[-83.025,32.28],[-82.975,32.291],[-82.925,32.302],[-82.875,32.312],[-82.825,32.323],[-82.816,32.325],[-82.775,32.333],[-82.725,32.344],[-82.675,32.354],[-82.625,32.363],[-82.575,32.372],[-82.56,32.375],[-82.525,32.381],[-82.475,32.388],[-82.425,32.395],[-82.375,32.401],[-82.325,32.407],[-82.275,32.411],[-82.225,32.414],[-82.175,32.417],[-82.125,32.419],[-82.075,32.421],[-82.025,32.422],[-81.975,32.423],[-81.925,32.423],[-81.875,32.423],[-81.825,32.422],[-81.775,32.421],[-81.725,32.42],[-81.675,32.419],[-81.625,32.418],[-81.575,32.416],[-81.525,32.414],[-81.475,32.412],[-81.425,32.41],[-81.375,32.407],[-81.325,32.403],[-81.275,32.398],[-81.225,32.393],[-81.175,32.386],[-81.125,32.378],[-81.105,32.375],[-81.075,32.37],[-81.025,32.36],[-80.975,32.349],[-80.925,32.338],[-80.875,32.326],[-80.87,32.325],[-80.825,32.314],[-80.811,32.311]]]}},{"type":"Feature","properties":{"date":"2021-03-22","label":"22 Mar","yday":81,"tier":"day","major":false},"geometry":{"type":"MultiLineString","coordinates":[[[-92.825,31.819],[-92.775,31.818],[-92.725,31.818],[-92.675,31.818],[-92.625,31.819],[-92.575,31.821],[-92.525,31.824],[-92.506,31.825],[-92.475,31.827],[-92.425,31.832],[-92.375,31.837],[-92.325,31.844],[-92.275,31.851],[-92.225,31.859],[-92.175,31.869],[-92.143,31.875],[-92.125,31.879],[-92.075,31.889],[-92.025,31.901],[-91.975,31.913],[-91.926,31.925],[-91.925,31.925]],[[-90.491,32.109],[-90.475,32.107],[-90.425,32.097],[-90.375,32.087],[-90.325,32.077],[-90.318,32.075],[-90.275,32.066],[-90.225,32.056],[-90.175,32.045],[-90.125,32.035],[-90.076,32.025],[-90.075,32.025],[-90.025,32.015],[-89.975,32.005],[-89.925,31.995],[-89.875,31.985],[-89.825,31.975],[-89.823,31.975],[-89.775,31.966],[-89.725,31.957],[-89.675,31.947],[-89.625,31.938],[-89.575,31.93],[-89.549,31.925],[-89.525,31.921],[-89.475,31.913],[-89.425,31.905],[-89.375,31.898],[-89.325,31.892],[-89.275,31.885],[-89.225,31.88],[-89.175,31.875],[-89.173,31.875],[-89.125,31.871],[-89.075,31.868],[-89.025,31.865],[-88.975,31.863],[-88.925,31.862],[-88.875,31.862],[-88.825,31.862],[-88.775,31.863],[-88.725,31.865],[-88.675,31.868],[-88.625,31.872],[-88.594,31.875],[-88.575,31.877],[-88.525,31.882],[-88.475,31.888],[-88.425,31.895],[-88.375,31.903],[-88.325,31.912],[-88.275,31.921],[-88.253,31.925],[-88.225,31.931],[-88.175,31.941],[-88.125,31.952],[-88.075,31.963],[-88.025,31.974],[-88.022,31.975],[-87.975,31.986],[-87.925,31.998],[-87.903,32.003]],[[-87.161,32.161],[-87.125,32.167],[-87.075,32.175],[-87.072,32.175],[-87.025,32.182],[-86.975,32.188],[-86.96,32.19]],[[-85.575,32.232],[-85.525,32.228],[-85.487,32.225],[-85.475,32.224],[-85.425,32.22],[-85.375,32.216],[-85.325,32.213],[-85.275,32.209],[-85.225,32.206],[-85.175,32.203],[-85.125,32.2],[-85.075,32.198],[-85.025,32.196],[-84.975,32.195],[-84.925,32.194],[-84.875,32.193],[-84.825,32.193],[-84.775,32.193],[-84.725,32.194],[-84.675,32.195],[-84.625,32.197],[-84.575,32.199],[-84.525,32.201],[-84.475,32.204],[-84.425,32.208],[-84.375,32.211],[-84.325,32.216],[-84.275,32.22],[-84.229,32.225],[-84.225,32.225],[-84.175,32.231],[-84.125,32.236],[-84.075,32.242],[-84.025,32.249],[-83.975,32.256],[-83.925,32.263],[-83.875,32.271],[-83.848,32.275],[-83.825,32.279],[-83.775,32.287],[-83.725,32.296],[-83.675,32.305],[-83.625,32.314],[-83.575,32.324],[-83.57,32.325],[-83.525,32.334],[-83.475,32.344],[-83.425,32.355],[-83.375,32.365],[-83.331,32.375],[-83.325,32.376],[-83.275,32.387],[-83.225,32.398],[-83.175,32.409],[-83.125,32.421],[-83.105,32.425],[-83.075,32.432],[-83.025,32.443],[-82.975,32.454],[-82.925,32.465],[-82.877,32.475],[-82.875,32.475],[-82.825,32.486],[-82.775,32.496],[-82.725,32.506],[-82.675,32.515],[-82.625,32.524],[-82.619,32.525],[-82.575,32.532],[-82.525,32.54],[-82.475,32.547],[-82.425,32.553],[-82.375,32.559],[-82.325,32.564],[-82.275,32.568],[-82.225,32.572],[-82.175,32.575],[-82.164,32.575],[-82.125,32.577],[-82.075,32.578],[-82.025,32.579],[-81.975,32.579],[-81.925,32.579],[-81.875,32.578],[-81.825,32.577],[-81.775,32.575],[-81.772,32.575],[-81.725,32.573],[-81.675,32.571],[-81.625,32.568],[-81.575,32.566],[-81.525,32.563],[-81.475,32.56],[-81.425,32.557],[-81.375,32.554],[-81.325,32.549],[-81.275,32.544],[-81.225,32.539],[-81.175,32.532],[-81.127,32.525],[-81.125,32.525],[-81.075,32.517],[-81.025,32.508],[-80.975,32.498],[-80.925,32.489],[-80.875,32.478],[-80.859,32.475],[-80.825,32.468],[-80.775,32.457],[-80.725,32.446],[-80.708,32.442]],[[-80.625,32.425],[-80.575,32.415],[-80.525,32.405],[-80.499,32.401]]]}},{"type":"Feature","properties":{"date":"2021-03-23","label":"23 Mar","yday":82,"tier":"day","major":false},"geometry":{"type":"MultiLineString","coordinates":[[[-92.975,31.968],[-92.925,31.968],[-92.875,31.969],[-92.825,31.969],[-92.775,31.971],[-92.725,31.972],[-92.676,31.975],[-92.675,31.975],[-92.625,31.978],[-92.575,31.982],[-92.525,31.987],[-92.475,31.993],[-92.425,31.999],[-92.375,32.007],[-92.325,32.015],[-92.275,32.025],[-92.274,32.025],[-92.225,32.035],[-92.175,32.046],[-92.125,32.057],[-92.075,32.07],[-92.056,32.075],[-92.025,32.083]],[[-89.456,32.144],[-89.425,32.138],[-89.375,32.13],[-89.345,32.125],[-89.325,32.122],[-89.275,32.114],[-89.225,32.107],[-89.175,32.1],[-89.125,32.094],[-89.075,32.089],[-89.025,32.085],[-88.975,32.081],[-88.925,32.078],[-88.875,32.076],[-88.825,32.075],[-88.775,32.075],[-88.725,32.076],[-88.675,32.078],[-88.625,32.081],[-88.575,32.085],[-88.525,32.09],[-88.475,32.096],[-88.425,32.103],[-88.375,32.11],[-88.325,32.118],[-88.286,32.125],[-88.275,32.127],[-88.225,32.136],[-88.175,32.146],[-88.125,32.156],[-88.075,32.167],[-88.068,32.168]],[[-90.087,32.263],[-90.075,32.26],[-90.025,32.251],[-89.975,32.241],[-89.925,32.232],[-89.889,32.225],[-89.875,32.222],[-89.825,32.213],[-89.775,32.204],[-89.725,32.194],[-89.675,32.185],[-89.625,32.175],[-89.625,32.175],[-89.575,32.166],[-89.525,32.156],[-89.502,32.152]],[[-87.232,32.332],[-87.225,32.333],[-87.175,32.34],[-87.125,32.346],[-87.075,32.352],[-87.025,32.358],[-86.975,32.364],[-86.925,32.369],[-86.875,32.374],[-86.862,32.375]],[[-85.948,32.398],[-85.925,32.397],[-85.875,32.393],[-85.825,32.39],[-85.775,32.386],[-85.725,32.381],[-85.675,32.377],[-85.653,32.375],[-85.625,32.372],[-85.575,32.368],[-85.525,32.363],[-85.475,32.358],[-85.425,32.353],[-85.375,32.348],[-85.325,32.344],[-85.275,32.34],[-85.225,32.336],[-85.175,32.332],[-85.125,32.329],[-85.075,32.326],[-85.064,32.325],[-85.025,32.323],[-84.975,32.321],[-84.925,32.319],[-84.875,32.318],[-84.825,32.317],[-84.775,32.317],[-84.725,32.317],[-84.675,32.318],[-84.625,32.32],[-84.575,32.322],[-84.525,32.324],[-84.514,32.325],[-84.475,32.327],[-84.425,32.331],[-84.375,32.335],[-84.325,32.339],[-84.275,32.344],[-84.225,32.35],[-84.175,32.356],[-84.125,32.363],[-84.075,32.37],[-84.04,32.375],[-84.025,32.377],[-83.975,32.385],[-83.925,32.394],[-83.875,32.403],[-83.825,32.412],[-83.775,32.422],[-83.76,32.425],[-83.725,32.432],[-83.675,32.443],[-83.625,32.454],[-83.575,32.465],[-83.532,32.475],[-83.525,32.477],[-83.475,32.488],[-83.425,32.5],[-83.375,32.512],[-83.325,32.524],[-83.322,32.525],[-83.275,32.536],[-83.225,32.548],[-83.175,32.56],[-83.125,32.572],[-83.111,32.575],[-83.075,32.583],[-83.025,32.595],[-82.975,32.606],[-82.925,32.617],[-82.885,32.625],[-82.875,32.627],[-82.825,32.637],[-82.775,32.647],[-82.725,32.656],[-82.675,32.665],[-82.625,32.673],[-82.615,32.675],[-82.575,32.681],[-82.525,32.689],[-82.475,32.695],[-82.425,32.701],[-82.375,32.707],[-82.325,32.712],[-82.275,32.717],[-82.225,32.721],[-82.175,32.724],[-82.156,32.725],[-82.125,32.727],[-82.075,32.729],[-82.025,32.73],[-81.975,32.731],[-81.925,32.731],[-81.875,32.73],[-81.825,32.729],[-81.775,32.727],[-81.732,32.725],[-81.725,32.725],[-81.675,32.722],[-81.625,32.719],[-81.575,32.716],[-81.525,32.713],[-81.475,32.71],[-81.425,32.706],[-81.375,32.702],[-81.325,32.698],[-81.275,32.693],[-81.225,32.687],[-81.175,32.68],[-81.141,32.675],[-81.125,32.673],[-81.075,32.665],[-81.025,32.656],[-80.975,32.647],[-80.925,32.638],[-80.875,32.628],[-80.859,32.625],[-80.825,32.618],[-80.775,32.608],[-80.725,32.598],[-80.675,32.587],[-80.625,32.577],[-80.614,32.575],[-80.575,32.567],[-80.54,32.56]],[[-80.503,32.553],[-80.475,32.548],[-80.425,32.538],[-80.375,32.529],[-80.35,32.525]]]}},{"type":"Feature","properties":{"date":"2021-03-24","label":"24 Mar","yday":83,"tier":"day","major":false},"geometry":{"type":"MultiLineString","coordinates":[[[-93.025,32.106],[-92.975,32.107],[-92.925,32.108],[-92.875,32.11],[-92.825,32.113],[-92.775,32.116],[-92.725,32.119],[-92.675,32.124],[-92.661,32.125],[-92.625,32.129],[-92.575,32.134],[-92.525,32.141],[-92.475,32.149],[-92.425,32.157],[-92.375,32.167],[-92.335,32.175],[-92.325,32.177],[-92.275,32.188],[-92.225,32.2],[-92.175,32.213],[-92.13,32.225],[-92.126,32.226]],[[-89.243,32.357],[-89.225,32.354],[-89.175,32.344],[-89.125,32.335],[-89.075,32.327],[-89.063,32.325],[-89.025,32.319],[-88.975,32.313],[-88.925,32.307],[-88.875,32.302],[-88.825,32.298],[-88.775,32.296],[-88.725,32.295],[-88.675,32.295],[-88.625,32.297],[-88.575,32.3],[-88.525,32.305],[-88.475,32.31],[-88.425,32.316],[-88.375,32.323],[-88.359,32.325],[-88.325,32.33],[-88.275,32.338],[-88.225,32.347],[-88.175,32.356]],[[-86.703,32.553],[-86.675,32.554],[-86.625,32.556],[-86.575,32.557],[-86.525,32.558],[-86.475,32.559],[-86.441,32.559]],[[-86.205,32.555],[-86.175,32.553],[-86.125,32.551],[-86.075,32.548],[-86.025,32.544],[-85.975,32.541],[-85.925,32.536],[-85.875,32.532],[-85.825,32.527],[-85.806,32.525],[-85.775,32.522],[-85.725,32.516],[-85.675,32.511],[-85.625,32.505],[-85.575,32.499],[-85.525,32.493],[-85.475,32.487],[-85.425,32.482],[-85.375,32.476],[-85.366,32.475],[-85.325,32.47],[-85.275,32.465],[-85.225,32.46],[-85.175,32.455],[-85.125,32.451],[-85.075,32.447],[-85.025,32.444],[-84.975,32.441],[-84.925,32.439],[-84.875,32.437],[-84.825,32.436],[-84.775,32.435],[-84.725,32.435],[-84.675,32.436],[-84.625,32.437],[-84.575,32.439],[-84.525,32.442],[-84.475,32.445],[-84.425,32.448],[-84.375,32.453],[-84.325,32.458],[-84.275,32.463],[-84.225,32.469],[-84.183,32.475],[-84.175,32.476],[-84.125,32.483],[-84.075,32.491],[-84.025,32.5],[-83.975,32.509],[-83.925,32.518],[-83.892,32.525],[-83.875,32.528],[-83.825,32.539],[-83.775,32.55],[-83.725,32.562],[-83.675,32.574],[-83.671,32.575],[-83.625,32.586],[-83.575,32.599],[-83.525,32.612],[-83.475,32.625],[-83.475,32.625],[-83.425,32.638],[-83.375,32.651],[-83.325,32.664],[-83.283,32.675],[-83.275,32.677],[-83.225,32.69],[-83.175,32.702],[-83.125,32.714],[-83.081,32.725],[-83.075,32.726],[-83.025,32.738],[-82.975,32.749],[-82.925,32.759],[-82.875,32.769],[-82.846,32.775],[-82.825,32.779],[-82.775,32.788],[-82.725,32.797],[-82.675,32.805],[-82.625,32.813],[-82.575,32.821],[-82.547,32.825],[-82.525,32.828],[-82.475,32.835],[-82.425,32.841],[-82.375,32.847],[-82.325,32.852],[-82.275,32.858],[-82.225,32.862],[-82.175,32.866],[-82.125,32.87],[-82.075,32.873],[-82.025,32.875],[-82.021,32.875],[-81.975,32.876],[-81.925,32.877],[-81.875,32.878],[-81.825,32.877],[-81.775,32.877],[-81.725,32.875],[-81.72,32.875],[-81.675,32.873],[-81.625,32.871],[-81.575,32.868],[-81.525,32.865],[-81.475,32.862],[-81.425,32.858],[-81.375,32.853],[-81.325,32.848],[-81.275,32.843],[-81.225,32.837],[-81.175,32.83],[-81.141,32.825],[-81.125,32.823],[-81.075,32.815],[-81.025,32.806],[-80.975,32.797],[-80.925,32.787],[-80.875,32.777],[-80.864,32.775],[-80.825,32.767],[-80.775,32.757],[-80.725,32.746],[-80.675,32.736],[-80.625,32.726],[-80.62,32.725],[-80.575,32.716],[-80.525,32.706],[-80.475,32.697],[-80.425,32.688],[-80.375,32.678],[-80.357,32.675],[-80.325,32.669],[-80.275,32.66],[-80.225,32.651],[-80.175,32.641],[-80.125,32.632],[-80.092,32.625]]]}},{"type":"Feature","properties":{"date":"2021-03-25","label":"25 Mar","yday":84,"tier":"day","major":false},"geometry":{"type":"MultiLineString","coordinates":[[[-93.037,32.237],[-93.025,32.238],[-92.975,32.24],[-92.925,32.243],[-92.875,32.246],[-92.825,32.249],[-92.775,32.254],[-92.725,32.259],[-92.675,32.265],[-92.625,32.271],[-92.599,32.275]],[[-92.571,32.279],[-92.525,32.287],[-92.475,32.296],[-92.425,32.306],[-92.375,32.317],[-92.369,32.319]],[[-88.976,32.574],[-88.975,32.574],[-88.925,32.564],[-88.875,32.556],[-88.825,32.549],[-88.775,32.544],[-88.725,32.539],[-88.675,32.536],[-88.625,32.535],[-88.575,32.535],[-88.525,32.536],[-88.475,32.54],[-88.425,32.544],[-88.375,32.55],[-88.325,32.556],[-88.275,32.562],[-88.264,32.564]],[[-87.463,32.675],[-87.425,32.679],[-87.375,32.683],[-87.325,32.688],[-87.275,32.691],[-87.225,32.695],[-87.175,32.698],[-87.125,32.701],[-87.075,32.704],[-87.025,32.706],[-86.975,32.708],[-86.925,32.71],[-86.875,32.712],[-86.825,32.713],[-86.775,32.714],[-86.725,32.715],[-86.675,32.715],[-86.625,32.716],[-86.575,32.716],[-86.525,32.715],[-86.475,32.714],[-86.425,32.713],[-86.375,32.711],[-86.325,32.709],[-86.275,32.706],[-86.225,32.703],[-86.175,32.7],[-86.125,32.696],[-86.075,32.691],[-86.025,32.686],[-85.975,32.681],[-85.925,32.675],[-85.922,32.675],[-85.875,32.669],[-85.825,32.663],[-85.775,32.656],[-85.725,32.65],[-85.675,32.643],[-85.625,32.636],[-85.575,32.628],[-85.551,32.625],[-85.525,32.621],[-85.475,32.614],[-85.425,32.607],[-85.375,32.6],[-85.325,32.594],[-85.275,32.587],[-85.225,32.581],[-85.175,32.576],[-85.169,32.575],[-85.125,32.57],[-85.075,32.565],[-85.025,32.561],[-84.975,32.557],[-84.925,32.554],[-84.875,32.552],[-84.825,32.55],[-84.775,32.549],[-84.725,32.549],[-84.675,32.549],[-84.625,32.55],[-84.575,32.552],[-84.525,32.555],[-84.475,32.558],[-84.425,32.562],[-84.375,32.566],[-84.325,32.571],[-84.294,32.575],[-84.275,32.577],[-84.225,32.584],[-84.175,32.591],[-84.125,32.599],[-84.075,32.608],[-84.025,32.617],[-83.985,32.625],[-83.975,32.627],[-83.925,32.637],[-83.875,32.649],[-83.825,32.66],[-83.775,32.673],[-83.766,32.675],[-83.725,32.686],[-83.675,32.699],[-83.625,32.712],[-83.579,32.725],[-83.575,32.726],[-83.525,32.74],[-83.475,32.754],[-83.425,32.769],[-83.402,32.775],[-83.375,32.783],[-83.325,32.797],[-83.275,32.81],[-83.225,32.824],[-83.221,32.825],[-83.175,32.837],[-83.125,32.849],[-83.075,32.861],[-83.025,32.872],[-83.011,32.875],[-82.975,32.883],[-82.925,32.892],[-82.875,32.902],[-82.825,32.911],[-82.775,32.92],[-82.744,32.925],[-82.725,32.928],[-82.675,32.936],[-82.625,32.944],[-82.575,32.951],[-82.525,32.958],[-82.475,32.965],[-82.425,32.972],[-82.401,32.975],[-82.375,32.978],[-82.325,32.984],[-82.275,32.99],[-82.225,32.995],[-82.175,33.0],[-82.125,33.005],[-82.075,33.009],[-82.025,33.013],[-81.975,33.015],[-81.925,33.018],[-81.875,33.019],[-81.825,33.02],[-81.775,33.02],[-81.725,33.02],[-81.675,33.019],[-81.625,33.017],[-81.575,33.015],[-81.525,33.013],[-81.475,33.01],[-81.425,33.006],[-81.375,33.002],[-81.325,32.998],[-81.275,32.993],[-81.225,32.987],[-81.175,32.981],[-81.133,32.975],[-81.125,32.974],[-81.075,32.966],[-81.025,32.958],[-80.975,32.949],[-80.925,32.939],[-80.875,32.929],[-80.859,32.925],[-80.825,32.918],[-80.775,32.907],[-80.725,32.896],[-80.675,32.885],[-80.63,32.875],[-80.625,32.874],[-80.575,32.864],[-80.525,32.854],[-80.475,32.845],[-80.425,32.836],[-80.375,32.826],[-80.369,32.825],[-80.325,32.817],[-80.275,32.807],[-80.225,32.797],[-80.175,32.787],[-80.125,32.777],[-80.115,32.775],[-80.075,32.766],[-80.025,32.755],[-79.975,32.743],[-79.933,32.733]],[[-79.901,32.725],[-79.88,32.72]]]}},{"type":"Feature","properties":{"date":"2021-03-26","label":"26 Mar","yday":85,"tier":"five","major":false},"geometry":{"type":"MultiLineString","coordinates":[[[-93.035,32.365],[-93.025,32.365],[-92.975,32.368],[-92.969,32.369]],[[-87.575,32.859],[-87.525,32.862],[-87.475,32.865],[-87.425,32.867],[-87.375,32.869],[-87.325,32.871],[-87.275,32.873],[-87.225,32.874],[-87.196,32.875],[-87.175,32.875],[-87.125,32.876],[-87.075,32.877],[-87.025,32.878],[-86.975,32.878],[-86.925,32.878],[-86.875,32.878],[-86.825,32.878],[-86.775,32.877],[-86.725,32.877],[-86.675,32.876],[-86.638,32.875],[-86.625,32.875],[-86.575,32.873],[-86.525,32.871],[-86.475,32.869],[-86.425,32.867],[-86.375,32.864],[-86.325,32.86],[-86.275,32.856],[-86.225,32.851],[-86.175,32.846],[-86.125,32.841],[-86.075,32.835],[-86.025,32.828],[-86.0,32.825],[-85.975,32.822],[-85.925,32.814],[-85.875,32.807],[-85.825,32.799],[-85.775,32.791],[-85.725,32.783],[-85.681,32.775],[-85.675,32.774],[-85.625,32.765],[-85.575,32.757],[-85.525,32.748],[-85.475,32.74],[-85.425,32.731],[-85.386,32.725],[-85.375,32.723],[-85.325,32.715],[-85.275,32.708],[-85.225,32.7],[-85.175,32.693],[-85.125,32.687],[-85.075,32.681],[-85.025,32.676],[-85.013,32.675],[-84.975,32.672],[-84.925,32.668],[-84.875,32.664],[-84.825,32.662],[-84.775,32.66],[-84.725,32.66],[-84.675,32.659],[-84.625,32.66],[-84.575,32.662],[-84.525,32.664],[-84.475,32.667],[-84.425,32.671],[-84.381,32.675],[-84.375,32.676],[-84.325,32.681],[-84.275,32.687],[-84.225,32.694],[-84.175,32.702],[-84.125,32.711],[-84.075,32.72],[-84.05,32.725],[-84.025,32.73],[-83.975,32.741],[-83.925,32.752],[-83.875,32.764],[-83.832,32.775],[-83.825,32.777],[-83.775,32.79],[-83.725,32.804],[-83.675,32.818],[-83.651,32.825],[-83.625,32.833],[-83.575,32.847],[-83.525,32.862],[-83.484,32.875],[-83.475,32.878],[-83.425,32.893],[-83.375,32.908],[-83.325,32.923],[-83.317,32.925],[-83.275,32.937],[-83.225,32.951],[-83.175,32.964],[-83.128,32.975],[-83.125,32.976],[-83.075,32.987],[-83.025,32.997],[-82.975,33.007],[-82.925,33.017],[-82.879,33.025],[-82.875,33.026],[-82.825,33.034],[-82.775,33.042],[-82.725,33.05],[-82.675,33.058],[-82.625,33.065],[-82.575,33.073],[-82.559,33.075],[-82.525,33.08],[-82.475,33.087],[-82.425,33.094],[-82.375,33.101],[-82.325,33.107],[-82.275,33.114],[-82.225,33.12],[-82.186,33.125],[-82.175,33.126],[-82.125,33.132],[-82.075,33.137],[-82.025,33.142],[-81.975,33.146],[-81.925,33.149],[-81.875,33.152],[-81.825,33.154],[-81.775,33.155],[-81.725,33.156],[-81.675,33.156],[-81.625,33.155],[-81.575,33.154],[-81.525,33.153],[-81.475,33.151],[-81.425,33.149],[-81.375,33.146],[-81.325,33.143],[-81.275,33.139],[-81.225,33.135],[-81.175,33.13],[-81.131,33.125],[-81.125,33.124],[-81.075,33.118],[-81.025,33.11],[-80.975,33.102],[-80.925,33.093],[-80.875,33.083],[-80.834,33.075],[-80.825,33.073],[-80.775,33.062],[-80.725,33.051],[-80.675,33.039],[-80.625,33.028],[-80.612,33.025],[-80.575,33.017],[-80.525,33.006],[-80.475,32.995],[-80.425,32.985],[-80.379,32.975],[-80.375,32.974],[-80.325,32.964],[-80.275,32.953],[-80.225,32.942],[-80.175,32.931],[-80.147,32.925],[-80.125,32.92],[-80.075,32.909],[-80.025,32.896],[-79.975,32.884],[-79.942,32.875],[-79.929,32.871]],[[-79.919,32.869],[-79.875,32.857],[-79.825,32.843],[-79.775,32.829],[-79.759,32.825]],[[-89.625,33.058],[-89.575,33.044],[-89.53,33.03]]]}},{"type":"Feature","properties":{"date":"2021-03-27","label":"27 Mar","yday":86,"tier":"day","major":false},"geometry":{"type":"MultiLineString","coordinates":[[[-83.445,33.005],[-83.425,33.011],[-83.381,33.025],[-83.375,33.027],[-83.325,33.042],[-83.275,33.057],[-83.225,33.07],[-83.207,33.075],[-83.175,33.083],[-83.125,33.094],[-83.075,33.105],[-83.025,33.114],[-82.975,33.124],[-82.968,33.125],[-82.925,33.132],[-82.875,33.141],[-82.825,33.149],[-82.775,33.156],[-82.725,33.164],[-82.675,33.171],[-82.651,33.175],[-82.625,33.179],[-82.575,33.186],[-82.525,33.193],[-82.475,33.2],[-82.425,33.207],[-82.375,33.215],[-82.325,33.222],[-82.303,33.225],[-82.275,33.229],[-82.225,33.236],[-82.175,33.243],[-82.125,33.25],[-82.075,33.256],[-82.025,33.262],[-81.975,33.267],[-81.925,33.272],[-81.879,33.275],[-81.875,33.275],[-81.825,33.278],[-81.775,33.28],[-81.725,33.281],[-81.675,33.283],[-81.625,33.283],[-81.575,33.284],[-81.525,33.284],[-81.475,33.284],[-81.425,33.283],[-81.375,33.283],[-81.325,33.281],[-81.275,33.28],[-81.225,33.277],[-81.185,33.275],[-81.175,33.274],[-81.125,33.271],[-81.075,33.266],[-81.025,33.261],[-80.975,33.254],[-80.925,33.247],[-80.875,33.238],[-80.825,33.229],[-80.804,33.225],[-80.775,33.219],[-80.725,33.208],[-80.675,33.197],[-80.625,33.185],[-80.584,33.175],[-80.575,33.173],[-80.525,33.161],[-80.475,33.148],[-80.425,33.136],[-80.382,33.125],[-80.375,33.123],[-80.325,33.111],[-80.275,33.099],[-80.225,33.086],[-80.181,33.075],[-80.175,33.073],[-80.125,33.061],[-80.075,33.048],[-80.025,33.035],[-79.989,33.025],[-79.975,33.021],[-79.925,33.007],[-79.875,32.993],[-79.825,32.979],[-79.812,32.975],[-79.775,32.964],[-79.725,32.95],[-79.675,32.936],[-79.638,32.925],[-79.628,32.922]],[[-87.549,33.051],[-87.525,33.052],[-87.475,33.052],[-87.425,33.052],[-87.375,33.052],[-87.325,33.052],[-87.275,33.051],[-87.225,33.051],[-87.175,33.05],[-87.125,33.049],[-87.075,33.048],[-87.025,33.047],[-86.975,33.046],[-86.925,33.045],[-86.875,33.043],[-86.825,33.041],[-86.775,33.04],[-86.725,33.038],[-86.675,33.036],[-86.625,33.034],[-86.575,33.031],[-86.525,33.029],[-86.475,33.025],[-86.472,33.025],[-86.425,33.021],[-86.375,33.017],[-86.325,33.012],[-86.275,33.007],[-86.225,33.001],[-86.175,32.995],[-86.125,32.988],[-86.075,32.98],[-86.043,32.975],[-86.025,32.972],[-85.975,32.964],[-85.925,32.955],[-85.875,32.946],[-85.825,32.936],[-85.775,32.926],[-85.769,32.925],[-85.725,32.916],[-85.675,32.906],[-85.625,32.896],[-85.575,32.885],[-85.525,32.875],[-85.524,32.875],[-85.475,32.865],[-85.425,32.855],[-85.375,32.845],[-85.325,32.836],[-85.275,32.827],[-85.265,32.825],[-85.225,32.818],[-85.175,32.81],[-85.125,32.802],[-85.075,32.795],[-85.025,32.789],[-84.975,32.784],[-84.925,32.779],[-84.88,32.775],[-84.875,32.775],[-84.825,32.771],[-84.775,32.769],[-84.725,32.767],[-84.675,32.767],[-84.625,32.767],[-84.575,32.768],[-84.525,32.77],[-84.475,32.773],[-84.451,32.775],[-84.425,32.777],[-84.375,32.782],[-84.325,32.787],[-84.275,32.794],[-84.225,32.801],[-84.175,32.809],[-84.125,32.819],[-84.092,32.825],[-84.075,32.828],[-84.025,32.839],[-83.975,32.85],[-83.925,32.863],[-83.877,32.875],[-83.875,32.875],[-83.825,32.889],[-83.775,32.903],[-83.758,32.908]]]}},{"type":"Feature","properties":{"date":"2021-03-28","label":"28 Mar","yday":87,"tier":"day","major":false},"geometry":{"type":"MultiLineString","coordinates":[[[-83.425,33.123],[-83.418,33.125],[-83.375,33.139],[-83.325,33.154],[-83.275,33.168],[-83.25,33.175],[-83.225,33.182],[-83.175,33.193],[-83.125,33.204],[-83.075,33.214],[-83.025,33.223],[-83.015,33.225],[-82.975,33.232],[-82.925,33.24],[-82.875,33.248],[-82.825,33.256],[-82.775,33.264],[-82.725,33.271],[-82.697,33.275],[-82.675,33.278],[-82.625,33.285],[-82.575,33.292],[-82.525,33.299],[-82.475,33.306],[-82.425,33.314],[-82.375,33.321],[-82.348,33.325],[-82.325,33.328],[-82.275,33.336],[-82.225,33.343],[-82.175,33.35],[-82.125,33.358],[-82.075,33.365],[-82.025,33.372],[-82.0,33.375],[-81.975,33.378],[-81.925,33.383],[-81.875,33.387],[-81.825,33.39],[-81.775,33.393],[-81.725,33.396],[-81.675,33.398],[-81.625,33.401],[-81.575,33.403],[-81.525,33.405],[-81.475,33.407],[-81.425,33.409],[-81.375,33.41],[-81.325,33.411],[-81.275,33.412],[-81.225,33.412],[-81.175,33.411],[-81.125,33.41],[-81.075,33.408],[-81.025,33.405],[-80.975,33.401],[-80.925,33.396],[-80.875,33.389],[-80.825,33.382],[-80.788,33.375],[-80.775,33.373],[-80.725,33.363],[-80.675,33.352],[-80.625,33.34],[-80.575,33.327],[-80.566,33.325],[-80.525,33.314],[-80.475,33.301],[-80.425,33.287],[-80.383,33.275],[-80.375,33.273],[-80.325,33.259],[-80.275,33.244],[-80.225,33.23],[-80.208,33.225],[-80.175,33.216],[-80.125,33.201],[-80.075,33.187],[-80.034,33.175],[-80.025,33.172],[-79.975,33.158],[-79.925,33.143],[-79.875,33.128],[-79.864,33.125],[-79.825,33.113],[-79.775,33.099],[-79.725,33.084],[-79.695,33.075],[-79.675,33.069],[-79.625,33.054],[-79.575,33.04],[-79.564,33.036]],[[-87.713,33.237],[-87.675,33.236],[-87.625,33.235],[-87.575,33.234],[-87.525,33.233],[-87.475,33.231],[-87.425,33.229],[-87.375,33.228],[-87.325,33.226],[-87.296,33.225],[-87.275,33.224],[-87.225,33.223],[-87.175,33.221],[-87.125,33.219],[-87.075,33.217],[-87.025,33.215],[-86.975,33.213],[-86.925,33.211],[-86.875,33.208],[-86.825,33.206],[-86.775,33.203],[-86.725,33.2],[-86.675,33.198],[-86.625,33.195],[-86.575,33.191],[-86.525,33.187],[-86.475,33.183],[-86.425,33.178],[-86.4,33.175],[-86.375,33.172],[-86.325,33.166],[-86.275,33.16],[-86.225,33.152],[-86.175,33.145],[-86.125,33.136],[-86.075,33.127],[-86.063,33.125],[-86.025,33.118],[-85.975,33.108],[-85.925,33.097],[-85.875,33.087],[-85.825,33.075],[-85.824,33.075],[-85.775,33.064],[-85.725,33.052],[-85.675,33.04],[-85.625,33.027],[-85.615,33.025],[-85.575,33.015],[-85.525,33.003],[-85.475,32.991],[-85.425,32.979],[-85.406,32.975],[-85.375,32.968],[-85.325,32.957],[-85.275,32.946],[-85.225,32.936],[-85.175,32.926],[-85.168,32.925],[-85.125,32.917],[-85.075,32.909],[-85.025,32.901],[-84.975,32.894],[-84.925,32.888],[-84.875,32.883],[-84.825,32.879],[-84.775,32.875],[-84.765,32.875],[-84.725,32.873],[-84.675,32.872],[-84.625,32.872],[-84.575,32.872],[-84.525,32.874],[-84.507,32.875],[-84.475,32.877],[-84.425,32.881],[-84.375,32.885],[-84.325,32.891],[-84.275,32.898],[-84.225,32.906],[-84.175,32.914],[-84.125,32.924],[-84.119,32.925],[-84.075,32.934],[-84.025,32.945],[-83.975,32.957],[-83.925,32.97],[-83.906,32.975],[-83.875,32.983],[-83.842,32.992]]]}},{"type":"Feature","properties":{"date":"2021-03-29","label":"29 Mar","yday":88,"tier":"day","major":false},"geometry":{"type":"MultiLineString","coordinates":[[[-83.421,33.229],[-83.375,33.243],[-83.325,33.258],[-83.275,33.272],[-83.261,33.275],[-83.225,33.284],[-83.175,33.296],[-83.125,33.306],[-83.075,33.317],[-83.03,33.325],[-83.025,33.326],[-82.975,33.335],[-82.925,33.343],[-82.875,33.351],[-82.825,33.358],[-82.775,33.365],[-82.725,33.373],[-82.707,33.375]],[[-87.625,33.406],[-87.575,33.403],[-87.525,33.401],[-87.475,33.398],[-87.425,33.395],[-87.394,33.394]],[[-87.213,33.387],[-87.175,33.385],[-87.125,33.384],[-87.075,33.382],[-87.025,33.38],[-86.975,33.379],[-86.925,33.377],[-86.885,33.375],[-86.875,33.375],[-86.825,33.372],[-86.775,33.369],[-86.725,33.366],[-86.675,33.362],[-86.625,33.357],[-86.575,33.352],[-86.525,33.347],[-86.475,33.341],[-86.425,33.335],[-86.375,33.328],[-86.356,33.325],[-86.325,33.321],[-86.275,33.313],[-86.225,33.304],[-86.175,33.296],[-86.125,33.286],[-86.075,33.276],[-86.07,33.275],[-86.025,33.266],[-85.975,33.254],[-85.925,33.242],[-85.875,33.23],[-85.856,33.225],[-85.825,33.217],[-85.775,33.204],[-85.725,33.19],[-85.675,33.176],[-85.672,33.175],[-85.625,33.162],[-85.575,33.147],[-85.525,33.133],[-85.495,33.125],[-85.475,33.119],[-85.425,33.106],[-85.375,33.092],[-85.325,33.079],[-85.309,33.075],[-85.275,33.066],[-85.225,33.054],[-85.175,33.043],[-85.125,33.032],[-85.089,33.025],[-85.075,33.022],[-85.025,33.013],[-84.975,33.005],[-84.925,32.997],[-84.875,32.991],[-84.825,32.985],[-84.775,32.981],[-84.725,32.978],[-84.675,32.975],[-84.653,32.975],[-84.625,32.974],[-84.575,32.975],[-84.562,32.975],[-84.525,32.976],[-84.475,32.979],[-84.425,32.982],[-84.375,32.987],[-84.325,32.993],[-84.275,33.0],[-84.253,33.003]],[[-82.554,33.396],[-82.525,33.4],[-82.475,33.406],[-82.425,33.414],[-82.375,33.421],[-82.347,33.425],[-82.325,33.428],[-82.275,33.435],[-82.225,33.443],[-82.175,33.45],[-82.125,33.457],[-82.075,33.464],[-82.025,33.471],[-81.994,33.475],[-81.975,33.477],[-81.925,33.483],[-81.875,33.488],[-81.825,33.492],[-81.775,33.497],[-81.725,33.501],[-81.675,33.505],[-81.625,33.509],[-81.575,33.513],[-81.525,33.517],[-81.475,33.521],[-81.427,33.525],[-81.425,33.525],[-81.375,33.529],[-81.325,33.532],[-81.275,33.535],[-81.225,33.538],[-81.175,33.54],[-81.125,33.541],[-81.075,33.542],[-81.025,33.541],[-80.975,33.539],[-80.925,33.536],[-80.875,33.532],[-80.825,33.527],[-80.814,33.525],[-80.775,33.519],[-80.725,33.511],[-80.675,33.501],[-80.625,33.49],[-80.575,33.478],[-80.565,33.475],[-80.525,33.464],[-80.475,33.451],[-80.425,33.436],[-80.388,33.425],[-80.375,33.421],[-80.325,33.406],[-80.275,33.39],[-80.228,33.375],[-80.225,33.374],[-80.175,33.358],[-80.125,33.342],[-80.075,33.326],[-80.071,33.325],[-80.025,33.311],[-79.975,33.295],[-79.925,33.279],[-79.911,33.275],[-79.875,33.264],[-79.825,33.249],[-79.775,33.233],[-79.748,33.225],[-79.725,33.218],[-79.675,33.203],[-79.625,33.188],[-79.581,33.175],[-79.575,33.173],[-79.525,33.158],[-79.475,33.144],[-79.425,33.129],[-79.409,33.125],[-79.375,33.115],[-79.344,33.106]]]}},{"type":"Feature","properties":{"date":"2021-03-30","label":"30 Mar","yday":89,"tier":"day","major":false},"geometry":{"type":"MultiLineString","coordinates":[[[-82.444,33.506],[-82.425,33.509],[-82.375,33.516],[-82.325,33.523],[-82.309,33.525],[-82.275,33.53],[-82.225,33.537],[-82.175,33.544],[-82.125,33.551],[-82.075,33.557],[-82.025,33.564],[-81.975,33.57],[-81.937,33.575],[-81.925,33.576],[-81.875,33.582],[-81.825,33.588],[-81.775,33.594],[-81.725,33.599],[-81.675,33.605],[-81.625,33.611],[-81.575,33.616],[-81.525,33.622],[-81.5,33.625],[-81.475,33.628],[-81.425,33.634],[-81.375,33.639],[-81.325,33.645],[-81.275,33.65],[-81.225,33.656],[-81.175,33.66],[-81.125,33.664],[-81.075,33.667],[-81.025,33.669],[-80.975,33.67],[-80.925,33.669],[-80.875,33.667],[-80.825,33.663],[-80.775,33.657],[-80.725,33.651],[-80.675,33.642],[-80.625,33.633],[-80.589,33.625],[-80.575,33.622],[-80.525,33.61],[-80.475,33.597],[-80.425,33.582],[-80.4,33.575],[-80.375,33.567],[-80.325,33.552],[-80.275,33.535],[-80.244,33.525],[-80.225,33.519],[-80.175,33.502],[-80.125,33.484],[-80.097,33.475],[-80.075,33.467],[-80.025,33.45],[-79.975,33.434],[-79.949,33.425],[-79.925,33.417],[-79.875,33.401],[-79.825,33.385],[-79.793,33.375],[-79.775,33.369],[-79.725,33.354],[-79.675,33.339],[-79.63,33.325],[-79.625,33.323],[-79.575,33.308],[-79.525,33.294],[-79.475,33.279],[-79.462,33.275],[-79.425,33.264],[-79.375,33.25],[-79.325,33.235],[-79.288,33.225],[-79.275,33.221],[-79.225,33.207]],[[-87.16,33.54],[-87.125,33.539],[-87.075,33.538],[-87.025,33.537],[-86.975,33.535],[-86.925,33.534],[-86.875,33.533],[-86.825,33.531],[-86.775,33.528],[-86.727,33.525],[-86.725,33.525],[-86.675,33.52],[-86.625,33.514],[-86.575,33.508],[-86.525,33.502],[-86.475,33.495],[-86.425,33.488],[-86.375,33.48],[-86.343,33.475],[-86.325,33.472],[-86.275,33.464],[-86.225,33.455],[-86.175,33.446],[-86.125,33.436],[-86.075,33.425],[-86.074,33.425],[-86.025,33.414],[-85.975,33.402],[-85.925,33.389],[-85.875,33.376],[-85.873,33.375],[-85.825,33.361],[-85.775,33.346],[-85.725,33.331],[-85.707,33.325],[-85.675,33.315],[-85.625,33.299],[-85.575,33.283],[-85.552,33.275],[-85.525,33.266],[-85.475,33.25],[-85.425,33.234],[-85.395,33.225],[-85.375,33.219],[-85.325,33.204],[-85.275,33.189],[-85.225,33.175],[-85.225,33.175],[-85.175,33.162],[-85.125,33.149],[-85.075,33.137],[-85.025,33.126],[-85.021,33.125],[-84.975,33.116],[-84.925,33.107],[-84.875,33.099],[-84.825,33.092],[-84.775,33.086],[-84.725,33.082],[-84.675,33.078],[-84.625,33.077],[-84.575,33.076],[-84.525,33.077],[-84.475,33.079],[-84.425,33.083],[-84.387,33.087]],[[-87.775,33.584],[-87.725,33.578],[-87.693,33.575],[-87.675,33.573],[-87.625,33.568],[-87.575,33.564],[-87.525,33.56]]]}},{"type":"Feature","properties":{"date":"2021-03-31","label":"31 Mar","yday":90,"tier":"index","major":true},"geometry":{"type":"MultiLineString","coordinates":[[[-79.252,33.352],[-79.225,33.344],[-79.175,33.33]],[[-82.375,33.607],[-82.325,33.614],[-82.275,33.62],[-82.239,33.625],[-82.225,33.627],[-82.175,33.633],[-82.125,33.64],[-82.075,33.646],[-82.025,33.653],[-81.975,33.66],[-81.925,33.666],[-81.875,33.673],[-81.857,33.675],[-81.825,33.679],[-81.775,33.686],[-81.725,33.692],[-81.675,33.699],[-81.625,33.706],[-81.575,33.713],[-81.525,33.721],[-81.496,33.725],[-81.475,33.728],[-81.425,33.736],[-81.375,33.743],[-81.325,33.751],[-81.275,33.759],[-81.225,33.766],[-81.175,33.773],[-81.162,33.775],[-81.125,33.78],[-81.075,33.785],[-81.025,33.789],[-80.975,33.791],[-80.925,33.793],[-80.875,33.792],[-80.825,33.79],[-80.775,33.787],[-80.725,33.782],[-80.675,33.776],[-80.671,33.775],[-80.625,33.768],[-80.575,33.759],[-80.525,33.748],[-80.475,33.737],[-80.428,33.725],[-80.425,33.724],[-80.375,33.71],[-80.325,33.696],[-80.275,33.68],[-80.26,33.675],[-80.225,33.663],[-80.175,33.646],[-80.125,33.629],[-80.115,33.625],[-80.075,33.611],[-80.025,33.593],[-79.975,33.575],[-79.974,33.575],[-79.925,33.558],[-79.875,33.541],[-79.825,33.525],[-79.825,33.525],[-79.775,33.509],[-79.725,33.494],[-79.675,33.478],[-79.665,33.475],[-79.625,33.463],[-79.575,33.448],[-79.525,33.432],[-79.501,33.425],[-79.475,33.417],[-79.425,33.403],[-79.375,33.388],[-79.332,33.375],[-79.325,33.373],[-79.288,33.362]],[[-87.137,33.687],[-87.125,33.686],[-87.075,33.684],[-87.025,33.683],[-86.975,33.681],[-86.925,33.679],[-86.875,33.677],[-86.825,33.675],[-86.821,33.675],[-86.775,33.672],[-86.725,33.669],[-86.675,33.664],[-86.625,33.659],[-86.575,33.653],[-86.525,33.647],[-86.475,33.64],[-86.425,33.633],[-86.375,33.626],[-86.37,33.625],[-86.325,33.618],[-86.275,33.609],[-86.225,33.601],[-86.175,33.591],[-86.125,33.582],[-86.092,33.575],[-86.075,33.571],[-86.025,33.56],[-85.975,33.549],[-85.925,33.536],[-85.885,33.525],[-85.875,33.522],[-85.825,33.507],[-85.775,33.491],[-85.727,33.475],[-85.725,33.474],[-85.675,33.457],[-85.625,33.439],[-85.586,33.425],[-85.575,33.421],[-85.525,33.403],[-85.475,33.385],[-85.448,33.375],[-85.425,33.367],[-85.375,33.349],[-85.325,33.332],[-85.305,33.325],[-85.275,33.315],[-85.225,33.299],[-85.175,33.283],[-85.148,33.275],[-85.125,33.268],[-85.075,33.254],[-85.025,33.241],[-84.981,33.231]]]}},{"type":"Feature","properties":{"date":"2021-04-01","label":"1 Apr","yday":91,"tier":"day","major":false},"geometry":{"type":"MultiLineString","coordinates":[[[-82.425,33.691],[-82.375,33.696],[-82.325,33.702],[-82.275,33.708],[-82.225,33.714],[-82.175,33.72],[-82.138,33.725],[-82.125,33.727],[-82.075,33.733],[-82.025,33.739],[-81.975,33.746],[-81.925,33.753],[-81.875,33.76],[-81.825,33.767],[-81.775,33.774],[-81.77,33.775],[-81.725,33.782],[-81.675,33.789],[-81.625,33.798],[-81.575,33.806],[-81.525,33.815],[-81.475,33.824],[-81.467,33.825],[-81.425,33.833],[-81.375,33.842],[-81.325,33.852],[-81.275,33.861],[-81.225,33.87],[-81.199,33.875],[-81.175,33.879],[-81.125,33.887],[-81.075,33.894],[-81.025,33.9],[-80.975,33.904],[-80.925,33.907],[-80.875,33.908],[-80.825,33.907],[-80.775,33.905],[-80.725,33.902],[-80.675,33.898],[-80.625,33.892],[-80.575,33.886],[-80.525,33.878],[-80.506,33.875],[-80.475,33.869],[-80.425,33.859],[-80.375,33.848],[-80.325,33.835],[-80.287,33.825],[-80.275,33.822],[-80.225,33.807],[-80.175,33.792],[-80.125,33.776],[-80.123,33.775],[-80.075,33.759],[-80.025,33.742],[-79.979,33.725],[-79.975,33.724],[-79.925,33.706],[-79.875,33.688],[-79.835,33.675],[-79.825,33.672],[-79.775,33.656],[-79.725,33.641],[-79.675,33.626],[-79.673,33.625],[-79.625,33.61],[-79.575,33.595],[-79.525,33.579],[-79.511,33.575],[-79.475,33.564],[-79.425,33.549],[-79.375,33.533],[-79.349,33.525],[-79.325,33.518],[-79.275,33.503],[-79.225,33.488],[-79.182,33.475],[-79.175,33.473],[-79.138,33.462]],[[-87.343,33.843],[-87.325,33.841],[-87.275,33.837],[-87.225,33.833],[-87.175,33.83],[-87.125,33.827],[-87.081,33.825],[-87.075,33.825],[-87.025,33.822],[-86.975,33.82],[-86.925,33.817],[-86.875,33.814],[-86.825,33.811],[-86.775,33.808],[-86.725,33.804],[-86.675,33.8],[-86.625,33.795],[-86.575,33.79],[-86.525,33.785],[-86.475,33.779],[-86.447,33.775],[-86.425,33.772],[-86.375,33.765],[-86.325,33.758],[-86.275,33.75],[-86.225,33.741],[-86.175,33.733],[-86.134,33.725],[-86.125,33.723],[-86.075,33.713],[-86.025,33.702],[-85.975,33.691],[-85.925,33.679],[-85.911,33.675],[-85.875,33.665],[-85.825,33.651],[-85.775,33.635],[-85.746,33.625],[-85.725,33.618],[-85.675,33.6],[-85.625,33.581],[-85.609,33.575],[-85.575,33.562],[-85.525,33.543],[-85.481,33.525],[-85.475,33.523],[-85.425,33.503],[-85.375,33.484],[-85.353,33.475],[-85.325,33.464],[-85.275,33.445],[-85.225,33.427],[-85.219,33.425],[-85.175,33.409],[-85.125,33.392],[-85.075,33.376]]]}},{"type":"Feature","properties":{"date":"2021-04-02","label":"2 Apr","yday":92,"tier":"day","major":false},"geometry":{"type":"MultiLineString","coordinates":[[[-82.365,33.785],[-82.325,33.789],[-82.275,33.794],[-82.225,33.8],[-82.175,33.806],[-82.125,33.812],[-82.075,33.818],[-82.025,33.824],[-82.018,33.825],[-81.975,33.831],[-81.925,33.838],[-81.875,33.845],[-81.825,33.852],[-81.775,33.86],[-81.725,33.868],[-81.687,33.875],[-81.675,33.877],[-81.625,33.886],[-81.575,33.895],[-81.525,33.905],[-81.475,33.915],[-81.428,33.925],[-81.425,33.926],[-81.375,33.936],[-81.325,33.947],[-81.275,33.958],[-81.225,33.968],[-81.191,33.975],[-81.175,33.978],[-81.125,33.987],[-81.075,33.995],[-81.025,34.002],[-80.975,34.007],[-80.925,34.01],[-80.875,34.012],[-80.825,34.013],[-80.775,34.013],[-80.725,34.011],[-80.675,34.009],[-80.625,34.006],[-80.575,34.002],[-80.525,33.997],[-80.475,33.991],[-80.425,33.984],[-80.375,33.976],[-80.37,33.975],[-80.325,33.967],[-80.275,33.956],[-80.225,33.946],[-80.175,33.935],[-80.135,33.925],[-80.125,33.923],[-80.075,33.91],[-80.025,33.896],[-79.975,33.882],[-79.95,33.875],[-79.925,33.867],[-79.875,33.852],[-79.825,33.837],[-79.787,33.825],[-79.775,33.821],[-79.725,33.806],[-79.675,33.79],[-79.626,33.775],[-79.625,33.775],[-79.575,33.759],[-79.525,33.743],[-79.475,33.726],[-79.471,33.725],[-79.425,33.71],[-79.375,33.693],[-79.325,33.677],[-79.32,33.675],[-79.275,33.661],[-79.225,33.645],[-79.175,33.629],[-79.163,33.625],[-79.125,33.614],[-79.075,33.599],[-79.025,33.585],[-79.017,33.583]],[[-86.625,33.929],[-86.586,33.925],[-86.575,33.924],[-86.525,33.919],[-86.475,33.913],[-86.425,33.907],[-86.375,33.901],[-86.325,33.894],[-86.275,33.887],[-86.225,33.879],[-86.2,33.875],[-86.175,33.871],[-86.125,33.862],[-86.075,33.852],[-86.025,33.842],[-85.975,33.831],[-85.951,33.825],[-85.925,33.819],[-85.875,33.806],[-85.825,33.792],[-85.775,33.777],[-85.77,33.775],[-85.725,33.76],[-85.675,33.743],[-85.626,33.725],[-85.625,33.724],[-85.575,33.705],[-85.525,33.685],[-85.5,33.675],[-85.475,33.665],[-85.425,33.644],[-85.38,33.625],[-85.375,33.623],[-85.325,33.602],[-85.275,33.581],[-85.26,33.575],[-85.225,33.561],[-85.175,33.541],[-85.133,33.525],[-85.125,33.522],[-85.075,33.504],[-85.054,33.496]],[[-87.425,33.998],[-87.375,33.991],[-87.325,33.986],[-87.275,33.98],[-87.225,33.976],[-87.218,33.975],[-87.175,33.971],[-87.125,33.967],[-87.075,33.963],[-87.025,33.96],[-86.975,33.956],[-86.925,33.953],[-86.901,33.951]]]}},{"type":"Feature","properties":{"date":"2021-04-03","label":"3 Apr","yday":93,"tier":"day","major":false},"geometry":{"type":"MultiLineString","coordinates":[[[-82.325,33.875],[-82.275,33.88],[-82.225,33.885],[-82.175,33.89],[-82.125,33.896],[-82.075,33.902],[-82.025,33.908],[-81.975,33.914],[-81.925,33.922],[-81.902,33.925],[-81.875,33.929],[-81.825,33.937],[-81.775,33.945],[-81.725,33.954],[-81.675,33.963],[-81.625,33.973],[-81.614,33.975],[-81.575,33.983],[-81.525,33.993],[-81.475,34.004],[-81.425,34.016],[-81.384,34.025],[-81.375,34.027],[-81.325,34.039],[-81.275,34.05],[-81.225,34.061],[-81.175,34.071],[-81.155,34.075],[-81.125,34.081],[-81.075,34.089],[-81.025,34.096],[-80.975,34.102],[-80.925,34.107],[-80.875,34.11],[-80.825,34.112],[-80.775,34.113],[-80.725,34.113],[-80.675,34.113],[-80.625,34.111],[-80.575,34.109],[-80.525,34.106],[-80.475,34.103],[-80.425,34.099],[-80.375,34.094],[-80.325,34.089],[-80.275,34.083],[-80.225,34.076],[-80.215,34.075],[-80.175,34.069],[-80.125,34.062],[-80.075,34.055],[-80.025,34.048],[-79.975,34.04],[-79.925,34.032],[-79.885,34.025],[-79.875,34.023],[-79.825,34.014],[-79.775,34.003],[-79.725,33.991],[-79.675,33.977],[-79.667,33.975],[-79.625,33.963],[-79.575,33.947],[-79.525,33.931],[-79.506,33.925],[-79.475,33.915],[-79.425,33.898],[-79.375,33.88],[-79.359,33.875],[-79.325,33.863],[-79.275,33.846],[-79.225,33.828],[-79.215,33.825],[-79.175,33.812],[-79.125,33.795],[-79.075,33.779],[-79.062,33.775],[-79.025,33.764],[-78.975,33.75],[-78.925,33.736],[-78.88,33.725],[-78.876,33.724]],[[-87.246,34.125],[-87.225,34.122],[-87.175,34.116],[-87.165,34.115]],[[-86.775,34.076],[-86.766,34.075],[-86.725,34.071],[-86.675,34.067],[-86.625,34.062],[-86.575,34.057],[-86.525,34.052],[-86.475,34.047],[-86.425,34.042],[-86.375,34.036],[-86.325,34.03],[-86.289,34.025],[-86.275,34.023],[-86.225,34.016],[-86.175,34.009],[-86.125,34.0],[-86.075,33.992],[-86.025,33.982],[-85.991,33.975],[-85.975,33.972],[-85.925,33.96],[-85.875,33.948],[-85.825,33.935],[-85.791,33.925],[-85.775,33.92],[-85.725,33.905],[-85.675,33.888],[-85.637,33.875],[-85.625,33.871],[-85.575,33.852],[-85.525,33.832],[-85.508,33.825],[-85.475,33.812],[-85.425,33.79],[-85.39,33.775],[-85.375,33.768],[-85.325,33.746],[-85.278,33.725],[-85.275,33.724],[-85.225,33.702],[-85.175,33.68],[-85.164,33.675],[-85.125,33.659],[-85.075,33.638],[-85.041,33.625],[-85.025,33.619],[-84.993,33.607]]]}},{"type":"Feature","properties":{"date":"2021-04-04","label":"4 Apr","yday":94,"tier":"day","major":false},"geometry":{"type":"MultiLineString","coordinates":[[[-82.231,33.969],[-82.225,33.97],[-82.175,33.975],[-82.172,33.975],[-82.125,33.98],[-82.075,33.986],[-82.025,33.992],[-81.975,33.998],[-81.925,34.005],[-81.875,34.013],[-81.825,34.021],[-81.802,34.025],[-81.775,34.03],[-81.725,34.039],[-81.675,34.049],[-81.625,34.059],[-81.575,34.07],[-81.551,34.075],[-81.525,34.081],[-81.475,34.093],[-81.425,34.105],[-81.375,34.117],[-81.34,34.125],[-81.325,34.129],[-81.275,34.14],[-81.225,34.152],[-81.175,34.162],[-81.125,34.172],[-81.109,34.175]],[[-78.372,33.972],[-78.354,33.975],[-78.325,33.98],[-78.275,33.988],[-78.225,33.998],[-78.175,34.009],[-78.125,34.023],[-78.117,34.025],[-78.075,34.04],[-78.025,34.059],[-77.981,34.075],[-77.975,34.077],[-77.972,34.078]],[[-85.859,34.091],[-85.825,34.082],[-85.797,34.075],[-85.775,34.069],[-85.725,34.055],[-85.675,34.04],[-85.631,34.025],[-85.625,34.023],[-85.575,34.005],[-85.525,33.986],[-85.498,33.975],[-85.475,33.966],[-85.425,33.945],[-85.381,33.925],[-85.375,33.922],[-85.325,33.899],[-85.275,33.876],[-85.274,33.875],[-85.225,33.852],[-85.175,33.828],[-85.169,33.825],[-85.125,33.804],[-85.075,33.781],[-85.061,33.775],[-85.025,33.759],[-84.975,33.738],[-84.943,33.725],[-84.93,33.72]],[[-81.009,34.191],[-80.975,34.195],[-80.925,34.201],[-80.875,34.205],[-80.825,34.209],[-80.775,34.211],[-80.725,34.213],[-80.675,34.213],[-80.625,34.213],[-80.575,34.213],[-80.525,34.212],[-80.475,34.211],[-80.425,34.209],[-80.375,34.207],[-80.325,34.205],[-80.275,34.202],[-80.225,34.199],[-80.175,34.197],[-80.125,34.194],[-80.075,34.191],[-80.025,34.189],[-79.975,34.187],[-79.925,34.185],[-79.875,34.184],[-79.825,34.182],[-79.775,34.179],[-79.725,34.176],[-79.721,34.175],[-79.675,34.168],[-79.625,34.159],[-79.575,34.149],[-79.525,34.137],[-79.478,34.125],[-79.475,34.124],[-79.425,34.111],[-79.375,34.098],[-79.325,34.084],[-79.288,34.075],[-79.275,34.072],[-79.225,34.059],[-79.175,34.047],[-79.125,34.034],[-79.088,34.025],[-79.075,34.022],[-79.025,34.01],[-78.975,33.998],[-78.925,33.987],[-78.875,33.976],[-78.869,33.975],[-78.825,33.967],[-78.775,33.959],[-78.725,33.953],[-78.675,33.95],[-78.625,33.95],[-78.575,33.952],[-78.525,33.955],[-78.475,33.96],[-78.425,33.965],[-78.378,33.972]]]}},{"type":"Feature","properties":{"date":"2021-04-05","label":"5 Apr","yday":95,"tier":"five","major":false},"geometry":{"type":"MultiLineString","coordinates":[[[-82.136,34.064],[-82.125,34.065],[-82.075,34.071],[-82.039,34.075],[-82.025,34.077],[-81.975,34.083],[-81.925,34.091],[-81.875,34.098],[-81.852,34.102]],[[-81.575,34.157],[-81.525,34.169],[-81.5,34.175]],[[-85.696,34.204],[-85.675,34.198],[-85.625,34.183],[-85.599,34.175],[-85.575,34.167],[-85.525,34.149],[-85.475,34.13],[-85.462,34.125],[-85.425,34.11],[-85.375,34.088],[-85.347,34.075],[-85.325,34.065],[-85.275,34.04],[-85.245,34.025],[-85.225,34.015],[-85.175,33.989],[-85.148,33.975],[-85.125,33.963],[-85.075,33.937],[-85.052,33.925],[-85.025,33.912],[-84.975,33.887],[-84.951,33.875],[-84.925,33.863],[-84.875,33.841],[-84.837,33.825],[-84.825,33.82],[-84.775,33.802],[-84.755,33.795]],[[-80.902,34.298],[-80.875,34.301],[-80.825,34.306],[-80.775,34.309],[-80.725,34.312],[-80.675,34.314],[-80.625,34.316],[-80.575,34.317],[-80.525,34.318],[-80.475,34.319],[-80.425,34.319],[-80.375,34.319],[-80.325,34.319],[-80.275,34.319],[-80.225,34.319],[-80.175,34.319],[-80.125,34.319],[-80.075,34.32],[-80.025,34.321],[-79.975,34.323],[-79.934,34.325],[-79.925,34.325],[-79.875,34.328],[-79.825,34.33],[-79.775,34.332],[-79.725,34.334],[-79.675,34.335],[-79.625,34.335],[-79.575,34.334],[-79.525,34.332],[-79.475,34.33],[-79.425,34.328],[-79.375,34.325],[-79.37,34.325],[-79.325,34.323],[-79.275,34.321],[-79.225,34.32],[-79.175,34.32],[-79.125,34.321],[-79.075,34.322],[-79.025,34.324],[-79.016,34.325],[-78.975,34.328],[-78.925,34.332],[-78.875,34.337],[-78.825,34.342],[-78.775,34.348],[-78.725,34.354],[-78.675,34.359],[-78.625,34.365],[-78.575,34.37],[-78.539,34.375],[-78.525,34.377],[-78.475,34.383],[-78.425,34.391],[-78.375,34.399],[-78.325,34.408],[-78.275,34.417],[-78.232,34.425],[-78.225,34.426],[-78.175,34.435],[-78.125,34.443],[-78.075,34.449],[-78.025,34.455],[-77.975,34.459],[-77.925,34.461],[-77.875,34.46],[-77.825,34.458],[-77.775,34.453],[-77.725,34.447],[-77.675,34.439],[-77.625,34.43],[-77.621,34.429]]]}},{"type":"Feature","properties":{"date":"2021-04-06","label":"6 Apr","yday":96,"tier":"day","major":false},"geometry":{"type":"MultiLineString","coordinates":[[[-85.416,34.284],[-85.394,34.275],[-85.375,34.267],[-85.325,34.245],[-85.282,34.225],[-85.275,34.222],[-85.225,34.196],[-85.186,34.175],[-85.175,34.169],[-85.125,34.141],[-85.097,34.125],[-85.075,34.112],[-85.025,34.083],[-85.012,34.075],[-84.975,34.054],[-84.925,34.025],[-84.924,34.025],[-84.875,33.998],[-84.832,33.975],[-84.825,33.972],[-84.775,33.948],[-84.725,33.926],[-84.723,33.925],[-84.675,33.907],[-84.625,33.891],[-84.613,33.887]],[[-80.736,34.414],[-80.725,34.415],[-80.675,34.419],[-80.625,34.422],[-80.575,34.425],[-80.57,34.425],[-80.525,34.427],[-80.475,34.43],[-80.425,34.432],[-80.375,34.434],[-80.325,34.436],[-80.275,34.438],[-80.225,34.44],[-80.175,34.442],[-80.125,34.444],[-80.075,34.448],[-80.025,34.452],[-79.975,34.456],[-79.925,34.461],[-79.875,34.466],[-79.825,34.473],[-79.806,34.475],[-79.775,34.479],[-79.725,34.486],[-79.675,34.492],[-79.625,34.499],[-79.575,34.506],[-79.525,34.513],[-79.475,34.52],[-79.443,34.525],[-79.425,34.528],[-79.375,34.535],[-79.325,34.543],[-79.275,34.551],[-79.225,34.559],[-79.175,34.567],[-79.125,34.575],[-79.123,34.575],[-79.075,34.583],[-79.025,34.59],[-78.975,34.598],[-78.925,34.606],[-78.875,34.613],[-78.825,34.621],[-78.797,34.625],[-78.775,34.628],[-78.725,34.635],[-78.675,34.641],[-78.625,34.647],[-78.575,34.653],[-78.525,34.659],[-78.475,34.665],[-78.425,34.671],[-78.386,34.675],[-78.375,34.676],[-78.325,34.681],[-78.275,34.686],[-78.225,34.69],[-78.175,34.694],[-78.125,34.697],[-78.075,34.699],[-78.025,34.701],[-77.975,34.701],[-77.925,34.701],[-77.875,34.7],[-77.825,34.697],[-77.775,34.694],[-77.725,34.69],[-77.675,34.685],[-77.625,34.679],[-77.598,34.675],[-77.575,34.672],[-77.525,34.664],[-77.475,34.655],[-77.425,34.645]],[[-77.325,34.62],[-77.29,34.61]]]}},{"type":"Feature","properties":{"date":"2021-04-07","label":"7 Apr","yday":97,"tier":"day","major":false},"geometry":{"type":"MultiLineString","coordinates":[[[-85.098,34.325],[-85.075,34.311],[-85.025,34.279],[-85.018,34.275],[-84.975,34.247],[-84.942,34.225],[-84.925,34.214],[-84.875,34.182],[-84.865,34.175],[-84.825,34.15],[-84.785,34.125],[-84.775,34.119],[-84.725,34.09],[-84.697,34.075],[-84.675,34.064],[-84.625,34.04],[-84.587,34.025],[-84.575,34.02],[-84.54,34.01]],[[-80.675,34.528],[-80.625,34.532],[-80.575,34.537],[-80.525,34.541],[-80.475,34.545],[-80.425,34.548],[-80.375,34.552],[-80.325,34.555],[-80.275,34.559],[-80.225,34.563],[-80.175,34.567],[-80.125,34.572],[-80.099,34.575],[-80.075,34.578],[-80.025,34.584],[-79.975,34.59],[-79.925,34.598],[-79.875,34.606],[-79.825,34.615],[-79.775,34.625],[-79.774,34.625],[-79.725,34.635],[-79.675,34.646],[-79.625,34.657],[-79.575,34.669],[-79.55,34.675],[-79.525,34.681],[-79.475,34.694],[-79.425,34.707],[-79.375,34.72],[-79.354,34.725],[-79.325,34.732],[-79.275,34.744],[-79.225,34.755],[-79.175,34.765],[-79.131,34.775],[-79.125,34.776],[-79.075,34.786],[-79.025,34.796],[-78.975,34.806],[-78.925,34.815],[-78.875,34.824],[-78.871,34.825],[-78.825,34.833],[-78.775,34.84],[-78.725,34.847],[-78.675,34.854],[-78.625,34.86],[-78.575,34.866],[-78.525,34.872],[-78.492,34.875],[-78.475,34.877],[-78.425,34.881],[-78.375,34.885],[-78.325,34.889],[-78.275,34.893],[-78.225,34.897],[-78.175,34.9],[-78.125,34.903],[-78.075,34.906],[-78.025,34.908],[-77.975,34.909],[-77.925,34.91],[-77.875,34.91],[-77.825,34.91],[-77.775,34.909],[-77.725,34.908],[-77.675,34.906],[-77.625,34.903],[-77.575,34.9],[-77.525,34.897],[-77.475,34.893],[-77.425,34.888],[-77.375,34.882],[-77.328,34.875],[-77.325,34.874],[-77.275,34.865],[-77.225,34.854],[-77.175,34.84],[-77.125,34.825],[-77.125,34.825],[-77.075,34.807],[-77.025,34.788],[-76.993,34.775],[-76.975,34.767],[-76.925,34.746],[-76.911,34.739]]]}},{"type":"Feature","properties":{"date":"2021-04-08","label":"8 Apr","yday":98,"tier":"day","major":false},"geometry":{"type":"MultiLineString","coordinates":[[[-80.625,34.648],[-80.575,34.654],[-80.525,34.659],[-80.475,34.664],[-80.425,34.668],[-80.375,34.673],[-80.356,34.675],[-80.325,34.678],[-80.275,34.683],[-80.225,34.689],[-80.175,34.694],[-80.125,34.701],[-80.075,34.708],[-80.025,34.716],[-79.975,34.724],[-79.97,34.725],[-79.925,34.733],[-79.875,34.743],[-79.825,34.754],[-79.775,34.765],[-79.736,34.775],[-79.725,34.778],[-79.675,34.79],[-79.625,34.804],[-79.575,34.818],[-79.55,34.825],[-79.525,34.832],[-79.475,34.846],[-79.425,34.861],[-79.377,34.875],[-79.375,34.875],[-79.325,34.889],[-79.275,34.902],[-79.225,34.915],[-79.188,34.925],[-79.175,34.928],[-79.125,34.941],[-79.075,34.953],[-79.025,34.965],[-78.98,34.975],[-78.975,34.976],[-78.925,34.986],[-78.875,34.996],[-78.825,35.005],[-78.775,35.014],[-78.725,35.022],[-78.702,35.025],[-78.675,35.029],[-78.625,35.035],[-78.575,35.041],[-78.525,35.046],[-78.475,35.051],[-78.425,35.056],[-78.375,35.06],[-78.325,35.065],[-78.275,35.069],[-78.225,35.073],[-78.203,35.075],[-78.175,35.077],[-78.125,35.081],[-78.075,35.084],[-78.025,35.088],[-77.975,35.091],[-77.925,35.094],[-77.875,35.097],[-77.825,35.1],[-77.775,35.103],[-77.725,35.106],[-77.675,35.108],[-77.625,35.11],[-77.575,35.112],[-77.525,35.113],[-77.475,35.114],[-77.425,35.114],[-77.375,35.114],[-77.325,35.112],[-77.275,35.109],[-77.225,35.104],[-77.175,35.098],[-77.125,35.09],[-77.075,35.08],[-77.055,35.075],[-77.025,35.067],[-76.993,35.057]],[[-76.682,34.918],[-76.675,34.914],[-76.625,34.889],[-76.596,34.875],[-76.575,34.865],[-76.525,34.842],[-76.488,34.825],[-76.479,34.821]]]}},{"type":"Feature","properties":{"date":"2021-04-09","label":"9 Apr","yday":99,"tier":"day","major":false},"geometry":{"type":"MultiLineString","coordinates":[[[-80.237,34.813],[-80.225,34.815],[-80.175,34.821],[-80.15,34.825],[-80.125,34.829],[-80.075,34.836],[-80.025,34.845],[-79.975,34.854],[-79.925,34.865],[-79.878,34.875],[-79.875,34.876],[-79.825,34.887],[-79.775,34.899],[-79.725,34.912],[-79.677,34.925],[-79.675,34.926],[-79.625,34.939],[-79.575,34.953],[-79.525,34.967],[-79.5,34.975],[-79.475,34.982],[-79.425,34.997],[-79.375,35.012],[-79.332,35.025],[-79.325,35.027],[-79.275,35.041],[-79.225,35.056],[-79.175,35.07],[-79.156,35.075],[-79.125,35.083],[-79.075,35.096],[-79.025,35.109],[-78.975,35.121],[-78.959,35.125],[-78.925,35.132],[-78.875,35.142],[-78.825,35.152],[-78.775,35.161],[-78.725,35.169],[-78.685,35.175],[-78.675,35.176],[-78.625,35.183],[-78.575,35.189],[-78.525,35.195],[-78.475,35.2],[-78.425,35.206],[-78.375,35.211],[-78.325,35.216],[-78.275,35.22],[-78.226,35.225],[-78.225,35.225],[-78.175,35.23],[-78.125,35.234],[-78.075,35.239],[-78.025,35.244],[-77.975,35.249],[-77.925,35.254],[-77.875,35.259],[-77.825,35.265],[-77.775,35.27],[-77.736,35.275],[-77.725,35.276],[-77.675,35.282],[-77.625,35.287],[-77.575,35.293],[-77.525,35.298],[-77.475,35.303],[-77.425,35.307],[-77.375,35.311],[-77.325,35.314],[-77.275,35.317],[-77.225,35.318],[-77.175,35.318],[-77.125,35.316],[-77.075,35.313],[-77.025,35.308],[-76.975,35.301],[-76.925,35.291],[-76.875,35.279],[-76.86,35.275],[-76.825,35.265],[-76.775,35.247]]]}},{"type":"Feature","properties":{"date":"2021-04-10","label":"10 Apr","yday":100,"tier":"five","major":false},"geometry":{"type":"MultiLineString","coordinates":[[[-80.125,34.954],[-80.075,34.962],[-80.025,34.972],[-80.007,34.975],[-79.975,34.981],[-79.925,34.992],[-79.875,35.003],[-79.825,35.015],[-79.786,35.025],[-79.775,35.028],[-79.725,35.04],[-79.675,35.054],[-79.625,35.067],[-79.598,35.075],[-79.575,35.081],[-79.525,35.096],[-79.475,35.11],[-79.427,35.125],[-79.425,35.126],[-79.375,35.14],[-79.325,35.155],[-79.275,35.169],[-79.254,35.175],[-79.225,35.183],[-79.175,35.196],[-79.125,35.21],[-79.075,35.223],[-79.065,35.225],[-79.025,35.235],[-78.975,35.246],[-78.925,35.258],[-78.875,35.268],[-78.843,35.275],[-78.825,35.279],[-78.775,35.288],[-78.725,35.297],[-78.675,35.304],[-78.625,35.312],[-78.575,35.318],[-78.525,35.325],[-78.521,35.325],[-78.475,35.33],[-78.425,35.336],[-78.375,35.341],[-78.325,35.346],[-78.275,35.352],[-78.225,35.357],[-78.175,35.363],[-78.125,35.368],[-78.075,35.374],[-78.067,35.375],[-78.025,35.38],[-77.975,35.386],[-77.925,35.393],[-77.875,35.4],[-77.825,35.407],[-77.775,35.415],[-77.725,35.423],[-77.71,35.425],[-77.675,35.43],[-77.625,35.438],[-77.575,35.446],[-77.525,35.454],[-77.475,35.462],[-77.425,35.47],[-77.389,35.475],[-77.375,35.477],[-77.325,35.484],[-77.275,35.49],[-77.225,35.496],[-77.175,35.501],[-77.125,35.505],[-77.075,35.508],[-77.025,35.509],[-76.991,35.509]]]}},{"type":"Feature","properties":{"date":"2021-04-11","label":"11 Apr","yday":101,"tier":"day","major":false},"geometry":{"type":"MultiLineString","coordinates":[[[-80.075,35.086],[-80.025,35.095],[-79.975,35.105],[-79.925,35.116],[-79.885,35.125],[-79.875,35.127],[-79.825,35.139],[-79.775,35.151],[-79.725,35.164],[-79.684,35.175],[-79.675,35.177],[-79.625,35.191],[-79.575,35.205],[-79.525,35.219],[-79.502,35.225],[-79.475,35.233],[-79.425,35.246],[-79.375,35.26],[-79.325,35.273],[-79.319,35.275],[-79.275,35.286],[-79.225,35.299],[-79.175,35.311],[-79.125,35.324],[-79.119,35.325],[-79.075,35.336],[-79.025,35.347],[-78.975,35.359],[-78.925,35.37],[-78.902,35.375],[-78.875,35.381],[-78.825,35.391],[-78.775,35.401],[-78.725,35.41],[-78.675,35.418],[-78.626,35.425],[-78.625,35.425],[-78.575,35.432],[-78.525,35.438],[-78.475,35.445],[-78.425,35.451],[-78.375,35.457],[-78.325,35.463],[-78.275,35.469],[-78.225,35.475],[-78.222,35.475],[-78.175,35.481],[-78.125,35.487],[-78.075,35.494],[-78.025,35.501],[-77.975,35.508],[-77.925,35.516],[-77.875,35.525],[-77.872,35.525],[-77.825,35.533],[-77.775,35.542],[-77.725,35.551],[-77.675,35.56],[-77.625,35.57],[-77.597,35.575],[-77.575,35.579],[-77.525,35.589],[-77.475,35.598],[-77.425,35.608],[-77.375,35.618],[-77.337,35.625],[-77.325,35.627],[-77.275,35.636],[-77.225,35.644],[-77.175,35.652],[-77.125,35.66],[-77.075,35.667],[-77.025,35.673],[-77.009,35.675],[-76.975,35.679],[-76.925,35.683],[-76.875,35.686],[-76.825,35.687],[-76.775,35.687],[-76.725,35.685],[-76.716,35.684]]]}},{"type":"Feature","properties":{"date":"2021-04-12","label":"12 Apr","yday":102,"tier":"day","major":false},"geometry":{"type":"MultiLineString","coordinates":[[[-80.125,35.199],[-80.075,35.207],[-80.025,35.216],[-79.981,35.225],[-79.975,35.226],[-79.925,35.237],[-79.875,35.248],[-79.825,35.259],[-79.775,35.271],[-79.761,35.275],[-79.725,35.284],[-79.675,35.296],[-79.625,35.309],[-79.575,35.322],[-79.562,35.325],[-79.525,35.334],[-79.475,35.347],[-79.425,35.359],[-79.375,35.371],[-79.359,35.375],[-79.325,35.383],[-79.275,35.395],[-79.225,35.406],[-79.175,35.417],[-79.142,35.425],[-79.125,35.429],[-79.075,35.44],[-79.025,35.451],[-78.975,35.462],[-78.925,35.473],[-78.916,35.475],[-78.875,35.484],[-78.825,35.494],[-78.775,35.503],[-78.725,35.512],[-78.675,35.52],[-78.642,35.525],[-78.625,35.528],[-78.575,35.535],[-78.525,35.541],[-78.475,35.548],[-78.425,35.554],[-78.375,35.561],[-78.325,35.567],[-78.275,35.574],[-78.265,35.575],[-78.225,35.58],[-78.175,35.587],[-78.125,35.594],[-78.075,35.602],[-78.025,35.61],[-77.975,35.619],[-77.941,35.625],[-77.925,35.628],[-77.875,35.637],[-77.825,35.646],[-77.775,35.656],[-77.725,35.666],[-77.68,35.675],[-77.675,35.676],[-77.625,35.686],[-77.575,35.697],[-77.525,35.707],[-77.475,35.718],[-77.444,35.725],[-77.425,35.729],[-77.375,35.74],[-77.325,35.751],[-77.275,35.761],[-77.225,35.772],[-77.213,35.775],[-77.175,35.783],[-77.125,35.794],[-77.075,35.804],[-77.025,35.815],[-76.977,35.825],[-76.975,35.825],[-76.925,35.835],[-76.875,35.844],[-76.825,35.853],[-76.775,35.86],[-76.725,35.866],[-76.675,35.87],[-76.625,35.872],[-76.575,35.87]]]}},{"type":"Feature","properties":{"date":"2021-04-13","label":"13 Apr","yday":103,"tier":"day","major":false},"geometry":{"type":"MultiLineString","coordinates":[[[-80.125,35.317],[-80.076,35.325],[-80.075,35.325],[-80.025,35.334],[-79.975,35.344],[-79.95,35.35]],[[-79.759,35.391],[-79.725,35.399],[-79.675,35.41],[-79.625,35.422],[-79.611,35.425]],[[-79.31,35.49],[-79.275,35.497],[-79.225,35.507],[-79.175,35.518],[-79.14,35.525]],[[-78.925,35.57],[-78.901,35.575],[-78.875,35.58],[-78.825,35.59],[-78.775,35.599],[-78.725,35.607],[-78.675,35.615],[-78.625,35.623],[-78.608,35.625],[-78.575,35.63],[-78.525,35.636],[-78.475,35.643],[-78.447,35.647]],[[-78.339,35.661],[-78.325,35.663],[-78.275,35.67],[-78.24,35.675],[-78.225,35.677],[-78.175,35.685],[-78.125,35.693],[-78.075,35.702],[-78.025,35.711],[-77.975,35.721],[-77.953,35.725],[-77.925,35.731],[-77.875,35.74],[-77.825,35.75],[-77.775,35.761],[-77.725,35.771],[-77.706,35.775],[-77.675,35.782],[-77.625,35.792],[-77.575,35.803],[-77.525,35.815],[-77.482,35.825],[-77.475,35.827],[-77.425,35.838],[-77.375,35.851],[-77.325,35.863],[-77.28,35.875],[-77.275,35.876],[-77.225,35.889],[-77.175,35.903],[-77.125,35.916],[-77.094,35.925],[-77.075,35.93],[-77.025,35.945],[-76.975,35.959],[-76.925,35.973],[-76.919,35.975],[-76.875,35.987],[-76.825,36.001],[-76.775,36.014],[-76.732,36.025],[-76.726,36.026]],[[-75.975,35.823],[-75.925,35.79],[-75.902,35.775],[-75.875,35.758],[-75.855,35.745]],[[-76.598,36.048],[-76.575,36.051]]]}},{"type":"Feature","properties":{"date":"2021-04-14","label":"14 Apr","yday":104,"tier":"day","major":false},"geometry":{"type":"MultiLineString","coordinates":[[[-78.875,35.673],[-78.863,35.675],[-78.825,35.682],[-78.775,35.69],[-78.725,35.698],[-78.702,35.702]],[[-78.112,35.788],[-78.075,35.795],[-78.025,35.805],[-77.975,35.815],[-77.931,35.825],[-77.925,35.826],[-77.875,35.837],[-77.825,35.847],[-77.775,35.858],[-77.725,35.869],[-77.696,35.875],[-77.675,35.88],[-77.625,35.891],[-77.575,35.903],[-77.525,35.915],[-77.488,35.925],[-77.475,35.928],[-77.425,35.942],[-77.375,35.955],[-77.325,35.97],[-77.307,35.975],[-77.275,35.985],[-77.225,36.0],[-77.175,36.016],[-77.148,36.025],[-77.125,36.033],[-77.075,36.05],[-77.025,36.067],[-77.003,36.075],[-76.975,36.085],[-76.925,36.103],[-76.875,36.121],[-76.863,36.125],[-76.825,36.138],[-76.775,36.155],[-76.732,36.168]],[[-76.721,36.171],[-76.706,36.175],[-76.675,36.183],[-76.625,36.195],[-76.575,36.204],[-76.542,36.208]]]}},{"type":"Feature","properties":{"date":"2021-04-15","label":"15 Apr","yday":105,"tier":"index","major":true},"geometry":{"type":"MultiLineString","coordinates":[[[-78.001,35.899],[-77.975,35.904],[-77.925,35.916],[-77.884,35.925],[-77.875,35.927],[-77.825,35.938],[-77.775,35.949],[-77.725,35.961],[-77.675,35.973],[-77.667,35.975],[-77.625,35.985],[-77.575,35.998],[-77.525,36.012],[-77.48,36.025],[-77.475,36.026],[-77.425,36.041],[-77.375,36.057],[-77.325,36.073],[-77.32,36.075],[-77.275,36.09],[-77.225,36.108],[-77.179,36.125],[-77.175,36.127],[-77.125,36.146],[-77.075,36.166],[-77.053,36.175],[-77.025,36.187],[-76.975,36.208],[-76.934,36.225],[-76.925,36.229],[-76.875,36.25],[-76.825,36.27],[-76.813,36.275],[-76.775,36.29],[-76.725,36.307],[-76.677,36.323]],[[-76.674,36.324],[-76.67,36.325],[-76.625,36.338],[-76.575,36.35],[-76.525,36.36],[-76.475,36.368]]]}},{"type":"Feature","properties":{"date":"2021-04-16","label":"16 Apr","yday":106,"tier":"day","major":false},"geometry":{"type":"MultiLineString","coordinates":[[[-77.889,36.011],[-77.875,36.014],[-77.829,36.025],[-77.825,36.026],[-77.775,36.038],[-77.725,36.051],[-77.675,36.064],[-77.635,36.075],[-77.625,36.078],[-77.575,36.092],[-77.525,36.108],[-77.475,36.124],[-77.471,36.125],[-77.425,36.141],[-77.375,36.159],[-77.33,36.175],[-77.325,36.177],[-77.275,36.197],[-77.225,36.217],[-77.205,36.225],[-77.175,36.238],[-77.125,36.26],[-77.093,36.275],[-77.075,36.284],[-77.025,36.308],[-76.991,36.325],[-76.975,36.333],[-76.925,36.357],[-76.888,36.375],[-76.875,36.381],[-76.825,36.404],[-76.776,36.425],[-76.775,36.426],[-76.725,36.446],[-76.675,36.464],[-76.643,36.475],[-76.625,36.481],[-76.575,36.496],[-76.525,36.509],[-76.475,36.519],[-76.443,36.525],[-76.425,36.528],[-76.375,36.535],[-76.364,36.536]]]}},{"type":"Feature","properties":{"date":"2021-04-17","label":"17 Apr","yday":107,"tier":"day","major":false},"geometry":{"type":"MultiLineString","coordinates":[[[-77.772,36.128],[-77.725,36.141],[-77.675,36.156],[-77.625,36.171],[-77.612,36.175],[-77.575,36.187],[-77.525,36.205],[-77.475,36.223],[-77.47,36.225],[-77.425,36.243],[-77.375,36.263],[-77.347,36.275],[-77.325,36.285],[-77.275,36.308],[-77.237,36.325],[-77.225,36.331],[-77.175,36.356],[-77.139,36.375],[-77.125,36.383],[-77.075,36.41],[-77.047,36.425],[-77.025,36.437],[-76.975,36.464],[-76.954,36.475],[-76.925,36.491],[-76.875,36.516],[-76.857,36.525],[-76.825,36.54],[-76.775,36.564],[-76.749,36.575],[-76.725,36.585],[-76.675,36.605],[-76.625,36.624],[-76.621,36.625],[-76.575,36.64],[-76.525,36.654],[-76.475,36.667],[-76.438,36.675],[-76.427,36.677]]]}},{"type":"Feature","properties":{"date":"2021-04-18","label":"18 Apr","yday":108,"tier":"day","major":false},"geometry":{"type":"MultiLineString","coordinates":[[[-77.712,36.238],[-77.675,36.25],[-77.625,36.267],[-77.603,36.275],[-77.575,36.286],[-77.525,36.307],[-77.483,36.325],[-77.475,36.329],[-77.425,36.352],[-77.377,36.375],[-77.375,36.376],[-77.325,36.402],[-77.281,36.425],[-77.275,36.428],[-77.225,36.456],[-77.192,36.475],[-77.175,36.485],[-77.125,36.514],[-77.107,36.525],[-77.075,36.544],[-77.025,36.572],[-77.02,36.575],[-76.975,36.6],[-76.929,36.625],[-76.925,36.627],[-76.875,36.653],[-76.829,36.675],[-76.825,36.677],[-76.775,36.699],[-76.725,36.72],[-76.713,36.725],[-76.675,36.739],[-76.625,36.757],[-76.611,36.761]]]}},{"type":"Feature","properties":{"date":"2021-04-19","label":"19 Apr","yday":109,"tier":"day","major":false},"geometry":{"type":"MultiLineString","coordinates":[[[-77.625,36.372],[-77.618,36.375],[-77.575,36.395],[-77.525,36.419],[-77.514,36.425],[-77.475,36.445],[-77.425,36.472],[-77.42,36.475],[-77.375,36.501],[-77.333,36.525],[-77.325,36.53],[-77.275,36.56],[-77.251,36.575],[-77.225,36.591],[-77.175,36.622],[-77.17,36.625],[-77.125,36.653],[-77.088,36.675],[-77.075,36.683],[-77.025,36.711],[-77.0,36.725],[-76.975,36.739],[-76.925,36.764],[-76.902,36.775]],[[-76.853,36.797],[-76.825,36.809],[-76.786,36.825]]]}},{"type":"Feature","properties":{"date":"2021-04-20","label":"20 Apr","yday":110,"tier":"five","major":false},"geometry":{"type":"MultiLineString","coordinates":[[[-77.669,36.469],[-77.656,36.475],[-77.625,36.491],[-77.575,36.517],[-77.56,36.525],[-77.525,36.545],[-77.475,36.574],[-77.474,36.575],[-77.425,36.605],[-77.393,36.625]]]}},{"type":"Feature","properties":{"date":"2021-04-21","label":"21 Apr","yday":111,"tier":"day","major":false},"geometry":{"type":"MultiLineString","coordinates":[[[-77.785,36.535],[-77.775,36.541],[-77.725,36.566],[-77.708,36.575],[-77.675,36.593],[-77.625,36.622],[-77.619,36.625]]]}},{"type":"Feature","properties":{"date":"2021-04-22","label":"22 Apr","yday":112,"tier":"day","major":false},"geometry":{"type":"MultiLineString","coordinates":[[[-77.875,36.619],[-77.864,36.625],[-77.825,36.646],[-77.775,36.673],[-77.772,36.675],[-77.742,36.692]]]}}]}